2026/09/30 21:20:37 board: space (0,-4) terrain_id=1
2026/09/30 21:20:37 board:   zone (0,-1) key=2779 resource_id=24 category=2 amount=500
2026/09/30 21:20:37 board:   zone (1,0) key=2932 resource_id=34 category=2 amount=2000
2026/09/30 21:20:37 board: space (1,-4) terrain_id=1
2026/09/30 21:20:37 board:   zone (1,-1) key=7035 resource_id=1 category=1 amount=250
2026/09/30 21:20:37 board:   zone (-1,1) key=7276 resource_id=33 category=2 amount=1600
2026/09/30 21:20:37 board: space (2,-4) terrain_id=1
2026/09/30 21:20:37 board: space (3,-4) terrain_id=51
2026/09/30 21:20:37 board:   zone (-1,1) key=22594 resource_id=36 category=2 amount=1800
2026/09/30 21:20:37 board: space (4,-4) terrain_id=10
2026/09/30 21:20:37 board:   zone (0,-1) key=33415 resource_id=21 category=2 amount=500
2026/09/30 21:20:37 board:   zone (1,0) key=33936 resource_id=1 category=1 amount=250
2026/09/30 21:20:37 board:   zone (-1,1) key=36601 resource_id=22 category=2 amount=300
2026/09/30 21:20:37 board: space (-1,-3) terrain_id=1
2026/09/30 21:20:37 board:   zone (-1,0) key=1487 resource_id=25 category=2 amount=350
2026/09/30 21:20:37 board:   zone (-1,1) key=2362 resource_id=26 category=2 amount=450
2026/09/30 21:20:37 board:   zone (0,1) key=1963 resource_id=2 category=1 amount=150
2026/09/30 21:20:37 board: space (0,-3) terrain_id=1
2026/09/30 21:20:37 board:   zone (0,-1) key=994 resource_id=23 category=2 amount=400
2026/09/30 21:20:37 board:   zone (1,-1) key=1499 resource_id=1 category=1 amount=250
2026/09/30 21:20:37 board:   zone (-1,0) key=905 resource_id=2 category=1 amount=150
2026/09/30 21:20:37 board:   zone (-1,1) key=1612 resource_id=41 category=3 amount=100
2026/09/30 21:20:37 board:   zone (0,1) key=1285 resource_id=21 category=2 amount=500
2026/09/30 21:20:37 board: space (1,-3) terrain_id=1
2026/09/30 21:20:37 board:   zone (-1,0) key=2348 resource_id=1 category=1 amount=250
2026/09/30 21:20:37 board:   zone (1,0) key=2634 resource_id=31 category=2 amount=2000
2026/09/30 21:20:37 board:   zone (0,1) key=2936 resource_id=43 category=3 amount=400
2026/09/30 21:20:37 board: space (2,-3) terrain_id=53
2026/09/30 21:20:37 board:   zone (0,-1) key=5464 resource_id=36 category=2 amount=1800
2026/09/30 21:20:37 board: space (3,-3) terrain_id=53
2026/09/30 21:20:37 board:   zone (-1,0) key=10442 resource_id=36 category=2 amount=1800
2026/09/30 21:20:37 board:   zone (0,1) key=11638 resource_id=42 category=3 amount=250
2026/09/30 21:20:37 board: space (4,-3) terrain_id=54
2026/09/30 21:20:37 board:   zone (1,-1) key=21335 resource_id=43 category=3 amount=400
2026/09/30 21:20:37 board:   zone (1,0) key=19707 resource_id=33 category=2 amount=1600
2026/09/30 21:20:37 board: space (-2,-2) terrain_id=11
2026/09/30 21:20:37 board:   zone (-1,1) key=2096 resource_id=25 category=2 amount=350
2026/09/30 21:20:37 board: space (-1,-2) terrain_id=1
2026/09/30 21:20:37 board:   zone (1,-1) key=834 resource_id=2 category=1 amount=150
2026/09/30 21:20:37 board:   zone (-1,0) key=408 resource_id=42 category=3 amount=250
2026/09/30 21:20:37 board: space (0,-2) terrain_id=1
2026/09/30 21:20:37 board: space (1,-2) terrain_id=2
2026/09/30 21:20:37 board:   zone (1,-1) key=1289 resource_id=32 category=2 amount=1200
2026/09/30 21:20:37 board:   zone (-1,0) key=743 resource_id=33 category=2 amount=1600
2026/09/30 21:20:37 board:   zone (-1,1) key=1394 resource_id=25 category=2 amount=350
2026/09/30 21:20:37 board: space (2,-2) terrain_id=54
2026/09/30 21:20:37 board:   zone (-1,0) key=2082 resource_id=1 category=1 amount=250
2026/09/30 21:20:37 board: space (3,-2) terrain_id=51
2026/09/30 21:20:37 board:   zone (-1,0) key=4853 resource_id=25 category=2 amount=350
2026/09/30 21:20:37 board: space (4,-2) terrain_id=1
2026/09/30 21:20:37 board:   zone (-1,0) key=9872 resource_id=31 category=2 amount=2000
2026/09/30 21:20:37 board:   zone (-1,1) key=11951 resource_id=36 category=2 amount=1800
2026/09/30 21:20:37 board: space (-3,-1) terrain_id=1
2026/09/30 21:20:37 board:   zone (-1,0) key=1083 resource_id=32 category=2 amount=1200
2026/09/30 21:20:37 board: space (-2,-1) terrain_id=9
2026/09/30 21:20:37 board: space (-1,-1) terrain_id=1
2026/09/30 21:20:37 board:   zone (-1,0) key=57 resource_id=36 category=2 amount=1800
2026/09/30 21:20:37 board:   zone (1,0) key=111 resource_id=35 category=2 amount=1400
2026/09/30 21:20:37 board:   zone (0,1) key=181 resource_id=35 category=2 amount=1400
2026/09/30 21:20:37 board: space (0,-1) terrain_id=1
2026/09/30 21:20:37 board:   zone (0,-1) key=40 resource_id=22 category=2 amount=300
2026/09/30 21:20:37 board:   zone (1,-1) key=185 resource_id=42 category=3 amount=250
2026/09/30 21:20:37 board: space (1,-1) terrain_id=2
2026/09/30 21:20:37 board: space (2,-1) terrain_id=2
2026/09/30 21:20:37 board:   zone (0,-1) key=670 resource_id=22 category=2 amount=300
2026/09/30 21:20:37 board:   zone (-1,0) key=597 resource_id=21 category=2 amount=500
2026/09/30 21:20:37 board: space (3,-1) terrain_id=1
2026/09/30 21:20:37 board: space (4,-1) terrain_id=1
2026/09/30 21:20:37 board:   zone (-1,0) key=4467 resource_id=26 category=2 amount=450
2026/09/30 21:20:37 board: space (-4,0) terrain_id=1
2026/09/30 21:20:37 board: space (-3,0) terrain_id=11
2026/09/30 21:20:37 board: space (-2,0) terrain_id=11
2026/09/30 21:20:37 board:   zone (0,-1) key=140 resource_id=41 category=3 amount=100
2026/09/30 21:20:37 board: space (-1,0) terrain_id=1
2026/09/30 21:20:37 board:   zone (0,1) key=88 resource_id=24 category=2 amount=500
2026/09/30 21:20:37 board: space (0,0) terrain_id=1
2026/09/30 21:20:37 board:   zone (0,1) key=65 resource_id=2 category=1 amount=150
2026/09/30 21:20:37 board: space (1,0) terrain_id=1
2026/09/30 21:20:37 board:   zone (0,-1) key=59 resource_id=25 category=2 amount=350
2026/09/30 21:20:37 board:   zone (1,-1) key=224 resource_id=22 category=2 amount=300
2026/09/30 21:20:37 board:   zone (-1,0) key=38 resource_id=2 category=1 amount=150
2026/09/30 21:20:37 board:   zone (1,0) key=84 resource_id=1 category=1 amount=250
2026/09/30 21:20:37 board:   zone (0,1) key=146 resource_id=1 category=1 amount=250
2026/09/30 21:20:37 board: space (2,0) terrain_id=1
2026/09/30 21:20:37 board:   zone (1,0) key=357 resource_id=36 category=2 amount=1800
2026/09/30 21:20:37 board: space (3,0) terrain_id=1
2026/09/30 21:20:37 board: space (4,0) terrain_id=1
2026/09/30 21:20:37 board:   zone (1,-1) key=3755 resource_id=34 category=2 amount=2000
2026/09/30 21:20:37 board:   zone (1,0) key=3087 resource_id=31 category=2 amount=2000
2026/09/30 21:20:37 board: space (-4,1) terrain_id=11
2026/09/30 21:20:37 board:   zone (1,-1) key=5900 resource_id=1 category=1 amount=250
2026/09/30 21:20:37 board:   zone (-1,1) key=6121 resource_id=26 category=2 amount=450
2026/09/30 21:20:37 board: space (-3,1) terrain_id=1
2026/09/30 21:20:37 board:   zone (0,-1) key=2084 resource_id=2 category=1 amount=150
2026/09/30 21:20:37 board: space (-2,1) terrain_id=1
2026/09/30 21:20:37 board:   zone (0,-1) key=745 resource_id=26 category=2 amount=450
2026/09/30 21:20:37 board:   zone (-1,0) key=668 resource_id=21 category=2 amount=500
2026/09/30 21:20:37 board: space (-1,1) terrain_id=1
2026/09/30 21:20:37 board: space (0,1) terrain_id=1
2026/09/30 21:20:37 board:   zone (-1,0) key=80 resource_id=26 category=2 amount=450
2026/09/30 21:20:37 board:   zone (-1,1) key=367 resource_id=41 category=3 amount=100
2026/09/30 21:20:37 board: space (1,1) terrain_id=1
2026/09/30 21:20:37 board: space (2,1) terrain_id=1
2026/09/30 21:20:37 board: space (3,1) terrain_id=1
2026/09/30 21:20:37 board:   zone (0,1) key=3751 resource_id=35 category=2 amount=1400
2026/09/30 21:20:37 board: space (-4,2) terrain_id=3
2026/09/30 21:20:37 board: space (-3,2) terrain_id=2
2026/09/30 21:20:37 board: space (-2,2) terrain_id=1
2026/09/30 21:20:37 board:   zone (0,1) key=2785 resource_id=35 category=2 amount=1400
2026/09/30 21:20:37 board: space (-1,2) terrain_id=1
2026/09/30 21:20:37 board: space (0,2) terrain_id=1
2026/09/30 21:20:37 board: space (1,2) terrain_id=1
2026/09/30 21:20:37 board:   zone (1,0) key=1602 resource_id=42 category=3 amount=250
2026/09/30 21:20:37 board:   zone (-1,1) key=2227 resource_id=2 category=1 amount=150
2026/09/30 21:20:37 board: space (2,2) terrain_id=1
2026/09/30 21:20:37 board:   zone (1,0) key=3747 resource_id=25 category=2 amount=350
2026/09/30 21:20:37 board: space (-4,3) terrain_id=51
2026/09/30 21:20:37 board:   zone (1,-1) key=21750 resource_id=2 category=1 amount=150
2026/09/30 21:20:37 board:   zone (-1,1) key=22171 resource_id=33 category=2 amount=1600
2026/09/30 21:20:37 board: space (-3,3) terrain_id=51
2026/09/30 21:20:37 board: space (-2,3) terrain_id=54
2026/09/30 21:20:37 board: space (-1,3) terrain_id=1
2026/09/30 21:20:37 board:   zone (0,-1) key=2632 resource_id=43 category=3 amount=400
2026/09/30 21:20:37 board:   zone (-1,0) key=2487 resource_id=31 category=2 amount=2000
2026/09/30 21:20:37 board:   zone (1,0) key=2781 resource_id=1 category=1 amount=250
2026/09/30 21:20:37 board: space (0,3) terrain_id=1
2026/09/30 21:20:37 board:   zone (0,-1) key=1715 resource_id=21 category=2 amount=500
2026/09/30 21:20:37 board:   zone (1,-1) key=2360 resource_id=41 category=3 amount=100
2026/09/30 21:20:37 board:   zone (1,0) key=1836 resource_id=2 category=1 amount=150
2026/09/30 21:20:37 board:   zone (-1,1) key=2501 resource_id=1 category=1 amount=250
2026/09/30 21:20:37 board:   zone (0,1) key=2090 resource_id=23 category=2 amount=400
2026/09/30 21:20:37 board: space (1,3) terrain_id=1
2026/09/30 21:20:37 board:   zone (0,-1) key=3920 resource_id=2 category=1 amount=150
2026/09/30 21:20:37 board:   zone (1,-1) key=4865 resource_id=26 category=2 amount=450
2026/09/30 21:20:37 board:   zone (1,0) key=4101 resource_id=25 category=2 amount=350
2026/09/30 21:20:37 board: space (-4,4) terrain_id=51
2026/09/30 21:20:37 board:   zone (1,0) key=34459 resource_id=26 category=2 amount=450
2026/09/30 21:20:37 board: space (-3,4) terrain_id=52
2026/09/30 21:20:37 board:   zone (0,-1) key=20507 resource_id=22 category=2 amount=300
2026/09/30 21:20:37 board: space (-2,4) terrain_id=53
2026/09/30 21:20:37 board:   zone (1,0) key=11941 resource_id=31 category=2 amount=2000
2026/09/30 21:20:37 board:   zone (-1,1) key=13546 resource_id=33 category=2 amount=1600
2026/09/30 21:20:37 board: space (-1,4) terrain_id=1
2026/09/30 21:20:37 board:   zone (1,-1) key=7274 resource_id=33 category=2 amount=1600
2026/09/30 21:20:37 board:   zone (-1,1) key=7519 resource_id=1 category=1 amount=250
2026/09/30 21:20:37 board: space (0,4) terrain_id=1
2026/09/30 21:20:37 board:   zone (-1,0) key=4097 resource_id=34 category=2 amount=2000
2026/09/30 21:20:37 board:   zone (0,1) key=4861 resource_id=24 category=2 amount=500
2026/09/30 21:20:37 state_hash turn=0 tick=end hash=988113ec60fd7397
2026/09/30 21:20:37 ai ai-0: new turn data {"buildings":[],"enemy_buildings":[],"enemy_units":[],"foundations":[],"population":{"current":30,"limit":0},"resources":{"food":200,"gold":2,"stone":100,"wood":200},"spaces":[{"Space":{"X":0,"Y":-4},"Vision":2,"Owner":-1},{"Space":{"X":1,"Y":-4},"Vision":2,"Owner":-1},{"Space":{"X":2,"Y":-4},"Vision":0,"Owner":-1},{"Space":{"X":3,"Y":-4},"Vision":0,"Owner":-1},{"Space":{"X":4,"Y":-4},"Vision":0,"Owner":-1},{"Space":{"X":-1,"Y":-3},"Vision":2,"Owner":-1},{"Space":{"X":0,"Y":-3},"Vision":3,"Owner":0},{"Space":{"X":1,"Y":-3},"Vision":2,"Owner":-1},{"Space":{"X":2,"Y":-3},"Vision":0,"Owner":-1},{"Space":{"X":3,"Y":-3},"Vision":0,"Owner":-1},{"Space":{"X":4,"Y":-3},"Vision":0,"Owner":-1},{"Space":{"X":-2,"Y":-2},"Vision":0,"Owner":-1},{"Space":{"X":-1,"Y":-2},"Vision":2,"Owner":-1},{"Space":{"X":0,"Y":-2},"Vision":2,"Owner":-1},{"Space":{"X":1,"Y":-2},"Vision":0,"Owner":-1},{"Space":{"X":2,"Y":-2},"Vision":0,"Owner":-1},{"Space":{"X":3,"Y":-2},"Vision":0,"Owner":-1},{"Space":{"X":4,"Y":-2},"Vision":0,"Owner":-1},{"Space":{"X":-3,"Y":-1},"Vision":0,"Owner":-1},{"Space":{"X":-2,"Y":-1},"Vision":0,"Owner":-1},{"Space":{"X":-1,"Y":-1},"Vision":0,"Owner":-1},{"Space":{"X":0,"Y":-1},"Vision":0,"Owner":-1},{"Space":{"X":1,"Y":-1},"Vision":0,"Owner":-1},{"Space":{"X":2,"Y":-1},"Vision":0,"Owner":-1},{"Space":{"X":3,"Y":-1},"Vision":0,"Owner":-1},{"Space":{"X":4,"Y":-1},"Vision":0,"Owner":-1},{"Space":{"X":-4,"Y":0},"Vision":0,"Owner":-1},{"Space":{"X":-3,"Y":0},"Vision":0,"Owner":-1},{"Space":{"X":-2,"Y":0},"Vision":0,"Owner":-1},{"Space":{"X":-1,"Y":0},"Vision":0,"Owner":-1},{"Space":{"X":0,"Y":0},"Vision":0,"Owner":-1},{"Space":{"X":1,"Y":0},"Vision":0,"Owner":-1},{"Space":{"X":2,"Y":0},"Vision":0,"Owner":-1},{"Space":{"X":3,"Y":0},"Vision":0,"Owner":-1},{"Space":{"X":4,"Y":0},"Vision":0,"Owner":-1},{"Space":{"X":-4,"Y":1},"Vision":0,"Owner":-1},{"Space":{"X":-3,"Y":1},"Vision":0,"Owner":-1},{"Space":{"X":-2,"Y":1},"Vision":0,"Owner":-1},{"Space":{"X":-1,"Y":1},"Vision":0,"Owner":-1},{"Space":{"X":0,"Y":1},"Vision":0,"Owner":-1},{"Space":{"X":1,"Y":1},"Vision":0,"Owner":-1},{"Space":{"X":2,"Y":1},"Vision":0,"Owner":-1},{"Space":{"X":3,"Y":1},"Vision":0,"Owner":-1},{"Space":{"X":-4,"Y":2},"Vision":0,"Owner":-1},{"Space":{"X":-3,"Y":2},"Vision":0,"Owner":-1},{"Space":{"X":-2,"Y":2},"Vision":0,"Owner":-1},{"Space":{"X":-1,"Y":2},"Vision":0,"Owner":-1},{"Space":{"X":0,"Y":2},"Vision":0,"Owner":-1},{"Space":{"X":1,"Y":2},"Vision":0,"Owner":-1},{"Space":{"X":2,"Y":2},"Vision":0,"Owner":-1},{"Space":{"X":-4,"Y":3},"Vision":0,"Owner":-1},{"Space":{"X":-3,"Y":3},"Vision":0,"Owner":-1},{"Space":{"X":-2,"Y":3},"Vision":0,"Owner":-1},{"Space":{"X":-1,"Y":3},"Vision":0,"Owner":-1},{"Space":{"X":0,"Y":3},"Vision":0,"Owner":-1},{"Space":{"X":1,"Y":3},"Vision":0,"Owner":-1},{"Space":{"X":-4,"Y":4},"Vision":0,"Owner":-1},{"Space":{"X":-3,"Y":4},"Vision":0,"Owner":-1},{"Space":{"X":-2,"Y":4},"Vision":0,"Owner":-1},{"Space":{"X":-1,"Y":4},"Vision":0,"Owner":-1},{"Space":{"X":0,"Y":4},"Vision":0,"Owner":-1}],"units":[{"InternalID":1,"UnitID":11,"Type":2,"Kind":1,"Location":{"Space":{"X":0,"Y":-3},"Zone":{"X":0,"Y":0}},"CurrentStamina":15,"CurrentOrder":null,"Builds":[],"GarrisonedIn":null,"Stance":3,"InterruptCurrent":false,"AttackBack":true,"TargetPriority":"","ActiveOrders":null,"Health":11,"MaxHealth":11},{"InternalID":2,"UnitID":11,"Type":2,"Kind":1,"Location":{"Space":{"X":0,"Y":-3},"Zone":{"X":0,"Y":0}},"CurrentStamina":15,"CurrentOrder":null,"Builds":[],"GarrisonedIn":null,"Stance":3,"InterruptCurrent":false,"AttackBack":true,"TargetPriority":"","ActiveOrders":null,"Health":11,"MaxHealth":11},{"InternalID":3,"UnitID":11,"Type":2,"Kind":1,"Location":{"Space":{"X":0,"Y":-3},"Zone":{"X":0,"Y":0}},"CurrentStamina":15,"CurrentOrder":null,"Builds":[],"GarrisonedIn":null,"Stance":3,"InterruptCurrent":false,"AttackBack":true,"TargetPriority":"","ActiveOrders":null,"Health":11,"MaxHealth":11},{"InternalID":4,"UnitID":11,"Type":2,"Kind":1,"Location":{"Space":{"X":0,"Y":-3},"Zone":{"X":0,"Y":0}},"CurrentStamina":15,"CurrentOrder":null,"Builds":[],"GarrisonedIn":null,"Stance":3,"InterruptCurrent":false,"AttackBack":true,"TargetPriority":"","ActiveOrders":null,"Health":11,"MaxHealth":11},{"InternalID":5,"UnitID":11,"Type":2,"Kind":1,"Location":{"Space":{"X":0,"Y":-3},"Zone":{"X":0,"Y":0}},"CurrentStamina":15,"CurrentOrder":null,"Builds":[],"GarrisonedIn":null,"Stance":3,"InterruptCurrent":false,"AttackBack":true,"TargetPriority":"","ActiveOrders":null,"Health":11,"MaxHealth":11},{"InternalID":6,"UnitID":11,"Type":2,"Kind":1,"Location":{"Space":{"X":0,"Y":-3},"Zone":{"X":0,"Y":0}},"CurrentStamina":15,"CurrentOrder":null,"Builds":[],"GarrisonedIn":null,"Stance":3,"InterruptCurrent":false,"AttackBack":true,"TargetPriority":"","ActiveOrders":null,"Health":11,"MaxHealth":11},{"InternalID":7,"UnitID":11,"Type":2,"Kind":1,"Location":{"Space":{"X":0,"Y":-3},"Zone":{"X":0,"Y":0}},"CurrentStamina":15,"CurrentOrder":null,"Builds":[],"GarrisonedIn":null,"Stance":3,"InterruptCurrent":false,"AttackBack":true,"TargetPriority":"","ActiveOrders":null,"Health":11,"MaxHealth":11},{"InternalID":8,"UnitID":11,"Type":2,"Kind":1,"Location":{"Space":{"X":0,"Y":-3},"Zone":{"X":0,"Y":0}},"CurrentStamina":15,"CurrentOrder":null,"Builds":[],"GarrisonedIn":null,"Stance":3,"InterruptCurrent":false,"AttackBack":true,"TargetPriority":"","ActiveOrders":null,"Health":11,"MaxHealth":11},{"InternalID":9,"UnitID":11,"Type":2,"Kind":1,"Location":{"Space":{"X":0,"Y":-3},"Zone":{"X":0,"Y":0}},"CurrentStamina":15,"CurrentOrder":null,"Builds":[],"GarrisonedIn":null,"Stance":3,"InterruptCurrent":false,"AttackBack":true,"TargetPriority":"","ActiveOrders":null,"Health":11,"MaxHealth":11},{"InternalID":10,"UnitID":11,"Type":2,"Kind":1,"Location":{"Space":{"X":0,"Y":-3},"Zone":{"X":0,"Y":0}},"CurrentStamina":15,"CurrentOrder":null,"Builds":[],"GarrisonedIn":null,"Stance":3,"InterruptCurrent":false,"AttackBack":true,"TargetPriority":"","ActiveOrders":null,"Health":11,"MaxHealth":11},{"InternalID":11,"UnitID":11,"Type":2,"Kind":1,"Location":{"Space":{"X":0,"Y":-3},"Zone":{"X":0,"Y":0}},"CurrentStamina":15,"CurrentOrder":null,"Builds":[],"GarrisonedIn":null,"Stance":3,"InterruptCurrent":false,"AttackBack":true,"TargetPriority":"","ActiveOrders":null,"Health":11,"MaxHealth":11},{"InternalID":12,"UnitID":11,"Type":2,"Kind":1,"Location":{"Space":{"X":0,"Y":-3},"Zone":{"X":0,"Y":0}},"CurrentStamina":15,"CurrentOrder":null,"Builds":[],"GarrisonedIn":null,"Stance":3,"InterruptCurrent":false,"AttackBack":true,"TargetPriority":"","ActiveOrders":null,"Health":11,"MaxHealth":11},{"InternalID":13,"UnitID":11,"Type":2,"Kind":1,"Location":{"Space":{"X":0,"Y":-3},"Zone":{"X":0,"Y":0}},"CurrentStamina":15,"CurrentOrder":null,"Builds":[],"GarrisonedIn":null,"Stance":3,"InterruptCurrent":false,"AttackBack":true,"TargetPriority":"","ActiveOrders":null,"Health":11,"MaxHealth":11},{"InternalID":14,"UnitID":11,"Type":2,"Kind":1,"Location":{"Space":{"X":0,"Y":-3},"Zone":{"X":0,"Y":0}},"CurrentStamina":15,"CurrentOrder":null,"Builds":[],"GarrisonedIn":null,"Stance":3,"InterruptCurrent":false,"AttackBack":true,"TargetPriority":"","ActiveOrders":null,"Health":11,"MaxHealth":11},{"InternalID":15,"UnitID":11,"Type":2,"Kind":1,"Location":{"Space":{"X":0,"Y":-3},"Zone":{"X":0,"Y":0}},"CurrentStamina":15,"CurrentOrder":null,"Builds":[],"GarrisonedIn":null,"Stance":3,"InterruptCurrent":false,"AttackBack":true,"TargetPriority":"","ActiveOrders":null,"Health":11,"MaxHealth":11},{"InternalID":16,"UnitID":11,"Type":2,"Kind":1,"Location":{"Space":{"X":0,"Y":-3},"Zone":{"X":0,"Y":0}},"CurrentStamina":15,"CurrentOrder":null,"Builds":[],"GarrisonedIn":null,"Stance":3,"InterruptCurrent":false,"AttackBack":true,"TargetPriority":"","ActiveOrders":null,"Health":11,"MaxHealth":11},{"InternalID":17,"UnitID":12,"Type":2,"Kind":1,"Location":{"Space":{"X":0,"Y":-3},"Zone":{"X":0,"Y":0}},"CurrentStamina":12,"CurrentOrder":null,"Builds":[],"GarrisonedIn":null,"Stance":3,"InterruptCurrent":false,"AttackBack":true,"TargetPriority":"","ActiveOrders":null,"Health":16,"MaxHealth":16},{"InternalID":18,"UnitID":12,"Type":2,"Kind":1,"Location":{"Space":{"X":0,"Y":-3},"Zone":{"X":0,"Y":0}},"CurrentStamina":12,"CurrentOrder":null,"Builds":[],"GarrisonedIn":null,"Stance":3,"InterruptCurrent":false,"AttackBack":true,"TargetPriority":"","ActiveOrders":null,"Health":16,"MaxHealth":16},{"InternalID":19,"UnitID":12,"Type":2,"Kind":1,"Location":{"Space":{"X":0,"Y":-3},"Zone":{"X":0,"Y":0}},"CurrentStamina":12,"CurrentOrder":null,"Builds":[],"GarrisonedIn":null,"Stance":3,"InterruptCurrent":false,"AttackBack":true,"TargetPriority":"","ActiveOrders":null,"Health":16,"MaxHealth":16},{"InternalID":20,"UnitID":12,"Type":2,"Kind":1,"Location":{"Space":{"X":0,"Y":-3},"Zone":{"X":0,"Y":0}},"CurrentStamina":12,"CurrentOrder":null,"Builds":[],"GarrisonedIn":null,"Stance":3,"InterruptCurrent":false,"AttackBack":true,"TargetPriority":"","ActiveOrders":null,"Health":16,"MaxHealth":16},{"InternalID":21,"UnitID":12,"Type":2,"Kind":1,"Location":{"Space":{"X":0,"Y":-3},"Zone":{"X":0,"Y":0}},"CurrentStamina":12,"CurrentOrder":null,"Builds":[],"GarrisonedIn":null,"Stance":3,"InterruptCurrent":false,"AttackBack":true,"TargetPriority":"","ActiveOrders":null,"Health":16,"MaxHealth":16},{"InternalID":22,"UnitID":12,"Type":2,"Kind":1,"Location":{"Space":{"X":0,"Y":-3},"Zone":{"X":0,"Y":0}},"CurrentStamina":12,"CurrentOrder":null,"Builds":[],"GarrisonedIn":null,"Stance":3,"InterruptCurrent":false,"AttackBack":true,"TargetPriority":"","ActiveOrders":null,"Health":16,"MaxHealth":16},{"InternalID":23,"UnitID":12,"Type":2,"Kind":1,"Location":{"Space":{"X":0,"Y":-3},"Zone":{"X":0,"Y":0}},"CurrentStamina":12,"CurrentOrder":null,"Builds":[],"GarrisonedIn":null,"Stance":3,"InterruptCurrent":false,"AttackBack":true,"TargetPriority":"","ActiveOrders":null,"Health":16,"MaxHealth":16},{"InternalID":24,"UnitID":12,"Type":2,"Kind":1,"Location":{"Space":{"X":0,"Y":-3},"Zone":{"X":0,"Y":0}},"CurrentStamina":12,"CurrentOrder":null,"Builds":[],"GarrisonedIn":null,"Stance":3,"InterruptCurrent":false,"AttackBack":true,"TargetPriority":"","ActiveOrders":null,"Health":16,"MaxHealth":16},{"InternalID":25,"UnitID":13,"Type":2,"Kind":1,"Location":{"Space":{"X":0,"Y":-3},"Zone":{"X":0,"Y":0}},"CurrentStamina":8,"CurrentOrder":null,"Builds":[],"GarrisonedIn":null,"Stance":3,"InterruptCurrent":false,"AttackBack":true,"TargetPriority":"","ActiveOrders":null,"Health":50,"MaxHealth":50},{"InternalID":26,"UnitID":13,"Type":2,"Kind":1,"Location":{"Space":{"X":0,"Y":-3},"Zone":{"X":0,"Y":0}},"CurrentStamina":8,"CurrentOrder":null,"Builds":[],"GarrisonedIn":null,"Stance":3,"InterruptCurrent":false,"AttackBack":true,"TargetPriority":"","ActiveOrders":null,"Health":50,"MaxHealth":50},{"InternalID":27,"UnitID":13,"Type":2,"Kind":1,"Location":{"Space":{"X":0,"Y":-3},"Zone":{"X":0,"Y":0}},"CurrentStamina":8,"CurrentOrder":null,"Builds":[],"GarrisonedIn":null,"Stance":3,"InterruptCurrent":false,"AttackBack":true,"TargetPriority":"","ActiveOrders":null,"Health":50,"MaxHealth":50},{"InternalID":28,"UnitID":13,"Type":2,"Kind":1,"Location":{"Space":{"X":0,"Y":-3},"Zone":{"X":0,"Y":0}},"CurrentStamina":8,"CurrentOrder":null,"Builds":[],"GarrisonedIn":null,"Stance":3,"InterruptCurrent":false,"AttackBack":true,"TargetPriority":"","ActiveOrders":null,"Health":50,"MaxHealth":50},{"InternalID":29,"UnitID":13,"Type":2,"Kind":1,"Location":{"Space":{"X":0,"Y":-3},"Zone":{"X":0,"Y":0}},"CurrentStamina":8,"CurrentOrder":null,"Builds":[],"GarrisonedIn":null,"Stance":3,"InterruptCurrent":false,"AttackBack":true,"TargetPriority":"","ActiveOrders":null,"Health":50,"MaxHealth":50},{"InternalID":30,"UnitID":13,"Type":2,"Kind":1,"Location":{"Space":{"X":0,"Y":-3},"Zone":{"X":0,"Y":0}},"CurrentStamina":8,"CurrentOrder":null,"Builds":[],"GarrisonedIn":null,"Stance":3,"InterruptCurrent":false,"AttackBack":true,"TargetPriority":"","ActiveOrders":null,"Health":50,"MaxHealth":50}]}
2026/09/30 21:20:37 ai ai-1: new turn data {"buildings":[],"enemy_buildings":[],"enemy_units":[],"foundations":[],"population":{"current":30,"limit":0},"resources":{"food":200,"gold":2,"stone":100,"wood":200},"spaces":[{"Space":{"X":0,"Y":-4},"Vision":0,"Owner":-1},{"Space":{"X":1,"Y":-4},"Vision":0,"Owner":-1},{"Space":{"X":2,"Y":-4},"Vision":0,"Owner":-1},{"Space":{"X":3,"Y":-4},"Vision":0,"Owner":-1},{"Space":{"X":4,"Y":-4},"Vision":0,"Owner":-1},{"Space":{"X":-1,"Y":-3},"Vision":0,"Owner":-1},{"Space":{"X":0,"Y":-3},"Vision":0,"Owner":-1},{"Space":{"X":1,"Y":-3},"Vision":0,"Owner":-1},{"Space":{"X":2,"Y":-3},"Vision":0,"Owner":-1},{"Space":{"X":3,"Y":-3},"Vision":0,"Owner":-1},{"Space":{"X":4,"Y":-3},"Vision":0,"Owner":-1},{"Space":{"X":-2,"Y":-2},"Vision":0,"Owner":-1},{"Space":{"X":-1,"Y":-2},"Vision":0,"Owner":-1},{"Space":{"X":0,"Y":-2},"Vision":0,"Owner":-1},{"Space":{"X":1,"Y":-2},"Vision":0,"Owner":-1},{"Space":{"X":2,"Y":-2},"Vision":0,"Owner":-1},{"Space":{"X":3,"Y":-2},"Vision":0,"Owner":-1},{"Space":{"X":4,"Y":-2},"Vision":0,"Owner":-1},{"Space":{"X":-3,"Y":-1},"Vision":0,"Owner":-1},{"Space":{"X":-2,"Y":-1},"Vision":0,"Owner":-1},{"Space":{"X":-1,"Y":-1},"Vision":0,"Owner":-1},{"Space":{"X":0,"Y":-1},"Vision":0,"Owner":-1},{"Space":{"X":1,"Y":-1},"Vision":0,"Owner":-1},{"Space":{"X":2,"Y":-1},"Vision":0,"Owner":-1},{"Space":{"X":3,"Y":-1},"Vision":0,"Owner":-1},{"Space":{"X":4,"Y":-1},"Vision":0,"Owner":-1},{"Space":{"X":-4,"Y":0},"Vision":0,"Owner":-1},{"Space":{"X":-3,"Y":0},"Vision":0,"Owner":-1},{"Space":{"X":-2,"Y":0},"Vision":0,"Owner":-1},{"Space":{"X":-1,"Y":0},"Vision":0,"Owner":-1},{"Space":{"X":0,"Y":0},"Vision":0,"Owner":-1},{"Space":{"X":1,"Y":0},"Vision":0,"Owner":-1},{"Space":{"X":2,"Y":0},"Vision":0,"Owner":-1},{"Space":{"X":3,"Y":0},"Vision":0,"Owner":-1},{"Space":{"X":4,"Y":0},"Vision":0,"Owner":-1},{"Space":{"X":-4,"Y":1},"Vision":0,"Owner":-1},{"Space":{"X":-3,"Y":1},"Vision":0,"Owner":-1},{"Space":{"X":-2,"Y":1},"Vision":0,"Owner":-1},{"Space":{"X":-1,"Y":1},"Vision":0,"Owner":-1},{"Space":{"X":0,"Y":1},"Vision":0,"Owner":-1},{"Space":{"X":1,"Y":1},"Vision":0,"Owner":-1},{"Space":{"X":2,"Y":1},"Vision":0,"Owner":-1},{"Space":{"X":3,"Y":1},"Vision":0,"Owner":-1},{"Space":{"X":-4,"Y":2},"Vision":0,"Owner":-1},{"Space":{"X":-3,"Y":2},"Vision":0,"Owner":-1},{"Space":{"X":-2,"Y":2},"Vision":0,"Owner":-1},{"Space":{"X":-1,"Y":2},"Vision":0,"Owner":-1},{"Space":{"X":0,"Y":2},"Vision":2,"Owner":-1},{"Space":{"X":1,"Y":2},"Vision":2,"Owner":-1},{"Space":{"X":2,"Y":2},"Vision":0,"Owner":-1},{"Space":{"X":-4,"Y":3},"Vision":0,"Owner":-1},{"Space":{"X":-3,"Y":3},"Vision":0,"Owner":-1},{"Space":{"X":-2,"Y":3},"Vision":0,"Owner":-1},{"Space":{"X":-1,"Y":3},"Vision":2,"Owner":-1},{"Space":{"X":0,"Y":3},"Vision":3,"Owner":1},{"Space":{"X":1,"Y":3},"Vision":2,"Owner":-1},{"Space":{"X":-4,"Y":4},"Vision":0,"Owner":-1},{"Space":{"X":-3,"Y":4},"Vision":0,"Owner":-1},{"Space":{"X":-2,"Y":4},"Vision":0,"Owner":-1},{"Space":{"X":-1,"Y":4},"Vision":2,"Owner":-1},{"Space":{"X":0,"Y":4},"Vision":2,"Owner":-1}],"units":[{"InternalID":31,"UnitID":11,"Type":2,"Kind":1,"Location":{"Space":{"X":0,"Y":3},"Zone":{"X":0,"Y":0}},"CurrentStamina":15,"CurrentOrder":null,"Builds":[],"GarrisonedIn":null,"Stance":3,"InterruptCurrent":false,"AttackBack":true,"TargetPriority":"","ActiveOrders":null,"Health":11,"MaxHealth":11},{"InternalID":32,"UnitID":11,"Type":2,"Kind":1,"Location":{"Space":{"X":0,"Y":3},"Zone":{"X":0,"Y":0}},"CurrentStamina":15,"CurrentOrder":null,"Builds":[],"GarrisonedIn":null,"Stance":3,"InterruptCurrent":false,"AttackBack":true,"TargetPriority":"","ActiveOrders":null,"Health":11,"MaxHealth":11},{"InternalID":33,"UnitID":11,"Type":2,"Kind":1,"Location":{"Space":{"X":0,"Y":3},"Zone":{"X":0,"Y":0}},"CurrentStamina":15,"CurrentOrder":null,"Builds":[],"GarrisonedIn":null,"Stance":3,"InterruptCurrent":false,"AttackBack":true,"TargetPriority":"","ActiveOrders":null,"Health":11,"MaxHealth":11},{"InternalID":34,"UnitID":11,"Type":2,"Kind":1,"Location":{"Space":{"X":0,"Y":3},"Zone":{"X":0,"Y":0}},"CurrentStamina":15,"CurrentOrder":null,"Builds":[],"GarrisonedIn":null,"Stance":3,"InterruptCurrent":false,"AttackBack":true,"TargetPriority":"","ActiveOrders":null,"Health":11,"MaxHealth":11},{"InternalID":35,"UnitID":11,"Type":2,"Kind":1,"Location":{"Space":{"X":0,"Y":3},"Zone":{"X":0,"Y":0}},"CurrentStamina":15,"CurrentOrder":null,"Builds":[],"GarrisonedIn":null,"Stance":3,"InterruptCurrent":false,"AttackBack":true,"TargetPriority":"","ActiveOrders":null,"Health":11,"MaxHealth":11},{"InternalID":36,"UnitID":11,"Type":2,"Kind":1,"Location":{"Space":{"X":0,"Y":3},"Zone":{"X":0,"Y":0}},"CurrentStamina":15,"CurrentOrder":null,"Builds":[],"GarrisonedIn":null,"Stance":3,"InterruptCurrent":false,"AttackBack":true,"TargetPriority":"","ActiveOrders":null,"Health":11,"MaxHealth":11},{"InternalID":37,"UnitID":11,"Type":2,"Kind":1,"Location":{"Space":{"X":0,"Y":3},"Zone":{"X":0,"Y":0}},"CurrentStamina":15,"CurrentOrder":null,"Builds":[],"GarrisonedIn":null,"Stance":3,"InterruptCurrent":false,"AttackBack":true,"TargetPriority":"","ActiveOrders":null,"Health":11,"MaxHealth":11},{"InternalID":38,"UnitID":11,"Type":2,"Kind":1,"Location":{"Space":{"X":0,"Y":3},"Zone":{"X":0,"Y":0}},"CurrentStamina":15,"CurrentOrder":null,"Builds":[],"GarrisonedIn":null,"Stance":3,"InterruptCurrent":false,"AttackBack":true,"TargetPriority":"","ActiveOrders":null,"Health":11,"MaxHealth":11},{"InternalID":39,"UnitID":11,"Type":2,"Kind":1,"Location":{"Space":{"X":0,"Y":3},"Zone":{"X":0,"Y":0}},"CurrentStamina":15,"CurrentOrder":null,"Builds":[],"GarrisonedIn":null,"Stance":3,"InterruptCurrent":false,"AttackBack":true,"TargetPriority":"","ActiveOrders":null,"Health":11,"MaxHealth":11},{"InternalID":40,"UnitID":11,"Type":2,"Kind":1,"Location":{"Space":{"X":0,"Y":3},"Zone":{"X":0,"Y":0}},"CurrentStamina":15,"CurrentOrder":null,"Builds":[],"GarrisonedIn":null,"Stance":3,"InterruptCurrent":false,"AttackBack":true,"TargetPriority":"","ActiveOrders":null,"Health":11,"MaxHealth":11},{"InternalID":41,"UnitID":11,"Type":2,"Kind":1,"Location":{"Space":{"X":0,"Y":3},"Zone":{"X":0,"Y":0}},"CurrentStamina":15,"CurrentOrder":null,"Builds":[],"GarrisonedIn":null,"Stance":3,"InterruptCurrent":false,"AttackBack":true,"TargetPriority":"","ActiveOrders":null,"Health":11,"MaxHealth":11},{"InternalID":42,"UnitID":11,"Type":2,"Kind":1,"Location":{"Space":{"X":0,"Y":3},"Zone":{"X":0,"Y":0}},"CurrentStamina":15,"CurrentOrder":null,"Builds":[],"GarrisonedIn":null,"Stance":3,"InterruptCurrent":false,"AttackBack":true,"TargetPriority":"","ActiveOrders":null,"Health":11,"MaxHealth":11},{"InternalID":43,"UnitID":11,"Type":2,"Kind":1,"Location":{"Space":{"X":0,"Y":3},"Zone":{"X":0,"Y":0}},"CurrentStamina":15,"CurrentOrder":null,"Builds":[],"GarrisonedIn":null,"Stance":3,"InterruptCurrent":false,"AttackBack":true,"TargetPriority":"","ActiveOrders":null,"Health":11,"MaxHealth":11},{"InternalID":44,"UnitID":11,"Type":2,"Kind":1,"Location":{"Space":{"X":0,"Y":3},"Zone":{"X":0,"Y":0}},"CurrentStamina":15,"CurrentOrder":null,"Builds":[],"GarrisonedIn":null,"Stance":3,"InterruptCurrent":false,"AttackBack":true,"TargetPriority":"","ActiveOrders":null,"Health":11,"MaxHealth":11},{"InternalID":45,"UnitID":11,"Type":2,"Kind":1,"Location":{"Space":{"X":0,"Y":3},"Zone":{"X":0,"Y":0}},"CurrentStamina":15,"CurrentOrder":null,"Builds":[],"GarrisonedIn":null,"Stance":3,"InterruptCurrent":false,"AttackBack":true,"TargetPriority":"","ActiveOrders":null,"Health":11,"MaxHealth":11},{"InternalID":46,"UnitID":11,"Type":2,"Kind":1,"Location":{"Space":{"X":0,"Y":3},"Zone":{"X":0,"Y":0}},"CurrentStamina":15,"CurrentOrder":null,"Builds":[],"GarrisonedIn":null,"Stance":3,"InterruptCurrent":false,"AttackBack":true,"TargetPriority":"","ActiveOrders":null,"Health":11,"MaxHealth":11},{"InternalID":47,"UnitID":12,"Type":2,"Kind":1,"Location":{"Space":{"X":0,"Y":3},"Zone":{"X":0,"Y":0}},"CurrentStamina":12,"CurrentOrder":null,"Builds":[],"GarrisonedIn":null,"Stance":3,"InterruptCurrent":false,"AttackBack":true,"TargetPriority":"","ActiveOrders":null,"Health":16,"MaxHealth":16},{"InternalID":48,"UnitID":12,"Type":2,"Kind":1,"Location":{"Space":{"X":0,"Y":3},"Zone":{"X":0,"Y":0}},"CurrentStamina":12,"CurrentOrder":null,"Builds":[],"GarrisonedIn":null,"Stance":3,"InterruptCurrent":false,"AttackBack":true,"TargetPriority":"","ActiveOrders":null,"Health":16,"MaxHealth":16},{"InternalID":49,"UnitID":12,"Type":2,"Kind":1,"Location":{"Space":{"X":0,"Y":3},"Zone":{"X":0,"Y":0}},"CurrentStamina":12,"CurrentOrder":null,"Builds":[],"GarrisonedIn":null,"Stance":3,"InterruptCurrent":false,"AttackBack":true,"TargetPriority":"","ActiveOrders":null,"Health":16,"MaxHealth":16},{"InternalID":50,"UnitID":12,"Type":2,"Kind":1,"Location":{"Space":{"X":0,"Y":3},"Zone":{"X":0,"Y":0}},"CurrentStamina":12,"CurrentOrder":null,"Builds":[],"GarrisonedIn":null,"Stance":3,"InterruptCurrent":false,"AttackBack":true,"TargetPriority":"","ActiveOrders":null,"Health":16,"MaxHealth":16},{"InternalID":51,"UnitID":12,"Type":2,"Kind":1,"Location":{"Space":{"X":0,"Y":3},"Zone":{"X":0,"Y":0}},"CurrentStamina":12,"CurrentOrder":null,"Builds":[],"GarrisonedIn":null,"Stance":3,"InterruptCurrent":false,"AttackBack":true,"TargetPriority":"","ActiveOrders":null,"Health":16,"MaxHealth":16},{"InternalID":52,"UnitID":12,"Type":2,"Kind":1,"Location":{"Space":{"X":0,"Y":3},"Zone":{"X":0,"Y":0}},"CurrentStamina":12,"CurrentOrder":null,"Builds":[],"GarrisonedIn":null,"Stance":3,"InterruptCurrent":false,"AttackBack":true,"TargetPriority":"","ActiveOrders":null,"Health":16,"MaxHealth":16},{"InternalID":53,"UnitID":12,"Type":2,"Kind":1,"Location":{"Space":{"X":0,"Y":3},"Zone":{"X":0,"Y":0}},"CurrentStamina":12,"CurrentOrder":null,"Builds":[],"GarrisonedIn":null,"Stance":3,"InterruptCurrent":false,"AttackBack":true,"TargetPriority":"","ActiveOrders":null,"Health":16,"MaxHealth":16},{"InternalID":54,"UnitID":12,"Type":2,"Kind":1,"Location":{"Space":{"X":0,"Y":3},"Zone":{"X":0,"Y":0}},"CurrentStamina":12,"CurrentOrder":null,"Builds":[],"GarrisonedIn":null,"Stance":3,"InterruptCurrent":false,"AttackBack":true,"TargetPriority":"","ActiveOrders":null,"Health":16,"MaxHealth":16},{"InternalID":55,"UnitID":13,"Type":2,"Kind":1,"Location":{"Space":{"X":0,"Y":3},"Zone":{"X":0,"Y":0}},"CurrentStamina":8,"CurrentOrder":null,"Builds":[],"GarrisonedIn":null,"Stance":3,"InterruptCurrent":false,"AttackBack":true,"TargetPriority":"","ActiveOrders":null,"Health":50,"MaxHealth":50},{"InternalID":56,"UnitID":13,"Type":2,"Kind":1,"Location":{"Space":{"X":0,"Y":3},"Zone":{"X":0,"Y":0}},"CurrentStamina":8,"CurrentOrder":null,"Builds":[],"GarrisonedIn":null,"Stance":3,"InterruptCurrent":false,"AttackBack":true,"TargetPriority":"","ActiveOrders":null,"Health":50,"MaxHealth":50},{"InternalID":57,"UnitID":13,"Type":2,"Kind":1,"Location":{"Space":{"X":0,"Y":3},"Zone":{"X":0,"Y":0}},"CurrentStamina":8,"CurrentOrder":null,"Builds":[],"GarrisonedIn":null,"Stance":3,"InterruptCurrent":false,"AttackBack":true,"TargetPriority":"","ActiveOrders":null,"Health":50,"MaxHealth":50},{"InternalID":58,"UnitID":13,"Type":2,"Kind":1,"Location":{"Space":{"X":0,"Y":3},"Zone":{"X":0,"Y":0}},"CurrentStamina":8,"CurrentOrder":null,"Builds":[],"GarrisonedIn":null,"Stance":3,"InterruptCurrent":false,"AttackBack":true,"TargetPriority":"","ActiveOrders":null,"Health":50,"MaxHealth":50},{"InternalID":59,"UnitID":13,"Type":2,"Kind":1,"Location":{"Space":{"X":0,"Y":3},"Zone":{"X":0,"Y":0}},"CurrentStamina":8,"CurrentOrder":null,"Builds":[],"GarrisonedIn":null,"Stance":3,"InterruptCurrent":false,"AttackBack":true,"TargetPriority":"","ActiveOrders":null,"Health":50,"MaxHealth":50},{"InternalID":60,"UnitID":13,"Type":2,"Kind":1,"Location":{"Space":{"X":0,"Y":3},"Zone":{"X":0,"Y":0}},"CurrentStamina":8,"CurrentOrder":null,"Builds":[],"GarrisonedIn":null,"Stance":3,"InterruptCurrent":false,"AttackBack":true,"TargetPriority":"","ActiveOrders":null,"Health":50,"MaxHealth":50}]}
2026/09/30 21:20:37 ai ai-1: submitting orders [{Subjects:[31] OrderType:2 TargetID:5253 ClearPreviousOrders:true}]
2026/09/30 21:20:37 ai ai-1: vars {}
2026/09/30 21:20:37 player action: submit-orders 0 2 map[orders:[{1 [31] 2 5253 true}]]
2026/09/30 21:20:37 Executing submit orders for: 1 [{1 [31] 2 5253 true}]
2026/09/30 21:20:37 ai ai-0: submitting orders [{Subjects:[1] OrderType:2 TargetID:1176 ClearPreviousOrders:true} {Subjects:[2] OrderType:2 TargetID:253 ClearPreviousOrders:true} {Subjects:[3] OrderType:2 TargetID:36 ClearPreviousOrders:true} {Subjects:[4] OrderType:2 TargetID:10 ClearPreviousOrders:true} {Subjects:[5] OrderType:2 TargetID:666 ClearPreviousOrders:true} {Subjects:[6] OrderType:2 TargetID:10731 ClearPreviousOrders:true} {Subjects:[7] OrderType:2 TargetID:1176 ClearPreviousOrders:true} {Subjects:[8] OrderType:2 TargetID:1176 ClearPreviousOrders:true} {Subjects:[9] OrderType:2 TargetID:1176 ClearPreviousOrders:true} {Subjects:[10] OrderType:2 TargetID:1176 ClearPreviousOrders:true} {Subjects:[11] OrderType:2 TargetID:1176 ClearPreviousOrders:true} {Subjects:[12] OrderType:2 TargetID:1176 ClearPreviousOrders:true} {Subjects:[13] OrderType:2 TargetID:1176 ClearPreviousOrders:true} {Subjects:[14] OrderType:2 TargetID:1176 ClearPreviousOrders:true} {Subjects:[15] OrderType:2 TargetID:1176 ClearPreviousOrders:true} {Subjects:[16] OrderType:2 TargetID:1176 ClearPreviousOrders:true} {Subjects:[17] OrderType:2 TargetID:1176 ClearPreviousOrders:true} {Subjects:[18] OrderType:2 TargetID:1176 ClearPreviousOrders:true} {Subjects:[19] OrderType:2 TargetID:1176 ClearPreviousOrders:true} {Subjects:[20] OrderType:2 TargetID:1176 ClearPreviousOrders:true} {Subjects:[21] OrderType:2 TargetID:1176 ClearPreviousOrders:true} {Subjects:[22] OrderType:2 TargetID:1176 ClearPreviousOrders:true} {Subjects:[23] OrderType:2 TargetID:1176 ClearPreviousOrders:true} {Subjects:[24] OrderType:2 TargetID:1176 ClearPreviousOrders:true} {Subjects:[25] OrderType:2 TargetID:1176 ClearPreviousOrders:true} {Subjects:[26] OrderType:2 TargetID:1176 ClearPreviousOrders:true} {Subjects:[27] OrderType:2 TargetID:1176 ClearPreviousOrders:true} {Subjects:[28] OrderType:2 TargetID:1176 ClearPreviousOrders:true} {Subjects:[29] OrderType:2 TargetID:1176 ClearPreviousOrders:true} {Subjects:[30] OrderType:2 TargetID:1176 ClearPreviousOrders:true}]
2026/09/30 21:20:37 ai ai-0: vars {"B":16,"Hv":6,"Pi":8,"aPowLocal":0,"aThreat":0,"a_engaged":0,"a_odds":1.3,"a_outnumbered":0,"army_target":50,"army_value":3080,"assault":0,"bank_rate":28,"bar_barracks":0.17072129748186085,"bar_redoubt":1.1111111111111112,"barracks":0,"barracks_B":0,"barracks_P":0,"barracks_save":0,"barracks_spend":78.1,"barracks_want":0,"buffer_food":70,"buffer_gold":0,"buffer_stone":0,"buffer_wood":70,"builders":0,"committed":0,"eB":0,"eGrowth":0,"eH":0,"eMil":0,"eP":0,"ePow":0,"ePowEst":0,"ePowSeen":0,"eTech":1,"eV":0,"es":1,"farm_want":0,"farm_wood_short":0,"farming":0,"fire_barracks":0,"fire_farm0":0,"fire_farm1":0,"fire_farm2":0,"fire_house":0,"fire_outpost":0,"fire_redoubt":0,"fire_smith":0,"fire_vc":0,"food_need":0,"food_over":0,"food_rate":0,"food_slots":1000,"food_workers":0,"free_room":20,"go":0,"gold_income":2,"gold_need":0,"gold_rate":0,"gold_surplus":2,"guaranteed":0,"guard_home":0,"headroom":-30,"hire_B":107.69230769230768,"hire_P":169.23076923076923,"homePow":0,"house_builders":0,"house_urgency":0,"house_want":0,"income_proj":0,"left":0,"lf_food":0,"lf_gold":0,"lf_stone":0,"lf_wood":0,"lump_food":0,"lump_gold":0,"lump_stone":0,"lump_wood":0,"maturity":0,"mil":30,"myTech":1,"n_barracks":0,"n_redoubts":0,"needB":19.99511837930193,"needP":0.00488162069807176,"outpost_want":0,"pikes":0,"planned_food":0,"planned_gold":0,"planned_stone":0,"planned_wood":0,"prod_rate":0,"proj_army":3080,"raid_danger":0,"raid_fails":0,"raid_lost":0,"raid_pause":0,"raid_prev":5,"raid_size":4.8,"raid_wiped":0,"rate":6,"redoubt_H":0,"redoubt_gold_ok":0.14222222222222222,"redoubt_save":0,"redoubt_spend":30,"redoubt_want":0,"redoubts":0,"rf_food":0,"rf_gold":0,"rf_stone":0,"rf_wood":0,"sB4":256,"sP4":0.0625,"scale_l":0,"scale_r":0,"shareH":0.2,"smith_want":0,"smiths":0,"spare":0,"spare_food":0.5,"stone_need":0,"stone_rate":0,"tH":26,"target_spend":400,"tech_food":50,"tech_gold":0,"tech_stone":0,"tech_wood":50,"threat_home":0,"turns_left":-300,"u_barracks":0.2868117797695263,"u_redoubt":0.18666666666666668,"unit_spend":120,"vB":4,"vH":1,"vP":0.5,"vc_want":0,"vcs":0,"vil_goal":50,"vil_rate":0,"vil_stamina":8,"vil_want":0,"vil_want_last":0,"vil_worth_now":0.6,"vils":0,"w_food":0,"w_gold":0,"w_stone":0,"w_wood":0,"wild_workers":0,"wood_need":0,"wood_rate":0,"workers":0}
2026/09/30 21:20:37 player action: set-unit-behavior 0 1 map[internal_ids:[7 8 9 10 11 12 13 14 15 16 17 18 19 20 21 22 23 24 25 26 27 28 29 30] interrupt_current:true]
2026/09/30 21:20:37 player action: set-unit-behavior 0 1 map[internal_ids:[1 2 3 4 5] interrupt_current:true]
2026/09/30 21:20:37 player action: submit-orders 0 1 map[orders:[{0 [1] 2 1176 true} {0 [2] 2 253 true} {0 [3] 2 36 true} {0 [4] 2 10 true} {0 [5] 2 666 true} {0 [6] 2 10731 true} {0 [7] 2 1176 true} {0 [8] 2 1176 true} {0 [9] 2 1176 true} {0 [10] 2 1176 true} {0 [11] 2 1176 true} {0 [12] 2 1176 true} {0 [13] 2 1176 true} {0 [14] 2 1176 true} {0 [15] 2 1176 true} {0 [16] 2 1176 true} {0 [17] 2 1176 true} {0 [18] 2 1176 true} {0 [19] 2 1176 true} {0 [20] 2 1176 true} {0 [21] 2 1176 true} {0 [22] 2 1176 true} {0 [23] 2 1176 true} {0 [24] 2 1176 true} {0 [25] 2 1176 true} {0 [26] 2 1176 true} {0 [27] 2 1176 true} {0 [28] 2 1176 true} {0 [29] 2 1176 true} {0 [30] 2 1176 true}]]
2026/09/30 21:20:37 Executing submit orders for: 0 [{0 [1] 2 1176 true} {0 [2] 2 253 true} {0 [3] 2 36 true} {0 [4] 2 10 true} {0 [5] 2 666 true} {0 [6] 2 10731 true} {0 [7] 2 1176 true} {0 [8] 2 1176 true} {0 [9] 2 1176 true} {0 [10] 2 1176 true} {0 [11] 2 1176 true} {0 [12] 2 1176 true} {0 [13] 2 1176 true} {0 [14] 2 1176 true} {0 [15] 2 1176 true} {0 [16] 2 1176 true} {0 [17] 2 1176 true} {0 [18] 2 1176 true} {0 [19] 2 1176 true} {0 [20] 2 1176 true} {0 [21] 2 1176 true} {0 [22] 2 1176 true} {0 [23] 2 1176 true} {0 [24] 2 1176 true} {0 [25] 2 1176 true} {0 [26] 2 1176 true} {0 [27] 2 1176 true} {0 [28] 2 1176 true} {0 [29] 2 1176 true} {0 [30] 2 1176 true}]
2026/09/30 21:20:37 Resolving active orders
2026/09/30 21:20:37 Moving unit 5 Blunt Infantry to zone(1, 0) in space (0, -3) tick=1
2026/09/30 21:20:37 Moving unit 18 Piercing Infantry to zone(-1, 1) in space (0, -3) tick=1
2026/09/30 21:20:37 Moving unit 23 Piercing Infantry to zone(-1, 1) in space (0, -3) tick=1
2026/09/30 21:20:37 Moving unit 25 Heavy Infantry to zone(-1, 1) in space (0, -3) tick=1
2026/09/30 21:20:37 Moving unit 26 Heavy Infantry to zone(-1, 1) in space (0, -3) tick=1
2026/09/30 21:20:37 Moving unit 28 Heavy Infantry to zone(-1, 1) in space (0, -3) tick=1
2026/09/30 21:20:37 Moving unit 6 Blunt Infantry to zone(1, 0) in space (0, -3) tick=1
2026/09/30 21:20:37 Moving unit 24 Piercing Infantry to zone(-1, 1) in space (0, -3) tick=1
2026/09/30 21:20:37 Moving unit 27 Heavy Infantry to zone(-1, 1) in space (0, -3) tick=1
2026/09/30 21:20:37 Moving unit 2 Blunt Infantry to zone(-1, 1) in space (0, -3) tick=1
2026/09/30 21:20:37 Moving unit 10 Blunt Infantry to zone(-1, 1) in space (0, -3) tick=1
2026/09/30 21:20:37 Moving unit 20 Piercing Infantry to zone(-1, 1) in space (0, -3) tick=1
2026/09/30 21:20:37 Moving unit 1 Blunt Infantry to zone(-1, 1) in space (0, -3) tick=1
2026/09/30 21:20:37 Moving unit 4 Blunt Infantry to zone(0, 1) in space (0, -3) tick=1
2026/09/30 21:20:37 Moving unit 15 Blunt Infantry to zone(-1, 1) in space (0, -3) tick=1
2026/09/30 21:20:37 Moving unit 9 Blunt Infantry to zone(-1, 1) in space (0, -3) tick=1
2026/09/30 21:20:37 Moving unit 17 Piercing Infantry to zone(-1, 1) in space (0, -3) tick=1
2026/09/30 21:20:37 Moving unit 14 Blunt Infantry to zone(-1, 1) in space (0, -3) tick=1
2026/09/30 21:20:37 Moving unit 7 Blunt Infantry to zone(-1, 1) in space (0, -3) tick=1
2026/09/30 21:20:37 Moving unit 19 Piercing Infantry to zone(-1, 1) in space (0, -3) tick=1
2026/09/30 21:20:37 Moving unit 22 Piercing Infantry to zone(-1, 1) in space (0, -3) tick=1
2026/09/30 21:20:37 Moving unit 29 Heavy Infantry to zone(-1, 1) in space (0, -3) tick=1
2026/09/30 21:20:37 Moving unit 21 Piercing Infantry to zone(-1, 1) in space (0, -3) tick=1
2026/09/30 21:20:37 Moving unit 8 Blunt Infantry to zone(-1, 1) in space (0, -3) tick=1
2026/09/30 21:20:37 Moving unit 11 Blunt Infantry to zone(-1, 1) in space (0, -3) tick=1
2026/09/30 21:20:37 Moving unit 12 Blunt Infantry to zone(-1, 1) in space (0, -3) tick=1
2026/09/30 21:20:37 Moving unit 13 Blunt Infantry to zone(-1, 1) in space (0, -3) tick=1
2026/09/30 21:20:37 Moving unit 16 Blunt Infantry to zone(-1, 1) in space (0, -3) tick=1
2026/09/30 21:20:37 Moving unit 30 Heavy Infantry to zone(-1, 1) in space (0, -3) tick=1
2026/09/30 21:20:37 Moving unit 3 Blunt Infantry to zone(0, 1) in space (0, -3) tick=1
2026/09/30 21:20:37 Moving unit 31 Blunt Infantry to zone(-1, 0) in space (0, 3) tick=1
2026/09/30 21:20:37 state_hash turn=1 tick=1 hash=245e488bf204ae95
2026/09/30 21:20:37 Moving unit 19 Piercing Infantry to zone(1, -1) in space (-1, -2) tick=2
2026/09/30 21:20:37 Moving unit 22 Piercing Infantry to zone(1, -1) in space (-1, -2) tick=2
2026/09/30 21:20:37 Moving unit 29 Heavy Infantry to zone(1, -1) in space (-1, -2) tick=2
2026/09/30 21:20:37 Moving unit 21 Piercing Infantry to zone(1, -1) in space (-1, -2) tick=2
2026/09/30 21:20:37 Moving unit 8 Blunt Infantry to zone(1, -1) in space (-1, -2) tick=2
2026/09/30 21:20:37 Moving unit 11 Blunt Infantry to zone(1, -1) in space (-1, -2) tick=2
2026/09/30 21:20:37 Moving unit 12 Blunt Infantry to zone(1, -1) in space (-1, -2) tick=2
2026/09/30 21:20:37 Moving unit 13 Blunt Infantry to zone(1, -1) in space (-1, -2) tick=2
2026/09/30 21:20:37 Moving unit 16 Blunt Infantry to zone(1, -1) in space (-1, -2) tick=2
2026/09/30 21:20:37 Moving unit 30 Heavy Infantry to zone(1, -1) in space (-1, -2) tick=2
2026/09/30 21:20:37 Moving unit 3 Blunt Infantry to zone(0, -1) in space (0, -2) tick=2
2026/09/30 21:20:37 Moving unit 5 Blunt Infantry to zone(-1, 0) in space (1, -3) tick=2
2026/09/30 21:20:37 Moving unit 18 Piercing Infantry to zone(1, -1) in space (-1, -2) tick=2
2026/09/30 21:20:37 Moving unit 23 Piercing Infantry to zone(1, -1) in space (-1, -2) tick=2
2026/09/30 21:20:37 Moving unit 25 Heavy Infantry to zone(1, -1) in space (-1, -2) tick=2
2026/09/30 21:20:37 Moving unit 26 Heavy Infantry to zone(1, -1) in space (-1, -2) tick=2
2026/09/30 21:20:37 Moving unit 28 Heavy Infantry to zone(1, -1) in space (-1, -2) tick=2
2026/09/30 21:20:37 Moving unit 6 Blunt Infantry to zone(-1, 0) in space (1, -3) tick=2
2026/09/30 21:20:37 Moving unit 24 Piercing Infantry to zone(1, -1) in space (-1, -2) tick=2
2026/09/30 21:20:37 Moving unit 27 Heavy Infantry to zone(1, -1) in space (-1, -2) tick=2
2026/09/30 21:20:37 Moving unit 2 Blunt Infantry to zone(1, -1) in space (-1, -2) tick=2
2026/09/30 21:20:37 Moving unit 10 Blunt Infantry to zone(1, -1) in space (-1, -2) tick=2
2026/09/30 21:20:37 Moving unit 20 Piercing Infantry to zone(1, -1) in space (-1, -2) tick=2
2026/09/30 21:20:37 Moving unit 1 Blunt Infantry to zone(1, -1) in space (-1, -2) tick=2
2026/09/30 21:20:37 Moving unit 4 Blunt Infantry to zone(0, -1) in space (0, -2) tick=2
2026/09/30 21:20:37 Moving unit 15 Blunt Infantry to zone(1, -1) in space (-1, -2) tick=2
2026/09/30 21:20:37 Moving unit 9 Blunt Infantry to zone(1, -1) in space (-1, -2) tick=2
2026/09/30 21:20:37 Moving unit 17 Piercing Infantry to zone(1, -1) in space (-1, -2) tick=2
2026/09/30 21:20:37 Moving unit 14 Blunt Infantry to zone(1, -1) in space (-1, -2) tick=2
2026/09/30 21:20:37 Moving unit 7 Blunt Infantry to zone(1, -1) in space (-1, -2) tick=2
2026/09/30 21:20:37 Moving unit 31 Blunt Infantry to zone(1, 0) in space (-1, 3) tick=2
2026/09/30 21:20:37 state_hash turn=1 tick=2 hash=2e8bfe5d5f3c6ded
2026/09/30 21:20:37 Moving unit 7 Blunt Infantry to zone(0, 0) in space (-1, -2) tick=3
2026/09/30 21:20:37 Moving unit 19 Piercing Infantry to zone(0, 0) in space (-1, -2) tick=3
2026/09/30 21:20:37 Moving unit 22 Piercing Infantry to zone(0, 0) in space (-1, -2) tick=3
2026/09/30 21:20:37 Moving unit 29 Heavy Infantry to zone(0, 0) in space (-1, -2) tick=3
2026/09/30 21:20:37 Moving unit 21 Piercing Infantry to zone(0, 0) in space (-1, -2) tick=3
2026/09/30 21:20:37 Moving unit 8 Blunt Infantry to zone(0, 0) in space (-1, -2) tick=3
2026/09/30 21:20:37 Moving unit 11 Blunt Infantry to zone(0, 0) in space (-1, -2) tick=3
2026/09/30 21:20:37 Moving unit 12 Blunt Infantry to zone(0, 0) in space (-1, -2) tick=3
2026/09/30 21:20:37 Moving unit 13 Blunt Infantry to zone(0, 0) in space (-1, -2) tick=3
2026/09/30 21:20:37 Moving unit 16 Blunt Infantry to zone(0, 0) in space (-1, -2) tick=3
2026/09/30 21:20:37 Moving unit 30 Heavy Infantry to zone(0, 0) in space (-1, -2) tick=3
2026/09/30 21:20:37 Moving unit 3 Blunt Infantry to zone(0, 0) in space (0, -2) tick=3
2026/09/30 21:20:37 Moving unit 5 Blunt Infantry to zone(0, 0) in space (1, -3) tick=3
2026/09/30 21:20:37 Moving unit 18 Piercing Infantry to zone(0, 0) in space (-1, -2) tick=3
2026/09/30 21:20:37 Moving unit 23 Piercing Infantry to zone(0, 0) in space (-1, -2) tick=3
2026/09/30 21:20:37 Moving unit 25 Heavy Infantry to zone(0, 0) in space (-1, -2) tick=3
2026/09/30 21:20:37 Moving unit 26 Heavy Infantry to zone(0, 0) in space (-1, -2) tick=3
2026/09/30 21:20:37 Moving unit 28 Heavy Infantry to zone(0, 0) in space (-1, -2) tick=3
2026/09/30 21:20:37 Moving unit 6 Blunt Infantry to zone(0, 0) in space (1, -3) tick=3
2026/09/30 21:20:37 Moving unit 24 Piercing Infantry to zone(0, 0) in space (-1, -2) tick=3
2026/09/30 21:20:37 Moving unit 27 Heavy Infantry to zone(0, 0) in space (-1, -2) tick=3
2026/09/30 21:20:37 Moving unit 2 Blunt Infantry to zone(0, 0) in space (-1, -2) tick=3
2026/09/30 21:20:37 Moving unit 10 Blunt Infantry to zone(0, 0) in space (-1, -2) tick=3
2026/09/30 21:20:37 Moving unit 20 Piercing Infantry to zone(0, 0) in space (-1, -2) tick=3
2026/09/30 21:20:37 Moving unit 1 Blunt Infantry to zone(0, 0) in space (-1, -2) tick=3
2026/09/30 21:20:37 Moving unit 4 Blunt Infantry to zone(0, 0) in space (0, -2) tick=3
2026/09/30 21:20:37 Moving unit 15 Blunt Infantry to zone(0, 0) in space (-1, -2) tick=3
2026/09/30 21:20:37 Moving unit 9 Blunt Infantry to zone(0, 0) in space (-1, -2) tick=3
2026/09/30 21:20:37 Moving unit 17 Piercing Infantry to zone(0, 0) in space (-1, -2) tick=3
2026/09/30 21:20:37 Moving unit 14 Blunt Infantry to zone(0, 0) in space (-1, -2) tick=3
2026/09/30 21:20:37 Moving unit 31 Blunt Infantry to zone(0, 0) in space (-1, 3) tick=3
2026/09/30 21:20:37 state_hash turn=1 tick=3 hash=faaff33c5f02e063
2026/09/30 21:20:37 Moving unit 2 Blunt Infantry to zone(-1, 1) in space (-1, -2) tick=4
2026/09/30 21:20:37 Moving unit 10 Blunt Infantry to zone(-1, 0) in space (-1, -2) tick=4
2026/09/30 21:20:37 Moving unit 20 Piercing Infantry to zone(-1, 0) in space (-1, -2) tick=4
2026/09/30 21:20:37 Moving unit 1 Blunt Infantry to zone(-1, 0) in space (-1, -2) tick=4
2026/09/30 21:20:37 Moving unit 4 Blunt Infantry to zone(0, 1) in space (0, -2) tick=4
2026/09/30 21:20:37 Moving unit 15 Blunt Infantry to zone(-1, 0) in space (-1, -2) tick=4
2026/09/30 21:20:37 Moving unit 9 Blunt Infantry to zone(-1, 0) in space (-1, -2) tick=4
2026/09/30 21:20:37 Moving unit 17 Piercing Infantry to zone(-1, 0) in space (-1, -2) tick=4
2026/09/30 21:20:37 Moving unit 14 Blunt Infantry to zone(-1, 0) in space (-1, -2) tick=4
2026/09/30 21:20:37 Moving unit 7 Blunt Infantry to zone(-1, 0) in space (-1, -2) tick=4
2026/09/30 21:20:37 Moving unit 19 Piercing Infantry to zone(-1, 0) in space (-1, -2) tick=4
2026/09/30 21:20:37 Moving unit 22 Piercing Infantry to zone(-1, 0) in space (-1, -2) tick=4
2026/09/30 21:20:37 Moving unit 21 Piercing Infantry to zone(-1, 0) in space (-1, -2) tick=4
2026/09/30 21:20:37 Moving unit 8 Blunt Infantry to zone(-1, 0) in space (-1, -2) tick=4
2026/09/30 21:20:37 Moving unit 11 Blunt Infantry to zone(-1, 0) in space (-1, -2) tick=4
2026/09/30 21:20:37 Moving unit 12 Blunt Infantry to zone(-1, 0) in space (-1, -2) tick=4
2026/09/30 21:20:37 Moving unit 13 Blunt Infantry to zone(-1, 0) in space (-1, -2) tick=4
2026/09/30 21:20:37 Moving unit 16 Blunt Infantry to zone(-1, 0) in space (-1, -2) tick=4
2026/09/30 21:20:37 Moving unit 3 Blunt Infantry to zone(-1, 1) in space (0, -2) tick=4
2026/09/30 21:20:37 Moving unit 5 Blunt Infantry to zone(0, 1) in space (1, -3) tick=4
2026/09/30 21:20:37 Moving unit 18 Piercing Infantry to zone(-1, 0) in space (-1, -2) tick=4
2026/09/30 21:20:37 Moving unit 23 Piercing Infantry to zone(-1, 0) in space (-1, -2) tick=4
2026/09/30 21:20:37 Moving unit 6 Blunt Infantry to zone(1, -1) in space (1, -3) tick=4
2026/09/30 21:20:37 Moving unit 24 Piercing Infantry to zone(-1, 0) in space (-1, -2) tick=4
2026/09/30 21:20:37 Moving unit 31 Blunt Infantry to zone(-1, 0) in space (-1, 3) tick=4
2026/09/30 21:20:37 state_hash turn=1 tick=4 hash=b655518ffa4ca75c
2026/09/30 21:20:37 Moving unit 4 Blunt Infantry to zone(0, -1) in space (0, -1) tick=5
2026/09/30 21:20:37 Moving unit 15 Blunt Infantry to zone(1, 0) in space (-2, -2) tick=5
2026/09/30 21:20:37 Moving unit 9 Blunt Infantry to zone(1, 0) in space (-2, -2) tick=5
2026/09/30 21:20:37 Moving unit 14 Blunt Infantry to zone(1, 0) in space (-2, -2) tick=5
2026/09/30 21:20:37 Moving unit 7 Blunt Infantry to zone(1, 0) in space (-2, -2) tick=5
2026/09/30 21:20:37 Moving unit 8 Blunt Infantry to zone(1, 0) in space (-2, -2) tick=5
2026/09/30 21:20:37 Moving unit 11 Blunt Infantry to zone(1, 0) in space (-2, -2) tick=5
2026/09/30 21:20:37 Moving unit 12 Blunt Infantry to zone(1, 0) in space (-2, -2) tick=5
2026/09/30 21:20:37 Moving unit 13 Blunt Infantry to zone(1, 0) in space (-2, -2) tick=5
2026/09/30 21:20:37 Moving unit 16 Blunt Infantry to zone(1, 0) in space (-2, -2) tick=5
2026/09/30 21:20:37 Moving unit 3 Blunt Infantry to zone(1, -1) in space (-1, -1) tick=5
2026/09/30 21:20:37 Moving unit 5 Blunt Infantry to zone(0, -1) in space (1, -2) tick=5
2026/09/30 21:20:37 Moving unit 6 Blunt Infantry to zone(-1, 1) in space (2, -4) tick=5
2026/09/30 21:20:37 Moving unit 2 Blunt Infantry to zone(1, -1) in space (-2, -1) tick=5
2026/09/30 21:20:37 Moving unit 10 Blunt Infantry to zone(1, 0) in space (-2, -2) tick=5
2026/09/30 21:20:37 Moving unit 1 Blunt Infantry to zone(1, 0) in space (-2, -2) tick=5
2026/09/30 21:20:37 state_hash turn=1 tick=5 hash=33baf3d394b55c7f
2026/09/30 21:20:37 state_hash turn=1 tick=end hash=a0743bfdde1995c3
2026/09/30 21:20:37 ai ai-1: new turn data {"buildings":[],"enemy_buildings":[],"enemy_units":[],"foundations":[],"population":{"current":30,"limit":0},"resources":{"food":200,"gold":6,"stone":100,"wood":200},"spaces":[{"Space":{"X":0,"Y":-4},"Vision":0,"Owner":-1},{"Space":{"X":1,"Y":-4},"Vision":0,"Owner":-1},{"Space":{"X":2,"Y":-4},"Vision":0,"Owner":-1},{"Space":{"X":3,"Y":-4},"Vision":0,"Owner":-1},{"Space":{"X":4,"Y":-4},"Vision":0,"Owner":-1},{"Space":{"X":-1,"Y":-3},"Vision":0,"Owner":-1},{"Space":{"X":0,"Y":-3},"Vision":0,"Owner":-1},{"Space":{"X":1,"Y":-3},"Vision":0,"Owner":-1},{"Space":{"X":2,"Y":-3},"Vision":0,"Owner":-1},{"Space":{"X":3,"Y":-3},"Vision":0,"Owner":-1},{"Space":{"X":4,"Y":-3},"Vision":0,"Owner":-1},{"Space":{"X":-2,"Y":-2},"Vision":0,"Owner":-1},{"Space":{"X":-1,"Y":-2},"Vision":0,"Owner":-1},{"Space":{"X":0,"Y":-2},"Vision":0,"Owner":-1},{"Space":{"X":1,"Y":-2},"Vision":0,"Owner":-1},{"Space":{"X":2,"Y":-2},"Vision":0,"Owner":-1},{"Space":{"X":3,"Y":-2},"Vision":0,"Owner":-1},{"Space":{"X":4,"Y":-2},"Vision":0,"Owner":-1},{"Space":{"X":-3,"Y":-1},"Vision":0,"Owner":-1},{"Space":{"X":-2,"Y":-1},"Vision":0,"Owner":-1},{"Space":{"X":-1,"Y":-1},"Vision":0,"Owner":-1},{"Space":{"X":0,"Y":-1},"Vision":0,"Owner":-1},{"Space":{"X":1,"Y":-1},"Vision":0,"Owner":-1},{"Space":{"X":2,"Y":-1},"Vision":0,"Owner":-1},{"Space":{"X":3,"Y":-1},"Vision":0,"Owner":-1},{"Space":{"X":4,"Y":-1},"Vision":0,"Owner":-1},{"Space":{"X":-4,"Y":0},"Vision":0,"Owner":-1},{"Space":{"X":-3,"Y":0},"Vision":0,"Owner":-1},{"Space":{"X":-2,"Y":0},"Vision":0,"Owner":-1},{"Space":{"X":-1,"Y":0},"Vision":0,"Owner":-1},{"Space":{"X":0,"Y":0},"Vision":0,"Owner":-1},{"Space":{"X":1,"Y":0},"Vision":0,"Owner":-1},{"Space":{"X":2,"Y":0},"Vision":0,"Owner":-1},{"Space":{"X":3,"Y":0},"Vision":0,"Owner":-1},{"Space":{"X":4,"Y":0},"Vision":0,"Owner":-1},{"Space":{"X":-4,"Y":1},"Vision":0,"Owner":-1},{"Space":{"X":-3,"Y":1},"Vision":0,"Owner":-1},{"Space":{"X":-2,"Y":1},"Vision":0,"Owner":-1},{"Space":{"X":-1,"Y":1},"Vision":0,"Owner":-1},{"Space":{"X":0,"Y":1},"Vision":0,"Owner":-1},{"Space":{"X":1,"Y":1},"Vision":0,"Owner":-1},{"Space":{"X":2,"Y":1},"Vision":0,"Owner":-1},{"Space":{"X":3,"Y":1},"Vision":0,"Owner":-1},{"Space":{"X":-4,"Y":2},"Vision":0,"Owner":-1},{"Space":{"X":-3,"Y":2},"Vision":0,"Owner":-1},{"Space":{"X":-2,"Y":2},"Vision":0,"Owner":-1},{"Space":{"X":-1,"Y":2},"Vision":2,"Owner":-1},{"Space":{"X":0,"Y":2},"Vision":2,"Owner":-1},{"Space":{"X":1,"Y":2},"Vision":2,"Owner":-1},{"Space":{"X":2,"Y":2},"Vision":0,"Owner":-1},{"Space":{"X":-4,"Y":3},"Vision":0,"Owner":-1},{"Space":{"X":-3,"Y":3},"Vision":0,"Owner":-1},{"Space":{"X":-2,"Y":3},"Vision":3,"Owner":-1},{"Space":{"X":-1,"Y":3},"Vision":3,"Owner":1},{"Space":{"X":0,"Y":3},"Vision":3,"Owner":1},{"Space":{"X":1,"Y":3},"Vision":2,"Owner":-1},{"Space":{"X":-4,"Y":4},"Vision":0,"Owner":-1},{"Space":{"X":-3,"Y":4},"Vision":0,"Owner":-1},{"Space":{"X":-2,"Y":4},"Vision":2,"Owner":-1},{"Space":{"X":-1,"Y":4},"Vision":2,"Owner":-1},{"Space":{"X":0,"Y":4},"Vision":2,"Owner":-1}],"units":[{"InternalID":31,"UnitID":11,"Type":2,"Kind":1,"Location":{"Space":{"X":-1,"Y":3},"Zone":{"X":-1,"Y":0}},"CurrentStamina":21,"CurrentOrder":{"Kind":0,"TargetZone":{"Space":{"X":-2,"Y":3},"Zone":{"X":0,"Y":0}},"TargetSpace":null,"TargetResource":null,"TargetUnit":null,"TargetBuilding":null},"Builds":[],"GarrisonedIn":null,"Stance":3,"InterruptCurrent":false,"AttackBack":true,"TargetPriority":"","ActiveOrders":[{"ID":1,"Kind":0}],"Health":11,"MaxHealth":11},{"InternalID":32,"UnitID":11,"Type":2,"Kind":1,"Location":{"Space":{"X":0,"Y":3},"Zone":{"X":0,"Y":0}},"CurrentStamina":23,"CurrentOrder":null,"Builds":[],"GarrisonedIn":null,"Stance":3,"InterruptCurrent":false,"AttackBack":true,"TargetPriority":"","ActiveOrders":null,"Health":11,"MaxHealth":11},{"InternalID":33,"UnitID":11,"Type":2,"Kind":1,"Location":{"Space":{"X":0,"Y":3},"Zone":{"X":0,"Y":0}},"CurrentStamina":23,"CurrentOrder":null,"Builds":[],"GarrisonedIn":null,"Stance":3,"InterruptCurrent":false,"AttackBack":true,"TargetPriority":"","ActiveOrders":null,"Health":11,"MaxHealth":11},{"InternalID":34,"UnitID":11,"Type":2,"Kind":1,"Location":{"Space":{"X":0,"Y":3},"Zone":{"X":0,"Y":0}},"CurrentStamina":23,"CurrentOrder":null,"Builds":[],"GarrisonedIn":null,"Stance":3,"InterruptCurrent":false,"AttackBack":true,"TargetPriority":"","ActiveOrders":null,"Health":11,"MaxHealth":11},{"InternalID":35,"UnitID":11,"Type":2,"Kind":1,"Location":{"Space":{"X":0,"Y":3},"Zone":{"X":0,"Y":0}},"CurrentStamina":23,"CurrentOrder":null,"Builds":[],"GarrisonedIn":null,"Stance":3,"InterruptCurrent":false,"AttackBack":true,"TargetPriority":"","ActiveOrders":null,"Health":11,"MaxHealth":11},{"InternalID":36,"UnitID":11,"Type":2,"Kind":1,"Location":{"Space":{"X":0,"Y":3},"Zone":{"X":0,"Y":0}},"CurrentStamina":23,"CurrentOrder":null,"Builds":[],"GarrisonedIn":null,"Stance":3,"InterruptCurrent":false,"AttackBack":true,"TargetPriority":"","ActiveOrders":null,"Health":11,"MaxHealth":11},{"InternalID":37,"UnitID":11,"Type":2,"Kind":1,"Location":{"Space":{"X":0,"Y":3},"Zone":{"X":0,"Y":0}},"CurrentStamina":23,"CurrentOrder":null,"Builds":[],"GarrisonedIn":null,"Stance":3,"InterruptCurrent":false,"AttackBack":true,"TargetPriority":"","ActiveOrders":null,"Health":11,"MaxHealth":11},{"InternalID":38,"UnitID":11,"Type":2,"Kind":1,"Location":{"Space":{"X":0,"Y":3},"Zone":{"X":0,"Y":0}},"CurrentStamina":23,"CurrentOrder":null,"Builds":[],"GarrisonedIn":null,"Stance":3,"InterruptCurrent":false,"AttackBack":true,"TargetPriority":"","ActiveOrders":null,"Health":11,"MaxHealth":11},{"InternalID":39,"UnitID":11,"Type":2,"Kind":1,"Location":{"Space":{"X":0,"Y":3},"Zone":{"X":0,"Y":0}},"CurrentStamina":23,"CurrentOrder":null,"Builds":[],"GarrisonedIn":null,"Stance":3,"InterruptCurrent":false,"AttackBack":true,"TargetPriority":"","ActiveOrders":null,"Health":11,"MaxHealth":11},{"InternalID":40,"UnitID":11,"Type":2,"Kind":1,"Location":{"Space":{"X":0,"Y":3},"Zone":{"X":0,"Y":0}},"CurrentStamina":23,"CurrentOrder":null,"Builds":[],"GarrisonedIn":null,"Stance":3,"InterruptCurrent":false,"AttackBack":true,"TargetPriority":"","ActiveOrders":null,"Health":11,"MaxHealth":11},{"InternalID":41,"UnitID":11,"Type":2,"Kind":1,"Location":{"Space":{"X":0,"Y":3},"Zone":{"X":0,"Y":0}},"CurrentStamina":23,"CurrentOrder":null,"Builds":[],"GarrisonedIn":null,"Stance":3,"InterruptCurrent":false,"AttackBack":true,"TargetPriority":"","ActiveOrders":null,"Health":11,"MaxHealth":11},{"InternalID":42,"UnitID":11,"Type":2,"Kind":1,"Location":{"Space":{"X":0,"Y":3},"Zone":{"X":0,"Y":0}},"CurrentStamina":23,"CurrentOrder":null,"Builds":[],"GarrisonedIn":null,"Stance":3,"InterruptCurrent":false,"AttackBack":true,"TargetPriority":"","ActiveOrders":null,"Health":11,"MaxHealth":11},{"InternalID":43,"UnitID":11,"Type":2,"Kind":1,"Location":{"Space":{"X":0,"Y":3},"Zone":{"X":0,"Y":0}},"CurrentStamina":23,"CurrentOrder":null,"Builds":[],"GarrisonedIn":null,"Stance":3,"InterruptCurrent":false,"AttackBack":true,"TargetPriority":"","ActiveOrders":null,"Health":11,"MaxHealth":11},{"InternalID":44,"UnitID":11,"Type":2,"Kind":1,"Location":{"Space":{"X":0,"Y":3},"Zone":{"X":0,"Y":0}},"CurrentStamina":23,"CurrentOrder":null,"Builds":[],"GarrisonedIn":null,"Stance":3,"InterruptCurrent":false,"AttackBack":true,"TargetPriority":"","ActiveOrders":null,"Health":11,"MaxHealth":11},{"InternalID":45,"UnitID":11,"Type":2,"Kind":1,"Location":{"Space":{"X":0,"Y":3},"Zone":{"X":0,"Y":0}},"CurrentStamina":23,"CurrentOrder":null,"Builds":[],"GarrisonedIn":null,"Stance":3,"InterruptCurrent":false,"AttackBack":true,"TargetPriority":"","ActiveOrders":null,"Health":11,"MaxHealth":11},{"InternalID":46,"UnitID":11,"Type":2,"Kind":1,"Location":{"Space":{"X":0,"Y":3},"Zone":{"X":0,"Y":0}},"CurrentStamina":23,"CurrentOrder":null,"Builds":[],"GarrisonedIn":null,"Stance":3,"InterruptCurrent":false,"AttackBack":true,"TargetPriority":"","ActiveOrders":null,"Health":11,"MaxHealth":11},{"InternalID":47,"UnitID":12,"Type":2,"Kind":1,"Location":{"Space":{"X":0,"Y":3},"Zone":{"X":0,"Y":0}},"CurrentStamina":18,"CurrentOrder":null,"Builds":[],"GarrisonedIn":null,"Stance":3,"InterruptCurrent":false,"AttackBack":true,"TargetPriority":"","ActiveOrders":null,"Health":16,"MaxHealth":16},{"InternalID":48,"UnitID":12,"Type":2,"Kind":1,"Location":{"Space":{"X":0,"Y":3},"Zone":{"X":0,"Y":0}},"CurrentStamina":18,"CurrentOrder":null,"Builds":[],"GarrisonedIn":null,"Stance":3,"InterruptCurrent":false,"AttackBack":true,"TargetPriority":"","ActiveOrders":null,"Health":16,"MaxHealth":16},{"InternalID":49,"UnitID":12,"Type":2,"Kind":1,"Location":{"Space":{"X":0,"Y":3},"Zone":{"X":0,"Y":0}},"CurrentStamina":18,"CurrentOrder":null,"Builds":[],"GarrisonedIn":null,"Stance":3,"InterruptCurrent":false,"AttackBack":true,"TargetPriority":"","ActiveOrders":null,"Health":16,"MaxHealth":16},{"InternalID":50,"UnitID":12,"Type":2,"Kind":1,"Location":{"Space":{"X":0,"Y":3},"Zone":{"X":0,"Y":0}},"CurrentStamina":18,"CurrentOrder":null,"Builds":[],"GarrisonedIn":null,"Stance":3,"InterruptCurrent":false,"AttackBack":true,"TargetPriority":"","ActiveOrders":null,"Health":16,"MaxHealth":16},{"InternalID":51,"UnitID":12,"Type":2,"Kind":1,"Location":{"Space":{"X":0,"Y":3},"Zone":{"X":0,"Y":0}},"CurrentStamina":18,"CurrentOrder":null,"Builds":[],"GarrisonedIn":null,"Stance":3,"InterruptCurrent":false,"AttackBack":true,"TargetPriority":"","ActiveOrders":null,"Health":16,"MaxHealth":16},{"InternalID":52,"UnitID":12,"Type":2,"Kind":1,"Location":{"Space":{"X":0,"Y":3},"Zone":{"X":0,"Y":0}},"CurrentStamina":18,"CurrentOrder":null,"Builds":[],"GarrisonedIn":null,"Stance":3,"InterruptCurrent":false,"AttackBack":true,"TargetPriority":"","ActiveOrders":null,"Health":16,"MaxHealth":16},{"InternalID":53,"UnitID":12,"Type":2,"Kind":1,"Location":{"Space":{"X":0,"Y":3},"Zone":{"X":0,"Y":0}},"CurrentStamina":18,"CurrentOrder":null,"Builds":[],"GarrisonedIn":null,"Stance":3,"InterruptCurrent":false,"AttackBack":true,"TargetPriority":"","ActiveOrders":null,"Health":16,"MaxHealth":16},{"InternalID":54,"UnitID":12,"Type":2,"Kind":1,"Location":{"Space":{"X":0,"Y":3},"Zone":{"X":0,"Y":0}},"CurrentStamina":18,"CurrentOrder":null,"Builds":[],"GarrisonedIn":null,"Stance":3,"InterruptCurrent":false,"AttackBack":true,"TargetPriority":"","ActiveOrders":null,"Health":16,"MaxHealth":16},{"InternalID":55,"UnitID":13,"Type":2,"Kind":1,"Location":{"Space":{"X":0,"Y":3},"Zone":{"X":0,"Y":0}},"CurrentStamina":12,"CurrentOrder":null,"Builds":[],"GarrisonedIn":null,"Stance":3,"InterruptCurrent":false,"AttackBack":true,"TargetPriority":"","ActiveOrders":null,"Health":50,"MaxHealth":50},{"InternalID":56,"UnitID":13,"Type":2,"Kind":1,"Location":{"Space":{"X":0,"Y":3},"Zone":{"X":0,"Y":0}},"CurrentStamina":12,"CurrentOrder":null,"Builds":[],"GarrisonedIn":null,"Stance":3,"InterruptCurrent":false,"AttackBack":true,"TargetPriority":"","ActiveOrders":null,"Health":50,"MaxHealth":50},{"InternalID":57,"UnitID":13,"Type":2,"Kind":1,"Location":{"Space":{"X":0,"Y":3},"Zone":{"X":0,"Y":0}},"CurrentStamina":12,"CurrentOrder":null,"Builds":[],"GarrisonedIn":null,"Stance":3,"InterruptCurrent":false,"AttackBack":true,"TargetPriority":"","ActiveOrders":null,"Health":50,"MaxHealth":50},{"InternalID":58,"UnitID":13,"Type":2,"Kind":1,"Location":{"Space":{"X":0,"Y":3},"Zone":{"X":0,"Y":0}},"CurrentStamina":12,"CurrentOrder":null,"Builds":[],"GarrisonedIn":null,"Stance":3,"InterruptCurrent":false,"AttackBack":true,"TargetPriority":"","ActiveOrders":null,"Health":50,"MaxHealth":50},{"InternalID":59,"UnitID":13,"Type":2,"Kind":1,"Location":{"Space":{"X":0,"Y":3},"Zone":{"X":0,"Y":0}},"CurrentStamina":12,"CurrentOrder":null,"Builds":[],"GarrisonedIn":null,"Stance":3,"InterruptCurrent":false,"AttackBack":true,"TargetPriority":"","ActiveOrders":null,"Health":50,"MaxHealth":50},{"InternalID":60,"UnitID":13,"Type":2,"Kind":1,"Location":{"Space":{"X":0,"Y":3},"Zone":{"X":0,"Y":0}},"CurrentStamina":12,"CurrentOrder":null,"Builds":[],"GarrisonedIn":null,"Stance":3,"InterruptCurrent":false,"AttackBack":true,"TargetPriority":"","ActiveOrders":null,"Health":50,"MaxHealth":50}]}
2026/09/30 21:20:37 ai ai-1: submitting orders []
2026/09/30 21:20:37 ai ai-1: vars {}
2026/09/30 21:20:37 player action: submit-orders 0 2 map[orders:[]]
2026/09/30 21:20:37 Executing submit orders for: 1 []
2026/09/30 21:20:37 ai ai-0: new turn data {"buildings":[],"enemy_buildings":[],"enemy_units":[],"foundations":[],"population":{"current":30,"limit":0},"resources":{"food":200,"gold":16,"stone":100,"wood":200},"spaces":[{"Space":{"X":0,"Y":-4},"Vision":1,"Owner":-1},{"Space":{"X":1,"Y":-4},"Vision":2,"Owner":-1},{"Space":{"X":2,"Y":-4},"Vision":3,"Owner":0},{"Space":{"X":3,"Y":-4},"Vision":2,"Owner":-1},{"Space":{"X":4,"Y":-4},"Vision":0,"Owner":-1},{"Space":{"X":-1,"Y":-3},"Vision":2,"Owner":-1},{"Space":{"X":0,"Y":-3},"Vision":2,"Owner":-1},{"Space":{"X":1,"Y":-3},"Vision":3,"Owner":-1},{"Space":{"X":2,"Y":-3},"Vision":2,"Owner":-1},{"Space":{"X":3,"Y":-3},"Vision":0,"Owner":-1},{"Space":{"X":4,"Y":-3},"Vision":0,"Owner":-1},{"Space":{"X":-2,"Y":-2},"Vision":3,"Owner":0},{"Space":{"X":-1,"Y":-2},"Vision":3,"Owner":0},{"Space":{"X":0,"Y":-2},"Vision":3,"Owner":-1},{"Space":{"X":1,"Y":-2},"Vision":3,"Owner":0},{"Space":{"X":2,"Y":-2},"Vision":2,"Owner":-1},{"Space":{"X":3,"Y":-2},"Vision":0,"Owner":-1},{"Space":{"X":4,"Y":-2},"Vision":0,"Owner":-1},{"Space":{"X":-3,"Y":-1},"Vision":2,"Owner":-1},{"Space":{"X":-2,"Y":-1},"Vision":3,"Owner":0},{"Space":{"X":-1,"Y":-1},"Vision":3,"Owner":0},{"Space":{"X":0,"Y":-1},"Vision":3,"Owner":0},{"Space":{"X":1,"Y":-1},"Vision":2,"Owner":-1},{"Space":{"X":2,"Y":-1},"Vision":0,"Owner":-1},{"Space":{"X":3,"Y":-1},"Vision":0,"Owner":-1},{"Space":{"X":4,"Y":-1},"Vision":0,"Owner":-1},{"Space":{"X":-4,"Y":0},"Vision":0,"Owner":-1},{"Space":{"X":-3,"Y":0},"Vision":2,"Owner":-1},{"Space":{"X":-2,"Y":0},"Vision":2,"Owner":-1},{"Space":{"X":-1,"Y":0},"Vision":2,"Owner":-1},{"Space":{"X":0,"Y":0},"Vision":2,"Owner":-1},{"Space":{"X":1,"Y":0},"Vision":0,"Owner":-1},{"Space":{"X":2,"Y":0},"Vision":0,"Owner":-1},{"Space":{"X":3,"Y":0},"Vision":0,"Owner":-1},{"Space":{"X":4,"Y":0},"Vision":0,"Owner":-1},{"Space":{"X":-4,"Y":1},"Vision":0,"Owner":-1},{"Space":{"X":-3,"Y":1},"Vision":0,"Owner":-1},{"Space":{"X":-2,"Y":1},"Vision":0,"Owner":-1},{"Space":{"X":-1,"Y":1},"Vision":0,"Owner":-1},{"Space":{"X":0,"Y":1},"Vision":0,"Owner":-1},{"Space":{"X":1,"Y":1},"Vision":0,"Owner":-1},{"Space":{"X":2,"Y":1},"Vision":0,"Owner":-1},{"Space":{"X":3,"Y":1},"Vision":0,"Owner":-1},{"Space":{"X":-4,"Y":2},"Vision":0,"Owner":-1},{"Space":{"X":-3,"Y":2},"Vision":0,"Owner":-1},{"Space":{"X":-2,"Y":2},"Vision":0,"Owner":-1},{"Space":{"X":-1,"Y":2},"Vision":0,"Owner":-1},{"Space":{"X":0,"Y":2},"Vision":0,"Owner":-1},{"Space":{"X":1,"Y":2},"Vision":0,"Owner":-1},{"Space":{"X":2,"Y":2},"Vision":0,"Owner":-1},{"Space":{"X":-4,"Y":3},"Vision":0,"Owner":-1},{"Space":{"X":-3,"Y":3},"Vision":0,"Owner":-1},{"Space":{"X":-2,"Y":3},"Vision":0,"Owner":-1},{"Space":{"X":-1,"Y":3},"Vision":0,"Owner":-1},{"Space":{"X":0,"Y":3},"Vision":0,"Owner":-1},{"Space":{"X":1,"Y":3},"Vision":0,"Owner":-1},{"Space":{"X":-4,"Y":4},"Vision":0,"Owner":-1},{"Space":{"X":-3,"Y":4},"Vision":0,"Owner":-1},{"Space":{"X":-2,"Y":4},"Vision":0,"Owner":-1},{"Space":{"X":-1,"Y":4},"Vision":0,"Owner":-1},{"Space":{"X":0,"Y":4},"Vision":0,"Owner":-1}],"units":[{"InternalID":1,"UnitID":11,"Type":2,"Kind":1,"Location":{"Space":{"X":-2,"Y":-2},"Zone":{"X":1,"Y":0}},"CurrentStamina":15,"CurrentOrder":{"Kind":0,"TargetZone":{"Space":{"X":-2,"Y":-2},"Zone":{"X":0,"Y":0}},"TargetSpace":null,"TargetResource":null,"TargetUnit":null,"TargetBuilding":null},"Builds":[],"GarrisonedIn":null,"Stance":3,"InterruptCurrent":true,"AttackBack":true,"TargetPriority":"","ActiveOrders":[{"ID":2,"Kind":0}],"Health":11,"MaxHealth":11},{"InternalID":2,"UnitID":11,"Type":2,"Kind":1,"Location":{"Space":{"X":-2,"Y":-1},"Zone":{"X":1,"Y":-1}},"CurrentStamina":15,"CurrentOrder":{"Kind":0,"TargetZone":{"Space":{"X":-2,"Y":-1},"Zone":{"X":0,"Y":0}},"TargetSpace":null,"TargetResource":null,"TargetUnit":null,"TargetBuilding":null},"Builds":[],"GarrisonedIn":null,"Stance":3,"InterruptCurrent":true,"AttackBack":true,"TargetPriority":"","ActiveOrders":[{"ID":3,"Kind":0}],"Health":11,"MaxHealth":11},{"InternalID":3,"UnitID":11,"Type":2,"Kind":1,"Location":{"Space":{"X":-1,"Y":-1},"Zone":{"X":1,"Y":-1}},"CurrentStamina":15,"CurrentOrder":{"Kind":0,"TargetZone":{"Space":{"X":-1,"Y":-1},"Zone":{"X":0,"Y":0}},"TargetSpace":null,"TargetResource":null,"TargetUnit":null,"TargetBuilding":null},"Builds":[],"GarrisonedIn":null,"Stance":3,"InterruptCurrent":true,"AttackBack":true,"TargetPriority":"","ActiveOrders":[{"ID":4,"Kind":0}],"Health":11,"MaxHealth":11},{"InternalID":4,"UnitID":11,"Type":2,"Kind":1,"Location":{"Space":{"X":0,"Y":-1},"Zone":{"X":0,"Y":-1}},"CurrentStamina":15,"CurrentOrder":{"Kind":0,"TargetZone":{"Space":{"X":0,"Y":-1},"Zone":{"X":0,"Y":0}},"TargetSpace":null,"TargetResource":null,"TargetUnit":null,"TargetBuilding":null},"Builds":[],"GarrisonedIn":null,"Stance":3,"InterruptCurrent":true,"AttackBack":true,"TargetPriority":"","ActiveOrders":[{"ID":5,"Kind":0}],"Health":11,"MaxHealth":11},{"InternalID":5,"UnitID":11,"Type":2,"Kind":1,"Location":{"Space":{"X":1,"Y":-2},"Zone":{"X":0,"Y":-1}},"CurrentStamina":15,"CurrentOrder":{"Kind":0,"TargetZone":{"Space":{"X":1,"Y":-2},"Zone":{"X":0,"Y":0}},"TargetSpace":null,"TargetResource":null,"TargetUnit":null,"TargetBuilding":null},"Builds":[],"GarrisonedIn":null,"Stance":3,"InterruptCurrent":true,"AttackBack":true,"TargetPriority":"","ActiveOrders":[{"ID":6,"Kind":0}],"Health":11,"MaxHealth":11},{"InternalID":6,"UnitID":11,"Type":2,"Kind":1,"Location":{"Space":{"X":2,"Y":-4},"Zone":{"X":-1,"Y":1}},"CurrentStamina":15,"CurrentOrder":{"Kind":0,"TargetZone":{"Space":{"X":2,"Y":-4},"Zone":{"X":0,"Y":0}},"TargetSpace":null,"TargetResource":null,"TargetUnit":null,"TargetBuilding":null},"Builds":[],"GarrisonedIn":null,"Stance":3,"InterruptCurrent":false,"AttackBack":true,"TargetPriority":"","ActiveOrders":[{"ID":7,"Kind":0}],"Health":11,"MaxHealth":11},{"InternalID":7,"UnitID":11,"Type":2,"Kind":1,"Location":{"Space":{"X":-2,"Y":-2},"Zone":{"X":1,"Y":0}},"CurrentStamina":15,"CurrentOrder":{"Kind":0,"TargetZone":{"Space":{"X":-2,"Y":-2},"Zone":{"X":0,"Y":0}},"TargetSpace":null,"TargetResource":null,"TargetUnit":null,"TargetBuilding":null},"Builds":[],"GarrisonedIn":null,"Stance":3,"InterruptCurrent":true,"AttackBack":true,"TargetPriority":"","ActiveOrders":[{"ID":8,"Kind":0}],"Health":11,"MaxHealth":11},{"InternalID":8,"UnitID":11,"Type":2,"Kind":1,"Location":{"Space":{"X":-2,"Y":-2},"Zone":{"X":1,"Y":0}},"CurrentStamina":15,"CurrentOrder":{"Kind":0,"TargetZone":{"Space":{"X":-2,"Y":-2},"Zone":{"X":0,"Y":0}},"TargetSpace":null,"TargetResource":null,"TargetUnit":null,"TargetBuilding":null},"Builds":[],"GarrisonedIn":null,"Stance":3,"InterruptCurrent":true,"AttackBack":true,"TargetPriority":"","ActiveOrders":[{"ID":9,"Kind":0}],"Health":11,"MaxHealth":11},{"InternalID":9,"UnitID":11,"Type":2,"Kind":1,"Location":{"Space":{"X":-2,"Y":-2},"Zone":{"X":1,"Y":0}},"CurrentStamina":15,"CurrentOrder":{"Kind":0,"TargetZone":{"Space":{"X":-2,"Y":-2},"Zone":{"X":0,"Y":0}},"TargetSpace":null,"TargetResource":null,"TargetUnit":null,"TargetBuilding":null},"Builds":[],"GarrisonedIn":null,"Stance":3,"InterruptCurrent":true,"AttackBack":true,"TargetPriority":"","ActiveOrders":[{"ID":10,"Kind":0}],"Health":11,"MaxHealth":11},{"InternalID":10,"UnitID":11,"Type":2,"Kind":1,"Location":{"Space":{"X":-2,"Y":-2},"Zone":{"X":1,"Y":0}},"CurrentStamina":15,"CurrentOrder":{"Kind":0,"TargetZone":{"Space":{"X":-2,"Y":-2},"Zone":{"X":0,"Y":0}},"TargetSpace":null,"TargetResource":null,"TargetUnit":null,"TargetBuilding":null},"Builds":[],"GarrisonedIn":null,"Stance":3,"InterruptCurrent":true,"AttackBack":true,"TargetPriority":"","ActiveOrders":[{"ID":11,"Kind":0}],"Health":11,"MaxHealth":11},{"InternalID":11,"UnitID":11,"Type":2,"Kind":1,"Location":{"Space":{"X":-2,"Y":-2},"Zone":{"X":1,"Y":0}},"CurrentStamina":15,"CurrentOrder":{"Kind":0,"TargetZone":{"Space":{"X":-2,"Y":-2},"Zone":{"X":0,"Y":0}},"TargetSpace":null,"TargetResource":null,"TargetUnit":null,"TargetBuilding":null},"Builds":[],"GarrisonedIn":null,"Stance":3,"InterruptCurrent":true,"AttackBack":true,"TargetPriority":"","ActiveOrders":[{"ID":12,"Kind":0}],"Health":11,"MaxHealth":11},{"InternalID":12,"UnitID":11,"Type":2,"Kind":1,"Location":{"Space":{"X":-2,"Y":-2},"Zone":{"X":1,"Y":0}},"CurrentStamina":15,"CurrentOrder":{"Kind":0,"TargetZone":{"Space":{"X":-2,"Y":-2},"Zone":{"X":0,"Y":0}},"TargetSpace":null,"TargetResource":null,"TargetUnit":null,"TargetBuilding":null},"Builds":[],"GarrisonedIn":null,"Stance":3,"InterruptCurrent":true,"AttackBack":true,"TargetPriority":"","ActiveOrders":[{"ID":13,"Kind":0}],"Health":11,"MaxHealth":11},{"InternalID":13,"UnitID":11,"Type":2,"Kind":1,"Location":{"Space":{"X":-2,"Y":-2},"Zone":{"X":1,"Y":0}},"CurrentStamina":15,"CurrentOrder":{"Kind":0,"TargetZone":{"Space":{"X":-2,"Y":-2},"Zone":{"X":0,"Y":0}},"TargetSpace":null,"TargetResource":null,"TargetUnit":null,"TargetBuilding":null},"Builds":[],"GarrisonedIn":null,"Stance":3,"InterruptCurrent":true,"AttackBack":true,"TargetPriority":"","ActiveOrders":[{"ID":14,"Kind":0}],"Health":11,"MaxHealth":11},{"InternalID":14,"UnitID":11,"Type":2,"Kind":1,"Location":{"Space":{"X":-2,"Y":-2},"Zone":{"X":1,"Y":0}},"CurrentStamina":15,"CurrentOrder":{"Kind":0,"TargetZone":{"Space":{"X":-2,"Y":-2},"Zone":{"X":0,"Y":0}},"TargetSpace":null,"TargetResource":null,"TargetUnit":null,"TargetBuilding":null},"Builds":[],"GarrisonedIn":null,"Stance":3,"InterruptCurrent":true,"AttackBack":true,"TargetPriority":"","ActiveOrders":[{"ID":15,"Kind":0}],"Health":11,"MaxHealth":11},{"InternalID":15,"UnitID":11,"Type":2,"Kind":1,"Location":{"Space":{"X":-2,"Y":-2},"Zone":{"X":1,"Y":0}},"CurrentStamina":15,"CurrentOrder":{"Kind":0,"TargetZone":{"Space":{"X":-2,"Y":-2},"Zone":{"X":0,"Y":0}},"TargetSpace":null,"TargetResource":null,"TargetUnit":null,"TargetBuilding":null},"Builds":[],"GarrisonedIn":null,"Stance":3,"InterruptCurrent":true,"AttackBack":true,"TargetPriority":"","ActiveOrders":[{"ID":16,"Kind":0}],"Health":11,"MaxHealth":11},{"InternalID":16,"UnitID":11,"Type":2,"Kind":1,"Location":{"Space":{"X":-2,"Y":-2},"Zone":{"X":1,"Y":0}},"CurrentStamina":15,"CurrentOrder":{"Kind":0,"TargetZone":{"Space":{"X":-2,"Y":-2},"Zone":{"X":0,"Y":0}},"TargetSpace":null,"TargetResource":null,"TargetUnit":null,"TargetBuilding":null},"Builds":[],"GarrisonedIn":null,"Stance":3,"InterruptCurrent":true,"AttackBack":true,"TargetPriority":"","ActiveOrders":[{"ID":17,"Kind":0}],"Health":11,"MaxHealth":11},{"InternalID":17,"UnitID":12,"Type":2,"Kind":1,"Location":{"Space":{"X":-1,"Y":-2},"Zone":{"X":-1,"Y":0}},"CurrentStamina":15,"CurrentOrder":{"Kind":0,"TargetZone":{"Space":{"X":-2,"Y":-2},"Zone":{"X":0,"Y":0}},"TargetSpace":null,"TargetResource":null,"TargetUnit":null,"TargetBuilding":null},"Builds":[],"GarrisonedIn":null,"Stance":3,"InterruptCurrent":true,"AttackBack":true,"TargetPriority":"","ActiveOrders":[{"ID":18,"Kind":0}],"Health":16,"MaxHealth":16},{"InternalID":18,"UnitID":12,"Type":2,"Kind":1,"Location":{"Space":{"X":-1,"Y":-2},"Zone":{"X":-1,"Y":0}},"CurrentStamina":15,"CurrentOrder":{"Kind":0,"TargetZone":{"Space":{"X":-2,"Y":-2},"Zone":{"X":0,"Y":0}},"TargetSpace":null,"TargetResource":null,"TargetUnit":null,"TargetBuilding":null},"Builds":[],"GarrisonedIn":null,"Stance":3,"InterruptCurrent":true,"AttackBack":true,"TargetPriority":"","ActiveOrders":[{"ID":19,"Kind":0}],"Health":16,"MaxHealth":16},{"InternalID":19,"UnitID":12,"Type":2,"Kind":1,"Location":{"Space":{"X":-1,"Y":-2},"Zone":{"X":-1,"Y":0}},"CurrentStamina":15,"CurrentOrder":{"Kind":0,"TargetZone":{"Space":{"X":-2,"Y":-2},"Zone":{"X":0,"Y":0}},"TargetSpace":null,"TargetResource":null,"TargetUnit":null,"TargetBuilding":null},"Builds":[],"GarrisonedIn":null,"Stance":3,"InterruptCurrent":true,"AttackBack":true,"TargetPriority":"","ActiveOrders":[{"ID":20,"Kind":0}],"Health":16,"MaxHealth":16},{"InternalID":20,"UnitID":12,"Type":2,"Kind":1,"Location":{"Space":{"X":-1,"Y":-2},"Zone":{"X":-1,"Y":0}},"CurrentStamina":15,"CurrentOrder":{"Kind":0,"TargetZone":{"Space":{"X":-2,"Y":-2},"Zone":{"X":0,"Y":0}},"TargetSpace":null,"TargetResource":null,"TargetUnit":null,"TargetBuilding":null},"Builds":[],"GarrisonedIn":null,"Stance":3,"InterruptCurrent":true,"AttackBack":true,"TargetPriority":"","ActiveOrders":[{"ID":21,"Kind":0}],"Health":16,"MaxHealth":16},{"InternalID":21,"UnitID":12,"Type":2,"Kind":1,"Location":{"Space":{"X":-1,"Y":-2},"Zone":{"X":-1,"Y":0}},"CurrentStamina":15,"CurrentOrder":{"Kind":0,"TargetZone":{"Space":{"X":-2,"Y":-2},"Zone":{"X":0,"Y":0}},"TargetSpace":null,"TargetResource":null,"TargetUnit":null,"TargetBuilding":null},"Builds":[],"GarrisonedIn":null,"Stance":3,"InterruptCurrent":true,"AttackBack":true,"TargetPriority":"","ActiveOrders":[{"ID":22,"Kind":0}],"Health":16,"MaxHealth":16},{"InternalID":22,"UnitID":12,"Type":2,"Kind":1,"Location":{"Space":{"X":-1,"Y":-2},"Zone":{"X":-1,"Y":0}},"CurrentStamina":15,"CurrentOrder":{"Kind":0,"TargetZone":{"Space":{"X":-2,"Y":-2},"Zone":{"X":0,"Y":0}},"TargetSpace":null,"TargetResource":null,"TargetUnit":null,"TargetBuilding":null},"Builds":[],"GarrisonedIn":null,"Stance":3,"InterruptCurrent":true,"AttackBack":true,"TargetPriority":"","ActiveOrders":[{"ID":23,"Kind":0}],"Health":16,"MaxHealth":16},{"InternalID":23,"UnitID":12,"Type":2,"Kind":1,"Location":{"Space":{"X":-1,"Y":-2},"Zone":{"X":-1,"Y":0}},"CurrentStamina":15,"CurrentOrder":{"Kind":0,"TargetZone":{"Space":{"X":-2,"Y":-2},"Zone":{"X":0,"Y":0}},"TargetSpace":null,"TargetResource":null,"TargetUnit":null,"TargetBuilding":null},"Builds":[],"GarrisonedIn":null,"Stance":3,"InterruptCurrent":true,"AttackBack":true,"TargetPriority":"","ActiveOrders":[{"ID":24,"Kind":0}],"Health":16,"MaxHealth":16},{"InternalID":24,"UnitID":12,"Type":2,"Kind":1,"Location":{"Space":{"X":-1,"Y":-2},"Zone":{"X":-1,"Y":0}},"CurrentStamina":15,"CurrentOrder":{"Kind":0,"TargetZone":{"Space":{"X":-2,"Y":-2},"Zone":{"X":0,"Y":0}},"TargetSpace":null,"TargetResource":null,"TargetUnit":null,"TargetBuilding":null},"Builds":[],"GarrisonedIn":null,"Stance":3,"InterruptCurrent":true,"AttackBack":true,"TargetPriority":"","ActiveOrders":[{"ID":25,"Kind":0}],"Health":16,"MaxHealth":16},{"InternalID":25,"UnitID":13,"Type":2,"Kind":1,"Location":{"Space":{"X":-1,"Y":-2},"Zone":{"X":0,"Y":0}},"CurrentStamina":8,"CurrentOrder":{"Kind":0,"TargetZone":{"Space":{"X":-2,"Y":-2},"Zone":{"X":0,"Y":0}},"TargetSpace":null,"TargetResource":null,"TargetUnit":null,"TargetBuilding":null},"Builds":[],"GarrisonedIn":null,"Stance":3,"InterruptCurrent":true,"AttackBack":true,"TargetPriority":"","ActiveOrders":[{"ID":26,"Kind":0}],"Health":50,"MaxHealth":50},{"InternalID":26,"UnitID":13,"Type":2,"Kind":1,"Location":{"Space":{"X":-1,"Y":-2},"Zone":{"X":0,"Y":0}},"CurrentStamina":8,"CurrentOrder":{"Kind":0,"TargetZone":{"Space":{"X":-2,"Y":-2},"Zone":{"X":0,"Y":0}},"TargetSpace":null,"TargetResource":null,"TargetUnit":null,"TargetBuilding":null},"Builds":[],"GarrisonedIn":null,"Stance":3,"InterruptCurrent":true,"AttackBack":true,"TargetPriority":"","ActiveOrders":[{"ID":27,"Kind":0}],"Health":50,"MaxHealth":50},{"InternalID":27,"UnitID":13,"Type":2,"Kind":1,"Location":{"Space":{"X":-1,"Y":-2},"Zone":{"X":0,"Y":0}},"CurrentStamina":8,"CurrentOrder":{"Kind":0,"TargetZone":{"Space":{"X":-2,"Y":-2},"Zone":{"X":0,"Y":0}},"TargetSpace":null,"TargetResource":null,"TargetUnit":null,"TargetBuilding":null},"Builds":[],"GarrisonedIn":null,"Stance":3,"InterruptCurrent":true,"AttackBack":true,"TargetPriority":"","ActiveOrders":[{"ID":28,"Kind":0}],"Health":50,"MaxHealth":50},{"InternalID":28,"UnitID":13,"Type":2,"Kind":1,"Location":{"Space":{"X":-1,"Y":-2},"Zone":{"X":0,"Y":0}},"CurrentStamina":8,"CurrentOrder":{"Kind":0,"TargetZone":{"Space":{"X":-2,"Y":-2},"Zone":{"X":0,"Y":0}},"TargetSpace":null,"TargetResource":null,"TargetUnit":null,"TargetBuilding":null},"Builds":[],"GarrisonedIn":null,"Stance":3,"InterruptCurrent":true,"AttackBack":true,"TargetPriority":"","ActiveOrders":[{"ID":29,"Kind":0}],"Health":50,"MaxHealth":50},{"InternalID":29,"UnitID":13,"Type":2,"Kind":1,"Location":{"Space":{"X":-1,"Y":-2},"Zone":{"X":0,"Y":0}},"CurrentStamina":8,"CurrentOrder":{"Kind":0,"TargetZone":{"Space":{"X":-2,"Y":-2},"Zone":{"X":0,"Y":0}},"TargetSpace":null,"TargetResource":null,"TargetUnit":null,"TargetBuilding":null},"Builds":[],"GarrisonedIn":null,"Stance":3,"InterruptCurrent":true,"AttackBack":true,"TargetPriority":"","ActiveOrders":[{"ID":30,"Kind":0}],"Health":50,"MaxHealth":50},{"InternalID":30,"UnitID":13,"Type":2,"Kind":1,"Location":{"Space":{"X":-1,"Y":-2},"Zone":{"X":0,"Y":0}},"CurrentStamina":8,"CurrentOrder":{"Kind":0,"TargetZone":{"Space":{"X":-2,"Y":-2},"Zone":{"X":0,"Y":0}},"TargetSpace":null,"TargetResource":null,"TargetUnit":null,"TargetBuilding":null},"Builds":[],"GarrisonedIn":null,"Stance":3,"InterruptCurrent":true,"AttackBack":true,"TargetPriority":"","ActiveOrders":[{"ID":31,"Kind":0}],"Health":50,"MaxHealth":50}]}
2026/09/30 21:20:37 ai ai-0: submitting orders []
2026/09/30 21:20:37 ai ai-0: vars {"B":16,"Hv":6,"Pi":8,"aPowLocal":0,"aThreat":0,"a_engaged":0,"a_odds":1.3,"a_outnumbered":0,"army_target":50,"army_value":3080,"assault":0,"bank_rate":28,"bar_barracks":0.17072129748186085,"bar_redoubt":1.1111111111111112,"barracks":0,"barracks_B":0,"barracks_P":0,"barracks_save":0,"barracks_spend":78.1,"barracks_want":0,"buffer_food":70,"buffer_gold":0,"buffer_stone":0,"buffer_wood":70,"builders":0,"committed":0,"eB":0,"eGrowth":0,"eH":0,"eMil":0,"eP":0,"ePow":0,"ePowEst":0,"ePowSeen":0,"eTech":1,"eV":0,"es":1,"farm_want":0,"farm_wood_short":0,"farming":0,"fire_barracks":0,"fire_farm0":0,"fire_farm1":0,"fire_farm2":0,"fire_house":0,"fire_outpost":0,"fire_redoubt":0,"fire_smith":0,"fire_vc":0,"food_need":0,"food_over":0,"food_rate":0,"food_slots":1000,"food_workers":0,"free_room":20,"go":0,"gold_income":14,"gold_need":0,"gold_rate":0,"gold_surplus":16,"guaranteed":0,"guard_home":0,"headroom":-30,"hire_B":861.5384615384614,"hire_P":1353.8461538461538,"homePow":0,"house_builders":0,"house_urgency":0,"house_want":0,"income_proj":0,"left":0,"lf_food":0,"lf_gold":0,"lf_stone":0,"lf_wood":0,"lump_food":0,"lump_gold":0,"lump_stone":0,"lump_wood":0,"maturity":0,"mil":30,"myTech":1,"n_barracks":0,"n_redoubts":0,"needB":19.99511837930193,"needP":0.00488162069807176,"outpost_want":0,"pikes":0,"planned_food":0,"planned_gold":0,"planned_stone":0,"planned_wood":0,"prod_rate":0,"proj_army":3080,"raid_danger":0,"raid_fails":0,"raid_lost":0,"raid_pause":0,"raid_prev":5,"raid_size":4.8,"raid_wiped":0,"rate":6,"redoubt_H":0,"redoubt_gold_ok":1,"redoubt_save":0,"redoubt_spend":30,"redoubt_want":0,"redoubts":0,"rf_food":0,"rf_gold":0,"rf_stone":0,"rf_wood":0,"sB4":256,"sP4":0.0625,"scale_l":0,"scale_r":0,"shareH":0.2,"smith_want":0,"smiths":0,"spare":0,"spare_food":0.5,"stone_need":0,"stone_rate":0,"tH":26,"target_spend":400,"tech_food":50,"tech_gold":0,"tech_stone":0,"tech_wood":50,"threat_home":0,"turns_left":-300,"u_barracks":0.2868117797695263,"u_redoubt":0.18666666666666668,"unit_spend":120,"vB":4,"vH":1,"vP":0.5,"vc_want":0,"vcs":0,"vil_goal":50,"vil_rate":0,"vil_stamina":8,"vil_want":0,"vil_want_last":0,"vil_worth_now":0.6,"vils":0,"w_food":0,"w_gold":0,"w_stone":0,"w_wood":0,"wild_workers":0,"wood_need":0,"wood_rate":0,"workers":0}
2026/09/30 21:20:37 player action: submit-orders 0 1 map[orders:[]]
2026/09/30 21:20:37 Executing submit orders for: 0 []
2026/09/30 21:20:37 Resolving active orders
2026/09/30 21:20:37 Moving unit 6 Blunt Infantry to zone(0, 0) in space (2, -4) tick=1
2026/09/30 21:20:37 Moving unit 24 Piercing Infantry to zone(1, 0) in space (-2, -2) tick=1
2026/09/30 21:20:37 Moving unit 27 Heavy Infantry to zone(-1, 0) in space (-1, -2) tick=1
2026/09/30 21:20:37 Moving unit 2 Blunt Infantry to zone(0, 0) in space (-2, -1) tick=1
2026/09/30 21:20:37 Moving unit 10 Blunt Infantry to zone(0, 0) in space (-2, -2) tick=1
2026/09/30 21:20:37 Moving unit 20 Piercing Infantry to zone(1, 0) in space (-2, -2) tick=1
2026/09/30 21:20:37 Moving unit 1 Blunt Infantry to zone(0, 0) in space (-2, -2) tick=1
2026/09/30 21:20:37 Moving unit 4 Blunt Infantry to zone(0, 0) in space (0, -1) tick=1
2026/09/30 21:20:37 Moving unit 15 Blunt Infantry to zone(0, 0) in space (-2, -2) tick=1
2026/09/30 21:20:37 Moving unit 9 Blunt Infantry to zone(0, 0) in space (-2, -2) tick=1
2026/09/30 21:20:37 Moving unit 17 Piercing Infantry to zone(1, 0) in space (-2, -2) tick=1
2026/09/30 21:20:37 Moving unit 14 Blunt Infantry to zone(0, 0) in space (-2, -2) tick=1
2026/09/30 21:20:37 Moving unit 7 Blunt Infantry to zone(0, 0) in space (-2, -2) tick=1
2026/09/30 21:20:37 Moving unit 19 Piercing Infantry to zone(1, 0) in space (-2, -2) tick=1
2026/09/30 21:20:37 Moving unit 22 Piercing Infantry to zone(1, 0) in space (-2, -2) tick=1
2026/09/30 21:20:37 Moving unit 29 Heavy Infantry to zone(-1, 0) in space (-1, -2) tick=1
2026/09/30 21:20:37 Moving unit 21 Piercing Infantry to zone(1, 0) in space (-2, -2) tick=1
2026/09/30 21:20:37 Moving unit 8 Blunt Infantry to zone(0, 0) in space (-2, -2) tick=1
2026/09/30 21:20:37 Moving unit 11 Blunt Infantry to zone(0, 0) in space (-2, -2) tick=1
2026/09/30 21:20:37 Moving unit 12 Blunt Infantry to zone(0, 0) in space (-2, -2) tick=1
2026/09/30 21:20:37 Moving unit 13 Blunt Infantry to zone(0, 0) in space (-2, -2) tick=1
2026/09/30 21:20:37 Moving unit 16 Blunt Infantry to zone(0, 0) in space (-2, -2) tick=1
2026/09/30 21:20:37 Moving unit 30 Heavy Infantry to zone(-1, 0) in space (-1, -2) tick=1
2026/09/30 21:20:37 Moving unit 3 Blunt Infantry to zone(0, 0) in space (-1, -1) tick=1
2026/09/30 21:20:37 Moving unit 5 Blunt Infantry to zone(0, 0) in space (1, -2) tick=1
2026/09/30 21:20:37 Moving unit 18 Piercing Infantry to zone(1, 0) in space (-2, -2) tick=1
2026/09/30 21:20:37 Moving unit 23 Piercing Infantry to zone(1, 0) in space (-2, -2) tick=1
2026/09/30 21:20:37 Moving unit 25 Heavy Infantry to zone(-1, 0) in space (-1, -2) tick=1
2026/09/30 21:20:37 Moving unit 26 Heavy Infantry to zone(-1, 0) in space (-1, -2) tick=1
2026/09/30 21:20:37 Moving unit 28 Heavy Infantry to zone(-1, 0) in space (-1, -2) tick=1
2026/09/30 21:20:37 Moving unit 31 Blunt Infantry to zone(1, 0) in space (-2, 3) tick=1
2026/09/30 21:20:37 state_hash turn=2 tick=1 hash=a23e146ce23b0aaa
2026/09/30 21:20:37 Moving unit 20 Piercing Infantry to zone(0, 0) in space (-2, -2) tick=2
2026/09/30 21:20:37 Moving unit 17 Piercing Infantry to zone(0, 0) in space (-2, -2) tick=2
2026/09/30 21:20:37 Moving unit 19 Piercing Infantry to zone(0, 0) in space (-2, -2) tick=2
2026/09/30 21:20:37 Moving unit 22 Piercing Infantry to zone(0, 0) in space (-2, -2) tick=2
2026/09/30 21:20:37 Moving unit 29 Heavy Infantry to zone(1, 0) in space (-2, -2) tick=2
2026/09/30 21:20:37 Moving unit 21 Piercing Infantry to zone(0, 0) in space (-2, -2) tick=2
2026/09/30 21:20:37 Moving unit 30 Heavy Infantry to zone(1, 0) in space (-2, -2) tick=2
2026/09/30 21:20:37 Moving unit 18 Piercing Infantry to zone(0, 0) in space (-2, -2) tick=2
2026/09/30 21:20:37 Moving unit 23 Piercing Infantry to zone(0, 0) in space (-2, -2) tick=2
2026/09/30 21:20:37 Moving unit 25 Heavy Infantry to zone(1, 0) in space (-2, -2) tick=2
2026/09/30 21:20:37 Moving unit 26 Heavy Infantry to zone(1, 0) in space (-2, -2) tick=2
2026/09/30 21:20:37 Moving unit 28 Heavy Infantry to zone(1, 0) in space (-2, -2) tick=2
2026/09/30 21:20:37 Moving unit 24 Piercing Infantry to zone(0, 0) in space (-2, -2) tick=2
2026/09/30 21:20:37 Moving unit 27 Heavy Infantry to zone(1, 0) in space (-2, -2) tick=2
2026/09/30 21:20:37 Moving unit 31 Blunt Infantry to zone(0, 0) in space (-2, 3) tick=2
2026/09/30 21:20:37 state_hash turn=2 tick=2 hash=353517f9653ff219
2026/09/30 21:20:37 Moving unit 29 Heavy Infantry to zone(0, 0) in space (-2, -2) tick=3
2026/09/30 21:20:37 Moving unit 30 Heavy Infantry to zone(0, 0) in space (-2, -2) tick=3
2026/09/30 21:20:37 Moving unit 25 Heavy Infantry to zone(0, 0) in space (-2, -2) tick=3
2026/09/30 21:20:37 Moving unit 26 Heavy Infantry to zone(0, 0) in space (-2, -2) tick=3
2026/09/30 21:20:37 Moving unit 28 Heavy Infantry to zone(0, 0) in space (-2, -2) tick=3
2026/09/30 21:20:37 Moving unit 27 Heavy Infantry to zone(0, 0) in space (-2, -2) tick=3
2026/09/30 21:20:37 state_hash turn=2 tick=3 hash=b4fa10563da92760
2026/09/30 21:20:37 state_hash turn=2 tick=end hash=4ffea156422854e7
2026/09/30 21:20:37 ai ai-1: new turn data {"buildings":[],"enemy_buildings":[],"enemy_units":[],"foundations":[],"population":{"current":30,"limit":0},"resources":{"food":200,"gold":10,"stone":100,"wood":200},"spaces":[{"Space":{"X":0,"Y":-4},"Vision":0,"Owner":-1},{"Space":{"X":1,"Y":-4},"Vision":0,"Owner":-1},{"Space":{"X":2,"Y":-4},"Vision":0,"Owner":-1},{"Space":{"X":3,"Y":-4},"Vision":0,"Owner":-1},{"Space":{"X":4,"Y":-4},"Vision":0,"Owner":-1},{"Space":{"X":-1,"Y":-3},"Vision":0,"Owner":-1},{"Space":{"X":0,"Y":-3},"Vision":0,"Owner":-1},{"Space":{"X":1,"Y":-3},"Vision":0,"Owner":-1},{"Space":{"X":2,"Y":-3},"Vision":0,"Owner":-1},{"Space":{"X":3,"Y":-3},"Vision":0,"Owner":-1},{"Space":{"X":4,"Y":-3},"Vision":0,"Owner":-1},{"Space":{"X":-2,"Y":-2},"Vision":0,"Owner":-1},{"Space":{"X":-1,"Y":-2},"Vision":0,"Owner":-1},{"Space":{"X":0,"Y":-2},"Vision":0,"Owner":-1},{"Space":{"X":1,"Y":-2},"Vision":0,"Owner":-1},{"Space":{"X":2,"Y":-2},"Vision":0,"Owner":-1},{"Space":{"X":3,"Y":-2},"Vision":0,"Owner":-1},{"Space":{"X":4,"Y":-2},"Vision":0,"Owner":-1},{"Space":{"X":-3,"Y":-1},"Vision":0,"Owner":-1},{"Space":{"X":-2,"Y":-1},"Vision":0,"Owner":-1},{"Space":{"X":-1,"Y":-1},"Vision":0,"Owner":-1},{"Space":{"X":0,"Y":-1},"Vision":0,"Owner":-1},{"Space":{"X":1,"Y":-1},"Vision":0,"Owner":-1},{"Space":{"X":2,"Y":-1},"Vision":0,"Owner":-1},{"Space":{"X":3,"Y":-1},"Vision":0,"Owner":-1},{"Space":{"X":4,"Y":-1},"Vision":0,"Owner":-1},{"Space":{"X":-4,"Y":0},"Vision":0,"Owner":-1},{"Space":{"X":-3,"Y":0},"Vision":0,"Owner":-1},{"Space":{"X":-2,"Y":0},"Vision":0,"Owner":-1},{"Space":{"X":-1,"Y":0},"Vision":0,"Owner":-1},{"Space":{"X":0,"Y":0},"Vision":0,"Owner":-1},{"Space":{"X":1,"Y":0},"Vision":0,"Owner":-1},{"Space":{"X":2,"Y":0},"Vision":0,"Owner":-1},{"Space":{"X":3,"Y":0},"Vision":0,"Owner":-1},{"Space":{"X":4,"Y":0},"Vision":0,"Owner":-1},{"Space":{"X":-4,"Y":1},"Vision":0,"Owner":-1},{"Space":{"X":-3,"Y":1},"Vision":0,"Owner":-1},{"Space":{"X":-2,"Y":1},"Vision":0,"Owner":-1},{"Space":{"X":-1,"Y":1},"Vision":0,"Owner":-1},{"Space":{"X":0,"Y":1},"Vision":0,"Owner":-1},{"Space":{"X":1,"Y":1},"Vision":0,"Owner":-1},{"Space":{"X":2,"Y":1},"Vision":0,"Owner":-1},{"Space":{"X":3,"Y":1},"Vision":0,"Owner":-1},{"Space":{"X":-4,"Y":2},"Vision":0,"Owner":-1},{"Space":{"X":-3,"Y":2},"Vision":0,"Owner":-1},{"Space":{"X":-2,"Y":2},"Vision":2,"Owner":-1},{"Space":{"X":-1,"Y":2},"Vision":2,"Owner":-1},{"Space":{"X":0,"Y":2},"Vision":2,"Owner":-1},{"Space":{"X":1,"Y":2},"Vision":2,"Owner":-1},{"Space":{"X":2,"Y":2},"Vision":0,"Owner":-1},{"Space":{"X":-4,"Y":3},"Vision":0,"Owner":-1},{"Space":{"X":-3,"Y":3},"Vision":2,"Owner":-1},{"Space":{"X":-2,"Y":3},"Vision":3,"Owner":1},{"Space":{"X":-1,"Y":3},"Vision":2,"Owner":-1},{"Space":{"X":0,"Y":3},"Vision":3,"Owner":1},{"Space":{"X":1,"Y":3},"Vision":2,"Owner":-1},{"Space":{"X":-4,"Y":4},"Vision":0,"Owner":-1},{"Space":{"X":-3,"Y":4},"Vision":2,"Owner":-1},{"Space":{"X":-2,"Y":4},"Vision":2,"Owner":-1},{"Space":{"X":-1,"Y":4},"Vision":2,"Owner":-1},{"Space":{"X":0,"Y":4},"Vision":2,"Owner":-1}],"units":[{"InternalID":31,"UnitID":11,"Type":2,"Kind":1,"Location":{"Space":{"X":-2,"Y":3},"Zone":{"X":0,"Y":0}},"CurrentStamina":23,"CurrentOrder":null,"Builds":[],"GarrisonedIn":null,"Stance":3,"InterruptCurrent":false,"AttackBack":true,"TargetPriority":"","ActiveOrders":null,"Health":11,"MaxHealth":11},{"InternalID":32,"UnitID":11,"Type":2,"Kind":1,"Location":{"Space":{"X":0,"Y":3},"Zone":{"X":0,"Y":0}},"CurrentStamina":23,"CurrentOrder":null,"Builds":[],"GarrisonedIn":null,"Stance":3,"InterruptCurrent":false,"AttackBack":true,"TargetPriority":"","ActiveOrders":null,"Health":11,"MaxHealth":11},{"InternalID":33,"UnitID":11,"Type":2,"Kind":1,"Location":{"Space":{"X":0,"Y":3},"Zone":{"X":0,"Y":0}},"CurrentStamina":23,"CurrentOrder":null,"Builds":[],"GarrisonedIn":null,"Stance":3,"InterruptCurrent":false,"AttackBack":true,"TargetPriority":"","ActiveOrders":null,"Health":11,"MaxHealth":11},{"InternalID":34,"UnitID":11,"Type":2,"Kind":1,"Location":{"Space":{"X":0,"Y":3},"Zone":{"X":0,"Y":0}},"CurrentStamina":23,"CurrentOrder":null,"Builds":[],"GarrisonedIn":null,"Stance":3,"InterruptCurrent":false,"AttackBack":true,"TargetPriority":"","ActiveOrders":null,"Health":11,"MaxHealth":11},{"InternalID":35,"UnitID":11,"Type":2,"Kind":1,"Location":{"Space":{"X":0,"Y":3},"Zone":{"X":0,"Y":0}},"CurrentStamina":23,"CurrentOrder":null,"Builds":[],"GarrisonedIn":null,"Stance":3,"InterruptCurrent":false,"AttackBack":true,"TargetPriority":"","ActiveOrders":null,"Health":11,"MaxHealth":11},{"InternalID":36,"UnitID":11,"Type":2,"Kind":1,"Location":{"Space":{"X":0,"Y":3},"Zone":{"X":0,"Y":0}},"CurrentStamina":23,"CurrentOrder":null,"Builds":[],"GarrisonedIn":null,"Stance":3,"InterruptCurrent":false,"AttackBack":true,"TargetPriority":"","ActiveOrders":null,"Health":11,"MaxHealth":11},{"InternalID":37,"UnitID":11,"Type":2,"Kind":1,"Location":{"Space":{"X":0,"Y":3},"Zone":{"X":0,"Y":0}},"CurrentStamina":23,"CurrentOrder":null,"Builds":[],"GarrisonedIn":null,"Stance":3,"InterruptCurrent":false,"AttackBack":true,"TargetPriority":"","ActiveOrders":null,"Health":11,"MaxHealth":11},{"InternalID":38,"UnitID":11,"Type":2,"Kind":1,"Location":{"Space":{"X":0,"Y":3},"Zone":{"X":0,"Y":0}},"CurrentStamina":23,"CurrentOrder":null,"Builds":[],"GarrisonedIn":null,"Stance":3,"InterruptCurrent":false,"AttackBack":true,"TargetPriority":"","ActiveOrders":null,"Health":11,"MaxHealth":11},{"InternalID":39,"UnitID":11,"Type":2,"Kind":1,"Location":{"Space":{"X":0,"Y":3},"Zone":{"X":0,"Y":0}},"CurrentStamina":23,"CurrentOrder":null,"Builds":[],"GarrisonedIn":null,"Stance":3,"InterruptCurrent":false,"AttackBack":true,"TargetPriority":"","ActiveOrders":null,"Health":11,"MaxHealth":11},{"InternalID":40,"UnitID":11,"Type":2,"Kind":1,"Location":{"Space":{"X":0,"Y":3},"Zone":{"X":0,"Y":0}},"CurrentStamina":23,"CurrentOrder":null,"Builds":[],"GarrisonedIn":null,"Stance":3,"InterruptCurrent":false,"AttackBack":true,"TargetPriority":"","ActiveOrders":null,"Health":11,"MaxHealth":11},{"InternalID":41,"UnitID":11,"Type":2,"Kind":1,"Location":{"Space":{"X":0,"Y":3},"Zone":{"X":0,"Y":0}},"CurrentStamina":23,"CurrentOrder":null,"Builds":[],"GarrisonedIn":null,"Stance":3,"InterruptCurrent":false,"AttackBack":true,"TargetPriority":"","ActiveOrders":null,"Health":11,"MaxHealth":11},{"InternalID":42,"UnitID":11,"Type":2,"Kind":1,"Location":{"Space":{"X":0,"Y":3},"Zone":{"X":0,"Y":0}},"CurrentStamina":23,"CurrentOrder":null,"Builds":[],"GarrisonedIn":null,"Stance":3,"InterruptCurrent":false,"AttackBack":true,"TargetPriority":"","ActiveOrders":null,"Health":11,"MaxHealth":11},{"InternalID":43,"UnitID":11,"Type":2,"Kind":1,"Location":{"Space":{"X":0,"Y":3},"Zone":{"X":0,"Y":0}},"CurrentStamina":23,"CurrentOrder":null,"Builds":[],"GarrisonedIn":null,"Stance":3,"InterruptCurrent":false,"AttackBack":true,"TargetPriority":"","ActiveOrders":null,"Health":11,"MaxHealth":11},{"InternalID":44,"UnitID":11,"Type":2,"Kind":1,"Location":{"Space":{"X":0,"Y":3},"Zone":{"X":0,"Y":0}},"CurrentStamina":23,"CurrentOrder":null,"Builds":[],"GarrisonedIn":null,"Stance":3,"InterruptCurrent":false,"AttackBack":true,"TargetPriority":"","ActiveOrders":null,"Health":11,"MaxHealth":11},{"InternalID":45,"UnitID":11,"Type":2,"Kind":1,"Location":{"Space":{"X":0,"Y":3},"Zone":{"X":0,"Y":0}},"CurrentStamina":23,"CurrentOrder":null,"Builds":[],"GarrisonedIn":null,"Stance":3,"InterruptCurrent":false,"AttackBack":true,"TargetPriority":"","ActiveOrders":null,"Health":11,"MaxHealth":11},{"InternalID":46,"UnitID":11,"Type":2,"Kind":1,"Location":{"Space":{"X":0,"Y":3},"Zone":{"X":0,"Y":0}},"CurrentStamina":23,"CurrentOrder":null,"Builds":[],"GarrisonedIn":null,"Stance":3,"InterruptCurrent":false,"AttackBack":true,"TargetPriority":"","ActiveOrders":null,"Health":11,"MaxHealth":11},{"InternalID":47,"UnitID":12,"Type":2,"Kind":1,"Location":{"Space":{"X":0,"Y":3},"Zone":{"X":0,"Y":0}},"CurrentStamina":18,"CurrentOrder":null,"Builds":[],"GarrisonedIn":null,"Stance":3,"InterruptCurrent":false,"AttackBack":true,"TargetPriority":"","ActiveOrders":null,"Health":16,"MaxHealth":16},{"InternalID":48,"UnitID":12,"Type":2,"Kind":1,"Location":{"Space":{"X":0,"Y":3},"Zone":{"X":0,"Y":0}},"CurrentStamina":18,"CurrentOrder":null,"Builds":[],"GarrisonedIn":null,"Stance":3,"InterruptCurrent":false,"AttackBack":true,"TargetPriority":"","ActiveOrders":null,"Health":16,"MaxHealth":16},{"InternalID":49,"UnitID":12,"Type":2,"Kind":1,"Location":{"Space":{"X":0,"Y":3},"Zone":{"X":0,"Y":0}},"CurrentStamina":18,"CurrentOrder":null,"Builds":[],"GarrisonedIn":null,"Stance":3,"InterruptCurrent":false,"AttackBack":true,"TargetPriority":"","ActiveOrders":null,"Health":16,"MaxHealth":16},{"InternalID":50,"UnitID":12,"Type":2,"Kind":1,"Location":{"Space":{"X":0,"Y":3},"Zone":{"X":0,"Y":0}},"CurrentStamina":18,"CurrentOrder":null,"Builds":[],"GarrisonedIn":null,"Stance":3,"InterruptCurrent":false,"AttackBack":true,"TargetPriority":"","ActiveOrders":null,"Health":16,"MaxHealth":16},{"InternalID":51,"UnitID":12,"Type":2,"Kind":1,"Location":{"Space":{"X":0,"Y":3},"Zone":{"X":0,"Y":0}},"CurrentStamina":18,"CurrentOrder":null,"Builds":[],"GarrisonedIn":null,"Stance":3,"InterruptCurrent":false,"AttackBack":true,"TargetPriority":"","ActiveOrders":null,"Health":16,"MaxHealth":16},{"InternalID":52,"UnitID":12,"Type":2,"Kind":1,"Location":{"Space":{"X":0,"Y":3},"Zone":{"X":0,"Y":0}},"CurrentStamina":18,"CurrentOrder":null,"Builds":[],"GarrisonedIn":null,"Stance":3,"InterruptCurrent":false,"AttackBack":true,"TargetPriority":"","ActiveOrders":null,"Health":16,"MaxHealth":16},{"InternalID":53,"UnitID":12,"Type":2,"Kind":1,"Location":{"Space":{"X":0,"Y":3},"Zone":{"X":0,"Y":0}},"CurrentStamina":18,"CurrentOrder":null,"Builds":[],"GarrisonedIn":null,"Stance":3,"InterruptCurrent":false,"AttackBack":true,"TargetPriority":"","ActiveOrders":null,"Health":16,"MaxHealth":16},{"InternalID":54,"UnitID":12,"Type":2,"Kind":1,"Location":{"Space":{"X":0,"Y":3},"Zone":{"X":0,"Y":0}},"CurrentStamina":18,"CurrentOrder":null,"Builds":[],"GarrisonedIn":null,"Stance":3,"InterruptCurrent":false,"AttackBack":true,"TargetPriority":"","ActiveOrders":null,"Health":16,"MaxHealth":16},{"InternalID":55,"UnitID":13,"Type":2,"Kind":1,"Location":{"Space":{"X":0,"Y":3},"Zone":{"X":0,"Y":0}},"CurrentStamina":12,"CurrentOrder":null,"Builds":[],"GarrisonedIn":null,"Stance":3,"InterruptCurrent":false,"AttackBack":true,"TargetPriority":"","ActiveOrders":null,"Health":50,"MaxHealth":50},{"InternalID":56,"UnitID":13,"Type":2,"Kind":1,"Location":{"Space":{"X":0,"Y":3},"Zone":{"X":0,"Y":0}},"CurrentStamina":12,"CurrentOrder":null,"Builds":[],"GarrisonedIn":null,"Stance":3,"InterruptCurrent":false,"AttackBack":true,"TargetPriority":"","ActiveOrders":null,"Health":50,"MaxHealth":50},{"InternalID":57,"UnitID":13,"Type":2,"Kind":1,"Location":{"Space":{"X":0,"Y":3},"Zone":{"X":0,"Y":0}},"CurrentStamina":12,"CurrentOrder":null,"Builds":[],"GarrisonedIn":null,"Stance":3,"InterruptCurrent":false,"AttackBack":true,"TargetPriority":"","ActiveOrders":null,"Health":50,"MaxHealth":50},{"InternalID":58,"UnitID":13,"Type":2,"Kind":1,"Location":{"Space":{"X":0,"Y":3},"Zone":{"X":0,"Y":0}},"CurrentStamina":12,"CurrentOrder":null,"Builds":[],"GarrisonedIn":null,"Stance":3,"InterruptCurrent":false,"AttackBack":true,"TargetPriority":"","ActiveOrders":null,"Health":50,"MaxHealth":50},{"InternalID":59,"UnitID":13,"Type":2,"Kind":1,"Location":{"Space":{"X":0,"Y":3},"Zone":{"X":0,"Y":0}},"CurrentStamina":12,"CurrentOrder":null,"Builds":[],"GarrisonedIn":null,"Stance":3,"InterruptCurrent":false,"AttackBack":true,"TargetPriority":"","ActiveOrders":null,"Health":50,"MaxHealth":50},{"InternalID":60,"UnitID":13,"Type":2,"Kind":1,"Location":{"Space":{"X":0,"Y":3},"Zone":{"X":0,"Y":0}},"CurrentStamina":12,"CurrentOrder":null,"Builds":[],"GarrisonedIn":null,"Stance":3,"InterruptCurrent":false,"AttackBack":true,"TargetPriority":"","ActiveOrders":null,"Health":50,"MaxHealth":50}]}
2026/09/30 21:20:37 ai ai-0: new turn data {"buildings":[],"enemy_buildings":[],"enemy_units":[],"foundations":[],"population":{"current":30,"limit":0},"resources":{"food":200,"gold":28,"stone":100,"wood":200},"spaces":[{"Space":{"X":0,"Y":-4},"Vision":1,"Owner":-1},{"Space":{"X":1,"Y":-4},"Vision":2,"Owner":-1},{"Space":{"X":2,"Y":-4},"Vision":3,"Owner":0},{"Space":{"X":3,"Y":-4},"Vision":2,"Owner":-1},{"Space":{"X":4,"Y":-4},"Vision":0,"Owner":-1},{"Space":{"X":-1,"Y":-3},"Vision":2,"Owner":-1},{"Space":{"X":0,"Y":-3},"Vision":1,"Owner":-1},{"Space":{"X":1,"Y":-3},"Vision":2,"Owner":-1},{"Space":{"X":2,"Y":-3},"Vision":2,"Owner":-1},{"Space":{"X":3,"Y":-3},"Vision":0,"Owner":-1},{"Space":{"X":4,"Y":-3},"Vision":0,"Owner":-1},{"Space":{"X":-2,"Y":-2},"Vision":3,"Owner":0},{"Space":{"X":-1,"Y":-2},"Vision":2,"Owner":-1},{"Space":{"X":0,"Y":-2},"Vision":2,"Owner":-1},{"Space":{"X":1,"Y":-2},"Vision":3,"Owner":0},{"Space":{"X":2,"Y":-2},"Vision":2,"Owner":-1},{"Space":{"X":3,"Y":-2},"Vision":0,"Owner":-1},{"Space":{"X":4,"Y":-2},"Vision":0,"Owner":-1},{"Space":{"X":-3,"Y":-1},"Vision":2,"Owner":-1},{"Space":{"X":-2,"Y":-1},"Vision":3,"Owner":0},{"Space":{"X":-1,"Y":-1},"Vision":3,"Owner":0},{"Space":{"X":0,"Y":-1},"Vision":3,"Owner":0},{"Space":{"X":1,"Y":-1},"Vision":2,"Owner":-1},{"Space":{"X":2,"Y":-1},"Vision":0,"Owner":-1},{"Space":{"X":3,"Y":-1},"Vision":0,"Owner":-1},{"Space":{"X":4,"Y":-1},"Vision":0,"Owner":-1},{"Space":{"X":-4,"Y":0},"Vision":0,"Owner":-1},{"Space":{"X":-3,"Y":0},"Vision":2,"Owner":-1},{"Space":{"X":-2,"Y":0},"Vision":2,"Owner":-1},{"Space":{"X":-1,"Y":0},"Vision":2,"Owner":-1},{"Space":{"X":0,"Y":0},"Vision":2,"Owner":-1},{"Space":{"X":1,"Y":0},"Vision":0,"Owner":-1},{"Space":{"X":2,"Y":0},"Vision":0,"Owner":-1},{"Space":{"X":3,"Y":0},"Vision":0,"Owner":-1},{"Space":{"X":4,"Y":0},"Vision":0,"Owner":-1},{"Space":{"X":-4,"Y":1},"Vision":0,"Owner":-1},{"Space":{"X":-3,"Y":1},"Vision":0,"Owner":-1},{"Space":{"X":-2,"Y":1},"Vision":0,"Owner":-1},{"Space":{"X":-1,"Y":1},"Vision":0,"Owner":-1},{"Space":{"X":0,"Y":1},"Vision":0,"Owner":-1},{"Space":{"X":1,"Y":1},"Vision":0,"Owner":-1},{"Space":{"X":2,"Y":1},"Vision":0,"Owner":-1},{"Space":{"X":3,"Y":1},"Vision":0,"Owner":-1},{"Space":{"X":-4,"Y":2},"Vision":0,"Owner":-1},{"Space":{"X":-3,"Y":2},"Vision":0,"Owner":-1},{"Space":{"X":-2,"Y":2},"Vision":0,"Owner":-1},{"Space":{"X":-1,"Y":2},"Vision":0,"Owner":-1},{"Space":{"X":0,"Y":2},"Vision":0,"Owner":-1},{"Space":{"X":1,"Y":2},"Vision":0,"Owner":-1},{"Space":{"X":2,"Y":2},"Vision":0,"Owner":-1},{"Space":{"X":-4,"Y":3},"Vision":0,"Owner":-1},{"Space":{"X":-3,"Y":3},"Vision":0,"Owner":-1},{"Space":{"X":-2,"Y":3},"Vision":0,"Owner":-1},{"Space":{"X":-1,"Y":3},"Vision":0,"Owner":-1},{"Space":{"X":0,"Y":3},"Vision":0,"Owner":-1},{"Space":{"X":1,"Y":3},"Vision":0,"Owner":-1},{"Space":{"X":-4,"Y":4},"Vision":0,"Owner":-1},{"Space":{"X":-3,"Y":4},"Vision":0,"Owner":-1},{"Space":{"X":-2,"Y":4},"Vision":0,"Owner":-1},{"Space":{"X":-1,"Y":4},"Vision":0,"Owner":-1},{"Space":{"X":0,"Y":4},"Vision":0,"Owner":-1}],"units":[{"InternalID":1,"UnitID":11,"Type":2,"Kind":1,"Location":{"Space":{"X":-2,"Y":-2},"Zone":{"X":0,"Y":0}},"CurrentStamina":23,"CurrentOrder":null,"Builds":[],"GarrisonedIn":null,"Stance":3,"InterruptCurrent":true,"AttackBack":true,"TargetPriority":"","ActiveOrders":null,"Health":11,"MaxHealth":11},{"InternalID":2,"UnitID":11,"Type":2,"Kind":1,"Location":{"Space":{"X":-2,"Y":-1},"Zone":{"X":0,"Y":0}},"CurrentStamina":23,"CurrentOrder":null,"Builds":[],"GarrisonedIn":null,"Stance":3,"InterruptCurrent":true,"AttackBack":true,"TargetPriority":"","ActiveOrders":null,"Health":11,"MaxHealth":11},{"InternalID":3,"UnitID":11,"Type":2,"Kind":1,"Location":{"Space":{"X":-1,"Y":-1},"Zone":{"X":0,"Y":0}},"CurrentStamina":23,"CurrentOrder":null,"Builds":[],"GarrisonedIn":null,"Stance":3,"InterruptCurrent":true,"AttackBack":true,"TargetPriority":"","ActiveOrders":null,"Health":11,"MaxHealth":11},{"InternalID":4,"UnitID":11,"Type":2,"Kind":1,"Location":{"Space":{"X":0,"Y":-1},"Zone":{"X":0,"Y":0}},"CurrentStamina":23,"CurrentOrder":null,"Builds":[],"GarrisonedIn":null,"Stance":3,"InterruptCurrent":true,"AttackBack":true,"TargetPriority":"","ActiveOrders":null,"Health":11,"MaxHealth":11},{"InternalID":5,"UnitID":11,"Type":2,"Kind":1,"Location":{"Space":{"X":1,"Y":-2},"Zone":{"X":0,"Y":0}},"CurrentStamina":23,"CurrentOrder":null,"Builds":[],"GarrisonedIn":null,"Stance":3,"InterruptCurrent":true,"AttackBack":true,"TargetPriority":"","ActiveOrders":null,"Health":11,"MaxHealth":11},{"InternalID":6,"UnitID":11,"Type":2,"Kind":1,"Location":{"Space":{"X":2,"Y":-4},"Zone":{"X":0,"Y":0}},"CurrentStamina":23,"CurrentOrder":null,"Builds":[],"GarrisonedIn":null,"Stance":3,"InterruptCurrent":false,"AttackBack":true,"TargetPriority":"","ActiveOrders":null,"Health":11,"MaxHealth":11},{"InternalID":7,"UnitID":11,"Type":2,"Kind":1,"Location":{"Space":{"X":-2,"Y":-2},"Zone":{"X":0,"Y":0}},"CurrentStamina":23,"CurrentOrder":null,"Builds":[],"GarrisonedIn":null,"Stance":3,"InterruptCurrent":true,"AttackBack":true,"TargetPriority":"","ActiveOrders":null,"Health":11,"MaxHealth":11},{"InternalID":8,"UnitID":11,"Type":2,"Kind":1,"Location":{"Space":{"X":-2,"Y":-2},"Zone":{"X":0,"Y":0}},"CurrentStamina":23,"CurrentOrder":null,"Builds":[],"GarrisonedIn":null,"Stance":3,"InterruptCurrent":true,"AttackBack":true,"TargetPriority":"","ActiveOrders":null,"Health":11,"MaxHealth":11},{"InternalID":9,"UnitID":11,"Type":2,"Kind":1,"Location":{"Space":{"X":-2,"Y":-2},"Zone":{"X":0,"Y":0}},"CurrentStamina":23,"CurrentOrder":null,"Builds":[],"GarrisonedIn":null,"Stance":3,"InterruptCurrent":true,"AttackBack":true,"TargetPriority":"","ActiveOrders":null,"Health":11,"MaxHealth":11},{"InternalID":10,"UnitID":11,"Type":2,"Kind":1,"Location":{"Space":{"X":-2,"Y":-2},"Zone":{"X":0,"Y":0}},"CurrentStamina":23,"CurrentOrder":null,"Builds":[],"GarrisonedIn":null,"Stance":3,"InterruptCurrent":true,"AttackBack":true,"TargetPriority":"","ActiveOrders":null,"Health":11,"MaxHealth":11},{"InternalID":11,"UnitID":11,"Type":2,"Kind":1,"Location":{"Space":{"X":-2,"Y":-2},"Zone":{"X":0,"Y":0}},"CurrentStamina":23,"CurrentOrder":null,"Builds":[],"GarrisonedIn":null,"Stance":3,"InterruptCurrent":true,"AttackBack":true,"TargetPriority":"","ActiveOrders":null,"Health":11,"MaxHealth":11},{"InternalID":12,"UnitID":11,"Type":2,"Kind":1,"Location":{"Space":{"X":-2,"Y":-2},"Zone":{"X":0,"Y":0}},"CurrentStamina":23,"CurrentOrder":null,"Builds":[],"GarrisonedIn":null,"Stance":3,"InterruptCurrent":true,"AttackBack":true,"TargetPriority":"","ActiveOrders":null,"Health":11,"MaxHealth":11},{"InternalID":13,"UnitID":11,"Type":2,"Kind":1,"Location":{"Space":{"X":-2,"Y":-2},"Zone":{"X":0,"Y":0}},"CurrentStamina":23,"CurrentOrder":null,"Builds":[],"GarrisonedIn":null,"Stance":3,"InterruptCurrent":true,"AttackBack":true,"TargetPriority":"","ActiveOrders":null,"Health":11,"MaxHealth":11},{"InternalID":14,"UnitID":11,"Type":2,"Kind":1,"Location":{"Space":{"X":-2,"Y":-2},"Zone":{"X":0,"Y":0}},"CurrentStamina":23,"CurrentOrder":null,"Builds":[],"GarrisonedIn":null,"Stance":3,"InterruptCurrent":true,"AttackBack":true,"TargetPriority":"","ActiveOrders":null,"Health":11,"MaxHealth":11},{"InternalID":15,"UnitID":11,"Type":2,"Kind":1,"Location":{"Space":{"X":-2,"Y":-2},"Zone":{"X":0,"Y":0}},"CurrentStamina":23,"CurrentOrder":null,"Builds":[],"GarrisonedIn":null,"Stance":3,"InterruptCurrent":true,"AttackBack":true,"TargetPriority":"","ActiveOrders":null,"Health":11,"MaxHealth":11},{"InternalID":16,"UnitID":11,"Type":2,"Kind":1,"Location":{"Space":{"X":-2,"Y":-2},"Zone":{"X":0,"Y":0}},"CurrentStamina":23,"CurrentOrder":null,"Builds":[],"GarrisonedIn":null,"Stance":3,"InterruptCurrent":true,"AttackBack":true,"TargetPriority":"","ActiveOrders":null,"Health":11,"MaxHealth":11},{"InternalID":17,"UnitID":12,"Type":2,"Kind":1,"Location":{"Space":{"X":-2,"Y":-2},"Zone":{"X":0,"Y":0}},"CurrentStamina":18,"CurrentOrder":null,"Builds":[],"GarrisonedIn":null,"Stance":3,"InterruptCurrent":true,"AttackBack":true,"TargetPriority":"","ActiveOrders":null,"Health":16,"MaxHealth":16},{"InternalID":18,"UnitID":12,"Type":2,"Kind":1,"Location":{"Space":{"X":-2,"Y":-2},"Zone":{"X":0,"Y":0}},"CurrentStamina":18,"CurrentOrder":null,"Builds":[],"GarrisonedIn":null,"Stance":3,"InterruptCurrent":true,"AttackBack":true,"TargetPriority":"","ActiveOrders":null,"Health":16,"MaxHealth":16},{"InternalID":19,"UnitID":12,"Type":2,"Kind":1,"Location":{"Space":{"X":-2,"Y":-2},"Zone":{"X":0,"Y":0}},"CurrentStamina":18,"CurrentOrder":null,"Builds":[],"GarrisonedIn":null,"Stance":3,"InterruptCurrent":true,"AttackBack":true,"TargetPriority":"","ActiveOrders":null,"Health":16,"MaxHealth":16},{"InternalID":20,"UnitID":12,"Type":2,"Kind":1,"Location":{"Space":{"X":-2,"Y":-2},"Zone":{"X":0,"Y":0}},"CurrentStamina":18,"CurrentOrder":null,"Builds":[],"GarrisonedIn":null,"Stance":3,"InterruptCurrent":true,"AttackBack":true,"TargetPriority":"","ActiveOrders":null,"Health":16,"MaxHealth":16},{"InternalID":21,"UnitID":12,"Type":2,"Kind":1,"Location":{"Space":{"X":-2,"Y":-2},"Zone":{"X":0,"Y":0}},"CurrentStamina":18,"CurrentOrder":null,"Builds":[],"GarrisonedIn":null,"Stance":3,"InterruptCurrent":true,"AttackBack":true,"TargetPriority":"","ActiveOrders":null,"Health":16,"MaxHealth":16},{"InternalID":22,"UnitID":12,"Type":2,"Kind":1,"Location":{"Space":{"X":-2,"Y":-2},"Zone":{"X":0,"Y":0}},"CurrentStamina":18,"CurrentOrder":null,"Builds":[],"GarrisonedIn":null,"Stance":3,"InterruptCurrent":true,"AttackBack":true,"TargetPriority":"","ActiveOrders":null,"Health":16,"MaxHealth":16},{"InternalID":23,"UnitID":12,"Type":2,"Kind":1,"Location":{"Space":{"X":-2,"Y":-2},"Zone":{"X":0,"Y":0}},"CurrentStamina":18,"CurrentOrder":null,"Builds":[],"GarrisonedIn":null,"Stance":3,"InterruptCurrent":true,"AttackBack":true,"TargetPriority":"","ActiveOrders":null,"Health":16,"MaxHealth":16},{"InternalID":24,"UnitID":12,"Type":2,"Kind":1,"Location":{"Space":{"X":-2,"Y":-2},"Zone":{"X":0,"Y":0}},"CurrentStamina":18,"CurrentOrder":null,"Builds":[],"GarrisonedIn":null,"Stance":3,"InterruptCurrent":true,"AttackBack":true,"TargetPriority":"","ActiveOrders":null,"Health":16,"MaxHealth":16},{"InternalID":25,"UnitID":13,"Type":2,"Kind":1,"Location":{"Space":{"X":-2,"Y":-2},"Zone":{"X":0,"Y":0}},"CurrentStamina":8,"CurrentOrder":null,"Builds":[],"GarrisonedIn":null,"Stance":3,"InterruptCurrent":true,"AttackBack":true,"TargetPriority":"","ActiveOrders":null,"Health":50,"MaxHealth":50},{"InternalID":26,"UnitID":13,"Type":2,"Kind":1,"Location":{"Space":{"X":-2,"Y":-2},"Zone":{"X":0,"Y":0}},"CurrentStamina":8,"CurrentOrder":null,"Builds":[],"GarrisonedIn":null,"Stance":3,"InterruptCurrent":true,"AttackBack":true,"TargetPriority":"","ActiveOrders":null,"Health":50,"MaxHealth":50},{"InternalID":27,"UnitID":13,"Type":2,"Kind":1,"Location":{"Space":{"X":-2,"Y":-2},"Zone":{"X":0,"Y":0}},"CurrentStamina":8,"CurrentOrder":null,"Builds":[],"GarrisonedIn":null,"Stance":3,"InterruptCurrent":true,"AttackBack":true,"TargetPriority":"","ActiveOrders":null,"Health":50,"MaxHealth":50},{"InternalID":28,"UnitID":13,"Type":2,"Kind":1,"Location":{"Space":{"X":-2,"Y":-2},"Zone":{"X":0,"Y":0}},"CurrentStamina":8,"CurrentOrder":null,"Builds":[],"GarrisonedIn":null,"Stance":3,"InterruptCurrent":true,"AttackBack":true,"TargetPriority":"","ActiveOrders":null,"Health":50,"MaxHealth":50},{"InternalID":29,"UnitID":13,"Type":2,"Kind":1,"Location":{"Space":{"X":-2,"Y":-2},"Zone":{"X":0,"Y":0}},"CurrentStamina":8,"CurrentOrder":null,"Builds":[],"GarrisonedIn":null,"Stance":3,"InterruptCurrent":true,"AttackBack":true,"TargetPriority":"","ActiveOrders":null,"Health":50,"MaxHealth":50},{"InternalID":30,"UnitID":13,"Type":2,"Kind":1,"Location":{"Space":{"X":-2,"Y":-2},"Zone":{"X":0,"Y":0}},"CurrentStamina":8,"CurrentOrder":null,"Builds":[],"GarrisonedIn":null,"Stance":3,"InterruptCurrent":true,"AttackBack":true,"TargetPriority":"","ActiveOrders":null,"Health":50,"MaxHealth":50}]}
2026/09/30 21:20:37 ai ai-1: submitting orders [{Subjects:[31] OrderType:2 TargetID:18915 ClearPreviousOrders:true}]
2026/09/30 21:20:37 ai ai-1: vars {}
2026/09/30 21:20:37 player action: submit-orders 0 2 map[orders:[{1 [31] 2 18915 true}]]
2026/09/30 21:20:37 Executing submit orders for: 1 [{1 [31] 2 18915 true}]
2026/09/30 21:20:37 ai ai-0: submitting orders [{Subjects:[1] OrderType:2 TargetID:1596 ClearPreviousOrders:true} {Subjects:[2] OrderType:2 TargetID:4465 ClearPreviousOrders:true} {Subjects:[3] OrderType:2 TargetID:1830 ClearPreviousOrders:true} {Subjects:[4] OrderType:2 TargetID:595 ClearPreviousOrders:true} {Subjects:[5] OrderType:2 TargetID:21 ClearPreviousOrders:true} {Subjects:[6] OrderType:2 TargetID:10153 ClearPreviousOrders:true} {Subjects:[7] OrderType:2 TargetID:1596 ClearPreviousOrders:true} {Subjects:[8] OrderType:2 TargetID:1596 ClearPreviousOrders:true} {Subjects:[9] OrderType:2 TargetID:1596 ClearPreviousOrders:true} {Subjects:[10] OrderType:2 TargetID:1596 ClearPreviousOrders:true} {Subjects:[11] OrderType:2 TargetID:1596 ClearPreviousOrders:true} {Subjects:[12] OrderType:2 TargetID:1596 ClearPreviousOrders:true} {Subjects:[13] OrderType:2 TargetID:1596 ClearPreviousOrders:true} {Subjects:[14] OrderType:2 TargetID:1596 ClearPreviousOrders:true} {Subjects:[15] OrderType:2 TargetID:1596 ClearPreviousOrders:true} {Subjects:[16] OrderType:2 TargetID:1596 ClearPreviousOrders:true} {Subjects:[17] OrderType:2 TargetID:1596 ClearPreviousOrders:true} {Subjects:[18] OrderType:2 TargetID:1596 ClearPreviousOrders:true} {Subjects:[19] OrderType:2 TargetID:1596 ClearPreviousOrders:true} {Subjects:[20] OrderType:2 TargetID:1596 ClearPreviousOrders:true} {Subjects:[21] OrderType:2 TargetID:1596 ClearPreviousOrders:true} {Subjects:[22] OrderType:2 TargetID:1596 ClearPreviousOrders:true} {Subjects:[23] OrderType:2 TargetID:1596 ClearPreviousOrders:true} {Subjects:[24] OrderType:2 TargetID:1596 ClearPreviousOrders:true} {Subjects:[25] OrderType:2 TargetID:1596 ClearPreviousOrders:true} {Subjects:[26] OrderType:2 TargetID:1596 ClearPreviousOrders:true} {Subjects:[27] OrderType:2 TargetID:1596 ClearPreviousOrders:true} {Subjects:[28] OrderType:2 TargetID:1596 ClearPreviousOrders:true} {Subjects:[29] OrderType:2 TargetID:1596 ClearPreviousOrders:true} {Subjects:[30] OrderType:2 TargetID:1596 ClearPreviousOrders:true}]
2026/09/30 21:20:37 ai ai-0: vars {"B":16,"Hv":6,"Pi":8,"aPowLocal":0,"aThreat":0,"a_engaged":0,"a_odds":1.3,"a_outnumbered":0,"army_target":50,"army_value":3080,"assault":0,"bank_rate":28,"bar_barracks":0.17072129748186085,"bar_redoubt":1.1111111111111112,"barracks":0,"barracks_B":0,"barracks_P":0,"barracks_save":0,"barracks_spend":78.1,"barracks_want":0,"buffer_food":70,"buffer_gold":0,"buffer_stone":0,"buffer_wood":70,"builders":0,"committed":0,"eB":0,"eGrowth":0,"eH":0,"eMil":0,"eP":0,"ePow":0,"ePowEst":0,"ePowSeen":0,"eTech":1,"eV":0,"es":1,"farm_want":0,"farm_wood_short":0,"farming":0,"fire_barracks":0,"fire_farm0":0,"fire_farm1":0,"fire_farm2":0,"fire_house":0,"fire_outpost":0,"fire_redoubt":0,"fire_smith":0,"fire_vc":0,"food_need":0,"food_over":0,"food_rate":0,"food_slots":1000,"food_workers":0,"free_room":20,"go":0,"gold_income":12,"gold_need":0,"gold_rate":0,"gold_surplus":28,"guaranteed":0,"guard_home":0,"headroom":-30,"hire_B":1507.6923076923076,"hire_P":2369.230769230769,"homePow":0,"house_builders":0,"house_urgency":0,"house_want":0,"income_proj":0,"left":0,"lf_food":0,"lf_gold":0,"lf_stone":0,"lf_wood":0,"lump_food":0,"lump_gold":0,"lump_stone":0,"lump_wood":0,"maturity":0,"mil":30,"myTech":1,"n_barracks":0,"n_redoubts":0,"needB":19.99511837930193,"needP":0.00488162069807176,"outpost_want":0,"pikes":0,"planned_food":0,"planned_gold":0,"planned_stone":0,"planned_wood":0,"prod_rate":0,"proj_army":3080,"raid_danger":0,"raid_fails":0,"raid_lost":0,"raid_pause":0,"raid_prev":5,"raid_size":4.8,"raid_wiped":0,"rate":6,"redoubt_H":0,"redoubt_gold_ok":0.9244444444444445,"redoubt_save":0,"redoubt_spend":30,"redoubt_want":0,"redoubts":0,"rf_food":0,"rf_gold":0,"rf_stone":0,"rf_wood":0,"sB4":256,"sP4":0.0625,"scale_l":0,"scale_r":0,"shareH":0.2,"smith_want":0,"smiths":0,"spare":0,"spare_food":0.5,"stone_need":0,"stone_rate":0,"tH":26,"target_spend":400,"tech_food":50,"tech_gold":0,"tech_stone":0,"tech_wood":50,"threat_home":0,"turns_left":-300,"u_barracks":0.2868117797695263,"u_redoubt":0.18666666666666668,"unit_spend":120,"vB":4,"vH":1,"vP":0.5,"vc_want":0,"vcs":0,"vil_goal":50,"vil_rate":0,"vil_stamina":8,"vil_want":0,"vil_want_last":0,"vil_worth_now":0.6,"vils":0,"w_food":0,"w_gold":0,"w_stone":0,"w_wood":0,"wild_workers":0,"wood_need":0,"wood_rate":0,"workers":0}
2026/09/30 21:20:37 player action: submit-orders 0 1 map[orders:[{0 [1] 2 1596 true} {0 [2] 2 4465 true} {0 [3] 2 1830 true} {0 [4] 2 595 true} {0 [5] 2 21 true} {0 [6] 2 10153 true} {0 [7] 2 1596 true} {0 [8] 2 1596 true} {0 [9] 2 1596 true} {0 [10] 2 1596 true} {0 [11] 2 1596 true} {0 [12] 2 1596 true} {0 [13] 2 1596 true} {0 [14] 2 1596 true} {0 [15] 2 1596 true} {0 [16] 2 1596 true} {0 [17] 2 1596 true} {0 [18] 2 1596 true} {0 [19] 2 1596 true} {0 [20] 2 1596 true} {0 [21] 2 1596 true} {0 [22] 2 1596 true} {0 [23] 2 1596 true} {0 [24] 2 1596 true} {0 [25] 2 1596 true} {0 [26] 2 1596 true} {0 [27] 2 1596 true} {0 [28] 2 1596 true} {0 [29] 2 1596 true} {0 [30] 2 1596 true}]]
2026/09/30 21:20:37 Executing submit orders for: 0 [{0 [1] 2 1596 true} {0 [2] 2 4465 true} {0 [3] 2 1830 true} {0 [4] 2 595 true} {0 [5] 2 21 true} {0 [6] 2 10153 true} {0 [7] 2 1596 true} {0 [8] 2 1596 true} {0 [9] 2 1596 true} {0 [10] 2 1596 true} {0 [11] 2 1596 true} {0 [12] 2 1596 true} {0 [13] 2 1596 true} {0 [14] 2 1596 true} {0 [15] 2 1596 true} {0 [16] 2 1596 true} {0 [17] 2 1596 true} {0 [18] 2 1596 true} {0 [19] 2 1596 true} {0 [20] 2 1596 true} {0 [21] 2 1596 true} {0 [22] 2 1596 true} {0 [23] 2 1596 true} {0 [24] 2 1596 true} {0 [25] 2 1596 true} {0 [26] 2 1596 true} {0 [27] 2 1596 true} {0 [28] 2 1596 true} {0 [29] 2 1596 true} {0 [30] 2 1596 true}]
2026/09/30 21:20:37 Resolving active orders
2026/09/30 21:20:37 Moving unit 21 Piercing Infantry to zone(-1, 1) in space (-2, -2) tick=1
2026/09/30 21:20:37 Moving unit 8 Blunt Infantry to zone(-1, 1) in space (-2, -2) tick=1
2026/09/30 21:20:37 Moving unit 11 Blunt Infantry to zone(-1, 1) in space (-2, -2) tick=1
2026/09/30 21:20:37 Moving unit 12 Blunt Infantry to zone(-1, 1) in space (-2, -2) tick=1
2026/09/30 21:20:37 Moving unit 13 Blunt Infantry to zone(-1, 1) in space (-2, -2) tick=1
2026/09/30 21:20:37 Moving unit 16 Blunt Infantry to zone(-1, 1) in space (-2, -2) tick=1
2026/09/30 21:20:37 Moving unit 30 Heavy Infantry to zone(-1, 1) in space (-2, -2) tick=1
2026/09/30 21:20:37 Moving unit 3 Blunt Infantry to zone(-1, 1) in space (-1, -1) tick=1
2026/09/30 21:20:37 Moving unit 5 Blunt Infantry to zone(0, 1) in space (1, -2) tick=1
2026/09/30 21:20:37 Moving unit 18 Piercing Infantry to zone(-1, 1) in space (-2, -2) tick=1
2026/09/30 21:20:37 Moving unit 23 Piercing Infantry to zone(-1, 1) in space (-2, -2) tick=1
2026/09/30 21:20:37 Moving unit 25 Heavy Infantry to zone(-1, 1) in space (-2, -2) tick=1
2026/09/30 21:20:37 Moving unit 26 Heavy Infantry to zone(-1, 1) in space (-2, -2) tick=1
2026/09/30 21:20:37 Moving unit 28 Heavy Infantry to zone(-1, 1) in space (-2, -2) tick=1
2026/09/30 21:20:37 Moving unit 6 Blunt Infantry to zone(0, 1) in space (2, -4) tick=1
2026/09/30 21:20:37 Moving unit 24 Piercing Infantry to zone(-1, 1) in space (-2, -2) tick=1
2026/09/30 21:20:37 Moving unit 27 Heavy Infantry to zone(-1, 1) in space (-2, -2) tick=1
2026/09/30 21:20:37 Moving unit 2 Blunt Infantry to zone(-1, 1) in space (-2, -1) tick=1
2026/09/30 21:20:37 Moving unit 10 Blunt Infantry to zone(-1, 1) in space (-2, -2) tick=1
2026/09/30 21:20:37 Moving unit 20 Piercing Infantry to zone(-1, 1) in space (-2, -2) tick=1
2026/09/30 21:20:37 Moving unit 1 Blunt Infantry to zone(-1, 1) in space (-2, -2) tick=1
2026/09/30 21:20:37 Moving unit 4 Blunt Infantry to zone(-1, 1) in space (0, -1) tick=1
2026/09/30 21:20:37 Moving unit 15 Blunt Infantry to zone(-1, 1) in space (-2, -2) tick=1
2026/09/30 21:20:37 Moving unit 9 Blunt Infantry to zone(-1, 1) in space (-2, -2) tick=1
2026/09/30 21:20:37 Moving unit 17 Piercing Infantry to zone(-1, 1) in space (-2, -2) tick=1
2026/09/30 21:20:37 Moving unit 14 Blunt Infantry to zone(-1, 1) in space (-2, -2) tick=1
2026/09/30 21:20:37 Moving unit 7 Blunt Infantry to zone(-1, 1) in space (-2, -2) tick=1
2026/09/30 21:20:37 Moving unit 19 Piercing Infantry to zone(-1, 1) in space (-2, -2) tick=1
2026/09/30 21:20:37 Moving unit 22 Piercing Infantry to zone(-1, 1) in space (-2, -2) tick=1
2026/09/30 21:20:37 Moving unit 29 Heavy Infantry to zone(-1, 1) in space (-2, -2) tick=1
2026/09/30 21:20:37 Moving unit 31 Blunt Infantry to zone(-1, 0) in space (-2, 3) tick=1
2026/09/30 21:20:37 state_hash turn=3 tick=1 hash=65e9c8f92b40a400
2026/09/30 21:20:37 Moving unit 8 Blunt Infantry to zone(1, -1) in space (-3, -1) tick=2
2026/09/30 21:20:37 Moving unit 11 Blunt Infantry to zone(1, -1) in space (-3, -1) tick=2
2026/09/30 21:20:37 Moving unit 12 Blunt Infantry to zone(1, -1) in space (-3, -1) tick=2
2026/09/30 21:20:37 Moving unit 13 Blunt Infantry to zone(1, -1) in space (-3, -1) tick=2
2026/09/30 21:20:37 Moving unit 16 Blunt Infantry to zone(1, -1) in space (-3, -1) tick=2
2026/09/30 21:20:37 Moving unit 30 Heavy Infantry to zone(1, -1) in space (-3, -1) tick=2
2026/09/30 21:20:37 Moving unit 3 Blunt Infantry to zone(1, -1) in space (-2, 0) tick=2
2026/09/30 21:20:37 Moving unit 5 Blunt Infantry to zone(0, -1) in space (1, -1) tick=2
2026/09/30 21:20:37 Moving unit 18 Piercing Infantry to zone(1, -1) in space (-3, -1) tick=2
2026/09/30 21:20:37 Moving unit 23 Piercing Infantry to zone(1, -1) in space (-3, -1) tick=2
2026/09/30 21:20:37 Moving unit 25 Heavy Infantry to zone(1, -1) in space (-3, -1) tick=2
2026/09/30 21:20:37 Moving unit 26 Heavy Infantry to zone(1, -1) in space (-3, -1) tick=2
2026/09/30 21:20:37 Moving unit 28 Heavy Infantry to zone(1, -1) in space (-3, -1) tick=2
2026/09/30 21:20:37 Moving unit 6 Blunt Infantry to zone(0, -1) in space (2, -3) tick=2
2026/09/30 21:20:37 Moving unit 24 Piercing Infantry to zone(1, -1) in space (-3, -1) tick=2
2026/09/30 21:20:37 Moving unit 27 Heavy Infantry to zone(1, -1) in space (-3, -1) tick=2
2026/09/30 21:20:37 Moving unit 2 Blunt Infantry to zone(1, -1) in space (-3, 0) tick=2
2026/09/30 21:20:37 Moving unit 10 Blunt Infantry to zone(1, -1) in space (-3, -1) tick=2
2026/09/30 21:20:37 Moving unit 20 Piercing Infantry to zone(1, -1) in space (-3, -1) tick=2
2026/09/30 21:20:37 Moving unit 1 Blunt Infantry to zone(1, -1) in space (-3, -1) tick=2
2026/09/30 21:20:37 Moving unit 4 Blunt Infantry to zone(1, -1) in space (-1, 0) tick=2
2026/09/30 21:20:37 Moving unit 15 Blunt Infantry to zone(1, -1) in space (-3, -1) tick=2
2026/09/30 21:20:37 Moving unit 9 Blunt Infantry to zone(1, -1) in space (-3, -1) tick=2
2026/09/30 21:20:37 Moving unit 17 Piercing Infantry to zone(1, -1) in space (-3, -1) tick=2
2026/09/30 21:20:37 Moving unit 14 Blunt Infantry to zone(1, -1) in space (-3, -1) tick=2
2026/09/30 21:20:37 Moving unit 7 Blunt Infantry to zone(1, -1) in space (-3, -1) tick=2
2026/09/30 21:20:37 Moving unit 19 Piercing Infantry to zone(1, -1) in space (-3, -1) tick=2
2026/09/30 21:20:37 Moving unit 22 Piercing Infantry to zone(1, -1) in space (-3, -1) tick=2
2026/09/30 21:20:37 Moving unit 29 Heavy Infantry to zone(1, -1) in space (-3, -1) tick=2
2026/09/30 21:20:37 Moving unit 21 Piercing Infantry to zone(1, -1) in space (-3, -1) tick=2
2026/09/30 21:20:37 Moving unit 31 Blunt Infantry to zone(1, 0) in space (-3, 3) tick=2
2026/09/30 21:20:37 state_hash turn=3 tick=2 hash=0ecfd2164299cf94
2026/09/30 21:20:37 Moving unit 25 Heavy Infantry to zone(0, 0) in space (-3, -1) tick=3
2026/09/30 21:20:37 Moving unit 26 Heavy Infantry to zone(0, 0) in space (-3, -1) tick=3
2026/09/30 21:20:37 Moving unit 28 Heavy Infantry to zone(0, 0) in space (-3, -1) tick=3
2026/09/30 21:20:37 Moving unit 6 Blunt Infantry to zone(0, 0) in space (2, -3) tick=3
2026/09/30 21:20:37 Moving unit 24 Piercing Infantry to zone(0, 0) in space (-3, -1) tick=3
2026/09/30 21:20:37 Moving unit 27 Heavy Infantry to zone(0, 0) in space (-3, -1) tick=3
2026/09/30 21:20:37 Moving unit 2 Blunt Infantry to zone(0, 0) in space (-3, 0) tick=3
2026/09/30 21:20:37 Moving unit 10 Blunt Infantry to zone(0, 0) in space (-3, -1) tick=3
2026/09/30 21:20:37 Moving unit 20 Piercing Infantry to zone(0, 0) in space (-3, -1) tick=3
2026/09/30 21:20:37 Moving unit 1 Blunt Infantry to zone(0, 0) in space (-3, -1) tick=3
2026/09/30 21:20:37 Moving unit 4 Blunt Infantry to zone(0, 0) in space (-1, 0) tick=3
2026/09/30 21:20:37 Moving unit 15 Blunt Infantry to zone(0, 0) in space (-3, -1) tick=3
2026/09/30 21:20:37 Moving unit 9 Blunt Infantry to zone(0, 0) in space (-3, -1) tick=3
2026/09/30 21:20:37 Moving unit 17 Piercing Infantry to zone(0, 0) in space (-3, -1) tick=3
2026/09/30 21:20:37 Moving unit 14 Blunt Infantry to zone(0, 0) in space (-3, -1) tick=3
2026/09/30 21:20:37 Moving unit 7 Blunt Infantry to zone(0, 0) in space (-3, -1) tick=3
2026/09/30 21:20:37 Moving unit 19 Piercing Infantry to zone(0, 0) in space (-3, -1) tick=3
2026/09/30 21:20:37 Moving unit 22 Piercing Infantry to zone(0, 0) in space (-3, -1) tick=3
2026/09/30 21:20:37 Moving unit 29 Heavy Infantry to zone(0, 0) in space (-3, -1) tick=3
2026/09/30 21:20:37 Moving unit 21 Piercing Infantry to zone(0, 0) in space (-3, -1) tick=3
2026/09/30 21:20:37 Moving unit 8 Blunt Infantry to zone(0, 0) in space (-3, -1) tick=3
2026/09/30 21:20:37 Moving unit 11 Blunt Infantry to zone(0, 0) in space (-3, -1) tick=3
2026/09/30 21:20:37 Moving unit 12 Blunt Infantry to zone(0, 0) in space (-3, -1) tick=3
2026/09/30 21:20:37 Moving unit 13 Blunt Infantry to zone(0, 0) in space (-3, -1) tick=3
2026/09/30 21:20:37 Moving unit 16 Blunt Infantry to zone(0, 0) in space (-3, -1) tick=3
2026/09/30 21:20:37 Moving unit 30 Heavy Infantry to zone(0, 0) in space (-3, -1) tick=3
2026/09/30 21:20:37 Moving unit 3 Blunt Infantry to zone(0, 0) in space (-2, 0) tick=3
2026/09/30 21:20:37 Moving unit 5 Blunt Infantry to zone(0, 0) in space (1, -1) tick=3
2026/09/30 21:20:37 Moving unit 18 Piercing Infantry to zone(0, 0) in space (-3, -1) tick=3
2026/09/30 21:20:37 Moving unit 23 Piercing Infantry to zone(0, 0) in space (-3, -1) tick=3
2026/09/30 21:20:37 Moving unit 31 Blunt Infantry to zone(0, 0) in space (-3, 3) tick=3
2026/09/30 21:20:37 state_hash turn=3 tick=3 hash=e6bce8fad2c695fa
2026/09/30 21:20:37 Moving unit 11 Blunt Infantry to zone(-1, 1) in space (-3, -1) tick=4
2026/09/30 21:20:37 Moving unit 12 Blunt Infantry to zone(-1, 1) in space (-3, -1) tick=4
2026/09/30 21:20:37 Moving unit 13 Blunt Infantry to zone(-1, 1) in space (-3, -1) tick=4
2026/09/30 21:20:37 Moving unit 16 Blunt Infantry to zone(-1, 1) in space (-3, -1) tick=4
2026/09/30 21:20:37 Moving unit 3 Blunt Infantry to zone(-1, 1) in space (-2, 0) tick=4
2026/09/30 21:20:37 Moving unit 5 Blunt Infantry to zone(0, 1) in space (1, -1) tick=4
2026/09/30 21:20:37 Moving unit 18 Piercing Infantry to zone(-1, 1) in space (-3, -1) tick=4
2026/09/30 21:20:37 Moving unit 23 Piercing Infantry to zone(-1, 1) in space (-3, -1) tick=4
2026/09/30 21:20:37 Moving unit 6 Blunt Infantry to zone(1, 0) in space (2, -3) tick=4
2026/09/30 21:20:37 Moving unit 24 Piercing Infantry to zone(-1, 1) in space (-3, -1) tick=4
2026/09/30 21:20:37 Moving unit 2 Blunt Infantry to zone(-1, 1) in space (-3, 0) tick=4
2026/09/30 21:20:37 Moving unit 10 Blunt Infantry to zone(-1, 1) in space (-3, -1) tick=4
2026/09/30 21:20:37 Moving unit 20 Piercing Infantry to zone(-1, 1) in space (-3, -1) tick=4
2026/09/30 21:20:37 Moving unit 1 Blunt Infantry to zone(-1, 1) in space (-3, -1) tick=4
2026/09/30 21:20:37 Moving unit 4 Blunt Infantry to zone(-1, 1) in space (-1, 0) tick=4
2026/09/30 21:20:37 Moving unit 15 Blunt Infantry to zone(-1, 1) in space (-3, -1) tick=4
2026/09/30 21:20:37 Moving unit 9 Blunt Infantry to zone(-1, 1) in space (-3, -1) tick=4
2026/09/30 21:20:37 Moving unit 17 Piercing Infantry to zone(-1, 1) in space (-3, -1) tick=4
2026/09/30 21:20:37 Moving unit 14 Blunt Infantry to zone(-1, 1) in space (-3, -1) tick=4
2026/09/30 21:20:37 Moving unit 7 Blunt Infantry to zone(-1, 1) in space (-3, -1) tick=4
2026/09/30 21:20:37 Moving unit 19 Piercing Infantry to zone(-1, 1) in space (-3, -1) tick=4
2026/09/30 21:20:37 Moving unit 22 Piercing Infantry to zone(-1, 1) in space (-3, -1) tick=4
2026/09/30 21:20:37 Moving unit 21 Piercing Infantry to zone(-1, 1) in space (-3, -1) tick=4
2026/09/30 21:20:37 Moving unit 8 Blunt Infantry to zone(-1, 1) in space (-3, -1) tick=4
2026/09/30 21:20:37 Moving unit 31 Blunt Infantry to zone(-1, 0) in space (-3, 3) tick=4
2026/09/30 21:20:37 state_hash turn=3 tick=4 hash=61e14430a3b8e71a
2026/09/30 21:20:37 Moving unit 4 Blunt Infantry to zone(1, -1) in space (-2, 1) tick=5
2026/09/30 21:20:37 Moving unit 15 Blunt Infantry to zone(1, -1) in space (-4, 0) tick=5
2026/09/30 21:20:37 Moving unit 9 Blunt Infantry to zone(1, -1) in space (-4, 0) tick=5
2026/09/30 21:20:37 Moving unit 17 Piercing Infantry to zone(1, -1) in space (-4, 0) tick=5
2026/09/30 21:20:37 Moving unit 14 Blunt Infantry to zone(1, -1) in space (-4, 0) tick=5
2026/09/30 21:20:37 Moving unit 7 Blunt Infantry to zone(1, -1) in space (-4, 0) tick=5
2026/09/30 21:20:37 Moving unit 19 Piercing Infantry to zone(1, -1) in space (-4, 0) tick=5
2026/09/30 21:20:37 Moving unit 22 Piercing Infantry to zone(1, -1) in space (-4, 0) tick=5
2026/09/30 21:20:37 Moving unit 21 Piercing Infantry to zone(1, -1) in space (-4, 0) tick=5
2026/09/30 21:20:37 Moving unit 8 Blunt Infantry to zone(1, -1) in space (-4, 0) tick=5
2026/09/30 21:20:37 Moving unit 11 Blunt Infantry to zone(1, -1) in space (-4, 0) tick=5
2026/09/30 21:20:37 Moving unit 12 Blunt Infantry to zone(1, -1) in space (-4, 0) tick=5
2026/09/30 21:20:37 Moving unit 13 Blunt Infantry to zone(1, -1) in space (-4, 0) tick=5
2026/09/30 21:20:37 Moving unit 16 Blunt Infantry to zone(1, -1) in space (-4, 0) tick=5
2026/09/30 21:20:37 Moving unit 3 Blunt Infantry to zone(1, -1) in space (-3, 1) tick=5
2026/09/30 21:20:37 Moving unit 5 Blunt Infantry to zone(0, -1) in space (1, 0) tick=5
2026/09/30 21:20:37 Moving unit 18 Piercing Infantry to zone(1, -1) in space (-4, 0) tick=5
2026/09/30 21:20:37 Moving unit 23 Piercing Infantry to zone(1, -1) in space (-4, 0) tick=5
2026/09/30 21:20:37 Moving unit 6 Blunt Infantry to zone(-1, 0) in space (3, -3) tick=5
2026/09/30 21:20:37 Moving unit 24 Piercing Infantry to zone(1, -1) in space (-4, 0) tick=5
2026/09/30 21:20:37 Moving unit 2 Blunt Infantry to zone(1, -1) in space (-4, 1) tick=5
2026/09/30 21:20:37 Moving unit 10 Blunt Infantry to zone(1, -1) in space (-4, 0) tick=5
2026/09/30 21:20:37 Moving unit 20 Piercing Infantry to zone(1, -1) in space (-4, 0) tick=5
2026/09/30 21:20:37 Moving unit 1 Blunt Infantry to zone(1, -1) in space (-4, 0) tick=5
2026/09/30 21:20:37 state_hash turn=3 tick=5 hash=a3e1ad475844e43f
2026/09/30 21:20:37 Moving unit 1 Blunt Infantry to zone(0, 0) in space (-4, 0) tick=6
2026/09/30 21:20:37 Moving unit 4 Blunt Infantry to zone(0, 0) in space (-2, 1) tick=6
2026/09/30 21:20:37 Moving unit 15 Blunt Infantry to zone(0, 0) in space (-4, 0) tick=6
2026/09/30 21:20:37 Moving unit 9 Blunt Infantry to zone(0, 0) in space (-4, 0) tick=6
2026/09/30 21:20:37 Moving unit 17 Piercing Infantry to zone(0, 0) in space (-4, 0) tick=6
2026/09/30 21:20:37 Moving unit 14 Blunt Infantry to zone(0, 0) in space (-4, 0) tick=6
2026/09/30 21:20:37 Moving unit 7 Blunt Infantry to zone(0, 0) in space (-4, 0) tick=6
2026/09/30 21:20:37 Moving unit 19 Piercing Infantry to zone(0, 0) in space (-4, 0) tick=6
2026/09/30 21:20:37 Moving unit 22 Piercing Infantry to zone(0, 0) in space (-4, 0) tick=6
2026/09/30 21:20:37 Moving unit 21 Piercing Infantry to zone(0, 0) in space (-4, 0) tick=6
2026/09/30 21:20:37 Moving unit 8 Blunt Infantry to zone(0, 0) in space (-4, 0) tick=6
2026/09/30 21:20:37 Moving unit 11 Blunt Infantry to zone(0, 0) in space (-4, 0) tick=6
2026/09/30 21:20:37 Moving unit 12 Blunt Infantry to zone(0, 0) in space (-4, 0) tick=6
2026/09/30 21:20:37 Moving unit 13 Blunt Infantry to zone(0, 0) in space (-4, 0) tick=6
2026/09/30 21:20:37 Moving unit 16 Blunt Infantry to zone(0, 0) in space (-4, 0) tick=6
2026/09/30 21:20:37 Moving unit 3 Blunt Infantry to zone(0, 0) in space (-3, 1) tick=6
2026/09/30 21:20:37 Moving unit 5 Blunt Infantry to zone(0, 0) in space (1, 0) tick=6
2026/09/30 21:20:37 Moving unit 18 Piercing Infantry to zone(0, 0) in space (-4, 0) tick=6
2026/09/30 21:20:37 Moving unit 23 Piercing Infantry to zone(0, 0) in space (-4, 0) tick=6
2026/09/30 21:20:37 Moving unit 24 Piercing Infantry to zone(0, 0) in space (-4, 0) tick=6
2026/09/30 21:20:37 Moving unit 2 Blunt Infantry to zone(0, 0) in space (-4, 1) tick=6
2026/09/30 21:20:37 Moving unit 10 Blunt Infantry to zone(0, 0) in space (-4, 0) tick=6
2026/09/30 21:20:37 Moving unit 20 Piercing Infantry to zone(0, 0) in space (-4, 0) tick=6
2026/09/30 21:20:37 state_hash turn=3 tick=6 hash=082309e95c859481
2026/09/30 21:20:37 state_hash turn=3 tick=end hash=356a30a77ea2a141
2026/09/30 21:20:37 ai ai-1: new turn data {"buildings":[],"enemy_buildings":[],"enemy_units":[],"foundations":[],"population":{"current":30,"limit":0},"resources":{"food":200,"gold":14,"stone":100,"wood":200},"spaces":[{"Space":{"X":0,"Y":-4},"Vision":0,"Owner":-1},{"Space":{"X":1,"Y":-4},"Vision":0,"Owner":-1},{"Space":{"X":2,"Y":-4},"Vision":0,"Owner":-1},{"Space":{"X":3,"Y":-4},"Vision":0,"Owner":-1},{"Space":{"X":4,"Y":-4},"Vision":0,"Owner":-1},{"Space":{"X":-1,"Y":-3},"Vision":0,"Owner":-1},{"Space":{"X":0,"Y":-3},"Vision":0,"Owner":-1},{"Space":{"X":1,"Y":-3},"Vision":0,"Owner":-1},{"Space":{"X":2,"Y":-3},"Vision":0,"Owner":-1},{"Space":{"X":3,"Y":-3},"Vision":0,"Owner":-1},{"Space":{"X":4,"Y":-3},"Vision":0,"Owner":-1},{"Space":{"X":-2,"Y":-2},"Vision":0,"Owner":-1},{"Space":{"X":-1,"Y":-2},"Vision":0,"Owner":-1},{"Space":{"X":0,"Y":-2},"Vision":0,"Owner":-1},{"Space":{"X":1,"Y":-2},"Vision":0,"Owner":-1},{"Space":{"X":2,"Y":-2},"Vision":0,"Owner":-1},{"Space":{"X":3,"Y":-2},"Vision":0,"Owner":-1},{"Space":{"X":4,"Y":-2},"Vision":0,"Owner":-1},{"Space":{"X":-3,"Y":-1},"Vision":0,"Owner":-1},{"Space":{"X":-2,"Y":-1},"Vision":0,"Owner":-1},{"Space":{"X":-1,"Y":-1},"Vision":0,"Owner":-1},{"Space":{"X":0,"Y":-1},"Vision":0,"Owner":-1},{"Space":{"X":1,"Y":-1},"Vision":0,"Owner":-1},{"Space":{"X":2,"Y":-1},"Vision":0,"Owner":-1},{"Space":{"X":3,"Y":-1},"Vision":0,"Owner":-1},{"Space":{"X":4,"Y":-1},"Vision":0,"Owner":-1},{"Space":{"X":-4,"Y":0},"Vision":0,"Owner":-1},{"Space":{"X":-3,"Y":0},"Vision":0,"Owner":-1},{"Space":{"X":-2,"Y":0},"Vision":0,"Owner":-1},{"Space":{"X":-1,"Y":0},"Vision":0,"Owner":-1},{"Space":{"X":0,"Y":0},"Vision":0,"Owner":-1},{"Space":{"X":1,"Y":0},"Vision":0,"Owner":-1},{"Space":{"X":2,"Y":0},"Vision":0,"Owner":-1},{"Space":{"X":3,"Y":0},"Vision":0,"Owner":-1},{"Space":{"X":4,"Y":0},"Vision":0,"Owner":-1},{"Space":{"X":-4,"Y":1},"Vision":0,"Owner":-1},{"Space":{"X":-3,"Y":1},"Vision":0,"Owner":-1},{"Space":{"X":-2,"Y":1},"Vision":0,"Owner":-1},{"Space":{"X":-1,"Y":1},"Vision":0,"Owner":-1},{"Space":{"X":0,"Y":1},"Vision":0,"Owner":-1},{"Space":{"X":1,"Y":1},"Vision":0,"Owner":-1},{"Space":{"X":2,"Y":1},"Vision":0,"Owner":-1},{"Space":{"X":3,"Y":1},"Vision":0,"Owner":-1},{"Space":{"X":-4,"Y":2},"Vision":0,"Owner":-1},{"Space":{"X":-3,"Y":2},"Vision":2,"Owner":-1},{"Space":{"X":-2,"Y":2},"Vision":2,"Owner":-1},{"Space":{"X":-1,"Y":2},"Vision":1,"Owner":-1},{"Space":{"X":0,"Y":2},"Vision":2,"Owner":-1},{"Space":{"X":1,"Y":2},"Vision":2,"Owner":-1},{"Space":{"X":2,"Y":2},"Vision":0,"Owner":-1},{"Space":{"X":-4,"Y":3},"Vision":3,"Owner":-1},{"Space":{"X":-3,"Y":3},"Vision":3,"Owner":1},{"Space":{"X":-2,"Y":3},"Vision":2,"Owner":-1},{"Space":{"X":-1,"Y":3},"Vision":2,"Owner":-1},{"Space":{"X":0,"Y":3},"Vision":3,"Owner":1},{"Space":{"X":1,"Y":3},"Vision":2,"Owner":-1},{"Space":{"X":-4,"Y":4},"Vision":2,"Owner":-1},{"Space":{"X":-3,"Y":4},"Vision":2,"Owner":-1},{"Space":{"X":-2,"Y":4},"Vision":1,"Owner":-1},{"Space":{"X":-1,"Y":4},"Vision":2,"Owner":-1},{"Space":{"X":0,"Y":4},"Vision":2,"Owner":-1}],"units":[{"InternalID":31,"UnitID":11,"Type":2,"Kind":1,"Location":{"Space":{"X":-3,"Y":3},"Zone":{"X":-1,"Y":0}},"CurrentStamina":23,"CurrentOrder":{"Kind":0,"TargetZone":{"Space":{"X":-4,"Y":3},"Zone":{"X":0,"Y":0}},"TargetSpace":null,"TargetResource":null,"TargetUnit":null,"TargetBuilding":null},"Builds":[],"GarrisonedIn":null,"Stance":3,"InterruptCurrent":false,"AttackBack":true,"TargetPriority":"","ActiveOrders":[{"ID":32,"Kind":0}],"Health":11,"MaxHealth":11},{"InternalID":32,"UnitID":11,"Type":2,"Kind":1,"Location":{"Space":{"X":0,"Y":3},"Zone":{"X":0,"Y":0}},"CurrentStamina":23,"CurrentOrder":null,"Builds":[],"GarrisonedIn":null,"Stance":3,"InterruptCurrent":false,"AttackBack":true,"TargetPriority":"","ActiveOrders":null,"Health":11,"MaxHealth":11},{"InternalID":33,"UnitID":11,"Type":2,"Kind":1,"Location":{"Space":{"X":0,"Y":3},"Zone":{"X":0,"Y":0}},"CurrentStamina":23,"CurrentOrder":null,"Builds":[],"GarrisonedIn":null,"Stance":3,"InterruptCurrent":false,"AttackBack":true,"TargetPriority":"","ActiveOrders":null,"Health":11,"MaxHealth":11},{"InternalID":34,"UnitID":11,"Type":2,"Kind":1,"Location":{"Space":{"X":0,"Y":3},"Zone":{"X":0,"Y":0}},"CurrentStamina":23,"CurrentOrder":null,"Builds":[],"GarrisonedIn":null,"Stance":3,"InterruptCurrent":false,"AttackBack":true,"TargetPriority":"","ActiveOrders":null,"Health":11,"MaxHealth":11},{"InternalID":35,"UnitID":11,"Type":2,"Kind":1,"Location":{"Space":{"X":0,"Y":3},"Zone":{"X":0,"Y":0}},"CurrentStamina":23,"CurrentOrder":null,"Builds":[],"GarrisonedIn":null,"Stance":3,"InterruptCurrent":false,"AttackBack":true,"TargetPriority":"","ActiveOrders":null,"Health":11,"MaxHealth":11},{"InternalID":36,"UnitID":11,"Type":2,"Kind":1,"Location":{"Space":{"X":0,"Y":3},"Zone":{"X":0,"Y":0}},"CurrentStamina":23,"CurrentOrder":null,"Builds":[],"GarrisonedIn":null,"Stance":3,"InterruptCurrent":false,"AttackBack":true,"TargetPriority":"","ActiveOrders":null,"Health":11,"MaxHealth":11},{"InternalID":37,"UnitID":11,"Type":2,"Kind":1,"Location":{"Space":{"X":0,"Y":3},"Zone":{"X":0,"Y":0}},"CurrentStamina":23,"CurrentOrder":null,"Builds":[],"GarrisonedIn":null,"Stance":3,"InterruptCurrent":false,"AttackBack":true,"TargetPriority":"","ActiveOrders":null,"Health":11,"MaxHealth":11},{"InternalID":38,"UnitID":11,"Type":2,"Kind":1,"Location":{"Space":{"X":0,"Y":3},"Zone":{"X":0,"Y":0}},"CurrentStamina":23,"CurrentOrder":null,"Builds":[],"GarrisonedIn":null,"Stance":3,"InterruptCurrent":false,"AttackBack":true,"TargetPriority":"","ActiveOrders":null,"Health":11,"MaxHealth":11},{"InternalID":39,"UnitID":11,"Type":2,"Kind":1,"Location":{"Space":{"X":0,"Y":3},"Zone":{"X":0,"Y":0}},"CurrentStamina":23,"CurrentOrder":null,"Builds":[],"GarrisonedIn":null,"Stance":3,"InterruptCurrent":false,"AttackBack":true,"TargetPriority":"","ActiveOrders":null,"Health":11,"MaxHealth":11},{"InternalID":40,"UnitID":11,"Type":2,"Kind":1,"Location":{"Space":{"X":0,"Y":3},"Zone":{"X":0,"Y":0}},"CurrentStamina":23,"CurrentOrder":null,"Builds":[],"GarrisonedIn":null,"Stance":3,"InterruptCurrent":false,"AttackBack":true,"TargetPriority":"","ActiveOrders":null,"Health":11,"MaxHealth":11},{"InternalID":41,"UnitID":11,"Type":2,"Kind":1,"Location":{"Space":{"X":0,"Y":3},"Zone":{"X":0,"Y":0}},"CurrentStamina":23,"CurrentOrder":null,"Builds":[],"GarrisonedIn":null,"Stance":3,"InterruptCurrent":false,"AttackBack":true,"TargetPriority":"","ActiveOrders":null,"Health":11,"MaxHealth":11},{"InternalID":42,"UnitID":11,"Type":2,"Kind":1,"Location":{"Space":{"X":0,"Y":3},"Zone":{"X":0,"Y":0}},"CurrentStamina":23,"CurrentOrder":null,"Builds":[],"GarrisonedIn":null,"Stance":3,"InterruptCurrent":false,"AttackBack":true,"TargetPriority":"","ActiveOrders":null,"Health":11,"MaxHealth":11},{"InternalID":43,"UnitID":11,"Type":2,"Kind":1,"Location":{"Space":{"X":0,"Y":3},"Zone":{"X":0,"Y":0}},"CurrentStamina":23,"CurrentOrder":null,"Builds":[],"GarrisonedIn":null,"Stance":3,"InterruptCurrent":false,"AttackBack":true,"TargetPriority":"","ActiveOrders":null,"Health":11,"MaxHealth":11},{"InternalID":44,"UnitID":11,"Type":2,"Kind":1,"Location":{"Space":{"X":0,"Y":3},"Zone":{"X":0,"Y":0}},"CurrentStamina":23,"CurrentOrder":null,"Builds":[],"GarrisonedIn":null,"Stance":3,"InterruptCurrent":false,"AttackBack":true,"TargetPriority":"","ActiveOrders":null,"Health":11,"MaxHealth":11},{"InternalID":45,"UnitID":11,"Type":2,"Kind":1,"Location":{"Space":{"X":0,"Y":3},"Zone":{"X":0,"Y":0}},"CurrentStamina":23,"CurrentOrder":null,"Builds":[],"GarrisonedIn":null,"Stance":3,"InterruptCurrent":false,"AttackBack":true,"TargetPriority":"","ActiveOrders":null,"Health":11,"MaxHealth":11},{"InternalID":46,"UnitID":11,"Type":2,"Kind":1,"Location":{"Space":{"X":0,"Y":3},"Zone":{"X":0,"Y":0}},"CurrentStamina":23,"CurrentOrder":null,"Builds":[],"GarrisonedIn":null,"Stance":3,"InterruptCurrent":false,"AttackBack":true,"TargetPriority":"","ActiveOrders":null,"Health":11,"MaxHealth":11},{"InternalID":47,"UnitID":12,"Type":2,"Kind":1,"Location":{"Space":{"X":0,"Y":3},"Zone":{"X":0,"Y":0}},"CurrentStamina":18,"CurrentOrder":null,"Builds":[],"GarrisonedIn":null,"Stance":3,"InterruptCurrent":false,"AttackBack":true,"TargetPriority":"","ActiveOrders":null,"Health":16,"MaxHealth":16},{"InternalID":48,"UnitID":12,"Type":2,"Kind":1,"Location":{"Space":{"X":0,"Y":3},"Zone":{"X":0,"Y":0}},"CurrentStamina":18,"CurrentOrder":null,"Builds":[],"GarrisonedIn":null,"Stance":3,"InterruptCurrent":false,"AttackBack":true,"TargetPriority":"","ActiveOrders":null,"Health":16,"MaxHealth":16},{"InternalID":49,"UnitID":12,"Type":2,"Kind":1,"Location":{"Space":{"X":0,"Y":3},"Zone":{"X":0,"Y":0}},"CurrentStamina":18,"CurrentOrder":null,"Builds":[],"GarrisonedIn":null,"Stance":3,"InterruptCurrent":false,"AttackBack":true,"TargetPriority":"","ActiveOrders":null,"Health":16,"MaxHealth":16},{"InternalID":50,"UnitID":12,"Type":2,"Kind":1,"Location":{"Space":{"X":0,"Y":3},"Zone":{"X":0,"Y":0}},"CurrentStamina":18,"CurrentOrder":null,"Builds":[],"GarrisonedIn":null,"Stance":3,"InterruptCurrent":false,"AttackBack":true,"TargetPriority":"","ActiveOrders":null,"Health":16,"MaxHealth":16},{"InternalID":51,"UnitID":12,"Type":2,"Kind":1,"Location":{"Space":{"X":0,"Y":3},"Zone":{"X":0,"Y":0}},"CurrentStamina":18,"CurrentOrder":null,"Builds":[],"GarrisonedIn":null,"Stance":3,"InterruptCurrent":false,"AttackBack":true,"TargetPriority":"","ActiveOrders":null,"Health":16,"MaxHealth":16},{"InternalID":52,"UnitID":12,"Type":2,"Kind":1,"Location":{"Space":{"X":0,"Y":3},"Zone":{"X":0,"Y":0}},"CurrentStamina":18,"CurrentOrder":null,"Builds":[],"GarrisonedIn":null,"Stance":3,"InterruptCurrent":false,"AttackBack":true,"TargetPriority":"","ActiveOrders":null,"Health":16,"MaxHealth":16},{"InternalID":53,"UnitID":12,"Type":2,"Kind":1,"Location":{"Space":{"X":0,"Y":3},"Zone":{"X":0,"Y":0}},"CurrentStamina":18,"CurrentOrder":null,"Builds":[],"GarrisonedIn":null,"Stance":3,"InterruptCurrent":false,"AttackBack":true,"TargetPriority":"","ActiveOrders":null,"Health":16,"MaxHealth":16},{"InternalID":54,"UnitID":12,"Type":2,"Kind":1,"Location":{"Space":{"X":0,"Y":3},"Zone":{"X":0,"Y":0}},"CurrentStamina":18,"CurrentOrder":null,"Builds":[],"GarrisonedIn":null,"Stance":3,"InterruptCurrent":false,"AttackBack":true,"TargetPriority":"","ActiveOrders":null,"Health":16,"MaxHealth":16},{"InternalID":55,"UnitID":13,"Type":2,"Kind":1,"Location":{"Space":{"X":0,"Y":3},"Zone":{"X":0,"Y":0}},"CurrentStamina":12,"CurrentOrder":null,"Builds":[],"GarrisonedIn":null,"Stance":3,"InterruptCurrent":false,"AttackBack":true,"TargetPriority":"","ActiveOrders":null,"Health":50,"MaxHealth":50},{"InternalID":56,"UnitID":13,"Type":2,"Kind":1,"Location":{"Space":{"X":0,"Y":3},"Zone":{"X":0,"Y":0}},"CurrentStamina":12,"CurrentOrder":null,"Builds":[],"GarrisonedIn":null,"Stance":3,"InterruptCurrent":false,"AttackBack":true,"TargetPriority":"","ActiveOrders":null,"Health":50,"MaxHealth":50},{"InternalID":57,"UnitID":13,"Type":2,"Kind":1,"Location":{"Space":{"X":0,"Y":3},"Zone":{"X":0,"Y":0}},"CurrentStamina":12,"CurrentOrder":null,"Builds":[],"GarrisonedIn":null,"Stance":3,"InterruptCurrent":false,"AttackBack":true,"TargetPriority":"","ActiveOrders":null,"Health":50,"MaxHealth":50},{"InternalID":58,"UnitID":13,"Type":2,"Kind":1,"Location":{"Space":{"X":0,"Y":3},"Zone":{"X":0,"Y":0}},"CurrentStamina":12,"CurrentOrder":null,"Builds":[],"GarrisonedIn":null,"Stance":3,"InterruptCurrent":false,"AttackBack":true,"TargetPriority":"","ActiveOrders":null,"Health":50,"MaxHealth":50},{"InternalID":59,"UnitID":13,"Type":2,"Kind":1,"Location":{"Space":{"X":0,"Y":3},"Zone":{"X":0,"Y":0}},"CurrentStamina":12,"CurrentOrder":null,"Builds":[],"GarrisonedIn":null,"Stance":3,"InterruptCurrent":false,"AttackBack":true,"TargetPriority":"","ActiveOrders":null,"Health":50,"MaxHealth":50},{"InternalID":60,"UnitID":13,"Type":2,"Kind":1,"Location":{"Space":{"X":0,"Y":3},"Zone":{"X":0,"Y":0}},"CurrentStamina":12,"CurrentOrder":null,"Builds":[],"GarrisonedIn":null,"Stance":3,"InterruptCurrent":false,"AttackBack":true,"TargetPriority":"","ActiveOrders":null,"Health":50,"MaxHealth":50}]}
2026/09/30 21:20:37 ai ai-1: submitting orders []
2026/09/30 21:20:37 ai ai-1: vars {}
2026/09/30 21:20:37 player action: submit-orders 0 2 map[orders:[]]
2026/09/30 21:20:37 Executing submit orders for: 1 []
2026/09/30 21:20:37 ai ai-0: new turn data {"buildings":[],"enemy_buildings":[],"enemy_units":[],"foundations":[],"population":{"current":30,"limit":0},"resources":{"food":200,"gold":42,"stone":100,"wood":200},"spaces":[{"Space":{"X":0,"Y":-4},"Vision":1,"Owner":-1},{"Space":{"X":1,"Y":-4},"Vision":1,"Owner":-1},{"Space":{"X":2,"Y":-4},"Vision":1,"Owner":-1},{"Space":{"X":3,"Y":-4},"Vision":2,"Owner":-1},{"Space":{"X":4,"Y":-4},"Vision":2,"Owner":-1},{"Space":{"X":-1,"Y":-3},"Vision":1,"Owner":-1},{"Space":{"X":0,"Y":-3},"Vision":1,"Owner":-1},{"Space":{"X":1,"Y":-3},"Vision":1,"Owner":-1},{"Space":{"X":2,"Y":-3},"Vision":3,"Owner":-1},{"Space":{"X":3,"Y":-3},"Vision":3,"Owner":0},{"Space":{"X":4,"Y":-3},"Vision":2,"Owner":-1},{"Space":{"X":-2,"Y":-2},"Vision":2,"Owner":-1},{"Space":{"X":-1,"Y":-2},"Vision":1,"Owner":-1},{"Space":{"X":0,"Y":-2},"Vision":1,"Owner":-1},{"Space":{"X":1,"Y":-2},"Vision":1,"Owner":-1},{"Space":{"X":2,"Y":-2},"Vision":2,"Owner":-1},{"Space":{"X":3,"Y":-2},"Vision":2,"Owner":-1},{"Space":{"X":4,"Y":-2},"Vision":0,"Owner":-1},{"Space":{"X":-3,"Y":-1},"Vision":3,"Owner":0},{"Space":{"X":-2,"Y":-1},"Vision":2,"Owner":-1},{"Space":{"X":-1,"Y":-1},"Vision":1,"Owner":-1},{"Space":{"X":0,"Y":-1},"Vision":1,"Owner":-1},{"Space":{"X":1,"Y":-1},"Vision":2,"Owner":-1},{"Space":{"X":2,"Y":-1},"Vision":2,"Owner":-1},{"Space":{"X":3,"Y":-1},"Vision":0,"Owner":-1},{"Space":{"X":4,"Y":-1},"Vision":0,"Owner":-1},{"Space":{"X":-4,"Y":0},"Vision":3,"Owner":0},{"Space":{"X":-3,"Y":0},"Vision":2,"Owner":-1},{"Space":{"X":-2,"Y":0},"Vision":2,"Owner":-1},{"Space":{"X":-1,"Y":0},"Vision":2,"Owner":-1},{"Space":{"X":0,"Y":0},"Vision":2,"Owner":-1},{"Space":{"X":1,"Y":0},"Vision":3,"Owner":0},{"Space":{"X":2,"Y":0},"Vision":2,"Owner":-1},{"Space":{"X":3,"Y":0},"Vision":0,"Owner":-1},{"Space":{"X":4,"Y":0},"Vision":0,"Owner":-1},{"Space":{"X":-4,"Y":1},"Vision":3,"Owner":0},{"Space":{"X":-3,"Y":1},"Vision":3,"Owner":0},{"Space":{"X":-2,"Y":1},"Vision":3,"Owner":0},{"Space":{"X":-1,"Y":1},"Vision":2,"Owner":-1},{"Space":{"X":0,"Y":1},"Vision":2,"Owner":-1},{"Space":{"X":1,"Y":1},"Vision":2,"Owner":-1},{"Space":{"X":2,"Y":1},"Vision":0,"Owner":-1},{"Space":{"X":3,"Y":1},"Vision":0,"Owner":-1},{"Space":{"X":-4,"Y":2},"Vision":2,"Owner":-1},{"Space":{"X":-3,"Y":2},"Vision":2,"Owner":-1},{"Space":{"X":-2,"Y":2},"Vision":2,"Owner":-1},{"Space":{"X":-1,"Y":2},"Vision":0,"Owner":-1},{"Space":{"X":0,"Y":2},"Vision":0,"Owner":-1},{"Space":{"X":1,"Y":2},"Vision":0,"Owner":-1},{"Space":{"X":2,"Y":2},"Vision":0,"Owner":-1},{"Space":{"X":-4,"Y":3},"Vision":0,"Owner":-1},{"Space":{"X":-3,"Y":3},"Vision":0,"Owner":-1},{"Space":{"X":-2,"Y":3},"Vision":0,"Owner":-1},{"Space":{"X":-1,"Y":3},"Vision":0,"Owner":-1},{"Space":{"X":0,"Y":3},"Vision":0,"Owner":-1},{"Space":{"X":1,"Y":3},"Vision":0,"Owner":-1},{"Space":{"X":-4,"Y":4},"Vision":0,"Owner":-1},{"Space":{"X":-3,"Y":4},"Vision":0,"Owner":-1},{"Space":{"X":-2,"Y":4},"Vision":0,"Owner":-1},{"Space":{"X":-1,"Y":4},"Vision":0,"Owner":-1},{"Space":{"X":0,"Y":4},"Vision":0,"Owner":-1}],"units":[{"InternalID":1,"UnitID":11,"Type":2,"Kind":1,"Location":{"Space":{"X":-4,"Y":0},"Zone":{"X":0,"Y":0}},"CurrentStamina":22,"CurrentOrder":null,"Builds":[],"GarrisonedIn":null,"Stance":3,"InterruptCurrent":true,"AttackBack":true,"TargetPriority":"","ActiveOrders":null,"Health":11,"MaxHealth":11},{"InternalID":2,"UnitID":11,"Type":2,"Kind":1,"Location":{"Space":{"X":-4,"Y":1},"Zone":{"X":0,"Y":0}},"CurrentStamina":22,"CurrentOrder":null,"Builds":[],"GarrisonedIn":null,"Stance":3,"InterruptCurrent":true,"AttackBack":true,"TargetPriority":"","ActiveOrders":null,"Health":11,"MaxHealth":11},{"InternalID":3,"UnitID":11,"Type":2,"Kind":1,"Location":{"Space":{"X":-3,"Y":1},"Zone":{"X":0,"Y":0}},"CurrentStamina":22,"CurrentOrder":null,"Builds":[],"GarrisonedIn":null,"Stance":3,"InterruptCurrent":true,"AttackBack":true,"TargetPriority":"","ActiveOrders":null,"Health":11,"MaxHealth":11},{"InternalID":4,"UnitID":11,"Type":2,"Kind":1,"Location":{"Space":{"X":-2,"Y":1},"Zone":{"X":0,"Y":0}},"CurrentStamina":22,"CurrentOrder":null,"Builds":[],"GarrisonedIn":null,"Stance":3,"InterruptCurrent":true,"AttackBack":true,"TargetPriority":"","ActiveOrders":null,"Health":11,"MaxHealth":11},{"InternalID":5,"UnitID":11,"Type":2,"Kind":1,"Location":{"Space":{"X":1,"Y":0},"Zone":{"X":0,"Y":0}},"CurrentStamina":22,"CurrentOrder":null,"Builds":[],"GarrisonedIn":null,"Stance":3,"InterruptCurrent":true,"AttackBack":true,"TargetPriority":"","ActiveOrders":null,"Health":11,"MaxHealth":11},{"InternalID":6,"UnitID":11,"Type":2,"Kind":1,"Location":{"Space":{"X":3,"Y":-3},"Zone":{"X":-1,"Y":0}},"CurrentStamina":15,"CurrentOrder":{"Kind":0,"TargetZone":{"Space":{"X":3,"Y":-3},"Zone":{"X":0,"Y":0}},"TargetSpace":null,"TargetResource":null,"TargetUnit":null,"TargetBuilding":null},"Builds":[],"GarrisonedIn":null,"Stance":3,"InterruptCurrent":false,"AttackBack":true,"TargetPriority":"","ActiveOrders":[{"ID":38,"Kind":0}],"Health":11,"MaxHealth":11},{"InternalID":7,"UnitID":11,"Type":2,"Kind":1,"Location":{"Space":{"X":-4,"Y":0},"Zone":{"X":0,"Y":0}},"CurrentStamina":22,"CurrentOrder":null,"Builds":[],"GarrisonedIn":null,"Stance":3,"InterruptCurrent":true,"AttackBack":true,"TargetPriority":"","ActiveOrders":null,"Health":11,"MaxHealth":11},{"InternalID":8,"UnitID":11,"Type":2,"Kind":1,"Location":{"Space":{"X":-4,"Y":0},"Zone":{"X":0,"Y":0}},"CurrentStamina":22,"CurrentOrder":null,"Builds":[],"GarrisonedIn":null,"Stance":3,"InterruptCurrent":true,"AttackBack":true,"TargetPriority":"","ActiveOrders":null,"Health":11,"MaxHealth":11},{"InternalID":9,"UnitID":11,"Type":2,"Kind":1,"Location":{"Space":{"X":-4,"Y":0},"Zone":{"X":0,"Y":0}},"CurrentStamina":22,"CurrentOrder":null,"Builds":[],"GarrisonedIn":null,"Stance":3,"InterruptCurrent":true,"AttackBack":true,"TargetPriority":"","ActiveOrders":null,"Health":11,"MaxHealth":11},{"InternalID":10,"UnitID":11,"Type":2,"Kind":1,"Location":{"Space":{"X":-4,"Y":0},"Zone":{"X":0,"Y":0}},"CurrentStamina":22,"CurrentOrder":null,"Builds":[],"GarrisonedIn":null,"Stance":3,"InterruptCurrent":true,"AttackBack":true,"TargetPriority":"","ActiveOrders":null,"Health":11,"MaxHealth":11},{"InternalID":11,"UnitID":11,"Type":2,"Kind":1,"Location":{"Space":{"X":-4,"Y":0},"Zone":{"X":0,"Y":0}},"CurrentStamina":22,"CurrentOrder":null,"Builds":[],"GarrisonedIn":null,"Stance":3,"InterruptCurrent":true,"AttackBack":true,"TargetPriority":"","ActiveOrders":null,"Health":11,"MaxHealth":11},{"InternalID":12,"UnitID":11,"Type":2,"Kind":1,"Location":{"Space":{"X":-4,"Y":0},"Zone":{"X":0,"Y":0}},"CurrentStamina":22,"CurrentOrder":null,"Builds":[],"GarrisonedIn":null,"Stance":3,"InterruptCurrent":true,"AttackBack":true,"TargetPriority":"","ActiveOrders":null,"Health":11,"MaxHealth":11},{"InternalID":13,"UnitID":11,"Type":2,"Kind":1,"Location":{"Space":{"X":-4,"Y":0},"Zone":{"X":0,"Y":0}},"CurrentStamina":22,"CurrentOrder":null,"Builds":[],"GarrisonedIn":null,"Stance":3,"InterruptCurrent":true,"AttackBack":true,"TargetPriority":"","ActiveOrders":null,"Health":11,"MaxHealth":11},{"InternalID":14,"UnitID":11,"Type":2,"Kind":1,"Location":{"Space":{"X":-4,"Y":0},"Zone":{"X":0,"Y":0}},"CurrentStamina":22,"CurrentOrder":null,"Builds":[],"GarrisonedIn":null,"Stance":3,"InterruptCurrent":true,"AttackBack":true,"TargetPriority":"","ActiveOrders":null,"Health":11,"MaxHealth":11},{"InternalID":15,"UnitID":11,"Type":2,"Kind":1,"Location":{"Space":{"X":-4,"Y":0},"Zone":{"X":0,"Y":0}},"CurrentStamina":22,"CurrentOrder":null,"Builds":[],"GarrisonedIn":null,"Stance":3,"InterruptCurrent":true,"AttackBack":true,"TargetPriority":"","ActiveOrders":null,"Health":11,"MaxHealth":11},{"InternalID":16,"UnitID":11,"Type":2,"Kind":1,"Location":{"Space":{"X":-4,"Y":0},"Zone":{"X":0,"Y":0}},"CurrentStamina":22,"CurrentOrder":null,"Builds":[],"GarrisonedIn":null,"Stance":3,"InterruptCurrent":true,"AttackBack":true,"TargetPriority":"","ActiveOrders":null,"Health":11,"MaxHealth":11},{"InternalID":17,"UnitID":12,"Type":2,"Kind":1,"Location":{"Space":{"X":-4,"Y":0},"Zone":{"X":0,"Y":0}},"CurrentStamina":14,"CurrentOrder":null,"Builds":[],"GarrisonedIn":null,"Stance":3,"InterruptCurrent":true,"AttackBack":true,"TargetPriority":"","ActiveOrders":null,"Health":16,"MaxHealth":16},{"InternalID":18,"UnitID":12,"Type":2,"Kind":1,"Location":{"Space":{"X":-4,"Y":0},"Zone":{"X":0,"Y":0}},"CurrentStamina":14,"CurrentOrder":null,"Builds":[],"GarrisonedIn":null,"Stance":3,"InterruptCurrent":true,"AttackBack":true,"TargetPriority":"","ActiveOrders":null,"Health":16,"MaxHealth":16},{"InternalID":19,"UnitID":12,"Type":2,"Kind":1,"Location":{"Space":{"X":-4,"Y":0},"Zone":{"X":0,"Y":0}},"CurrentStamina":14,"CurrentOrder":null,"Builds":[],"GarrisonedIn":null,"Stance":3,"InterruptCurrent":true,"AttackBack":true,"TargetPriority":"","ActiveOrders":null,"Health":16,"MaxHealth":16},{"InternalID":20,"UnitID":12,"Type":2,"Kind":1,"Location":{"Space":{"X":-4,"Y":0},"Zone":{"X":0,"Y":0}},"CurrentStamina":14,"CurrentOrder":null,"Builds":[],"GarrisonedIn":null,"Stance":3,"InterruptCurrent":true,"AttackBack":true,"TargetPriority":"","ActiveOrders":null,"Health":16,"MaxHealth":16},{"InternalID":21,"UnitID":12,"Type":2,"Kind":1,"Location":{"Space":{"X":-4,"Y":0},"Zone":{"X":0,"Y":0}},"CurrentStamina":14,"CurrentOrder":null,"Builds":[],"GarrisonedIn":null,"Stance":3,"InterruptCurrent":true,"AttackBack":true,"TargetPriority":"","ActiveOrders":null,"Health":16,"MaxHealth":16},{"InternalID":22,"UnitID":12,"Type":2,"Kind":1,"Location":{"Space":{"X":-4,"Y":0},"Zone":{"X":0,"Y":0}},"CurrentStamina":14,"CurrentOrder":null,"Builds":[],"GarrisonedIn":null,"Stance":3,"InterruptCurrent":true,"AttackBack":true,"TargetPriority":"","ActiveOrders":null,"Health":16,"MaxHealth":16},{"InternalID":23,"UnitID":12,"Type":2,"Kind":1,"Location":{"Space":{"X":-4,"Y":0},"Zone":{"X":0,"Y":0}},"CurrentStamina":14,"CurrentOrder":null,"Builds":[],"GarrisonedIn":null,"Stance":3,"InterruptCurrent":true,"AttackBack":true,"TargetPriority":"","ActiveOrders":null,"Health":16,"MaxHealth":16},{"InternalID":24,"UnitID":12,"Type":2,"Kind":1,"Location":{"Space":{"X":-4,"Y":0},"Zone":{"X":0,"Y":0}},"CurrentStamina":14,"CurrentOrder":null,"Builds":[],"GarrisonedIn":null,"Stance":3,"InterruptCurrent":true,"AttackBack":true,"TargetPriority":"","ActiveOrders":null,"Health":16,"MaxHealth":16},{"InternalID":25,"UnitID":13,"Type":2,"Kind":1,"Location":{"Space":{"X":-3,"Y":-1},"Zone":{"X":0,"Y":0}},"CurrentStamina":8,"CurrentOrder":{"Kind":0,"TargetZone":{"Space":{"X":-4,"Y":0},"Zone":{"X":0,"Y":0}},"TargetSpace":null,"TargetResource":null,"TargetUnit":null,"TargetBuilding":null},"Builds":[],"GarrisonedIn":null,"Stance":3,"InterruptCurrent":true,"AttackBack":true,"TargetPriority":"","ActiveOrders":[{"ID":57,"Kind":0}],"Health":50,"MaxHealth":50},{"InternalID":26,"UnitID":13,"Type":2,"Kind":1,"Location":{"Space":{"X":-3,"Y":-1},"Zone":{"X":0,"Y":0}},"CurrentStamina":8,"CurrentOrder":{"Kind":0,"TargetZone":{"Space":{"X":-4,"Y":0},"Zone":{"X":0,"Y":0}},"TargetSpace":null,"TargetResource":null,"TargetUnit":null,"TargetBuilding":null},"Builds":[],"GarrisonedIn":null,"Stance":3,"InterruptCurrent":true,"AttackBack":true,"TargetPriority":"","ActiveOrders":[{"ID":58,"Kind":0}],"Health":50,"MaxHealth":50},{"InternalID":27,"UnitID":13,"Type":2,"Kind":1,"Location":{"Space":{"X":-3,"Y":-1},"Zone":{"X":0,"Y":0}},"CurrentStamina":8,"CurrentOrder":{"Kind":0,"TargetZone":{"Space":{"X":-4,"Y":0},"Zone":{"X":0,"Y":0}},"TargetSpace":null,"TargetResource":null,"TargetUnit":null,"TargetBuilding":null},"Builds":[],"GarrisonedIn":null,"Stance":3,"InterruptCurrent":true,"AttackBack":true,"TargetPriority":"","ActiveOrders":[{"ID":59,"Kind":0}],"Health":50,"MaxHealth":50},{"InternalID":28,"UnitID":13,"Type":2,"Kind":1,"Location":{"Space":{"X":-3,"Y":-1},"Zone":{"X":0,"Y":0}},"CurrentStamina":8,"CurrentOrder":{"Kind":0,"TargetZone":{"Space":{"X":-4,"Y":0},"Zone":{"X":0,"Y":0}},"TargetSpace":null,"TargetResource":null,"TargetUnit":null,"TargetBuilding":null},"Builds":[],"GarrisonedIn":null,"Stance":3,"InterruptCurrent":true,"AttackBack":true,"TargetPriority":"","ActiveOrders":[{"ID":60,"Kind":0}],"Health":50,"MaxHealth":50},{"InternalID":29,"UnitID":13,"Type":2,"Kind":1,"Location":{"Space":{"X":-3,"Y":-1},"Zone":{"X":0,"Y":0}},"CurrentStamina":8,"CurrentOrder":{"Kind":0,"TargetZone":{"Space":{"X":-4,"Y":0},"Zone":{"X":0,"Y":0}},"TargetSpace":null,"TargetResource":null,"TargetUnit":null,"TargetBuilding":null},"Builds":[],"GarrisonedIn":null,"Stance":3,"InterruptCurrent":true,"AttackBack":true,"TargetPriority":"","ActiveOrders":[{"ID":61,"Kind":0}],"Health":50,"MaxHealth":50},{"InternalID":30,"UnitID":13,"Type":2,"Kind":1,"Location":{"Space":{"X":-3,"Y":-1},"Zone":{"X":0,"Y":0}},"CurrentStamina":8,"CurrentOrder":{"Kind":0,"TargetZone":{"Space":{"X":-4,"Y":0},"Zone":{"X":0,"Y":0}},"TargetSpace":null,"TargetResource":null,"TargetUnit":null,"TargetBuilding":null},"Builds":[],"GarrisonedIn":null,"Stance":3,"InterruptCurrent":true,"AttackBack":true,"TargetPriority":"","ActiveOrders":[{"ID":62,"Kind":0}],"Health":50,"MaxHealth":50}]}
2026/09/30 21:20:37 ai ai-0: submitting orders [{Subjects:[1] OrderType:2 TargetID:18915 ClearPreviousOrders:true} {Subjects:[2] OrderType:2 TargetID:18915 ClearPreviousOrders:true} {Subjects:[3] OrderType:2 TargetID:10440 ClearPreviousOrders:true} {Subjects:[4] OrderType:2 TargetID:5253 ClearPreviousOrders:true} {Subjects:[5] OrderType:2 TargetID:741 ClearPreviousOrders:true} {Subjects:[7] OrderType:2 TargetID:18915 ClearPreviousOrders:true} {Subjects:[8] OrderType:2 TargetID:18915 ClearPreviousOrders:true} {Subjects:[9] OrderType:2 TargetID:18915 ClearPreviousOrders:true} {Subjects:[10] OrderType:2 TargetID:18915 ClearPreviousOrders:true} {Subjects:[11] OrderType:2 TargetID:18915 ClearPreviousOrders:true} {Subjects:[12] OrderType:2 TargetID:18915 ClearPreviousOrders:true} {Subjects:[13] OrderType:2 TargetID:18915 ClearPreviousOrders:true} {Subjects:[14] OrderType:2 TargetID:18915 ClearPreviousOrders:true} {Subjects:[15] OrderType:2 TargetID:18915 ClearPreviousOrders:true} {Subjects:[16] OrderType:2 TargetID:18915 ClearPreviousOrders:true} {Subjects:[17] OrderType:2 TargetID:18915 ClearPreviousOrders:true} {Subjects:[18] OrderType:2 TargetID:18915 ClearPreviousOrders:true} {Subjects:[19] OrderType:2 TargetID:18915 ClearPreviousOrders:true} {Subjects:[20] OrderType:2 TargetID:18915 ClearPreviousOrders:true} {Subjects:[21] OrderType:2 TargetID:18915 ClearPreviousOrders:true} {Subjects:[22] OrderType:2 TargetID:18915 ClearPreviousOrders:true} {Subjects:[23] OrderType:2 TargetID:18915 ClearPreviousOrders:true} {Subjects:[24] OrderType:2 TargetID:18915 ClearPreviousOrders:true}]
2026/09/30 21:20:37 ai ai-0: vars {"B":16,"Hv":6,"Pi":8,"aPowLocal":0,"aThreat":0,"a_engaged":0,"a_odds":1.3,"a_outnumbered":0,"army_target":50,"army_value":3080,"assault":0,"bank_rate":28,"bar_barracks":0.17072129748186085,"bar_redoubt":1.1111111111111112,"barracks":0,"barracks_B":0,"barracks_P":0,"barracks_save":0,"barracks_spend":78.1,"barracks_want":0,"buffer_food":70,"buffer_gold":0,"buffer_stone":0,"buffer_wood":70,"builders":0,"committed":0,"eB":0,"eGrowth":0,"eH":0,"eMil":0,"eP":0,"ePow":0,"ePowEst":0,"ePowSeen":0,"eTech":1,"eV":0,"es":1,"farm_want":0,"farm_wood_short":0,"farming":0,"fire_barracks":0,"fire_farm0":0,"fire_farm1":0,"fire_farm2":0,"fire_house":0,"fire_outpost":0,"fire_redoubt":0,"fire_smith":0,"fire_vc":0,"food_need":0,"food_over":0,"food_rate":0,"food_slots":1000,"food_workers":0,"free_room":20,"go":0,"gold_income":14,"gold_need":0,"gold_rate":0,"gold_surplus":42,"guaranteed":0,"guard_home":0,"headroom":-30,"hire_B":2261.5384615384614,"hire_P":3553.846153846154,"homePow":0,"house_builders":0,"house_urgency":0,"house_want":0,"income_proj":0,"left":0,"lf_food":0,"lf_gold":0,"lf_stone":0,"lf_wood":0,"lump_food":0,"lump_gold":0,"lump_stone":0,"lump_wood":0,"maturity":0,"mil":30,"myTech":1,"n_barracks":0,"n_redoubts":0,"needB":19.99511837930193,"needP":0.00488162069807176,"outpost_want":0,"pikes":0,"planned_food":0,"planned_gold":0,"planned_stone":0,"planned_wood":0,"prod_rate":0,"proj_army":3080,"raid_danger":0,"raid_fails":0,"raid_lost":0,"raid_pause":0,"raid_prev":5,"raid_size":4.8,"raid_wiped":0,"rate":6,"redoubt_H":0,"redoubt_gold_ok":1,"redoubt_save":0,"redoubt_spend":30,"redoubt_want":0,"redoubts":0,"rf_food":0,"rf_gold":0,"rf_stone":0,"rf_wood":0,"sB4":256,"sP4":0.0625,"scale_l":0,"scale_r":0,"shareH":0.2,"smith_want":0,"smiths":0,"spare":0,"spare_food":0.5,"stone_need":0,"stone_rate":0,"tH":26,"target_spend":400,"tech_food":50,"tech_gold":0,"tech_stone":0,"tech_wood":50,"threat_home":0,"turns_left":-300,"u_barracks":0.2868117797695263,"u_redoubt":0.18666666666666668,"unit_spend":120,"vB":4,"vH":1,"vP":0.5,"vc_want":0,"vcs":0,"vil_goal":50,"vil_rate":0,"vil_stamina":8,"vil_want":0,"vil_want_last":0,"vil_worth_now":0.6,"vils":0,"w_food":0,"w_gold":0,"w_stone":0,"w_wood":0,"wild_workers":0,"wood_need":0,"wood_rate":0,"workers":0}
2026/09/30 21:20:37 player action: submit-orders 0 1 map[orders:[{0 [1] 2 18915 true} {0 [2] 2 18915 true} {0 [3] 2 10440 true} {0 [4] 2 5253 true} {0 [5] 2 741 true} {0 [7] 2 18915 true} {0 [8] 2 18915 true} {0 [9] 2 18915 true} {0 [10] 2 18915 true} {0 [11] 2 18915 true} {0 [12] 2 18915 true} {0 [13] 2 18915 true} {0 [14] 2 18915 true} {0 [15] 2 18915 true} {0 [16] 2 18915 true} {0 [17] 2 18915 true} {0 [18] 2 18915 true} {0 [19] 2 18915 true} {0 [20] 2 18915 true} {0 [21] 2 18915 true} {0 [22] 2 18915 true} {0 [23] 2 18915 true} {0 [24] 2 18915 true}]]
2026/09/30 21:20:37 Executing submit orders for: 0 [{0 [1] 2 18915 true} {0 [2] 2 18915 true} {0 [3] 2 10440 true} {0 [4] 2 5253 true} {0 [5] 2 741 true} {0 [7] 2 18915 true} {0 [8] 2 18915 true} {0 [9] 2 18915 true} {0 [10] 2 18915 true} {0 [11] 2 18915 true} {0 [12] 2 18915 true} {0 [13] 2 18915 true} {0 [14] 2 18915 true} {0 [15] 2 18915 true} {0 [16] 2 18915 true} {0 [17] 2 18915 true} {0 [18] 2 18915 true} {0 [19] 2 18915 true} {0 [20] 2 18915 true} {0 [21] 2 18915 true} {0 [22] 2 18915 true} {0 [23] 2 18915 true} {0 [24] 2 18915 true}]
2026/09/30 21:20:37 Resolving active orders
2026/09/30 21:20:37 Moving unit 9 Blunt Infantry to zone(0, 1) in space (-4, 0) tick=1
2026/09/30 21:20:37 Moving unit 17 Piercing Infantry to zone(0, 1) in space (-4, 0) tick=1
2026/09/30 21:20:37 Moving unit 14 Blunt Infantry to zone(0, 1) in space (-4, 0) tick=1
2026/09/30 21:20:37 Moving unit 7 Blunt Infantry to zone(0, 1) in space (-4, 0) tick=1
2026/09/30 21:20:37 Moving unit 19 Piercing Infantry to zone(0, 1) in space (-4, 0) tick=1
2026/09/30 21:20:37 Moving unit 22 Piercing Infantry to zone(0, 1) in space (-4, 0) tick=1
2026/09/30 21:20:37 Moving unit 29 Heavy Infantry to zone(-1, 1) in space (-3, -1) tick=1
2026/09/30 21:20:37 Moving unit 21 Piercing Infantry to zone(0, 1) in space (-4, 0) tick=1
2026/09/30 21:20:37 Moving unit 8 Blunt Infantry to zone(0, 1) in space (-4, 0) tick=1
2026/09/30 21:20:37 Moving unit 11 Blunt Infantry to zone(0, 1) in space (-4, 0) tick=1
2026/09/30 21:20:37 Moving unit 12 Blunt Infantry to zone(0, 1) in space (-4, 0) tick=1
2026/09/30 21:20:37 Moving unit 13 Blunt Infantry to zone(0, 1) in space (-4, 0) tick=1
2026/09/30 21:20:37 Moving unit 16 Blunt Infantry to zone(0, 1) in space (-4, 0) tick=1
2026/09/30 21:20:37 Moving unit 30 Heavy Infantry to zone(-1, 1) in space (-3, -1) tick=1
2026/09/30 21:20:37 Moving unit 3 Blunt Infantry to zone(0, 1) in space (-3, 1) tick=1
2026/09/30 21:20:37 Moving unit 5 Blunt Infantry to zone(-1, 1) in space (1, 0) tick=1
2026/09/30 21:20:37 Moving unit 18 Piercing Infantry to zone(0, 1) in space (-4, 0) tick=1
2026/09/30 21:20:37 Moving unit 23 Piercing Infantry to zone(0, 1) in space (-4, 0) tick=1
2026/09/30 21:20:37 Moving unit 25 Heavy Infantry to zone(-1, 1) in space (-3, -1) tick=1
2026/09/30 21:20:37 Moving unit 26 Heavy Infantry to zone(-1, 1) in space (-3, -1) tick=1
2026/09/30 21:20:37 Moving unit 28 Heavy Infantry to zone(-1, 1) in space (-3, -1) tick=1
2026/09/30 21:20:37 Moving unit 6 Blunt Infantry to zone(0, 0) in space (3, -3) tick=1
2026/09/30 21:20:37 Moving unit 24 Piercing Infantry to zone(0, 1) in space (-4, 0) tick=1
2026/09/30 21:20:37 Moving unit 27 Heavy Infantry to zone(-1, 1) in space (-3, -1) tick=1
2026/09/30 21:20:37 Moving unit 2 Blunt Infantry to zone(0, 1) in space (-4, 1) tick=1
2026/09/30 21:20:37 Moving unit 10 Blunt Infantry to zone(0, 1) in space (-4, 0) tick=1
2026/09/30 21:20:37 Moving unit 20 Piercing Infantry to zone(0, 1) in space (-4, 0) tick=1
2026/09/30 21:20:37 Moving unit 1 Blunt Infantry to zone(0, 1) in space (-4, 0) tick=1
2026/09/30 21:20:37 Moving unit 4 Blunt Infantry to zone(0, 1) in space (-2, 1) tick=1
2026/09/30 21:20:37 Moving unit 15 Blunt Infantry to zone(0, 1) in space (-4, 0) tick=1
2026/09/30 21:20:37 Moving unit 31 Blunt Infantry to zone(1, 0) in space (-4, 3) tick=1
2026/09/30 21:20:37 state_hash turn=4 tick=1 hash=969aece7eb209f66
2026/09/30 21:20:37 Moving unit 29 Heavy Infantry to zone(1, -1) in space (-4, 0) tick=2
2026/09/30 21:20:37 Moving unit 21 Piercing Infantry to zone(0, -1) in space (-4, 1) tick=2
2026/09/30 21:20:37 Moving unit 8 Blunt Infantry to zone(0, -1) in space (-4, 1) tick=2
2026/09/30 21:20:37 Moving unit 11 Blunt Infantry to zone(0, -1) in space (-4, 1) tick=2
2026/09/30 21:20:37 Moving unit 12 Blunt Infantry to zone(0, -1) in space (-4, 1) tick=2
2026/09/30 21:20:37 Moving unit 13 Blunt Infantry to zone(0, -1) in space (-4, 1) tick=2
2026/09/30 21:20:37 Moving unit 16 Blunt Infantry to zone(0, -1) in space (-4, 1) tick=2
2026/09/30 21:20:37 Moving unit 30 Heavy Infantry to zone(1, -1) in space (-4, 0) tick=2
2026/09/30 21:20:37 Moving unit 3 Blunt Infantry to zone(0, -1) in space (-3, 2) tick=2
2026/09/30 21:20:37 Moving unit 5 Blunt Infantry to zone(1, -1) in space (0, 1) tick=2
2026/09/30 21:20:37 Moving unit 18 Piercing Infantry to zone(0, -1) in space (-4, 1) tick=2
2026/09/30 21:20:37 Moving unit 23 Piercing Infantry to zone(0, -1) in space (-4, 1) tick=2
2026/09/30 21:20:37 Moving unit 25 Heavy Infantry to zone(1, -1) in space (-4, 0) tick=2
2026/09/30 21:20:37 Moving unit 26 Heavy Infantry to zone(1, -1) in space (-4, 0) tick=2
2026/09/30 21:20:37 Moving unit 28 Heavy Infantry to zone(1, -1) in space (-4, 0) tick=2
2026/09/30 21:20:37 Moving unit 24 Piercing Infantry to zone(0, -1) in space (-4, 1) tick=2
2026/09/30 21:20:37 Moving unit 27 Heavy Infantry to zone(1, -1) in space (-4, 0) tick=2
2026/09/30 21:20:37 Moving unit 2 Blunt Infantry to zone(0, -1) in space (-4, 2) tick=2
2026/09/30 21:20:37 Moving unit 10 Blunt Infantry to zone(0, -1) in space (-4, 1) tick=2
2026/09/30 21:20:37 Moving unit 20 Piercing Infantry to zone(0, -1) in space (-4, 1) tick=2
2026/09/30 21:20:37 Moving unit 1 Blunt Infantry to zone(0, -1) in space (-4, 1) tick=2
2026/09/30 21:20:37 Moving unit 4 Blunt Infantry to zone(0, -1) in space (-2, 2) tick=2
2026/09/30 21:20:37 Moving unit 15 Blunt Infantry to zone(0, -1) in space (-4, 1) tick=2
2026/09/30 21:20:37 Moving unit 9 Blunt Infantry to zone(0, -1) in space (-4, 1) tick=2
2026/09/30 21:20:37 Moving unit 17 Piercing Infantry to zone(0, -1) in space (-4, 1) tick=2
2026/09/30 21:20:37 Moving unit 14 Blunt Infantry to zone(0, -1) in space (-4, 1) tick=2
2026/09/30 21:20:37 Moving unit 7 Blunt Infantry to zone(0, -1) in space (-4, 1) tick=2
2026/09/30 21:20:37 Moving unit 19 Piercing Infantry to zone(0, -1) in space (-4, 1) tick=2
2026/09/30 21:20:37 Moving unit 22 Piercing Infantry to zone(0, -1) in space (-4, 1) tick=2
2026/09/30 21:20:37 Moving unit 31 Blunt Infantry to zone(0, 0) in space (-4, 3) tick=2
2026/09/30 21:20:37 state_hash turn=4 tick=2 hash=c07973fa64df7ba8
2026/09/30 21:20:37 Moving unit 27 Heavy Infantry to zone(0, 0) in space (-4, 0) tick=3
2026/09/30 21:20:37 Moving unit 2 Blunt Infantry to zone(0, 0) in space (-4, 2) tick=3
2026/09/30 21:20:37 Moving unit 10 Blunt Infantry to zone(0, 0) in space (-4, 1) tick=3
2026/09/30 21:20:37 Moving unit 20 Piercing Infantry to zone(0, 0) in space (-4, 1) tick=3
2026/09/30 21:20:37 Moving unit 1 Blunt Infantry to zone(0, 0) in space (-4, 1) tick=3
2026/09/30 21:20:37 Moving unit 4 Blunt Infantry to zone(0, 0) in space (-2, 2) tick=3
2026/09/30 21:20:37 Moving unit 15 Blunt Infantry to zone(0, 0) in space (-4, 1) tick=3
2026/09/30 21:20:37 Moving unit 9 Blunt Infantry to zone(0, 0) in space (-4, 1) tick=3
2026/09/30 21:20:37 Moving unit 17 Piercing Infantry to zone(0, 0) in space (-4, 1) tick=3
2026/09/30 21:20:37 Moving unit 14 Blunt Infantry to zone(0, 0) in space (-4, 1) tick=3
2026/09/30 21:20:37 Moving unit 7 Blunt Infantry to zone(0, 0) in space (-4, 1) tick=3
2026/09/30 21:20:37 Moving unit 19 Piercing Infantry to zone(0, 0) in space (-4, 1) tick=3
2026/09/30 21:20:37 Moving unit 22 Piercing Infantry to zone(0, 0) in space (-4, 1) tick=3
2026/09/30 21:20:37 Moving unit 29 Heavy Infantry to zone(0, 0) in space (-4, 0) tick=3
2026/09/30 21:20:37 Moving unit 21 Piercing Infantry to zone(0, 0) in space (-4, 1) tick=3
2026/09/30 21:20:37 Moving unit 8 Blunt Infantry to zone(0, 0) in space (-4, 1) tick=3
2026/09/30 21:20:37 Moving unit 11 Blunt Infantry to zone(0, 0) in space (-4, 1) tick=3
2026/09/30 21:20:37 Moving unit 12 Blunt Infantry to zone(0, 0) in space (-4, 1) tick=3
2026/09/30 21:20:37 Moving unit 13 Blunt Infantry to zone(0, 0) in space (-4, 1) tick=3
2026/09/30 21:20:37 Moving unit 16 Blunt Infantry to zone(0, 0) in space (-4, 1) tick=3
2026/09/30 21:20:37 Moving unit 30 Heavy Infantry to zone(0, 0) in space (-4, 0) tick=3
2026/09/30 21:20:37 Moving unit 3 Blunt Infantry to zone(0, 0) in space (-3, 2) tick=3
2026/09/30 21:20:37 Moving unit 5 Blunt Infantry to zone(0, 0) in space (0, 1) tick=3
2026/09/30 21:20:37 Moving unit 18 Piercing Infantry to zone(0, 0) in space (-4, 1) tick=3
2026/09/30 21:20:37 Moving unit 23 Piercing Infantry to zone(0, 0) in space (-4, 1) tick=3
2026/09/30 21:20:37 Moving unit 25 Heavy Infantry to zone(0, 0) in space (-4, 0) tick=3
2026/09/30 21:20:37 Moving unit 26 Heavy Infantry to zone(0, 0) in space (-4, 0) tick=3
2026/09/30 21:20:37 Moving unit 28 Heavy Infantry to zone(0, 0) in space (-4, 0) tick=3
2026/09/30 21:20:37 Moving unit 24 Piercing Infantry to zone(0, 0) in space (-4, 1) tick=3
2026/09/30 21:20:37 state_hash turn=4 tick=3 hash=a50c74c51eaa55b7
2026/09/30 21:20:37 Moving unit 14 Blunt Infantry to zone(0, 1) in space (-4, 1) tick=4
2026/09/30 21:20:37 Moving unit 7 Blunt Infantry to zone(0, 1) in space (-4, 1) tick=4
2026/09/30 21:20:37 Moving unit 19 Piercing Infantry to zone(0, 1) in space (-4, 1) tick=4
2026/09/30 21:20:37 Moving unit 22 Piercing Infantry to zone(0, 1) in space (-4, 1) tick=4
2026/09/30 21:20:37 Moving unit 21 Piercing Infantry to zone(0, 1) in space (-4, 1) tick=4
2026/09/30 21:20:37 Moving unit 8 Blunt Infantry to zone(0, 1) in space (-4, 1) tick=4
2026/09/30 21:20:37 Moving unit 11 Blunt Infantry to zone(0, 1) in space (-4, 1) tick=4
2026/09/30 21:20:37 Moving unit 12 Blunt Infantry to zone(0, 1) in space (-4, 1) tick=4
2026/09/30 21:20:37 Moving unit 13 Blunt Infantry to zone(0, 1) in space (-4, 1) tick=4
2026/09/30 21:20:37 Moving unit 16 Blunt Infantry to zone(0, 1) in space (-4, 1) tick=4
2026/09/30 21:20:37 Moving unit 3 Blunt Infantry to zone(0, 1) in space (-3, 2) tick=4
2026/09/30 21:20:37 Moving unit 5 Blunt Infantry to zone(-1, 1) in space (0, 1) tick=4
2026/09/30 21:20:37 Moving unit 18 Piercing Infantry to zone(0, 1) in space (-4, 1) tick=4
2026/09/30 21:20:37 Moving unit 23 Piercing Infantry to zone(0, 1) in space (-4, 1) tick=4
2026/09/30 21:20:37 Moving unit 24 Piercing Infantry to zone(0, 1) in space (-4, 1) tick=4
2026/09/30 21:20:37 Moving unit 2 Blunt Infantry to zone(0, 1) in space (-4, 2) tick=4
2026/09/30 21:20:37 Moving unit 10 Blunt Infantry to zone(0, 1) in space (-4, 1) tick=4
2026/09/30 21:20:37 Moving unit 20 Piercing Infantry to zone(0, 1) in space (-4, 1) tick=4
2026/09/30 21:20:37 Moving unit 1 Blunt Infantry to zone(0, 1) in space (-4, 1) tick=4
2026/09/30 21:20:37 Moving unit 4 Blunt Infantry to zone(0, 1) in space (-2, 2) tick=4
2026/09/30 21:20:37 Moving unit 15 Blunt Infantry to zone(0, 1) in space (-4, 1) tick=4
2026/09/30 21:20:37 Moving unit 9 Blunt Infantry to zone(0, 1) in space (-4, 1) tick=4
2026/09/30 21:20:37 Moving unit 17 Piercing Infantry to zone(0, 1) in space (-4, 1) tick=4
2026/09/30 21:20:37 state_hash turn=4 tick=4 hash=ec9f36324829b17a
2026/09/30 21:20:37 Moving unit 1 Blunt Infantry to zone(0, -1) in space (-4, 2) tick=5
2026/09/30 21:20:37 Moving unit 4 Blunt Infantry to zone(0, -1) in space (-2, 3) tick=5
2026/09/30 21:20:37 Moving unit 15 Blunt Infantry to zone(0, -1) in space (-4, 2) tick=5
2026/09/30 21:20:37 Moving unit 9 Blunt Infantry to zone(0, -1) in space (-4, 2) tick=5
2026/09/30 21:20:37 Moving unit 14 Blunt Infantry to zone(0, -1) in space (-4, 2) tick=5
2026/09/30 21:20:37 Moving unit 7 Blunt Infantry to zone(0, -1) in space (-4, 2) tick=5
2026/09/30 21:20:37 Moving unit 8 Blunt Infantry to zone(0, -1) in space (-4, 2) tick=5
2026/09/30 21:20:37 Moving unit 11 Blunt Infantry to zone(0, -1) in space (-4, 2) tick=5
2026/09/30 21:20:37 Moving unit 12 Blunt Infantry to zone(0, -1) in space (-4, 2) tick=5
2026/09/30 21:20:37 Moving unit 13 Blunt Infantry to zone(0, -1) in space (-4, 2) tick=5
2026/09/30 21:20:37 Moving unit 16 Blunt Infantry to zone(0, -1) in space (-4, 2) tick=5
2026/09/30 21:20:37 Moving unit 3 Blunt Infantry to zone(0, -1) in space (-3, 3) tick=5
2026/09/30 21:20:37 Moving unit 5 Blunt Infantry to zone(1, -1) in space (-1, 2) tick=5
2026/09/30 21:20:37 Moving unit 2 Blunt Infantry to zone(0, -1) in space (-4, 3) tick=5
2026/09/30 21:20:37 Moving unit 10 Blunt Infantry to zone(0, -1) in space (-4, 2) tick=5
2026/09/30 21:20:37 state_hash turn=4 tick=5 hash=ee936e067c2fb2a8
2026/09/30 21:20:37 Moving unit 2 Blunt Infantry to zone(0, 0) in space (-4, 3) tick=6
2026/09/30 21:20:37 Moving unit 10 Blunt Infantry to zone(0, 0) in space (-4, 2) tick=6
2026/09/30 21:20:37 Moving unit 1 Blunt Infantry to zone(0, 0) in space (-4, 2) tick=6
2026/09/30 21:20:37 Moving unit 4 Blunt Infantry to zone(0, 0) in space (-2, 3) tick=6
2026/09/30 21:20:37 Moving unit 15 Blunt Infantry to zone(0, 0) in space (-4, 2) tick=6
2026/09/30 21:20:37 Moving unit 9 Blunt Infantry to zone(0, 0) in space (-4, 2) tick=6
2026/09/30 21:20:37 Moving unit 14 Blunt Infantry to zone(0, 0) in space (-4, 2) tick=6
2026/09/30 21:20:37 Moving unit 7 Blunt Infantry to zone(0, 0) in space (-4, 2) tick=6
2026/09/30 21:20:37 Moving unit 8 Blunt Infantry to zone(0, 0) in space (-4, 2) tick=6
2026/09/30 21:20:37 Moving unit 11 Blunt Infantry to zone(0, 0) in space (-4, 2) tick=6
2026/09/30 21:20:37 Moving unit 12 Blunt Infantry to zone(0, 0) in space (-4, 2) tick=6
2026/09/30 21:20:37 Moving unit 13 Blunt Infantry to zone(0, 0) in space (-4, 2) tick=6
2026/09/30 21:20:37 Moving unit 16 Blunt Infantry to zone(0, 0) in space (-4, 2) tick=6
2026/09/30 21:20:37 Moving unit 3 Blunt Infantry to zone(0, 0) in space (-3, 3) tick=6
2026/09/30 21:20:37 Moving unit 5 Blunt Infantry to zone(0, 0) in space (-1, 2) tick=6
2026/09/30 21:20:37 Moving unit 31 Blunt Infantry to zone(0, -1) in space (-4, 3) tick=6
2026/09/30 21:20:37 state_hash turn=4 tick=6 hash=c1846a193ca2998c
2026/09/30 21:20:37 Moving unit 2 Blunt Infantry to zone(0, -1) in space (-4, 3) tick=7
2026/09/30 21:20:37 Moving unit 10 Blunt Infantry to zone(0, 1) in space (-4, 2) tick=7
2026/09/30 21:20:37 Moving unit 1 Blunt Infantry to zone(0, 1) in space (-4, 2) tick=7
2026/09/30 21:20:37 Moving unit 15 Blunt Infantry to zone(0, 1) in space (-4, 2) tick=7
2026/09/30 21:20:37 Moving unit 9 Blunt Infantry to zone(0, 1) in space (-4, 2) tick=7
2026/09/30 21:20:37 Moving unit 14 Blunt Infantry to zone(0, 1) in space (-4, 2) tick=7
2026/09/30 21:20:37 Moving unit 7 Blunt Infantry to zone(0, 1) in space (-4, 2) tick=7
2026/09/30 21:20:37 Moving unit 8 Blunt Infantry to zone(0, 1) in space (-4, 2) tick=7
2026/09/30 21:20:37 Moving unit 11 Blunt Infantry to zone(0, 1) in space (-4, 2) tick=7
2026/09/30 21:20:37 Moving unit 12 Blunt Infantry to zone(0, 1) in space (-4, 2) tick=7
2026/09/30 21:20:37 Moving unit 13 Blunt Infantry to zone(0, 1) in space (-4, 2) tick=7
2026/09/30 21:20:37 Moving unit 16 Blunt Infantry to zone(0, 1) in space (-4, 2) tick=7
2026/09/30 21:20:37 Moving unit 31 Blunt Infantry to zone(0, 0) in space (-4, 3) tick=7
2026/09/30 21:20:37 state_hash turn=4 tick=7 hash=423e43c8049281b3
2026/09/30 21:20:37 Moving unit 31 Blunt Infantry to zone(0, -1) in space (-4, 3) tick=8
2026/09/30 21:20:37 state_hash turn=4 tick=8 hash=0d4c203c940178c7
2026/09/30 21:20:37 combat turn=4 tick=9: 31 u11 (player 1, stamina 3) hits 2 u11 (player 0) for 1.80
2026/09/30 21:20:37 state_hash turn=4 tick=9 hash=2ff36b833cf6bd3c
2026/09/30 21:20:37 combat turn=4 tick=10: 31 u11 (player 1, stamina 3) hits 2 u11 (player 0) for 1.80
2026/09/30 21:20:37 state_hash turn=4 tick=10 hash=bd177a3bf298007d
2026/09/30 21:20:37 state_hash turn=4 tick=end hash=ffcddcc97cced790
2026/09/30 21:20:37 ai ai-1: new turn data {"buildings":[],"enemy_buildings":[],"enemy_units":[{"InternalID":1,"UnitID":11,"Type":2,"Kind":1,"Location":{"Space":{"X":-4,"Y":2},"Zone":{"X":0,"Y":1}},"CurrentStamina":20,"CurrentOrder":null,"Builds":[],"GarrisonedIn":null,"Stance":0,"InterruptCurrent":false,"AttackBack":false,"TargetPriority":"","ActiveOrders":null,"Health":11,"MaxHealth":11},{"InternalID":2,"UnitID":11,"Type":2,"Kind":1,"Location":{"Space":{"X":-4,"Y":3},"Zone":{"X":0,"Y":-1}},"CurrentStamina":15,"CurrentOrder":null,"Builds":[],"GarrisonedIn":null,"Stance":0,"InterruptCurrent":false,"AttackBack":false,"TargetPriority":"","ActiveOrders":null,"Health":7.4,"MaxHealth":11},{"InternalID":7,"UnitID":11,"Type":2,"Kind":1,"Location":{"Space":{"X":-4,"Y":2},"Zone":{"X":0,"Y":1}},"CurrentStamina":20,"CurrentOrder":null,"Builds":[],"GarrisonedIn":null,"Stance":0,"InterruptCurrent":false,"AttackBack":false,"TargetPriority":"","ActiveOrders":null,"Health":11,"MaxHealth":11},{"InternalID":8,"UnitID":11,"Type":2,"Kind":1,"Location":{"Space":{"X":-4,"Y":2},"Zone":{"X":0,"Y":1}},"CurrentStamina":20,"CurrentOrder":null,"Builds":[],"GarrisonedIn":null,"Stance":0,"InterruptCurrent":false,"AttackBack":false,"TargetPriority":"","ActiveOrders":null,"Health":11,"MaxHealth":11},{"InternalID":9,"UnitID":11,"Type":2,"Kind":1,"Location":{"Space":{"X":-4,"Y":2},"Zone":{"X":0,"Y":1}},"CurrentStamina":20,"CurrentOrder":null,"Builds":[],"GarrisonedIn":null,"Stance":0,"InterruptCurrent":false,"AttackBack":false,"TargetPriority":"","ActiveOrders":null,"Health":11,"MaxHealth":11},{"InternalID":10,"UnitID":11,"Type":2,"Kind":1,"Location":{"Space":{"X":-4,"Y":2},"Zone":{"X":0,"Y":1}},"CurrentStamina":20,"CurrentOrder":null,"Builds":[],"GarrisonedIn":null,"Stance":0,"InterruptCurrent":false,"AttackBack":false,"TargetPriority":"","ActiveOrders":null,"Health":11,"MaxHealth":11},{"InternalID":11,"UnitID":11,"Type":2,"Kind":1,"Location":{"Space":{"X":-4,"Y":2},"Zone":{"X":0,"Y":1}},"CurrentStamina":20,"CurrentOrder":null,"Builds":[],"GarrisonedIn":null,"Stance":0,"InterruptCurrent":false,"AttackBack":false,"TargetPriority":"","ActiveOrders":null,"Health":11,"MaxHealth":11},{"InternalID":12,"UnitID":11,"Type":2,"Kind":1,"Location":{"Space":{"X":-4,"Y":2},"Zone":{"X":0,"Y":1}},"CurrentStamina":20,"CurrentOrder":null,"Builds":[],"GarrisonedIn":null,"Stance":0,"InterruptCurrent":false,"AttackBack":false,"TargetPriority":"","ActiveOrders":null,"Health":11,"MaxHealth":11},{"InternalID":13,"UnitID":11,"Type":2,"Kind":1,"Location":{"Space":{"X":-4,"Y":2},"Zone":{"X":0,"Y":1}},"CurrentStamina":20,"CurrentOrder":null,"Builds":[],"GarrisonedIn":null,"Stance":0,"InterruptCurrent":false,"AttackBack":false,"TargetPriority":"","ActiveOrders":null,"Health":11,"MaxHealth":11},{"InternalID":14,"UnitID":11,"Type":2,"Kind":1,"Location":{"Space":{"X":-4,"Y":2},"Zone":{"X":0,"Y":1}},"CurrentStamina":20,"CurrentOrder":null,"Builds":[],"GarrisonedIn":null,"Stance":0,"InterruptCurrent":false,"AttackBack":false,"TargetPriority":"","ActiveOrders":null,"Health":11,"MaxHealth":11},{"InternalID":15,"UnitID":11,"Type":2,"Kind":1,"Location":{"Space":{"X":-4,"Y":2},"Zone":{"X":0,"Y":1}},"CurrentStamina":20,"CurrentOrder":null,"Builds":[],"GarrisonedIn":null,"Stance":0,"InterruptCurrent":false,"AttackBack":false,"TargetPriority":"","ActiveOrders":null,"Health":11,"MaxHealth":11},{"InternalID":16,"UnitID":11,"Type":2,"Kind":1,"Location":{"Space":{"X":-4,"Y":2},"Zone":{"X":0,"Y":1}},"CurrentStamina":20,"CurrentOrder":null,"Builds":[],"GarrisonedIn":null,"Stance":0,"InterruptCurrent":false,"AttackBack":false,"TargetPriority":"","ActiveOrders":null,"Health":11,"MaxHealth":11}],"foundations":[],"population":{"current":30,"limit":0},"resources":{"food":200,"gold":16,"stone":100,"wood":200},"spaces":[{"Space":{"X":0,"Y":-4},"Vision":0,"Owner":-1},{"Space":{"X":1,"Y":-4},"Vision":0,"Owner":-1},{"Space":{"X":2,"Y":-4},"Vision":0,"Owner":-1},{"Space":{"X":3,"Y":-4},"Vision":0,"Owner":-1},{"Space":{"X":4,"Y":-4},"Vision":0,"Owner":-1},{"Space":{"X":-1,"Y":-3},"Vision":0,"Owner":-1},{"Space":{"X":0,"Y":-3},"Vision":0,"Owner":-1},{"Space":{"X":1,"Y":-3},"Vision":0,"Owner":-1},{"Space":{"X":2,"Y":-3},"Vision":0,"Owner":-1},{"Space":{"X":3,"Y":-3},"Vision":0,"Owner":-1},{"Space":{"X":4,"Y":-3},"Vision":0,"Owner":-1},{"Space":{"X":-2,"Y":-2},"Vision":0,"Owner":-1},{"Space":{"X":-1,"Y":-2},"Vision":0,"Owner":-1},{"Space":{"X":0,"Y":-2},"Vision":0,"Owner":-1},{"Space":{"X":1,"Y":-2},"Vision":0,"Owner":-1},{"Space":{"X":2,"Y":-2},"Vision":0,"Owner":-1},{"Space":{"X":3,"Y":-2},"Vision":0,"Owner":-1},{"Space":{"X":4,"Y":-2},"Vision":0,"Owner":-1},{"Space":{"X":-3,"Y":-1},"Vision":0,"Owner":-1},{"Space":{"X":-2,"Y":-1},"Vision":0,"Owner":-1},{"Space":{"X":-1,"Y":-1},"Vision":0,"Owner":-1},{"Space":{"X":0,"Y":-1},"Vision":0,"Owner":-1},{"Space":{"X":1,"Y":-1},"Vision":0,"Owner":-1},{"Space":{"X":2,"Y":-1},"Vision":0,"Owner":-1},{"Space":{"X":3,"Y":-1},"Vision":0,"Owner":-1},{"Space":{"X":4,"Y":-1},"Vision":0,"Owner":-1},{"Space":{"X":-4,"Y":0},"Vision":0,"Owner":-1},{"Space":{"X":-3,"Y":0},"Vision":0,"Owner":-1},{"Space":{"X":-2,"Y":0},"Vision":0,"Owner":-1},{"Space":{"X":-1,"Y":0},"Vision":0,"Owner":-1},{"Space":{"X":0,"Y":0},"Vision":0,"Owner":-1},{"Space":{"X":1,"Y":0},"Vision":0,"Owner":-1},{"Space":{"X":2,"Y":0},"Vision":0,"Owner":-1},{"Space":{"X":3,"Y":0},"Vision":0,"Owner":-1},{"Space":{"X":4,"Y":0},"Vision":0,"Owner":-1},{"Space":{"X":-4,"Y":1},"Vision":0,"Owner":-1},{"Space":{"X":-3,"Y":1},"Vision":0,"Owner":-1},{"Space":{"X":-2,"Y":1},"Vision":0,"Owner":-1},{"Space":{"X":-1,"Y":1},"Vision":0,"Owner":-1},{"Space":{"X":0,"Y":1},"Vision":0,"Owner":-1},{"Space":{"X":1,"Y":1},"Vision":0,"Owner":-1},{"Space":{"X":2,"Y":1},"Vision":0,"Owner":-1},{"Space":{"X":3,"Y":1},"Vision":0,"Owner":-1},{"Space":{"X":-4,"Y":2},"Vision":3,"Owner":0},{"Space":{"X":-3,"Y":2},"Vision":2,"Owner":-1},{"Space":{"X":-2,"Y":2},"Vision":1,"Owner":-1},{"Space":{"X":-1,"Y":2},"Vision":1,"Owner":-1},{"Space":{"X":0,"Y":2},"Vision":2,"Owner":-1},{"Space":{"X":1,"Y":2},"Vision":2,"Owner":-1},{"Space":{"X":2,"Y":2},"Vision":0,"Owner":-1},{"Space":{"X":-4,"Y":3},"Vision":3,"Owner":-1},{"Space":{"X":-3,"Y":3},"Vision":2,"Owner":0},{"Space":{"X":-2,"Y":3},"Vision":1,"Owner":0},{"Space":{"X":-1,"Y":3},"Vision":2,"Owner":-1},{"Space":{"X":0,"Y":3},"Vision":3,"Owner":1},{"Space":{"X":1,"Y":3},"Vision":2,"Owner":-1},{"Space":{"X":-4,"Y":4},"Vision":2,"Owner":-1},{"Space":{"X":-3,"Y":4},"Vision":1,"Owner":-1},{"Space":{"X":-2,"Y":4},"Vision":1,"Owner":-1},{"Space":{"X":-1,"Y":4},"Vision":2,"Owner":-1},{"Space":{"X":0,"Y":4},"Vision":2,"Owner":-1}],"units":[{"InternalID":31,"UnitID":11,"Type":2,"Kind":1,"Location":{"Space":{"X":-4,"Y":3},"Zone":{"X":0,"Y":-1}},"CurrentStamina":15,"CurrentOrder":{"Kind":4,"TargetZone":null,"TargetSpace":{"X":-4,"Y":3},"TargetResource":null,"TargetUnit":null,"TargetBuilding":null},"Builds":[],"GarrisonedIn":null,"Stance":3,"InterruptCurrent":false,"AttackBack":true,"TargetPriority":"","ActiveOrders":[{"ID":87,"Kind":4}],"Health":11,"MaxHealth":11},{"InternalID":32,"UnitID":11,"Type":2,"Kind":1,"Location":{"Space":{"X":0,"Y":3},"Zone":{"X":0,"Y":0}},"CurrentStamina":23,"CurrentOrder":null,"Builds":[],"GarrisonedIn":null,"Stance":3,"InterruptCurrent":false,"AttackBack":true,"TargetPriority":"","ActiveOrders":null,"Health":11,"MaxHealth":11},{"InternalID":33,"UnitID":11,"Type":2,"Kind":1,"Location":{"Space":{"X":0,"Y":3},"Zone":{"X":0,"Y":0}},"CurrentStamina":23,"CurrentOrder":null,"Builds":[],"GarrisonedIn":null,"Stance":3,"InterruptCurrent":false,"AttackBack":true,"TargetPriority":"","ActiveOrders":null,"Health":11,"MaxHealth":11},{"InternalID":34,"UnitID":11,"Type":2,"Kind":1,"Location":{"Space":{"X":0,"Y":3},"Zone":{"X":0,"Y":0}},"CurrentStamina":23,"CurrentOrder":null,"Builds":[],"GarrisonedIn":null,"Stance":3,"InterruptCurrent":false,"AttackBack":true,"TargetPriority":"","ActiveOrders":null,"Health":11,"MaxHealth":11},{"InternalID":35,"UnitID":11,"Type":2,"Kind":1,"Location":{"Space":{"X":0,"Y":3},"Zone":{"X":0,"Y":0}},"CurrentStamina":23,"CurrentOrder":null,"Builds":[],"GarrisonedIn":null,"Stance":3,"InterruptCurrent":false,"AttackBack":true,"TargetPriority":"","ActiveOrders":null,"Health":11,"MaxHealth":11},{"InternalID":36,"UnitID":11,"Type":2,"Kind":1,"Location":{"Space":{"X":0,"Y":3},"Zone":{"X":0,"Y":0}},"CurrentStamina":23,"CurrentOrder":null,"Builds":[],"GarrisonedIn":null,"Stance":3,"InterruptCurrent":false,"AttackBack":true,"TargetPriority":"","ActiveOrders":null,"Health":11,"MaxHealth":11},{"InternalID":37,"UnitID":11,"Type":2,"Kind":1,"Location":{"Space":{"X":0,"Y":3},"Zone":{"X":0,"Y":0}},"CurrentStamina":23,"CurrentOrder":null,"Builds":[],"GarrisonedIn":null,"Stance":3,"InterruptCurrent":false,"AttackBack":true,"TargetPriority":"","ActiveOrders":null,"Health":11,"MaxHealth":11},{"InternalID":38,"UnitID":11,"Type":2,"Kind":1,"Location":{"Space":{"X":0,"Y":3},"Zone":{"X":0,"Y":0}},"CurrentStamina":23,"CurrentOrder":null,"Builds":[],"GarrisonedIn":null,"Stance":3,"InterruptCurrent":false,"AttackBack":true,"TargetPriority":"","ActiveOrders":null,"Health":11,"MaxHealth":11},{"InternalID":39,"UnitID":11,"Type":2,"Kind":1,"Location":{"Space":{"X":0,"Y":3},"Zone":{"X":0,"Y":0}},"CurrentStamina":23,"CurrentOrder":null,"Builds":[],"GarrisonedIn":null,"Stance":3,"InterruptCurrent":false,"AttackBack":true,"TargetPriority":"","ActiveOrders":null,"Health":11,"MaxHealth":11},{"InternalID":40,"UnitID":11,"Type":2,"Kind":1,"Location":{"Space":{"X":0,"Y":3},"Zone":{"X":0,"Y":0}},"CurrentStamina":23,"CurrentOrder":null,"Builds":[],"GarrisonedIn":null,"Stance":3,"InterruptCurrent":false,"AttackBack":true,"TargetPriority":"","ActiveOrders":null,"Health":11,"MaxHealth":11},{"InternalID":41,"UnitID":11,"Type":2,"Kind":1,"Location":{"Space":{"X":0,"Y":3},"Zone":{"X":0,"Y":0}},"CurrentStamina":23,"CurrentOrder":null,"Builds":[],"GarrisonedIn":null,"Stance":3,"InterruptCurrent":false,"AttackBack":true,"TargetPriority":"","ActiveOrders":null,"Health":11,"MaxHealth":11},{"InternalID":42,"UnitID":11,"Type":2,"Kind":1,"Location":{"Space":{"X":0,"Y":3},"Zone":{"X":0,"Y":0}},"CurrentStamina":23,"CurrentOrder":null,"Builds":[],"GarrisonedIn":null,"Stance":3,"InterruptCurrent":false,"AttackBack":true,"TargetPriority":"","ActiveOrders":null,"Health":11,"MaxHealth":11},{"InternalID":43,"UnitID":11,"Type":2,"Kind":1,"Location":{"Space":{"X":0,"Y":3},"Zone":{"X":0,"Y":0}},"CurrentStamina":23,"CurrentOrder":null,"Builds":[],"GarrisonedIn":null,"Stance":3,"InterruptCurrent":false,"AttackBack":true,"TargetPriority":"","ActiveOrders":null,"Health":11,"MaxHealth":11},{"InternalID":44,"UnitID":11,"Type":2,"Kind":1,"Location":{"Space":{"X":0,"Y":3},"Zone":{"X":0,"Y":0}},"CurrentStamina":23,"CurrentOrder":null,"Builds":[],"GarrisonedIn":null,"Stance":3,"InterruptCurrent":false,"AttackBack":true,"TargetPriority":"","ActiveOrders":null,"Health":11,"MaxHealth":11},{"InternalID":45,"UnitID":11,"Type":2,"Kind":1,"Location":{"Space":{"X":0,"Y":3},"Zone":{"X":0,"Y":0}},"CurrentStamina":23,"CurrentOrder":null,"Builds":[],"GarrisonedIn":null,"Stance":3,"InterruptCurrent":false,"AttackBack":true,"TargetPriority":"","ActiveOrders":null,"Health":11,"MaxHealth":11},{"InternalID":46,"UnitID":11,"Type":2,"Kind":1,"Location":{"Space":{"X":0,"Y":3},"Zone":{"X":0,"Y":0}},"CurrentStamina":23,"CurrentOrder":null,"Builds":[],"GarrisonedIn":null,"Stance":3,"InterruptCurrent":false,"AttackBack":true,"TargetPriority":"","ActiveOrders":null,"Health":11,"MaxHealth":11},{"InternalID":47,"UnitID":12,"Type":2,"Kind":1,"Location":{"Space":{"X":0,"Y":3},"Zone":{"X":0,"Y":0}},"CurrentStamina":18,"CurrentOrder":null,"Builds":[],"GarrisonedIn":null,"Stance":3,"InterruptCurrent":false,"AttackBack":true,"TargetPriority":"","ActiveOrders":null,"Health":16,"MaxHealth":16},{"InternalID":48,"UnitID":12,"Type":2,"Kind":1,"Location":{"Space":{"X":0,"Y":3},"Zone":{"X":0,"Y":0}},"CurrentStamina":18,"CurrentOrder":null,"Builds":[],"GarrisonedIn":null,"Stance":3,"InterruptCurrent":false,"AttackBack":true,"TargetPriority":"","ActiveOrders":null,"Health":16,"MaxHealth":16},{"InternalID":49,"UnitID":12,"Type":2,"Kind":1,"Location":{"Space":{"X":0,"Y":3},"Zone":{"X":0,"Y":0}},"CurrentStamina":18,"CurrentOrder":null,"Builds":[],"GarrisonedIn":null,"Stance":3,"InterruptCurrent":false,"AttackBack":true,"TargetPriority":"","ActiveOrders":null,"Health":16,"MaxHealth":16},{"InternalID":50,"UnitID":12,"Type":2,"Kind":1,"Location":{"Space":{"X":0,"Y":3},"Zone":{"X":0,"Y":0}},"CurrentStamina":18,"CurrentOrder":null,"Builds":[],"GarrisonedIn":null,"Stance":3,"InterruptCurrent":false,"AttackBack":true,"TargetPriority":"","ActiveOrders":null,"Health":16,"MaxHealth":16},{"InternalID":51,"UnitID":12,"Type":2,"Kind":1,"Location":{"Space":{"X":0,"Y":3},"Zone":{"X":0,"Y":0}},"CurrentStamina":18,"CurrentOrder":null,"Builds":[],"GarrisonedIn":null,"Stance":3,"InterruptCurrent":false,"AttackBack":true,"TargetPriority":"","ActiveOrders":null,"Health":16,"MaxHealth":16},{"InternalID":52,"UnitID":12,"Type":2,"Kind":1,"Location":{"Space":{"X":0,"Y":3},"Zone":{"X":0,"Y":0}},"CurrentStamina":18,"CurrentOrder":null,"Builds":[],"GarrisonedIn":null,"Stance":3,"InterruptCurrent":false,"AttackBack":true,"TargetPriority":"","ActiveOrders":null,"Health":16,"MaxHealth":16},{"InternalID":53,"UnitID":12,"Type":2,"Kind":1,"Location":{"Space":{"X":0,"Y":3},"Zone":{"X":0,"Y":0}},"CurrentStamina":18,"CurrentOrder":null,"Builds":[],"GarrisonedIn":null,"Stance":3,"InterruptCurrent":false,"AttackBack":true,"TargetPriority":"","ActiveOrders":null,"Health":16,"MaxHealth":16},{"InternalID":54,"UnitID":12,"Type":2,"Kind":1,"Location":{"Space":{"X":0,"Y":3},"Zone":{"X":0,"Y":0}},"CurrentStamina":18,"CurrentOrder":null,"Builds":[],"GarrisonedIn":null,"Stance":3,"InterruptCurrent":false,"AttackBack":true,"TargetPriority":"","ActiveOrders":null,"Health":16,"MaxHealth":16},{"InternalID":55,"UnitID":13,"Type":2,"Kind":1,"Location":{"Space":{"X":0,"Y":3},"Zone":{"X":0,"Y":0}},"CurrentStamina":12,"CurrentOrder":null,"Builds":[],"GarrisonedIn":null,"Stance":3,"InterruptCurrent":false,"AttackBack":true,"TargetPriority":"","ActiveOrders":null,"Health":50,"MaxHealth":50},{"InternalID":56,"UnitID":13,"Type":2,"Kind":1,"Location":{"Space":{"X":0,"Y":3},"Zone":{"X":0,"Y":0}},"CurrentStamina":12,"CurrentOrder":null,"Builds":[],"GarrisonedIn":null,"Stance":3,"InterruptCurrent":false,"AttackBack":true,"TargetPriority":"","ActiveOrders":null,"Health":50,"MaxHealth":50},{"InternalID":57,"UnitID":13,"Type":2,"Kind":1,"Location":{"Space":{"X":0,"Y":3},"Zone":{"X":0,"Y":0}},"CurrentStamina":12,"CurrentOrder":null,"Builds":[],"GarrisonedIn":null,"Stance":3,"InterruptCurrent":false,"AttackBack":true,"TargetPriority":"","ActiveOrders":null,"Health":50,"MaxHealth":50},{"InternalID":58,"UnitID":13,"Type":2,"Kind":1,"Location":{"Space":{"X":0,"Y":3},"Zone":{"X":0,"Y":0}},"CurrentStamina":12,"CurrentOrder":null,"Builds":[],"GarrisonedIn":null,"Stance":3,"InterruptCurrent":false,"AttackBack":true,"TargetPriority":"","ActiveOrders":null,"Health":50,"MaxHealth":50},{"InternalID":59,"UnitID":13,"Type":2,"Kind":1,"Location":{"Space":{"X":0,"Y":3},"Zone":{"X":0,"Y":0}},"CurrentStamina":12,"CurrentOrder":null,"Builds":[],"GarrisonedIn":null,"Stance":3,"InterruptCurrent":false,"AttackBack":true,"TargetPriority":"","ActiveOrders":null,"Health":50,"MaxHealth":50},{"InternalID":60,"UnitID":13,"Type":2,"Kind":1,"Location":{"Space":{"X":0,"Y":3},"Zone":{"X":0,"Y":0}},"CurrentStamina":12,"CurrentOrder":null,"Builds":[],"GarrisonedIn":null,"Stance":3,"InterruptCurrent":false,"AttackBack":true,"TargetPriority":"","ActiveOrders":null,"Health":50,"MaxHealth":50}]}
2026/09/30 21:20:37 ai ai-1: submitting orders []
2026/09/30 21:20:37 ai ai-1: vars {}
2026/09/30 21:20:37 player action: submit-orders 0 2 map[orders:[]]
2026/09/30 21:20:37 Executing submit orders for: 1 []
2026/09/30 21:20:37 ai ai-0: new turn data {"buildings":[],"enemy_buildings":[],"enemy_units":[{"InternalID":31,"UnitID":11,"Type":2,"Kind":1,"Location":{"Space":{"X":-4,"Y":3},"Zone":{"X":0,"Y":-1}},"CurrentStamina":15,"CurrentOrder":null,"Builds":[],"GarrisonedIn":null,"Stance":0,"InterruptCurrent":false,"AttackBack":false,"TargetPriority":"","ActiveOrders":null,"Health":11,"MaxHealth":11}],"foundations":[],"population":{"current":30,"limit":0},"resources":{"food":200,"gold":56,"stone":100,"wood":200},"spaces":[{"Space":{"X":0,"Y":-4},"Vision":1,"Owner":-1},{"Space":{"X":1,"Y":-4},"Vision":1,"Owner":-1},{"Space":{"X":2,"Y":-4},"Vision":1,"Owner":-1},{"Space":{"X":3,"Y":-4},"Vision":2,"Owner":-1},{"Space":{"X":4,"Y":-4},"Vision":2,"Owner":-1},{"Space":{"X":-1,"Y":-3},"Vision":1,"Owner":-1},{"Space":{"X":0,"Y":-3},"Vision":1,"Owner":-1},{"Space":{"X":1,"Y":-3},"Vision":1,"Owner":-1},{"Space":{"X":2,"Y":-3},"Vision":2,"Owner":-1},{"Space":{"X":3,"Y":-3},"Vision":3,"Owner":0},{"Space":{"X":4,"Y":-3},"Vision":2,"Owner":-1},{"Space":{"X":-2,"Y":-2},"Vision":1,"Owner":-1},{"Space":{"X":-1,"Y":-2},"Vision":1,"Owner":-1},{"Space":{"X":0,"Y":-2},"Vision":1,"Owner":-1},{"Space":{"X":1,"Y":-2},"Vision":1,"Owner":-1},{"Space":{"X":2,"Y":-2},"Vision":2,"Owner":-1},{"Space":{"X":3,"Y":-2},"Vision":2,"Owner":-1},{"Space":{"X":4,"Y":-2},"Vision":0,"Owner":-1},{"Space":{"X":-3,"Y":-1},"Vision":2,"Owner":-1},{"Space":{"X":-2,"Y":-1},"Vision":1,"Owner":-1},{"Space":{"X":-1,"Y":-1},"Vision":1,"Owner":-1},{"Space":{"X":0,"Y":-1},"Vision":1,"Owner":-1},{"Space":{"X":1,"Y":-1},"Vision":1,"Owner":-1},{"Space":{"X":2,"Y":-1},"Vision":1,"Owner":-1},{"Space":{"X":3,"Y":-1},"Vision":0,"Owner":-1},{"Space":{"X":4,"Y":-1},"Vision":0,"Owner":-1},{"Space":{"X":-4,"Y":0},"Vision":3,"Owner":0},{"Space":{"X":-3,"Y":0},"Vision":2,"Owner":-1},{"Space":{"X":-2,"Y":0},"Vision":1,"Owner":-1},{"Space":{"X":-1,"Y":0},"Vision":1,"Owner":-1},{"Space":{"X":0,"Y":0},"Vision":1,"Owner":-1},{"Space":{"X":1,"Y":0},"Vision":1,"Owner":-1},{"Space":{"X":2,"Y":0},"Vision":1,"Owner":-1},{"Space":{"X":3,"Y":0},"Vision":0,"Owner":-1},{"Space":{"X":4,"Y":0},"Vision":0,"Owner":-1},{"Space":{"X":-4,"Y":1},"Vision":3,"Owner":0},{"Space":{"X":-3,"Y":1},"Vision":2,"Owner":-1},{"Space":{"X":-2,"Y":1},"Vision":1,"Owner":-1},{"Space":{"X":-1,"Y":1},"Vision":2,"Owner":-1},{"Space":{"X":0,"Y":1},"Vision":2,"Owner":-1},{"Space":{"X":1,"Y":1},"Vision":1,"Owner":-1},{"Space":{"X":2,"Y":1},"Vision":0,"Owner":-1},{"Space":{"X":3,"Y":1},"Vision":0,"Owner":-1},{"Space":{"X":-4,"Y":2},"Vision":3,"Owner":0},{"Space":{"X":-3,"Y":2},"Vision":2,"Owner":-1},{"Space":{"X":-2,"Y":2},"Vision":2,"Owner":-1},{"Space":{"X":-1,"Y":2},"Vision":3,"Owner":0},{"Space":{"X":0,"Y":2},"Vision":2,"Owner":-1},{"Space":{"X":1,"Y":2},"Vision":0,"Owner":-1},{"Space":{"X":2,"Y":2},"Vision":0,"Owner":-1},{"Space":{"X":-4,"Y":3},"Vision":3,"Owner":-1},{"Space":{"X":-3,"Y":3},"Vision":3,"Owner":0},{"Space":{"X":-2,"Y":3},"Vision":3,"Owner":0},{"Space":{"X":-1,"Y":3},"Vision":2,"Owner":-1},{"Space":{"X":0,"Y":3},"Vision":0,"Owner":-1},{"Space":{"X":1,"Y":3},"Vision":0,"Owner":-1},{"Space":{"X":-4,"Y":4},"Vision":2,"Owner":-1},{"Space":{"X":-3,"Y":4},"Vision":2,"Owner":-1},{"Space":{"X":-2,"Y":4},"Vision":2,"Owner":-1},{"Space":{"X":-1,"Y":4},"Vision":0,"Owner":-1},{"Space":{"X":0,"Y":4},"Vision":0,"Owner":-1}],"units":[{"InternalID":1,"UnitID":11,"Type":2,"Kind":1,"Location":{"Space":{"X":-4,"Y":2},"Zone":{"X":0,"Y":1}},"CurrentStamina":20,"CurrentOrder":{"Kind":0,"TargetZone":{"Space":{"X":-4,"Y":3},"Zone":{"X":0,"Y":0}},"TargetSpace":null,"TargetResource":null,"TargetUnit":null,"TargetBuilding":null},"Builds":[],"GarrisonedIn":null,"Stance":3,"InterruptCurrent":true,"AttackBack":true,"TargetPriority":"","ActiveOrders":[{"ID":63,"Kind":0}],"Health":11,"MaxHealth":11},{"InternalID":2,"UnitID":11,"Type":2,"Kind":1,"Location":{"Space":{"X":-4,"Y":3},"Zone":{"X":0,"Y":-1}},"CurrentStamina":15,"CurrentOrder":{"Kind":6,"TargetZone":null,"TargetSpace":null,"TargetResource":null,"TargetUnit":null,"TargetBuilding":null},"Builds":[],"GarrisonedIn":null,"Stance":3,"InterruptCurrent":true,"AttackBack":true,"TargetPriority":"","ActiveOrders":[{"ID":88,"Kind":6}],"Health":7.4,"MaxHealth":11},{"InternalID":3,"UnitID":11,"Type":2,"Kind":1,"Location":{"Space":{"X":-3,"Y":3},"Zone":{"X":0,"Y":0}},"CurrentStamina":17,"CurrentOrder":null,"Builds":[],"GarrisonedIn":null,"Stance":3,"InterruptCurrent":true,"AttackBack":true,"TargetPriority":"","ActiveOrders":null,"Health":11,"MaxHealth":11},{"InternalID":4,"UnitID":11,"Type":2,"Kind":1,"Location":{"Space":{"X":-2,"Y":3},"Zone":{"X":0,"Y":0}},"CurrentStamina":17,"CurrentOrder":null,"Builds":[],"GarrisonedIn":null,"Stance":3,"InterruptCurrent":true,"AttackBack":true,"TargetPriority":"","ActiveOrders":null,"Health":11,"MaxHealth":11},{"InternalID":5,"UnitID":11,"Type":2,"Kind":1,"Location":{"Space":{"X":-1,"Y":2},"Zone":{"X":0,"Y":0}},"CurrentStamina":21,"CurrentOrder":null,"Builds":[],"GarrisonedIn":null,"Stance":3,"InterruptCurrent":true,"AttackBack":true,"TargetPriority":"","ActiveOrders":null,"Health":11,"MaxHealth":11},{"InternalID":6,"UnitID":11,"Type":2,"Kind":1,"Location":{"Space":{"X":3,"Y":-3},"Zone":{"X":0,"Y":0}},"CurrentStamina":23,"CurrentOrder":null,"Builds":[],"GarrisonedIn":null,"Stance":3,"InterruptCurrent":false,"AttackBack":true,"TargetPriority":"","ActiveOrders":null,"Health":11,"MaxHealth":11},{"InternalID":7,"UnitID":11,"Type":2,"Kind":1,"Location":{"Space":{"X":-4,"Y":2},"Zone":{"X":0,"Y":1}},"CurrentStamina":20,"CurrentOrder":{"Kind":0,"TargetZone":{"Space":{"X":-4,"Y":3},"Zone":{"X":0,"Y":0}},"TargetSpace":null,"TargetResource":null,"TargetUnit":null,"TargetBuilding":null},"Builds":[],"GarrisonedIn":null,"Stance":3,"InterruptCurrent":true,"AttackBack":true,"TargetPriority":"","ActiveOrders":[{"ID":68,"Kind":0}],"Health":11,"MaxHealth":11},{"InternalID":8,"UnitID":11,"Type":2,"Kind":1,"Location":{"Space":{"X":-4,"Y":2},"Zone":{"X":0,"Y":1}},"CurrentStamina":20,"CurrentOrder":{"Kind":0,"TargetZone":{"Space":{"X":-4,"Y":3},"Zone":{"X":0,"Y":0}},"TargetSpace":null,"TargetResource":null,"TargetUnit":null,"TargetBuilding":null},"Builds":[],"GarrisonedIn":null,"Stance":3,"InterruptCurrent":true,"AttackBack":true,"TargetPriority":"","ActiveOrders":[{"ID":69,"Kind":0}],"Health":11,"MaxHealth":11},{"InternalID":9,"UnitID":11,"Type":2,"Kind":1,"Location":{"Space":{"X":-4,"Y":2},"Zone":{"X":0,"Y":1}},"CurrentStamina":20,"CurrentOrder":{"Kind":0,"TargetZone":{"Space":{"X":-4,"Y":3},"Zone":{"X":0,"Y":0}},"TargetSpace":null,"TargetResource":null,"TargetUnit":null,"TargetBuilding":null},"Builds":[],"GarrisonedIn":null,"Stance":3,"InterruptCurrent":true,"AttackBack":true,"TargetPriority":"","ActiveOrders":[{"ID":70,"Kind":0}],"Health":11,"MaxHealth":11},{"InternalID":10,"UnitID":11,"Type":2,"Kind":1,"Location":{"Space":{"X":-4,"Y":2},"Zone":{"X":0,"Y":1}},"CurrentStamina":20,"CurrentOrder":{"Kind":0,"TargetZone":{"Space":{"X":-4,"Y":3},"Zone":{"X":0,"Y":0}},"TargetSpace":null,"TargetResource":null,"TargetUnit":null,"TargetBuilding":null},"Builds":[],"GarrisonedIn":null,"Stance":3,"InterruptCurrent":true,"AttackBack":true,"TargetPriority":"","ActiveOrders":[{"ID":71,"Kind":0}],"Health":11,"MaxHealth":11},{"InternalID":11,"UnitID":11,"Type":2,"Kind":1,"Location":{"Space":{"X":-4,"Y":2},"Zone":{"X":0,"Y":1}},"CurrentStamina":20,"CurrentOrder":{"Kind":0,"TargetZone":{"Space":{"X":-4,"Y":3},"Zone":{"X":0,"Y":0}},"TargetSpace":null,"TargetResource":null,"TargetUnit":null,"TargetBuilding":null},"Builds":[],"GarrisonedIn":null,"Stance":3,"InterruptCurrent":true,"AttackBack":true,"TargetPriority":"","ActiveOrders":[{"ID":72,"Kind":0}],"Health":11,"MaxHealth":11},{"InternalID":12,"UnitID":11,"Type":2,"Kind":1,"Location":{"Space":{"X":-4,"Y":2},"Zone":{"X":0,"Y":1}},"CurrentStamina":20,"CurrentOrder":{"Kind":0,"TargetZone":{"Space":{"X":-4,"Y":3},"Zone":{"X":0,"Y":0}},"TargetSpace":null,"TargetResource":null,"TargetUnit":null,"TargetBuilding":null},"Builds":[],"GarrisonedIn":null,"Stance":3,"InterruptCurrent":true,"AttackBack":true,"TargetPriority":"","ActiveOrders":[{"ID":73,"Kind":0}],"Health":11,"MaxHealth":11},{"InternalID":13,"UnitID":11,"Type":2,"Kind":1,"Location":{"Space":{"X":-4,"Y":2},"Zone":{"X":0,"Y":1}},"CurrentStamina":20,"CurrentOrder":{"Kind":0,"TargetZone":{"Space":{"X":-4,"Y":3},"Zone":{"X":0,"Y":0}},"TargetSpace":null,"TargetResource":null,"TargetUnit":null,"TargetBuilding":null},"Builds":[],"GarrisonedIn":null,"Stance":3,"InterruptCurrent":true,"AttackBack":true,"TargetPriority":"","ActiveOrders":[{"ID":74,"Kind":0}],"Health":11,"MaxHealth":11},{"InternalID":14,"UnitID":11,"Type":2,"Kind":1,"Location":{"Space":{"X":-4,"Y":2},"Zone":{"X":0,"Y":1}},"CurrentStamina":20,"CurrentOrder":{"Kind":0,"TargetZone":{"Space":{"X":-4,"Y":3},"Zone":{"X":0,"Y":0}},"TargetSpace":null,"TargetResource":null,"TargetUnit":null,"TargetBuilding":null},"Builds":[],"GarrisonedIn":null,"Stance":3,"InterruptCurrent":true,"AttackBack":true,"TargetPriority":"","ActiveOrders":[{"ID":75,"Kind":0}],"Health":11,"MaxHealth":11},{"InternalID":15,"UnitID":11,"Type":2,"Kind":1,"Location":{"Space":{"X":-4,"Y":2},"Zone":{"X":0,"Y":1}},"CurrentStamina":20,"CurrentOrder":{"Kind":0,"TargetZone":{"Space":{"X":-4,"Y":3},"Zone":{"X":0,"Y":0}},"TargetSpace":null,"TargetResource":null,"TargetUnit":null,"TargetBuilding":null},"Builds":[],"GarrisonedIn":null,"Stance":3,"InterruptCurrent":true,"AttackBack":true,"TargetPriority":"","ActiveOrders":[{"ID":76,"Kind":0}],"Health":11,"MaxHealth":11},{"InternalID":16,"UnitID":11,"Type":2,"Kind":1,"Location":{"Space":{"X":-4,"Y":2},"Zone":{"X":0,"Y":1}},"CurrentStamina":20,"CurrentOrder":{"Kind":0,"TargetZone":{"Space":{"X":-4,"Y":3},"Zone":{"X":0,"Y":0}},"TargetSpace":null,"TargetResource":null,"TargetUnit":null,"TargetBuilding":null},"Builds":[],"GarrisonedIn":null,"Stance":3,"InterruptCurrent":true,"AttackBack":true,"TargetPriority":"","ActiveOrders":[{"ID":77,"Kind":0}],"Health":11,"MaxHealth":11},{"InternalID":17,"UnitID":12,"Type":2,"Kind":1,"Location":{"Space":{"X":-4,"Y":1},"Zone":{"X":0,"Y":1}},"CurrentStamina":17,"CurrentOrder":{"Kind":0,"TargetZone":{"Space":{"X":-4,"Y":3},"Zone":{"X":0,"Y":0}},"TargetSpace":null,"TargetResource":null,"TargetUnit":null,"TargetBuilding":null},"Builds":[],"GarrisonedIn":null,"Stance":3,"InterruptCurrent":true,"AttackBack":true,"TargetPriority":"","ActiveOrders":[{"ID":78,"Kind":0}],"Health":16,"MaxHealth":16},{"InternalID":18,"UnitID":12,"Type":2,"Kind":1,"Location":{"Space":{"X":-4,"Y":1},"Zone":{"X":0,"Y":1}},"CurrentStamina":17,"CurrentOrder":{"Kind":0,"TargetZone":{"Space":{"X":-4,"Y":3},"Zone":{"X":0,"Y":0}},"TargetSpace":null,"TargetResource":null,"TargetUnit":null,"TargetBuilding":null},"Builds":[],"GarrisonedIn":null,"Stance":3,"InterruptCurrent":true,"AttackBack":true,"TargetPriority":"","ActiveOrders":[{"ID":79,"Kind":0}],"Health":16,"MaxHealth":16},{"InternalID":19,"UnitID":12,"Type":2,"Kind":1,"Location":{"Space":{"X":-4,"Y":1},"Zone":{"X":0,"Y":1}},"CurrentStamina":17,"CurrentOrder":{"Kind":0,"TargetZone":{"Space":{"X":-4,"Y":3},"Zone":{"X":0,"Y":0}},"TargetSpace":null,"TargetResource":null,"TargetUnit":null,"TargetBuilding":null},"Builds":[],"GarrisonedIn":null,"Stance":3,"InterruptCurrent":true,"AttackBack":true,"TargetPriority":"","ActiveOrders":[{"ID":80,"Kind":0}],"Health":16,"MaxHealth":16},{"InternalID":20,"UnitID":12,"Type":2,"Kind":1,"Location":{"Space":{"X":-4,"Y":1},"Zone":{"X":0,"Y":1}},"CurrentStamina":17,"CurrentOrder":{"Kind":0,"TargetZone":{"Space":{"X":-4,"Y":3},"Zone":{"X":0,"Y":0}},"TargetSpace":null,"TargetResource":null,"TargetUnit":null,"TargetBuilding":null},"Builds":[],"GarrisonedIn":null,"Stance":3,"InterruptCurrent":true,"AttackBack":true,"TargetPriority":"","ActiveOrders":[{"ID":81,"Kind":0}],"Health":16,"MaxHealth":16},{"InternalID":21,"UnitID":12,"Type":2,"Kind":1,"Location":{"Space":{"X":-4,"Y":1},"Zone":{"X":0,"Y":1}},"CurrentStamina":17,"CurrentOrder":{"Kind":0,"TargetZone":{"Space":{"X":-4,"Y":3},"Zone":{"X":0,"Y":0}},"TargetSpace":null,"TargetResource":null,"TargetUnit":null,"TargetBuilding":null},"Builds":[],"GarrisonedIn":null,"Stance":3,"InterruptCurrent":true,"AttackBack":true,"TargetPriority":"","ActiveOrders":[{"ID":82,"Kind":0}],"Health":16,"MaxHealth":16},{"InternalID":22,"UnitID":12,"Type":2,"Kind":1,"Location":{"Space":{"X":-4,"Y":1},"Zone":{"X":0,"Y":1}},"CurrentStamina":17,"CurrentOrder":{"Kind":0,"TargetZone":{"Space":{"X":-4,"Y":3},"Zone":{"X":0,"Y":0}},"TargetSpace":null,"TargetResource":null,"TargetUnit":null,"TargetBuilding":null},"Builds":[],"GarrisonedIn":null,"Stance":3,"InterruptCurrent":true,"AttackBack":true,"TargetPriority":"","ActiveOrders":[{"ID":83,"Kind":0}],"Health":16,"MaxHealth":16},{"InternalID":23,"UnitID":12,"Type":2,"Kind":1,"Location":{"Space":{"X":-4,"Y":1},"Zone":{"X":0,"Y":1}},"CurrentStamina":17,"CurrentOrder":{"Kind":0,"TargetZone":{"Space":{"X":-4,"Y":3},"Zone":{"X":0,"Y":0}},"TargetSpace":null,"TargetResource":null,"TargetUnit":null,"TargetBuilding":null},"Builds":[],"GarrisonedIn":null,"Stance":3,"InterruptCurrent":true,"AttackBack":true,"TargetPriority":"","ActiveOrders":[{"ID":84,"Kind":0}],"Health":16,"MaxHealth":16},{"InternalID":24,"UnitID":12,"Type":2,"Kind":1,"Location":{"Space":{"X":-4,"Y":1},"Zone":{"X":0,"Y":1}},"CurrentStamina":17,"CurrentOrder":{"Kind":0,"TargetZone":{"Space":{"X":-4,"Y":3},"Zone":{"X":0,"Y":0}},"TargetSpace":null,"TargetResource":null,"TargetUnit":null,"TargetBuilding":null},"Builds":[],"GarrisonedIn":null,"Stance":3,"InterruptCurrent":true,"AttackBack":true,"TargetPriority":"","ActiveOrders":[{"ID":85,"Kind":0}],"Health":16,"MaxHealth":16},{"InternalID":25,"UnitID":13,"Type":2,"Kind":1,"Location":{"Space":{"X":-4,"Y":0},"Zone":{"X":0,"Y":0}},"CurrentStamina":8,"CurrentOrder":null,"Builds":[],"GarrisonedIn":null,"Stance":3,"InterruptCurrent":true,"AttackBack":true,"TargetPriority":"","ActiveOrders":null,"Health":50,"MaxHealth":50},{"InternalID":26,"UnitID":13,"Type":2,"Kind":1,"Location":{"Space":{"X":-4,"Y":0},"Zone":{"X":0,"Y":0}},"CurrentStamina":8,"CurrentOrder":null,"Builds":[],"GarrisonedIn":null,"Stance":3,"InterruptCurrent":true,"AttackBack":true,"TargetPriority":"","ActiveOrders":null,"Health":50,"MaxHealth":50},{"InternalID":27,"UnitID":13,"Type":2,"Kind":1,"Location":{"Space":{"X":-4,"Y":0},"Zone":{"X":0,"Y":0}},"CurrentStamina":8,"CurrentOrder":null,"Builds":[],"GarrisonedIn":null,"Stance":3,"InterruptCurrent":true,"AttackBack":true,"TargetPriority":"","ActiveOrders":null,"Health":50,"MaxHealth":50},{"InternalID":28,"UnitID":13,"Type":2,"Kind":1,"Location":{"Space":{"X":-4,"Y":0},"Zone":{"X":0,"Y":0}},"CurrentStamina":8,"CurrentOrder":null,"Builds":[],"GarrisonedIn":null,"Stance":3,"InterruptCurrent":true,"AttackBack":true,"TargetPriority":"","ActiveOrders":null,"Health":50,"MaxHealth":50},{"InternalID":29,"UnitID":13,"Type":2,"Kind":1,"Location":{"Space":{"X":-4,"Y":0},"Zone":{"X":0,"Y":0}},"CurrentStamina":8,"CurrentOrder":null,"Builds":[],"GarrisonedIn":null,"Stance":3,"InterruptCurrent":true,"AttackBack":true,"TargetPriority":"","ActiveOrders":null,"Health":50,"MaxHealth":50},{"InternalID":30,"UnitID":13,"Type":2,"Kind":1,"Location":{"Space":{"X":-4,"Y":0},"Zone":{"X":0,"Y":0}},"CurrentStamina":8,"CurrentOrder":null,"Builds":[],"GarrisonedIn":null,"Stance":3,"InterruptCurrent":true,"AttackBack":true,"TargetPriority":"","ActiveOrders":null,"Health":50,"MaxHealth":50}]}
2026/09/30 21:20:37 ai ai-0: submitting orders [{Subjects:[6] OrderType:2 TargetID:1711 ClearPreviousOrders:true} {Subjects:[3] OrderType:2 TargetID:1596 ClearPreviousOrders:true} {Subjects:[4] OrderType:2 TargetID:1596 ClearPreviousOrders:true} {Subjects:[5] OrderType:2 TargetID:1596 ClearPreviousOrders:true} {Subjects:[25] OrderType:2 TargetID:5671 ClearPreviousOrders:true} {Subjects:[26] OrderType:2 TargetID:5671 ClearPreviousOrders:true} {Subjects:[27] OrderType:2 TargetID:5671 ClearPreviousOrders:true} {Subjects:[28] OrderType:2 TargetID:5671 ClearPreviousOrders:true} {Subjects:[29] OrderType:2 TargetID:5671 ClearPreviousOrders:true} {Subjects:[30] OrderType:2 TargetID:5671 ClearPreviousOrders:true} {Subjects:[1] OrderType:9 TargetID:31 ClearPreviousOrders:true} {Subjects:[2] OrderType:9 TargetID:31 ClearPreviousOrders:true} {Subjects:[3] OrderType:9 TargetID:31 ClearPreviousOrders:true} {Subjects:[4] OrderType:2 TargetID:11335 ClearPreviousOrders:true} {Subjects:[5] OrderType:2 TargetID:11335 ClearPreviousOrders:true} {Subjects:[6] OrderType:2 TargetID:11335 ClearPreviousOrders:true} {Subjects:[7] OrderType:9 TargetID:31 ClearPreviousOrders:true} {Subjects:[8] OrderType:9 TargetID:31 ClearPreviousOrders:true} {Subjects:[9] OrderType:9 TargetID:31 ClearPreviousOrders:true} {Subjects:[10] OrderType:9 TargetID:31 ClearPreviousOrders:true} {Subjects:[11] OrderType:9 TargetID:31 ClearPreviousOrders:true} {Subjects:[12] OrderType:9 TargetID:31 ClearPreviousOrders:true} {Subjects:[13] OrderType:9 TargetID:31 ClearPreviousOrders:true} {Subjects:[14] OrderType:9 TargetID:31 ClearPreviousOrders:true} {Subjects:[15] OrderType:9 TargetID:31 ClearPreviousOrders:true} {Subjects:[16] OrderType:9 TargetID:31 ClearPreviousOrders:true} {Subjects:[17] OrderType:9 TargetID:31 ClearPreviousOrders:true} {Subjects:[18] OrderType:9 TargetID:31 ClearPreviousOrders:true} {Subjects:[19] OrderType:9 TargetID:31 ClearPreviousOrders:true} {Subjects:[20] OrderType:9 TargetID:31 ClearPreviousOrders:true} {Subjects:[21] OrderType:9 TargetID:31 ClearPreviousOrders:true} {Subjects:[22] OrderType:9 TargetID:31 ClearPreviousOrders:true} {Subjects:[23] OrderType:9 TargetID:31 ClearPreviousOrders:true} {Subjects:[24] OrderType:9 TargetID:31 ClearPreviousOrders:true} {Subjects:[25] OrderType:9 TargetID:31 ClearPreviousOrders:true} {Subjects:[26] OrderType:9 TargetID:31 ClearPreviousOrders:true} {Subjects:[27] OrderType:9 TargetID:31 ClearPreviousOrders:true} {Subjects:[28] OrderType:9 TargetID:31 ClearPreviousOrders:true} {Subjects:[29] OrderType:9 TargetID:31 ClearPreviousOrders:true} {Subjects:[30] OrderType:9 TargetID:31 ClearPreviousOrders:true} {Subjects:[2] OrderType:9 TargetID:31 ClearPreviousOrders:true}]
2026/09/30 21:20:37 ai ai-0: vars {"B":16,"Hv":6,"Pi":8,"aPowLocal":0,"aThreat":0,"a_engaged":0,"a_odds":1.3,"a_outnumbered":0,"army_target":50,"army_value":3080,"assault":0,"bank_rate":28,"bar_barracks":0.17072129748186085,"bar_redoubt":1.1111111111111112,"barracks":0,"barracks_B":0,"barracks_P":0,"barracks_save":0,"barracks_spend":78.1,"barracks_want":0,"buffer_food":70,"buffer_gold":0,"buffer_stone":0,"buffer_wood":70,"builders":0,"committed":0,"eB":1,"eGrowth":0,"eH":0,"eMil":1,"eP":0,"ePow":1,"ePowEst":1,"ePowSeen":1,"eTech":1,"eV":0,"es":2,"farm_want":0,"farm_wood_short":0,"farming":0,"fire_barracks":0,"fire_farm0":0,"fire_farm1":0,"fire_farm2":0,"fire_house":0,"fire_outpost":0,"fire_redoubt":0,"fire_smith":0,"fire_vc":0,"food_need":0,"food_over":0,"food_rate":0,"food_slots":1000,"food_workers":0,"free_room":20,"go":0,"gold_income":14,"gold_need":0,"gold_rate":0,"gold_surplus":56,"guaranteed":0,"guard_home":0,"headroom":-30,"hire_B":3015.3846153846152,"hire_P":4738.461538461538,"homePow":0,"house_builders":0,"house_urgency":0,"house_want":0,"income_proj":0,"left":0,"lf_food":0,"lf_gold":0,"lf_stone":0,"lf_wood":0,"lump_food":0,"lump_gold":0,"lump_stone":0,"lump_wood":0,"maturity":0,"mil":30,"myTech":1,"n_barracks":0,"n_redoubts":0,"needB":19.92217898832685,"needP":0.07782101167315175,"outpost_want":0,"pikes":0,"planned_food":0,"planned_gold":0,"planned_stone":0,"planned_wood":0,"prod_rate":0,"proj_army":3080,"raid_danger":1,"raid_fails":0,"raid_lost":0,"raid_pause":0,"raid_prev":5,"raid_size":4.8,"raid_wiped":0,"rate":6,"redoubt_H":0,"redoubt_gold_ok":1,"redoubt_save":0,"redoubt_spend":30,"redoubt_want":0,"redoubts":0,"rf_food":0,"rf_gold":0,"rf_stone":0,"rf_wood":0,"sB4":39.0625,"sP4":0.152587890625,"scale_l":0,"scale_r":0,"shareH":0.3150684931506849,"smith_want":0,"smiths":0,"spare":0,"spare_food":0.5,"stone_need":0,"stone_rate":0,"tH":26,"target_spend":400,"tech_food":50,"tech_gold":0,"tech_stone":0,"tech_wood":50,"threat_home":0,"turns_left":-300,"u_barracks":0.24555803062459444,"u_redoubt":0.29406392694063926,"unit_spend":120,"vB":2.5,"vH":1.15,"vP":0.625,"vc_want":0,"vcs":0,"vil_goal":50,"vil_rate":0,"vil_stamina":8,"vil_want":0,"vil_want_last":0,"vil_worth_now":0.6,"vils":0,"w_food":0,"w_gold":0,"w_stone":0,"w_wood":0,"wild_workers":0,"wood_need":0,"wood_rate":0,"workers":0}
2026/09/30 21:20:37 player action: set-unit-behavior 0 1 map[internal_ids:[2] interrupt_current:false]
2026/09/30 21:20:37 player action: submit-orders 0 1 map[orders:[{0 [6] 2 1711 true} {0 [3] 2 1596 true} {0 [4] 2 1596 true} {0 [5] 2 1596 true} {0 [25] 2 5671 true} {0 [26] 2 5671 true} {0 [27] 2 5671 true} {0 [28] 2 5671 true} {0 [29] 2 5671 true} {0 [30] 2 5671 true} {0 [1] 9 31 true} {0 [2] 9 31 true} {0 [3] 9 31 true} {0 [4] 2 11335 true} {0 [5] 2 11335 true} {0 [6] 2 11335 true} {0 [7] 9 31 true} {0 [8] 9 31 true} {0 [9] 9 31 true} {0 [10] 9 31 true} {0 [11] 9 31 true} {0 [12] 9 31 true} {0 [13] 9 31 true} {0 [14] 9 31 true} {0 [15] 9 31 true} {0 [16] 9 31 true} {0 [17] 9 31 true} {0 [18] 9 31 true} {0 [19] 9 31 true} {0 [20] 9 31 true} {0 [21] 9 31 true} {0 [22] 9 31 true} {0 [23] 9 31 true} {0 [24] 9 31 true} {0 [25] 9 31 true} {0 [26] 9 31 true} {0 [27] 9 31 true} {0 [28] 9 31 true} {0 [29] 9 31 true} {0 [30] 9 31 true} {0 [2] 9 31 true}]]
2026/09/30 21:20:37 Executing submit orders for: 0 [{0 [6] 2 1711 true} {0 [3] 2 1596 true} {0 [4] 2 1596 true} {0 [5] 2 1596 true} {0 [25] 2 5671 true} {0 [26] 2 5671 true} {0 [27] 2 5671 true} {0 [28] 2 5671 true} {0 [29] 2 5671 true} {0 [30] 2 5671 true} {0 [1] 9 31 true} {0 [2] 9 31 true} {0 [3] 9 31 true} {0 [4] 2 11335 true} {0 [5] 2 11335 true} {0 [6] 2 11335 true} {0 [7] 9 31 true} {0 [8] 9 31 true} {0 [9] 9 31 true} {0 [10] 9 31 true} {0 [11] 9 31 true} {0 [12] 9 31 true} {0 [13] 9 31 true} {0 [14] 9 31 true} {0 [15] 9 31 true} {0 [16] 9 31 true} {0 [17] 9 31 true} {0 [18] 9 31 true} {0 [19] 9 31 true} {0 [20] 9 31 true} {0 [21] 9 31 true} {0 [22] 9 31 true} {0 [23] 9 31 true} {0 [24] 9 31 true} {0 [25] 9 31 true} {0 [26] 9 31 true} {0 [27] 9 31 true} {0 [28] 9 31 true} {0 [29] 9 31 true} {0 [30] 9 31 true} {0 [2] 9 31 true}]
2026/09/30 21:20:37 Resolving active orders
2026/09/30 21:20:37 Moving unit 14 Blunt Infantry to zone(0, -1) in space (-4, 3) tick=1
2026/09/30 21:20:37 Moving unit 7 Blunt Infantry to zone(0, -1) in space (-4, 3) tick=1
2026/09/30 21:20:37 Moving unit 19 Piercing Infantry to zone(0, -1) in space (-4, 2) tick=1
2026/09/30 21:20:37 Moving unit 22 Piercing Infantry to zone(0, -1) in space (-4, 2) tick=1
2026/09/30 21:20:37 Moving unit 29 Heavy Infantry to zone(0, 1) in space (-4, 0) tick=1
2026/09/30 21:20:37 Moving unit 21 Piercing Infantry to zone(0, -1) in space (-4, 2) tick=1
2026/09/30 21:20:37 Moving unit 8 Blunt Infantry to zone(0, -1) in space (-4, 3) tick=1
2026/09/30 21:20:37 Moving unit 11 Blunt Infantry to zone(0, -1) in space (-4, 3) tick=1
2026/09/30 21:20:37 Moving unit 12 Blunt Infantry to zone(0, -1) in space (-4, 3) tick=1
2026/09/30 21:20:37 Moving unit 13 Blunt Infantry to zone(0, -1) in space (-4, 3) tick=1
2026/09/30 21:20:37 Moving unit 16 Blunt Infantry to zone(0, -1) in space (-4, 3) tick=1
2026/09/30 21:20:37 Moving unit 30 Heavy Infantry to zone(0, 1) in space (-4, 0) tick=1
2026/09/30 21:20:37 Moving unit 3 Blunt Infantry to zone(-1, 0) in space (-3, 3) tick=1
2026/09/30 21:20:37 Moving unit 5 Blunt Infantry to zone(-1, 0) in space (-1, 2) tick=1
2026/09/30 21:20:37 Moving unit 18 Piercing Infantry to zone(0, -1) in space (-4, 2) tick=1
2026/09/30 21:20:37 Moving unit 23 Piercing Infantry to zone(0, -1) in space (-4, 2) tick=1
2026/09/30 21:20:37 Moving unit 25 Heavy Infantry to zone(0, 1) in space (-4, 0) tick=1
2026/09/30 21:20:37 Moving unit 26 Heavy Infantry to zone(0, 1) in space (-4, 0) tick=1
2026/09/30 21:20:37 Moving unit 28 Heavy Infantry to zone(0, 1) in space (-4, 0) tick=1
2026/09/30 21:20:37 Moving unit 6 Blunt Infantry to zone(-1, 1) in space (3, -3) tick=1
2026/09/30 21:20:37 Moving unit 24 Piercing Infantry to zone(0, -1) in space (-4, 2) tick=1
2026/09/30 21:20:37 Moving unit 27 Heavy Infantry to zone(0, 1) in space (-4, 0) tick=1
2026/09/30 21:20:37 combat turn=5 tick=1: 2 u11 (player 0, stamina 3) hits 31 u11 (player 1) for 1.80
2026/09/30 21:20:37 Moving unit 10 Blunt Infantry to zone(0, -1) in space (-4, 3) tick=1
2026/09/30 21:20:37 Moving unit 20 Piercing Infantry to zone(0, -1) in space (-4, 2) tick=1
2026/09/30 21:20:37 Moving unit 1 Blunt Infantry to zone(0, -1) in space (-4, 3) tick=1
2026/09/30 21:20:37 Moving unit 4 Blunt Infantry to zone(0, -1) in space (-2, 3) tick=1
2026/09/30 21:20:37 Moving unit 15 Blunt Infantry to zone(0, -1) in space (-4, 3) tick=1
2026/09/30 21:20:37 Moving unit 9 Blunt Infantry to zone(0, -1) in space (-4, 3) tick=1
2026/09/30 21:20:37 Moving unit 17 Piercing Infantry to zone(0, -1) in space (-4, 2) tick=1
2026/09/30 21:20:37 combat turn=5 tick=1: 31 u11 (player 1, stamina 3) hits 2 u11 (player 0) for 1.80
2026/09/30 21:20:37 state_hash turn=5 tick=1 hash=ade7b66994bf95df
2026/09/30 21:20:37 combat turn=5 tick=2: 1 u11 (player 0, stamina 3) hits 31 u11 (player 1) for 1.80
2026/09/30 21:20:37 Moving unit 4 Blunt Infantry to zone(0, 1) in space (-2, 2) tick=2
2026/09/30 21:20:37 combat turn=5 tick=2: 15 u11 (player 0, stamina 3) hits 31 u11 (player 1) for 1.80
2026/09/30 21:20:37 combat turn=5 tick=2: 9 u11 (player 0, stamina 3) hits 31 u11 (player 1) for 1.80
2026/09/30 21:20:37 Moving unit 17 Piercing Infantry to zone(0, 0) in space (-4, 2) tick=2
2026/09/30 21:20:37 combat turn=5 tick=2: 14 u11 (player 0, stamina 3) hits 31 u11 (player 1) for 1.80
2026/09/30 21:20:37 combat turn=5 tick=2: 7 u11 (player 0, stamina 3) hits 31 u11 (player 1) for 1.80
2026/09/30 21:20:37 Moving unit 19 Piercing Infantry to zone(0, 0) in space (-4, 2) tick=2
2026/09/30 21:20:37 Moving unit 22 Piercing Infantry to zone(0, 0) in space (-4, 2) tick=2
2026/09/30 21:20:37 Moving unit 29 Heavy Infantry to zone(0, -1) in space (-4, 1) tick=2
2026/09/30 21:20:37 Moving unit 21 Piercing Infantry to zone(0, 0) in space (-4, 2) tick=2
2026/09/30 21:20:37 combat turn=5 tick=2: 8 u11 (player 0, stamina 3) hits 31 u11 (player 1) for 1.80
2026/09/30 21:20:37 combat turn=5 tick=2: 11 u11 (player 0, stamina 3) hits 31 u11 (player 1) for 1.80
2026/09/30 21:20:37 combat turn=5 tick=2: 12 u11 (player 0, stamina 3) hits 31 u11 (player 1) for 1.80
2026/09/30 21:20:37 combat turn=5 tick=2: 13 u11 (player 0, stamina 3) hits 31 u11 (player 1) for 1.80
2026/09/30 21:20:37 combat turn=5 tick=2: 16 u11 (player 0, stamina 3) hits 31 u11 (player 1) for 1.80
2026/09/30 21:20:37 Moving unit 30 Heavy Infantry to zone(0, -1) in space (-4, 1) tick=2
2026/09/30 21:20:37 Moving unit 3 Blunt Infantry to zone(1, 0) in space (-4, 3) tick=2
2026/09/30 21:20:37 Moving unit 5 Blunt Infantry to zone(1, 0) in space (-2, 2) tick=2
2026/09/30 21:20:37 Moving unit 18 Piercing Infantry to zone(0, 0) in space (-4, 2) tick=2
2026/09/30 21:20:37 Moving unit 23 Piercing Infantry to zone(0, 0) in space (-4, 2) tick=2
2026/09/30 21:20:37 Moving unit 25 Heavy Infantry to zone(0, -1) in space (-4, 1) tick=2
2026/09/30 21:20:37 Moving unit 26 Heavy Infantry to zone(0, -1) in space (-4, 1) tick=2
2026/09/30 21:20:37 Moving unit 28 Heavy Infantry to zone(0, -1) in space (-4, 1) tick=2
2026/09/30 21:20:37 Moving unit 6 Blunt Infantry to zone(1, -1) in space (2, -2) tick=2
2026/09/30 21:20:37 Moving unit 24 Piercing Infantry to zone(0, 0) in space (-4, 2) tick=2
2026/09/30 21:20:37 Moving unit 27 Heavy Infantry to zone(0, -1) in space (-4, 1) tick=2
2026/09/30 21:20:37 combat turn=5 tick=2: 2 u11 (player 0, stamina 3) hits 31 u11 (player 1) for 1.80
2026/09/30 21:20:37 combat turn=5 tick=2: 10 u11 (player 0, stamina 3) hits 31 u11 (player 1) for 1.80
2026/09/30 21:20:37 Moving unit 20 Piercing Infantry to zone(0, 0) in space (-4, 2) tick=2
2026/09/30 21:20:37 combat turn=5 tick=2: 31 u11 (player 1, stamina 3) hits 1 u11 (player 0) for 1.80
2026/09/30 21:20:37 state_hash turn=5 tick=2 hash=8d4adedf71e9dc7d
2026/09/30 21:20:37 Moving unit 5 Blunt Infantry to zone(0, 0) in space (-2, 2) tick=3
2026/09/30 21:20:37 Moving unit 6 Blunt Infantry to zone(0, 0) in space (2, -2) tick=3
2026/09/30 21:20:37 Moving unit 4 Blunt Infantry to zone(0, 0) in space (-2, 2) tick=3
2026/09/30 21:20:37 state_hash turn=5 tick=3 hash=d489011db170c04f
2026/09/30 21:20:37 Moving unit 5 Blunt Infantry to zone(-1, 0) in space (-2, 2) tick=4
2026/09/30 21:20:37 Moving unit 6 Blunt Infantry to zone(-1, 1) in space (2, -2) tick=4
2026/09/30 21:20:37 Moving unit 4 Blunt Infantry to zone(-1, 0) in space (-2, 2) tick=4
2026/09/30 21:20:37 state_hash turn=5 tick=4 hash=788ecfe5ebe35769
2026/09/30 21:20:37 Moving unit 5 Blunt Infantry to zone(1, 0) in space (-3, 2) tick=5
2026/09/30 21:20:37 Moving unit 6 Blunt Infantry to zone(1, -1) in space (1, -1) tick=5
2026/09/30 21:20:37 Moving unit 4 Blunt Infantry to zone(1, 0) in space (-3, 2) tick=5
2026/09/30 21:20:37 state_hash turn=5 tick=5 hash=02884bf9270571a3
2026/09/30 21:20:37 Moving unit 4 Blunt Infantry to zone(0, 0) in space (-3, 2) tick=6
2026/09/30 21:20:37 Moving unit 5 Blunt Infantry to zone(0, 0) in space (-3, 2) tick=6
2026/09/30 21:20:37 Moving unit 6 Blunt Infantry to zone(0, 0) in space (1, -1) tick=6
2026/09/30 21:20:37 state_hash turn=5 tick=6 hash=28178c817c031af4
2026/09/30 21:20:37 Moving unit 5 Blunt Infantry to zone(-1, 0) in space (-3, 2) tick=7
2026/09/30 21:20:37 Moving unit 6 Blunt Infantry to zone(-1, 1) in space (1, -1) tick=7
2026/09/30 21:20:37 state_hash turn=5 tick=7 hash=e5d7d76cd268272b
2026/09/30 21:20:37 state_hash turn=5 tick=end hash=f989d30666b30bdd
2026/09/30 21:20:37 ai ai-1: new turn data {"buildings":[],"enemy_buildings":[],"enemy_units":[],"foundations":[],"population":{"current":29,"limit":0},"resources":{"food":200,"gold":18,"stone":100,"wood":200},"spaces":[{"Space":{"X":0,"Y":-4},"Vision":0,"Owner":-1},{"Space":{"X":1,"Y":-4},"Vision":0,"Owner":-1},{"Space":{"X":2,"Y":-4},"Vision":0,"Owner":-1},{"Space":{"X":3,"Y":-4},"Vision":0,"Owner":-1},{"Space":{"X":4,"Y":-4},"Vision":0,"Owner":-1},{"Space":{"X":-1,"Y":-3},"Vision":0,"Owner":-1},{"Space":{"X":0,"Y":-3},"Vision":0,"Owner":-1},{"Space":{"X":1,"Y":-3},"Vision":0,"Owner":-1},{"Space":{"X":2,"Y":-3},"Vision":0,"Owner":-1},{"Space":{"X":3,"Y":-3},"Vision":0,"Owner":-1},{"Space":{"X":4,"Y":-3},"Vision":0,"Owner":-1},{"Space":{"X":-2,"Y":-2},"Vision":0,"Owner":-1},{"Space":{"X":-1,"Y":-2},"Vision":0,"Owner":-1},{"Space":{"X":0,"Y":-2},"Vision":0,"Owner":-1},{"Space":{"X":1,"Y":-2},"Vision":0,"Owner":-1},{"Space":{"X":2,"Y":-2},"Vision":0,"Owner":-1},{"Space":{"X":3,"Y":-2},"Vision":0,"Owner":-1},{"Space":{"X":4,"Y":-2},"Vision":0,"Owner":-1},{"Space":{"X":-3,"Y":-1},"Vision":0,"Owner":-1},{"Space":{"X":-2,"Y":-1},"Vision":0,"Owner":-1},{"Space":{"X":-1,"Y":-1},"Vision":0,"Owner":-1},{"Space":{"X":0,"Y":-1},"Vision":0,"Owner":-1},{"Space":{"X":1,"Y":-1},"Vision":0,"Owner":-1},{"Space":{"X":2,"Y":-1},"Vision":0,"Owner":-1},{"Space":{"X":3,"Y":-1},"Vision":0,"Owner":-1},{"Space":{"X":4,"Y":-1},"Vision":0,"Owner":-1},{"Space":{"X":-4,"Y":0},"Vision":0,"Owner":-1},{"Space":{"X":-3,"Y":0},"Vision":0,"Owner":-1},{"Space":{"X":-2,"Y":0},"Vision":0,"Owner":-1},{"Space":{"X":-1,"Y":0},"Vision":0,"Owner":-1},{"Space":{"X":0,"Y":0},"Vision":0,"Owner":-1},{"Space":{"X":1,"Y":0},"Vision":0,"Owner":-1},{"Space":{"X":2,"Y":0},"Vision":0,"Owner":-1},{"Space":{"X":3,"Y":0},"Vision":0,"Owner":-1},{"Space":{"X":4,"Y":0},"Vision":0,"Owner":-1},{"Space":{"X":-4,"Y":1},"Vision":0,"Owner":-1},{"Space":{"X":-3,"Y":1},"Vision":0,"Owner":-1},{"Space":{"X":-2,"Y":1},"Vision":0,"Owner":-1},{"Space":{"X":-1,"Y":1},"Vision":0,"Owner":-1},{"Space":{"X":0,"Y":1},"Vision":0,"Owner":-1},{"Space":{"X":1,"Y":1},"Vision":0,"Owner":-1},{"Space":{"X":2,"Y":1},"Vision":0,"Owner":-1},{"Space":{"X":3,"Y":1},"Vision":0,"Owner":-1},{"Space":{"X":-4,"Y":2},"Vision":1,"Owner":0},{"Space":{"X":-3,"Y":2},"Vision":1,"Owner":0},{"Space":{"X":-2,"Y":2},"Vision":1,"Owner":-1},{"Space":{"X":-1,"Y":2},"Vision":1,"Owner":-1},{"Space":{"X":0,"Y":2},"Vision":2,"Owner":-1},{"Space":{"X":1,"Y":2},"Vision":2,"Owner":-1},{"Space":{"X":2,"Y":2},"Vision":0,"Owner":-1},{"Space":{"X":-4,"Y":3},"Vision":1,"Owner":0},{"Space":{"X":-3,"Y":3},"Vision":1,"Owner":-1},{"Space":{"X":-2,"Y":3},"Vision":1,"Owner":0},{"Space":{"X":-1,"Y":3},"Vision":2,"Owner":-1},{"Space":{"X":0,"Y":3},"Vision":3,"Owner":1},{"Space":{"X":1,"Y":3},"Vision":2,"Owner":-1},{"Space":{"X":-4,"Y":4},"Vision":1,"Owner":-1},{"Space":{"X":-3,"Y":4},"Vision":1,"Owner":-1},{"Space":{"X":-2,"Y":4},"Vision":1,"Owner":-1},{"Space":{"X":-1,"Y":4},"Vision":2,"Owner":-1},{"Space":{"X":0,"Y":4},"Vision":2,"Owner":-1}],"units":[{"InternalID":32,"UnitID":11,"Type":2,"Kind":1,"Location":{"Space":{"X":0,"Y":3},"Zone":{"X":0,"Y":0}},"CurrentStamina":23,"CurrentOrder":null,"Builds":[],"GarrisonedIn":null,"Stance":3,"InterruptCurrent":false,"AttackBack":true,"TargetPriority":"","ActiveOrders":null,"Health":11,"MaxHealth":11},{"InternalID":33,"UnitID":11,"Type":2,"Kind":1,"Location":{"Space":{"X":0,"Y":3},"Zone":{"X":0,"Y":0}},"CurrentStamina":23,"CurrentOrder":null,"Builds":[],"GarrisonedIn":null,"Stance":3,"InterruptCurrent":false,"AttackBack":true,"TargetPriority":"","ActiveOrders":null,"Health":11,"MaxHealth":11},{"InternalID":34,"UnitID":11,"Type":2,"Kind":1,"Location":{"Space":{"X":0,"Y":3},"Zone":{"X":0,"Y":0}},"CurrentStamina":23,"CurrentOrder":null,"Builds":[],"GarrisonedIn":null,"Stance":3,"InterruptCurrent":false,"AttackBack":true,"TargetPriority":"","ActiveOrders":null,"Health":11,"MaxHealth":11},{"InternalID":35,"UnitID":11,"Type":2,"Kind":1,"Location":{"Space":{"X":0,"Y":3},"Zone":{"X":0,"Y":0}},"CurrentStamina":23,"CurrentOrder":null,"Builds":[],"GarrisonedIn":null,"Stance":3,"InterruptCurrent":false,"AttackBack":true,"TargetPriority":"","ActiveOrders":null,"Health":11,"MaxHealth":11},{"InternalID":36,"UnitID":11,"Type":2,"Kind":1,"Location":{"Space":{"X":0,"Y":3},"Zone":{"X":0,"Y":0}},"CurrentStamina":23,"CurrentOrder":null,"Builds":[],"GarrisonedIn":null,"Stance":3,"InterruptCurrent":false,"AttackBack":true,"TargetPriority":"","ActiveOrders":null,"Health":11,"MaxHealth":11},{"InternalID":37,"UnitID":11,"Type":2,"Kind":1,"Location":{"Space":{"X":0,"Y":3},"Zone":{"X":0,"Y":0}},"CurrentStamina":23,"CurrentOrder":null,"Builds":[],"GarrisonedIn":null,"Stance":3,"InterruptCurrent":false,"AttackBack":true,"TargetPriority":"","ActiveOrders":null,"Health":11,"MaxHealth":11},{"InternalID":38,"UnitID":11,"Type":2,"Kind":1,"Location":{"Space":{"X":0,"Y":3},"Zone":{"X":0,"Y":0}},"CurrentStamina":23,"CurrentOrder":null,"Builds":[],"GarrisonedIn":null,"Stance":3,"InterruptCurrent":false,"AttackBack":true,"TargetPriority":"","ActiveOrders":null,"Health":11,"MaxHealth":11},{"InternalID":39,"UnitID":11,"Type":2,"Kind":1,"Location":{"Space":{"X":0,"Y":3},"Zone":{"X":0,"Y":0}},"CurrentStamina":23,"CurrentOrder":null,"Builds":[],"GarrisonedIn":null,"Stance":3,"InterruptCurrent":false,"AttackBack":true,"TargetPriority":"","ActiveOrders":null,"Health":11,"MaxHealth":11},{"InternalID":40,"UnitID":11,"Type":2,"Kind":1,"Location":{"Space":{"X":0,"Y":3},"Zone":{"X":0,"Y":0}},"CurrentStamina":23,"CurrentOrder":null,"Builds":[],"GarrisonedIn":null,"Stance":3,"InterruptCurrent":false,"AttackBack":true,"TargetPriority":"","ActiveOrders":null,"Health":11,"MaxHealth":11},{"InternalID":41,"UnitID":11,"Type":2,"Kind":1,"Location":{"Space":{"X":0,"Y":3},"Zone":{"X":0,"Y":0}},"CurrentStamina":23,"CurrentOrder":null,"Builds":[],"GarrisonedIn":null,"Stance":3,"InterruptCurrent":false,"AttackBack":true,"TargetPriority":"","ActiveOrders":null,"Health":11,"MaxHealth":11},{"InternalID":42,"UnitID":11,"Type":2,"Kind":1,"Location":{"Space":{"X":0,"Y":3},"Zone":{"X":0,"Y":0}},"CurrentStamina":23,"CurrentOrder":null,"Builds":[],"GarrisonedIn":null,"Stance":3,"InterruptCurrent":false,"AttackBack":true,"TargetPriority":"","ActiveOrders":null,"Health":11,"MaxHealth":11},{"InternalID":43,"UnitID":11,"Type":2,"Kind":1,"Location":{"Space":{"X":0,"Y":3},"Zone":{"X":0,"Y":0}},"CurrentStamina":23,"CurrentOrder":null,"Builds":[],"GarrisonedIn":null,"Stance":3,"InterruptCurrent":false,"AttackBack":true,"TargetPriority":"","ActiveOrders":null,"Health":11,"MaxHealth":11},{"InternalID":44,"UnitID":11,"Type":2,"Kind":1,"Location":{"Space":{"X":0,"Y":3},"Zone":{"X":0,"Y":0}},"CurrentStamina":23,"CurrentOrder":null,"Builds":[],"GarrisonedIn":null,"Stance":3,"InterruptCurrent":false,"AttackBack":true,"TargetPriority":"","ActiveOrders":null,"Health":11,"MaxHealth":11},{"InternalID":45,"UnitID":11,"Type":2,"Kind":1,"Location":{"Space":{"X":0,"Y":3},"Zone":{"X":0,"Y":0}},"CurrentStamina":23,"CurrentOrder":null,"Builds":[],"GarrisonedIn":null,"Stance":3,"InterruptCurrent":false,"AttackBack":true,"TargetPriority":"","ActiveOrders":null,"Health":11,"MaxHealth":11},{"InternalID":46,"UnitID":11,"Type":2,"Kind":1,"Location":{"Space":{"X":0,"Y":3},"Zone":{"X":0,"Y":0}},"CurrentStamina":23,"CurrentOrder":null,"Builds":[],"GarrisonedIn":null,"Stance":3,"InterruptCurrent":false,"AttackBack":true,"TargetPriority":"","ActiveOrders":null,"Health":11,"MaxHealth":11},{"InternalID":47,"UnitID":12,"Type":2,"Kind":1,"Location":{"Space":{"X":0,"Y":3},"Zone":{"X":0,"Y":0}},"CurrentStamina":18,"CurrentOrder":null,"Builds":[],"GarrisonedIn":null,"Stance":3,"InterruptCurrent":false,"AttackBack":true,"TargetPriority":"","ActiveOrders":null,"Health":16,"MaxHealth":16},{"InternalID":48,"UnitID":12,"Type":2,"Kind":1,"Location":{"Space":{"X":0,"Y":3},"Zone":{"X":0,"Y":0}},"CurrentStamina":18,"CurrentOrder":null,"Builds":[],"GarrisonedIn":null,"Stance":3,"InterruptCurrent":false,"AttackBack":true,"TargetPriority":"","ActiveOrders":null,"Health":16,"MaxHealth":16},{"InternalID":49,"UnitID":12,"Type":2,"Kind":1,"Location":{"Space":{"X":0,"Y":3},"Zone":{"X":0,"Y":0}},"CurrentStamina":18,"CurrentOrder":null,"Builds":[],"GarrisonedIn":null,"Stance":3,"InterruptCurrent":false,"AttackBack":true,"TargetPriority":"","ActiveOrders":null,"Health":16,"MaxHealth":16},{"InternalID":50,"UnitID":12,"Type":2,"Kind":1,"Location":{"Space":{"X":0,"Y":3},"Zone":{"X":0,"Y":0}},"CurrentStamina":18,"CurrentOrder":null,"Builds":[],"GarrisonedIn":null,"Stance":3,"InterruptCurrent":false,"AttackBack":true,"TargetPriority":"","ActiveOrders":null,"Health":16,"MaxHealth":16},{"InternalID":51,"UnitID":12,"Type":2,"Kind":1,"Location":{"Space":{"X":0,"Y":3},"Zone":{"X":0,"Y":0}},"CurrentStamina":18,"CurrentOrder":null,"Builds":[],"GarrisonedIn":null,"Stance":3,"InterruptCurrent":false,"AttackBack":true,"TargetPriority":"","ActiveOrders":null,"Health":16,"MaxHealth":16},{"InternalID":52,"UnitID":12,"Type":2,"Kind":1,"Location":{"Space":{"X":0,"Y":3},"Zone":{"X":0,"Y":0}},"CurrentStamina":18,"CurrentOrder":null,"Builds":[],"GarrisonedIn":null,"Stance":3,"InterruptCurrent":false,"AttackBack":true,"TargetPriority":"","ActiveOrders":null,"Health":16,"MaxHealth":16},{"InternalID":53,"UnitID":12,"Type":2,"Kind":1,"Location":{"Space":{"X":0,"Y":3},"Zone":{"X":0,"Y":0}},"CurrentStamina":18,"CurrentOrder":null,"Builds":[],"GarrisonedIn":null,"Stance":3,"InterruptCurrent":false,"AttackBack":true,"TargetPriority":"","ActiveOrders":null,"Health":16,"MaxHealth":16},{"InternalID":54,"UnitID":12,"Type":2,"Kind":1,"Location":{"Space":{"X":0,"Y":3},"Zone":{"X":0,"Y":0}},"CurrentStamina":18,"CurrentOrder":null,"Builds":[],"GarrisonedIn":null,"Stance":3,"InterruptCurrent":false,"AttackBack":true,"TargetPriority":"","ActiveOrders":null,"Health":16,"MaxHealth":16},{"InternalID":55,"UnitID":13,"Type":2,"Kind":1,"Location":{"Space":{"X":0,"Y":3},"Zone":{"X":0,"Y":0}},"CurrentStamina":12,"CurrentOrder":null,"Builds":[],"GarrisonedIn":null,"Stance":3,"InterruptCurrent":false,"AttackBack":true,"TargetPriority":"","ActiveOrders":null,"Health":50,"MaxHealth":50},{"InternalID":56,"UnitID":13,"Type":2,"Kind":1,"Location":{"Space":{"X":0,"Y":3},"Zone":{"X":0,"Y":0}},"CurrentStamina":12,"CurrentOrder":null,"Builds":[],"GarrisonedIn":null,"Stance":3,"InterruptCurrent":false,"AttackBack":true,"TargetPriority":"","ActiveOrders":null,"Health":50,"MaxHealth":50},{"InternalID":57,"UnitID":13,"Type":2,"Kind":1,"Location":{"Space":{"X":0,"Y":3},"Zone":{"X":0,"Y":0}},"CurrentStamina":12,"CurrentOrder":null,"Builds":[],"GarrisonedIn":null,"Stance":3,"InterruptCurrent":false,"AttackBack":true,"TargetPriority":"","ActiveOrders":null,"Health":50,"MaxHealth":50},{"InternalID":58,"UnitID":13,"Type":2,"Kind":1,"Location":{"Space":{"X":0,"Y":3},"Zone":{"X":0,"Y":0}},"CurrentStamina":12,"CurrentOrder":null,"Builds":[],"GarrisonedIn":null,"Stance":3,"InterruptCurrent":false,"AttackBack":true,"TargetPriority":"","ActiveOrders":null,"Health":50,"MaxHealth":50},{"InternalID":59,"UnitID":13,"Type":2,"Kind":1,"Location":{"Space":{"X":0,"Y":3},"Zone":{"X":0,"Y":0}},"CurrentStamina":12,"CurrentOrder":null,"Builds":[],"GarrisonedIn":null,"Stance":3,"InterruptCurrent":false,"AttackBack":true,"TargetPriority":"","ActiveOrders":null,"Health":50,"MaxHealth":50},{"InternalID":60,"UnitID":13,"Type":2,"Kind":1,"Location":{"Space":{"X":0,"Y":3},"Zone":{"X":0,"Y":0}},"CurrentStamina":12,"CurrentOrder":null,"Builds":[],"GarrisonedIn":null,"Stance":3,"InterruptCurrent":false,"AttackBack":true,"TargetPriority":"","ActiveOrders":null,"Health":50,"MaxHealth":50}]}
2026/09/30 21:20:37 ai ai-1: submitting orders [{Subjects:[32] OrderType:2 TargetID:55 ClearPreviousOrders:true}]
2026/09/30 21:20:37 ai ai-1: vars {}
2026/09/30 21:20:37 player action: submit-orders 0 2 map[orders:[{1 [32] 2 55 true}]]
2026/09/30 21:20:37 Executing submit orders for: 1 [{1 [32] 2 55 true}]
2026/09/30 21:20:37 ai ai-0: new turn data {"buildings":[],"enemy_buildings":[],"enemy_units":[],"foundations":[],"population":{"current":30,"limit":0},"resources":{"food":200,"gold":66,"stone":100,"wood":200},"spaces":[{"Space":{"X":0,"Y":-4},"Vision":1,"Owner":-1},{"Space":{"X":1,"Y":-4},"Vision":1,"Owner":-1},{"Space":{"X":2,"Y":-4},"Vision":1,"Owner":-1},{"Space":{"X":3,"Y":-4},"Vision":1,"Owner":-1},{"Space":{"X":4,"Y":-4},"Vision":1,"Owner":-1},{"Space":{"X":-1,"Y":-3},"Vision":1,"Owner":-1},{"Space":{"X":0,"Y":-3},"Vision":1,"Owner":-1},{"Space":{"X":1,"Y":-3},"Vision":1,"Owner":-1},{"Space":{"X":2,"Y":-3},"Vision":1,"Owner":-1},{"Space":{"X":3,"Y":-3},"Vision":1,"Owner":-1},{"Space":{"X":4,"Y":-3},"Vision":1,"Owner":-1},{"Space":{"X":-2,"Y":-2},"Vision":1,"Owner":-1},{"Space":{"X":-1,"Y":-2},"Vision":1,"Owner":-1},{"Space":{"X":0,"Y":-2},"Vision":1,"Owner":-1},{"Space":{"X":1,"Y":-2},"Vision":2,"Owner":-1},{"Space":{"X":2,"Y":-2},"Vision":2,"Owner":-1},{"Space":{"X":3,"Y":-2},"Vision":1,"Owner":-1},{"Space":{"X":4,"Y":-2},"Vision":0,"Owner":-1},{"Space":{"X":-3,"Y":-1},"Vision":1,"Owner":-1},{"Space":{"X":-2,"Y":-1},"Vision":1,"Owner":-1},{"Space":{"X":-1,"Y":-1},"Vision":1,"Owner":-1},{"Space":{"X":0,"Y":-1},"Vision":2,"Owner":-1},{"Space":{"X":1,"Y":-1},"Vision":3,"Owner":0},{"Space":{"X":2,"Y":-1},"Vision":2,"Owner":-1},{"Space":{"X":3,"Y":-1},"Vision":0,"Owner":-1},{"Space":{"X":4,"Y":-1},"Vision":0,"Owner":-1},{"Space":{"X":-4,"Y":0},"Vision":3,"Owner":-1},{"Space":{"X":-3,"Y":0},"Vision":2,"Owner":-1},{"Space":{"X":-2,"Y":0},"Vision":1,"Owner":-1},{"Space":{"X":-1,"Y":0},"Vision":1,"Owner":-1},{"Space":{"X":0,"Y":0},"Vision":3,"Owner":-1},{"Space":{"X":1,"Y":0},"Vision":2,"Owner":-1},{"Space":{"X":2,"Y":0},"Vision":1,"Owner":-1},{"Space":{"X":3,"Y":0},"Vision":0,"Owner":-1},{"Space":{"X":4,"Y":0},"Vision":0,"Owner":-1},{"Space":{"X":-4,"Y":1},"Vision":3,"Owner":0},{"Space":{"X":-3,"Y":1},"Vision":2,"Owner":-1},{"Space":{"X":-2,"Y":1},"Vision":2,"Owner":-1},{"Space":{"X":-1,"Y":1},"Vision":1,"Owner":-1},{"Space":{"X":0,"Y":1},"Vision":1,"Owner":-1},{"Space":{"X":1,"Y":1},"Vision":1,"Owner":-1},{"Space":{"X":2,"Y":1},"Vision":0,"Owner":-1},{"Space":{"X":3,"Y":1},"Vision":0,"Owner":-1},{"Space":{"X":-4,"Y":2},"Vision":3,"Owner":0},{"Space":{"X":-3,"Y":2},"Vision":3,"Owner":0},{"Space":{"X":-2,"Y":2},"Vision":2,"Owner":-1},{"Space":{"X":-1,"Y":2},"Vision":1,"Owner":-1},{"Space":{"X":0,"Y":2},"Vision":1,"Owner":-1},{"Space":{"X":1,"Y":2},"Vision":0,"Owner":-1},{"Space":{"X":2,"Y":2},"Vision":0,"Owner":-1},{"Space":{"X":-4,"Y":3},"Vision":3,"Owner":0},{"Space":{"X":-3,"Y":3},"Vision":3,"Owner":-1},{"Space":{"X":-2,"Y":3},"Vision":1,"Owner":-1},{"Space":{"X":-1,"Y":3},"Vision":1,"Owner":-1},{"Space":{"X":0,"Y":3},"Vision":0,"Owner":-1},{"Space":{"X":1,"Y":3},"Vision":0,"Owner":-1},{"Space":{"X":-4,"Y":4},"Vision":2,"Owner":-1},{"Space":{"X":-3,"Y":4},"Vision":1,"Owner":-1},{"Space":{"X":-2,"Y":4},"Vision":1,"Owner":-1},{"Space":{"X":-1,"Y":4},"Vision":0,"Owner":-1},{"Space":{"X":0,"Y":4},"Vision":0,"Owner":-1}],"units":[{"InternalID":1,"UnitID":11,"Type":2,"Kind":1,"Location":{"Space":{"X":-4,"Y":3},"Zone":{"X":0,"Y":-1}},"CurrentStamina":23,"CurrentOrder":null,"Builds":[],"GarrisonedIn":null,"Stance":3,"InterruptCurrent":true,"AttackBack":true,"TargetPriority":"","ActiveOrders":null,"Health":9.2,"MaxHealth":11},{"InternalID":2,"UnitID":11,"Type":2,"Kind":1,"Location":{"Space":{"X":-4,"Y":3},"Zone":{"X":0,"Y":-1}},"CurrentStamina":23,"CurrentOrder":null,"Builds":[],"GarrisonedIn":null,"Stance":3,"InterruptCurrent":false,"AttackBack":true,"TargetPriority":"","ActiveOrders":null,"Health":5.6,"MaxHealth":11},{"InternalID":3,"UnitID":11,"Type":2,"Kind":1,"Location":{"Space":{"X":-4,"Y":3},"Zone":{"X":1,"Y":0}},"CurrentStamina":21,"CurrentOrder":null,"Builds":[],"GarrisonedIn":null,"Stance":3,"InterruptCurrent":true,"AttackBack":true,"TargetPriority":"","ActiveOrders":null,"Health":11,"MaxHealth":11},{"InternalID":4,"UnitID":11,"Type":2,"Kind":1,"Location":{"Space":{"X":-3,"Y":2},"Zone":{"X":0,"Y":0}},"CurrentStamina":15,"CurrentOrder":{"Kind":0,"TargetZone":{"Space":{"X":-4,"Y":2},"Zone":{"X":0,"Y":1}},"TargetSpace":null,"TargetResource":null,"TargetUnit":null,"TargetBuilding":null},"Builds":[],"GarrisonedIn":null,"Stance":3,"InterruptCurrent":true,"AttackBack":true,"TargetPriority":"","ActiveOrders":[{"ID":102,"Kind":0}],"Health":11,"MaxHealth":11},{"InternalID":5,"UnitID":11,"Type":2,"Kind":1,"Location":{"Space":{"X":-3,"Y":2},"Zone":{"X":-1,"Y":0}},"CurrentStamina":19,"CurrentOrder":{"Kind":0,"TargetZone":{"Space":{"X":-4,"Y":2},"Zone":{"X":0,"Y":1}},"TargetSpace":null,"TargetResource":null,"TargetUnit":null,"TargetBuilding":null},"Builds":[],"GarrisonedIn":null,"Stance":3,"InterruptCurrent":true,"AttackBack":true,"TargetPriority":"","ActiveOrders":[{"ID":103,"Kind":0}],"Health":11,"MaxHealth":11},{"InternalID":6,"UnitID":11,"Type":2,"Kind":1,"Location":{"Space":{"X":1,"Y":-1},"Zone":{"X":-1,"Y":1}},"CurrentStamina":15,"CurrentOrder":{"Kind":0,"TargetZone":{"Space":{"X":-4,"Y":2},"Zone":{"X":0,"Y":1}},"TargetSpace":null,"TargetResource":null,"TargetUnit":null,"TargetBuilding":null},"Builds":[],"GarrisonedIn":null,"Stance":3,"InterruptCurrent":false,"AttackBack":true,"TargetPriority":"","ActiveOrders":[{"ID":104,"Kind":0}],"Health":11,"MaxHealth":11},{"InternalID":7,"UnitID":11,"Type":2,"Kind":1,"Location":{"Space":{"X":-4,"Y":3},"Zone":{"X":0,"Y":-1}},"CurrentStamina":23,"CurrentOrder":null,"Builds":[],"GarrisonedIn":null,"Stance":3,"InterruptCurrent":true,"AttackBack":true,"TargetPriority":"","ActiveOrders":null,"Health":11,"MaxHealth":11},{"InternalID":8,"UnitID":11,"Type":2,"Kind":1,"Location":{"Space":{"X":-4,"Y":3},"Zone":{"X":0,"Y":-1}},"CurrentStamina":23,"CurrentOrder":null,"Builds":[],"GarrisonedIn":null,"Stance":3,"InterruptCurrent":true,"AttackBack":true,"TargetPriority":"","ActiveOrders":null,"Health":11,"MaxHealth":11},{"InternalID":9,"UnitID":11,"Type":2,"Kind":1,"Location":{"Space":{"X":-4,"Y":3},"Zone":{"X":0,"Y":-1}},"CurrentStamina":23,"CurrentOrder":null,"Builds":[],"GarrisonedIn":null,"Stance":3,"InterruptCurrent":true,"AttackBack":true,"TargetPriority":"","ActiveOrders":null,"Health":11,"MaxHealth":11},{"InternalID":10,"UnitID":11,"Type":2,"Kind":1,"Location":{"Space":{"X":-4,"Y":3},"Zone":{"X":0,"Y":-1}},"CurrentStamina":23,"CurrentOrder":null,"Builds":[],"GarrisonedIn":null,"Stance":3,"InterruptCurrent":true,"AttackBack":true,"TargetPriority":"","ActiveOrders":null,"Health":11,"MaxHealth":11},{"InternalID":11,"UnitID":11,"Type":2,"Kind":1,"Location":{"Space":{"X":-4,"Y":3},"Zone":{"X":0,"Y":-1}},"CurrentStamina":23,"CurrentOrder":null,"Builds":[],"GarrisonedIn":null,"Stance":3,"InterruptCurrent":true,"AttackBack":true,"TargetPriority":"","ActiveOrders":null,"Health":11,"MaxHealth":11},{"InternalID":12,"UnitID":11,"Type":2,"Kind":1,"Location":{"Space":{"X":-4,"Y":3},"Zone":{"X":0,"Y":-1}},"CurrentStamina":23,"CurrentOrder":null,"Builds":[],"GarrisonedIn":null,"Stance":3,"InterruptCurrent":true,"AttackBack":true,"TargetPriority":"","ActiveOrders":null,"Health":11,"MaxHealth":11},{"InternalID":13,"UnitID":11,"Type":2,"Kind":1,"Location":{"Space":{"X":-4,"Y":3},"Zone":{"X":0,"Y":-1}},"CurrentStamina":23,"CurrentOrder":null,"Builds":[],"GarrisonedIn":null,"Stance":3,"InterruptCurrent":true,"AttackBack":true,"TargetPriority":"","ActiveOrders":null,"Health":11,"MaxHealth":11},{"InternalID":14,"UnitID":11,"Type":2,"Kind":1,"Location":{"Space":{"X":-4,"Y":3},"Zone":{"X":0,"Y":-1}},"CurrentStamina":23,"CurrentOrder":null,"Builds":[],"GarrisonedIn":null,"Stance":3,"InterruptCurrent":true,"AttackBack":true,"TargetPriority":"","ActiveOrders":null,"Health":11,"MaxHealth":11},{"InternalID":15,"UnitID":11,"Type":2,"Kind":1,"Location":{"Space":{"X":-4,"Y":3},"Zone":{"X":0,"Y":-1}},"CurrentStamina":23,"CurrentOrder":null,"Builds":[],"GarrisonedIn":null,"Stance":3,"InterruptCurrent":true,"AttackBack":true,"TargetPriority":"","ActiveOrders":null,"Health":11,"MaxHealth":11},{"InternalID":16,"UnitID":11,"Type":2,"Kind":1,"Location":{"Space":{"X":-4,"Y":3},"Zone":{"X":0,"Y":-1}},"CurrentStamina":23,"CurrentOrder":null,"Builds":[],"GarrisonedIn":null,"Stance":3,"InterruptCurrent":true,"AttackBack":true,"TargetPriority":"","ActiveOrders":null,"Health":11,"MaxHealth":11},{"InternalID":17,"UnitID":12,"Type":2,"Kind":1,"Location":{"Space":{"X":-4,"Y":2},"Zone":{"X":0,"Y":0}},"CurrentStamina":18,"CurrentOrder":null,"Builds":[],"GarrisonedIn":null,"Stance":3,"InterruptCurrent":true,"AttackBack":true,"TargetPriority":"","ActiveOrders":null,"Health":16,"MaxHealth":16},{"InternalID":18,"UnitID":12,"Type":2,"Kind":1,"Location":{"Space":{"X":-4,"Y":2},"Zone":{"X":0,"Y":0}},"CurrentStamina":18,"CurrentOrder":null,"Builds":[],"GarrisonedIn":null,"Stance":3,"InterruptCurrent":true,"AttackBack":true,"TargetPriority":"","ActiveOrders":null,"Health":16,"MaxHealth":16},{"InternalID":19,"UnitID":12,"Type":2,"Kind":1,"Location":{"Space":{"X":-4,"Y":2},"Zone":{"X":0,"Y":0}},"CurrentStamina":18,"CurrentOrder":null,"Builds":[],"GarrisonedIn":null,"Stance":3,"InterruptCurrent":true,"AttackBack":true,"TargetPriority":"","ActiveOrders":null,"Health":16,"MaxHealth":16},{"InternalID":20,"UnitID":12,"Type":2,"Kind":1,"Location":{"Space":{"X":-4,"Y":2},"Zone":{"X":0,"Y":0}},"CurrentStamina":18,"CurrentOrder":null,"Builds":[],"GarrisonedIn":null,"Stance":3,"InterruptCurrent":true,"AttackBack":true,"TargetPriority":"","ActiveOrders":null,"Health":16,"MaxHealth":16},{"InternalID":21,"UnitID":12,"Type":2,"Kind":1,"Location":{"Space":{"X":-4,"Y":2},"Zone":{"X":0,"Y":0}},"CurrentStamina":18,"CurrentOrder":null,"Builds":[],"GarrisonedIn":null,"Stance":3,"InterruptCurrent":true,"AttackBack":true,"TargetPriority":"","ActiveOrders":null,"Health":16,"MaxHealth":16},{"InternalID":22,"UnitID":12,"Type":2,"Kind":1,"Location":{"Space":{"X":-4,"Y":2},"Zone":{"X":0,"Y":0}},"CurrentStamina":18,"CurrentOrder":null,"Builds":[],"GarrisonedIn":null,"Stance":3,"InterruptCurrent":true,"AttackBack":true,"TargetPriority":"","ActiveOrders":null,"Health":16,"MaxHealth":16},{"InternalID":23,"UnitID":12,"Type":2,"Kind":1,"Location":{"Space":{"X":-4,"Y":2},"Zone":{"X":0,"Y":0}},"CurrentStamina":18,"CurrentOrder":null,"Builds":[],"GarrisonedIn":null,"Stance":3,"InterruptCurrent":true,"AttackBack":true,"TargetPriority":"","ActiveOrders":null,"Health":16,"MaxHealth":16},{"InternalID":24,"UnitID":12,"Type":2,"Kind":1,"Location":{"Space":{"X":-4,"Y":2},"Zone":{"X":0,"Y":0}},"CurrentStamina":18,"CurrentOrder":null,"Builds":[],"GarrisonedIn":null,"Stance":3,"InterruptCurrent":true,"AttackBack":true,"TargetPriority":"","ActiveOrders":null,"Health":16,"MaxHealth":16},{"InternalID":25,"UnitID":13,"Type":2,"Kind":1,"Location":{"Space":{"X":-4,"Y":1},"Zone":{"X":0,"Y":-1}},"CurrentStamina":9,"CurrentOrder":null,"Builds":[],"GarrisonedIn":null,"Stance":3,"InterruptCurrent":true,"AttackBack":true,"TargetPriority":"","ActiveOrders":null,"Health":50,"MaxHealth":50},{"InternalID":26,"UnitID":13,"Type":2,"Kind":1,"Location":{"Space":{"X":-4,"Y":1},"Zone":{"X":0,"Y":-1}},"CurrentStamina":9,"CurrentOrder":null,"Builds":[],"GarrisonedIn":null,"Stance":3,"InterruptCurrent":true,"AttackBack":true,"TargetPriority":"","ActiveOrders":null,"Health":50,"MaxHealth":50},{"InternalID":27,"UnitID":13,"Type":2,"Kind":1,"Location":{"Space":{"X":-4,"Y":1},"Zone":{"X":0,"Y":-1}},"CurrentStamina":9,"CurrentOrder":null,"Builds":[],"GarrisonedIn":null,"Stance":3,"InterruptCurrent":true,"AttackBack":true,"TargetPriority":"","ActiveOrders":null,"Health":50,"MaxHealth":50},{"InternalID":28,"UnitID":13,"Type":2,"Kind":1,"Location":{"Space":{"X":-4,"Y":1},"Zone":{"X":0,"Y":-1}},"CurrentStamina":9,"CurrentOrder":null,"Builds":[],"GarrisonedIn":null,"Stance":3,"InterruptCurrent":true,"AttackBack":true,"TargetPriority":"","ActiveOrders":null,"Health":50,"MaxHealth":50},{"InternalID":29,"UnitID":13,"Type":2,"Kind":1,"Location":{"Space":{"X":-4,"Y":1},"Zone":{"X":0,"Y":-1}},"CurrentStamina":9,"CurrentOrder":null,"Builds":[],"GarrisonedIn":null,"Stance":3,"InterruptCurrent":true,"AttackBack":true,"TargetPriority":"","ActiveOrders":null,"Health":50,"MaxHealth":50},{"InternalID":30,"UnitID":13,"Type":2,"Kind":1,"Location":{"Space":{"X":-4,"Y":1},"Zone":{"X":0,"Y":-1}},"CurrentStamina":9,"CurrentOrder":null,"Builds":[],"GarrisonedIn":null,"Stance":3,"InterruptCurrent":true,"AttackBack":true,"TargetPriority":"","ActiveOrders":null,"Health":50,"MaxHealth":50}]}
2026/09/30 21:20:37 ai ai-0: submitting orders [{Subjects:[1] OrderType:2 TargetID:5671 ClearPreviousOrders:true} {Subjects:[2] OrderType:2 TargetID:1485 ClearPreviousOrders:true} {Subjects:[3] OrderType:2 TargetID:5671 ClearPreviousOrders:true} {Subjects:[7] OrderType:2 TargetID:5671 ClearPreviousOrders:true} {Subjects:[8] OrderType:2 TargetID:5671 ClearPreviousOrders:true} {Subjects:[9] OrderType:2 TargetID:5671 ClearPreviousOrders:true} {Subjects:[10] OrderType:2 TargetID:5671 ClearPreviousOrders:true} {Subjects:[11] OrderType:2 TargetID:5671 ClearPreviousOrders:true} {Subjects:[12] OrderType:2 TargetID:5671 ClearPreviousOrders:true} {Subjects:[13] OrderType:2 TargetID:5671 ClearPreviousOrders:true} {Subjects:[14] OrderType:2 TargetID:5671 ClearPreviousOrders:true} {Subjects:[15] OrderType:2 TargetID:5671 ClearPreviousOrders:true} {Subjects:[16] OrderType:2 TargetID:5671 ClearPreviousOrders:true} {Subjects:[17] OrderType:2 TargetID:5671 ClearPreviousOrders:true} {Subjects:[18] OrderType:2 TargetID:5671 ClearPreviousOrders:true} {Subjects:[19] OrderType:2 TargetID:5671 ClearPreviousOrders:true} {Subjects:[20] OrderType:2 TargetID:5671 ClearPreviousOrders:true} {Subjects:[21] OrderType:2 TargetID:5671 ClearPreviousOrders:true} {Subjects:[22] OrderType:2 TargetID:5671 ClearPreviousOrders:true} {Subjects:[23] OrderType:2 TargetID:5671 ClearPreviousOrders:true} {Subjects:[24] OrderType:2 TargetID:5671 ClearPreviousOrders:true} {Subjects:[25] OrderType:2 TargetID:5671 ClearPreviousOrders:true} {Subjects:[26] OrderType:2 TargetID:5671 ClearPreviousOrders:true} {Subjects:[27] OrderType:2 TargetID:5671 ClearPreviousOrders:true} {Subjects:[28] OrderType:2 TargetID:5671 ClearPreviousOrders:true} {Subjects:[29] OrderType:2 TargetID:5671 ClearPreviousOrders:true} {Subjects:[30] OrderType:2 TargetID:5671 ClearPreviousOrders:true}]
2026/09/30 21:20:37 ai ai-0: vars {"B":16,"Hv":6,"Pi":8,"aPowLocal":0,"aThreat":0,"a_engaged":0,"a_odds":1.3,"a_outnumbered":0,"army_target":50,"army_value":3080,"assault":0,"bank_rate":28,"bar_barracks":0.17072129748186085,"bar_redoubt":1.1111111111111112,"barracks":0,"barracks_B":0,"barracks_P":0,"barracks_save":0,"barracks_spend":78.1,"barracks_want":0,"buffer_food":70,"buffer_gold":0,"buffer_stone":0,"buffer_wood":70,"builders":0,"committed":0,"eB":0.7,"eGrowth":0,"eH":0,"eMil":0.7,"eP":0,"ePow":0.7,"ePowEst":0.98,"ePowSeen":0.98,"eTech":1,"eV":0,"es":1.7,"farm_want":0,"farm_wood_short":0,"farming":0,"fire_barracks":0,"fire_farm0":0,"fire_farm1":0,"fire_farm2":0,"fire_house":0,"fire_outpost":0,"fire_redoubt":0,"fire_smith":0,"fire_vc":0,"food_need":0,"food_over":0,"food_rate":0,"food_slots":1000,"food_workers":0,"free_room":20,"go":0,"gold_income":10,"gold_need":0,"gold_rate":0,"gold_surplus":66,"guaranteed":0,"guard_home":0,"headroom":-30,"hire_B":3553.846153846154,"hire_P":5584.615384615385,"homePow":0,"house_builders":0,"house_urgency":0,"house_want":0,"income_proj":0,"left":0,"lf_food":0,"lf_gold":0,"lf_stone":0,"lf_wood":0,"lump_food":0,"lump_gold":0,"lump_stone":0,"lump_wood":0,"maturity":0,"mil":30,"myTech":1,"n_barracks":0,"n_redoubts":0,"needB":19.95486091670646,"needP":0.0451390832935382,"outpost_want":0,"pikes":0,"planned_food":0,"planned_gold":0,"planned_stone":0,"planned_wood":0,"prod_rate":0,"proj_army":3080,"raid_danger":0,"raid_fails":0,"raid_lost":0,"raid_pause":0,"raid_prev":5,"raid_size":4.8,"raid_wiped":0,"rate":6,"redoubt_H":0,"redoubt_gold_ok":0.9600000000000001,"redoubt_save":0,"redoubt_spend":30,"redoubt_want":0,"redoubts":0,"rf_food":0,"rf_gold":0,"rf_stone":0,"rf_wood":0,"sB4":58.42459980124762,"sP4":0.13215992272901422,"scale_l":0,"scale_r":0,"shareH":0.28895612708018154,"smith_want":0,"smiths":0,"spare":0,"spare_food":0.5,"stone_need":0,"stone_rate":0,"tH":26,"target_spend":400,"tech_food":50,"tech_gold":0,"tech_stone":0,"tech_wood":50,"threat_home":0,"turns_left":-300,"u_barracks":0.25491969835793754,"u_redoubt":0.2696923852748361,"unit_spend":120,"vB":2.7647058823529416,"vH":1.1235294117647059,"vP":0.6029411764705882,"vc_want":0,"vcs":0,"vil_goal":50,"vil_rate":0,"vil_stamina":8,"vil_want":0,"vil_want_last":0,"vil_worth_now":0.6,"vils":0,"w_food":0,"w_gold":0,"w_stone":0,"w_wood":0,"wild_workers":0,"wood_need":0,"wood_rate":0,"workers":0}
2026/09/30 21:20:37 player action: set-unit-behavior 0 1 map[internal_ids:[2] interrupt_current:true]
2026/09/30 21:20:37 player action: submit-orders 0 1 map[orders:[{0 [1] 2 5671 true} {0 [2] 2 1485 true} {0 [3] 2 5671 true} {0 [7] 2 5671 true} {0 [8] 2 5671 true} {0 [9] 2 5671 true} {0 [10] 2 5671 true} {0 [11] 2 5671 true} {0 [12] 2 5671 true} {0 [13] 2 5671 true} {0 [14] 2 5671 true} {0 [15] 2 5671 true} {0 [16] 2 5671 true} {0 [17] 2 5671 true} {0 [18] 2 5671 true} {0 [19] 2 5671 true} {0 [20] 2 5671 true} {0 [21] 2 5671 true} {0 [22] 2 5671 true} {0 [23] 2 5671 true} {0 [24] 2 5671 true} {0 [25] 2 5671 true} {0 [26] 2 5671 true} {0 [27] 2 5671 true} {0 [28] 2 5671 true} {0 [29] 2 5671 true} {0 [30] 2 5671 true}]]
2026/09/30 21:20:37 Executing submit orders for: 0 [{0 [1] 2 5671 true} {0 [2] 2 1485 true} {0 [3] 2 5671 true} {0 [7] 2 5671 true} {0 [8] 2 5671 true} {0 [9] 2 5671 true} {0 [10] 2 5671 true} {0 [11] 2 5671 true} {0 [12] 2 5671 true} {0 [13] 2 5671 true} {0 [14] 2 5671 true} {0 [15] 2 5671 true} {0 [16] 2 5671 true} {0 [17] 2 5671 true} {0 [18] 2 5671 true} {0 [19] 2 5671 true} {0 [20] 2 5671 true} {0 [21] 2 5671 true} {0 [22] 2 5671 true} {0 [23] 2 5671 true} {0 [24] 2 5671 true} {0 [25] 2 5671 true} {0 [26] 2 5671 true} {0 [27] 2 5671 true} {0 [28] 2 5671 true} {0 [29] 2 5671 true} {0 [30] 2 5671 true}]
2026/09/30 21:20:37 Resolving active orders
2026/09/30 21:20:37 Moving unit 7 Blunt Infantry to zone(1, -1) in space (-4, 3) tick=1
2026/09/30 21:20:37 Moving unit 19 Piercing Infantry to zone(1, 0) in space (-4, 2) tick=1
2026/09/30 21:20:37 Moving unit 22 Piercing Infantry to zone(1, 0) in space (-4, 2) tick=1
2026/09/30 21:20:37 Moving unit 29 Heavy Infantry to zone(0, 0) in space (-4, 1) tick=1
2026/09/30 21:20:37 Moving unit 21 Piercing Infantry to zone(1, 0) in space (-4, 2) tick=1
2026/09/30 21:20:37 Moving unit 8 Blunt Infantry to zone(1, -1) in space (-4, 3) tick=1
2026/09/30 21:20:37 Moving unit 11 Blunt Infantry to zone(1, -1) in space (-4, 3) tick=1
2026/09/30 21:20:37 Moving unit 12 Blunt Infantry to zone(1, -1) in space (-4, 3) tick=1
2026/09/30 21:20:37 Moving unit 13 Blunt Infantry to zone(1, -1) in space (-4, 3) tick=1
2026/09/30 21:20:37 Moving unit 16 Blunt Infantry to zone(1, -1) in space (-4, 3) tick=1
2026/09/30 21:20:37 Moving unit 30 Heavy Infantry to zone(0, 0) in space (-4, 1) tick=1
2026/09/30 21:20:37 Moving unit 3 Blunt Infantry to zone(-1, 0) in space (-3, 3) tick=1
2026/09/30 21:20:37 Moving unit 5 Blunt Infantry to zone(1, 0) in space (-4, 2) tick=1
2026/09/30 21:20:37 Moving unit 18 Piercing Infantry to zone(1, 0) in space (-4, 2) tick=1
2026/09/30 21:20:37 Moving unit 23 Piercing Infantry to zone(1, 0) in space (-4, 2) tick=1
2026/09/30 21:20:37 Moving unit 25 Heavy Infantry to zone(0, 0) in space (-4, 1) tick=1
2026/09/30 21:20:37 Moving unit 26 Heavy Infantry to zone(0, 0) in space (-4, 1) tick=1
2026/09/30 21:20:37 Moving unit 28 Heavy Infantry to zone(0, 0) in space (-4, 1) tick=1
2026/09/30 21:20:37 Moving unit 6 Blunt Infantry to zone(1, -1) in space (0, 0) tick=1
2026/09/30 21:20:37 Moving unit 24 Piercing Infantry to zone(1, 0) in space (-4, 2) tick=1
2026/09/30 21:20:37 Moving unit 27 Heavy Infantry to zone(0, 0) in space (-4, 1) tick=1
2026/09/30 21:20:37 Moving unit 2 Blunt Infantry to zone(1, -1) in space (-4, 3) tick=1
2026/09/30 21:20:37 Moving unit 10 Blunt Infantry to zone(1, -1) in space (-4, 3) tick=1
2026/09/30 21:20:37 Moving unit 20 Piercing Infantry to zone(1, 0) in space (-4, 2) tick=1
2026/09/30 21:20:37 Moving unit 1 Blunt Infantry to zone(1, -1) in space (-4, 3) tick=1
2026/09/30 21:20:37 Moving unit 4 Blunt Infantry to zone(-1, 0) in space (-3, 2) tick=1
2026/09/30 21:20:37 Moving unit 15 Blunt Infantry to zone(1, -1) in space (-4, 3) tick=1
2026/09/30 21:20:37 Moving unit 9 Blunt Infantry to zone(1, -1) in space (-4, 3) tick=1
2026/09/30 21:20:37 Moving unit 17 Piercing Infantry to zone(1, 0) in space (-4, 2) tick=1
2026/09/30 21:20:37 Moving unit 14 Blunt Infantry to zone(1, -1) in space (-4, 3) tick=1
2026/09/30 21:20:37 Moving unit 32 Blunt Infantry to zone(0, -1) in space (0, 3) tick=1
2026/09/30 21:20:37 state_hash turn=6 tick=1 hash=33f6d01efdfb348a
2026/09/30 21:20:37 Moving unit 15 Blunt Infantry to zone(-1, 1) in space (-3, 2) tick=2
2026/09/30 21:20:37 Moving unit 9 Blunt Infantry to zone(-1, 1) in space (-3, 2) tick=2
2026/09/30 21:20:37 Moving unit 17 Piercing Infantry to zone(-1, 0) in space (-3, 2) tick=2
2026/09/30 21:20:37 Moving unit 14 Blunt Infantry to zone(-1, 1) in space (-3, 2) tick=2
2026/09/30 21:20:37 Moving unit 7 Blunt Infantry to zone(-1, 1) in space (-3, 2) tick=2
2026/09/30 21:20:37 Moving unit 19 Piercing Infantry to zone(-1, 0) in space (-3, 2) tick=2
2026/09/30 21:20:37 Moving unit 22 Piercing Infantry to zone(-1, 0) in space (-3, 2) tick=2
2026/09/30 21:20:37 Moving unit 29 Heavy Infantry to zone(1, 0) in space (-4, 1) tick=2
2026/09/30 21:20:37 Moving unit 21 Piercing Infantry to zone(-1, 0) in space (-3, 2) tick=2
2026/09/30 21:20:37 Moving unit 8 Blunt Infantry to zone(-1, 1) in space (-3, 2) tick=2
2026/09/30 21:20:37 Moving unit 11 Blunt Infantry to zone(-1, 1) in space (-3, 2) tick=2
2026/09/30 21:20:37 Moving unit 12 Blunt Infantry to zone(-1, 1) in space (-3, 2) tick=2
2026/09/30 21:20:37 Moving unit 13 Blunt Infantry to zone(-1, 1) in space (-3, 2) tick=2
2026/09/30 21:20:37 Moving unit 16 Blunt Infantry to zone(-1, 1) in space (-3, 2) tick=2
2026/09/30 21:20:37 Moving unit 30 Heavy Infantry to zone(1, 0) in space (-4, 1) tick=2
2026/09/30 21:20:37 Moving unit 3 Blunt Infantry to zone(0, 0) in space (-3, 3) tick=2
2026/09/30 21:20:37 Moving unit 5 Blunt Infantry to zone(0, 1) in space (-4, 2) tick=2
2026/09/30 21:20:37 Moving unit 18 Piercing Infantry to zone(-1, 0) in space (-3, 2) tick=2
2026/09/30 21:20:37 Moving unit 23 Piercing Infantry to zone(-1, 0) in space (-3, 2) tick=2
2026/09/30 21:20:37 Moving unit 25 Heavy Infantry to zone(1, 0) in space (-4, 1) tick=2
2026/09/30 21:20:37 Moving unit 26 Heavy Infantry to zone(1, 0) in space (-4, 1) tick=2
2026/09/30 21:20:37 Moving unit 28 Heavy Infantry to zone(1, 0) in space (-4, 1) tick=2
2026/09/30 21:20:37 Moving unit 6 Blunt Infantry to zone(0, 0) in space (0, 0) tick=2
2026/09/30 21:20:37 Moving unit 24 Piercing Infantry to zone(-1, 0) in space (-3, 2) tick=2
2026/09/30 21:20:37 Moving unit 27 Heavy Infantry to zone(1, 0) in space (-4, 1) tick=2
2026/09/30 21:20:37 Moving unit 2 Blunt Infantry to zone(-1, 1) in space (-3, 2) tick=2
2026/09/30 21:20:37 Moving unit 10 Blunt Infantry to zone(-1, 1) in space (-3, 2) tick=2
2026/09/30 21:20:37 Moving unit 20 Piercing Infantry to zone(-1, 0) in space (-3, 2) tick=2
2026/09/30 21:20:37 Moving unit 1 Blunt Infantry to zone(-1, 1) in space (-3, 2) tick=2
2026/09/30 21:20:37 Moving unit 4 Blunt Infantry to zone(1, 0) in space (-4, 2) tick=2
2026/09/30 21:20:37 Moving unit 32 Blunt Infantry to zone(0, 1) in space (0, 2) tick=2
2026/09/30 21:20:37 state_hash turn=6 tick=2 hash=7cfa6d4bb734ace4
2026/09/30 21:20:37 Moving unit 26 Heavy Infantry to zone(-1, 0) in space (-3, 1) tick=3
2026/09/30 21:20:37 Moving unit 28 Heavy Infantry to zone(-1, 0) in space (-3, 1) tick=3
2026/09/30 21:20:37 Moving unit 6 Blunt Infantry to zone(-1, 1) in space (0, 0) tick=3
2026/09/30 21:20:37 Moving unit 24 Piercing Infantry to zone(0, 0) in space (-3, 2) tick=3
2026/09/30 21:20:37 Moving unit 27 Heavy Infantry to zone(-1, 0) in space (-3, 1) tick=3
2026/09/30 21:20:37 Moving unit 2 Blunt Infantry to zone(0, 0) in space (-3, 2) tick=3
2026/09/30 21:20:37 Moving unit 10 Blunt Infantry to zone(0, 0) in space (-3, 2) tick=3
2026/09/30 21:20:37 Moving unit 20 Piercing Infantry to zone(0, 0) in space (-3, 2) tick=3
2026/09/30 21:20:37 Moving unit 1 Blunt Infantry to zone(0, 0) in space (-3, 2) tick=3
2026/09/30 21:20:37 Moving unit 4 Blunt Infantry to zone(0, 1) in space (-4, 2) tick=3
2026/09/30 21:20:37 Moving unit 15 Blunt Infantry to zone(0, 0) in space (-3, 2) tick=3
2026/09/30 21:20:37 Moving unit 9 Blunt Infantry to zone(0, 0) in space (-3, 2) tick=3
2026/09/30 21:20:37 Moving unit 17 Piercing Infantry to zone(0, 0) in space (-3, 2) tick=3
2026/09/30 21:20:37 Moving unit 14 Blunt Infantry to zone(0, 0) in space (-3, 2) tick=3
2026/09/30 21:20:37 Moving unit 7 Blunt Infantry to zone(0, 0) in space (-3, 2) tick=3
2026/09/30 21:20:37 Moving unit 19 Piercing Infantry to zone(0, 0) in space (-3, 2) tick=3
2026/09/30 21:20:37 Moving unit 22 Piercing Infantry to zone(0, 0) in space (-3, 2) tick=3
2026/09/30 21:20:37 Moving unit 29 Heavy Infantry to zone(-1, 0) in space (-3, 1) tick=3
2026/09/30 21:20:37 Moving unit 21 Piercing Infantry to zone(0, 0) in space (-3, 2) tick=3
2026/09/30 21:20:37 Moving unit 8 Blunt Infantry to zone(0, 0) in space (-3, 2) tick=3
2026/09/30 21:20:37 Moving unit 11 Blunt Infantry to zone(0, 0) in space (-3, 2) tick=3
2026/09/30 21:20:37 Moving unit 12 Blunt Infantry to zone(0, 0) in space (-3, 2) tick=3
2026/09/30 21:20:37 Moving unit 13 Blunt Infantry to zone(0, 0) in space (-3, 2) tick=3
2026/09/30 21:20:37 Moving unit 16 Blunt Infantry to zone(0, 0) in space (-3, 2) tick=3
2026/09/30 21:20:37 Moving unit 30 Heavy Infantry to zone(-1, 0) in space (-3, 1) tick=3
2026/09/30 21:20:37 Moving unit 3 Blunt Infantry to zone(1, 0) in space (-3, 3) tick=3
2026/09/30 21:20:37 Moving unit 18 Piercing Infantry to zone(0, 0) in space (-3, 2) tick=3
2026/09/30 21:20:37 Moving unit 23 Piercing Infantry to zone(0, 0) in space (-3, 2) tick=3
2026/09/30 21:20:37 Moving unit 25 Heavy Infantry to zone(-1, 0) in space (-3, 1) tick=3
2026/09/30 21:20:37 Moving unit 32 Blunt Infantry to zone(0, 0) in space (0, 2) tick=3
2026/09/30 21:20:37 state_hash turn=6 tick=3 hash=43ded5f7c2a16af5
2026/09/30 21:20:37 Moving unit 2 Blunt Infantry to zone(1, 0) in space (-3, 2) tick=4
2026/09/30 21:20:37 Moving unit 10 Blunt Infantry to zone(1, 0) in space (-3, 2) tick=4
2026/09/30 21:20:37 Moving unit 20 Piercing Infantry to zone(1, 0) in space (-3, 2) tick=4
2026/09/30 21:20:37 Moving unit 1 Blunt Infantry to zone(1, 0) in space (-3, 2) tick=4
2026/09/30 21:20:37 Moving unit 15 Blunt Infantry to zone(1, 0) in space (-3, 2) tick=4
2026/09/30 21:20:37 Moving unit 9 Blunt Infantry to zone(1, 0) in space (-3, 2) tick=4
2026/09/30 21:20:37 Moving unit 17 Piercing Infantry to zone(1, 0) in space (-3, 2) tick=4
2026/09/30 21:20:37 Moving unit 14 Blunt Infantry to zone(1, 0) in space (-3, 2) tick=4
2026/09/30 21:20:37 Moving unit 7 Blunt Infantry to zone(1, 0) in space (-3, 2) tick=4
2026/09/30 21:20:37 Moving unit 19 Piercing Infantry to zone(1, 0) in space (-3, 2) tick=4
2026/09/30 21:20:37 Moving unit 22 Piercing Infantry to zone(1, 0) in space (-3, 2) tick=4
2026/09/30 21:20:37 Moving unit 29 Heavy Infantry to zone(0, 0) in space (-3, 1) tick=4
2026/09/30 21:20:37 Moving unit 21 Piercing Infantry to zone(1, 0) in space (-3, 2) tick=4
2026/09/30 21:20:37 Moving unit 8 Blunt Infantry to zone(1, 0) in space (-3, 2) tick=4
2026/09/30 21:20:37 Moving unit 11 Blunt Infantry to zone(1, 0) in space (-3, 2) tick=4
2026/09/30 21:20:37 Moving unit 12 Blunt Infantry to zone(1, 0) in space (-3, 2) tick=4
2026/09/30 21:20:37 Moving unit 13 Blunt Infantry to zone(1, 0) in space (-3, 2) tick=4
2026/09/30 21:20:37 Moving unit 16 Blunt Infantry to zone(1, 0) in space (-3, 2) tick=4
2026/09/30 21:20:37 Moving unit 30 Heavy Infantry to zone(0, 0) in space (-3, 1) tick=4
2026/09/30 21:20:37 Moving unit 18 Piercing Infantry to zone(1, 0) in space (-3, 2) tick=4
2026/09/30 21:20:37 Moving unit 23 Piercing Infantry to zone(1, 0) in space (-3, 2) tick=4
2026/09/30 21:20:37 Moving unit 25 Heavy Infantry to zone(0, 0) in space (-3, 1) tick=4
2026/09/30 21:20:37 Moving unit 26 Heavy Infantry to zone(0, 0) in space (-3, 1) tick=4
2026/09/30 21:20:37 Moving unit 28 Heavy Infantry to zone(0, 0) in space (-3, 1) tick=4
2026/09/30 21:20:37 Moving unit 6 Blunt Infantry to zone(1, -1) in space (-1, 1) tick=4
2026/09/30 21:20:37 Moving unit 24 Piercing Infantry to zone(1, 0) in space (-3, 2) tick=4
2026/09/30 21:20:37 Moving unit 27 Heavy Infantry to zone(0, 0) in space (-3, 1) tick=4
2026/09/30 21:20:37 Moving unit 32 Blunt Infantry to zone(0, -1) in space (0, 2) tick=4
2026/09/30 21:20:37 state_hash turn=6 tick=4 hash=5b2fe92f3eb34744
2026/09/30 21:20:37 Moving unit 14 Blunt Infantry to zone(-1, 0) in space (-2, 2) tick=5
2026/09/30 21:20:37 Moving unit 7 Blunt Infantry to zone(-1, 0) in space (-2, 2) tick=5
2026/09/30 21:20:37 Moving unit 19 Piercing Infantry to zone(-1, 0) in space (-2, 2) tick=5
2026/09/30 21:20:37 Moving unit 22 Piercing Infantry to zone(-1, 0) in space (-2, 2) tick=5
2026/09/30 21:20:37 Moving unit 21 Piercing Infantry to zone(-1, 0) in space (-2, 2) tick=5
2026/09/30 21:20:37 Moving unit 8 Blunt Infantry to zone(-1, 0) in space (-2, 2) tick=5
2026/09/30 21:20:37 Moving unit 11 Blunt Infantry to zone(-1, 0) in space (-2, 2) tick=5
2026/09/30 21:20:37 Moving unit 12 Blunt Infantry to zone(-1, 0) in space (-2, 2) tick=5
2026/09/30 21:20:37 Moving unit 13 Blunt Infantry to zone(-1, 0) in space (-2, 2) tick=5
2026/09/30 21:20:37 Moving unit 16 Blunt Infantry to zone(-1, 0) in space (-2, 2) tick=5
2026/09/30 21:20:37 Moving unit 18 Piercing Infantry to zone(-1, 0) in space (-2, 2) tick=5
2026/09/30 21:20:37 Moving unit 23 Piercing Infantry to zone(-1, 0) in space (-2, 2) tick=5
2026/09/30 21:20:37 Moving unit 6 Blunt Infantry to zone(0, 0) in space (-1, 1) tick=5
2026/09/30 21:20:37 Moving unit 24 Piercing Infantry to zone(-1, 0) in space (-2, 2) tick=5
2026/09/30 21:20:37 Moving unit 2 Blunt Infantry to zone(-1, 0) in space (-2, 2) tick=5
2026/09/30 21:20:37 Moving unit 10 Blunt Infantry to zone(-1, 0) in space (-2, 2) tick=5
2026/09/30 21:20:37 Moving unit 20 Piercing Infantry to zone(-1, 0) in space (-2, 2) tick=5
2026/09/30 21:20:37 Moving unit 1 Blunt Infantry to zone(-1, 0) in space (-2, 2) tick=5
2026/09/30 21:20:37 Moving unit 15 Blunt Infantry to zone(-1, 0) in space (-2, 2) tick=5
2026/09/30 21:20:37 Moving unit 9 Blunt Infantry to zone(-1, 0) in space (-2, 2) tick=5
2026/09/30 21:20:37 Moving unit 17 Piercing Infantry to zone(-1, 0) in space (-2, 2) tick=5
2026/09/30 21:20:37 Moving unit 32 Blunt Infantry to zone(0, 1) in space (0, 1) tick=5
2026/09/30 21:20:37 state_hash turn=6 tick=5 hash=63f815bcca7f20be
2026/09/30 21:20:37 Moving unit 21 Piercing Infantry to zone(0, 0) in space (-2, 2) tick=6
2026/09/30 21:20:37 Moving unit 8 Blunt Infantry to zone(0, 0) in space (-2, 2) tick=6
2026/09/30 21:20:37 Moving unit 11 Blunt Infantry to zone(0, 0) in space (-2, 2) tick=6
2026/09/30 21:20:37 Moving unit 12 Blunt Infantry to zone(0, 0) in space (-2, 2) tick=6
2026/09/30 21:20:37 Moving unit 13 Blunt Infantry to zone(0, 0) in space (-2, 2) tick=6
2026/09/30 21:20:37 Moving unit 16 Blunt Infantry to zone(0, 0) in space (-2, 2) tick=6
2026/09/30 21:20:37 Moving unit 18 Piercing Infantry to zone(0, 0) in space (-2, 2) tick=6
2026/09/30 21:20:37 Moving unit 23 Piercing Infantry to zone(0, 0) in space (-2, 2) tick=6
2026/09/30 21:20:37 Moving unit 24 Piercing Infantry to zone(0, 0) in space (-2, 2) tick=6
2026/09/30 21:20:37 Moving unit 2 Blunt Infantry to zone(0, 0) in space (-2, 2) tick=6
2026/09/30 21:20:37 Moving unit 10 Blunt Infantry to zone(0, 0) in space (-2, 2) tick=6
2026/09/30 21:20:37 Moving unit 20 Piercing Infantry to zone(0, 0) in space (-2, 2) tick=6
2026/09/30 21:20:37 Moving unit 1 Blunt Infantry to zone(0, 0) in space (-2, 2) tick=6
2026/09/30 21:20:37 Moving unit 15 Blunt Infantry to zone(0, 0) in space (-2, 2) tick=6
2026/09/30 21:20:37 Moving unit 9 Blunt Infantry to zone(0, 0) in space (-2, 2) tick=6
2026/09/30 21:20:37 Moving unit 17 Piercing Infantry to zone(0, 0) in space (-2, 2) tick=6
2026/09/30 21:20:37 Moving unit 14 Blunt Infantry to zone(0, 0) in space (-2, 2) tick=6
2026/09/30 21:20:37 Moving unit 7 Blunt Infantry to zone(0, 0) in space (-2, 2) tick=6
2026/09/30 21:20:37 Moving unit 19 Piercing Infantry to zone(0, 0) in space (-2, 2) tick=6
2026/09/30 21:20:37 Moving unit 22 Piercing Infantry to zone(0, 0) in space (-2, 2) tick=6
2026/09/30 21:20:37 Moving unit 32 Blunt Infantry to zone(0, 0) in space (0, 1) tick=6
2026/09/30 21:20:37 state_hash turn=6 tick=6 hash=78c63feeeff2384f
2026/09/30 21:20:37 Moving unit 2 Blunt Infantry to zone(1, 0) in space (-2, 2) tick=7
2026/09/30 21:20:37 Moving unit 10 Blunt Infantry to zone(1, 0) in space (-2, 2) tick=7
2026/09/30 21:20:37 Moving unit 20 Piercing Infantry to zone(1, 0) in space (-2, 2) tick=7
2026/09/30 21:20:37 Moving unit 1 Blunt Infantry to zone(1, 0) in space (-2, 2) tick=7
2026/09/30 21:20:37 Moving unit 15 Blunt Infantry to zone(1, 0) in space (-2, 2) tick=7
2026/09/30 21:20:37 Moving unit 9 Blunt Infantry to zone(1, 0) in space (-2, 2) tick=7
2026/09/30 21:20:37 Moving unit 17 Piercing Infantry to zone(1, 0) in space (-2, 2) tick=7
2026/09/30 21:20:37 Moving unit 14 Blunt Infantry to zone(1, 0) in space (-2, 2) tick=7
2026/09/30 21:20:37 Moving unit 7 Blunt Infantry to zone(1, 0) in space (-2, 2) tick=7
2026/09/30 21:20:37 Moving unit 19 Piercing Infantry to zone(1, 0) in space (-2, 2) tick=7
2026/09/30 21:20:37 Moving unit 22 Piercing Infantry to zone(1, 0) in space (-2, 2) tick=7
2026/09/30 21:20:37 Moving unit 21 Piercing Infantry to zone(1, 0) in space (-2, 2) tick=7
2026/09/30 21:20:37 Moving unit 8 Blunt Infantry to zone(1, 0) in space (-2, 2) tick=7
2026/09/30 21:20:37 Moving unit 11 Blunt Infantry to zone(1, 0) in space (-2, 2) tick=7
2026/09/30 21:20:37 Moving unit 12 Blunt Infantry to zone(1, 0) in space (-2, 2) tick=7
2026/09/30 21:20:37 Moving unit 13 Blunt Infantry to zone(1, 0) in space (-2, 2) tick=7
2026/09/30 21:20:37 Moving unit 16 Blunt Infantry to zone(1, 0) in space (-2, 2) tick=7
2026/09/30 21:20:37 Moving unit 18 Piercing Infantry to zone(1, 0) in space (-2, 2) tick=7
2026/09/30 21:20:37 Moving unit 23 Piercing Infantry to zone(1, 0) in space (-2, 2) tick=7
2026/09/30 21:20:37 Moving unit 24 Piercing Infantry to zone(1, 0) in space (-2, 2) tick=7
2026/09/30 21:20:37 state_hash turn=6 tick=7 hash=4028ab0a2dcc9e06
2026/09/30 21:20:37 state_hash turn=6 tick=end hash=935078ce23f59509
2026/09/30 21:20:37 ai ai-1: new turn data {"buildings":[],"enemy_buildings":[],"enemy_units":[],"foundations":[],"population":{"current":29,"limit":0},"resources":{"food":200,"gold":22,"stone":100,"wood":200},"spaces":[{"Space":{"X":0,"Y":-4},"Vision":0,"Owner":-1},{"Space":{"X":1,"Y":-4},"Vision":0,"Owner":-1},{"Space":{"X":2,"Y":-4},"Vision":0,"Owner":-1},{"Space":{"X":3,"Y":-4},"Vision":0,"Owner":-1},{"Space":{"X":4,"Y":-4},"Vision":0,"Owner":-1},{"Space":{"X":-1,"Y":-3},"Vision":0,"Owner":-1},{"Space":{"X":0,"Y":-3},"Vision":0,"Owner":-1},{"Space":{"X":1,"Y":-3},"Vision":0,"Owner":-1},{"Space":{"X":2,"Y":-3},"Vision":0,"Owner":-1},{"Space":{"X":3,"Y":-3},"Vision":0,"Owner":-1},{"Space":{"X":4,"Y":-3},"Vision":0,"Owner":-1},{"Space":{"X":-2,"Y":-2},"Vision":0,"Owner":-1},{"Space":{"X":-1,"Y":-2},"Vision":0,"Owner":-1},{"Space":{"X":0,"Y":-2},"Vision":0,"Owner":-1},{"Space":{"X":1,"Y":-2},"Vision":0,"Owner":-1},{"Space":{"X":2,"Y":-2},"Vision":0,"Owner":-1},{"Space":{"X":3,"Y":-2},"Vision":0,"Owner":-1},{"Space":{"X":4,"Y":-2},"Vision":0,"Owner":-1},{"Space":{"X":-3,"Y":-1},"Vision":0,"Owner":-1},{"Space":{"X":-2,"Y":-1},"Vision":0,"Owner":-1},{"Space":{"X":-1,"Y":-1},"Vision":0,"Owner":-1},{"Space":{"X":0,"Y":-1},"Vision":0,"Owner":-1},{"Space":{"X":1,"Y":-1},"Vision":0,"Owner":-1},{"Space":{"X":2,"Y":-1},"Vision":0,"Owner":-1},{"Space":{"X":3,"Y":-1},"Vision":0,"Owner":-1},{"Space":{"X":4,"Y":-1},"Vision":0,"Owner":-1},{"Space":{"X":-4,"Y":0},"Vision":0,"Owner":-1},{"Space":{"X":-3,"Y":0},"Vision":0,"Owner":-1},{"Space":{"X":-2,"Y":0},"Vision":0,"Owner":-1},{"Space":{"X":-1,"Y":0},"Vision":0,"Owner":-1},{"Space":{"X":0,"Y":0},"Vision":2,"Owner":-1},{"Space":{"X":1,"Y":0},"Vision":2,"Owner":-1},{"Space":{"X":2,"Y":0},"Vision":0,"Owner":-1},{"Space":{"X":3,"Y":0},"Vision":0,"Owner":-1},{"Space":{"X":4,"Y":0},"Vision":0,"Owner":-1},{"Space":{"X":-4,"Y":1},"Vision":0,"Owner":-1},{"Space":{"X":-3,"Y":1},"Vision":0,"Owner":-1},{"Space":{"X":-2,"Y":1},"Vision":0,"Owner":-1},{"Space":{"X":-1,"Y":1},"Vision":2,"Owner":0},{"Space":{"X":0,"Y":1},"Vision":3,"Owner":1},{"Space":{"X":1,"Y":1},"Vision":2,"Owner":-1},{"Space":{"X":2,"Y":1},"Vision":0,"Owner":-1},{"Space":{"X":3,"Y":1},"Vision":0,"Owner":-1},{"Space":{"X":-4,"Y":2},"Vision":1,"Owner":0},{"Space":{"X":-3,"Y":2},"Vision":1,"Owner":0},{"Space":{"X":-2,"Y":2},"Vision":1,"Owner":-1},{"Space":{"X":-1,"Y":2},"Vision":2,"Owner":-1},{"Space":{"X":0,"Y":2},"Vision":2,"Owner":-1},{"Space":{"X":1,"Y":2},"Vision":2,"Owner":-1},{"Space":{"X":2,"Y":2},"Vision":0,"Owner":-1},{"Space":{"X":-4,"Y":3},"Vision":1,"Owner":0},{"Space":{"X":-3,"Y":3},"Vision":1,"Owner":-1},{"Space":{"X":-2,"Y":3},"Vision":1,"Owner":0},{"Space":{"X":-1,"Y":3},"Vision":2,"Owner":-1},{"Space":{"X":0,"Y":3},"Vision":3,"Owner":1},{"Space":{"X":1,"Y":3},"Vision":2,"Owner":-1},{"Space":{"X":-4,"Y":4},"Vision":1,"Owner":-1},{"Space":{"X":-3,"Y":4},"Vision":1,"Owner":-1},{"Space":{"X":-2,"Y":4},"Vision":1,"Owner":-1},{"Space":{"X":-1,"Y":4},"Vision":2,"Owner":-1},{"Space":{"X":0,"Y":4},"Vision":2,"Owner":-1}],"units":[{"InternalID":32,"UnitID":11,"Type":2,"Kind":1,"Location":{"Space":{"X":0,"Y":1},"Zone":{"X":0,"Y":0}},"CurrentStamina":22,"CurrentOrder":null,"Builds":[],"GarrisonedIn":null,"Stance":3,"InterruptCurrent":false,"AttackBack":true,"TargetPriority":"","ActiveOrders":null,"Health":11,"MaxHealth":11},{"InternalID":33,"UnitID":11,"Type":2,"Kind":1,"Location":{"Space":{"X":0,"Y":3},"Zone":{"X":0,"Y":0}},"CurrentStamina":23,"CurrentOrder":null,"Builds":[],"GarrisonedIn":null,"Stance":3,"InterruptCurrent":false,"AttackBack":true,"TargetPriority":"","ActiveOrders":null,"Health":11,"MaxHealth":11},{"InternalID":34,"UnitID":11,"Type":2,"Kind":1,"Location":{"Space":{"X":0,"Y":3},"Zone":{"X":0,"Y":0}},"CurrentStamina":23,"CurrentOrder":null,"Builds":[],"GarrisonedIn":null,"Stance":3,"InterruptCurrent":false,"AttackBack":true,"TargetPriority":"","ActiveOrders":null,"Health":11,"MaxHealth":11},{"InternalID":35,"UnitID":11,"Type":2,"Kind":1,"Location":{"Space":{"X":0,"Y":3},"Zone":{"X":0,"Y":0}},"CurrentStamina":23,"CurrentOrder":null,"Builds":[],"GarrisonedIn":null,"Stance":3,"InterruptCurrent":false,"AttackBack":true,"TargetPriority":"","ActiveOrders":null,"Health":11,"MaxHealth":11},{"InternalID":36,"UnitID":11,"Type":2,"Kind":1,"Location":{"Space":{"X":0,"Y":3},"Zone":{"X":0,"Y":0}},"CurrentStamina":23,"CurrentOrder":null,"Builds":[],"GarrisonedIn":null,"Stance":3,"InterruptCurrent":false,"AttackBack":true,"TargetPriority":"","ActiveOrders":null,"Health":11,"MaxHealth":11},{"InternalID":37,"UnitID":11,"Type":2,"Kind":1,"Location":{"Space":{"X":0,"Y":3},"Zone":{"X":0,"Y":0}},"CurrentStamina":23,"CurrentOrder":null,"Builds":[],"GarrisonedIn":null,"Stance":3,"InterruptCurrent":false,"AttackBack":true,"TargetPriority":"","ActiveOrders":null,"Health":11,"MaxHealth":11},{"InternalID":38,"UnitID":11,"Type":2,"Kind":1,"Location":{"Space":{"X":0,"Y":3},"Zone":{"X":0,"Y":0}},"CurrentStamina":23,"CurrentOrder":null,"Builds":[],"GarrisonedIn":null,"Stance":3,"InterruptCurrent":false,"AttackBack":true,"TargetPriority":"","ActiveOrders":null,"Health":11,"MaxHealth":11},{"InternalID":39,"UnitID":11,"Type":2,"Kind":1,"Location":{"Space":{"X":0,"Y":3},"Zone":{"X":0,"Y":0}},"CurrentStamina":23,"CurrentOrder":null,"Builds":[],"GarrisonedIn":null,"Stance":3,"InterruptCurrent":false,"AttackBack":true,"TargetPriority":"","ActiveOrders":null,"Health":11,"MaxHealth":11},{"InternalID":40,"UnitID":11,"Type":2,"Kind":1,"Location":{"Space":{"X":0,"Y":3},"Zone":{"X":0,"Y":0}},"CurrentStamina":23,"CurrentOrder":null,"Builds":[],"GarrisonedIn":null,"Stance":3,"InterruptCurrent":false,"AttackBack":true,"TargetPriority":"","ActiveOrders":null,"Health":11,"MaxHealth":11},{"InternalID":41,"UnitID":11,"Type":2,"Kind":1,"Location":{"Space":{"X":0,"Y":3},"Zone":{"X":0,"Y":0}},"CurrentStamina":23,"CurrentOrder":null,"Builds":[],"GarrisonedIn":null,"Stance":3,"InterruptCurrent":false,"AttackBack":true,"TargetPriority":"","ActiveOrders":null,"Health":11,"MaxHealth":11},{"InternalID":42,"UnitID":11,"Type":2,"Kind":1,"Location":{"Space":{"X":0,"Y":3},"Zone":{"X":0,"Y":0}},"CurrentStamina":23,"CurrentOrder":null,"Builds":[],"GarrisonedIn":null,"Stance":3,"InterruptCurrent":false,"AttackBack":true,"TargetPriority":"","ActiveOrders":null,"Health":11,"MaxHealth":11},{"InternalID":43,"UnitID":11,"Type":2,"Kind":1,"Location":{"Space":{"X":0,"Y":3},"Zone":{"X":0,"Y":0}},"CurrentStamina":23,"CurrentOrder":null,"Builds":[],"GarrisonedIn":null,"Stance":3,"InterruptCurrent":false,"AttackBack":true,"TargetPriority":"","ActiveOrders":null,"Health":11,"MaxHealth":11},{"InternalID":44,"UnitID":11,"Type":2,"Kind":1,"Location":{"Space":{"X":0,"Y":3},"Zone":{"X":0,"Y":0}},"CurrentStamina":23,"CurrentOrder":null,"Builds":[],"GarrisonedIn":null,"Stance":3,"InterruptCurrent":false,"AttackBack":true,"TargetPriority":"","ActiveOrders":null,"Health":11,"MaxHealth":11},{"InternalID":45,"UnitID":11,"Type":2,"Kind":1,"Location":{"Space":{"X":0,"Y":3},"Zone":{"X":0,"Y":0}},"CurrentStamina":23,"CurrentOrder":null,"Builds":[],"GarrisonedIn":null,"Stance":3,"InterruptCurrent":false,"AttackBack":true,"TargetPriority":"","ActiveOrders":null,"Health":11,"MaxHealth":11},{"InternalID":46,"UnitID":11,"Type":2,"Kind":1,"Location":{"Space":{"X":0,"Y":3},"Zone":{"X":0,"Y":0}},"CurrentStamina":23,"CurrentOrder":null,"Builds":[],"GarrisonedIn":null,"Stance":3,"InterruptCurrent":false,"AttackBack":true,"TargetPriority":"","ActiveOrders":null,"Health":11,"MaxHealth":11},{"InternalID":47,"UnitID":12,"Type":2,"Kind":1,"Location":{"Space":{"X":0,"Y":3},"Zone":{"X":0,"Y":0}},"CurrentStamina":18,"CurrentOrder":null,"Builds":[],"GarrisonedIn":null,"Stance":3,"InterruptCurrent":false,"AttackBack":true,"TargetPriority":"","ActiveOrders":null,"Health":16,"MaxHealth":16},{"InternalID":48,"UnitID":12,"Type":2,"Kind":1,"Location":{"Space":{"X":0,"Y":3},"Zone":{"X":0,"Y":0}},"CurrentStamina":18,"CurrentOrder":null,"Builds":[],"GarrisonedIn":null,"Stance":3,"InterruptCurrent":false,"AttackBack":true,"TargetPriority":"","ActiveOrders":null,"Health":16,"MaxHealth":16},{"InternalID":49,"UnitID":12,"Type":2,"Kind":1,"Location":{"Space":{"X":0,"Y":3},"Zone":{"X":0,"Y":0}},"CurrentStamina":18,"CurrentOrder":null,"Builds":[],"GarrisonedIn":null,"Stance":3,"InterruptCurrent":false,"AttackBack":true,"TargetPriority":"","ActiveOrders":null,"Health":16,"MaxHealth":16},{"InternalID":50,"UnitID":12,"Type":2,"Kind":1,"Location":{"Space":{"X":0,"Y":3},"Zone":{"X":0,"Y":0}},"CurrentStamina":18,"CurrentOrder":null,"Builds":[],"GarrisonedIn":null,"Stance":3,"InterruptCurrent":false,"AttackBack":true,"TargetPriority":"","ActiveOrders":null,"Health":16,"MaxHealth":16},{"InternalID":51,"UnitID":12,"Type":2,"Kind":1,"Location":{"Space":{"X":0,"Y":3},"Zone":{"X":0,"Y":0}},"CurrentStamina":18,"CurrentOrder":null,"Builds":[],"GarrisonedIn":null,"Stance":3,"InterruptCurrent":false,"AttackBack":true,"TargetPriority":"","ActiveOrders":null,"Health":16,"MaxHealth":16},{"InternalID":52,"UnitID":12,"Type":2,"Kind":1,"Location":{"Space":{"X":0,"Y":3},"Zone":{"X":0,"Y":0}},"CurrentStamina":18,"CurrentOrder":null,"Builds":[],"GarrisonedIn":null,"Stance":3,"InterruptCurrent":false,"AttackBack":true,"TargetPriority":"","ActiveOrders":null,"Health":16,"MaxHealth":16},{"InternalID":53,"UnitID":12,"Type":2,"Kind":1,"Location":{"Space":{"X":0,"Y":3},"Zone":{"X":0,"Y":0}},"CurrentStamina":18,"CurrentOrder":null,"Builds":[],"GarrisonedIn":null,"Stance":3,"InterruptCurrent":false,"AttackBack":true,"TargetPriority":"","ActiveOrders":null,"Health":16,"MaxHealth":16},{"InternalID":54,"UnitID":12,"Type":2,"Kind":1,"Location":{"Space":{"X":0,"Y":3},"Zone":{"X":0,"Y":0}},"CurrentStamina":18,"CurrentOrder":null,"Builds":[],"GarrisonedIn":null,"Stance":3,"InterruptCurrent":false,"AttackBack":true,"TargetPriority":"","ActiveOrders":null,"Health":16,"MaxHealth":16},{"InternalID":55,"UnitID":13,"Type":2,"Kind":1,"Location":{"Space":{"X":0,"Y":3},"Zone":{"X":0,"Y":0}},"CurrentStamina":12,"CurrentOrder":null,"Builds":[],"GarrisonedIn":null,"Stance":3,"InterruptCurrent":false,"AttackBack":true,"TargetPriority":"","ActiveOrders":null,"Health":50,"MaxHealth":50},{"InternalID":56,"UnitID":13,"Type":2,"Kind":1,"Location":{"Space":{"X":0,"Y":3},"Zone":{"X":0,"Y":0}},"CurrentStamina":12,"CurrentOrder":null,"Builds":[],"GarrisonedIn":null,"Stance":3,"InterruptCurrent":false,"AttackBack":true,"TargetPriority":"","ActiveOrders":null,"Health":50,"MaxHealth":50},{"InternalID":57,"UnitID":13,"Type":2,"Kind":1,"Location":{"Space":{"X":0,"Y":3},"Zone":{"X":0,"Y":0}},"CurrentStamina":12,"CurrentOrder":null,"Builds":[],"GarrisonedIn":null,"Stance":3,"InterruptCurrent":false,"AttackBack":true,"TargetPriority":"","ActiveOrders":null,"Health":50,"MaxHealth":50},{"InternalID":58,"UnitID":13,"Type":2,"Kind":1,"Location":{"Space":{"X":0,"Y":3},"Zone":{"X":0,"Y":0}},"CurrentStamina":12,"CurrentOrder":null,"Builds":[],"GarrisonedIn":null,"Stance":3,"InterruptCurrent":false,"AttackBack":true,"TargetPriority":"","ActiveOrders":null,"Health":50,"MaxHealth":50},{"InternalID":59,"UnitID":13,"Type":2,"Kind":1,"Location":{"Space":{"X":0,"Y":3},"Zone":{"X":0,"Y":0}},"CurrentStamina":12,"CurrentOrder":null,"Builds":[],"GarrisonedIn":null,"Stance":3,"InterruptCurrent":false,"AttackBack":true,"TargetPriority":"","ActiveOrders":null,"Health":50,"MaxHealth":50},{"InternalID":60,"UnitID":13,"Type":2,"Kind":1,"Location":{"Space":{"X":0,"Y":3},"Zone":{"X":0,"Y":0}},"CurrentStamina":12,"CurrentOrder":null,"Builds":[],"GarrisonedIn":null,"Stance":3,"InterruptCurrent":false,"AttackBack":true,"TargetPriority":"","ActiveOrders":null,"Health":50,"MaxHealth":50}]}
2026/09/30 21:20:37 ai ai-1: submitting orders [{Subjects:[32] OrderType:2 TargetID:595 ClearPreviousOrders:true}]
2026/09/30 21:20:37 ai ai-1: vars {}
2026/09/30 21:20:37 player action: submit-orders 0 2 map[orders:[{1 [32] 2 595 true}]]
2026/09/30 21:20:37 Executing submit orders for: 1 [{1 [32] 2 595 true}]
2026/09/30 21:20:37 ai ai-0: new turn data {"buildings":[],"enemy_buildings":[],"enemy_units":[],"foundations":[],"population":{"current":30,"limit":0},"resources":{"food":200,"gold":76,"stone":100,"wood":200},"spaces":[{"Space":{"X":0,"Y":-4},"Vision":1,"Owner":-1},{"Space":{"X":1,"Y":-4},"Vision":1,"Owner":-1},{"Space":{"X":2,"Y":-4},"Vision":1,"Owner":-1},{"Space":{"X":3,"Y":-4},"Vision":1,"Owner":-1},{"Space":{"X":4,"Y":-4},"Vision":1,"Owner":-1},{"Space":{"X":-1,"Y":-3},"Vision":1,"Owner":-1},{"Space":{"X":0,"Y":-3},"Vision":1,"Owner":-1},{"Space":{"X":1,"Y":-3},"Vision":1,"Owner":-1},{"Space":{"X":2,"Y":-3},"Vision":1,"Owner":-1},{"Space":{"X":3,"Y":-3},"Vision":1,"Owner":-1},{"Space":{"X":4,"Y":-3},"Vision":1,"Owner":-1},{"Space":{"X":-2,"Y":-2},"Vision":1,"Owner":-1},{"Space":{"X":-1,"Y":-2},"Vision":1,"Owner":-1},{"Space":{"X":0,"Y":-2},"Vision":1,"Owner":-1},{"Space":{"X":1,"Y":-2},"Vision":1,"Owner":-1},{"Space":{"X":2,"Y":-2},"Vision":1,"Owner":-1},{"Space":{"X":3,"Y":-2},"Vision":1,"Owner":-1},{"Space":{"X":4,"Y":-2},"Vision":0,"Owner":-1},{"Space":{"X":-3,"Y":-1},"Vision":1,"Owner":-1},{"Space":{"X":-2,"Y":-1},"Vision":1,"Owner":-1},{"Space":{"X":-1,"Y":-1},"Vision":1,"Owner":-1},{"Space":{"X":0,"Y":-1},"Vision":1,"Owner":-1},{"Space":{"X":1,"Y":-1},"Vision":1,"Owner":-1},{"Space":{"X":2,"Y":-1},"Vision":1,"Owner":-1},{"Space":{"X":3,"Y":-1},"Vision":0,"Owner":-1},{"Space":{"X":4,"Y":-1},"Vision":0,"Owner":-1},{"Space":{"X":-4,"Y":0},"Vision":1,"Owner":-1},{"Space":{"X":-3,"Y":0},"Vision":2,"Owner":-1},{"Space":{"X":-2,"Y":0},"Vision":2,"Owner":-1},{"Space":{"X":-1,"Y":0},"Vision":2,"Owner":-1},{"Space":{"X":0,"Y":0},"Vision":2,"Owner":-1},{"Space":{"X":1,"Y":0},"Vision":1,"Owner":-1},{"Space":{"X":2,"Y":0},"Vision":1,"Owner":-1},{"Space":{"X":3,"Y":0},"Vision":0,"Owner":-1},{"Space":{"X":4,"Y":0},"Vision":0,"Owner":-1},{"Space":{"X":-4,"Y":1},"Vision":2,"Owner":-1},{"Space":{"X":-3,"Y":1},"Vision":3,"Owner":0},{"Space":{"X":-2,"Y":1},"Vision":2,"Owner":-1},{"Space":{"X":-1,"Y":1},"Vision":3,"Owner":0},{"Space":{"X":0,"Y":1},"Vision":2,"Owner":1},{"Space":{"X":1,"Y":1},"Vision":1,"Owner":-1},{"Space":{"X":2,"Y":1},"Vision":0,"Owner":-1},{"Space":{"X":3,"Y":1},"Vision":0,"Owner":-1},{"Space":{"X":-4,"Y":2},"Vision":3,"Owner":0},{"Space":{"X":-3,"Y":2},"Vision":2,"Owner":-1},{"Space":{"X":-2,"Y":2},"Vision":3,"Owner":0},{"Space":{"X":-1,"Y":2},"Vision":3,"Owner":-1},{"Space":{"X":0,"Y":2},"Vision":1,"Owner":-1},{"Space":{"X":1,"Y":2},"Vision":0,"Owner":-1},{"Space":{"X":2,"Y":2},"Vision":0,"Owner":-1},{"Space":{"X":-4,"Y":3},"Vision":3,"Owner":-1},{"Space":{"X":-3,"Y":3},"Vision":3,"Owner":0},{"Space":{"X":-2,"Y":3},"Vision":3,"Owner":-1},{"Space":{"X":-1,"Y":3},"Vision":1,"Owner":-1},{"Space":{"X":0,"Y":3},"Vision":0,"Owner":-1},{"Space":{"X":1,"Y":3},"Vision":0,"Owner":-1},{"Space":{"X":-4,"Y":4},"Vision":2,"Owner":-1},{"Space":{"X":-3,"Y":4},"Vision":2,"Owner":-1},{"Space":{"X":-2,"Y":4},"Vision":1,"Owner":-1},{"Space":{"X":-1,"Y":4},"Vision":0,"Owner":-1},{"Space":{"X":0,"Y":4},"Vision":0,"Owner":-1}],"units":[{"InternalID":1,"UnitID":11,"Type":2,"Kind":1,"Location":{"Space":{"X":-2,"Y":2},"Zone":{"X":1,"Y":0}},"CurrentStamina":20,"CurrentOrder":{"Kind":0,"TargetZone":{"Space":{"X":-1,"Y":4},"Zone":{"X":0,"Y":0}},"TargetSpace":null,"TargetResource":null,"TargetUnit":null,"TargetBuilding":null},"Builds":[],"GarrisonedIn":null,"Stance":3,"InterruptCurrent":true,"AttackBack":true,"TargetPriority":"","ActiveOrders":[{"ID":142,"Kind":0}],"Health":9.2,"MaxHealth":11},{"InternalID":2,"UnitID":11,"Type":2,"Kind":1,"Location":{"Space":{"X":-2,"Y":2},"Zone":{"X":1,"Y":0}},"CurrentStamina":20,"CurrentOrder":{"Kind":0,"TargetZone":{"Space":{"X":0,"Y":3},"Zone":{"X":0,"Y":0}},"TargetSpace":null,"TargetResource":null,"TargetUnit":null,"TargetBuilding":null},"Builds":[],"GarrisonedIn":null,"Stance":3,"InterruptCurrent":true,"AttackBack":true,"TargetPriority":"","ActiveOrders":[{"ID":143,"Kind":0}],"Health":5.6,"MaxHealth":11},{"InternalID":3,"UnitID":11,"Type":2,"Kind":1,"Location":{"Space":{"X":-3,"Y":3},"Zone":{"X":1,"Y":0}},"CurrentStamina":23,"CurrentOrder":{"Kind":0,"TargetZone":{"Space":{"X":-1,"Y":4},"Zone":{"X":0,"Y":0}},"TargetSpace":null,"TargetResource":null,"TargetUnit":null,"TargetBuilding":null},"Builds":[],"GarrisonedIn":null,"Stance":3,"InterruptCurrent":true,"AttackBack":true,"TargetPriority":"","ActiveOrders":[{"ID":144,"Kind":0}],"Health":11,"MaxHealth":11},{"InternalID":4,"UnitID":11,"Type":2,"Kind":1,"Location":{"Space":{"X":-4,"Y":2},"Zone":{"X":0,"Y":1}},"CurrentStamina":22,"CurrentOrder":null,"Builds":[],"GarrisonedIn":null,"Stance":3,"InterruptCurrent":true,"AttackBack":true,"TargetPriority":"","ActiveOrders":null,"Health":11,"MaxHealth":11},{"InternalID":5,"UnitID":11,"Type":2,"Kind":1,"Location":{"Space":{"X":-4,"Y":2},"Zone":{"X":0,"Y":1}},"CurrentStamina":23,"CurrentOrder":null,"Builds":[],"GarrisonedIn":null,"Stance":3,"InterruptCurrent":true,"AttackBack":true,"TargetPriority":"","ActiveOrders":null,"Health":11,"MaxHealth":11},{"InternalID":6,"UnitID":11,"Type":2,"Kind":1,"Location":{"Space":{"X":-1,"Y":1},"Zone":{"X":0,"Y":0}},"CurrentStamina":15,"CurrentOrder":{"Kind":0,"TargetZone":{"Space":{"X":-4,"Y":2},"Zone":{"X":0,"Y":1}},"TargetSpace":null,"TargetResource":null,"TargetUnit":null,"TargetBuilding":null},"Builds":[],"GarrisonedIn":null,"Stance":3,"InterruptCurrent":false,"AttackBack":true,"TargetPriority":"","ActiveOrders":[{"ID":104,"Kind":0}],"Health":11,"MaxHealth":11},{"InternalID":7,"UnitID":11,"Type":2,"Kind":1,"Location":{"Space":{"X":-2,"Y":2},"Zone":{"X":1,"Y":0}},"CurrentStamina":20,"CurrentOrder":{"Kind":0,"TargetZone":{"Space":{"X":-1,"Y":4},"Zone":{"X":0,"Y":0}},"TargetSpace":null,"TargetResource":null,"TargetUnit":null,"TargetBuilding":null},"Builds":[],"GarrisonedIn":null,"Stance":3,"InterruptCurrent":true,"AttackBack":true,"TargetPriority":"","ActiveOrders":[{"ID":145,"Kind":0}],"Health":11,"MaxHealth":11},{"InternalID":8,"UnitID":11,"Type":2,"Kind":1,"Location":{"Space":{"X":-2,"Y":2},"Zone":{"X":1,"Y":0}},"CurrentStamina":20,"CurrentOrder":{"Kind":0,"TargetZone":{"Space":{"X":-1,"Y":4},"Zone":{"X":0,"Y":0}},"TargetSpace":null,"TargetResource":null,"TargetUnit":null,"TargetBuilding":null},"Builds":[],"GarrisonedIn":null,"Stance":3,"InterruptCurrent":true,"AttackBack":true,"TargetPriority":"","ActiveOrders":[{"ID":146,"Kind":0}],"Health":11,"MaxHealth":11},{"InternalID":9,"UnitID":11,"Type":2,"Kind":1,"Location":{"Space":{"X":-2,"Y":2},"Zone":{"X":1,"Y":0}},"CurrentStamina":20,"CurrentOrder":{"Kind":0,"TargetZone":{"Space":{"X":-1,"Y":4},"Zone":{"X":0,"Y":0}},"TargetSpace":null,"TargetResource":null,"TargetUnit":null,"TargetBuilding":null},"Builds":[],"GarrisonedIn":null,"Stance":3,"InterruptCurrent":true,"AttackBack":true,"TargetPriority":"","ActiveOrders":[{"ID":147,"Kind":0}],"Health":11,"MaxHealth":11},{"InternalID":10,"UnitID":11,"Type":2,"Kind":1,"Location":{"Space":{"X":-2,"Y":2},"Zone":{"X":1,"Y":0}},"CurrentStamina":20,"CurrentOrder":{"Kind":0,"TargetZone":{"Space":{"X":-1,"Y":4},"Zone":{"X":0,"Y":0}},"TargetSpace":null,"TargetResource":null,"TargetUnit":null,"TargetBuilding":null},"Builds":[],"GarrisonedIn":null,"Stance":3,"InterruptCurrent":true,"AttackBack":true,"TargetPriority":"","ActiveOrders":[{"ID":148,"Kind":0}],"Health":11,"MaxHealth":11},{"InternalID":11,"UnitID":11,"Type":2,"Kind":1,"Location":{"Space":{"X":-2,"Y":2},"Zone":{"X":1,"Y":0}},"CurrentStamina":20,"CurrentOrder":{"Kind":0,"TargetZone":{"Space":{"X":-1,"Y":4},"Zone":{"X":0,"Y":0}},"TargetSpace":null,"TargetResource":null,"TargetUnit":null,"TargetBuilding":null},"Builds":[],"GarrisonedIn":null,"Stance":3,"InterruptCurrent":true,"AttackBack":true,"TargetPriority":"","ActiveOrders":[{"ID":149,"Kind":0}],"Health":11,"MaxHealth":11},{"InternalID":12,"UnitID":11,"Type":2,"Kind":1,"Location":{"Space":{"X":-2,"Y":2},"Zone":{"X":1,"Y":0}},"CurrentStamina":20,"CurrentOrder":{"Kind":0,"TargetZone":{"Space":{"X":-1,"Y":4},"Zone":{"X":0,"Y":0}},"TargetSpace":null,"TargetResource":null,"TargetUnit":null,"TargetBuilding":null},"Builds":[],"GarrisonedIn":null,"Stance":3,"InterruptCurrent":true,"AttackBack":true,"TargetPriority":"","ActiveOrders":[{"ID":150,"Kind":0}],"Health":11,"MaxHealth":11},{"InternalID":13,"UnitID":11,"Type":2,"Kind":1,"Location":{"Space":{"X":-2,"Y":2},"Zone":{"X":1,"Y":0}},"CurrentStamina":20,"CurrentOrder":{"Kind":0,"TargetZone":{"Space":{"X":-1,"Y":4},"Zone":{"X":0,"Y":0}},"TargetSpace":null,"TargetResource":null,"TargetUnit":null,"TargetBuilding":null},"Builds":[],"GarrisonedIn":null,"Stance":3,"InterruptCurrent":true,"AttackBack":true,"TargetPriority":"","ActiveOrders":[{"ID":151,"Kind":0}],"Health":11,"MaxHealth":11},{"InternalID":14,"UnitID":11,"Type":2,"Kind":1,"Location":{"Space":{"X":-2,"Y":2},"Zone":{"X":1,"Y":0}},"CurrentStamina":20,"CurrentOrder":{"Kind":0,"TargetZone":{"Space":{"X":-1,"Y":4},"Zone":{"X":0,"Y":0}},"TargetSpace":null,"TargetResource":null,"TargetUnit":null,"TargetBuilding":null},"Builds":[],"GarrisonedIn":null,"Stance":3,"InterruptCurrent":true,"AttackBack":true,"TargetPriority":"","ActiveOrders":[{"ID":152,"Kind":0}],"Health":11,"MaxHealth":11},{"InternalID":15,"UnitID":11,"Type":2,"Kind":1,"Location":{"Space":{"X":-2,"Y":2},"Zone":{"X":1,"Y":0}},"CurrentStamina":20,"CurrentOrder":{"Kind":0,"TargetZone":{"Space":{"X":-1,"Y":4},"Zone":{"X":0,"Y":0}},"TargetSpace":null,"TargetResource":null,"TargetUnit":null,"TargetBuilding":null},"Builds":[],"GarrisonedIn":null,"Stance":3,"InterruptCurrent":true,"AttackBack":true,"TargetPriority":"","ActiveOrders":[{"ID":153,"Kind":0}],"Health":11,"MaxHealth":11},{"InternalID":16,"UnitID":11,"Type":2,"Kind":1,"Location":{"Space":{"X":-2,"Y":2},"Zone":{"X":1,"Y":0}},"CurrentStamina":20,"CurrentOrder":{"Kind":0,"TargetZone":{"Space":{"X":-1,"Y":4},"Zone":{"X":0,"Y":0}},"TargetSpace":null,"TargetResource":null,"TargetUnit":null,"TargetBuilding":null},"Builds":[],"GarrisonedIn":null,"Stance":3,"InterruptCurrent":true,"AttackBack":true,"TargetPriority":"","ActiveOrders":[{"ID":154,"Kind":0}],"Health":11,"MaxHealth":11},{"InternalID":17,"UnitID":12,"Type":2,"Kind":1,"Location":{"Space":{"X":-2,"Y":2},"Zone":{"X":1,"Y":0}},"CurrentStamina":13,"CurrentOrder":{"Kind":0,"TargetZone":{"Space":{"X":-1,"Y":4},"Zone":{"X":0,"Y":0}},"TargetSpace":null,"TargetResource":null,"TargetUnit":null,"TargetBuilding":null},"Builds":[],"GarrisonedIn":null,"Stance":3,"InterruptCurrent":true,"AttackBack":true,"TargetPriority":"","ActiveOrders":[{"ID":155,"Kind":0}],"Health":16,"MaxHealth":16},{"InternalID":18,"UnitID":12,"Type":2,"Kind":1,"Location":{"Space":{"X":-2,"Y":2},"Zone":{"X":1,"Y":0}},"CurrentStamina":13,"CurrentOrder":{"Kind":0,"TargetZone":{"Space":{"X":-1,"Y":4},"Zone":{"X":0,"Y":0}},"TargetSpace":null,"TargetResource":null,"TargetUnit":null,"TargetBuilding":null},"Builds":[],"GarrisonedIn":null,"Stance":3,"InterruptCurrent":true,"AttackBack":true,"TargetPriority":"","ActiveOrders":[{"ID":156,"Kind":0}],"Health":16,"MaxHealth":16},{"InternalID":19,"UnitID":12,"Type":2,"Kind":1,"Location":{"Space":{"X":-2,"Y":2},"Zone":{"X":1,"Y":0}},"CurrentStamina":13,"CurrentOrder":{"Kind":0,"TargetZone":{"Space":{"X":-1,"Y":4},"Zone":{"X":0,"Y":0}},"TargetSpace":null,"TargetResource":null,"TargetUnit":null,"TargetBuilding":null},"Builds":[],"GarrisonedIn":null,"Stance":3,"InterruptCurrent":true,"AttackBack":true,"TargetPriority":"","ActiveOrders":[{"ID":157,"Kind":0}],"Health":16,"MaxHealth":16},{"InternalID":20,"UnitID":12,"Type":2,"Kind":1,"Location":{"Space":{"X":-2,"Y":2},"Zone":{"X":1,"Y":0}},"CurrentStamina":13,"CurrentOrder":{"Kind":0,"TargetZone":{"Space":{"X":-1,"Y":4},"Zone":{"X":0,"Y":0}},"TargetSpace":null,"TargetResource":null,"TargetUnit":null,"TargetBuilding":null},"Builds":[],"GarrisonedIn":null,"Stance":3,"InterruptCurrent":true,"AttackBack":true,"TargetPriority":"","ActiveOrders":[{"ID":158,"Kind":0}],"Health":16,"MaxHealth":16},{"InternalID":21,"UnitID":12,"Type":2,"Kind":1,"Location":{"Space":{"X":-2,"Y":2},"Zone":{"X":1,"Y":0}},"CurrentStamina":13,"CurrentOrder":{"Kind":0,"TargetZone":{"Space":{"X":-1,"Y":4},"Zone":{"X":0,"Y":0}},"TargetSpace":null,"TargetResource":null,"TargetUnit":null,"TargetBuilding":null},"Builds":[],"GarrisonedIn":null,"Stance":3,"InterruptCurrent":true,"AttackBack":true,"TargetPriority":"","ActiveOrders":[{"ID":159,"Kind":0}],"Health":16,"MaxHealth":16},{"InternalID":22,"UnitID":12,"Type":2,"Kind":1,"Location":{"Space":{"X":-2,"Y":2},"Zone":{"X":1,"Y":0}},"CurrentStamina":13,"CurrentOrder":{"Kind":0,"TargetZone":{"Space":{"X":-1,"Y":4},"Zone":{"X":0,"Y":0}},"TargetSpace":null,"TargetResource":null,"TargetUnit":null,"TargetBuilding":null},"Builds":[],"GarrisonedIn":null,"Stance":3,"InterruptCurrent":true,"AttackBack":true,"TargetPriority":"","ActiveOrders":[{"ID":160,"Kind":0}],"Health":16,"MaxHealth":16},{"InternalID":23,"UnitID":12,"Type":2,"Kind":1,"Location":{"Space":{"X":-2,"Y":2},"Zone":{"X":1,"Y":0}},"CurrentStamina":13,"CurrentOrder":{"Kind":0,"TargetZone":{"Space":{"X":-1,"Y":4},"Zone":{"X":0,"Y":0}},"TargetSpace":null,"TargetResource":null,"TargetUnit":null,"TargetBuilding":null},"Builds":[],"GarrisonedIn":null,"Stance":3,"InterruptCurrent":true,"AttackBack":true,"TargetPriority":"","ActiveOrders":[{"ID":161,"Kind":0}],"Health":16,"MaxHealth":16},{"InternalID":24,"UnitID":12,"Type":2,"Kind":1,"Location":{"Space":{"X":-2,"Y":2},"Zone":{"X":1,"Y":0}},"CurrentStamina":13,"CurrentOrder":{"Kind":0,"TargetZone":{"Space":{"X":-1,"Y":4},"Zone":{"X":0,"Y":0}},"TargetSpace":null,"TargetResource":null,"TargetUnit":null,"TargetBuilding":null},"Builds":[],"GarrisonedIn":null,"Stance":3,"InterruptCurrent":true,"AttackBack":true,"TargetPriority":"","ActiveOrders":[{"ID":162,"Kind":0}],"Health":16,"MaxHealth":16},{"InternalID":25,"UnitID":13,"Type":2,"Kind":1,"Location":{"Space":{"X":-3,"Y":1},"Zone":{"X":0,"Y":0}},"CurrentStamina":8,"CurrentOrder":{"Kind":0,"TargetZone":{"Space":{"X":-1,"Y":4},"Zone":{"X":0,"Y":0}},"TargetSpace":null,"TargetResource":null,"TargetUnit":null,"TargetBuilding":null},"Builds":[],"GarrisonedIn":null,"Stance":3,"InterruptCurrent":true,"AttackBack":true,"TargetPriority":"","ActiveOrders":[{"ID":163,"Kind":0}],"Health":50,"MaxHealth":50},{"InternalID":26,"UnitID":13,"Type":2,"Kind":1,"Location":{"Space":{"X":-3,"Y":1},"Zone":{"X":0,"Y":0}},"CurrentStamina":8,"CurrentOrder":{"Kind":0,"TargetZone":{"Space":{"X":-1,"Y":4},"Zone":{"X":0,"Y":0}},"TargetSpace":null,"TargetResource":null,"TargetUnit":null,"TargetBuilding":null},"Builds":[],"GarrisonedIn":null,"Stance":3,"InterruptCurrent":true,"AttackBack":true,"TargetPriority":"","ActiveOrders":[{"ID":164,"Kind":0}],"Health":50,"MaxHealth":50},{"InternalID":27,"UnitID":13,"Type":2,"Kind":1,"Location":{"Space":{"X":-3,"Y":1},"Zone":{"X":0,"Y":0}},"CurrentStamina":8,"CurrentOrder":{"Kind":0,"TargetZone":{"Space":{"X":-1,"Y":4},"Zone":{"X":0,"Y":0}},"TargetSpace":null,"TargetResource":null,"TargetUnit":null,"TargetBuilding":null},"Builds":[],"GarrisonedIn":null,"Stance":3,"InterruptCurrent":true,"AttackBack":true,"TargetPriority":"","ActiveOrders":[{"ID":165,"Kind":0}],"Health":50,"MaxHealth":50},{"InternalID":28,"UnitID":13,"Type":2,"Kind":1,"Location":{"Space":{"X":-3,"Y":1},"Zone":{"X":0,"Y":0}},"CurrentStamina":8,"CurrentOrder":{"Kind":0,"TargetZone":{"Space":{"X":-1,"Y":4},"Zone":{"X":0,"Y":0}},"TargetSpace":null,"TargetResource":null,"TargetUnit":null,"TargetBuilding":null},"Builds":[],"GarrisonedIn":null,"Stance":3,"InterruptCurrent":true,"AttackBack":true,"TargetPriority":"","ActiveOrders":[{"ID":166,"Kind":0}],"Health":50,"MaxHealth":50},{"InternalID":29,"UnitID":13,"Type":2,"Kind":1,"Location":{"Space":{"X":-3,"Y":1},"Zone":{"X":0,"Y":0}},"CurrentStamina":8,"CurrentOrder":{"Kind":0,"TargetZone":{"Space":{"X":-1,"Y":4},"Zone":{"X":0,"Y":0}},"TargetSpace":null,"TargetResource":null,"TargetUnit":null,"TargetBuilding":null},"Builds":[],"GarrisonedIn":null,"Stance":3,"InterruptCurrent":true,"AttackBack":true,"TargetPriority":"","ActiveOrders":[{"ID":167,"Kind":0}],"Health":50,"MaxHealth":50},{"InternalID":30,"UnitID":13,"Type":2,"Kind":1,"Location":{"Space":{"X":-3,"Y":1},"Zone":{"X":0,"Y":0}},"CurrentStamina":8,"CurrentOrder":{"Kind":0,"TargetZone":{"Space":{"X":-1,"Y":4},"Zone":{"X":0,"Y":0}},"TargetSpace":null,"TargetResource":null,"TargetUnit":null,"TargetBuilding":null},"Builds":[],"GarrisonedIn":null,"Stance":3,"InterruptCurrent":true,"AttackBack":true,"TargetPriority":"","ActiveOrders":[{"ID":168,"Kind":0}],"Health":50,"MaxHealth":50}]}
2026/09/30 21:20:37 ai ai-0: submitting orders [{Subjects:[4] OrderType:2 TargetID:1275 ClearPreviousOrders:true} {Subjects:[5] OrderType:2 TargetID:5671 ClearPreviousOrders:true}]
2026/09/30 21:20:37 ai ai-0: vars {"B":16,"Hv":6,"Pi":8,"aPowLocal":0,"aThreat":0,"a_engaged":0,"a_odds":1.3,"a_outnumbered":0,"army_target":50,"army_value":3080,"assault":0,"bank_rate":28,"bar_barracks":0.17072129748186085,"bar_redoubt":1.1111111111111112,"barracks":0,"barracks_B":0,"barracks_P":0,"barracks_save":0,"barracks_spend":78.1,"barracks_want":0,"buffer_food":70,"buffer_gold":0,"buffer_stone":0,"buffer_wood":70,"builders":0,"committed":0,"eB":0.39999999999999997,"eGrowth":0,"eH":0,"eMil":0.39999999999999997,"eP":0,"ePow":0.39999999999999997,"ePowEst":0.9603999999999999,"ePowSeen":0.9603999999999999,"eTech":1,"eV":0,"es":1.4,"farm_want":0,"farm_wood_short":0,"farming":0,"fire_barracks":0,"fire_farm0":0,"fire_farm1":0,"fire_farm2":0,"fire_house":0,"fire_outpost":0,"fire_redoubt":0,"fire_smith":0,"fire_vc":0,"food_need":0,"food_over":0,"food_rate":0,"food_slots":1000,"food_workers":0,"free_room":20,"go":0,"gold_income":10,"gold_need":0,"gold_rate":0,"gold_surplus":76,"guaranteed":0,"guard_home":0,"headroom":-30,"hire_B":4092.3076923076924,"hire_P":6430.7692307692305,"homePow":0,"house_builders":0,"house_urgency":0,"house_want":0,"income_proj":0,"left":0,"lf_food":0,"lf_gold":0,"lf_stone":0,"lf_wood":0,"lump_food":0,"lump_gold":0,"lump_stone":0,"lump_wood":0,"maturity":0,"mil":30,"myTech":1,"n_barracks":0,"n_redoubts":0,"needB":19.97816742853244,"needP":0.021832571467558164,"outpost_want":0,"pikes":0,"planned_food":0,"planned_gold":0,"planned_stone":0,"planned_wood":0,"prod_rate":0,"proj_army":3080,"raid_danger":0,"raid_fails":0,"raid_lost":0,"raid_pause":0,"raid_prev":5,"raid_size":4.8,"raid_wiped":0,"rate":6,"redoubt_H":0,"redoubt_gold_ok":1,"redoubt_save":0,"redoubt_spend":30,"redoubt_want":0,"redoubts":0,"rf_food":0,"rf_gold":0,"rf_stone":0,"rf_wood":0,"sB4":97.5660141607664,"sP4":0.10662224073302796,"scale_l":0,"scale_r":0,"shareH":0.25675675675675674,"smith_want":0,"smiths":0,"spare":0,"spare_food":0.5,"stone_need":0,"stone_rate":0,"tH":26,"target_spend":400,"tech_food":50,"tech_gold":0,"tech_stone":0,"tech_wood":50,"threat_home":0,"turns_left":-300,"u_barracks":0.2664636467453369,"u_redoubt":0.2396396396396396,"unit_spend":120,"vB":3.1428571428571432,"vH":1.0857142857142859,"vP":0.5714285714285715,"vc_want":0,"vcs":0,"vil_goal":50,"vil_rate":0,"vil_stamina":8,"vil_want":0,"vil_want_last":0,"vil_worth_now":0.6,"vils":0,"w_food":0,"w_gold":0,"w_stone":0,"w_wood":0,"wild_workers":0,"wood_need":0,"wood_rate":0,"workers":0}
2026/09/30 21:20:37 player action: submit-orders 0 1 map[orders:[{0 [4] 2 1275 true} {0 [5] 2 5671 true}]]
2026/09/30 21:20:37 Executing submit orders for: 0 [{0 [4] 2 1275 true} {0 [5] 2 5671 true}]
2026/09/30 21:20:37 Resolving active orders
2026/09/30 21:20:37 Moving unit 9 Blunt Infantry to zone(-1, 0) in space (-1, 2) tick=1
2026/09/30 21:20:37 Moving unit 17 Piercing Infantry to zone(-1, 0) in space (-1, 2) tick=1
2026/09/30 21:20:37 Moving unit 14 Blunt Infantry to zone(-1, 0) in space (-1, 2) tick=1
2026/09/30 21:20:37 Moving unit 7 Blunt Infantry to zone(-1, 0) in space (-1, 2) tick=1
2026/09/30 21:20:37 Moving unit 19 Piercing Infantry to zone(-1, 0) in space (-1, 2) tick=1
2026/09/30 21:20:37 Moving unit 22 Piercing Infantry to zone(-1, 0) in space (-1, 2) tick=1
2026/09/30 21:20:37 Moving unit 29 Heavy Infantry to zone(1, 0) in space (-3, 1) tick=1
2026/09/30 21:20:37 Moving unit 21 Piercing Infantry to zone(-1, 0) in space (-1, 2) tick=1
2026/09/30 21:20:37 Moving unit 8 Blunt Infantry to zone(-1, 0) in space (-1, 2) tick=1
2026/09/30 21:20:37 Moving unit 11 Blunt Infantry to zone(-1, 0) in space (-1, 2) tick=1
2026/09/30 21:20:37 Moving unit 12 Blunt Infantry to zone(-1, 0) in space (-1, 2) tick=1
2026/09/30 21:20:37 Moving unit 13 Blunt Infantry to zone(-1, 0) in space (-1, 2) tick=1
2026/09/30 21:20:37 Moving unit 16 Blunt Infantry to zone(-1, 0) in space (-1, 2) tick=1
2026/09/30 21:20:37 Moving unit 30 Heavy Infantry to zone(1, 0) in space (-3, 1) tick=1
2026/09/30 21:20:37 Moving unit 3 Blunt Infantry to zone(-1, 0) in space (-2, 3) tick=1
2026/09/30 21:20:37 Moving unit 5 Blunt Infantry to zone(1, 0) in space (-4, 2) tick=1
2026/09/30 21:20:37 Moving unit 18 Piercing Infantry to zone(-1, 0) in space (-1, 2) tick=1
2026/09/30 21:20:37 Moving unit 23 Piercing Infantry to zone(-1, 0) in space (-1, 2) tick=1
2026/09/30 21:20:37 Moving unit 25 Heavy Infantry to zone(1, 0) in space (-3, 1) tick=1
2026/09/30 21:20:37 Moving unit 26 Heavy Infantry to zone(1, 0) in space (-3, 1) tick=1
2026/09/30 21:20:37 Moving unit 28 Heavy Infantry to zone(1, 0) in space (-3, 1) tick=1
2026/09/30 21:20:37 Moving unit 6 Blunt Infantry to zone(-1, 0) in space (-1, 1) tick=1
2026/09/30 21:20:37 Moving unit 24 Piercing Infantry to zone(-1, 0) in space (-1, 2) tick=1
2026/09/30 21:20:37 Moving unit 27 Heavy Infantry to zone(1, 0) in space (-3, 1) tick=1
2026/09/30 21:20:37 Moving unit 2 Blunt Infantry to zone(-1, 0) in space (-1, 2) tick=1
2026/09/30 21:20:37 Moving unit 10 Blunt Infantry to zone(-1, 0) in space (-1, 2) tick=1
2026/09/30 21:20:37 Moving unit 20 Piercing Infantry to zone(-1, 0) in space (-1, 2) tick=1
2026/09/30 21:20:37 Moving unit 1 Blunt Infantry to zone(-1, 0) in space (-1, 2) tick=1
2026/09/30 21:20:37 Moving unit 4 Blunt Infantry to zone(1, 0) in space (-4, 2) tick=1
2026/09/30 21:20:37 Moving unit 15 Blunt Infantry to zone(-1, 0) in space (-1, 2) tick=1
2026/09/30 21:20:37 Moving unit 32 Blunt Infantry to zone(-1, 0) in space (0, 1) tick=1
2026/09/30 21:20:37 state_hash turn=7 tick=1 hash=3c560c1cea517477
2026/09/30 21:20:37 Moving unit 6 Blunt Infantry to zone(1, 0) in space (-2, 1) tick=2
2026/09/30 21:20:37 Moving unit 24 Piercing Infantry to zone(0, 0) in space (-1, 2) tick=2
2026/09/30 21:20:37 Moving unit 27 Heavy Infantry to zone(-1, 0) in space (-2, 1) tick=2
2026/09/30 21:20:37 Moving unit 2 Blunt Infantry to zone(0, 0) in space (-1, 2) tick=2
2026/09/30 21:20:37 Moving unit 10 Blunt Infantry to zone(0, 0) in space (-1, 2) tick=2
2026/09/30 21:20:37 Moving unit 20 Piercing Infantry to zone(0, 0) in space (-1, 2) tick=2
2026/09/30 21:20:37 Moving unit 1 Blunt Infantry to zone(0, 0) in space (-1, 2) tick=2
2026/09/30 21:20:37 Moving unit 4 Blunt Infantry to zone(-1, 0) in space (-3, 2) tick=2
2026/09/30 21:20:37 Moving unit 15 Blunt Infantry to zone(0, 0) in space (-1, 2) tick=2
2026/09/30 21:20:37 Moving unit 9 Blunt Infantry to zone(0, 0) in space (-1, 2) tick=2
2026/09/30 21:20:37 Moving unit 17 Piercing Infantry to zone(0, 0) in space (-1, 2) tick=2
2026/09/30 21:20:37 Moving unit 14 Blunt Infantry to zone(0, 0) in space (-1, 2) tick=2
2026/09/30 21:20:37 Moving unit 7 Blunt Infantry to zone(0, 0) in space (-1, 2) tick=2
2026/09/30 21:20:37 Moving unit 19 Piercing Infantry to zone(0, 0) in space (-1, 2) tick=2
2026/09/30 21:20:37 Moving unit 22 Piercing Infantry to zone(0, 0) in space (-1, 2) tick=2
2026/09/30 21:20:37 Moving unit 29 Heavy Infantry to zone(-1, 0) in space (-2, 1) tick=2
2026/09/30 21:20:37 Moving unit 21 Piercing Infantry to zone(0, 0) in space (-1, 2) tick=2
2026/09/30 21:20:37 Moving unit 8 Blunt Infantry to zone(0, 0) in space (-1, 2) tick=2
2026/09/30 21:20:37 Moving unit 11 Blunt Infantry to zone(0, 0) in space (-1, 2) tick=2
2026/09/30 21:20:37 Moving unit 12 Blunt Infantry to zone(0, 0) in space (-1, 2) tick=2
2026/09/30 21:20:37 Moving unit 13 Blunt Infantry to zone(0, 0) in space (-1, 2) tick=2
2026/09/30 21:20:37 Moving unit 16 Blunt Infantry to zone(0, 0) in space (-1, 2) tick=2
2026/09/30 21:20:37 Moving unit 30 Heavy Infantry to zone(-1, 0) in space (-2, 1) tick=2
2026/09/30 21:20:37 Moving unit 3 Blunt Infantry to zone(0, 0) in space (-2, 3) tick=2
2026/09/30 21:20:37 Moving unit 5 Blunt Infantry to zone(-1, 0) in space (-3, 2) tick=2
2026/09/30 21:20:37 Moving unit 18 Piercing Infantry to zone(0, 0) in space (-1, 2) tick=2
2026/09/30 21:20:37 Moving unit 23 Piercing Infantry to zone(0, 0) in space (-1, 2) tick=2
2026/09/30 21:20:37 Moving unit 25 Heavy Infantry to zone(-1, 0) in space (-2, 1) tick=2
2026/09/30 21:20:37 Moving unit 26 Heavy Infantry to zone(-1, 0) in space (-2, 1) tick=2
2026/09/30 21:20:37 Moving unit 28 Heavy Infantry to zone(-1, 0) in space (-2, 1) tick=2
2026/09/30 21:20:37 Moving unit 32 Blunt Infantry to zone(1, 0) in space (-1, 1) tick=2
2026/09/30 21:20:37 state_hash turn=7 tick=2 hash=e88c37c4ce658657
2026/09/30 21:20:37 Moving unit 14 Blunt Infantry to zone(0, 1) in space (-1, 2) tick=3
2026/09/30 21:20:37 Moving unit 7 Blunt Infantry to zone(0, 1) in space (-1, 2) tick=3
2026/09/30 21:20:37 Moving unit 19 Piercing Infantry to zone(0, 1) in space (-1, 2) tick=3
2026/09/30 21:20:37 Moving unit 22 Piercing Infantry to zone(0, 1) in space (-1, 2) tick=3
2026/09/30 21:20:37 Moving unit 29 Heavy Infantry to zone(0, 0) in space (-2, 1) tick=3
2026/09/30 21:20:37 Moving unit 21 Piercing Infantry to zone(0, 1) in space (-1, 2) tick=3
2026/09/30 21:20:37 Moving unit 8 Blunt Infantry to zone(0, 1) in space (-1, 2) tick=3
2026/09/30 21:20:37 Moving unit 11 Blunt Infantry to zone(0, 1) in space (-1, 2) tick=3
2026/09/30 21:20:37 Moving unit 12 Blunt Infantry to zone(0, 1) in space (-1, 2) tick=3
2026/09/30 21:20:37 Moving unit 13 Blunt Infantry to zone(0, 1) in space (-1, 2) tick=3
2026/09/30 21:20:37 Moving unit 16 Blunt Infantry to zone(0, 1) in space (-1, 2) tick=3
2026/09/30 21:20:37 Moving unit 30 Heavy Infantry to zone(0, 0) in space (-2, 1) tick=3
2026/09/30 21:20:37 Moving unit 3 Blunt Infantry to zone(1, 0) in space (-2, 3) tick=3
2026/09/30 21:20:37 Moving unit 5 Blunt Infantry to zone(0, 0) in space (-3, 2) tick=3
2026/09/30 21:20:37 Moving unit 18 Piercing Infantry to zone(0, 1) in space (-1, 2) tick=3
2026/09/30 21:20:37 Moving unit 23 Piercing Infantry to zone(0, 1) in space (-1, 2) tick=3
2026/09/30 21:20:37 Moving unit 25 Heavy Infantry to zone(0, 0) in space (-2, 1) tick=3
2026/09/30 21:20:37 Moving unit 26 Heavy Infantry to zone(0, 0) in space (-2, 1) tick=3
2026/09/30 21:20:37 Moving unit 28 Heavy Infantry to zone(0, 0) in space (-2, 1) tick=3
2026/09/30 21:20:37 Moving unit 6 Blunt Infantry to zone(0, 0) in space (-2, 1) tick=3
2026/09/30 21:20:37 Moving unit 24 Piercing Infantry to zone(0, 1) in space (-1, 2) tick=3
2026/09/30 21:20:37 Moving unit 27 Heavy Infantry to zone(0, 0) in space (-2, 1) tick=3
2026/09/30 21:20:37 Moving unit 2 Blunt Infantry to zone(1, 0) in space (-1, 2) tick=3
2026/09/30 21:20:37 Moving unit 10 Blunt Infantry to zone(0, 1) in space (-1, 2) tick=3
2026/09/30 21:20:37 Moving unit 20 Piercing Infantry to zone(0, 1) in space (-1, 2) tick=3
2026/09/30 21:20:37 Moving unit 1 Blunt Infantry to zone(0, 1) in space (-1, 2) tick=3
2026/09/30 21:20:37 Moving unit 4 Blunt Infantry to zone(0, 0) in space (-3, 2) tick=3
2026/09/30 21:20:37 Moving unit 15 Blunt Infantry to zone(0, 1) in space (-1, 2) tick=3
2026/09/30 21:20:37 Moving unit 9 Blunt Infantry to zone(0, 1) in space (-1, 2) tick=3
2026/09/30 21:20:37 Moving unit 17 Piercing Infantry to zone(0, 1) in space (-1, 2) tick=3
2026/09/30 21:20:37 Moving unit 32 Blunt Infantry to zone(0, 0) in space (-1, 1) tick=3
2026/09/30 21:20:37 state_hash turn=7 tick=3 hash=60bba7d21e3dd8d7
2026/09/30 21:20:37 Moving unit 7 Blunt Infantry to zone(0, -1) in space (-1, 3) tick=4
2026/09/30 21:20:37 Moving unit 8 Blunt Infantry to zone(0, -1) in space (-1, 3) tick=4
2026/09/30 21:20:37 Moving unit 11 Blunt Infantry to zone(0, -1) in space (-1, 3) tick=4
2026/09/30 21:20:37 Moving unit 12 Blunt Infantry to zone(0, -1) in space (-1, 3) tick=4
2026/09/30 21:20:37 Moving unit 13 Blunt Infantry to zone(0, -1) in space (-1, 3) tick=4
2026/09/30 21:20:37 Moving unit 16 Blunt Infantry to zone(0, -1) in space (-1, 3) tick=4
2026/09/30 21:20:37 Moving unit 3 Blunt Infantry to zone(-1, 0) in space (-1, 3) tick=4
2026/09/30 21:20:37 Moving unit 5 Blunt Infantry to zone(1, 0) in space (-3, 2) tick=4
2026/09/30 21:20:37 Moving unit 6 Blunt Infantry to zone(-1, 1) in space (-2, 1) tick=4
2026/09/30 21:20:37 Moving unit 2 Blunt Infantry to zone(-1, 0) in space (0, 2) tick=4
2026/09/30 21:20:37 Moving unit 10 Blunt Infantry to zone(0, -1) in space (-1, 3) tick=4
2026/09/30 21:20:37 Moving unit 1 Blunt Infantry to zone(0, -1) in space (-1, 3) tick=4
2026/09/30 21:20:37 Moving unit 4 Blunt Infantry to zone(1, 0) in space (-3, 2) tick=4
2026/09/30 21:20:37 Moving unit 15 Blunt Infantry to zone(0, -1) in space (-1, 3) tick=4
2026/09/30 21:20:37 Moving unit 9 Blunt Infantry to zone(0, -1) in space (-1, 3) tick=4
2026/09/30 21:20:37 Moving unit 14 Blunt Infantry to zone(0, -1) in space (-1, 3) tick=4
2026/09/30 21:20:37 Moving unit 32 Blunt Infantry to zone(-1, 0) in space (-1, 1) tick=4
2026/09/30 21:20:37 state_hash turn=7 tick=4 hash=714b8ce79340f29a
2026/09/30 21:20:37 Moving unit 7 Blunt Infantry to zone(0, 0) in space (-1, 3) tick=5
2026/09/30 21:20:37 Moving unit 8 Blunt Infantry to zone(0, 0) in space (-1, 3) tick=5
2026/09/30 21:20:37 Moving unit 11 Blunt Infantry to zone(0, 0) in space (-1, 3) tick=5
2026/09/30 21:20:37 Moving unit 12 Blunt Infantry to zone(0, 0) in space (-1, 3) tick=5
2026/09/30 21:20:37 Moving unit 13 Blunt Infantry to zone(0, 0) in space (-1, 3) tick=5
2026/09/30 21:20:37 Moving unit 16 Blunt Infantry to zone(0, 0) in space (-1, 3) tick=5
2026/09/30 21:20:37 Moving unit 3 Blunt Infantry to zone(0, 0) in space (-1, 3) tick=5
2026/09/30 21:20:37 Moving unit 5 Blunt Infantry to zone(-1, 0) in space (-2, 2) tick=5
2026/09/30 21:20:37 Moving unit 6 Blunt Infantry to zone(1, -1) in space (-3, 2) tick=5
2026/09/30 21:20:37 Moving unit 2 Blunt Infantry to zone(0, 0) in space (0, 2) tick=5
2026/09/30 21:20:37 Moving unit 10 Blunt Infantry to zone(0, 0) in space (-1, 3) tick=5
2026/09/30 21:20:37 Moving unit 1 Blunt Infantry to zone(0, 0) in space (-1, 3) tick=5
2026/09/30 21:20:37 Moving unit 4 Blunt Infantry to zone(-1, 0) in space (-2, 2) tick=5
2026/09/30 21:20:37 Moving unit 15 Blunt Infantry to zone(0, 0) in space (-1, 3) tick=5
2026/09/30 21:20:37 Moving unit 9 Blunt Infantry to zone(0, 0) in space (-1, 3) tick=5
2026/09/30 21:20:37 Moving unit 14 Blunt Infantry to zone(0, 0) in space (-1, 3) tick=5
2026/09/30 21:20:37 Moving unit 32 Blunt Infantry to zone(1, 0) in space (-2, 1) tick=5
2026/09/30 21:20:37 state_hash turn=7 tick=5 hash=58604c7c4001370d
2026/09/30 21:20:37 Moving unit 3 Blunt Infantry to zone(0, 1) in space (-1, 3) tick=6
2026/09/30 21:20:37 Moving unit 5 Blunt Infantry to zone(0, 0) in space (-2, 2) tick=6
2026/09/30 21:20:37 Moving unit 2 Blunt Infantry to zone(0, 1) in space (0, 2) tick=6
2026/09/30 21:20:37 Moving unit 10 Blunt Infantry to zone(0, 1) in space (-1, 3) tick=6
2026/09/30 21:20:37 Moving unit 1 Blunt Infantry to zone(0, 1) in space (-1, 3) tick=6
2026/09/30 21:20:37 Moving unit 4 Blunt Infantry to zone(0, 0) in space (-2, 2) tick=6
2026/09/30 21:20:37 Moving unit 15 Blunt Infantry to zone(0, 1) in space (-1, 3) tick=6
2026/09/30 21:20:37 Moving unit 9 Blunt Infantry to zone(0, 1) in space (-1, 3) tick=6
2026/09/30 21:20:37 Moving unit 14 Blunt Infantry to zone(0, 1) in space (-1, 3) tick=6
2026/09/30 21:20:37 Moving unit 7 Blunt Infantry to zone(0, 1) in space (-1, 3) tick=6
2026/09/30 21:20:37 Moving unit 8 Blunt Infantry to zone(0, 1) in space (-1, 3) tick=6
2026/09/30 21:20:37 Moving unit 11 Blunt Infantry to zone(0, 1) in space (-1, 3) tick=6
2026/09/30 21:20:37 Moving unit 12 Blunt Infantry to zone(0, 1) in space (-1, 3) tick=6
2026/09/30 21:20:37 Moving unit 13 Blunt Infantry to zone(0, 1) in space (-1, 3) tick=6
2026/09/30 21:20:37 Moving unit 16 Blunt Infantry to zone(0, 1) in space (-1, 3) tick=6
2026/09/30 21:20:37 Moving unit 32 Blunt Infantry to zone(0, 0) in space (-2, 1) tick=6
2026/09/30 21:20:37 state_hash turn=7 tick=6 hash=db08f0f62652ae37
2026/09/30 21:20:37 Moving unit 5 Blunt Infantry to zone(1, 0) in space (-2, 2) tick=7
2026/09/30 21:20:37 Moving unit 4 Blunt Infantry to zone(1, 0) in space (-2, 2) tick=7
2026/09/30 21:20:37 state_hash turn=7 tick=7 hash=ad5675d4dd2abf66
2026/09/30 21:20:37 Moving unit 5 Blunt Infantry to zone(-1, 0) in space (-1, 2) tick=8
2026/09/30 21:20:37 combat turn=7 tick=8: 32 u11 (player 1, stamina 3) hits 25 u13 (player 0) for 0.71
2026/09/30 21:20:37 state_hash turn=7 tick=8 hash=a96ec29d8ebbad4e
2026/09/30 21:20:37 combat turn=7 tick=9: 32 u11 (player 1, stamina 3) hits 25 u13 (player 0) for 0.71
2026/09/30 21:20:37 state_hash turn=7 tick=9 hash=f8b0b6925a995853
2026/09/30 21:20:37 state_hash turn=7 tick=end hash=d9228e9aba26b9c2
2026/09/30 21:20:37 ai ai-1: new turn data {"buildings":[],"enemy_buildings":[],"enemy_units":[{"InternalID":25,"UnitID":13,"Type":2,"Kind":1,"Location":{"Space":{"X":-2,"Y":1},"Zone":{"X":0,"Y":0}},"CurrentStamina":8,"CurrentOrder":null,"Builds":[],"GarrisonedIn":null,"Stance":0,"InterruptCurrent":false,"AttackBack":false,"TargetPriority":"","ActiveOrders":null,"Health":48.5714,"MaxHealth":50},{"InternalID":26,"UnitID":13,"Type":2,"Kind":1,"Location":{"Space":{"X":-2,"Y":1},"Zone":{"X":0,"Y":0}},"CurrentStamina":8,"CurrentOrder":null,"Builds":[],"GarrisonedIn":null,"Stance":0,"InterruptCurrent":false,"AttackBack":false,"TargetPriority":"","ActiveOrders":null,"Health":50,"MaxHealth":50},{"InternalID":27,"UnitID":13,"Type":2,"Kind":1,"Location":{"Space":{"X":-2,"Y":1},"Zone":{"X":0,"Y":0}},"CurrentStamina":8,"CurrentOrder":null,"Builds":[],"GarrisonedIn":null,"Stance":0,"InterruptCurrent":false,"AttackBack":false,"TargetPriority":"","ActiveOrders":null,"Health":50,"MaxHealth":50},{"InternalID":28,"UnitID":13,"Type":2,"Kind":1,"Location":{"Space":{"X":-2,"Y":1},"Zone":{"X":0,"Y":0}},"CurrentStamina":8,"CurrentOrder":null,"Builds":[],"GarrisonedIn":null,"Stance":0,"InterruptCurrent":false,"AttackBack":false,"TargetPriority":"","ActiveOrders":null,"Health":50,"MaxHealth":50},{"InternalID":29,"UnitID":13,"Type":2,"Kind":1,"Location":{"Space":{"X":-2,"Y":1},"Zone":{"X":0,"Y":0}},"CurrentStamina":8,"CurrentOrder":null,"Builds":[],"GarrisonedIn":null,"Stance":0,"InterruptCurrent":false,"AttackBack":false,"TargetPriority":"","ActiveOrders":null,"Health":50,"MaxHealth":50},{"InternalID":30,"UnitID":13,"Type":2,"Kind":1,"Location":{"Space":{"X":-2,"Y":1},"Zone":{"X":0,"Y":0}},"CurrentStamina":8,"CurrentOrder":null,"Builds":[],"GarrisonedIn":null,"Stance":0,"InterruptCurrent":false,"AttackBack":false,"TargetPriority":"","ActiveOrders":null,"Health":50,"MaxHealth":50}],"foundations":[],"population":{"current":29,"limit":0},"resources":{"food":200,"gold":24,"stone":100,"wood":200},"spaces":[{"Space":{"X":0,"Y":-4},"Vision":0,"Owner":-1},{"Space":{"X":1,"Y":-4},"Vision":0,"Owner":-1},{"Space":{"X":2,"Y":-4},"Vision":0,"Owner":-1},{"Space":{"X":3,"Y":-4},"Vision":0,"Owner":-1},{"Space":{"X":4,"Y":-4},"Vision":0,"Owner":-1},{"Space":{"X":-1,"Y":-3},"Vision":0,"Owner":-1},{"Space":{"X":0,"Y":-3},"Vision":0,"Owner":-1},{"Space":{"X":1,"Y":-3},"Vision":0,"Owner":-1},{"Space":{"X":2,"Y":-3},"Vision":0,"Owner":-1},{"Space":{"X":3,"Y":-3},"Vision":0,"Owner":-1},{"Space":{"X":4,"Y":-3},"Vision":0,"Owner":-1},{"Space":{"X":-2,"Y":-2},"Vision":0,"Owner":-1},{"Space":{"X":-1,"Y":-2},"Vision":0,"Owner":-1},{"Space":{"X":0,"Y":-2},"Vision":0,"Owner":-1},{"Space":{"X":1,"Y":-2},"Vision":0,"Owner":-1},{"Space":{"X":2,"Y":-2},"Vision":0,"Owner":-1},{"Space":{"X":3,"Y":-2},"Vision":0,"Owner":-1},{"Space":{"X":4,"Y":-2},"Vision":0,"Owner":-1},{"Space":{"X":-3,"Y":-1},"Vision":0,"Owner":-1},{"Space":{"X":-2,"Y":-1},"Vision":0,"Owner":-1},{"Space":{"X":-1,"Y":-1},"Vision":0,"Owner":-1},{"Space":{"X":0,"Y":-1},"Vision":0,"Owner":-1},{"Space":{"X":1,"Y":-1},"Vision":0,"Owner":-1},{"Space":{"X":2,"Y":-1},"Vision":0,"Owner":-1},{"Space":{"X":3,"Y":-1},"Vision":0,"Owner":-1},{"Space":{"X":4,"Y":-1},"Vision":0,"Owner":-1},{"Space":{"X":-4,"Y":0},"Vision":0,"Owner":-1},{"Space":{"X":-3,"Y":0},"Vision":0,"Owner":-1},{"Space":{"X":-2,"Y":0},"Vision":2,"Owner":-1},{"Space":{"X":-1,"Y":0},"Vision":2,"Owner":-1},{"Space":{"X":0,"Y":0},"Vision":1,"Owner":-1},{"Space":{"X":1,"Y":0},"Vision":1,"Owner":-1},{"Space":{"X":2,"Y":0},"Vision":0,"Owner":-1},{"Space":{"X":3,"Y":0},"Vision":0,"Owner":-1},{"Space":{"X":4,"Y":0},"Vision":0,"Owner":-1},{"Space":{"X":-4,"Y":1},"Vision":0,"Owner":-1},{"Space":{"X":-3,"Y":1},"Vision":2,"Owner":-1},{"Space":{"X":-2,"Y":1},"Vision":3,"Owner":-1},{"Space":{"X":-1,"Y":1},"Vision":2,"Owner":-1},{"Space":{"X":0,"Y":1},"Vision":1,"Owner":-1},{"Space":{"X":1,"Y":1},"Vision":1,"Owner":-1},{"Space":{"X":2,"Y":1},"Vision":0,"Owner":-1},{"Space":{"X":3,"Y":1},"Vision":0,"Owner":-1},{"Space":{"X":-4,"Y":2},"Vision":1,"Owner":0},{"Space":{"X":-3,"Y":2},"Vision":2,"Owner":0},{"Space":{"X":-2,"Y":2},"Vision":2,"Owner":0},{"Space":{"X":-1,"Y":2},"Vision":1,"Owner":0},{"Space":{"X":0,"Y":2},"Vision":2,"Owner":0},{"Space":{"X":1,"Y":2},"Vision":2,"Owner":-1},{"Space":{"X":2,"Y":2},"Vision":0,"Owner":-1},{"Space":{"X":-4,"Y":3},"Vision":1,"Owner":0},{"Space":{"X":-3,"Y":3},"Vision":1,"Owner":-1},{"Space":{"X":-2,"Y":3},"Vision":1,"Owner":0},{"Space":{"X":-1,"Y":3},"Vision":2,"Owner":0},{"Space":{"X":0,"Y":3},"Vision":3,"Owner":1},{"Space":{"X":1,"Y":3},"Vision":2,"Owner":-1},{"Space":{"X":-4,"Y":4},"Vision":1,"Owner":-1},{"Space":{"X":-3,"Y":4},"Vision":1,"Owner":-1},{"Space":{"X":-2,"Y":4},"Vision":1,"Owner":-1},{"Space":{"X":-1,"Y":4},"Vision":2,"Owner":-1},{"Space":{"X":0,"Y":4},"Vision":2,"Owner":-1}],"units":[{"InternalID":32,"UnitID":11,"Type":2,"Kind":1,"Location":{"Space":{"X":-2,"Y":1},"Zone":{"X":0,"Y":0}},"CurrentStamina":15,"CurrentOrder":{"Kind":4,"TargetZone":null,"TargetSpace":{"X":-2,"Y":1},"TargetResource":null,"TargetUnit":null,"TargetBuilding":null},"Builds":[],"GarrisonedIn":null,"Stance":3,"InterruptCurrent":false,"AttackBack":true,"TargetPriority":"","ActiveOrders":[{"ID":178,"Kind":4}],"Health":11,"MaxHealth":11},{"InternalID":33,"UnitID":11,"Type":2,"Kind":1,"Location":{"Space":{"X":0,"Y":3},"Zone":{"X":0,"Y":0}},"CurrentStamina":23,"CurrentOrder":null,"Builds":[],"GarrisonedIn":null,"Stance":3,"InterruptCurrent":false,"AttackBack":true,"TargetPriority":"","ActiveOrders":null,"Health":11,"MaxHealth":11},{"InternalID":34,"UnitID":11,"Type":2,"Kind":1,"Location":{"Space":{"X":0,"Y":3},"Zone":{"X":0,"Y":0}},"CurrentStamina":23,"CurrentOrder":null,"Builds":[],"GarrisonedIn":null,"Stance":3,"InterruptCurrent":false,"AttackBack":true,"TargetPriority":"","ActiveOrders":null,"Health":11,"MaxHealth":11},{"InternalID":35,"UnitID":11,"Type":2,"Kind":1,"Location":{"Space":{"X":0,"Y":3},"Zone":{"X":0,"Y":0}},"CurrentStamina":23,"CurrentOrder":null,"Builds":[],"GarrisonedIn":null,"Stance":3,"InterruptCurrent":false,"AttackBack":true,"TargetPriority":"","ActiveOrders":null,"Health":11,"MaxHealth":11},{"InternalID":36,"UnitID":11,"Type":2,"Kind":1,"Location":{"Space":{"X":0,"Y":3},"Zone":{"X":0,"Y":0}},"CurrentStamina":23,"CurrentOrder":null,"Builds":[],"GarrisonedIn":null,"Stance":3,"InterruptCurrent":false,"AttackBack":true,"TargetPriority":"","ActiveOrders":null,"Health":11,"MaxHealth":11},{"InternalID":37,"UnitID":11,"Type":2,"Kind":1,"Location":{"Space":{"X":0,"Y":3},"Zone":{"X":0,"Y":0}},"CurrentStamina":23,"CurrentOrder":null,"Builds":[],"GarrisonedIn":null,"Stance":3,"InterruptCurrent":false,"AttackBack":true,"TargetPriority":"","ActiveOrders":null,"Health":11,"MaxHealth":11},{"InternalID":38,"UnitID":11,"Type":2,"Kind":1,"Location":{"Space":{"X":0,"Y":3},"Zone":{"X":0,"Y":0}},"CurrentStamina":23,"CurrentOrder":null,"Builds":[],"GarrisonedIn":null,"Stance":3,"InterruptCurrent":false,"AttackBack":true,"TargetPriority":"","ActiveOrders":null,"Health":11,"MaxHealth":11},{"InternalID":39,"UnitID":11,"Type":2,"Kind":1,"Location":{"Space":{"X":0,"Y":3},"Zone":{"X":0,"Y":0}},"CurrentStamina":23,"CurrentOrder":null,"Builds":[],"GarrisonedIn":null,"Stance":3,"InterruptCurrent":false,"AttackBack":true,"TargetPriority":"","ActiveOrders":null,"Health":11,"MaxHealth":11},{"InternalID":40,"UnitID":11,"Type":2,"Kind":1,"Location":{"Space":{"X":0,"Y":3},"Zone":{"X":0,"Y":0}},"CurrentStamina":23,"CurrentOrder":null,"Builds":[],"GarrisonedIn":null,"Stance":3,"InterruptCurrent":false,"AttackBack":true,"TargetPriority":"","ActiveOrders":null,"Health":11,"MaxHealth":11},{"InternalID":41,"UnitID":11,"Type":2,"Kind":1,"Location":{"Space":{"X":0,"Y":3},"Zone":{"X":0,"Y":0}},"CurrentStamina":23,"CurrentOrder":null,"Builds":[],"GarrisonedIn":null,"Stance":3,"InterruptCurrent":false,"AttackBack":true,"TargetPriority":"","ActiveOrders":null,"Health":11,"MaxHealth":11},{"InternalID":42,"UnitID":11,"Type":2,"Kind":1,"Location":{"Space":{"X":0,"Y":3},"Zone":{"X":0,"Y":0}},"CurrentStamina":23,"CurrentOrder":null,"Builds":[],"GarrisonedIn":null,"Stance":3,"InterruptCurrent":false,"AttackBack":true,"TargetPriority":"","ActiveOrders":null,"Health":11,"MaxHealth":11},{"InternalID":43,"UnitID":11,"Type":2,"Kind":1,"Location":{"Space":{"X":0,"Y":3},"Zone":{"X":0,"Y":0}},"CurrentStamina":23,"CurrentOrder":null,"Builds":[],"GarrisonedIn":null,"Stance":3,"InterruptCurrent":false,"AttackBack":true,"TargetPriority":"","ActiveOrders":null,"Health":11,"MaxHealth":11},{"InternalID":44,"UnitID":11,"Type":2,"Kind":1,"Location":{"Space":{"X":0,"Y":3},"Zone":{"X":0,"Y":0}},"CurrentStamina":23,"CurrentOrder":null,"Builds":[],"GarrisonedIn":null,"Stance":3,"InterruptCurrent":false,"AttackBack":true,"TargetPriority":"","ActiveOrders":null,"Health":11,"MaxHealth":11},{"InternalID":45,"UnitID":11,"Type":2,"Kind":1,"Location":{"Space":{"X":0,"Y":3},"Zone":{"X":0,"Y":0}},"CurrentStamina":23,"CurrentOrder":null,"Builds":[],"GarrisonedIn":null,"Stance":3,"InterruptCurrent":false,"AttackBack":true,"TargetPriority":"","ActiveOrders":null,"Health":11,"MaxHealth":11},{"InternalID":46,"UnitID":11,"Type":2,"Kind":1,"Location":{"Space":{"X":0,"Y":3},"Zone":{"X":0,"Y":0}},"CurrentStamina":23,"CurrentOrder":null,"Builds":[],"GarrisonedIn":null,"Stance":3,"InterruptCurrent":false,"AttackBack":true,"TargetPriority":"","ActiveOrders":null,"Health":11,"MaxHealth":11},{"InternalID":47,"UnitID":12,"Type":2,"Kind":1,"Location":{"Space":{"X":0,"Y":3},"Zone":{"X":0,"Y":0}},"CurrentStamina":18,"CurrentOrder":null,"Builds":[],"GarrisonedIn":null,"Stance":3,"InterruptCurrent":false,"AttackBack":true,"TargetPriority":"","ActiveOrders":null,"Health":16,"MaxHealth":16},{"InternalID":48,"UnitID":12,"Type":2,"Kind":1,"Location":{"Space":{"X":0,"Y":3},"Zone":{"X":0,"Y":0}},"CurrentStamina":18,"CurrentOrder":null,"Builds":[],"GarrisonedIn":null,"Stance":3,"InterruptCurrent":false,"AttackBack":true,"TargetPriority":"","ActiveOrders":null,"Health":16,"MaxHealth":16},{"InternalID":49,"UnitID":12,"Type":2,"Kind":1,"Location":{"Space":{"X":0,"Y":3},"Zone":{"X":0,"Y":0}},"CurrentStamina":18,"CurrentOrder":null,"Builds":[],"GarrisonedIn":null,"Stance":3,"InterruptCurrent":false,"AttackBack":true,"TargetPriority":"","ActiveOrders":null,"Health":16,"MaxHealth":16},{"InternalID":50,"UnitID":12,"Type":2,"Kind":1,"Location":{"Space":{"X":0,"Y":3},"Zone":{"X":0,"Y":0}},"CurrentStamina":18,"CurrentOrder":null,"Builds":[],"GarrisonedIn":null,"Stance":3,"InterruptCurrent":false,"AttackBack":true,"TargetPriority":"","ActiveOrders":null,"Health":16,"MaxHealth":16},{"InternalID":51,"UnitID":12,"Type":2,"Kind":1,"Location":{"Space":{"X":0,"Y":3},"Zone":{"X":0,"Y":0}},"CurrentStamina":18,"CurrentOrder":null,"Builds":[],"GarrisonedIn":null,"Stance":3,"InterruptCurrent":false,"AttackBack":true,"TargetPriority":"","ActiveOrders":null,"Health":16,"MaxHealth":16},{"InternalID":52,"UnitID":12,"Type":2,"Kind":1,"Location":{"Space":{"X":0,"Y":3},"Zone":{"X":0,"Y":0}},"CurrentStamina":18,"CurrentOrder":null,"Builds":[],"GarrisonedIn":null,"Stance":3,"InterruptCurrent":false,"AttackBack":true,"TargetPriority":"","ActiveOrders":null,"Health":16,"MaxHealth":16},{"InternalID":53,"UnitID":12,"Type":2,"Kind":1,"Location":{"Space":{"X":0,"Y":3},"Zone":{"X":0,"Y":0}},"CurrentStamina":18,"CurrentOrder":null,"Builds":[],"GarrisonedIn":null,"Stance":3,"InterruptCurrent":false,"AttackBack":true,"TargetPriority":"","ActiveOrders":null,"Health":16,"MaxHealth":16},{"InternalID":54,"UnitID":12,"Type":2,"Kind":1,"Location":{"Space":{"X":0,"Y":3},"Zone":{"X":0,"Y":0}},"CurrentStamina":18,"CurrentOrder":null,"Builds":[],"GarrisonedIn":null,"Stance":3,"InterruptCurrent":false,"AttackBack":true,"TargetPriority":"","ActiveOrders":null,"Health":16,"MaxHealth":16},{"InternalID":55,"UnitID":13,"Type":2,"Kind":1,"Location":{"Space":{"X":0,"Y":3},"Zone":{"X":0,"Y":0}},"CurrentStamina":12,"CurrentOrder":null,"Builds":[],"GarrisonedIn":null,"Stance":3,"InterruptCurrent":false,"AttackBack":true,"TargetPriority":"","ActiveOrders":null,"Health":50,"MaxHealth":50},{"InternalID":56,"UnitID":13,"Type":2,"Kind":1,"Location":{"Space":{"X":0,"Y":3},"Zone":{"X":0,"Y":0}},"CurrentStamina":12,"CurrentOrder":null,"Builds":[],"GarrisonedIn":null,"Stance":3,"InterruptCurrent":false,"AttackBack":true,"TargetPriority":"","ActiveOrders":null,"Health":50,"MaxHealth":50},{"InternalID":57,"UnitID":13,"Type":2,"Kind":1,"Location":{"Space":{"X":0,"Y":3},"Zone":{"X":0,"Y":0}},"CurrentStamina":12,"CurrentOrder":null,"Builds":[],"GarrisonedIn":null,"Stance":3,"InterruptCurrent":false,"AttackBack":true,"TargetPriority":"","ActiveOrders":null,"Health":50,"MaxHealth":50},{"InternalID":58,"UnitID":13,"Type":2,"Kind":1,"Location":{"Space":{"X":0,"Y":3},"Zone":{"X":0,"Y":0}},"CurrentStamina":12,"CurrentOrder":null,"Builds":[],"GarrisonedIn":null,"Stance":3,"InterruptCurrent":false,"AttackBack":true,"TargetPriority":"","ActiveOrders":null,"Health":50,"MaxHealth":50},{"InternalID":59,"UnitID":13,"Type":2,"Kind":1,"Location":{"Space":{"X":0,"Y":3},"Zone":{"X":0,"Y":0}},"CurrentStamina":12,"CurrentOrder":null,"Builds":[],"GarrisonedIn":null,"Stance":3,"InterruptCurrent":false,"AttackBack":true,"TargetPriority":"","ActiveOrders":null,"Health":50,"MaxHealth":50},{"InternalID":60,"UnitID":13,"Type":2,"Kind":1,"Location":{"Space":{"X":0,"Y":3},"Zone":{"X":0,"Y":0}},"CurrentStamina":12,"CurrentOrder":null,"Builds":[],"GarrisonedIn":null,"Stance":3,"InterruptCurrent":false,"AttackBack":true,"TargetPriority":"","ActiveOrders":null,"Health":50,"MaxHealth":50}]}
2026/09/30 21:20:37 ai ai-1: submitting orders []
2026/09/30 21:20:37 ai ai-1: vars {}
2026/09/30 21:20:37 player action: submit-orders 0 2 map[orders:[]]
2026/09/30 21:20:37 Executing submit orders for: 1 []
2026/09/30 21:20:37 ai ai-0: new turn data {"buildings":[],"enemy_buildings":[],"enemy_units":[{"InternalID":32,"UnitID":11,"Type":2,"Kind":1,"Location":{"Space":{"X":-2,"Y":1},"Zone":{"X":0,"Y":0}},"CurrentStamina":15,"CurrentOrder":null,"Builds":[],"GarrisonedIn":null,"Stance":0,"InterruptCurrent":false,"AttackBack":false,"TargetPriority":"","ActiveOrders":null,"Health":11,"MaxHealth":11},{"InternalID":33,"UnitID":11,"Type":2,"Kind":1,"Location":{"Space":{"X":0,"Y":3},"Zone":{"X":0,"Y":0}},"CurrentStamina":23,"CurrentOrder":null,"Builds":[],"GarrisonedIn":null,"Stance":0,"InterruptCurrent":false,"AttackBack":false,"TargetPriority":"","ActiveOrders":null,"Health":11,"MaxHealth":11},{"InternalID":34,"UnitID":11,"Type":2,"Kind":1,"Location":{"Space":{"X":0,"Y":3},"Zone":{"X":0,"Y":0}},"CurrentStamina":23,"CurrentOrder":null,"Builds":[],"GarrisonedIn":null,"Stance":0,"InterruptCurrent":false,"AttackBack":false,"TargetPriority":"","ActiveOrders":null,"Health":11,"MaxHealth":11},{"InternalID":35,"UnitID":11,"Type":2,"Kind":1,"Location":{"Space":{"X":0,"Y":3},"Zone":{"X":0,"Y":0}},"CurrentStamina":23,"CurrentOrder":null,"Builds":[],"GarrisonedIn":null,"Stance":0,"InterruptCurrent":false,"AttackBack":false,"TargetPriority":"","ActiveOrders":null,"Health":11,"MaxHealth":11},{"InternalID":36,"UnitID":11,"Type":2,"Kind":1,"Location":{"Space":{"X":0,"Y":3},"Zone":{"X":0,"Y":0}},"CurrentStamina":23,"CurrentOrder":null,"Builds":[],"GarrisonedIn":null,"Stance":0,"InterruptCurrent":false,"AttackBack":false,"TargetPriority":"","ActiveOrders":null,"Health":11,"MaxHealth":11},{"InternalID":37,"UnitID":11,"Type":2,"Kind":1,"Location":{"Space":{"X":0,"Y":3},"Zone":{"X":0,"Y":0}},"CurrentStamina":23,"CurrentOrder":null,"Builds":[],"GarrisonedIn":null,"Stance":0,"InterruptCurrent":false,"AttackBack":false,"TargetPriority":"","ActiveOrders":null,"Health":11,"MaxHealth":11},{"InternalID":38,"UnitID":11,"Type":2,"Kind":1,"Location":{"Space":{"X":0,"Y":3},"Zone":{"X":0,"Y":0}},"CurrentStamina":23,"CurrentOrder":null,"Builds":[],"GarrisonedIn":null,"Stance":0,"InterruptCurrent":false,"AttackBack":false,"TargetPriority":"","ActiveOrders":null,"Health":11,"MaxHealth":11},{"InternalID":39,"UnitID":11,"Type":2,"Kind":1,"Location":{"Space":{"X":0,"Y":3},"Zone":{"X":0,"Y":0}},"CurrentStamina":23,"CurrentOrder":null,"Builds":[],"GarrisonedIn":null,"Stance":0,"InterruptCurrent":false,"AttackBack":false,"TargetPriority":"","ActiveOrders":null,"Health":11,"MaxHealth":11},{"InternalID":40,"UnitID":11,"Type":2,"Kind":1,"Location":{"Space":{"X":0,"Y":3},"Zone":{"X":0,"Y":0}},"CurrentStamina":23,"CurrentOrder":null,"Builds":[],"GarrisonedIn":null,"Stance":0,"InterruptCurrent":false,"AttackBack":false,"TargetPriority":"","ActiveOrders":null,"Health":11,"MaxHealth":11},{"InternalID":41,"UnitID":11,"Type":2,"Kind":1,"Location":{"Space":{"X":0,"Y":3},"Zone":{"X":0,"Y":0}},"CurrentStamina":23,"CurrentOrder":null,"Builds":[],"GarrisonedIn":null,"Stance":0,"InterruptCurrent":false,"AttackBack":false,"TargetPriority":"","ActiveOrders":null,"Health":11,"MaxHealth":11},{"InternalID":42,"UnitID":11,"Type":2,"Kind":1,"Location":{"Space":{"X":0,"Y":3},"Zone":{"X":0,"Y":0}},"CurrentStamina":23,"CurrentOrder":null,"Builds":[],"GarrisonedIn":null,"Stance":0,"InterruptCurrent":false,"AttackBack":false,"TargetPriority":"","ActiveOrders":null,"Health":11,"MaxHealth":11},{"InternalID":43,"UnitID":11,"Type":2,"Kind":1,"Location":{"Space":{"X":0,"Y":3},"Zone":{"X":0,"Y":0}},"CurrentStamina":23,"CurrentOrder":null,"Builds":[],"GarrisonedIn":null,"Stance":0,"InterruptCurrent":false,"AttackBack":false,"TargetPriority":"","ActiveOrders":null,"Health":11,"MaxHealth":11},{"InternalID":44,"UnitID":11,"Type":2,"Kind":1,"Location":{"Space":{"X":0,"Y":3},"Zone":{"X":0,"Y":0}},"CurrentStamina":23,"CurrentOrder":null,"Builds":[],"GarrisonedIn":null,"Stance":0,"InterruptCurrent":false,"AttackBack":false,"TargetPriority":"","ActiveOrders":null,"Health":11,"MaxHealth":11},{"InternalID":45,"UnitID":11,"Type":2,"Kind":1,"Location":{"Space":{"X":0,"Y":3},"Zone":{"X":0,"Y":0}},"CurrentStamina":23,"CurrentOrder":null,"Builds":[],"GarrisonedIn":null,"Stance":0,"InterruptCurrent":false,"AttackBack":false,"TargetPriority":"","ActiveOrders":null,"Health":11,"MaxHealth":11},{"InternalID":46,"UnitID":11,"Type":2,"Kind":1,"Location":{"Space":{"X":0,"Y":3},"Zone":{"X":0,"Y":0}},"CurrentStamina":23,"CurrentOrder":null,"Builds":[],"GarrisonedIn":null,"Stance":0,"InterruptCurrent":false,"AttackBack":false,"TargetPriority":"","ActiveOrders":null,"Health":11,"MaxHealth":11},{"InternalID":47,"UnitID":12,"Type":2,"Kind":1,"Location":{"Space":{"X":0,"Y":3},"Zone":{"X":0,"Y":0}},"CurrentStamina":18,"CurrentOrder":null,"Builds":[],"GarrisonedIn":null,"Stance":0,"InterruptCurrent":false,"AttackBack":false,"TargetPriority":"","ActiveOrders":null,"Health":16,"MaxHealth":16},{"InternalID":48,"UnitID":12,"Type":2,"Kind":1,"Location":{"Space":{"X":0,"Y":3},"Zone":{"X":0,"Y":0}},"CurrentStamina":18,"CurrentOrder":null,"Builds":[],"GarrisonedIn":null,"Stance":0,"InterruptCurrent":false,"AttackBack":false,"TargetPriority":"","ActiveOrders":null,"Health":16,"MaxHealth":16},{"InternalID":49,"UnitID":12,"Type":2,"Kind":1,"Location":{"Space":{"X":0,"Y":3},"Zone":{"X":0,"Y":0}},"CurrentStamina":18,"CurrentOrder":null,"Builds":[],"GarrisonedIn":null,"Stance":0,"InterruptCurrent":false,"AttackBack":false,"TargetPriority":"","ActiveOrders":null,"Health":16,"MaxHealth":16},{"InternalID":50,"UnitID":12,"Type":2,"Kind":1,"Location":{"Space":{"X":0,"Y":3},"Zone":{"X":0,"Y":0}},"CurrentStamina":18,"CurrentOrder":null,"Builds":[],"GarrisonedIn":null,"Stance":0,"InterruptCurrent":false,"AttackBack":false,"TargetPriority":"","ActiveOrders":null,"Health":16,"MaxHealth":16},{"InternalID":51,"UnitID":12,"Type":2,"Kind":1,"Location":{"Space":{"X":0,"Y":3},"Zone":{"X":0,"Y":0}},"CurrentStamina":18,"CurrentOrder":null,"Builds":[],"GarrisonedIn":null,"Stance":0,"InterruptCurrent":false,"AttackBack":false,"TargetPriority":"","ActiveOrders":null,"Health":16,"MaxHealth":16},{"InternalID":52,"UnitID":12,"Type":2,"Kind":1,"Location":{"Space":{"X":0,"Y":3},"Zone":{"X":0,"Y":0}},"CurrentStamina":18,"CurrentOrder":null,"Builds":[],"GarrisonedIn":null,"Stance":0,"InterruptCurrent":false,"AttackBack":false,"TargetPriority":"","ActiveOrders":null,"Health":16,"MaxHealth":16},{"InternalID":53,"UnitID":12,"Type":2,"Kind":1,"Location":{"Space":{"X":0,"Y":3},"Zone":{"X":0,"Y":0}},"CurrentStamina":18,"CurrentOrder":null,"Builds":[],"GarrisonedIn":null,"Stance":0,"InterruptCurrent":false,"AttackBack":false,"TargetPriority":"","ActiveOrders":null,"Health":16,"MaxHealth":16},{"InternalID":54,"UnitID":12,"Type":2,"Kind":1,"Location":{"Space":{"X":0,"Y":3},"Zone":{"X":0,"Y":0}},"CurrentStamina":18,"CurrentOrder":null,"Builds":[],"GarrisonedIn":null,"Stance":0,"InterruptCurrent":false,"AttackBack":false,"TargetPriority":"","ActiveOrders":null,"Health":16,"MaxHealth":16},{"InternalID":55,"UnitID":13,"Type":2,"Kind":1,"Location":{"Space":{"X":0,"Y":3},"Zone":{"X":0,"Y":0}},"CurrentStamina":12,"CurrentOrder":null,"Builds":[],"GarrisonedIn":null,"Stance":0,"InterruptCurrent":false,"AttackBack":false,"TargetPriority":"","ActiveOrders":null,"Health":50,"MaxHealth":50},{"InternalID":56,"UnitID":13,"Type":2,"Kind":1,"Location":{"Space":{"X":0,"Y":3},"Zone":{"X":0,"Y":0}},"CurrentStamina":12,"CurrentOrder":null,"Builds":[],"GarrisonedIn":null,"Stance":0,"InterruptCurrent":false,"AttackBack":false,"TargetPriority":"","ActiveOrders":null,"Health":50,"MaxHealth":50},{"InternalID":57,"UnitID":13,"Type":2,"Kind":1,"Location":{"Space":{"X":0,"Y":3},"Zone":{"X":0,"Y":0}},"CurrentStamina":12,"CurrentOrder":null,"Builds":[],"GarrisonedIn":null,"Stance":0,"InterruptCurrent":false,"AttackBack":false,"TargetPriority":"","ActiveOrders":null,"Health":50,"MaxHealth":50},{"InternalID":58,"UnitID":13,"Type":2,"Kind":1,"Location":{"Space":{"X":0,"Y":3},"Zone":{"X":0,"Y":0}},"CurrentStamina":12,"CurrentOrder":null,"Builds":[],"GarrisonedIn":null,"Stance":0,"InterruptCurrent":false,"AttackBack":false,"TargetPriority":"","ActiveOrders":null,"Health":50,"MaxHealth":50},{"InternalID":59,"UnitID":13,"Type":2,"Kind":1,"Location":{"Space":{"X":0,"Y":3},"Zone":{"X":0,"Y":0}},"CurrentStamina":12,"CurrentOrder":null,"Builds":[],"GarrisonedIn":null,"Stance":0,"InterruptCurrent":false,"AttackBack":false,"TargetPriority":"","ActiveOrders":null,"Health":50,"MaxHealth":50},{"InternalID":60,"UnitID":13,"Type":2,"Kind":1,"Location":{"Space":{"X":0,"Y":3},"Zone":{"X":0,"Y":0}},"CurrentStamina":12,"CurrentOrder":null,"Builds":[],"GarrisonedIn":null,"Stance":0,"InterruptCurrent":false,"AttackBack":false,"TargetPriority":"","ActiveOrders":null,"Health":50,"MaxHealth":50}],"foundations":[],"population":{"current":30,"limit":0},"resources":{"food":200,"gold":86,"stone":100,"wood":200},"spaces":[{"Space":{"X":0,"Y":-4},"Vision":1,"Owner":-1},{"Space":{"X":1,"Y":-4},"Vision":1,"Owner":-1},{"Space":{"X":2,"Y":-4},"Vision":1,"Owner":-1},{"Space":{"X":3,"Y":-4},"Vision":1,"Owner":-1},{"Space":{"X":4,"Y":-4},"Vision":1,"Owner":-1},{"Space":{"X":-1,"Y":-3},"Vision":1,"Owner":-1},{"Space":{"X":0,"Y":-3},"Vision":1,"Owner":-1},{"Space":{"X":1,"Y":-3},"Vision":1,"Owner":-1},{"Space":{"X":2,"Y":-3},"Vision":1,"Owner":-1},{"Space":{"X":3,"Y":-3},"Vision":1,"Owner":-1},{"Space":{"X":4,"Y":-3},"Vision":1,"Owner":-1},{"Space":{"X":-2,"Y":-2},"Vision":1,"Owner":-1},{"Space":{"X":-1,"Y":-2},"Vision":1,"Owner":-1},{"Space":{"X":0,"Y":-2},"Vision":1,"Owner":-1},{"Space":{"X":1,"Y":-2},"Vision":1,"Owner":-1},{"Space":{"X":2,"Y":-2},"Vision":1,"Owner":-1},{"Space":{"X":3,"Y":-2},"Vision":1,"Owner":-1},{"Space":{"X":4,"Y":-2},"Vision":0,"Owner":-1},{"Space":{"X":-3,"Y":-1},"Vision":1,"Owner":-1},{"Space":{"X":-2,"Y":-1},"Vision":1,"Owner":-1},{"Space":{"X":-1,"Y":-1},"Vision":1,"Owner":-1},{"Space":{"X":0,"Y":-1},"Vision":1,"Owner":-1},{"Space":{"X":1,"Y":-1},"Vision":1,"Owner":-1},{"Space":{"X":2,"Y":-1},"Vision":1,"Owner":-1},{"Space":{"X":3,"Y":-1},"Vision":0,"Owner":-1},{"Space":{"X":4,"Y":-1},"Vision":0,"Owner":-1},{"Space":{"X":-4,"Y":0},"Vision":1,"Owner":-1},{"Space":{"X":-3,"Y":0},"Vision":1,"Owner":-1},{"Space":{"X":-2,"Y":0},"Vision":2,"Owner":-1},{"Space":{"X":-1,"Y":0},"Vision":2,"Owner":-1},{"Space":{"X":0,"Y":0},"Vision":1,"Owner":-1},{"Space":{"X":1,"Y":0},"Vision":1,"Owner":-1},{"Space":{"X":2,"Y":0},"Vision":1,"Owner":-1},{"Space":{"X":3,"Y":0},"Vision":0,"Owner":-1},{"Space":{"X":4,"Y":0},"Vision":0,"Owner":-1},{"Space":{"X":-4,"Y":1},"Vision":1,"Owner":-1},{"Space":{"X":-3,"Y":1},"Vision":2,"Owner":-1},{"Space":{"X":-2,"Y":1},"Vision":3,"Owner":-1},{"Space":{"X":-1,"Y":1},"Vision":2,"Owner":-1},{"Space":{"X":0,"Y":1},"Vision":2,"Owner":-1},{"Space":{"X":1,"Y":1},"Vision":2,"Owner":-1},{"Space":{"X":2,"Y":1},"Vision":0,"Owner":-1},{"Space":{"X":3,"Y":1},"Vision":0,"Owner":-1},{"Space":{"X":-4,"Y":2},"Vision":2,"Owner":-1},{"Space":{"X":-3,"Y":2},"Vision":3,"Owner":0},{"Space":{"X":-2,"Y":2},"Vision":3,"Owner":0},{"Space":{"X":-1,"Y":2},"Vision":3,"Owner":0},{"Space":{"X":0,"Y":2},"Vision":3,"Owner":0},{"Space":{"X":1,"Y":2},"Vision":2,"Owner":-1},{"Space":{"X":2,"Y":2},"Vision":0,"Owner":-1},{"Space":{"X":-4,"Y":3},"Vision":2,"Owner":-1},{"Space":{"X":-3,"Y":3},"Vision":2,"Owner":-1},{"Space":{"X":-2,"Y":3},"Vision":2,"Owner":-1},{"Space":{"X":-1,"Y":3},"Vision":3,"Owner":0},{"Space":{"X":0,"Y":3},"Vision":3,"Owner":1},{"Space":{"X":1,"Y":3},"Vision":0,"Owner":-1},{"Space":{"X":-4,"Y":4},"Vision":1,"Owner":-1},{"Space":{"X":-3,"Y":4},"Vision":1,"Owner":-1},{"Space":{"X":-2,"Y":4},"Vision":2,"Owner":-1},{"Space":{"X":-1,"Y":4},"Vision":3,"Owner":-1},{"Space":{"X":0,"Y":4},"Vision":0,"Owner":-1}],"units":[{"InternalID":1,"UnitID":11,"Type":2,"Kind":1,"Location":{"Space":{"X":-1,"Y":3},"Zone":{"X":0,"Y":1}},"CurrentStamina":19,"CurrentOrder":{"Kind":0,"TargetZone":{"Space":{"X":-1,"Y":4},"Zone":{"X":0,"Y":0}},"TargetSpace":null,"TargetResource":null,"TargetUnit":null,"TargetBuilding":null},"Builds":[],"GarrisonedIn":null,"Stance":3,"InterruptCurrent":true,"AttackBack":true,"TargetPriority":"","ActiveOrders":[{"ID":142,"Kind":0}],"Health":9.2,"MaxHealth":11},{"InternalID":2,"UnitID":11,"Type":2,"Kind":1,"Location":{"Space":{"X":0,"Y":2},"Zone":{"X":0,"Y":1}},"CurrentStamina":19,"CurrentOrder":{"Kind":0,"TargetZone":{"Space":{"X":0,"Y":3},"Zone":{"X":0,"Y":0}},"TargetSpace":null,"TargetResource":null,"TargetUnit":null,"TargetBuilding":null},"Builds":[],"GarrisonedIn":null,"Stance":3,"InterruptCurrent":true,"AttackBack":true,"TargetPriority":"","ActiveOrders":[{"ID":143,"Kind":0}],"Health":5.6,"MaxHealth":11},{"InternalID":3,"UnitID":11,"Type":2,"Kind":1,"Location":{"Space":{"X":-1,"Y":3},"Zone":{"X":0,"Y":1}},"CurrentStamina":17,"CurrentOrder":{"Kind":0,"TargetZone":{"Space":{"X":-1,"Y":4},"Zone":{"X":0,"Y":0}},"TargetSpace":null,"TargetResource":null,"TargetUnit":null,"TargetBuilding":null},"Builds":[],"GarrisonedIn":null,"Stance":3,"InterruptCurrent":true,"AttackBack":true,"TargetPriority":"","ActiveOrders":[{"ID":144,"Kind":0}],"Health":11,"MaxHealth":11},{"InternalID":4,"UnitID":11,"Type":2,"Kind":1,"Location":{"Space":{"X":-2,"Y":2},"Zone":{"X":1,"Y":0}},"CurrentStamina":20,"CurrentOrder":{"Kind":0,"TargetZone":{"Space":{"X":1,"Y":2},"Zone":{"X":0,"Y":0}},"TargetSpace":null,"TargetResource":null,"TargetUnit":null,"TargetBuilding":null},"Builds":[],"GarrisonedIn":null,"Stance":3,"InterruptCurrent":true,"AttackBack":true,"TargetPriority":"","ActiveOrders":[{"ID":170,"Kind":0}],"Health":11,"MaxHealth":11},{"InternalID":5,"UnitID":11,"Type":2,"Kind":1,"Location":{"Space":{"X":-1,"Y":2},"Zone":{"X":-1,"Y":0}},"CurrentStamina":15,"CurrentOrder":{"Kind":0,"TargetZone":{"Space":{"X":-1,"Y":4},"Zone":{"X":0,"Y":0}},"TargetSpace":null,"TargetResource":null,"TargetUnit":null,"TargetBuilding":null},"Builds":[],"GarrisonedIn":null,"Stance":3,"InterruptCurrent":true,"AttackBack":true,"TargetPriority":"","ActiveOrders":[{"ID":171,"Kind":0}],"Health":11,"MaxHealth":11},{"InternalID":6,"UnitID":11,"Type":2,"Kind":1,"Location":{"Space":{"X":-3,"Y":2},"Zone":{"X":1,"Y":-1}},"CurrentStamina":15,"CurrentOrder":{"Kind":0,"TargetZone":{"Space":{"X":-4,"Y":2},"Zone":{"X":0,"Y":1}},"TargetSpace":null,"TargetResource":null,"TargetUnit":null,"TargetBuilding":null},"Builds":[],"GarrisonedIn":null,"Stance":3,"InterruptCurrent":false,"AttackBack":true,"TargetPriority":"","ActiveOrders":[{"ID":104,"Kind":0}],"Health":11,"MaxHealth":11},{"InternalID":7,"UnitID":11,"Type":2,"Kind":1,"Location":{"Space":{"X":-1,"Y":3},"Zone":{"X":0,"Y":1}},"CurrentStamina":19,"CurrentOrder":{"Kind":0,"TargetZone":{"Space":{"X":-1,"Y":4},"Zone":{"X":0,"Y":0}},"TargetSpace":null,"TargetResource":null,"TargetUnit":null,"TargetBuilding":null},"Builds":[],"GarrisonedIn":null,"Stance":3,"InterruptCurrent":true,"AttackBack":true,"TargetPriority":"","ActiveOrders":[{"ID":145,"Kind":0}],"Health":11,"MaxHealth":11},{"InternalID":8,"UnitID":11,"Type":2,"Kind":1,"Location":{"Space":{"X":-1,"Y":3},"Zone":{"X":0,"Y":1}},"CurrentStamina":19,"CurrentOrder":{"Kind":0,"TargetZone":{"Space":{"X":-1,"Y":4},"Zone":{"X":0,"Y":0}},"TargetSpace":null,"TargetResource":null,"TargetUnit":null,"TargetBuilding":null},"Builds":[],"GarrisonedIn":null,"Stance":3,"InterruptCurrent":true,"AttackBack":true,"TargetPriority":"","ActiveOrders":[{"ID":146,"Kind":0}],"Health":11,"MaxHealth":11},{"InternalID":9,"UnitID":11,"Type":2,"Kind":1,"Location":{"Space":{"X":-1,"Y":3},"Zone":{"X":0,"Y":1}},"CurrentStamina":19,"CurrentOrder":{"Kind":0,"TargetZone":{"Space":{"X":-1,"Y":4},"Zone":{"X":0,"Y":0}},"TargetSpace":null,"TargetResource":null,"TargetUnit":null,"TargetBuilding":null},"Builds":[],"GarrisonedIn":null,"Stance":3,"InterruptCurrent":true,"AttackBack":true,"TargetPriority":"","ActiveOrders":[{"ID":147,"Kind":0}],"Health":11,"MaxHealth":11},{"InternalID":10,"UnitID":11,"Type":2,"Kind":1,"Location":{"Space":{"X":-1,"Y":3},"Zone":{"X":0,"Y":1}},"CurrentStamina":19,"CurrentOrder":{"Kind":0,"TargetZone":{"Space":{"X":-1,"Y":4},"Zone":{"X":0,"Y":0}},"TargetSpace":null,"TargetResource":null,"TargetUnit":null,"TargetBuilding":null},"Builds":[],"GarrisonedIn":null,"Stance":3,"InterruptCurrent":true,"AttackBack":true,"TargetPriority":"","ActiveOrders":[{"ID":148,"Kind":0}],"Health":11,"MaxHealth":11},{"InternalID":11,"UnitID":11,"Type":2,"Kind":1,"Location":{"Space":{"X":-1,"Y":3},"Zone":{"X":0,"Y":1}},"CurrentStamina":19,"CurrentOrder":{"Kind":0,"TargetZone":{"Space":{"X":-1,"Y":4},"Zone":{"X":0,"Y":0}},"TargetSpace":null,"TargetResource":null,"TargetUnit":null,"TargetBuilding":null},"Builds":[],"GarrisonedIn":null,"Stance":3,"InterruptCurrent":true,"AttackBack":true,"TargetPriority":"","ActiveOrders":[{"ID":149,"Kind":0}],"Health":11,"MaxHealth":11},{"InternalID":12,"UnitID":11,"Type":2,"Kind":1,"Location":{"Space":{"X":-1,"Y":3},"Zone":{"X":0,"Y":1}},"CurrentStamina":19,"CurrentOrder":{"Kind":0,"TargetZone":{"Space":{"X":-1,"Y":4},"Zone":{"X":0,"Y":0}},"TargetSpace":null,"TargetResource":null,"TargetUnit":null,"TargetBuilding":null},"Builds":[],"GarrisonedIn":null,"Stance":3,"InterruptCurrent":true,"AttackBack":true,"TargetPriority":"","ActiveOrders":[{"ID":150,"Kind":0}],"Health":11,"MaxHealth":11},{"InternalID":13,"UnitID":11,"Type":2,"Kind":1,"Location":{"Space":{"X":-1,"Y":3},"Zone":{"X":0,"Y":1}},"CurrentStamina":19,"CurrentOrder":{"Kind":0,"TargetZone":{"Space":{"X":-1,"Y":4},"Zone":{"X":0,"Y":0}},"TargetSpace":null,"TargetResource":null,"TargetUnit":null,"TargetBuilding":null},"Builds":[],"GarrisonedIn":null,"Stance":3,"InterruptCurrent":true,"AttackBack":true,"TargetPriority":"","ActiveOrders":[{"ID":151,"Kind":0}],"Health":11,"MaxHealth":11},{"InternalID":14,"UnitID":11,"Type":2,"Kind":1,"Location":{"Space":{"X":-1,"Y":3},"Zone":{"X":0,"Y":1}},"CurrentStamina":19,"CurrentOrder":{"Kind":0,"TargetZone":{"Space":{"X":-1,"Y":4},"Zone":{"X":0,"Y":0}},"TargetSpace":null,"TargetResource":null,"TargetUnit":null,"TargetBuilding":null},"Builds":[],"GarrisonedIn":null,"Stance":3,"InterruptCurrent":true,"AttackBack":true,"TargetPriority":"","ActiveOrders":[{"ID":152,"Kind":0}],"Health":11,"MaxHealth":11},{"InternalID":15,"UnitID":11,"Type":2,"Kind":1,"Location":{"Space":{"X":-1,"Y":3},"Zone":{"X":0,"Y":1}},"CurrentStamina":19,"CurrentOrder":{"Kind":0,"TargetZone":{"Space":{"X":-1,"Y":4},"Zone":{"X":0,"Y":0}},"TargetSpace":null,"TargetResource":null,"TargetUnit":null,"TargetBuilding":null},"Builds":[],"GarrisonedIn":null,"Stance":3,"InterruptCurrent":true,"AttackBack":true,"TargetPriority":"","ActiveOrders":[{"ID":153,"Kind":0}],"Health":11,"MaxHealth":11},{"InternalID":16,"UnitID":11,"Type":2,"Kind":1,"Location":{"Space":{"X":-1,"Y":3},"Zone":{"X":0,"Y":1}},"CurrentStamina":19,"CurrentOrder":{"Kind":0,"TargetZone":{"Space":{"X":-1,"Y":4},"Zone":{"X":0,"Y":0}},"TargetSpace":null,"TargetResource":null,"TargetUnit":null,"TargetBuilding":null},"Builds":[],"GarrisonedIn":null,"Stance":3,"InterruptCurrent":true,"AttackBack":true,"TargetPriority":"","ActiveOrders":[{"ID":154,"Kind":0}],"Health":11,"MaxHealth":11},{"InternalID":17,"UnitID":12,"Type":2,"Kind":1,"Location":{"Space":{"X":-1,"Y":2},"Zone":{"X":0,"Y":1}},"CurrentStamina":17,"CurrentOrder":{"Kind":0,"TargetZone":{"Space":{"X":-1,"Y":4},"Zone":{"X":0,"Y":0}},"TargetSpace":null,"TargetResource":null,"TargetUnit":null,"TargetBuilding":null},"Builds":[],"GarrisonedIn":null,"Stance":3,"InterruptCurrent":true,"AttackBack":true,"TargetPriority":"","ActiveOrders":[{"ID":155,"Kind":0}],"Health":16,"MaxHealth":16},{"InternalID":18,"UnitID":12,"Type":2,"Kind":1,"Location":{"Space":{"X":-1,"Y":2},"Zone":{"X":0,"Y":1}},"CurrentStamina":17,"CurrentOrder":{"Kind":0,"TargetZone":{"Space":{"X":-1,"Y":4},"Zone":{"X":0,"Y":0}},"TargetSpace":null,"TargetResource":null,"TargetUnit":null,"TargetBuilding":null},"Builds":[],"GarrisonedIn":null,"Stance":3,"InterruptCurrent":true,"AttackBack":true,"TargetPriority":"","ActiveOrders":[{"ID":156,"Kind":0}],"Health":16,"MaxHealth":16},{"InternalID":19,"UnitID":12,"Type":2,"Kind":1,"Location":{"Space":{"X":-1,"Y":2},"Zone":{"X":0,"Y":1}},"CurrentStamina":17,"CurrentOrder":{"Kind":0,"TargetZone":{"Space":{"X":-1,"Y":4},"Zone":{"X":0,"Y":0}},"TargetSpace":null,"TargetResource":null,"TargetUnit":null,"TargetBuilding":null},"Builds":[],"GarrisonedIn":null,"Stance":3,"InterruptCurrent":true,"AttackBack":true,"TargetPriority":"","ActiveOrders":[{"ID":157,"Kind":0}],"Health":16,"MaxHealth":16},{"InternalID":20,"UnitID":12,"Type":2,"Kind":1,"Location":{"Space":{"X":-1,"Y":2},"Zone":{"X":0,"Y":1}},"CurrentStamina":17,"CurrentOrder":{"Kind":0,"TargetZone":{"Space":{"X":-1,"Y":4},"Zone":{"X":0,"Y":0}},"TargetSpace":null,"TargetResource":null,"TargetUnit":null,"TargetBuilding":null},"Builds":[],"GarrisonedIn":null,"Stance":3,"InterruptCurrent":true,"AttackBack":true,"TargetPriority":"","ActiveOrders":[{"ID":158,"Kind":0}],"Health":16,"MaxHealth":16},{"InternalID":21,"UnitID":12,"Type":2,"Kind":1,"Location":{"Space":{"X":-1,"Y":2},"Zone":{"X":0,"Y":1}},"CurrentStamina":17,"CurrentOrder":{"Kind":0,"TargetZone":{"Space":{"X":-1,"Y":4},"Zone":{"X":0,"Y":0}},"TargetSpace":null,"TargetResource":null,"TargetUnit":null,"TargetBuilding":null},"Builds":[],"GarrisonedIn":null,"Stance":3,"InterruptCurrent":true,"AttackBack":true,"TargetPriority":"","ActiveOrders":[{"ID":159,"Kind":0}],"Health":16,"MaxHealth":16},{"InternalID":22,"UnitID":12,"Type":2,"Kind":1,"Location":{"Space":{"X":-1,"Y":2},"Zone":{"X":0,"Y":1}},"CurrentStamina":17,"CurrentOrder":{"Kind":0,"TargetZone":{"Space":{"X":-1,"Y":4},"Zone":{"X":0,"Y":0}},"TargetSpace":null,"TargetResource":null,"TargetUnit":null,"TargetBuilding":null},"Builds":[],"GarrisonedIn":null,"Stance":3,"InterruptCurrent":true,"AttackBack":true,"TargetPriority":"","ActiveOrders":[{"ID":160,"Kind":0}],"Health":16,"MaxHealth":16},{"InternalID":23,"UnitID":12,"Type":2,"Kind":1,"Location":{"Space":{"X":-1,"Y":2},"Zone":{"X":0,"Y":1}},"CurrentStamina":17,"CurrentOrder":{"Kind":0,"TargetZone":{"Space":{"X":-1,"Y":4},"Zone":{"X":0,"Y":0}},"TargetSpace":null,"TargetResource":null,"TargetUnit":null,"TargetBuilding":null},"Builds":[],"GarrisonedIn":null,"Stance":3,"InterruptCurrent":true,"AttackBack":true,"TargetPriority":"","ActiveOrders":[{"ID":161,"Kind":0}],"Health":16,"MaxHealth":16},{"InternalID":24,"UnitID":12,"Type":2,"Kind":1,"Location":{"Space":{"X":-1,"Y":2},"Zone":{"X":0,"Y":1}},"CurrentStamina":17,"CurrentOrder":{"Kind":0,"TargetZone":{"Space":{"X":-1,"Y":4},"Zone":{"X":0,"Y":0}},"TargetSpace":null,"TargetResource":null,"TargetUnit":null,"TargetBuilding":null},"Builds":[],"GarrisonedIn":null,"Stance":3,"InterruptCurrent":true,"AttackBack":true,"TargetPriority":"","ActiveOrders":[{"ID":162,"Kind":0}],"Health":16,"MaxHealth":16},{"InternalID":25,"UnitID":13,"Type":2,"Kind":1,"Location":{"Space":{"X":-2,"Y":1},"Zone":{"X":0,"Y":0}},"CurrentStamina":8,"CurrentOrder":{"Kind":6,"TargetZone":null,"TargetSpace":null,"TargetResource":null,"TargetUnit":null,"TargetBuilding":null},"Builds":[],"GarrisonedIn":null,"Stance":3,"InterruptCurrent":true,"AttackBack":true,"TargetPriority":"","ActiveOrders":[{"ID":179,"Kind":6}],"Health":48.5714,"MaxHealth":50},{"InternalID":26,"UnitID":13,"Type":2,"Kind":1,"Location":{"Space":{"X":-2,"Y":1},"Zone":{"X":0,"Y":0}},"CurrentStamina":8,"CurrentOrder":{"Kind":4,"TargetZone":null,"TargetSpace":{"X":-2,"Y":1},"TargetResource":null,"TargetUnit":null,"TargetBuilding":null},"Builds":[],"GarrisonedIn":null,"Stance":3,"InterruptCurrent":true,"AttackBack":true,"TargetPriority":"","ActiveOrders":[{"ID":174,"Kind":4}],"Health":50,"MaxHealth":50},{"InternalID":27,"UnitID":13,"Type":2,"Kind":1,"Location":{"Space":{"X":-2,"Y":1},"Zone":{"X":0,"Y":0}},"CurrentStamina":8,"CurrentOrder":{"Kind":4,"TargetZone":null,"TargetSpace":{"X":-2,"Y":1},"TargetResource":null,"TargetUnit":null,"TargetBuilding":null},"Builds":[],"GarrisonedIn":null,"Stance":3,"InterruptCurrent":true,"AttackBack":true,"TargetPriority":"","ActiveOrders":[{"ID":176,"Kind":4}],"Health":50,"MaxHealth":50},{"InternalID":28,"UnitID":13,"Type":2,"Kind":1,"Location":{"Space":{"X":-2,"Y":1},"Zone":{"X":0,"Y":0}},"CurrentStamina":8,"CurrentOrder":{"Kind":4,"TargetZone":null,"TargetSpace":{"X":-2,"Y":1},"TargetResource":null,"TargetUnit":null,"TargetBuilding":null},"Builds":[],"GarrisonedIn":null,"Stance":3,"InterruptCurrent":true,"AttackBack":true,"TargetPriority":"","ActiveOrders":[{"ID":175,"Kind":4}],"Health":50,"MaxHealth":50},{"InternalID":29,"UnitID":13,"Type":2,"Kind":1,"Location":{"Space":{"X":-2,"Y":1},"Zone":{"X":0,"Y":0}},"CurrentStamina":8,"CurrentOrder":{"Kind":4,"TargetZone":null,"TargetSpace":{"X":-2,"Y":1},"TargetResource":null,"TargetUnit":null,"TargetBuilding":null},"Builds":[],"GarrisonedIn":null,"Stance":3,"InterruptCurrent":true,"AttackBack":true,"TargetPriority":"","ActiveOrders":[{"ID":177,"Kind":4}],"Health":50,"MaxHealth":50},{"InternalID":30,"UnitID":13,"Type":2,"Kind":1,"Location":{"Space":{"X":-2,"Y":1},"Zone":{"X":0,"Y":0}},"CurrentStamina":8,"CurrentOrder":{"Kind":4,"TargetZone":null,"TargetSpace":{"X":-2,"Y":1},"TargetResource":null,"TargetUnit":null,"TargetBuilding":null},"Builds":[],"GarrisonedIn":null,"Stance":3,"InterruptCurrent":true,"AttackBack":true,"TargetPriority":"","ActiveOrders":[{"ID":172,"Kind":4}],"Health":50,"MaxHealth":50}]}
2026/09/30 21:20:37 ai ai-0: submitting orders [{Subjects:[1] OrderType:9 TargetID:32 ClearPreviousOrders:true} {Subjects:[2] OrderType:9 TargetID:32 ClearPreviousOrders:true} {Subjects:[3] OrderType:9 TargetID:32 ClearPreviousOrders:true} {Subjects:[4] OrderType:9 TargetID:32 ClearPreviousOrders:true} {Subjects:[5] OrderType:9 TargetID:32 ClearPreviousOrders:true} {Subjects:[6] OrderType:9 TargetID:32 ClearPreviousOrders:true} {Subjects:[7] OrderType:9 TargetID:32 ClearPreviousOrders:true} {Subjects:[8] OrderType:9 TargetID:32 ClearPreviousOrders:true} {Subjects:[9] OrderType:9 TargetID:32 ClearPreviousOrders:true} {Subjects:[10] OrderType:9 TargetID:32 ClearPreviousOrders:true} {Subjects:[11] OrderType:9 TargetID:32 ClearPreviousOrders:true} {Subjects:[12] OrderType:9 TargetID:32 ClearPreviousOrders:true} {Subjects:[13] OrderType:9 TargetID:32 ClearPreviousOrders:true} {Subjects:[14] OrderType:9 TargetID:32 ClearPreviousOrders:true} {Subjects:[15] OrderType:9 TargetID:32 ClearPreviousOrders:true} {Subjects:[16] OrderType:9 TargetID:32 ClearPreviousOrders:true} {Subjects:[17] OrderType:9 TargetID:32 ClearPreviousOrders:true} {Subjects:[18] OrderType:9 TargetID:32 ClearPreviousOrders:true} {Subjects:[19] OrderType:9 TargetID:32 ClearPreviousOrders:true} {Subjects:[20] OrderType:9 TargetID:32 ClearPreviousOrders:true} {Subjects:[21] OrderType:9 TargetID:32 ClearPreviousOrders:true} {Subjects:[22] OrderType:9 TargetID:32 ClearPreviousOrders:true} {Subjects:[23] OrderType:9 TargetID:32 ClearPreviousOrders:true} {Subjects:[24] OrderType:9 TargetID:32 ClearPreviousOrders:true} {Subjects:[25] OrderType:9 TargetID:32 ClearPreviousOrders:true} {Subjects:[26] OrderType:9 TargetID:32 ClearPreviousOrders:true} {Subjects:[27] OrderType:9 TargetID:32 ClearPreviousOrders:true} {Subjects:[28] OrderType:9 TargetID:32 ClearPreviousOrders:true} {Subjects:[29] OrderType:9 TargetID:32 ClearPreviousOrders:true} {Subjects:[30] OrderType:9 TargetID:32 ClearPreviousOrders:true} {Subjects:[25] OrderType:9 TargetID:32 ClearPreviousOrders:true} {Subjects:[26] OrderType:9 TargetID:32 ClearPreviousOrders:true} {Subjects:[27] OrderType:9 TargetID:32 ClearPreviousOrders:true} {Subjects:[28] OrderType:9 TargetID:32 ClearPreviousOrders:true} {Subjects:[29] OrderType:9 TargetID:32 ClearPreviousOrders:true} {Subjects:[30] OrderType:9 TargetID:32 ClearPreviousOrders:true}]
2026/09/30 21:20:37 ai ai-0: vars {"B":16,"Hv":6,"Pi":8,"aPowLocal":0,"aThreat":0,"a_engaged":0,"a_odds":1.3,"a_outnumbered":0,"army_target":50,"army_value":3080,"assault":0,"bank_rate":28,"bar_barracks":0.17072129748186085,"bar_redoubt":1.1111111111111112,"barracks":0,"barracks_B":0,"barracks_P":0,"barracks_save":0,"barracks_spend":78.1,"barracks_want":0,"buffer_food":70,"buffer_gold":0,"buffer_stone":0,"buffer_wood":70,"builders":0,"committed":0,"eB":15,"eGrowth":0,"eH":6,"eMil":29,"eP":8,"ePow":55,"ePowEst":55,"ePowSeen":55,"eTech":1,"eV":0,"es":30,"farm_want":0,"farm_wood_short":0,"farming":0,"fire_barracks":0,"fire_farm0":0,"fire_farm1":0,"fire_farm2":0,"fire_house":0,"fire_outpost":0,"fire_redoubt":0,"fire_smith":0,"fire_vc":0,"food_need":0,"food_over":0,"food_rate":0,"food_slots":1000,"food_workers":0,"free_room":20,"go":0,"gold_income":10,"gold_need":0,"gold_rate":0,"gold_surplus":86,"guaranteed":0,"guard_home":0,"headroom":-30,"hire_B":4630.7692307692305,"hire_P":7276.923076923076,"homePow":0,"house_builders":0,"house_urgency":0,"house_want":0,"income_proj":0,"left":0,"lf_food":0,"lf_gold":0,"lf_stone":0,"lf_wood":0,"lump_food":0,"lump_gold":0,"lump_stone":0,"lump_wood":0,"maturity":0,"mil":30,"myTech":1,"n_barracks":0,"n_redoubts":0,"needB":14.757750654262647,"needP":5.242249345737353,"outpost_want":0,"pikes":0,"planned_food":0,"planned_gold":0,"planned_stone":0,"planned_wood":0,"prod_rate":0,"proj_army":3080,"raid_danger":54,"raid_fails":0,"raid_lost":0,"raid_pause":0,"raid_prev":5,"raid_size":4.8,"raid_wiped":0,"rate":6,"redoubt_H":0,"redoubt_gold_ok":1,"redoubt_save":0,"redoubt_spend":30,"redoubt_want":0,"redoubts":0,"rf_food":0,"rf_gold":0,"rf_stone":0,"rf_wood":0,"sB4":1.2624769599999992,"sP4":0.4484571648225309,"scale_l":0,"scale_r":0,"shareH":0.5085007727975271,"smith_want":0,"smiths":0,"spare":0,"spare_food":0.5,"stone_need":0,"stone_rate":0,"tH":26,"target_spend":400,"tech_food":50,"tech_gold":0,"tech_stone":0,"tech_wood":50,"threat_home":0,"turns_left":-300,"u_barracks":0.17620971013661,"u_redoubt":0.47460072127769204,"unit_spend":120,"vB":1.0599999999999998,"vH":1.0966666666666667,"vP":0.8183333333333334,"vc_want":0,"vcs":0,"vil_goal":50,"vil_rate":0,"vil_stamina":8,"vil_want":0,"vil_want_last":0,"vil_worth_now":0.6,"vils":0,"w_food":0,"w_gold":0,"w_stone":0,"w_wood":0,"wild_workers":0,"wood_need":0,"wood_rate":0,"workers":0}
2026/09/30 21:20:37 player action: set-unit-behavior 0 1 map[internal_ids:[25 26 27 28 29 30] interrupt_current:false]
2026/09/30 21:20:37 player action: submit-orders 0 1 map[orders:[{0 [1] 9 32 true} {0 [2] 9 32 true} {0 [3] 9 32 true} {0 [4] 9 32 true} {0 [5] 9 32 true} {0 [6] 9 32 true} {0 [7] 9 32 true} {0 [8] 9 32 true} {0 [9] 9 32 true} {0 [10] 9 32 true} {0 [11] 9 32 true} {0 [12] 9 32 true} {0 [13] 9 32 true} {0 [14] 9 32 true} {0 [15] 9 32 true} {0 [16] 9 32 true} {0 [17] 9 32 true} {0 [18] 9 32 true} {0 [19] 9 32 true} {0 [20] 9 32 true} {0 [21] 9 32 true} {0 [22] 9 32 true} {0 [23] 9 32 true} {0 [24] 9 32 true} {0 [25] 9 32 true} {0 [26] 9 32 true} {0 [27] 9 32 true} {0 [28] 9 32 true} {0 [29] 9 32 true} {0 [30] 9 32 true} {0 [25] 9 32 true} {0 [26] 9 32 true} {0 [27] 9 32 true} {0 [28] 9 32 true} {0 [29] 9 32 true} {0 [30] 9 32 true}]]
2026/09/30 21:20:37 Executing submit orders for: 0 [{0 [1] 9 32 true} {0 [2] 9 32 true} {0 [3] 9 32 true} {0 [4] 9 32 true} {0 [5] 9 32 true} {0 [6] 9 32 true} {0 [7] 9 32 true} {0 [8] 9 32 true} {0 [9] 9 32 true} {0 [10] 9 32 true} {0 [11] 9 32 true} {0 [12] 9 32 true} {0 [13] 9 32 true} {0 [14] 9 32 true} {0 [15] 9 32 true} {0 [16] 9 32 true} {0 [17] 9 32 true} {0 [18] 9 32 true} {0 [19] 9 32 true} {0 [20] 9 32 true} {0 [21] 9 32 true} {0 [22] 9 32 true} {0 [23] 9 32 true} {0 [24] 9 32 true} {0 [25] 9 32 true} {0 [26] 9 32 true} {0 [27] 9 32 true} {0 [28] 9 32 true} {0 [29] 9 32 true} {0 [30] 9 32 true} {0 [25] 9 32 true} {0 [26] 9 32 true} {0 [27] 9 32 true} {0 [28] 9 32 true} {0 [29] 9 32 true} {0 [30] 9 32 true}]
2026/09/30 21:20:37 Resolving active orders
2026/09/30 21:20:37 Moving unit 9 Blunt Infantry to zone(0, 0) in space (-1, 3) tick=1
2026/09/30 21:20:37 Moving unit 17 Piercing Infantry to zone(0, 0) in space (-1, 2) tick=1
2026/09/30 21:20:37 Moving unit 14 Blunt Infantry to zone(0, 0) in space (-1, 3) tick=1
2026/09/30 21:20:37 Moving unit 7 Blunt Infantry to zone(0, 0) in space (-1, 3) tick=1
2026/09/30 21:20:37 Moving unit 19 Piercing Infantry to zone(0, 0) in space (-1, 2) tick=1
2026/09/30 21:20:37 Moving unit 22 Piercing Infantry to zone(0, 0) in space (-1, 2) tick=1
2026/09/30 21:20:37 combat turn=8 tick=1: 29 u13 (player 0, stamina 3) hits 32 u11 (player 1) for 5.12
2026/09/30 21:20:37 Moving unit 21 Piercing Infantry to zone(0, 0) in space (-1, 2) tick=1
2026/09/30 21:20:37 Moving unit 8 Blunt Infantry to zone(0, 0) in space (-1, 3) tick=1
2026/09/30 21:20:37 Moving unit 11 Blunt Infantry to zone(0, 0) in space (-1, 3) tick=1
2026/09/30 21:20:37 Moving unit 12 Blunt Infantry to zone(0, 0) in space (-1, 3) tick=1
2026/09/30 21:20:37 Moving unit 13 Blunt Infantry to zone(0, 0) in space (-1, 3) tick=1
2026/09/30 21:20:37 Moving unit 16 Blunt Infantry to zone(0, 0) in space (-1, 3) tick=1
2026/09/30 21:20:37 combat turn=8 tick=1: 30 u13 (player 0, stamina 3) hits 32 u11 (player 1) for 5.12
2026/09/30 21:20:37 Moving unit 3 Blunt Infantry to zone(0, 0) in space (-1, 3) tick=1
2026/09/30 21:20:37 Moving unit 5 Blunt Infantry to zone(1, 0) in space (-2, 2) tick=1
2026/09/30 21:20:37 Moving unit 18 Piercing Infantry to zone(0, 0) in space (-1, 2) tick=1
2026/09/30 21:20:37 Moving unit 23 Piercing Infantry to zone(0, 0) in space (-1, 2) tick=1
2026/09/30 21:20:37 combat turn=8 tick=1: 25 u13 (player 0, stamina 3) hits 32 u11 (player 1) for 5.12
2026/09/30 21:20:37 combat turn=8 tick=1: 26 u13 (player 0, stamina 3) hits 32 u11 (player 1) for 5.12
2026/09/30 21:20:37 combat turn=8 tick=1: 28 u13 (player 0, stamina 3) hits 32 u11 (player 1) for 5.12
2026/09/30 21:20:37 Moving unit 6 Blunt Infantry to zone(-1, 1) in space (-2, 1) tick=1
2026/09/30 21:20:37 Moving unit 24 Piercing Infantry to zone(0, 0) in space (-1, 2) tick=1
2026/09/30 21:20:37 combat turn=8 tick=1: 27 u13 (player 0, stamina 3) hits 32 u11 (player 1) for 5.12
2026/09/30 21:20:37 Moving unit 2 Blunt Infantry to zone(0, 0) in space (0, 2) tick=1
2026/09/30 21:20:37 Moving unit 10 Blunt Infantry to zone(0, 0) in space (-1, 3) tick=1
2026/09/30 21:20:37 Moving unit 20 Piercing Infantry to zone(0, 0) in space (-1, 2) tick=1
2026/09/30 21:20:37 Moving unit 1 Blunt Infantry to zone(0, 0) in space (-1, 3) tick=1
2026/09/30 21:20:37 Moving unit 4 Blunt Infantry to zone(0, 0) in space (-2, 2) tick=1
2026/09/30 21:20:37 Moving unit 15 Blunt Infantry to zone(0, 0) in space (-1, 3) tick=1
2026/09/30 21:20:37 combat turn=8 tick=1: 32 u11 (player 1, stamina 3) hits 25 u13 (player 0) for 0.71
2026/09/30 21:20:37 state_hash turn=8 tick=1 hash=1b879c034c32b822
2026/09/30 21:20:37 state_hash turn=8 tick=end hash=ea3a12627f44c704
2026/09/30 21:20:37 ai ai-1: new turn data {"buildings":[],"enemy_buildings":[],"enemy_units":[],"foundations":[],"population":{"current":28,"limit":0},"resources":{"food":200,"gold":26,"stone":100,"wood":200},"spaces":[{"Space":{"X":0,"Y":-4},"Vision":0,"Owner":-1},{"Space":{"X":1,"Y":-4},"Vision":0,"Owner":-1},{"Space":{"X":2,"Y":-4},"Vision":0,"Owner":-1},{"Space":{"X":3,"Y":-4},"Vision":0,"Owner":-1},{"Space":{"X":4,"Y":-4},"Vision":0,"Owner":-1},{"Space":{"X":-1,"Y":-3},"Vision":0,"Owner":-1},{"Space":{"X":0,"Y":-3},"Vision":0,"Owner":-1},{"Space":{"X":1,"Y":-3},"Vision":0,"Owner":-1},{"Space":{"X":2,"Y":-3},"Vision":0,"Owner":-1},{"Space":{"X":3,"Y":-3},"Vision":0,"Owner":-1},{"Space":{"X":4,"Y":-3},"Vision":0,"Owner":-1},{"Space":{"X":-2,"Y":-2},"Vision":0,"Owner":-1},{"Space":{"X":-1,"Y":-2},"Vision":0,"Owner":-1},{"Space":{"X":0,"Y":-2},"Vision":0,"Owner":-1},{"Space":{"X":1,"Y":-2},"Vision":0,"Owner":-1},{"Space":{"X":2,"Y":-2},"Vision":0,"Owner":-1},{"Space":{"X":3,"Y":-2},"Vision":0,"Owner":-1},{"Space":{"X":4,"Y":-2},"Vision":0,"Owner":-1},{"Space":{"X":-3,"Y":-1},"Vision":0,"Owner":-1},{"Space":{"X":-2,"Y":-1},"Vision":0,"Owner":-1},{"Space":{"X":-1,"Y":-1},"Vision":0,"Owner":-1},{"Space":{"X":0,"Y":-1},"Vision":0,"Owner":-1},{"Space":{"X":1,"Y":-1},"Vision":0,"Owner":-1},{"Space":{"X":2,"Y":-1},"Vision":0,"Owner":-1},{"Space":{"X":3,"Y":-1},"Vision":0,"Owner":-1},{"Space":{"X":4,"Y":-1},"Vision":0,"Owner":-1},{"Space":{"X":-4,"Y":0},"Vision":0,"Owner":-1},{"Space":{"X":-3,"Y":0},"Vision":0,"Owner":-1},{"Space":{"X":-2,"Y":0},"Vision":1,"Owner":-1},{"Space":{"X":-1,"Y":0},"Vision":1,"Owner":-1},{"Space":{"X":0,"Y":0},"Vision":1,"Owner":-1},{"Space":{"X":1,"Y":0},"Vision":1,"Owner":-1},{"Space":{"X":2,"Y":0},"Vision":0,"Owner":-1},{"Space":{"X":3,"Y":0},"Vision":0,"Owner":-1},{"Space":{"X":4,"Y":0},"Vision":0,"Owner":-1},{"Space":{"X":-4,"Y":1},"Vision":0,"Owner":-1},{"Space":{"X":-3,"Y":1},"Vision":1,"Owner":-1},{"Space":{"X":-2,"Y":1},"Vision":1,"Owner":0},{"Space":{"X":-1,"Y":1},"Vision":1,"Owner":-1},{"Space":{"X":0,"Y":1},"Vision":1,"Owner":-1},{"Space":{"X":1,"Y":1},"Vision":1,"Owner":-1},{"Space":{"X":2,"Y":1},"Vision":0,"Owner":-1},{"Space":{"X":3,"Y":1},"Vision":0,"Owner":-1},{"Space":{"X":-4,"Y":2},"Vision":1,"Owner":0},{"Space":{"X":-3,"Y":2},"Vision":1,"Owner":-1},{"Space":{"X":-2,"Y":2},"Vision":1,"Owner":0},{"Space":{"X":-1,"Y":2},"Vision":1,"Owner":0},{"Space":{"X":0,"Y":2},"Vision":2,"Owner":0},{"Space":{"X":1,"Y":2},"Vision":2,"Owner":-1},{"Space":{"X":2,"Y":2},"Vision":0,"Owner":-1},{"Space":{"X":-4,"Y":3},"Vision":1,"Owner":0},{"Space":{"X":-3,"Y":3},"Vision":1,"Owner":-1},{"Space":{"X":-2,"Y":3},"Vision":1,"Owner":0},{"Space":{"X":-1,"Y":3},"Vision":2,"Owner":0},{"Space":{"X":0,"Y":3},"Vision":3,"Owner":1},{"Space":{"X":1,"Y":3},"Vision":2,"Owner":-1},{"Space":{"X":-4,"Y":4},"Vision":1,"Owner":-1},{"Space":{"X":-3,"Y":4},"Vision":1,"Owner":-1},{"Space":{"X":-2,"Y":4},"Vision":1,"Owner":-1},{"Space":{"X":-1,"Y":4},"Vision":2,"Owner":-1},{"Space":{"X":0,"Y":4},"Vision":2,"Owner":-1}],"units":[{"InternalID":33,"UnitID":11,"Type":2,"Kind":1,"Location":{"Space":{"X":0,"Y":3},"Zone":{"X":0,"Y":0}},"CurrentStamina":23,"CurrentOrder":null,"Builds":[],"GarrisonedIn":null,"Stance":3,"InterruptCurrent":false,"AttackBack":true,"TargetPriority":"","ActiveOrders":null,"Health":11,"MaxHealth":11},{"InternalID":34,"UnitID":11,"Type":2,"Kind":1,"Location":{"Space":{"X":0,"Y":3},"Zone":{"X":0,"Y":0}},"CurrentStamina":23,"CurrentOrder":null,"Builds":[],"GarrisonedIn":null,"Stance":3,"InterruptCurrent":false,"AttackBack":true,"TargetPriority":"","ActiveOrders":null,"Health":11,"MaxHealth":11},{"InternalID":35,"UnitID":11,"Type":2,"Kind":1,"Location":{"Space":{"X":0,"Y":3},"Zone":{"X":0,"Y":0}},"CurrentStamina":23,"CurrentOrder":null,"Builds":[],"GarrisonedIn":null,"Stance":3,"InterruptCurrent":false,"AttackBack":true,"TargetPriority":"","ActiveOrders":null,"Health":11,"MaxHealth":11},{"InternalID":36,"UnitID":11,"Type":2,"Kind":1,"Location":{"Space":{"X":0,"Y":3},"Zone":{"X":0,"Y":0}},"CurrentStamina":23,"CurrentOrder":null,"Builds":[],"GarrisonedIn":null,"Stance":3,"InterruptCurrent":false,"AttackBack":true,"TargetPriority":"","ActiveOrders":null,"Health":11,"MaxHealth":11},{"InternalID":37,"UnitID":11,"Type":2,"Kind":1,"Location":{"Space":{"X":0,"Y":3},"Zone":{"X":0,"Y":0}},"CurrentStamina":23,"CurrentOrder":null,"Builds":[],"GarrisonedIn":null,"Stance":3,"InterruptCurrent":false,"AttackBack":true,"TargetPriority":"","ActiveOrders":null,"Health":11,"MaxHealth":11},{"InternalID":38,"UnitID":11,"Type":2,"Kind":1,"Location":{"Space":{"X":0,"Y":3},"Zone":{"X":0,"Y":0}},"CurrentStamina":23,"CurrentOrder":null,"Builds":[],"GarrisonedIn":null,"Stance":3,"InterruptCurrent":false,"AttackBack":true,"TargetPriority":"","ActiveOrders":null,"Health":11,"MaxHealth":11},{"InternalID":39,"UnitID":11,"Type":2,"Kind":1,"Location":{"Space":{"X":0,"Y":3},"Zone":{"X":0,"Y":0}},"CurrentStamina":23,"CurrentOrder":null,"Builds":[],"GarrisonedIn":null,"Stance":3,"InterruptCurrent":false,"AttackBack":true,"TargetPriority":"","ActiveOrders":null,"Health":11,"MaxHealth":11},{"InternalID":40,"UnitID":11,"Type":2,"Kind":1,"Location":{"Space":{"X":0,"Y":3},"Zone":{"X":0,"Y":0}},"CurrentStamina":23,"CurrentOrder":null,"Builds":[],"GarrisonedIn":null,"Stance":3,"InterruptCurrent":false,"AttackBack":true,"TargetPriority":"","ActiveOrders":null,"Health":11,"MaxHealth":11},{"InternalID":41,"UnitID":11,"Type":2,"Kind":1,"Location":{"Space":{"X":0,"Y":3},"Zone":{"X":0,"Y":0}},"CurrentStamina":23,"CurrentOrder":null,"Builds":[],"GarrisonedIn":null,"Stance":3,"InterruptCurrent":false,"AttackBack":true,"TargetPriority":"","ActiveOrders":null,"Health":11,"MaxHealth":11},{"InternalID":42,"UnitID":11,"Type":2,"Kind":1,"Location":{"Space":{"X":0,"Y":3},"Zone":{"X":0,"Y":0}},"CurrentStamina":23,"CurrentOrder":null,"Builds":[],"GarrisonedIn":null,"Stance":3,"InterruptCurrent":false,"AttackBack":true,"TargetPriority":"","ActiveOrders":null,"Health":11,"MaxHealth":11},{"InternalID":43,"UnitID":11,"Type":2,"Kind":1,"Location":{"Space":{"X":0,"Y":3},"Zone":{"X":0,"Y":0}},"CurrentStamina":23,"CurrentOrder":null,"Builds":[],"GarrisonedIn":null,"Stance":3,"InterruptCurrent":false,"AttackBack":true,"TargetPriority":"","ActiveOrders":null,"Health":11,"MaxHealth":11},{"InternalID":44,"UnitID":11,"Type":2,"Kind":1,"Location":{"Space":{"X":0,"Y":3},"Zone":{"X":0,"Y":0}},"CurrentStamina":23,"CurrentOrder":null,"Builds":[],"GarrisonedIn":null,"Stance":3,"InterruptCurrent":false,"AttackBack":true,"TargetPriority":"","ActiveOrders":null,"Health":11,"MaxHealth":11},{"InternalID":45,"UnitID":11,"Type":2,"Kind":1,"Location":{"Space":{"X":0,"Y":3},"Zone":{"X":0,"Y":0}},"CurrentStamina":23,"CurrentOrder":null,"Builds":[],"GarrisonedIn":null,"Stance":3,"InterruptCurrent":false,"AttackBack":true,"TargetPriority":"","ActiveOrders":null,"Health":11,"MaxHealth":11},{"InternalID":46,"UnitID":11,"Type":2,"Kind":1,"Location":{"Space":{"X":0,"Y":3},"Zone":{"X":0,"Y":0}},"CurrentStamina":23,"CurrentOrder":null,"Builds":[],"GarrisonedIn":null,"Stance":3,"InterruptCurrent":false,"AttackBack":true,"TargetPriority":"","ActiveOrders":null,"Health":11,"MaxHealth":11},{"InternalID":47,"UnitID":12,"Type":2,"Kind":1,"Location":{"Space":{"X":0,"Y":3},"Zone":{"X":0,"Y":0}},"CurrentStamina":18,"CurrentOrder":null,"Builds":[],"GarrisonedIn":null,"Stance":3,"InterruptCurrent":false,"AttackBack":true,"TargetPriority":"","ActiveOrders":null,"Health":16,"MaxHealth":16},{"InternalID":48,"UnitID":12,"Type":2,"Kind":1,"Location":{"Space":{"X":0,"Y":3},"Zone":{"X":0,"Y":0}},"CurrentStamina":18,"CurrentOrder":null,"Builds":[],"GarrisonedIn":null,"Stance":3,"InterruptCurrent":false,"AttackBack":true,"TargetPriority":"","ActiveOrders":null,"Health":16,"MaxHealth":16},{"InternalID":49,"UnitID":12,"Type":2,"Kind":1,"Location":{"Space":{"X":0,"Y":3},"Zone":{"X":0,"Y":0}},"CurrentStamina":18,"CurrentOrder":null,"Builds":[],"GarrisonedIn":null,"Stance":3,"InterruptCurrent":false,"AttackBack":true,"TargetPriority":"","ActiveOrders":null,"Health":16,"MaxHealth":16},{"InternalID":50,"UnitID":12,"Type":2,"Kind":1,"Location":{"Space":{"X":0,"Y":3},"Zone":{"X":0,"Y":0}},"CurrentStamina":18,"CurrentOrder":null,"Builds":[],"GarrisonedIn":null,"Stance":3,"InterruptCurrent":false,"AttackBack":true,"TargetPriority":"","ActiveOrders":null,"Health":16,"MaxHealth":16},{"InternalID":51,"UnitID":12,"Type":2,"Kind":1,"Location":{"Space":{"X":0,"Y":3},"Zone":{"X":0,"Y":0}},"CurrentStamina":18,"CurrentOrder":null,"Builds":[],"GarrisonedIn":null,"Stance":3,"InterruptCurrent":false,"AttackBack":true,"TargetPriority":"","ActiveOrders":null,"Health":16,"MaxHealth":16},{"InternalID":52,"UnitID":12,"Type":2,"Kind":1,"Location":{"Space":{"X":0,"Y":3},"Zone":{"X":0,"Y":0}},"CurrentStamina":18,"CurrentOrder":null,"Builds":[],"GarrisonedIn":null,"Stance":3,"InterruptCurrent":false,"AttackBack":true,"TargetPriority":"","ActiveOrders":null,"Health":16,"MaxHealth":16},{"InternalID":53,"UnitID":12,"Type":2,"Kind":1,"Location":{"Space":{"X":0,"Y":3},"Zone":{"X":0,"Y":0}},"CurrentStamina":18,"CurrentOrder":null,"Builds":[],"GarrisonedIn":null,"Stance":3,"InterruptCurrent":false,"AttackBack":true,"TargetPriority":"","ActiveOrders":null,"Health":16,"MaxHealth":16},{"InternalID":54,"UnitID":12,"Type":2,"Kind":1,"Location":{"Space":{"X":0,"Y":3},"Zone":{"X":0,"Y":0}},"CurrentStamina":18,"CurrentOrder":null,"Builds":[],"GarrisonedIn":null,"Stance":3,"InterruptCurrent":false,"AttackBack":true,"TargetPriority":"","ActiveOrders":null,"Health":16,"MaxHealth":16},{"InternalID":55,"UnitID":13,"Type":2,"Kind":1,"Location":{"Space":{"X":0,"Y":3},"Zone":{"X":0,"Y":0}},"CurrentStamina":12,"CurrentOrder":null,"Builds":[],"GarrisonedIn":null,"Stance":3,"InterruptCurrent":false,"AttackBack":true,"TargetPriority":"","ActiveOrders":null,"Health":50,"MaxHealth":50},{"InternalID":56,"UnitID":13,"Type":2,"Kind":1,"Location":{"Space":{"X":0,"Y":3},"Zone":{"X":0,"Y":0}},"CurrentStamina":12,"CurrentOrder":null,"Builds":[],"GarrisonedIn":null,"Stance":3,"InterruptCurrent":false,"AttackBack":true,"TargetPriority":"","ActiveOrders":null,"Health":50,"MaxHealth":50},{"InternalID":57,"UnitID":13,"Type":2,"Kind":1,"Location":{"Space":{"X":0,"Y":3},"Zone":{"X":0,"Y":0}},"CurrentStamina":12,"CurrentOrder":null,"Builds":[],"GarrisonedIn":null,"Stance":3,"InterruptCurrent":false,"AttackBack":true,"TargetPriority":"","ActiveOrders":null,"Health":50,"MaxHealth":50},{"InternalID":58,"UnitID":13,"Type":2,"Kind":1,"Location":{"Space":{"X":0,"Y":3},"Zone":{"X":0,"Y":0}},"CurrentStamina":12,"CurrentOrder":null,"Builds":[],"GarrisonedIn":null,"Stance":3,"InterruptCurrent":false,"AttackBack":true,"TargetPriority":"","ActiveOrders":null,"Health":50,"MaxHealth":50},{"InternalID":59,"UnitID":13,"Type":2,"Kind":1,"Location":{"Space":{"X":0,"Y":3},"Zone":{"X":0,"Y":0}},"CurrentStamina":12,"CurrentOrder":null,"Builds":[],"GarrisonedIn":null,"Stance":3,"InterruptCurrent":false,"AttackBack":true,"TargetPriority":"","ActiveOrders":null,"Health":50,"MaxHealth":50},{"InternalID":60,"UnitID":13,"Type":2,"Kind":1,"Location":{"Space":{"X":0,"Y":3},"Zone":{"X":0,"Y":0}},"CurrentStamina":12,"CurrentOrder":null,"Builds":[],"GarrisonedIn":null,"Stance":3,"InterruptCurrent":false,"AttackBack":true,"TargetPriority":"","ActiveOrders":null,"Health":50,"MaxHealth":50}]}
2026/09/30 21:20:37 ai ai-1: submitting orders [{Subjects:[33] OrderType:2 TargetID:1081 ClearPreviousOrders:true}]
2026/09/30 21:20:37 ai ai-1: vars {}
2026/09/30 21:20:37 player action: submit-orders 0 2 map[orders:[{1 [33] 2 1081 true}]]
2026/09/30 21:20:37 Executing submit orders for: 1 [{1 [33] 2 1081 true}]
2026/09/30 21:20:37 ai ai-0: new turn data {"buildings":[],"enemy_buildings":[],"enemy_units":[],"foundations":[],"population":{"current":30,"limit":0},"resources":{"food":200,"gold":96,"stone":100,"wood":200},"spaces":[{"Space":{"X":0,"Y":-4},"Vision":1,"Owner":-1},{"Space":{"X":1,"Y":-4},"Vision":1,"Owner":-1},{"Space":{"X":2,"Y":-4},"Vision":1,"Owner":-1},{"Space":{"X":3,"Y":-4},"Vision":1,"Owner":-1},{"Space":{"X":4,"Y":-4},"Vision":1,"Owner":-1},{"Space":{"X":-1,"Y":-3},"Vision":1,"Owner":-1},{"Space":{"X":0,"Y":-3},"Vision":1,"Owner":-1},{"Space":{"X":1,"Y":-3},"Vision":1,"Owner":-1},{"Space":{"X":2,"Y":-3},"Vision":1,"Owner":-1},{"Space":{"X":3,"Y":-3},"Vision":1,"Owner":-1},{"Space":{"X":4,"Y":-3},"Vision":1,"Owner":-1},{"Space":{"X":-2,"Y":-2},"Vision":1,"Owner":-1},{"Space":{"X":-1,"Y":-2},"Vision":1,"Owner":-1},{"Space":{"X":0,"Y":-2},"Vision":1,"Owner":-1},{"Space":{"X":1,"Y":-2},"Vision":1,"Owner":-1},{"Space":{"X":2,"Y":-2},"Vision":1,"Owner":-1},{"Space":{"X":3,"Y":-2},"Vision":1,"Owner":-1},{"Space":{"X":4,"Y":-2},"Vision":0,"Owner":-1},{"Space":{"X":-3,"Y":-1},"Vision":1,"Owner":-1},{"Space":{"X":-2,"Y":-1},"Vision":1,"Owner":-1},{"Space":{"X":-1,"Y":-1},"Vision":1,"Owner":-1},{"Space":{"X":0,"Y":-1},"Vision":1,"Owner":-1},{"Space":{"X":1,"Y":-1},"Vision":1,"Owner":-1},{"Space":{"X":2,"Y":-1},"Vision":1,"Owner":-1},{"Space":{"X":3,"Y":-1},"Vision":0,"Owner":-1},{"Space":{"X":4,"Y":-1},"Vision":0,"Owner":-1},{"Space":{"X":-4,"Y":0},"Vision":1,"Owner":-1},{"Space":{"X":-3,"Y":0},"Vision":1,"Owner":-1},{"Space":{"X":-2,"Y":0},"Vision":2,"Owner":-1},{"Space":{"X":-1,"Y":0},"Vision":2,"Owner":-1},{"Space":{"X":0,"Y":0},"Vision":1,"Owner":-1},{"Space":{"X":1,"Y":0},"Vision":1,"Owner":-1},{"Space":{"X":2,"Y":0},"Vision":1,"Owner":-1},{"Space":{"X":3,"Y":0},"Vision":0,"Owner":-1},{"Space":{"X":4,"Y":0},"Vision":0,"Owner":-1},{"Space":{"X":-4,"Y":1},"Vision":1,"Owner":-1},{"Space":{"X":-3,"Y":1},"Vision":2,"Owner":-1},{"Space":{"X":-2,"Y":1},"Vision":3,"Owner":0},{"Space":{"X":-1,"Y":1},"Vision":2,"Owner":-1},{"Space":{"X":0,"Y":1},"Vision":2,"Owner":-1},{"Space":{"X":1,"Y":1},"Vision":2,"Owner":-1},{"Space":{"X":2,"Y":1},"Vision":0,"Owner":-1},{"Space":{"X":3,"Y":1},"Vision":0,"Owner":-1},{"Space":{"X":-4,"Y":2},"Vision":1,"Owner":-1},{"Space":{"X":-3,"Y":2},"Vision":3,"Owner":-1},{"Space":{"X":-2,"Y":2},"Vision":3,"Owner":0},{"Space":{"X":-1,"Y":2},"Vision":3,"Owner":0},{"Space":{"X":0,"Y":2},"Vision":3,"Owner":0},{"Space":{"X":1,"Y":2},"Vision":2,"Owner":-1},{"Space":{"X":2,"Y":2},"Vision":0,"Owner":-1},{"Space":{"X":-4,"Y":3},"Vision":1,"Owner":-1},{"Space":{"X":-3,"Y":3},"Vision":2,"Owner":-1},{"Space":{"X":-2,"Y":3},"Vision":2,"Owner":-1},{"Space":{"X":-1,"Y":3},"Vision":3,"Owner":0},{"Space":{"X":0,"Y":3},"Vision":2,"Owner":1},{"Space":{"X":1,"Y":3},"Vision":0,"Owner":-1},{"Space":{"X":-4,"Y":4},"Vision":1,"Owner":-1},{"Space":{"X":-3,"Y":4},"Vision":1,"Owner":-1},{"Space":{"X":-2,"Y":4},"Vision":2,"Owner":-1},{"Space":{"X":-1,"Y":4},"Vision":2,"Owner":-1},{"Space":{"X":0,"Y":4},"Vision":0,"Owner":-1}],"units":[{"InternalID":1,"UnitID":11,"Type":2,"Kind":1,"Location":{"Space":{"X":-1,"Y":3},"Zone":{"X":0,"Y":0}},"CurrentStamina":23,"CurrentOrder":null,"Builds":[],"GarrisonedIn":null,"Stance":3,"InterruptCurrent":true,"AttackBack":true,"TargetPriority":"","ActiveOrders":null,"Health":9.2,"MaxHealth":11},{"InternalID":2,"UnitID":11,"Type":2,"Kind":1,"Location":{"Space":{"X":0,"Y":2},"Zone":{"X":0,"Y":0}},"CurrentStamina":23,"CurrentOrder":null,"Builds":[],"GarrisonedIn":null,"Stance":3,"InterruptCurrent":true,"AttackBack":true,"TargetPriority":"","ActiveOrders":null,"Health":5.6,"MaxHealth":11},{"InternalID":3,"UnitID":11,"Type":2,"Kind":1,"Location":{"Space":{"X":-1,"Y":3},"Zone":{"X":0,"Y":0}},"CurrentStamina":23,"CurrentOrder":null,"Builds":[],"GarrisonedIn":null,"Stance":3,"InterruptCurrent":true,"AttackBack":true,"TargetPriority":"","ActiveOrders":null,"Health":11,"MaxHealth":11},{"InternalID":4,"UnitID":11,"Type":2,"Kind":1,"Location":{"Space":{"X":-2,"Y":2},"Zone":{"X":0,"Y":0}},"CurrentStamina":23,"CurrentOrder":null,"Builds":[],"GarrisonedIn":null,"Stance":3,"InterruptCurrent":true,"AttackBack":true,"TargetPriority":"","ActiveOrders":null,"Health":11,"MaxHealth":11},{"InternalID":5,"UnitID":11,"Type":2,"Kind":1,"Location":{"Space":{"X":-2,"Y":2},"Zone":{"X":1,"Y":0}},"CurrentStamina":23,"CurrentOrder":null,"Builds":[],"GarrisonedIn":null,"Stance":3,"InterruptCurrent":true,"AttackBack":true,"TargetPriority":"","ActiveOrders":null,"Health":11,"MaxHealth":11},{"InternalID":6,"UnitID":11,"Type":2,"Kind":1,"Location":{"Space":{"X":-2,"Y":1},"Zone":{"X":-1,"Y":1}},"CurrentStamina":23,"CurrentOrder":null,"Builds":[],"GarrisonedIn":null,"Stance":3,"InterruptCurrent":false,"AttackBack":true,"TargetPriority":"","ActiveOrders":null,"Health":11,"MaxHealth":11},{"InternalID":7,"UnitID":11,"Type":2,"Kind":1,"Location":{"Space":{"X":-1,"Y":3},"Zone":{"X":0,"Y":0}},"CurrentStamina":23,"CurrentOrder":null,"Builds":[],"GarrisonedIn":null,"Stance":3,"InterruptCurrent":true,"AttackBack":true,"TargetPriority":"","ActiveOrders":null,"Health":11,"MaxHealth":11},{"InternalID":8,"UnitID":11,"Type":2,"Kind":1,"Location":{"Space":{"X":-1,"Y":3},"Zone":{"X":0,"Y":0}},"CurrentStamina":23,"CurrentOrder":null,"Builds":[],"GarrisonedIn":null,"Stance":3,"InterruptCurrent":true,"AttackBack":true,"TargetPriority":"","ActiveOrders":null,"Health":11,"MaxHealth":11},{"InternalID":9,"UnitID":11,"Type":2,"Kind":1,"Location":{"Space":{"X":-1,"Y":3},"Zone":{"X":0,"Y":0}},"CurrentStamina":23,"CurrentOrder":null,"Builds":[],"GarrisonedIn":null,"Stance":3,"InterruptCurrent":true,"AttackBack":true,"TargetPriority":"","ActiveOrders":null,"Health":11,"MaxHealth":11},{"InternalID":10,"UnitID":11,"Type":2,"Kind":1,"Location":{"Space":{"X":-1,"Y":3},"Zone":{"X":0,"Y":0}},"CurrentStamina":23,"CurrentOrder":null,"Builds":[],"GarrisonedIn":null,"Stance":3,"InterruptCurrent":true,"AttackBack":true,"TargetPriority":"","ActiveOrders":null,"Health":11,"MaxHealth":11},{"InternalID":11,"UnitID":11,"Type":2,"Kind":1,"Location":{"Space":{"X":-1,"Y":3},"Zone":{"X":0,"Y":0}},"CurrentStamina":23,"CurrentOrder":null,"Builds":[],"GarrisonedIn":null,"Stance":3,"InterruptCurrent":true,"AttackBack":true,"TargetPriority":"","ActiveOrders":null,"Health":11,"MaxHealth":11},{"InternalID":12,"UnitID":11,"Type":2,"Kind":1,"Location":{"Space":{"X":-1,"Y":3},"Zone":{"X":0,"Y":0}},"CurrentStamina":23,"CurrentOrder":null,"Builds":[],"GarrisonedIn":null,"Stance":3,"InterruptCurrent":true,"AttackBack":true,"TargetPriority":"","ActiveOrders":null,"Health":11,"MaxHealth":11},{"InternalID":13,"UnitID":11,"Type":2,"Kind":1,"Location":{"Space":{"X":-1,"Y":3},"Zone":{"X":0,"Y":0}},"CurrentStamina":23,"CurrentOrder":null,"Builds":[],"GarrisonedIn":null,"Stance":3,"InterruptCurrent":true,"AttackBack":true,"TargetPriority":"","ActiveOrders":null,"Health":11,"MaxHealth":11},{"InternalID":14,"UnitID":11,"Type":2,"Kind":1,"Location":{"Space":{"X":-1,"Y":3},"Zone":{"X":0,"Y":0}},"CurrentStamina":23,"CurrentOrder":null,"Builds":[],"GarrisonedIn":null,"Stance":3,"InterruptCurrent":true,"AttackBack":true,"TargetPriority":"","ActiveOrders":null,"Health":11,"MaxHealth":11},{"InternalID":15,"UnitID":11,"Type":2,"Kind":1,"Location":{"Space":{"X":-1,"Y":3},"Zone":{"X":0,"Y":0}},"CurrentStamina":23,"CurrentOrder":null,"Builds":[],"GarrisonedIn":null,"Stance":3,"InterruptCurrent":true,"AttackBack":true,"TargetPriority":"","ActiveOrders":null,"Health":11,"MaxHealth":11},{"InternalID":16,"UnitID":11,"Type":2,"Kind":1,"Location":{"Space":{"X":-1,"Y":3},"Zone":{"X":0,"Y":0}},"CurrentStamina":23,"CurrentOrder":null,"Builds":[],"GarrisonedIn":null,"Stance":3,"InterruptCurrent":true,"AttackBack":true,"TargetPriority":"","ActiveOrders":null,"Health":11,"MaxHealth":11},{"InternalID":17,"UnitID":12,"Type":2,"Kind":1,"Location":{"Space":{"X":-1,"Y":2},"Zone":{"X":0,"Y":0}},"CurrentStamina":18,"CurrentOrder":null,"Builds":[],"GarrisonedIn":null,"Stance":3,"InterruptCurrent":true,"AttackBack":true,"TargetPriority":"","ActiveOrders":null,"Health":16,"MaxHealth":16},{"InternalID":18,"UnitID":12,"Type":2,"Kind":1,"Location":{"Space":{"X":-1,"Y":2},"Zone":{"X":0,"Y":0}},"CurrentStamina":18,"CurrentOrder":null,"Builds":[],"GarrisonedIn":null,"Stance":3,"InterruptCurrent":true,"AttackBack":true,"TargetPriority":"","ActiveOrders":null,"Health":16,"MaxHealth":16},{"InternalID":19,"UnitID":12,"Type":2,"Kind":1,"Location":{"Space":{"X":-1,"Y":2},"Zone":{"X":0,"Y":0}},"CurrentStamina":18,"CurrentOrder":null,"Builds":[],"GarrisonedIn":null,"Stance":3,"InterruptCurrent":true,"AttackBack":true,"TargetPriority":"","ActiveOrders":null,"Health":16,"MaxHealth":16},{"InternalID":20,"UnitID":12,"Type":2,"Kind":1,"Location":{"Space":{"X":-1,"Y":2},"Zone":{"X":0,"Y":0}},"CurrentStamina":18,"CurrentOrder":null,"Builds":[],"GarrisonedIn":null,"Stance":3,"InterruptCurrent":true,"AttackBack":true,"TargetPriority":"","ActiveOrders":null,"Health":16,"MaxHealth":16},{"InternalID":21,"UnitID":12,"Type":2,"Kind":1,"Location":{"Space":{"X":-1,"Y":2},"Zone":{"X":0,"Y":0}},"CurrentStamina":18,"CurrentOrder":null,"Builds":[],"GarrisonedIn":null,"Stance":3,"InterruptCurrent":true,"AttackBack":true,"TargetPriority":"","ActiveOrders":null,"Health":16,"MaxHealth":16},{"InternalID":22,"UnitID":12,"Type":2,"Kind":1,"Location":{"Space":{"X":-1,"Y":2},"Zone":{"X":0,"Y":0}},"CurrentStamina":18,"CurrentOrder":null,"Builds":[],"GarrisonedIn":null,"Stance":3,"InterruptCurrent":true,"AttackBack":true,"TargetPriority":"","ActiveOrders":null,"Health":16,"MaxHealth":16},{"InternalID":23,"UnitID":12,"Type":2,"Kind":1,"Location":{"Space":{"X":-1,"Y":2},"Zone":{"X":0,"Y":0}},"CurrentStamina":18,"CurrentOrder":null,"Builds":[],"GarrisonedIn":null,"Stance":3,"InterruptCurrent":true,"AttackBack":true,"TargetPriority":"","ActiveOrders":null,"Health":16,"MaxHealth":16},{"InternalID":24,"UnitID":12,"Type":2,"Kind":1,"Location":{"Space":{"X":-1,"Y":2},"Zone":{"X":0,"Y":0}},"CurrentStamina":18,"CurrentOrder":null,"Builds":[],"GarrisonedIn":null,"Stance":3,"InterruptCurrent":true,"AttackBack":true,"TargetPriority":"","ActiveOrders":null,"Health":16,"MaxHealth":16},{"InternalID":25,"UnitID":13,"Type":2,"Kind":1,"Location":{"Space":{"X":-2,"Y":1},"Zone":{"X":0,"Y":0}},"CurrentStamina":12,"CurrentOrder":null,"Builds":[],"GarrisonedIn":null,"Stance":3,"InterruptCurrent":false,"AttackBack":true,"TargetPriority":"","ActiveOrders":null,"Health":47.8571,"MaxHealth":50},{"InternalID":26,"UnitID":13,"Type":2,"Kind":1,"Location":{"Space":{"X":-2,"Y":1},"Zone":{"X":0,"Y":0}},"CurrentStamina":12,"CurrentOrder":null,"Builds":[],"GarrisonedIn":null,"Stance":3,"InterruptCurrent":false,"AttackBack":true,"TargetPriority":"","ActiveOrders":null,"Health":50,"MaxHealth":50},{"InternalID":27,"UnitID":13,"Type":2,"Kind":1,"Location":{"Space":{"X":-2,"Y":1},"Zone":{"X":0,"Y":0}},"CurrentStamina":12,"CurrentOrder":null,"Builds":[],"GarrisonedIn":null,"Stance":3,"InterruptCurrent":false,"AttackBack":true,"TargetPriority":"","ActiveOrders":null,"Health":50,"MaxHealth":50},{"InternalID":28,"UnitID":13,"Type":2,"Kind":1,"Location":{"Space":{"X":-2,"Y":1},"Zone":{"X":0,"Y":0}},"CurrentStamina":12,"CurrentOrder":null,"Builds":[],"GarrisonedIn":null,"Stance":3,"InterruptCurrent":false,"AttackBack":true,"TargetPriority":"","ActiveOrders":null,"Health":50,"MaxHealth":50},{"InternalID":29,"UnitID":13,"Type":2,"Kind":1,"Location":{"Space":{"X":-2,"Y":1},"Zone":{"X":0,"Y":0}},"CurrentStamina":12,"CurrentOrder":null,"Builds":[],"GarrisonedIn":null,"Stance":3,"InterruptCurrent":false,"AttackBack":true,"TargetPriority":"","ActiveOrders":null,"Health":50,"MaxHealth":50},{"InternalID":30,"UnitID":13,"Type":2,"Kind":1,"Location":{"Space":{"X":-2,"Y":1},"Zone":{"X":0,"Y":0}},"CurrentStamina":12,"CurrentOrder":null,"Builds":[],"GarrisonedIn":null,"Stance":3,"InterruptCurrent":false,"AttackBack":true,"TargetPriority":"","ActiveOrders":null,"Health":50,"MaxHealth":50}]}
2026/09/30 21:20:37 ai ai-0: submitting orders [{Subjects:[1] OrderType:2 TargetID:3916 ClearPreviousOrders:true} {Subjects:[2] OrderType:2 TargetID:3570 ClearPreviousOrders:true} {Subjects:[3] OrderType:2 TargetID:3916 ClearPreviousOrders:true} {Subjects:[4] OrderType:2 TargetID:1081 ClearPreviousOrders:true} {Subjects:[5] OrderType:2 TargetID:3240 ClearPreviousOrders:true} {Subjects:[6] OrderType:2 TargetID:1081 ClearPreviousOrders:true} {Subjects:[7] OrderType:2 TargetID:3916 ClearPreviousOrders:true} {Subjects:[8] OrderType:2 TargetID:3916 ClearPreviousOrders:true} {Subjects:[9] OrderType:2 TargetID:3916 ClearPreviousOrders:true} {Subjects:[10] OrderType:2 TargetID:3916 ClearPreviousOrders:true} {Subjects:[11] OrderType:2 TargetID:3916 ClearPreviousOrders:true} {Subjects:[12] OrderType:2 TargetID:3916 ClearPreviousOrders:true} {Subjects:[13] OrderType:2 TargetID:3916 ClearPreviousOrders:true} {Subjects:[14] OrderType:2 TargetID:3916 ClearPreviousOrders:true} {Subjects:[15] OrderType:2 TargetID:3916 ClearPreviousOrders:true} {Subjects:[16] OrderType:2 TargetID:3916 ClearPreviousOrders:true} {Subjects:[17] OrderType:2 TargetID:3916 ClearPreviousOrders:true} {Subjects:[18] OrderType:2 TargetID:3916 ClearPreviousOrders:true} {Subjects:[19] OrderType:2 TargetID:3916 ClearPreviousOrders:true} {Subjects:[20] OrderType:2 TargetID:3916 ClearPreviousOrders:true} {Subjects:[21] OrderType:2 TargetID:3916 ClearPreviousOrders:true} {Subjects:[22] OrderType:2 TargetID:3916 ClearPreviousOrders:true} {Subjects:[23] OrderType:2 TargetID:3916 ClearPreviousOrders:true} {Subjects:[24] OrderType:2 TargetID:3916 ClearPreviousOrders:true} {Subjects:[25] OrderType:2 TargetID:3916 ClearPreviousOrders:true} {Subjects:[26] OrderType:2 TargetID:3916 ClearPreviousOrders:true} {Subjects:[27] OrderType:2 TargetID:3916 ClearPreviousOrders:true} {Subjects:[28] OrderType:2 TargetID:3916 ClearPreviousOrders:true} {Subjects:[29] OrderType:2 TargetID:3916 ClearPreviousOrders:true} {Subjects:[30] OrderType:2 TargetID:3916 ClearPreviousOrders:true}]
2026/09/30 21:20:37 ai ai-0: vars {"B":16,"Hv":6,"Pi":8,"aPowLocal":0,"aThreat":0,"a_engaged":0,"a_odds":1.3,"a_outnumbered":0,"army_target":50,"army_value":3080,"assault":0,"bank_rate":28,"bar_barracks":0.17072129748186085,"bar_redoubt":1.1111111111111112,"barracks":0,"barracks_B":0,"barracks_P":0,"barracks_save":0,"barracks_spend":78.1,"barracks_want":0,"buffer_food":70,"buffer_gold":0,"buffer_stone":0,"buffer_wood":70,"builders":0,"committed":0,"eB":14.7,"eGrowth":0,"eH":5.7,"eMil":28.099999999999998,"eP":7.7,"ePow":52.900000000000006,"ePowEst":53.9,"ePowSeen":53.9,"eTech":1,"eV":0,"es":29.099999999999998,"farm_want":0,"farm_wood_short":0,"farming":0,"fire_barracks":0,"fire_farm0":0,"fire_farm1":0,"fire_farm2":0,"fire_house":0,"fire_outpost":0,"fire_redoubt":0,"fire_smith":0,"fire_vc":0,"food_need":0,"food_over":0,"food_rate":0,"food_slots":1000,"food_workers":0,"free_room":20,"go":0,"gold_income":10,"gold_need":0,"gold_rate":0,"gold_surplus":96,"guaranteed":0,"guard_home":0,"headroom":-30,"hire_B":5169.230769230769,"hire_P":8123.076923076922,"homePow":0,"house_builders":0,"house_urgency":0,"house_want":0,"income_proj":0,"left":0,"lf_food":0,"lf_gold":0,"lf_stone":0,"lf_wood":0,"lump_food":0,"lump_gold":0,"lump_stone":0,"lump_wood":0,"maturity":0,"mil":30,"myTech":1,"n_barracks":0,"n_redoubts":0,"needB":14.84783775002116,"needP":5.152162249978842,"outpost_want":0,"pikes":0,"planned_food":0,"planned_gold":0,"planned_stone":0,"planned_wood":0,"prod_rate":0,"proj_army":3080,"raid_danger":0,"raid_fails":0,"raid_lost":0,"raid_pause":0,"raid_prev":5,"raid_size":4.8,"raid_wiped":0,"rate":6,"redoubt_H":0,"redoubt_gold_ok":1,"redoubt_save":0,"redoubt_spend":30,"redoubt_want":0,"redoubts":0,"rf_food":0,"rf_gold":0,"rf_stone":0,"rf_wood":0,"sB4":1.2862173069280896,"sP4":0.4463141614013736,"scale_l":0,"scale_r":0,"shareH":0.5077827191867852,"smith_want":0,"smiths":0,"spare":0,"spare_food":0.5,"stone_need":0,"stone_rate":0,"tH":26,"target_spend":400,"tech_food":50,"tech_gold":0,"tech_stone":0,"tech_wood":50,"threat_home":0,"turns_left":-300,"u_barracks":0.17646714292919355,"u_redoubt":0.47393053790766615,"unit_spend":120,"vB":1.0649484536082476,"vH":1.0986254295532647,"vP":0.8173539518900343,"vc_want":0,"vcs":0,"vil_goal":50,"vil_rate":0,"vil_stamina":8,"vil_want":0,"vil_want_last":0,"vil_worth_now":0.6,"vils":0,"w_food":0,"w_gold":0,"w_stone":0,"w_wood":0,"wild_workers":0,"wood_need":0,"wood_rate":0,"workers":0}
2026/09/30 21:20:37 player action: set-unit-behavior 0 1 map[internal_ids:[25 26 27 28 29 30] interrupt_current:true]
2026/09/30 21:20:37 player action: submit-orders 0 1 map[orders:[{0 [1] 2 3916 true} {0 [2] 2 3570 true} {0 [3] 2 3916 true} {0 [4] 2 1081 true} {0 [5] 2 3240 true} {0 [6] 2 1081 true} {0 [7] 2 3916 true} {0 [8] 2 3916 true} {0 [9] 2 3916 true} {0 [10] 2 3916 true} {0 [11] 2 3916 true} {0 [12] 2 3916 true} {0 [13] 2 3916 true} {0 [14] 2 3916 true} {0 [15] 2 3916 true} {0 [16] 2 3916 true} {0 [17] 2 3916 true} {0 [18] 2 3916 true} {0 [19] 2 3916 true} {0 [20] 2 3916 true} {0 [21] 2 3916 true} {0 [22] 2 3916 true} {0 [23] 2 3916 true} {0 [24] 2 3916 true} {0 [25] 2 3916 true} {0 [26] 2 3916 true} {0 [27] 2 3916 true} {0 [28] 2 3916 true} {0 [29] 2 3916 true} {0 [30] 2 3916 true}]]
2026/09/30 21:20:37 Executing submit orders for: 0 [{0 [1] 2 3916 true} {0 [2] 2 3570 true} {0 [3] 2 3916 true} {0 [4] 2 1081 true} {0 [5] 2 3240 true} {0 [6] 2 1081 true} {0 [7] 2 3916 true} {0 [8] 2 3916 true} {0 [9] 2 3916 true} {0 [10] 2 3916 true} {0 [11] 2 3916 true} {0 [12] 2 3916 true} {0 [13] 2 3916 true} {0 [14] 2 3916 true} {0 [15] 2 3916 true} {0 [16] 2 3916 true} {0 [17] 2 3916 true} {0 [18] 2 3916 true} {0 [19] 2 3916 true} {0 [20] 2 3916 true} {0 [21] 2 3916 true} {0 [22] 2 3916 true} {0 [23] 2 3916 true} {0 [24] 2 3916 true} {0 [25] 2 3916 true} {0 [26] 2 3916 true} {0 [27] 2 3916 true} {0 [28] 2 3916 true} {0 [29] 2 3916 true} {0 [30] 2 3916 true}]
2026/09/30 21:20:37 Resolving active orders
2026/09/30 21:20:37 Moving unit 7 Blunt Infantry to zone(1, 0) in space (-1, 3) tick=1
2026/09/30 21:20:37 Moving unit 19 Piercing Infantry to zone(0, 1) in space (-1, 2) tick=1
2026/09/30 21:20:37 Moving unit 22 Piercing Infantry to zone(0, 1) in space (-1, 2) tick=1
2026/09/30 21:20:37 Moving unit 29 Heavy Infantry to zone(0, 1) in space (-2, 1) tick=1
2026/09/30 21:20:37 Moving unit 21 Piercing Infantry to zone(0, 1) in space (-1, 2) tick=1
2026/09/30 21:20:37 Moving unit 8 Blunt Infantry to zone(1, 0) in space (-1, 3) tick=1
2026/09/30 21:20:37 Moving unit 11 Blunt Infantry to zone(1, 0) in space (-1, 3) tick=1
2026/09/30 21:20:37 Moving unit 12 Blunt Infantry to zone(1, 0) in space (-1, 3) tick=1
2026/09/30 21:20:37 Moving unit 13 Blunt Infantry to zone(1, 0) in space (-1, 3) tick=1
2026/09/30 21:20:37 Moving unit 16 Blunt Infantry to zone(1, 0) in space (-1, 3) tick=1
2026/09/30 21:20:37 Moving unit 30 Heavy Infantry to zone(0, 1) in space (-2, 1) tick=1
2026/09/30 21:20:37 Moving unit 3 Blunt Infantry to zone(1, 0) in space (-1, 3) tick=1
2026/09/30 21:20:37 Moving unit 5 Blunt Infantry to zone(-1, 0) in space (-1, 2) tick=1
2026/09/30 21:20:37 Moving unit 18 Piercing Infantry to zone(0, 1) in space (-1, 2) tick=1
2026/09/30 21:20:37 Moving unit 23 Piercing Infantry to zone(0, 1) in space (-1, 2) tick=1
2026/09/30 21:20:37 Moving unit 25 Heavy Infantry to zone(0, 1) in space (-2, 1) tick=1
2026/09/30 21:20:37 Moving unit 26 Heavy Infantry to zone(0, 1) in space (-2, 1) tick=1
2026/09/30 21:20:37 Moving unit 28 Heavy Infantry to zone(0, 1) in space (-2, 1) tick=1
2026/09/30 21:20:37 Moving unit 6 Blunt Infantry to zone(0, 0) in space (-2, 1) tick=1
2026/09/30 21:20:37 Moving unit 24 Piercing Infantry to zone(0, 1) in space (-1, 2) tick=1
2026/09/30 21:20:37 Moving unit 27 Heavy Infantry to zone(0, 1) in space (-2, 1) tick=1
2026/09/30 21:20:37 Moving unit 2 Blunt Infantry to zone(1, 0) in space (0, 2) tick=1
2026/09/30 21:20:37 Moving unit 10 Blunt Infantry to zone(1, 0) in space (-1, 3) tick=1
2026/09/30 21:20:37 Moving unit 20 Piercing Infantry to zone(0, 1) in space (-1, 2) tick=1
2026/09/30 21:20:37 Moving unit 1 Blunt Infantry to zone(1, 0) in space (-1, 3) tick=1
2026/09/30 21:20:37 Moving unit 4 Blunt Infantry to zone(1, 0) in space (-2, 2) tick=1
2026/09/30 21:20:37 Moving unit 15 Blunt Infantry to zone(1, 0) in space (-1, 3) tick=1
2026/09/30 21:20:37 Moving unit 9 Blunt Infantry to zone(1, 0) in space (-1, 3) tick=1
2026/09/30 21:20:37 Moving unit 17 Piercing Infantry to zone(0, 1) in space (-1, 2) tick=1
2026/09/30 21:20:37 Moving unit 14 Blunt Infantry to zone(1, 0) in space (-1, 3) tick=1
2026/09/30 21:20:37 Moving unit 33 Blunt Infantry to zone(1, -1) in space (0, 3) tick=1
2026/09/30 21:20:37 state_hash turn=9 tick=1 hash=082b05cf391fcd60
2026/09/30 21:20:37 Moving unit 9 Blunt Infantry to zone(-1, 0) in space (0, 3) tick=2
2026/09/30 21:20:37 Moving unit 17 Piercing Infantry to zone(0, -1) in space (-1, 3) tick=2
2026/09/30 21:20:37 Moving unit 14 Blunt Infantry to zone(-1, 0) in space (0, 3) tick=2
2026/09/30 21:20:37 Moving unit 7 Blunt Infantry to zone(-1, 0) in space (0, 3) tick=2
2026/09/30 21:20:37 Moving unit 19 Piercing Infantry to zone(0, -1) in space (-1, 3) tick=2
2026/09/30 21:20:37 Moving unit 22 Piercing Infantry to zone(0, -1) in space (-1, 3) tick=2
2026/09/30 21:20:37 Moving unit 29 Heavy Infantry to zone(0, -1) in space (-2, 2) tick=2
2026/09/30 21:20:37 Moving unit 21 Piercing Infantry to zone(0, -1) in space (-1, 3) tick=2
2026/09/30 21:20:37 Moving unit 8 Blunt Infantry to zone(-1, 0) in space (0, 3) tick=2
2026/09/30 21:20:37 Moving unit 11 Blunt Infantry to zone(-1, 0) in space (0, 3) tick=2
2026/09/30 21:20:37 Moving unit 12 Blunt Infantry to zone(-1, 0) in space (0, 3) tick=2
2026/09/30 21:20:37 Moving unit 13 Blunt Infantry to zone(-1, 0) in space (0, 3) tick=2
2026/09/30 21:20:37 Moving unit 16 Blunt Infantry to zone(-1, 0) in space (0, 3) tick=2
2026/09/30 21:20:37 Moving unit 30 Heavy Infantry to zone(0, -1) in space (-2, 2) tick=2
2026/09/30 21:20:37 Moving unit 3 Blunt Infantry to zone(-1, 0) in space (0, 3) tick=2
2026/09/30 21:20:37 Moving unit 5 Blunt Infantry to zone(0, 0) in space (-1, 2) tick=2
2026/09/30 21:20:37 Moving unit 18 Piercing Infantry to zone(0, -1) in space (-1, 3) tick=2
2026/09/30 21:20:37 Moving unit 23 Piercing Infantry to zone(0, -1) in space (-1, 3) tick=2
2026/09/30 21:20:37 Moving unit 25 Heavy Infantry to zone(0, -1) in space (-2, 2) tick=2
2026/09/30 21:20:37 Moving unit 26 Heavy Infantry to zone(0, -1) in space (-2, 2) tick=2
2026/09/30 21:20:37 Moving unit 28 Heavy Infantry to zone(0, -1) in space (-2, 2) tick=2
2026/09/30 21:20:37 Moving unit 6 Blunt Infantry to zone(1, 0) in space (-2, 1) tick=2
2026/09/30 21:20:37 Moving unit 24 Piercing Infantry to zone(0, -1) in space (-1, 3) tick=2
2026/09/30 21:20:37 Moving unit 27 Heavy Infantry to zone(0, -1) in space (-2, 2) tick=2
2026/09/30 21:20:37 Moving unit 2 Blunt Infantry to zone(-1, 0) in space (1, 2) tick=2
2026/09/30 21:20:37 Moving unit 10 Blunt Infantry to zone(-1, 0) in space (0, 3) tick=2
2026/09/30 21:20:37 Moving unit 20 Piercing Infantry to zone(0, -1) in space (-1, 3) tick=2
2026/09/30 21:20:37 Moving unit 1 Blunt Infantry to zone(-1, 0) in space (0, 3) tick=2
2026/09/30 21:20:37 Moving unit 4 Blunt Infantry to zone(-1, 0) in space (-1, 2) tick=2
2026/09/30 21:20:37 Moving unit 15 Blunt Infantry to zone(-1, 0) in space (0, 3) tick=2
2026/09/30 21:20:37 Moving unit 33 Blunt Infantry to zone(-1, 1) in space (1, 2) tick=2
2026/09/30 21:20:37 state_hash turn=9 tick=2 hash=2dae0e427291907c
2026/09/30 21:20:37 Moving unit 24 Piercing Infantry to zone(0, 0) in space (-1, 3) tick=3
2026/09/30 21:20:37 Moving unit 27 Heavy Infantry to zone(0, 0) in space (-2, 2) tick=3
2026/09/30 21:20:37 Moving unit 2 Blunt Infantry to zone(-1, 1) in space (1, 2) tick=3
2026/09/30 21:20:37 Moving unit 10 Blunt Infantry to zone(0, 0) in space (0, 3) tick=3
2026/09/30 21:20:37 Moving unit 20 Piercing Infantry to zone(0, 0) in space (-1, 3) tick=3
2026/09/30 21:20:37 Moving unit 1 Blunt Infantry to zone(0, 0) in space (0, 3) tick=3
2026/09/30 21:20:37 Moving unit 4 Blunt Infantry to zone(0, 0) in space (-1, 2) tick=3
2026/09/30 21:20:37 Moving unit 15 Blunt Infantry to zone(0, 0) in space (0, 3) tick=3
2026/09/30 21:20:37 Moving unit 9 Blunt Infantry to zone(0, 0) in space (0, 3) tick=3
2026/09/30 21:20:37 Moving unit 17 Piercing Infantry to zone(0, 0) in space (-1, 3) tick=3
2026/09/30 21:20:37 Moving unit 14 Blunt Infantry to zone(0, 0) in space (0, 3) tick=3
2026/09/30 21:20:37 Moving unit 7 Blunt Infantry to zone(0, 0) in space (0, 3) tick=3
2026/09/30 21:20:37 Moving unit 19 Piercing Infantry to zone(0, 0) in space (-1, 3) tick=3
2026/09/30 21:20:37 Moving unit 22 Piercing Infantry to zone(0, 0) in space (-1, 3) tick=3
2026/09/30 21:20:37 Moving unit 29 Heavy Infantry to zone(0, 0) in space (-2, 2) tick=3
2026/09/30 21:20:37 Moving unit 21 Piercing Infantry to zone(0, 0) in space (-1, 3) tick=3
2026/09/30 21:20:37 Moving unit 8 Blunt Infantry to zone(0, 0) in space (0, 3) tick=3
2026/09/30 21:20:37 Moving unit 11 Blunt Infantry to zone(0, 0) in space (0, 3) tick=3
2026/09/30 21:20:37 Moving unit 12 Blunt Infantry to zone(0, 0) in space (0, 3) tick=3
2026/09/30 21:20:37 Moving unit 13 Blunt Infantry to zone(0, 0) in space (0, 3) tick=3
2026/09/30 21:20:37 Moving unit 16 Blunt Infantry to zone(0, 0) in space (0, 3) tick=3
2026/09/30 21:20:37 Moving unit 30 Heavy Infantry to zone(0, 0) in space (-2, 2) tick=3
2026/09/30 21:20:37 Moving unit 3 Blunt Infantry to zone(0, 0) in space (0, 3) tick=3
2026/09/30 21:20:37 Moving unit 5 Blunt Infantry to zone(1, 0) in space (-1, 2) tick=3
2026/09/30 21:20:37 Moving unit 18 Piercing Infantry to zone(0, 0) in space (-1, 3) tick=3
2026/09/30 21:20:37 Moving unit 23 Piercing Infantry to zone(0, 0) in space (-1, 3) tick=3
2026/09/30 21:20:37 Moving unit 25 Heavy Infantry to zone(0, 0) in space (-2, 2) tick=3
2026/09/30 21:20:37 Moving unit 26 Heavy Infantry to zone(0, 0) in space (-2, 2) tick=3
2026/09/30 21:20:37 Moving unit 28 Heavy Infantry to zone(0, 0) in space (-2, 2) tick=3
2026/09/30 21:20:37 Moving unit 6 Blunt Infantry to zone(-1, 0) in space (-1, 1) tick=3
2026/09/30 21:20:37 Moving unit 49 Piercing Infantry to zone(-1, 0) in space (0, 3) tick=3
2026/09/30 21:20:37 Moving unit 43 Blunt Infantry to zone(-1, 0) in space (0, 3) tick=3
2026/09/30 21:20:37 Moving unit 44 Blunt Infantry to zone(-1, 0) in space (0, 3) tick=3
2026/09/30 21:20:37 Moving unit 50 Piercing Infantry to zone(-1, 0) in space (0, 3) tick=3
2026/09/30 21:20:37 Moving unit 54 Piercing Infantry to zone(-1, 0) in space (0, 3) tick=3
2026/09/30 21:20:37 Moving unit 51 Piercing Infantry to zone(-1, 0) in space (0, 3) tick=3
2026/09/30 21:20:37 Moving unit 55 Heavy Infantry to zone(-1, 0) in space (0, 3) tick=3
2026/09/30 21:20:37 Moving unit 36 Blunt Infantry to zone(-1, 0) in space (0, 3) tick=3
2026/09/30 21:20:37 Moving unit 38 Blunt Infantry to zone(-1, 0) in space (0, 3) tick=3
2026/09/30 21:20:37 Moving unit 39 Blunt Infantry to zone(-1, 0) in space (0, 3) tick=3
2026/09/30 21:20:37 Moving unit 42 Blunt Infantry to zone(-1, 0) in space (0, 3) tick=3
2026/09/30 21:20:37 Moving unit 46 Blunt Infantry to zone(-1, 0) in space (0, 3) tick=3
2026/09/30 21:20:37 Moving unit 35 Blunt Infantry to zone(-1, 0) in space (0, 3) tick=3
2026/09/30 21:20:37 Moving unit 41 Blunt Infantry to zone(-1, 0) in space (0, 3) tick=3
2026/09/30 21:20:37 Moving unit 53 Piercing Infantry to zone(-1, 0) in space (0, 3) tick=3
2026/09/30 21:20:37 Moving unit 34 Blunt Infantry to zone(-1, 0) in space (0, 3) tick=3
2026/09/30 21:20:37 Moving unit 47 Piercing Infantry to zone(-1, 0) in space (0, 3) tick=3
2026/09/30 21:20:37 Moving unit 52 Piercing Infantry to zone(-1, 0) in space (0, 3) tick=3
2026/09/30 21:20:37 Moving unit 58 Heavy Infantry to zone(-1, 0) in space (0, 3) tick=3
2026/09/30 21:20:37 Moving unit 59 Heavy Infantry to zone(-1, 0) in space (0, 3) tick=3
2026/09/30 21:20:37 Moving unit 40 Blunt Infantry to zone(-1, 0) in space (0, 3) tick=3
2026/09/30 21:20:37 Moving unit 56 Heavy Infantry to zone(-1, 0) in space (0, 3) tick=3
2026/09/30 21:20:37 Moving unit 60 Heavy Infantry to zone(-1, 0) in space (0, 3) tick=3
2026/09/30 21:20:37 Moving unit 48 Piercing Infantry to zone(-1, 0) in space (0, 3) tick=3
2026/09/30 21:20:37 Moving unit 57 Heavy Infantry to zone(-1, 0) in space (0, 3) tick=3
2026/09/30 21:20:37 Moving unit 33 Blunt Infantry to zone(0, 0) in space (1, 2) tick=3
2026/09/30 21:20:37 Moving unit 37 Blunt Infantry to zone(-1, 0) in space (0, 3) tick=3
2026/09/30 21:20:37 Moving unit 45 Blunt Infantry to zone(-1, 0) in space (0, 3) tick=3
2026/09/30 21:20:37 state_hash turn=9 tick=3 hash=cb2fa81bcd0b1a8c
2026/09/30 21:20:37 Moving unit 16 Blunt Infantry to zone(-1, 0) in space (0, 3) tick=4
2026/09/30 21:20:37 Moving unit 30 Heavy Infantry to zone(1, 0) in space (-2, 2) tick=4
2026/09/30 21:20:37 Moving unit 3 Blunt Infantry to zone(-1, 0) in space (0, 3) tick=4
2026/09/30 21:20:37 Moving unit 5 Blunt Infantry to zone(-1, 0) in space (0, 2) tick=4
2026/09/30 21:20:37 Moving unit 18 Piercing Infantry to zone(1, 0) in space (-1, 3) tick=4
2026/09/30 21:20:37 Moving unit 23 Piercing Infantry to zone(1, 0) in space (-1, 3) tick=4
2026/09/30 21:20:37 Moving unit 25 Heavy Infantry to zone(1, 0) in space (-2, 2) tick=4
2026/09/30 21:20:37 Moving unit 26 Heavy Infantry to zone(1, 0) in space (-2, 2) tick=4
2026/09/30 21:20:37 Moving unit 28 Heavy Infantry to zone(1, 0) in space (-2, 2) tick=4
2026/09/30 21:20:37 Moving unit 6 Blunt Infantry to zone(0, 0) in space (-1, 1) tick=4
2026/09/30 21:20:37 Moving unit 24 Piercing Infantry to zone(1, 0) in space (-1, 3) tick=4
2026/09/30 21:20:37 Moving unit 27 Heavy Infantry to zone(1, 0) in space (-2, 2) tick=4
2026/09/30 21:20:37 Moving unit 2 Blunt Infantry to zone(0, 0) in space (1, 2) tick=4
2026/09/30 21:20:37 Moving unit 10 Blunt Infantry to zone(-1, 0) in space (0, 3) tick=4
2026/09/30 21:20:37 Moving unit 20 Piercing Infantry to zone(1, 0) in space (-1, 3) tick=4
2026/09/30 21:20:37 Moving unit 1 Blunt Infantry to zone(-1, 0) in space (0, 3) tick=4
2026/09/30 21:20:37 Moving unit 4 Blunt Infantry to zone(1, 0) in space (-1, 2) tick=4
2026/09/30 21:20:37 Moving unit 15 Blunt Infantry to zone(-1, 0) in space (0, 3) tick=4
2026/09/30 21:20:37 Moving unit 9 Blunt Infantry to zone(-1, 0) in space (0, 3) tick=4
2026/09/30 21:20:37 Moving unit 17 Piercing Infantry to zone(1, 0) in space (-1, 3) tick=4
2026/09/30 21:20:37 Moving unit 14 Blunt Infantry to zone(-1, 0) in space (0, 3) tick=4
2026/09/30 21:20:37 Moving unit 7 Blunt Infantry to zone(-1, 0) in space (0, 3) tick=4
2026/09/30 21:20:37 Moving unit 19 Piercing Infantry to zone(1, 0) in space (-1, 3) tick=4
2026/09/30 21:20:37 Moving unit 22 Piercing Infantry to zone(1, 0) in space (-1, 3) tick=4
2026/09/30 21:20:37 Moving unit 29 Heavy Infantry to zone(1, 0) in space (-2, 2) tick=4
2026/09/30 21:20:37 Moving unit 21 Piercing Infantry to zone(1, 0) in space (-1, 3) tick=4
2026/09/30 21:20:37 Moving unit 8 Blunt Infantry to zone(-1, 0) in space (0, 3) tick=4
2026/09/30 21:20:37 Moving unit 11 Blunt Infantry to zone(-1, 0) in space (0, 3) tick=4
2026/09/30 21:20:37 Moving unit 12 Blunt Infantry to zone(-1, 0) in space (0, 3) tick=4
2026/09/30 21:20:37 Moving unit 13 Blunt Infantry to zone(-1, 0) in space (0, 3) tick=4
2026/09/30 21:20:37 Moving unit 48 Piercing Infantry to zone(0, 0) in space (0, 3) tick=4
2026/09/30 21:20:37 Moving unit 57 Heavy Infantry to zone(0, 0) in space (0, 3) tick=4
2026/09/30 21:20:37 Moving unit 33 Blunt Infantry to zone(1, -1) in space (1, 2) tick=4
2026/09/30 21:20:37 Moving unit 37 Blunt Infantry to zone(0, 0) in space (0, 3) tick=4
2026/09/30 21:20:37 Moving unit 45 Blunt Infantry to zone(0, 0) in space (0, 3) tick=4
2026/09/30 21:20:37 Moving unit 49 Piercing Infantry to zone(0, 0) in space (0, 3) tick=4
2026/09/30 21:20:37 Moving unit 43 Blunt Infantry to zone(0, 0) in space (0, 3) tick=4
2026/09/30 21:20:37 Moving unit 44 Blunt Infantry to zone(0, 0) in space (0, 3) tick=4
2026/09/30 21:20:37 Moving unit 50 Piercing Infantry to zone(0, 0) in space (0, 3) tick=4
2026/09/30 21:20:37 Moving unit 54 Piercing Infantry to zone(0, 0) in space (0, 3) tick=4
2026/09/30 21:20:37 Moving unit 51 Piercing Infantry to zone(0, 0) in space (0, 3) tick=4
2026/09/30 21:20:37 Moving unit 55 Heavy Infantry to zone(0, 0) in space (0, 3) tick=4
2026/09/30 21:20:37 Moving unit 36 Blunt Infantry to zone(0, 0) in space (0, 3) tick=4
2026/09/30 21:20:37 Moving unit 38 Blunt Infantry to zone(0, 0) in space (0, 3) tick=4
2026/09/30 21:20:37 Moving unit 39 Blunt Infantry to zone(0, 0) in space (0, 3) tick=4
2026/09/30 21:20:37 Moving unit 42 Blunt Infantry to zone(0, 0) in space (0, 3) tick=4
2026/09/30 21:20:37 Moving unit 46 Blunt Infantry to zone(0, 0) in space (0, 3) tick=4
2026/09/30 21:20:37 Moving unit 35 Blunt Infantry to zone(0, 0) in space (0, 3) tick=4
2026/09/30 21:20:37 Moving unit 41 Blunt Infantry to zone(0, 0) in space (0, 3) tick=4
2026/09/30 21:20:37 Moving unit 53 Piercing Infantry to zone(0, 0) in space (0, 3) tick=4
2026/09/30 21:20:37 Moving unit 34 Blunt Infantry to zone(0, 0) in space (0, 3) tick=4
2026/09/30 21:20:37 Moving unit 47 Piercing Infantry to zone(0, 0) in space (0, 3) tick=4
2026/09/30 21:20:37 Moving unit 52 Piercing Infantry to zone(0, 0) in space (0, 3) tick=4
2026/09/30 21:20:37 Moving unit 58 Heavy Infantry to zone(0, 0) in space (0, 3) tick=4
2026/09/30 21:20:37 Moving unit 59 Heavy Infantry to zone(0, 0) in space (0, 3) tick=4
2026/09/30 21:20:37 Moving unit 40 Blunt Infantry to zone(0, 0) in space (0, 3) tick=4
2026/09/30 21:20:37 Moving unit 56 Heavy Infantry to zone(0, 0) in space (0, 3) tick=4
2026/09/30 21:20:37 Moving unit 60 Heavy Infantry to zone(0, 0) in space (0, 3) tick=4
2026/09/30 21:20:37 state_hash turn=9 tick=4 hash=91d7e6872cab631a
2026/09/30 21:20:37 Moving unit 18 Piercing Infantry to zone(-1, 0) in space (0, 3) tick=5
2026/09/30 21:20:37 Moving unit 23 Piercing Infantry to zone(-1, 0) in space (0, 3) tick=5
2026/09/30 21:20:37 Moving unit 6 Blunt Infantry to zone(1, 0) in space (-1, 1) tick=5
2026/09/30 21:20:37 Moving unit 24 Piercing Infantry to zone(-1, 0) in space (0, 3) tick=5
2026/09/30 21:20:37 Moving unit 2 Blunt Infantry to zone(1, -1) in space (1, 2) tick=5
2026/09/30 21:20:37 Moving unit 10 Blunt Infantry to zone(0, 0) in space (0, 3) tick=5
2026/09/30 21:20:37 Moving unit 20 Piercing Infantry to zone(-1, 0) in space (0, 3) tick=5
2026/09/30 21:20:37 Moving unit 1 Blunt Infantry to zone(0, 0) in space (0, 3) tick=5
2026/09/30 21:20:37 Moving unit 4 Blunt Infantry to zone(-1, 0) in space (0, 2) tick=5
2026/09/30 21:20:37 Moving unit 15 Blunt Infantry to zone(0, 0) in space (0, 3) tick=5
2026/09/30 21:20:37 Moving unit 9 Blunt Infantry to zone(0, 0) in space (0, 3) tick=5
2026/09/30 21:20:37 Moving unit 17 Piercing Infantry to zone(-1, 0) in space (0, 3) tick=5
2026/09/30 21:20:37 Moving unit 14 Blunt Infantry to zone(0, 0) in space (0, 3) tick=5
2026/09/30 21:20:37 Moving unit 7 Blunt Infantry to zone(0, 0) in space (0, 3) tick=5
2026/09/30 21:20:37 Moving unit 19 Piercing Infantry to zone(-1, 0) in space (0, 3) tick=5
2026/09/30 21:20:37 Moving unit 22 Piercing Infantry to zone(-1, 0) in space (0, 3) tick=5
2026/09/30 21:20:37 Moving unit 21 Piercing Infantry to zone(-1, 0) in space (0, 3) tick=5
2026/09/30 21:20:37 Moving unit 8 Blunt Infantry to zone(0, 0) in space (0, 3) tick=5
2026/09/30 21:20:37 Moving unit 11 Blunt Infantry to zone(0, 0) in space (0, 3) tick=5
2026/09/30 21:20:37 Moving unit 12 Blunt Infantry to zone(0, 0) in space (0, 3) tick=5
2026/09/30 21:20:37 Moving unit 13 Blunt Infantry to zone(0, 0) in space (0, 3) tick=5
2026/09/30 21:20:37 Moving unit 16 Blunt Infantry to zone(0, 0) in space (0, 3) tick=5
2026/09/30 21:20:37 Moving unit 3 Blunt Infantry to zone(0, 0) in space (0, 3) tick=5
2026/09/30 21:20:37 Moving unit 5 Blunt Infantry to zone(0, 0) in space (0, 2) tick=5
2026/09/30 21:20:37 Moving unit 49 Piercing Infantry to zone(-1, 0) in space (0, 3) tick=5
2026/09/30 21:20:37 Moving unit 43 Blunt Infantry to zone(-1, 0) in space (0, 3) tick=5
2026/09/30 21:20:37 Moving unit 44 Blunt Infantry to zone(-1, 0) in space (0, 3) tick=5
2026/09/30 21:20:37 Moving unit 50 Piercing Infantry to zone(-1, 0) in space (0, 3) tick=5
2026/09/30 21:20:37 Moving unit 54 Piercing Infantry to zone(-1, 0) in space (0, 3) tick=5
2026/09/30 21:20:37 Moving unit 51 Piercing Infantry to zone(-1, 0) in space (0, 3) tick=5
2026/09/30 21:20:37 Moving unit 55 Heavy Infantry to zone(-1, 0) in space (0, 3) tick=5
2026/09/30 21:20:37 Moving unit 36 Blunt Infantry to zone(-1, 0) in space (0, 3) tick=5
2026/09/30 21:20:37 Moving unit 38 Blunt Infantry to zone(-1, 0) in space (0, 3) tick=5
2026/09/30 21:20:37 Moving unit 39 Blunt Infantry to zone(-1, 0) in space (0, 3) tick=5
2026/09/30 21:20:37 Moving unit 42 Blunt Infantry to zone(-1, 0) in space (0, 3) tick=5
2026/09/30 21:20:37 Moving unit 46 Blunt Infantry to zone(-1, 0) in space (0, 3) tick=5
2026/09/30 21:20:37 Moving unit 35 Blunt Infantry to zone(-1, 0) in space (0, 3) tick=5
2026/09/30 21:20:37 Moving unit 41 Blunt Infantry to zone(-1, 0) in space (0, 3) tick=5
2026/09/30 21:20:37 Moving unit 53 Piercing Infantry to zone(-1, 0) in space (0, 3) tick=5
2026/09/30 21:20:37 Moving unit 34 Blunt Infantry to zone(-1, 0) in space (0, 3) tick=5
2026/09/30 21:20:37 Moving unit 47 Piercing Infantry to zone(-1, 0) in space (0, 3) tick=5
2026/09/30 21:20:37 Moving unit 52 Piercing Infantry to zone(-1, 0) in space (0, 3) tick=5
2026/09/30 21:20:37 Moving unit 58 Heavy Infantry to zone(-1, 0) in space (0, 3) tick=5
2026/09/30 21:20:37 Moving unit 59 Heavy Infantry to zone(-1, 0) in space (0, 3) tick=5
2026/09/30 21:20:37 Moving unit 40 Blunt Infantry to zone(-1, 0) in space (0, 3) tick=5
2026/09/30 21:20:37 Moving unit 56 Heavy Infantry to zone(-1, 0) in space (0, 3) tick=5
2026/09/30 21:20:37 Moving unit 60 Heavy Infantry to zone(-1, 0) in space (0, 3) tick=5
2026/09/30 21:20:37 Moving unit 48 Piercing Infantry to zone(-1, 0) in space (0, 3) tick=5
2026/09/30 21:20:37 Moving unit 57 Heavy Infantry to zone(-1, 0) in space (0, 3) tick=5
2026/09/30 21:20:37 Moving unit 33 Blunt Infantry to zone(-1, 1) in space (2, 1) tick=5
2026/09/30 21:20:37 Moving unit 37 Blunt Infantry to zone(-1, 0) in space (0, 3) tick=5
2026/09/30 21:20:37 Moving unit 45 Blunt Infantry to zone(-1, 0) in space (0, 3) tick=5
2026/09/30 21:20:37 state_hash turn=9 tick=5 hash=842a6e282c884a5d
2026/09/30 21:20:37 Moving unit 14 Blunt Infantry to zone(-1, 0) in space (0, 3) tick=6
2026/09/30 21:20:37 Moving unit 7 Blunt Infantry to zone(-1, 0) in space (0, 3) tick=6
2026/09/30 21:20:37 combat turn=9 tick=6: 19 u12 (player 0, stamina 3) hits 34 u11 (player 1) for 2.70
2026/09/30 21:20:37 combat turn=9 tick=6: 22 u12 (player 0, stamina 3) hits 34 u11 (player 1) for 2.70
2026/09/30 21:20:37 combat turn=9 tick=6: 21 u12 (player 0, stamina 3) hits 34 u11 (player 1) for 2.70
2026/09/30 21:20:37 Moving unit 8 Blunt Infantry to zone(-1, 0) in space (0, 3) tick=6
2026/09/30 21:20:37 Moving unit 11 Blunt Infantry to zone(-1, 0) in space (0, 3) tick=6
2026/09/30 21:20:37 Moving unit 12 Blunt Infantry to zone(-1, 0) in space (0, 3) tick=6
2026/09/30 21:20:37 Moving unit 13 Blunt Infantry to zone(-1, 0) in space (0, 3) tick=6
2026/09/30 21:20:37 Moving unit 16 Blunt Infantry to zone(-1, 0) in space (0, 3) tick=6
2026/09/30 21:20:37 Moving unit 3 Blunt Infantry to zone(-1, 0) in space (0, 3) tick=6
2026/09/30 21:20:37 Moving unit 5 Blunt Infantry to zone(1, 0) in space (0, 2) tick=6
2026/09/30 21:20:37 combat turn=9 tick=6: 18 u12 (player 0, stamina 3) hits 34 u11 (player 1) for 2.70
2026/09/30 21:20:37 combat turn=9 tick=6: 23 u12 (player 0, stamina 3) hits 34 u11 (player 1) for 2.70
2026/09/30 21:20:37 Moving unit 6 Blunt Infantry to zone(-1, 0) in space (0, 1) tick=6
2026/09/30 21:20:37 combat turn=9 tick=6: 24 u12 (player 0, stamina 3) hits 34 u11 (player 1) for 2.70
2026/09/30 21:20:37 Moving unit 10 Blunt Infantry to zone(-1, 0) in space (0, 3) tick=6
2026/09/30 21:20:37 combat turn=9 tick=6: 20 u12 (player 0, stamina 3) hits 34 u11 (player 1) for 2.70
2026/09/30 21:20:37 Moving unit 1 Blunt Infantry to zone(-1, 0) in space (0, 3) tick=6
2026/09/30 21:20:37 Moving unit 4 Blunt Infantry to zone(0, 0) in space (0, 2) tick=6
2026/09/30 21:20:37 Moving unit 15 Blunt Infantry to zone(-1, 0) in space (0, 3) tick=6
2026/09/30 21:20:37 Moving unit 9 Blunt Infantry to zone(-1, 0) in space (0, 3) tick=6
2026/09/30 21:20:37 combat turn=9 tick=6: 17 u12 (player 0, stamina 3) hits 34 u11 (player 1) for 2.70
2026/09/30 21:20:37 combat turn=9 tick=6: 43 u11 (player 1, stamina 3) hits 17 u12 (player 0) for 1.50
2026/09/30 21:20:37 combat turn=9 tick=6: 44 u11 (player 1, stamina 3) hits 17 u12 (player 0) for 1.50
2026/09/30 21:20:37 combat turn=9 tick=6: 50 u12 (player 1, stamina 3) hits 17 u12 (player 0) for 2.40
2026/09/30 21:20:37 combat turn=9 tick=6: 54 u12 (player 1, stamina 3) hits 17 u12 (player 0) for 2.40
2026/09/30 21:20:37 combat turn=9 tick=6: 51 u12 (player 1, stamina 3) hits 17 u12 (player 0) for 2.40
2026/09/30 21:20:37 combat turn=9 tick=6: 55 u13 (player 1, stamina 3) hits 17 u12 (player 0) for 4.54
2026/09/30 21:20:37 combat turn=9 tick=6: 36 u11 (player 1, stamina 3) hits 17 u12 (player 0) for 1.50
2026/09/30 21:20:37 combat turn=9 tick=6: 38 u11 (player 1, stamina 3) hits 17 u12 (player 0) for 1.50
2026/09/30 21:20:37 combat turn=9 tick=6: 39 u11 (player 1, stamina 3) hits 17 u12 (player 0) for 1.50
2026/09/30 21:20:37 combat turn=9 tick=6: 42 u11 (player 1, stamina 3) hits 17 u12 (player 0) for 1.50
2026/09/30 21:20:37 combat turn=9 tick=6: 46 u11 (player 1, stamina 3) hits 17 u12 (player 0) for 1.50
2026/09/30 21:20:37 combat turn=9 tick=6: 35 u11 (player 1, stamina 3) hits 17 u12 (player 0) for 1.50
2026/09/30 21:20:37 combat turn=9 tick=6: 41 u11 (player 1, stamina 3) hits 17 u12 (player 0) for 1.50
2026/09/30 21:20:37 combat turn=9 tick=6: 53 u12 (player 1, stamina 3) hits 17 u12 (player 0) for 2.40
2026/09/30 21:20:37 combat turn=9 tick=6: 34 u11 (player 1, stamina 3) hits 17 u12 (player 0) for 1.50
2026/09/30 21:20:37 combat turn=9 tick=6: 47 u12 (player 1, stamina 3) hits 17 u12 (player 0) for 2.40
2026/09/30 21:20:37 combat turn=9 tick=6: 52 u12 (player 1, stamina 3) hits 17 u12 (player 0) for 2.40
2026/09/30 21:20:37 combat turn=9 tick=6: 58 u13 (player 1, stamina 3) hits 17 u12 (player 0) for 4.54
2026/09/30 21:20:37 combat turn=9 tick=6: 59 u13 (player 1, stamina 3) hits 17 u12 (player 0) for 4.54
2026/09/30 21:20:37 combat turn=9 tick=6: 40 u11 (player 1, stamina 3) hits 17 u12 (player 0) for 1.50
2026/09/30 21:20:37 combat turn=9 tick=6: 56 u13 (player 1, stamina 3) hits 17 u12 (player 0) for 4.54
2026/09/30 21:20:37 combat turn=9 tick=6: 60 u13 (player 1, stamina 3) hits 17 u12 (player 0) for 4.54
2026/09/30 21:20:37 combat turn=9 tick=6: 48 u12 (player 1, stamina 3) hits 17 u12 (player 0) for 2.40
2026/09/30 21:20:37 combat turn=9 tick=6: 57 u13 (player 1, stamina 3) hits 17 u12 (player 0) for 4.54
2026/09/30 21:20:37 Moving unit 33 Blunt Infantry to zone(0, 0) in space (2, 1) tick=6
2026/09/30 21:20:37 combat turn=9 tick=6: 37 u11 (player 1, stamina 3) hits 17 u12 (player 0) for 1.50
2026/09/30 21:20:37 combat turn=9 tick=6: 45 u11 (player 1, stamina 3) hits 17 u12 (player 0) for 1.50
2026/09/30 21:20:37 combat turn=9 tick=6: 49 u12 (player 1, stamina 3) hits 17 u12 (player 0) for 2.40
2026/09/30 21:20:37 state_hash turn=9 tick=6 hash=cbd31a9bbf8d66ea
2026/09/30 21:20:37 Moving unit 6 Blunt Infantry to zone(0, 0) in space (0, 1) tick=7
2026/09/30 21:20:37 combat turn=9 tick=7: 10 u11 (player 0, stamina 3) hits 35 u11 (player 1) for 1.80
2026/09/30 21:20:37 combat turn=9 tick=7: 1 u11 (player 0, stamina 3) hits 35 u11 (player 1) for 1.80
2026/09/30 21:20:37 Moving unit 4 Blunt Infantry to zone(1, 0) in space (0, 2) tick=7
2026/09/30 21:20:37 combat turn=9 tick=7: 15 u11 (player 0, stamina 3) hits 35 u11 (player 1) for 1.80
2026/09/30 21:20:37 combat turn=9 tick=7: 9 u11 (player 0, stamina 3) hits 35 u11 (player 1) for 1.80
2026/09/30 21:20:37 combat turn=9 tick=7: 14 u11 (player 0, stamina 3) hits 35 u11 (player 1) for 1.80
2026/09/30 21:20:37 combat turn=9 tick=7: 7 u11 (player 0, stamina 3) hits 35 u11 (player 1) for 1.80
2026/09/30 21:20:37 combat turn=9 tick=7: 8 u11 (player 0, stamina 3) hits 35 u11 (player 1) for 1.80
2026/09/30 21:20:37 combat turn=9 tick=7: 11 u11 (player 0, stamina 3) hits 35 u11 (player 1) for 1.80
2026/09/30 21:20:37 combat turn=9 tick=7: 12 u11 (player 0, stamina 3) hits 35 u11 (player 1) for 1.80
2026/09/30 21:20:37 combat turn=9 tick=7: 13 u11 (player 0, stamina 3) hits 35 u11 (player 1) for 1.80
2026/09/30 21:20:37 combat turn=9 tick=7: 16 u11 (player 0, stamina 3) hits 35 u11 (player 1) for 1.80
2026/09/30 21:20:37 combat turn=9 tick=7: 3 u11 (player 0, stamina 3) hits 35 u11 (player 1) for 1.80
2026/09/30 21:20:37 Moving unit 5 Blunt Infantry to zone(-1, 0) in space (1, 2) tick=7
2026/09/30 21:20:37 combat turn=9 tick=7: 43 u11 (player 1, stamina 3) hits 1 u11 (player 0) for 1.80
2026/09/30 21:20:37 combat turn=9 tick=7: 44 u11 (player 1, stamina 3) hits 1 u11 (player 0) for 1.80
2026/09/30 21:20:37 combat turn=9 tick=7: 50 u12 (player 1, stamina 3) hits 1 u11 (player 0) for 2.70
2026/09/30 21:20:37 combat turn=9 tick=7: 54 u12 (player 1, stamina 3) hits 1 u11 (player 0) for 2.70
2026/09/30 21:20:37 combat turn=9 tick=7: 51 u12 (player 1, stamina 3) hits 1 u11 (player 0) for 2.70
2026/09/30 21:20:37 combat turn=9 tick=7: 55 u13 (player 1, stamina 3) hits 1 u11 (player 0) for 5.12
2026/09/30 21:20:37 combat turn=9 tick=7: 36 u11 (player 1, stamina 3) hits 1 u11 (player 0) for 1.80
2026/09/30 21:20:37 combat turn=9 tick=7: 38 u11 (player 1, stamina 3) hits 1 u11 (player 0) for 1.80
2026/09/30 21:20:37 combat turn=9 tick=7: 39 u11 (player 1, stamina 3) hits 1 u11 (player 0) for 1.80
2026/09/30 21:20:37 combat turn=9 tick=7: 42 u11 (player 1, stamina 3) hits 1 u11 (player 0) for 1.80
2026/09/30 21:20:37 combat turn=9 tick=7: 46 u11 (player 1, stamina 3) hits 1 u11 (player 0) for 1.80
2026/09/30 21:20:37 combat turn=9 tick=7: 35 u11 (player 1, stamina 3) hits 1 u11 (player 0) for 1.80
2026/09/30 21:20:37 combat turn=9 tick=7: 41 u11 (player 1, stamina 3) hits 1 u11 (player 0) for 1.80
2026/09/30 21:20:37 combat turn=9 tick=7: 53 u12 (player 1, stamina 3) hits 1 u11 (player 0) for 2.70
2026/09/30 21:20:37 combat turn=9 tick=7: 47 u12 (player 1, stamina 3) hits 1 u11 (player 0) for 2.70
2026/09/30 21:20:37 combat turn=9 tick=7: 52 u12 (player 1, stamina 3) hits 1 u11 (player 0) for 2.70
2026/09/30 21:20:37 combat turn=9 tick=7: 58 u13 (player 1, stamina 3) hits 1 u11 (player 0) for 5.12
2026/09/30 21:20:37 combat turn=9 tick=7: 59 u13 (player 1, stamina 3) hits 1 u11 (player 0) for 5.12
2026/09/30 21:20:37 combat turn=9 tick=7: 40 u11 (player 1, stamina 3) hits 1 u11 (player 0) for 1.80
2026/09/30 21:20:37 combat turn=9 tick=7: 56 u13 (player 1, stamina 3) hits 1 u11 (player 0) for 5.12
2026/09/30 21:20:37 combat turn=9 tick=7: 60 u13 (player 1, stamina 3) hits 1 u11 (player 0) for 5.12
2026/09/30 21:20:37 combat turn=9 tick=7: 48 u12 (player 1, stamina 3) hits 1 u11 (player 0) for 2.70
2026/09/30 21:20:37 combat turn=9 tick=7: 57 u13 (player 1, stamina 3) hits 1 u11 (player 0) for 5.12
2026/09/30 21:20:37 combat turn=9 tick=7: 37 u11 (player 1, stamina 3) hits 1 u11 (player 0) for 1.80
2026/09/30 21:20:37 combat turn=9 tick=7: 45 u11 (player 1, stamina 3) hits 1 u11 (player 0) for 1.80
2026/09/30 21:20:37 combat turn=9 tick=7: 49 u12 (player 1, stamina 3) hits 1 u11 (player 0) for 2.70
2026/09/30 21:20:37 state_hash turn=9 tick=7 hash=18d857ac1f50b9d4
2026/09/30 21:20:37 combat turn=9 tick=8: 3 u11 (player 0, stamina 3) hits 36 u11 (player 1) for 1.80
2026/09/30 21:20:37 Moving unit 5 Blunt Infantry to zone(0, 0) in space (1, 2) tick=8
2026/09/30 21:20:37 Moving unit 6 Blunt Infantry to zone(1, 0) in space (0, 1) tick=8
2026/09/30 21:20:37 combat turn=9 tick=8: 10 u11 (player 0, stamina 3) hits 36 u11 (player 1) for 1.80
2026/09/30 21:20:37 Moving unit 4 Blunt Infantry to zone(-1, 0) in space (1, 2) tick=8
2026/09/30 21:20:37 combat turn=9 tick=8: 15 u11 (player 0, stamina 3) hits 36 u11 (player 1) for 1.80
2026/09/30 21:20:37 combat turn=9 tick=8: 9 u11 (player 0, stamina 3) hits 36 u11 (player 1) for 1.80
2026/09/30 21:20:37 combat turn=9 tick=8: 14 u11 (player 0, stamina 3) hits 36 u11 (player 1) for 1.80
2026/09/30 21:20:37 combat turn=9 tick=8: 7 u11 (player 0, stamina 3) hits 36 u11 (player 1) for 1.80
2026/09/30 21:20:37 combat turn=9 tick=8: 8 u11 (player 0, stamina 3) hits 36 u11 (player 1) for 1.80
2026/09/30 21:20:37 combat turn=9 tick=8: 11 u11 (player 0, stamina 3) hits 36 u11 (player 1) for 1.80
2026/09/30 21:20:37 combat turn=9 tick=8: 12 u11 (player 0, stamina 3) hits 36 u11 (player 1) for 1.80
2026/09/30 21:20:37 combat turn=9 tick=8: 13 u11 (player 0, stamina 3) hits 36 u11 (player 1) for 1.80
2026/09/30 21:20:37 combat turn=9 tick=8: 16 u11 (player 0, stamina 3) hits 36 u11 (player 1) for 1.80
2026/09/30 21:20:37 combat turn=9 tick=8: 49 u12 (player 1, stamina 3) hits 3 u11 (player 0) for 2.70
2026/09/30 21:20:37 combat turn=9 tick=8: 43 u11 (player 1, stamina 3) hits 3 u11 (player 0) for 1.80
2026/09/30 21:20:37 combat turn=9 tick=8: 44 u11 (player 1, stamina 3) hits 3 u11 (player 0) for 1.80
2026/09/30 21:20:37 combat turn=9 tick=8: 50 u12 (player 1, stamina 3) hits 3 u11 (player 0) for 2.70
2026/09/30 21:20:37 combat turn=9 tick=8: 54 u12 (player 1, stamina 3) hits 3 u11 (player 0) for 2.70
2026/09/30 21:20:37 combat turn=9 tick=8: 51 u12 (player 1, stamina 3) hits 3 u11 (player 0) for 2.70
2026/09/30 21:20:37 combat turn=9 tick=8: 55 u13 (player 1, stamina 3) hits 3 u11 (player 0) for 5.12
2026/09/30 21:20:37 combat turn=9 tick=8: 36 u11 (player 1, stamina 3) hits 3 u11 (player 0) for 1.80
2026/09/30 21:20:37 combat turn=9 tick=8: 38 u11 (player 1, stamina 3) hits 3 u11 (player 0) for 1.80
2026/09/30 21:20:37 combat turn=9 tick=8: 39 u11 (player 1, stamina 3) hits 3 u11 (player 0) for 1.80
2026/09/30 21:20:37 combat turn=9 tick=8: 42 u11 (player 1, stamina 3) hits 3 u11 (player 0) for 1.80
2026/09/30 21:20:37 combat turn=9 tick=8: 46 u11 (player 1, stamina 3) hits 3 u11 (player 0) for 1.80
2026/09/30 21:20:37 combat turn=9 tick=8: 41 u11 (player 1, stamina 3) hits 3 u11 (player 0) for 1.80
2026/09/30 21:20:37 combat turn=9 tick=8: 53 u12 (player 1, stamina 3) hits 3 u11 (player 0) for 2.70
2026/09/30 21:20:37 combat turn=9 tick=8: 47 u12 (player 1, stamina 3) hits 3 u11 (player 0) for 2.70
2026/09/30 21:20:37 combat turn=9 tick=8: 52 u12 (player 1, stamina 3) hits 3 u11 (player 0) for 2.70
2026/09/30 21:20:37 combat turn=9 tick=8: 58 u13 (player 1, stamina 3) hits 3 u11 (player 0) for 5.12
2026/09/30 21:20:37 combat turn=9 tick=8: 59 u13 (player 1, stamina 3) hits 3 u11 (player 0) for 5.12
2026/09/30 21:20:37 combat turn=9 tick=8: 40 u11 (player 1, stamina 3) hits 3 u11 (player 0) for 1.80
2026/09/30 21:20:37 combat turn=9 tick=8: 56 u13 (player 1, stamina 3) hits 3 u11 (player 0) for 5.12
2026/09/30 21:20:37 combat turn=9 tick=8: 60 u13 (player 1, stamina 3) hits 3 u11 (player 0) for 5.12
2026/09/30 21:20:37 combat turn=9 tick=8: 48 u12 (player 1, stamina 3) hits 3 u11 (player 0) for 2.70
2026/09/30 21:20:37 combat turn=9 tick=8: 57 u13 (player 1, stamina 3) hits 3 u11 (player 0) for 5.12
2026/09/30 21:20:37 combat turn=9 tick=8: 37 u11 (player 1, stamina 3) hits 3 u11 (player 0) for 1.80
2026/09/30 21:20:37 combat turn=9 tick=8: 45 u11 (player 1, stamina 3) hits 3 u11 (player 0) for 1.80
2026/09/30 21:20:37 state_hash turn=9 tick=8 hash=83464682610be258
2026/09/30 21:20:37 combat turn=9 tick=9: 10 u11 (player 0, stamina 3) hits 37 u11 (player 1) for 1.80
2026/09/30 21:20:37 combat turn=9 tick=9: 15 u11 (player 0, stamina 3) hits 37 u11 (player 1) for 1.80
2026/09/30 21:20:37 combat turn=9 tick=9: 9 u11 (player 0, stamina 3) hits 37 u11 (player 1) for 1.80
2026/09/30 21:20:37 combat turn=9 tick=9: 14 u11 (player 0, stamina 3) hits 37 u11 (player 1) for 1.80
2026/09/30 21:20:37 combat turn=9 tick=9: 7 u11 (player 0, stamina 3) hits 37 u11 (player 1) for 1.80
2026/09/30 21:20:37 combat turn=9 tick=9: 8 u11 (player 0, stamina 3) hits 37 u11 (player 1) for 1.80
2026/09/30 21:20:37 combat turn=9 tick=9: 11 u11 (player 0, stamina 3) hits 37 u11 (player 1) for 1.80
2026/09/30 21:20:37 combat turn=9 tick=9: 12 u11 (player 0, stamina 3) hits 37 u11 (player 1) for 1.80
2026/09/30 21:20:37 combat turn=9 tick=9: 13 u11 (player 0, stamina 3) hits 37 u11 (player 1) for 1.80
2026/09/30 21:20:37 combat turn=9 tick=9: 16 u11 (player 0, stamina 3) hits 37 u11 (player 1) for 1.80
2026/09/30 21:20:37 combat turn=9 tick=9: 44 u11 (player 1, stamina 3) hits 7 u11 (player 0) for 1.80
2026/09/30 21:20:37 combat turn=9 tick=9: 50 u12 (player 1, stamina 3) hits 7 u11 (player 0) for 2.70
2026/09/30 21:20:37 combat turn=9 tick=9: 54 u12 (player 1, stamina 3) hits 7 u11 (player 0) for 2.70
2026/09/30 21:20:37 combat turn=9 tick=9: 51 u12 (player 1, stamina 3) hits 7 u11 (player 0) for 2.70
2026/09/30 21:20:37 combat turn=9 tick=9: 38 u11 (player 1, stamina 3) hits 7 u11 (player 0) for 1.80
2026/09/30 21:20:37 combat turn=9 tick=9: 39 u11 (player 1, stamina 3) hits 7 u11 (player 0) for 1.80
2026/09/30 21:20:37 combat turn=9 tick=9: 42 u11 (player 1, stamina 3) hits 7 u11 (player 0) for 1.80
2026/09/30 21:20:37 combat turn=9 tick=9: 46 u11 (player 1, stamina 3) hits 7 u11 (player 0) for 1.80
2026/09/30 21:20:37 combat turn=9 tick=9: 41 u11 (player 1, stamina 3) hits 7 u11 (player 0) for 1.80
2026/09/30 21:20:37 combat turn=9 tick=9: 53 u12 (player 1, stamina 3) hits 7 u11 (player 0) for 2.70
2026/09/30 21:20:37 combat turn=9 tick=9: 47 u12 (player 1, stamina 3) hits 7 u11 (player 0) for 2.70
2026/09/30 21:20:37 combat turn=9 tick=9: 52 u12 (player 1, stamina 3) hits 7 u11 (player 0) for 2.70
2026/09/30 21:20:37 combat turn=9 tick=9: 40 u11 (player 1, stamina 3) hits 7 u11 (player 0) for 1.80
2026/09/30 21:20:37 combat turn=9 tick=9: 48 u12 (player 1, stamina 3) hits 7 u11 (player 0) for 2.70
2026/09/30 21:20:37 combat turn=9 tick=9: 37 u11 (player 1, stamina 3) hits 7 u11 (player 0) for 1.80
2026/09/30 21:20:37 combat turn=9 tick=9: 45 u11 (player 1, stamina 3) hits 7 u11 (player 0) for 1.80
2026/09/30 21:20:37 combat turn=9 tick=9: 49 u12 (player 1, stamina 3) hits 7 u11 (player 0) for 2.70
2026/09/30 21:20:37 combat turn=9 tick=9: 43 u11 (player 1, stamina 3) hits 7 u11 (player 0) for 1.80
2026/09/30 21:20:37 state_hash turn=9 tick=9 hash=e25ec57ec2be59f3
2026/09/30 21:20:37 combat turn=9 tick=10: 15 u11 (player 0, stamina 3) hits 38 u11 (player 1) for 1.80
2026/09/30 21:20:37 combat turn=9 tick=10: 9 u11 (player 0, stamina 3) hits 38 u11 (player 1) for 1.80
2026/09/30 21:20:37 combat turn=9 tick=10: 14 u11 (player 0, stamina 3) hits 38 u11 (player 1) for 1.80
2026/09/30 21:20:37 combat turn=9 tick=10: 8 u11 (player 0, stamina 3) hits 38 u11 (player 1) for 1.80
2026/09/30 21:20:37 combat turn=9 tick=10: 11 u11 (player 0, stamina 3) hits 38 u11 (player 1) for 1.80
2026/09/30 21:20:37 combat turn=9 tick=10: 12 u11 (player 0, stamina 3) hits 38 u11 (player 1) for 1.80
2026/09/30 21:20:37 combat turn=9 tick=10: 13 u11 (player 0, stamina 3) hits 38 u11 (player 1) for 1.80
2026/09/30 21:20:37 combat turn=9 tick=10: 16 u11 (player 0, stamina 3) hits 38 u11 (player 1) for 1.80
2026/09/30 21:20:37 combat turn=9 tick=10: 10 u11 (player 0, stamina 3) hits 38 u11 (player 1) for 1.80
2026/09/30 21:20:37 combat turn=9 tick=10: 43 u11 (player 1, stamina 3) hits 8 u11 (player 0) for 1.80
2026/09/30 21:20:37 combat turn=9 tick=10: 44 u11 (player 1, stamina 3) hits 8 u11 (player 0) for 1.80
2026/09/30 21:20:37 combat turn=9 tick=10: 50 u12 (player 1, stamina 3) hits 8 u11 (player 0) for 2.70
2026/09/30 21:20:37 combat turn=9 tick=10: 54 u12 (player 1, stamina 3) hits 8 u11 (player 0) for 2.70
2026/09/30 21:20:37 combat turn=9 tick=10: 51 u12 (player 1, stamina 3) hits 8 u11 (player 0) for 2.70
2026/09/30 21:20:37 combat turn=9 tick=10: 38 u11 (player 1, stamina 3) hits 8 u11 (player 0) for 1.80
2026/09/30 21:20:37 combat turn=9 tick=10: 39 u11 (player 1, stamina 3) hits 8 u11 (player 0) for 1.80
2026/09/30 21:20:37 combat turn=9 tick=10: 42 u11 (player 1, stamina 3) hits 8 u11 (player 0) for 1.80
2026/09/30 21:20:37 combat turn=9 tick=10: 46 u11 (player 1, stamina 3) hits 8 u11 (player 0) for 1.80
2026/09/30 21:20:37 combat turn=9 tick=10: 41 u11 (player 1, stamina 3) hits 8 u11 (player 0) for 1.80
2026/09/30 21:20:37 combat turn=9 tick=10: 53 u12 (player 1, stamina 3) hits 8 u11 (player 0) for 2.70
2026/09/30 21:20:37 combat turn=9 tick=10: 47 u12 (player 1, stamina 3) hits 8 u11 (player 0) for 2.70
2026/09/30 21:20:37 combat turn=9 tick=10: 52 u12 (player 1, stamina 3) hits 8 u11 (player 0) for 2.70
2026/09/30 21:20:37 combat turn=9 tick=10: 40 u11 (player 1, stamina 3) hits 8 u11 (player 0) for 1.80
2026/09/30 21:20:37 combat turn=9 tick=10: 48 u12 (player 1, stamina 3) hits 8 u11 (player 0) for 2.70
2026/09/30 21:20:37 combat turn=9 tick=10: 45 u11 (player 1, stamina 3) hits 8 u11 (player 0) for 1.80
2026/09/30 21:20:37 combat turn=9 tick=10: 49 u12 (player 1, stamina 3) hits 8 u11 (player 0) for 2.70
2026/09/30 21:20:37 state_hash turn=9 tick=10 hash=5c288c6bc5582d5d
2026/09/30 21:20:37 combat turn=9 tick=11: 43 u11 (player 1, stamina 3) hits 9 u11 (player 0) for 1.80
2026/09/30 21:20:37 combat turn=9 tick=11: 44 u11 (player 1, stamina 3) hits 9 u11 (player 0) for 1.80
2026/09/30 21:20:37 combat turn=9 tick=11: 39 u11 (player 1, stamina 3) hits 9 u11 (player 0) for 1.80
2026/09/30 21:20:37 combat turn=9 tick=11: 42 u11 (player 1, stamina 3) hits 9 u11 (player 0) for 1.80
2026/09/30 21:20:37 combat turn=9 tick=11: 46 u11 (player 1, stamina 3) hits 9 u11 (player 0) for 1.80
2026/09/30 21:20:37 combat turn=9 tick=11: 41 u11 (player 1, stamina 3) hits 9 u11 (player 0) for 1.80
2026/09/30 21:20:37 combat turn=9 tick=11: 40 u11 (player 1, stamina 3) hits 9 u11 (player 0) for 1.80
2026/09/30 21:20:37 combat turn=9 tick=11: 45 u11 (player 1, stamina 3) hits 9 u11 (player 0) for 1.80
2026/09/30 21:20:37 state_hash turn=9 tick=11 hash=736decc1b49e3352
2026/09/30 21:20:37 combat turn=9 tick=12: 40 u11 (player 1, stamina 2) hits 10 u11 (player 0) for 1.20
2026/09/30 21:20:37 combat turn=9 tick=12: 45 u11 (player 1, stamina 2) hits 10 u11 (player 0) for 1.20
2026/09/30 21:20:37 combat turn=9 tick=12: 43 u11 (player 1, stamina 2) hits 10 u11 (player 0) for 1.20
2026/09/30 21:20:37 combat turn=9 tick=12: 44 u11 (player 1, stamina 2) hits 10 u11 (player 0) for 1.20
2026/09/30 21:20:37 combat turn=9 tick=12: 39 u11 (player 1, stamina 2) hits 10 u11 (player 0) for 1.20
2026/09/30 21:20:37 combat turn=9 tick=12: 42 u11 (player 1, stamina 2) hits 10 u11 (player 0) for 1.20
2026/09/30 21:20:37 combat turn=9 tick=12: 46 u11 (player 1, stamina 2) hits 10 u11 (player 0) for 1.20
2026/09/30 21:20:37 combat turn=9 tick=12: 41 u11 (player 1, stamina 2) hits 10 u11 (player 0) for 1.20
2026/09/30 21:20:37 state_hash turn=9 tick=12 hash=b898a6ec9c5966bc
2026/09/30 21:20:37 state_hash turn=9 tick=end hash=bb3f07fa52c2bc82
2026/09/30 21:20:37 ai ai-1: new turn data {"buildings":[],"enemy_buildings":[],"enemy_units":[{"InternalID":10,"UnitID":11,"Type":2,"Kind":1,"Location":{"Space":{"X":0,"Y":3},"Zone":{"X":-1,"Y":0}},"CurrentStamina":15,"CurrentOrder":null,"Builds":[],"GarrisonedIn":null,"Stance":0,"InterruptCurrent":false,"AttackBack":false,"TargetPriority":"","ActiveOrders":null,"Health":1.4,"MaxHealth":11},{"InternalID":11,"UnitID":11,"Type":2,"Kind":1,"Location":{"Space":{"X":0,"Y":3},"Zone":{"X":-1,"Y":0}},"CurrentStamina":15,"CurrentOrder":null,"Builds":[],"GarrisonedIn":null,"Stance":0,"InterruptCurrent":false,"AttackBack":false,"TargetPriority":"","ActiveOrders":null,"Health":11,"MaxHealth":11},{"InternalID":12,"UnitID":11,"Type":2,"Kind":1,"Location":{"Space":{"X":0,"Y":3},"Zone":{"X":-1,"Y":0}},"CurrentStamina":15,"CurrentOrder":null,"Builds":[],"GarrisonedIn":null,"Stance":0,"InterruptCurrent":false,"AttackBack":false,"TargetPriority":"","ActiveOrders":null,"Health":11,"MaxHealth":11},{"InternalID":13,"UnitID":11,"Type":2,"Kind":1,"Location":{"Space":{"X":0,"Y":3},"Zone":{"X":-1,"Y":0}},"CurrentStamina":15,"CurrentOrder":null,"Builds":[],"GarrisonedIn":null,"Stance":0,"InterruptCurrent":false,"AttackBack":false,"TargetPriority":"","ActiveOrders":null,"Health":11,"MaxHealth":11},{"InternalID":14,"UnitID":11,"Type":2,"Kind":1,"Location":{"Space":{"X":0,"Y":3},"Zone":{"X":-1,"Y":0}},"CurrentStamina":15,"CurrentOrder":null,"Builds":[],"GarrisonedIn":null,"Stance":0,"InterruptCurrent":false,"AttackBack":false,"TargetPriority":"","ActiveOrders":null,"Health":11,"MaxHealth":11},{"InternalID":15,"UnitID":11,"Type":2,"Kind":1,"Location":{"Space":{"X":0,"Y":3},"Zone":{"X":-1,"Y":0}},"CurrentStamina":15,"CurrentOrder":null,"Builds":[],"GarrisonedIn":null,"Stance":0,"InterruptCurrent":false,"AttackBack":false,"TargetPriority":"","ActiveOrders":null,"Health":11,"MaxHealth":11},{"InternalID":16,"UnitID":11,"Type":2,"Kind":1,"Location":{"Space":{"X":0,"Y":3},"Zone":{"X":-1,"Y":0}},"CurrentStamina":15,"CurrentOrder":null,"Builds":[],"GarrisonedIn":null,"Stance":0,"InterruptCurrent":false,"AttackBack":false,"TargetPriority":"","ActiveOrders":null,"Health":11,"MaxHealth":11},{"InternalID":18,"UnitID":12,"Type":2,"Kind":1,"Location":{"Space":{"X":0,"Y":3},"Zone":{"X":-1,"Y":0}},"CurrentStamina":12,"CurrentOrder":null,"Builds":[],"GarrisonedIn":null,"Stance":0,"InterruptCurrent":false,"AttackBack":false,"TargetPriority":"","ActiveOrders":null,"Health":16,"MaxHealth":16},{"InternalID":19,"UnitID":12,"Type":2,"Kind":1,"Location":{"Space":{"X":0,"Y":3},"Zone":{"X":-1,"Y":0}},"CurrentStamina":12,"CurrentOrder":null,"Builds":[],"GarrisonedIn":null,"Stance":0,"InterruptCurrent":false,"AttackBack":false,"TargetPriority":"","ActiveOrders":null,"Health":16,"MaxHealth":16},{"InternalID":20,"UnitID":12,"Type":2,"Kind":1,"Location":{"Space":{"X":0,"Y":3},"Zone":{"X":-1,"Y":0}},"CurrentStamina":12,"CurrentOrder":null,"Builds":[],"GarrisonedIn":null,"Stance":0,"InterruptCurrent":false,"AttackBack":false,"TargetPriority":"","ActiveOrders":null,"Health":16,"MaxHealth":16},{"InternalID":21,"UnitID":12,"Type":2,"Kind":1,"Location":{"Space":{"X":0,"Y":3},"Zone":{"X":-1,"Y":0}},"CurrentStamina":12,"CurrentOrder":null,"Builds":[],"GarrisonedIn":null,"Stance":0,"InterruptCurrent":false,"AttackBack":false,"TargetPriority":"","ActiveOrders":null,"Health":16,"MaxHealth":16},{"InternalID":22,"UnitID":12,"Type":2,"Kind":1,"Location":{"Space":{"X":0,"Y":3},"Zone":{"X":-1,"Y":0}},"CurrentStamina":12,"CurrentOrder":null,"Builds":[],"GarrisonedIn":null,"Stance":0,"InterruptCurrent":false,"AttackBack":false,"TargetPriority":"","ActiveOrders":null,"Health":16,"MaxHealth":16},{"InternalID":23,"UnitID":12,"Type":2,"Kind":1,"Location":{"Space":{"X":0,"Y":3},"Zone":{"X":-1,"Y":0}},"CurrentStamina":12,"CurrentOrder":null,"Builds":[],"GarrisonedIn":null,"Stance":0,"InterruptCurrent":false,"AttackBack":false,"TargetPriority":"","ActiveOrders":null,"Health":16,"MaxHealth":16},{"InternalID":24,"UnitID":12,"Type":2,"Kind":1,"Location":{"Space":{"X":0,"Y":3},"Zone":{"X":-1,"Y":0}},"CurrentStamina":12,"CurrentOrder":null,"Builds":[],"GarrisonedIn":null,"Stance":0,"InterruptCurrent":false,"AttackBack":false,"TargetPriority":"","ActiveOrders":null,"Health":16,"MaxHealth":16}],"foundations":[],"population":{"current":23,"limit":0},"resources":{"food":200,"gold":28,"stone":100,"wood":200},"spaces":[{"Space":{"X":0,"Y":-4},"Vision":0,"Owner":-1},{"Space":{"X":1,"Y":-4},"Vision":0,"Owner":-1},{"Space":{"X":2,"Y":-4},"Vision":0,"Owner":-1},{"Space":{"X":3,"Y":-4},"Vision":0,"Owner":-1},{"Space":{"X":4,"Y":-4},"Vision":0,"Owner":-1},{"Space":{"X":-1,"Y":-3},"Vision":0,"Owner":-1},{"Space":{"X":0,"Y":-3},"Vision":0,"Owner":-1},{"Space":{"X":1,"Y":-3},"Vision":0,"Owner":-1},{"Space":{"X":2,"Y":-3},"Vision":0,"Owner":-1},{"Space":{"X":3,"Y":-3},"Vision":0,"Owner":-1},{"Space":{"X":4,"Y":-3},"Vision":0,"Owner":-1},{"Space":{"X":-2,"Y":-2},"Vision":0,"Owner":-1},{"Space":{"X":-1,"Y":-2},"Vision":0,"Owner":-1},{"Space":{"X":0,"Y":-2},"Vision":0,"Owner":-1},{"Space":{"X":1,"Y":-2},"Vision":0,"Owner":-1},{"Space":{"X":2,"Y":-2},"Vision":0,"Owner":-1},{"Space":{"X":3,"Y":-2},"Vision":0,"Owner":-1},{"Space":{"X":4,"Y":-2},"Vision":0,"Owner":-1},{"Space":{"X":-3,"Y":-1},"Vision":0,"Owner":-1},{"Space":{"X":-2,"Y":-1},"Vision":0,"Owner":-1},{"Space":{"X":-1,"Y":-1},"Vision":0,"Owner":-1},{"Space":{"X":0,"Y":-1},"Vision":0,"Owner":-1},{"Space":{"X":1,"Y":-1},"Vision":0,"Owner":-1},{"Space":{"X":2,"Y":-1},"Vision":0,"Owner":-1},{"Space":{"X":3,"Y":-1},"Vision":0,"Owner":-1},{"Space":{"X":4,"Y":-1},"Vision":0,"Owner":-1},{"Space":{"X":-4,"Y":0},"Vision":0,"Owner":-1},{"Space":{"X":-3,"Y":0},"Vision":0,"Owner":-1},{"Space":{"X":-2,"Y":0},"Vision":1,"Owner":-1},{"Space":{"X":-1,"Y":0},"Vision":1,"Owner":-1},{"Space":{"X":0,"Y":0},"Vision":1,"Owner":-1},{"Space":{"X":1,"Y":0},"Vision":1,"Owner":-1},{"Space":{"X":2,"Y":0},"Vision":2,"Owner":-1},{"Space":{"X":3,"Y":0},"Vision":2,"Owner":-1},{"Space":{"X":4,"Y":0},"Vision":0,"Owner":-1},{"Space":{"X":-4,"Y":1},"Vision":0,"Owner":-1},{"Space":{"X":-3,"Y":1},"Vision":1,"Owner":-1},{"Space":{"X":-2,"Y":1},"Vision":1,"Owner":0},{"Space":{"X":-1,"Y":1},"Vision":1,"Owner":-1},{"Space":{"X":0,"Y":1},"Vision":1,"Owner":-1},{"Space":{"X":1,"Y":1},"Vision":2,"Owner":-1},{"Space":{"X":2,"Y":1},"Vision":3,"Owner":1},{"Space":{"X":3,"Y":1},"Vision":2,"Owner":-1},{"Space":{"X":-4,"Y":2},"Vision":1,"Owner":0},{"Space":{"X":-3,"Y":2},"Vision":1,"Owner":-1},{"Space":{"X":-2,"Y":2},"Vision":1,"Owner":0},{"Space":{"X":-1,"Y":2},"Vision":1,"Owner":0},{"Space":{"X":0,"Y":2},"Vision":2,"Owner":-1},{"Space":{"X":1,"Y":2},"Vision":2,"Owner":0},{"Space":{"X":2,"Y":2},"Vision":2,"Owner":-1},{"Space":{"X":-4,"Y":3},"Vision":1,"Owner":0},{"Space":{"X":-3,"Y":3},"Vision":1,"Owner":-1},{"Space":{"X":-2,"Y":3},"Vision":1,"Owner":0},{"Space":{"X":-1,"Y":3},"Vision":3,"Owner":-1},{"Space":{"X":0,"Y":3},"Vision":3,"Owner":-1},{"Space":{"X":1,"Y":3},"Vision":2,"Owner":-1},{"Space":{"X":-4,"Y":4},"Vision":1,"Owner":-1},{"Space":{"X":-3,"Y":4},"Vision":1,"Owner":-1},{"Space":{"X":-2,"Y":4},"Vision":1,"Owner":-1},{"Space":{"X":-1,"Y":4},"Vision":2,"Owner":-1},{"Space":{"X":0,"Y":4},"Vision":2,"Owner":-1}],"units":[{"InternalID":33,"UnitID":11,"Type":2,"Kind":1,"Location":{"Space":{"X":2,"Y":1},"Zone":{"X":0,"Y":0}},"CurrentStamina":22,"CurrentOrder":null,"Builds":[],"GarrisonedIn":null,"Stance":3,"InterruptCurrent":false,"AttackBack":true,"TargetPriority":"","ActiveOrders":null,"Health":11,"MaxHealth":11},{"InternalID":39,"UnitID":11,"Type":2,"Kind":1,"Location":{"Space":{"X":0,"Y":3},"Zone":{"X":-1,"Y":0}},"CurrentStamina":15,"CurrentOrder":{"Kind":4,"TargetZone":null,"TargetSpace":{"X":0,"Y":3},"TargetResource":null,"TargetUnit":null,"TargetBuilding":null},"Builds":[],"GarrisonedIn":null,"Stance":3,"InterruptCurrent":false,"AttackBack":true,"TargetPriority":"","ActiveOrders":[{"ID":269,"Kind":4}],"Health":11,"MaxHealth":11},{"InternalID":40,"UnitID":11,"Type":2,"Kind":1,"Location":{"Space":{"X":0,"Y":3},"Zone":{"X":-1,"Y":0}},"CurrentStamina":15,"CurrentOrder":{"Kind":4,"TargetZone":null,"TargetSpace":{"X":0,"Y":3},"TargetResource":null,"TargetUnit":null,"TargetBuilding":null},"Builds":[],"GarrisonedIn":null,"Stance":3,"InterruptCurrent":false,"AttackBack":true,"TargetPriority":"","ActiveOrders":[{"ID":280,"Kind":4}],"Health":11,"MaxHealth":11},{"InternalID":41,"UnitID":11,"Type":2,"Kind":1,"Location":{"Space":{"X":0,"Y":3},"Zone":{"X":-1,"Y":0}},"CurrentStamina":15,"CurrentOrder":{"Kind":4,"TargetZone":null,"TargetSpace":{"X":0,"Y":3},"TargetResource":null,"TargetUnit":null,"TargetBuilding":null},"Builds":[],"GarrisonedIn":null,"Stance":3,"InterruptCurrent":false,"AttackBack":true,"TargetPriority":"","ActiveOrders":[{"ID":273,"Kind":4}],"Health":11,"MaxHealth":11},{"InternalID":42,"UnitID":11,"Type":2,"Kind":1,"Location":{"Space":{"X":0,"Y":3},"Zone":{"X":-1,"Y":0}},"CurrentStamina":15,"CurrentOrder":{"Kind":4,"TargetZone":null,"TargetSpace":{"X":0,"Y":3},"TargetResource":null,"TargetUnit":null,"TargetBuilding":null},"Builds":[],"GarrisonedIn":null,"Stance":3,"InterruptCurrent":false,"AttackBack":true,"TargetPriority":"","ActiveOrders":[{"ID":270,"Kind":4}],"Health":11,"MaxHealth":11},{"InternalID":43,"UnitID":11,"Type":2,"Kind":1,"Location":{"Space":{"X":0,"Y":3},"Zone":{"X":-1,"Y":0}},"CurrentStamina":15,"CurrentOrder":{"Kind":4,"TargetZone":null,"TargetSpace":{"X":0,"Y":3},"TargetResource":null,"TargetUnit":null,"TargetBuilding":null},"Builds":[],"GarrisonedIn":null,"Stance":3,"InterruptCurrent":false,"AttackBack":true,"TargetPriority":"","ActiveOrders":[{"ID":261,"Kind":4}],"Health":11,"MaxHealth":11},{"InternalID":44,"UnitID":11,"Type":2,"Kind":1,"Location":{"Space":{"X":0,"Y":3},"Zone":{"X":-1,"Y":0}},"CurrentStamina":15,"CurrentOrder":{"Kind":4,"TargetZone":null,"TargetSpace":{"X":0,"Y":3},"TargetResource":null,"TargetUnit":null,"TargetBuilding":null},"Builds":[],"GarrisonedIn":null,"Stance":3,"InterruptCurrent":false,"AttackBack":true,"TargetPriority":"","ActiveOrders":[{"ID":262,"Kind":4}],"Health":11,"MaxHealth":11},{"InternalID":45,"UnitID":11,"Type":2,"Kind":1,"Location":{"Space":{"X":0,"Y":3},"Zone":{"X":-1,"Y":0}},"CurrentStamina":15,"CurrentOrder":{"Kind":4,"TargetZone":null,"TargetSpace":{"X":0,"Y":3},"TargetResource":null,"TargetUnit":null,"TargetBuilding":null},"Builds":[],"GarrisonedIn":null,"Stance":3,"InterruptCurrent":false,"AttackBack":true,"TargetPriority":"","ActiveOrders":[{"ID":286,"Kind":4}],"Health":11,"MaxHealth":11},{"InternalID":46,"UnitID":11,"Type":2,"Kind":1,"Location":{"Space":{"X":0,"Y":3},"Zone":{"X":-1,"Y":0}},"CurrentStamina":15,"CurrentOrder":{"Kind":4,"TargetZone":null,"TargetSpace":{"X":0,"Y":3},"TargetResource":null,"TargetUnit":null,"TargetBuilding":null},"Builds":[],"GarrisonedIn":null,"Stance":3,"InterruptCurrent":false,"AttackBack":true,"TargetPriority":"","ActiveOrders":[{"ID":271,"Kind":4}],"Health":11,"MaxHealth":11},{"InternalID":47,"UnitID":12,"Type":2,"Kind":1,"Location":{"Space":{"X":0,"Y":3},"Zone":{"X":-1,"Y":0}},"CurrentStamina":12,"CurrentOrder":{"Kind":4,"TargetZone":null,"TargetSpace":{"X":0,"Y":3},"TargetResource":null,"TargetUnit":null,"TargetBuilding":null},"Builds":[],"GarrisonedIn":null,"Stance":3,"InterruptCurrent":false,"AttackBack":true,"TargetPriority":"","ActiveOrders":[{"ID":276,"Kind":4}],"Health":16,"MaxHealth":16},{"InternalID":48,"UnitID":12,"Type":2,"Kind":1,"Location":{"Space":{"X":0,"Y":3},"Zone":{"X":-1,"Y":0}},"CurrentStamina":12,"CurrentOrder":{"Kind":4,"TargetZone":null,"TargetSpace":{"X":0,"Y":3},"TargetResource":null,"TargetUnit":null,"TargetBuilding":null},"Builds":[],"GarrisonedIn":null,"Stance":3,"InterruptCurrent":false,"AttackBack":true,"TargetPriority":"","ActiveOrders":[{"ID":283,"Kind":4}],"Health":16,"MaxHealth":16},{"InternalID":49,"UnitID":12,"Type":2,"Kind":1,"Location":{"Space":{"X":0,"Y":3},"Zone":{"X":-1,"Y":0}},"CurrentStamina":12,"CurrentOrder":{"Kind":4,"TargetZone":null,"TargetSpace":{"X":0,"Y":3},"TargetResource":null,"TargetUnit":null,"TargetBuilding":null},"Builds":[],"GarrisonedIn":null,"Stance":3,"InterruptCurrent":false,"AttackBack":true,"TargetPriority":"","ActiveOrders":[{"ID":260,"Kind":4}],"Health":16,"MaxHealth":16},{"InternalID":50,"UnitID":12,"Type":2,"Kind":1,"Location":{"Space":{"X":0,"Y":3},"Zone":{"X":-1,"Y":0}},"CurrentStamina":12,"CurrentOrder":{"Kind":4,"TargetZone":null,"TargetSpace":{"X":0,"Y":3},"TargetResource":null,"TargetUnit":null,"TargetBuilding":null},"Builds":[],"GarrisonedIn":null,"Stance":3,"InterruptCurrent":false,"AttackBack":true,"TargetPriority":"","ActiveOrders":[{"ID":263,"Kind":4}],"Health":16,"MaxHealth":16},{"InternalID":51,"UnitID":12,"Type":2,"Kind":1,"Location":{"Space":{"X":0,"Y":3},"Zone":{"X":-1,"Y":0}},"CurrentStamina":12,"CurrentOrder":{"Kind":4,"TargetZone":null,"TargetSpace":{"X":0,"Y":3},"TargetResource":null,"TargetUnit":null,"TargetBuilding":null},"Builds":[],"GarrisonedIn":null,"Stance":3,"InterruptCurrent":false,"AttackBack":true,"TargetPriority":"","ActiveOrders":[{"ID":265,"Kind":4}],"Health":16,"MaxHealth":16},{"InternalID":52,"UnitID":12,"Type":2,"Kind":1,"Location":{"Space":{"X":0,"Y":3},"Zone":{"X":-1,"Y":0}},"CurrentStamina":12,"CurrentOrder":{"Kind":4,"TargetZone":null,"TargetSpace":{"X":0,"Y":3},"TargetResource":null,"TargetUnit":null,"TargetBuilding":null},"Builds":[],"GarrisonedIn":null,"Stance":3,"InterruptCurrent":false,"AttackBack":true,"TargetPriority":"","ActiveOrders":[{"ID":277,"Kind":4}],"Health":16,"MaxHealth":16},{"InternalID":53,"UnitID":12,"Type":2,"Kind":1,"Location":{"Space":{"X":0,"Y":3},"Zone":{"X":-1,"Y":0}},"CurrentStamina":12,"CurrentOrder":{"Kind":4,"TargetZone":null,"TargetSpace":{"X":0,"Y":3},"TargetResource":null,"TargetUnit":null,"TargetBuilding":null},"Builds":[],"GarrisonedIn":null,"Stance":3,"InterruptCurrent":false,"AttackBack":true,"TargetPriority":"","ActiveOrders":[{"ID":274,"Kind":4}],"Health":16,"MaxHealth":16},{"InternalID":54,"UnitID":12,"Type":2,"Kind":1,"Location":{"Space":{"X":0,"Y":3},"Zone":{"X":-1,"Y":0}},"CurrentStamina":12,"CurrentOrder":{"Kind":4,"TargetZone":null,"TargetSpace":{"X":0,"Y":3},"TargetResource":null,"TargetUnit":null,"TargetBuilding":null},"Builds":[],"GarrisonedIn":null,"Stance":3,"InterruptCurrent":false,"AttackBack":true,"TargetPriority":"","ActiveOrders":[{"ID":264,"Kind":4}],"Health":16,"MaxHealth":16},{"InternalID":55,"UnitID":13,"Type":2,"Kind":1,"Location":{"Space":{"X":0,"Y":3},"Zone":{"X":-1,"Y":0}},"CurrentStamina":8,"CurrentOrder":{"Kind":4,"TargetZone":null,"TargetSpace":{"X":0,"Y":3},"TargetResource":null,"TargetUnit":null,"TargetBuilding":null},"Builds":[],"GarrisonedIn":null,"Stance":3,"InterruptCurrent":false,"AttackBack":true,"TargetPriority":"","ActiveOrders":[{"ID":266,"Kind":4}],"Health":50,"MaxHealth":50},{"InternalID":56,"UnitID":13,"Type":2,"Kind":1,"Location":{"Space":{"X":0,"Y":3},"Zone":{"X":-1,"Y":0}},"CurrentStamina":8,"CurrentOrder":{"Kind":4,"TargetZone":null,"TargetSpace":{"X":0,"Y":3},"TargetResource":null,"TargetUnit":null,"TargetBuilding":null},"Builds":[],"GarrisonedIn":null,"Stance":3,"InterruptCurrent":false,"AttackBack":true,"TargetPriority":"","ActiveOrders":[{"ID":281,"Kind":4}],"Health":50,"MaxHealth":50},{"InternalID":57,"UnitID":13,"Type":2,"Kind":1,"Location":{"Space":{"X":0,"Y":3},"Zone":{"X":-1,"Y":0}},"CurrentStamina":8,"CurrentOrder":{"Kind":4,"TargetZone":null,"TargetSpace":{"X":0,"Y":3},"TargetResource":null,"TargetUnit":null,"TargetBuilding":null},"Builds":[],"GarrisonedIn":null,"Stance":3,"InterruptCurrent":false,"AttackBack":true,"TargetPriority":"","ActiveOrders":[{"ID":284,"Kind":4}],"Health":50,"MaxHealth":50},{"InternalID":58,"UnitID":13,"Type":2,"Kind":1,"Location":{"Space":{"X":0,"Y":3},"Zone":{"X":-1,"Y":0}},"CurrentStamina":8,"CurrentOrder":{"Kind":4,"TargetZone":null,"TargetSpace":{"X":0,"Y":3},"TargetResource":null,"TargetUnit":null,"TargetBuilding":null},"Builds":[],"GarrisonedIn":null,"Stance":3,"InterruptCurrent":false,"AttackBack":true,"TargetPriority":"","ActiveOrders":[{"ID":278,"Kind":4}],"Health":50,"MaxHealth":50},{"InternalID":59,"UnitID":13,"Type":2,"Kind":1,"Location":{"Space":{"X":0,"Y":3},"Zone":{"X":-1,"Y":0}},"CurrentStamina":8,"CurrentOrder":{"Kind":4,"TargetZone":null,"TargetSpace":{"X":0,"Y":3},"TargetResource":null,"TargetUnit":null,"TargetBuilding":null},"Builds":[],"GarrisonedIn":null,"Stance":3,"InterruptCurrent":false,"AttackBack":true,"TargetPriority":"","ActiveOrders":[{"ID":279,"Kind":4}],"Health":50,"MaxHealth":50},{"InternalID":60,"UnitID":13,"Type":2,"Kind":1,"Location":{"Space":{"X":0,"Y":3},"Zone":{"X":-1,"Y":0}},"CurrentStamina":8,"CurrentOrder":{"Kind":4,"TargetZone":null,"TargetSpace":{"X":0,"Y":3},"TargetResource":null,"TargetUnit":null,"TargetBuilding":null},"Builds":[],"GarrisonedIn":null,"Stance":3,"InterruptCurrent":false,"AttackBack":true,"TargetPriority":"","ActiveOrders":[{"ID":282,"Kind":4}],"Health":50,"MaxHealth":50}]}
2026/09/30 21:20:37 ai ai-1: submitting orders [{Subjects:[33] OrderType:2 TargetID:528 ClearPreviousOrders:true}]
2026/09/30 21:20:37 ai ai-1: vars {}
2026/09/30 21:20:37 player action: submit-orders 0 2 map[orders:[{1 [33] 2 528 true}]]
2026/09/30 21:20:37 Executing submit orders for: 1 [{1 [33] 2 528 true}]
2026/09/30 21:20:37 ai ai-0: new turn data {"buildings":[],"enemy_buildings":[],"enemy_units":[{"InternalID":33,"UnitID":11,"Type":2,"Kind":1,"Location":{"Space":{"X":2,"Y":1},"Zone":{"X":0,"Y":0}},"CurrentStamina":22,"CurrentOrder":null,"Builds":[],"GarrisonedIn":null,"Stance":0,"InterruptCurrent":false,"AttackBack":false,"TargetPriority":"","ActiveOrders":null,"Health":11,"MaxHealth":11},{"InternalID":39,"UnitID":11,"Type":2,"Kind":1,"Location":{"Space":{"X":0,"Y":3},"Zone":{"X":-1,"Y":0}},"CurrentStamina":15,"CurrentOrder":null,"Builds":[],"GarrisonedIn":null,"Stance":0,"InterruptCurrent":false,"AttackBack":false,"TargetPriority":"","ActiveOrders":null,"Health":11,"MaxHealth":11},{"InternalID":40,"UnitID":11,"Type":2,"Kind":1,"Location":{"Space":{"X":0,"Y":3},"Zone":{"X":-1,"Y":0}},"CurrentStamina":15,"CurrentOrder":null,"Builds":[],"GarrisonedIn":null,"Stance":0,"InterruptCurrent":false,"AttackBack":false,"TargetPriority":"","ActiveOrders":null,"Health":11,"MaxHealth":11},{"InternalID":41,"UnitID":11,"Type":2,"Kind":1,"Location":{"Space":{"X":0,"Y":3},"Zone":{"X":-1,"Y":0}},"CurrentStamina":15,"CurrentOrder":null,"Builds":[],"GarrisonedIn":null,"Stance":0,"InterruptCurrent":false,"AttackBack":false,"TargetPriority":"","ActiveOrders":null,"Health":11,"MaxHealth":11},{"InternalID":42,"UnitID":11,"Type":2,"Kind":1,"Location":{"Space":{"X":0,"Y":3},"Zone":{"X":-1,"Y":0}},"CurrentStamina":15,"CurrentOrder":null,"Builds":[],"GarrisonedIn":null,"Stance":0,"InterruptCurrent":false,"AttackBack":false,"TargetPriority":"","ActiveOrders":null,"Health":11,"MaxHealth":11},{"InternalID":43,"UnitID":11,"Type":2,"Kind":1,"Location":{"Space":{"X":0,"Y":3},"Zone":{"X":-1,"Y":0}},"CurrentStamina":15,"CurrentOrder":null,"Builds":[],"GarrisonedIn":null,"Stance":0,"InterruptCurrent":false,"AttackBack":false,"TargetPriority":"","ActiveOrders":null,"Health":11,"MaxHealth":11},{"InternalID":44,"UnitID":11,"Type":2,"Kind":1,"Location":{"Space":{"X":0,"Y":3},"Zone":{"X":-1,"Y":0}},"CurrentStamina":15,"CurrentOrder":null,"Builds":[],"GarrisonedIn":null,"Stance":0,"InterruptCurrent":false,"AttackBack":false,"TargetPriority":"","ActiveOrders":null,"Health":11,"MaxHealth":11},{"InternalID":45,"UnitID":11,"Type":2,"Kind":1,"Location":{"Space":{"X":0,"Y":3},"Zone":{"X":-1,"Y":0}},"CurrentStamina":15,"CurrentOrder":null,"Builds":[],"GarrisonedIn":null,"Stance":0,"InterruptCurrent":false,"AttackBack":false,"TargetPriority":"","ActiveOrders":null,"Health":11,"MaxHealth":11},{"InternalID":46,"UnitID":11,"Type":2,"Kind":1,"Location":{"Space":{"X":0,"Y":3},"Zone":{"X":-1,"Y":0}},"CurrentStamina":15,"CurrentOrder":null,"Builds":[],"GarrisonedIn":null,"Stance":0,"InterruptCurrent":false,"AttackBack":false,"TargetPriority":"","ActiveOrders":null,"Health":11,"MaxHealth":11},{"InternalID":47,"UnitID":12,"Type":2,"Kind":1,"Location":{"Space":{"X":0,"Y":3},"Zone":{"X":-1,"Y":0}},"CurrentStamina":12,"CurrentOrder":null,"Builds":[],"GarrisonedIn":null,"Stance":0,"InterruptCurrent":false,"AttackBack":false,"TargetPriority":"","ActiveOrders":null,"Health":16,"MaxHealth":16},{"InternalID":48,"UnitID":12,"Type":2,"Kind":1,"Location":{"Space":{"X":0,"Y":3},"Zone":{"X":-1,"Y":0}},"CurrentStamina":12,"CurrentOrder":null,"Builds":[],"GarrisonedIn":null,"Stance":0,"InterruptCurrent":false,"AttackBack":false,"TargetPriority":"","ActiveOrders":null,"Health":16,"MaxHealth":16},{"InternalID":49,"UnitID":12,"Type":2,"Kind":1,"Location":{"Space":{"X":0,"Y":3},"Zone":{"X":-1,"Y":0}},"CurrentStamina":12,"CurrentOrder":null,"Builds":[],"GarrisonedIn":null,"Stance":0,"InterruptCurrent":false,"AttackBack":false,"TargetPriority":"","ActiveOrders":null,"Health":16,"MaxHealth":16},{"InternalID":50,"UnitID":12,"Type":2,"Kind":1,"Location":{"Space":{"X":0,"Y":3},"Zone":{"X":-1,"Y":0}},"CurrentStamina":12,"CurrentOrder":null,"Builds":[],"GarrisonedIn":null,"Stance":0,"InterruptCurrent":false,"AttackBack":false,"TargetPriority":"","ActiveOrders":null,"Health":16,"MaxHealth":16},{"InternalID":51,"UnitID":12,"Type":2,"Kind":1,"Location":{"Space":{"X":0,"Y":3},"Zone":{"X":-1,"Y":0}},"CurrentStamina":12,"CurrentOrder":null,"Builds":[],"GarrisonedIn":null,"Stance":0,"InterruptCurrent":false,"AttackBack":false,"TargetPriority":"","ActiveOrders":null,"Health":16,"MaxHealth":16},{"InternalID":52,"UnitID":12,"Type":2,"Kind":1,"Location":{"Space":{"X":0,"Y":3},"Zone":{"X":-1,"Y":0}},"CurrentStamina":12,"CurrentOrder":null,"Builds":[],"GarrisonedIn":null,"Stance":0,"InterruptCurrent":false,"AttackBack":false,"TargetPriority":"","ActiveOrders":null,"Health":16,"MaxHealth":16},{"InternalID":53,"UnitID":12,"Type":2,"Kind":1,"Location":{"Space":{"X":0,"Y":3},"Zone":{"X":-1,"Y":0}},"CurrentStamina":12,"CurrentOrder":null,"Builds":[],"GarrisonedIn":null,"Stance":0,"InterruptCurrent":false,"AttackBack":false,"TargetPriority":"","ActiveOrders":null,"Health":16,"MaxHealth":16},{"InternalID":54,"UnitID":12,"Type":2,"Kind":1,"Location":{"Space":{"X":0,"Y":3},"Zone":{"X":-1,"Y":0}},"CurrentStamina":12,"CurrentOrder":null,"Builds":[],"GarrisonedIn":null,"Stance":0,"InterruptCurrent":false,"AttackBack":false,"TargetPriority":"","ActiveOrders":null,"Health":16,"MaxHealth":16},{"InternalID":55,"UnitID":13,"Type":2,"Kind":1,"Location":{"Space":{"X":0,"Y":3},"Zone":{"X":-1,"Y":0}},"CurrentStamina":8,"CurrentOrder":null,"Builds":[],"GarrisonedIn":null,"Stance":0,"InterruptCurrent":false,"AttackBack":false,"TargetPriority":"","ActiveOrders":null,"Health":50,"MaxHealth":50},{"InternalID":56,"UnitID":13,"Type":2,"Kind":1,"Location":{"Space":{"X":0,"Y":3},"Zone":{"X":-1,"Y":0}},"CurrentStamina":8,"CurrentOrder":null,"Builds":[],"GarrisonedIn":null,"Stance":0,"InterruptCurrent":false,"AttackBack":false,"TargetPriority":"","ActiveOrders":null,"Health":50,"MaxHealth":50},{"InternalID":57,"UnitID":13,"Type":2,"Kind":1,"Location":{"Space":{"X":0,"Y":3},"Zone":{"X":-1,"Y":0}},"CurrentStamina":8,"CurrentOrder":null,"Builds":[],"GarrisonedIn":null,"Stance":0,"InterruptCurrent":false,"AttackBack":false,"TargetPriority":"","ActiveOrders":null,"Health":50,"MaxHealth":50},{"InternalID":58,"UnitID":13,"Type":2,"Kind":1,"Location":{"Space":{"X":0,"Y":3},"Zone":{"X":-1,"Y":0}},"CurrentStamina":8,"CurrentOrder":null,"Builds":[],"GarrisonedIn":null,"Stance":0,"InterruptCurrent":false,"AttackBack":false,"TargetPriority":"","ActiveOrders":null,"Health":50,"MaxHealth":50},{"InternalID":59,"UnitID":13,"Type":2,"Kind":1,"Location":{"Space":{"X":0,"Y":3},"Zone":{"X":-1,"Y":0}},"CurrentStamina":8,"CurrentOrder":null,"Builds":[],"GarrisonedIn":null,"Stance":0,"InterruptCurrent":false,"AttackBack":false,"TargetPriority":"","ActiveOrders":null,"Health":50,"MaxHealth":50},{"InternalID":60,"UnitID":13,"Type":2,"Kind":1,"Location":{"Space":{"X":0,"Y":3},"Zone":{"X":-1,"Y":0}},"CurrentStamina":8,"CurrentOrder":null,"Builds":[],"GarrisonedIn":null,"Stance":0,"InterruptCurrent":false,"AttackBack":false,"TargetPriority":"","ActiveOrders":null,"Health":50,"MaxHealth":50}],"foundations":[],"population":{"current":24,"limit":0},"resources":{"food":200,"gold":102,"stone":100,"wood":200},"spaces":[{"Space":{"X":0,"Y":-4},"Vision":1,"Owner":-1},{"Space":{"X":1,"Y":-4},"Vision":1,"Owner":-1},{"Space":{"X":2,"Y":-4},"Vision":1,"Owner":-1},{"Space":{"X":3,"Y":-4},"Vision":1,"Owner":-1},{"Space":{"X":4,"Y":-4},"Vision":1,"Owner":-1},{"Space":{"X":-1,"Y":-3},"Vision":1,"Owner":-1},{"Space":{"X":0,"Y":-3},"Vision":1,"Owner":-1},{"Space":{"X":1,"Y":-3},"Vision":1,"Owner":-1},{"Space":{"X":2,"Y":-3},"Vision":1,"Owner":-1},{"Space":{"X":3,"Y":-3},"Vision":1,"Owner":-1},{"Space":{"X":4,"Y":-3},"Vision":1,"Owner":-1},{"Space":{"X":-2,"Y":-2},"Vision":1,"Owner":-1},{"Space":{"X":-1,"Y":-2},"Vision":1,"Owner":-1},{"Space":{"X":0,"Y":-2},"Vision":1,"Owner":-1},{"Space":{"X":1,"Y":-2},"Vision":1,"Owner":-1},{"Space":{"X":2,"Y":-2},"Vision":1,"Owner":-1},{"Space":{"X":3,"Y":-2},"Vision":1,"Owner":-1},{"Space":{"X":4,"Y":-2},"Vision":0,"Owner":-1},{"Space":{"X":-3,"Y":-1},"Vision":1,"Owner":-1},{"Space":{"X":-2,"Y":-1},"Vision":1,"Owner":-1},{"Space":{"X":-1,"Y":-1},"Vision":1,"Owner":-1},{"Space":{"X":0,"Y":-1},"Vision":1,"Owner":-1},{"Space":{"X":1,"Y":-1},"Vision":1,"Owner":-1},{"Space":{"X":2,"Y":-1},"Vision":1,"Owner":-1},{"Space":{"X":3,"Y":-1},"Vision":0,"Owner":-1},{"Space":{"X":4,"Y":-1},"Vision":0,"Owner":-1},{"Space":{"X":-4,"Y":0},"Vision":1,"Owner":-1},{"Space":{"X":-3,"Y":0},"Vision":1,"Owner":-1},{"Space":{"X":-2,"Y":0},"Vision":1,"Owner":-1},{"Space":{"X":-1,"Y":0},"Vision":1,"Owner":-1},{"Space":{"X":0,"Y":0},"Vision":2,"Owner":-1},{"Space":{"X":1,"Y":0},"Vision":2,"Owner":-1},{"Space":{"X":2,"Y":0},"Vision":1,"Owner":-1},{"Space":{"X":3,"Y":0},"Vision":0,"Owner":-1},{"Space":{"X":4,"Y":0},"Vision":0,"Owner":-1},{"Space":{"X":-4,"Y":1},"Vision":1,"Owner":-1},{"Space":{"X":-3,"Y":1},"Vision":1,"Owner":-1},{"Space":{"X":-2,"Y":1},"Vision":2,"Owner":-1},{"Space":{"X":-1,"Y":1},"Vision":2,"Owner":-1},{"Space":{"X":0,"Y":1},"Vision":3,"Owner":0},{"Space":{"X":1,"Y":1},"Vision":3,"Owner":-1},{"Space":{"X":2,"Y":1},"Vision":3,"Owner":1},{"Space":{"X":3,"Y":1},"Vision":0,"Owner":-1},{"Space":{"X":-4,"Y":2},"Vision":1,"Owner":-1},{"Space":{"X":-3,"Y":2},"Vision":2,"Owner":-1},{"Space":{"X":-2,"Y":2},"Vision":3,"Owner":0},{"Space":{"X":-1,"Y":2},"Vision":3,"Owner":-1},{"Space":{"X":0,"Y":2},"Vision":3,"Owner":-1},{"Space":{"X":1,"Y":2},"Vision":3,"Owner":0},{"Space":{"X":2,"Y":2},"Vision":2,"Owner":-1},{"Space":{"X":-4,"Y":3},"Vision":1,"Owner":-1},{"Space":{"X":-3,"Y":3},"Vision":2,"Owner":-1},{"Space":{"X":-2,"Y":3},"Vision":2,"Owner":-1},{"Space":{"X":-1,"Y":3},"Vision":3,"Owner":-1},{"Space":{"X":0,"Y":3},"Vision":3,"Owner":-1},{"Space":{"X":1,"Y":3},"Vision":2,"Owner":-1},{"Space":{"X":-4,"Y":4},"Vision":1,"Owner":-1},{"Space":{"X":-3,"Y":4},"Vision":1,"Owner":-1},{"Space":{"X":-2,"Y":4},"Vision":1,"Owner":-1},{"Space":{"X":-1,"Y":4},"Vision":2,"Owner":-1},{"Space":{"X":0,"Y":4},"Vision":2,"Owner":-1}],"units":[{"InternalID":2,"UnitID":11,"Type":2,"Kind":1,"Location":{"Space":{"X":1,"Y":2},"Zone":{"X":1,"Y":-1}},"CurrentStamina":23,"CurrentOrder":null,"Builds":[],"GarrisonedIn":null,"Stance":3,"InterruptCurrent":true,"AttackBack":true,"TargetPriority":"","ActiveOrders":null,"Health":5.6,"MaxHealth":11},{"InternalID":4,"UnitID":11,"Type":2,"Kind":1,"Location":{"Space":{"X":1,"Y":2},"Zone":{"X":-1,"Y":0}},"CurrentStamina":15,"CurrentOrder":{"Kind":0,"TargetZone":{"Space":{"X":2,"Y":1},"Zone":{"X":0,"Y":0}},"TargetSpace":null,"TargetResource":null,"TargetUnit":null,"TargetBuilding":null},"Builds":[],"GarrisonedIn":null,"Stance":3,"InterruptCurrent":true,"AttackBack":true,"TargetPriority":"","ActiveOrders":[{"ID":220,"Kind":0}],"Health":11,"MaxHealth":11},{"InternalID":5,"UnitID":11,"Type":2,"Kind":1,"Location":{"Space":{"X":1,"Y":2},"Zone":{"X":0,"Y":0}},"CurrentStamina":15,"CurrentOrder":{"Kind":0,"TargetZone":{"Space":{"X":2,"Y":2},"Zone":{"X":0,"Y":0}},"TargetSpace":null,"TargetResource":null,"TargetUnit":null,"TargetBuilding":null},"Builds":[],"GarrisonedIn":null,"Stance":3,"InterruptCurrent":true,"AttackBack":true,"TargetPriority":"","ActiveOrders":[{"ID":221,"Kind":0}],"Health":11,"MaxHealth":11},{"InternalID":6,"UnitID":11,"Type":2,"Kind":1,"Location":{"Space":{"X":0,"Y":1},"Zone":{"X":1,"Y":0}},"CurrentStamina":20,"CurrentOrder":{"Kind":0,"TargetZone":{"Space":{"X":2,"Y":1},"Zone":{"X":0,"Y":0}},"TargetSpace":null,"TargetResource":null,"TargetUnit":null,"TargetBuilding":null},"Builds":[],"GarrisonedIn":null,"Stance":3,"InterruptCurrent":false,"AttackBack":true,"TargetPriority":"","ActiveOrders":[{"ID":222,"Kind":0}],"Health":11,"MaxHealth":11},{"InternalID":10,"UnitID":11,"Type":2,"Kind":1,"Location":{"Space":{"X":0,"Y":3},"Zone":{"X":-1,"Y":0}},"CurrentStamina":15,"CurrentOrder":{"Kind":6,"TargetZone":null,"TargetSpace":null,"TargetResource":null,"TargetUnit":null,"TargetBuilding":null},"Builds":[],"GarrisonedIn":null,"Stance":3,"InterruptCurrent":true,"AttackBack":true,"TargetPriority":"","ActiveOrders":[{"ID":295,"Kind":6}],"Health":1.4,"MaxHealth":11},{"InternalID":11,"UnitID":11,"Type":2,"Kind":1,"Location":{"Space":{"X":0,"Y":3},"Zone":{"X":-1,"Y":0}},"CurrentStamina":15,"CurrentOrder":{"Kind":4,"TargetZone":null,"TargetSpace":{"X":0,"Y":3},"TargetResource":null,"TargetUnit":null,"TargetBuilding":null},"Builds":[],"GarrisonedIn":null,"Stance":3,"InterruptCurrent":true,"AttackBack":true,"TargetPriority":"","ActiveOrders":[{"ID":255,"Kind":4}],"Health":11,"MaxHealth":11},{"InternalID":12,"UnitID":11,"Type":2,"Kind":1,"Location":{"Space":{"X":0,"Y":3},"Zone":{"X":-1,"Y":0}},"CurrentStamina":15,"CurrentOrder":{"Kind":4,"TargetZone":null,"TargetSpace":{"X":0,"Y":3},"TargetResource":null,"TargetUnit":null,"TargetBuilding":null},"Builds":[],"GarrisonedIn":null,"Stance":3,"InterruptCurrent":true,"AttackBack":true,"TargetPriority":"","ActiveOrders":[{"ID":256,"Kind":4}],"Health":11,"MaxHealth":11},{"InternalID":13,"UnitID":11,"Type":2,"Kind":1,"Location":{"Space":{"X":0,"Y":3},"Zone":{"X":-1,"Y":0}},"CurrentStamina":15,"CurrentOrder":{"Kind":4,"TargetZone":null,"TargetSpace":{"X":0,"Y":3},"TargetResource":null,"TargetUnit":null,"TargetBuilding":null},"Builds":[],"GarrisonedIn":null,"Stance":3,"InterruptCurrent":true,"AttackBack":true,"TargetPriority":"","ActiveOrders":[{"ID":257,"Kind":4}],"Health":11,"MaxHealth":11},{"InternalID":14,"UnitID":11,"Type":2,"Kind":1,"Location":{"Space":{"X":0,"Y":3},"Zone":{"X":-1,"Y":0}},"CurrentStamina":15,"CurrentOrder":{"Kind":4,"TargetZone":null,"TargetSpace":{"X":0,"Y":3},"TargetResource":null,"TargetUnit":null,"TargetBuilding":null},"Builds":[],"GarrisonedIn":null,"Stance":3,"InterruptCurrent":true,"AttackBack":true,"TargetPriority":"","ActiveOrders":[{"ID":252,"Kind":4}],"Health":11,"MaxHealth":11},{"InternalID":15,"UnitID":11,"Type":2,"Kind":1,"Location":{"Space":{"X":0,"Y":3},"Zone":{"X":-1,"Y":0}},"CurrentStamina":15,"CurrentOrder":{"Kind":4,"TargetZone":null,"TargetSpace":{"X":0,"Y":3},"TargetResource":null,"TargetUnit":null,"TargetBuilding":null},"Builds":[],"GarrisonedIn":null,"Stance":3,"InterruptCurrent":true,"AttackBack":true,"TargetPriority":"","ActiveOrders":[{"ID":250,"Kind":4}],"Health":11,"MaxHealth":11},{"InternalID":16,"UnitID":11,"Type":2,"Kind":1,"Location":{"Space":{"X":0,"Y":3},"Zone":{"X":-1,"Y":0}},"CurrentStamina":15,"CurrentOrder":{"Kind":4,"TargetZone":null,"TargetSpace":{"X":0,"Y":3},"TargetResource":null,"TargetUnit":null,"TargetBuilding":null},"Builds":[],"GarrisonedIn":null,"Stance":3,"InterruptCurrent":true,"AttackBack":true,"TargetPriority":"","ActiveOrders":[{"ID":258,"Kind":4}],"Health":11,"MaxHealth":11},{"InternalID":18,"UnitID":12,"Type":2,"Kind":1,"Location":{"Space":{"X":0,"Y":3},"Zone":{"X":-1,"Y":0}},"CurrentStamina":12,"CurrentOrder":{"Kind":4,"TargetZone":null,"TargetSpace":{"X":0,"Y":3},"TargetResource":null,"TargetUnit":null,"TargetBuilding":null},"Builds":[],"GarrisonedIn":null,"Stance":3,"InterruptCurrent":true,"AttackBack":true,"TargetPriority":"","ActiveOrders":[{"ID":290,"Kind":4}],"Health":16,"MaxHealth":16},{"InternalID":19,"UnitID":12,"Type":2,"Kind":1,"Location":{"Space":{"X":0,"Y":3},"Zone":{"X":-1,"Y":0}},"CurrentStamina":12,"CurrentOrder":{"Kind":4,"TargetZone":null,"TargetSpace":{"X":0,"Y":3},"TargetResource":null,"TargetUnit":null,"TargetBuilding":null},"Builds":[],"GarrisonedIn":null,"Stance":3,"InterruptCurrent":true,"AttackBack":true,"TargetPriority":"","ActiveOrders":[{"ID":287,"Kind":4}],"Health":16,"MaxHealth":16},{"InternalID":20,"UnitID":12,"Type":2,"Kind":1,"Location":{"Space":{"X":0,"Y":3},"Zone":{"X":-1,"Y":0}},"CurrentStamina":12,"CurrentOrder":{"Kind":4,"TargetZone":null,"TargetSpace":{"X":0,"Y":3},"TargetResource":null,"TargetUnit":null,"TargetBuilding":null},"Builds":[],"GarrisonedIn":null,"Stance":3,"InterruptCurrent":true,"AttackBack":true,"TargetPriority":"","ActiveOrders":[{"ID":293,"Kind":4}],"Health":16,"MaxHealth":16},{"InternalID":21,"UnitID":12,"Type":2,"Kind":1,"Location":{"Space":{"X":0,"Y":3},"Zone":{"X":-1,"Y":0}},"CurrentStamina":12,"CurrentOrder":{"Kind":4,"TargetZone":null,"TargetSpace":{"X":0,"Y":3},"TargetResource":null,"TargetUnit":null,"TargetBuilding":null},"Builds":[],"GarrisonedIn":null,"Stance":3,"InterruptCurrent":true,"AttackBack":true,"TargetPriority":"","ActiveOrders":[{"ID":289,"Kind":4}],"Health":16,"MaxHealth":16},{"InternalID":22,"UnitID":12,"Type":2,"Kind":1,"Location":{"Space":{"X":0,"Y":3},"Zone":{"X":-1,"Y":0}},"CurrentStamina":12,"CurrentOrder":{"Kind":4,"TargetZone":null,"TargetSpace":{"X":0,"Y":3},"TargetResource":null,"TargetUnit":null,"TargetBuilding":null},"Builds":[],"GarrisonedIn":null,"Stance":3,"InterruptCurrent":true,"AttackBack":true,"TargetPriority":"","ActiveOrders":[{"ID":288,"Kind":4}],"Health":16,"MaxHealth":16},{"InternalID":23,"UnitID":12,"Type":2,"Kind":1,"Location":{"Space":{"X":0,"Y":3},"Zone":{"X":-1,"Y":0}},"CurrentStamina":12,"CurrentOrder":{"Kind":4,"TargetZone":null,"TargetSpace":{"X":0,"Y":3},"TargetResource":null,"TargetUnit":null,"TargetBuilding":null},"Builds":[],"GarrisonedIn":null,"Stance":3,"InterruptCurrent":true,"AttackBack":true,"TargetPriority":"","ActiveOrders":[{"ID":291,"Kind":4}],"Health":16,"MaxHealth":16},{"InternalID":24,"UnitID":12,"Type":2,"Kind":1,"Location":{"Space":{"X":0,"Y":3},"Zone":{"X":-1,"Y":0}},"CurrentStamina":12,"CurrentOrder":{"Kind":4,"TargetZone":null,"TargetSpace":{"X":0,"Y":3},"TargetResource":null,"TargetUnit":null,"TargetBuilding":null},"Builds":[],"GarrisonedIn":null,"Stance":3,"InterruptCurrent":true,"AttackBack":true,"TargetPriority":"","ActiveOrders":[{"ID":292,"Kind":4}],"Health":16,"MaxHealth":16},{"InternalID":25,"UnitID":13,"Type":2,"Kind":1,"Location":{"Space":{"X":-2,"Y":2},"Zone":{"X":1,"Y":0}},"CurrentStamina":11,"CurrentOrder":{"Kind":0,"TargetZone":{"Space":{"X":0,"Y":4},"Zone":{"X":0,"Y":0}},"TargetSpace":null,"TargetResource":null,"TargetUnit":null,"TargetBuilding":null},"Builds":[],"GarrisonedIn":null,"Stance":3,"InterruptCurrent":true,"AttackBack":true,"TargetPriority":"","ActiveOrders":[{"ID":241,"Kind":0}],"Health":47.8571,"MaxHealth":50},{"InternalID":26,"UnitID":13,"Type":2,"Kind":1,"Location":{"Space":{"X":-2,"Y":2},"Zone":{"X":1,"Y":0}},"CurrentStamina":11,"CurrentOrder":{"Kind":0,"TargetZone":{"Space":{"X":0,"Y":4},"Zone":{"X":0,"Y":0}},"TargetSpace":null,"TargetResource":null,"TargetUnit":null,"TargetBuilding":null},"Builds":[],"GarrisonedIn":null,"Stance":3,"InterruptCurrent":true,"AttackBack":true,"TargetPriority":"","ActiveOrders":[{"ID":242,"Kind":0}],"Health":50,"MaxHealth":50},{"InternalID":27,"UnitID":13,"Type":2,"Kind":1,"Location":{"Space":{"X":-2,"Y":2},"Zone":{"X":1,"Y":0}},"CurrentStamina":11,"CurrentOrder":{"Kind":0,"TargetZone":{"Space":{"X":0,"Y":4},"Zone":{"X":0,"Y":0}},"TargetSpace":null,"TargetResource":null,"TargetUnit":null,"TargetBuilding":null},"Builds":[],"GarrisonedIn":null,"Stance":3,"InterruptCurrent":true,"AttackBack":true,"TargetPriority":"","ActiveOrders":[{"ID":243,"Kind":0}],"Health":50,"MaxHealth":50},{"InternalID":28,"UnitID":13,"Type":2,"Kind":1,"Location":{"Space":{"X":-2,"Y":2},"Zone":{"X":1,"Y":0}},"CurrentStamina":11,"CurrentOrder":{"Kind":0,"TargetZone":{"Space":{"X":0,"Y":4},"Zone":{"X":0,"Y":0}},"TargetSpace":null,"TargetResource":null,"TargetUnit":null,"TargetBuilding":null},"Builds":[],"GarrisonedIn":null,"Stance":3,"InterruptCurrent":true,"AttackBack":true,"TargetPriority":"","ActiveOrders":[{"ID":244,"Kind":0}],"Health":50,"MaxHealth":50},{"InternalID":29,"UnitID":13,"Type":2,"Kind":1,"Location":{"Space":{"X":-2,"Y":2},"Zone":{"X":1,"Y":0}},"CurrentStamina":11,"CurrentOrder":{"Kind":0,"TargetZone":{"Space":{"X":0,"Y":4},"Zone":{"X":0,"Y":0}},"TargetSpace":null,"TargetResource":null,"TargetUnit":null,"TargetBuilding":null},"Builds":[],"GarrisonedIn":null,"Stance":3,"InterruptCurrent":true,"AttackBack":true,"TargetPriority":"","ActiveOrders":[{"ID":245,"Kind":0}],"Health":50,"MaxHealth":50},{"InternalID":30,"UnitID":13,"Type":2,"Kind":1,"Location":{"Space":{"X":-2,"Y":2},"Zone":{"X":1,"Y":0}},"CurrentStamina":11,"CurrentOrder":{"Kind":0,"TargetZone":{"Space":{"X":0,"Y":4},"Zone":{"X":0,"Y":0}},"TargetSpace":null,"TargetResource":null,"TargetUnit":null,"TargetBuilding":null},"Builds":[],"GarrisonedIn":null,"Stance":3,"InterruptCurrent":true,"AttackBack":true,"TargetPriority":"","ActiveOrders":[{"ID":246,"Kind":0}],"Health":50,"MaxHealth":50}]}
2026/09/30 21:20:37 ai ai-0: submitting orders [{Subjects:[2] OrderType:2 TargetID:903 ClearPreviousOrders:true} {Subjects:[2] OrderType:9 TargetID:33 ClearPreviousOrders:true} {Subjects:[4] OrderType:9 TargetID:33 ClearPreviousOrders:true} {Subjects:[5] OrderType:9 TargetID:33 ClearPreviousOrders:true} {Subjects:[6] OrderType:9 TargetID:33 ClearPreviousOrders:true} {Subjects:[10] OrderType:9 TargetID:33 ClearPreviousOrders:true} {Subjects:[11] OrderType:9 TargetID:33 ClearPreviousOrders:true} {Subjects:[12] OrderType:9 TargetID:33 ClearPreviousOrders:true} {Subjects:[13] OrderType:9 TargetID:33 ClearPreviousOrders:true} {Subjects:[14] OrderType:9 TargetID:33 ClearPreviousOrders:true} {Subjects:[15] OrderType:9 TargetID:33 ClearPreviousOrders:true} {Subjects:[16] OrderType:9 TargetID:33 ClearPreviousOrders:true} {Subjects:[18] OrderType:9 TargetID:33 ClearPreviousOrders:true} {Subjects:[19] OrderType:9 TargetID:33 ClearPreviousOrders:true} {Subjects:[20] OrderType:9 TargetID:33 ClearPreviousOrders:true} {Subjects:[21] OrderType:9 TargetID:33 ClearPreviousOrders:true} {Subjects:[22] OrderType:9 TargetID:33 ClearPreviousOrders:true} {Subjects:[23] OrderType:9 TargetID:33 ClearPreviousOrders:true} {Subjects:[24] OrderType:9 TargetID:33 ClearPreviousOrders:true} {Subjects:[25] OrderType:2 TargetID:1598 ClearPreviousOrders:true} {Subjects:[26] OrderType:2 TargetID:1598 ClearPreviousOrders:true} {Subjects:[27] OrderType:2 TargetID:1598 ClearPreviousOrders:true} {Subjects:[28] OrderType:2 TargetID:1598 ClearPreviousOrders:true} {Subjects:[29] OrderType:2 TargetID:1598 ClearPreviousOrders:true} {Subjects:[30] OrderType:2 TargetID:1598 ClearPreviousOrders:true} {Subjects:[10] OrderType:9 TargetID:39 ClearPreviousOrders:true} {Subjects:[10] OrderType:9 TargetID:40 ClearPreviousOrders:false} {Subjects:[10] OrderType:9 TargetID:41 ClearPreviousOrders:false} {Subjects:[10] OrderType:9 TargetID:42 ClearPreviousOrders:false} {Subjects:[10] OrderType:9 TargetID:43 ClearPreviousOrders:false} {Subjects:[10] OrderType:9 TargetID:44 ClearPreviousOrders:false} {Subjects:[11] OrderType:9 TargetID:39 ClearPreviousOrders:true} {Subjects:[11] OrderType:9 TargetID:41 ClearPreviousOrders:false} {Subjects:[11] OrderType:9 TargetID:42 ClearPreviousOrders:false} {Subjects:[11] OrderType:9 TargetID:43 ClearPreviousOrders:false} {Subjects:[11] OrderType:9 TargetID:44 ClearPreviousOrders:false} {Subjects:[11] OrderType:9 TargetID:45 ClearPreviousOrders:false} {Subjects:[12] OrderType:9 TargetID:39 ClearPreviousOrders:true} {Subjects:[12] OrderType:9 TargetID:42 ClearPreviousOrders:false} {Subjects:[12] OrderType:9 TargetID:43 ClearPreviousOrders:false} {Subjects:[12] OrderType:9 TargetID:44 ClearPreviousOrders:false} {Subjects:[12] OrderType:9 TargetID:45 ClearPreviousOrders:false} {Subjects:[12] OrderType:9 TargetID:46 ClearPreviousOrders:false} {Subjects:[13] OrderType:9 TargetID:39 ClearPreviousOrders:true} {Subjects:[13] OrderType:9 TargetID:43 ClearPreviousOrders:false} {Subjects:[13] OrderType:9 TargetID:44 ClearPreviousOrders:false} {Subjects:[13] OrderType:9 TargetID:45 ClearPreviousOrders:false} {Subjects:[13] OrderType:9 TargetID:46 ClearPreviousOrders:false} {Subjects:[13] OrderType:9 TargetID:47 ClearPreviousOrders:false} {Subjects:[14] OrderType:9 TargetID:39 ClearPreviousOrders:true} {Subjects:[14] OrderType:9 TargetID:44 ClearPreviousOrders:false} {Subjects:[14] OrderType:9 TargetID:45 ClearPreviousOrders:false} {Subjects:[14] OrderType:9 TargetID:46 ClearPreviousOrders:false} {Subjects:[14] OrderType:9 TargetID:47 ClearPreviousOrders:false} {Subjects:[14] OrderType:9 TargetID:48 ClearPreviousOrders:false} {Subjects:[15] OrderType:9 TargetID:39 ClearPreviousOrders:true} {Subjects:[15] OrderType:9 TargetID:45 ClearPreviousOrders:false} {Subjects:[15] OrderType:9 TargetID:46 ClearPreviousOrders:false} {Subjects:[15] OrderType:9 TargetID:47 ClearPreviousOrders:false} {Subjects:[15] OrderType:9 TargetID:48 ClearPreviousOrders:false} {Subjects:[15] OrderType:9 TargetID:49 ClearPreviousOrders:false} {Subjects:[16] OrderType:9 TargetID:39 ClearPreviousOrders:true} {Subjects:[16] OrderType:9 TargetID:46 ClearPreviousOrders:false} {Subjects:[16] OrderType:9 TargetID:47 ClearPreviousOrders:false} {Subjects:[16] OrderType:9 TargetID:48 ClearPreviousOrders:false} {Subjects:[16] OrderType:9 TargetID:49 ClearPreviousOrders:false} {Subjects:[16] OrderType:9 TargetID:50 ClearPreviousOrders:false} {Subjects:[18] OrderType:9 TargetID:39 ClearPreviousOrders:true} {Subjects:[18] OrderType:9 TargetID:47 ClearPreviousOrders:false} {Subjects:[18] OrderType:9 TargetID:48 ClearPreviousOrders:false} {Subjects:[18] OrderType:9 TargetID:49 ClearPreviousOrders:false} {Subjects:[18] OrderType:9 TargetID:50 ClearPreviousOrders:false} {Subjects:[18] OrderType:9 TargetID:51 ClearPreviousOrders:false} {Subjects:[19] OrderType:9 TargetID:40 ClearPreviousOrders:true} {Subjects:[19] OrderType:9 TargetID:41 ClearPreviousOrders:false} {Subjects:[19] OrderType:9 TargetID:42 ClearPreviousOrders:false} {Subjects:[19] OrderType:9 TargetID:43 ClearPreviousOrders:false} {Subjects:[19] OrderType:9 TargetID:44 ClearPreviousOrders:false} {Subjects:[19] OrderType:9 TargetID:45 ClearPreviousOrders:false} {Subjects:[20] OrderType:9 TargetID:40 ClearPreviousOrders:true} {Subjects:[20] OrderType:9 TargetID:42 ClearPreviousOrders:false} {Subjects:[20] OrderType:9 TargetID:43 ClearPreviousOrders:false} {Subjects:[20] OrderType:9 TargetID:44 ClearPreviousOrders:false} {Subjects:[20] OrderType:9 TargetID:45 ClearPreviousOrders:false} {Subjects:[20] OrderType:9 TargetID:46 ClearPreviousOrders:false} {Subjects:[21] OrderType:9 TargetID:40 ClearPreviousOrders:true} {Subjects:[21] OrderType:9 TargetID:43 ClearPreviousOrders:false} {Subjects:[21] OrderType:9 TargetID:44 ClearPreviousOrders:false} {Subjects:[21] OrderType:9 TargetID:45 ClearPreviousOrders:false} {Subjects:[21] OrderType:9 TargetID:46 ClearPreviousOrders:false} {Subjects:[21] OrderType:9 TargetID:47 ClearPreviousOrders:false} {Subjects:[22] OrderType:9 TargetID:40 ClearPreviousOrders:true} {Subjects:[22] OrderType:9 TargetID:44 ClearPreviousOrders:false} {Subjects:[22] OrderType:9 TargetID:45 ClearPreviousOrders:false} {Subjects:[22] OrderType:9 TargetID:46 ClearPreviousOrders:false} {Subjects:[22] OrderType:9 TargetID:47 ClearPreviousOrders:false} {Subjects:[22] OrderType:9 TargetID:48 ClearPreviousOrders:false} {Subjects:[23] OrderType:9 TargetID:40 ClearPreviousOrders:true} {Subjects:[23] OrderType:9 TargetID:45 ClearPreviousOrders:false} {Subjects:[23] OrderType:9 TargetID:46 ClearPreviousOrders:false} {Subjects:[23] OrderType:9 TargetID:47 ClearPreviousOrders:false} {Subjects:[23] OrderType:9 TargetID:48 ClearPreviousOrders:false} {Subjects:[23] OrderType:9 TargetID:49 ClearPreviousOrders:false} {Subjects:[24] OrderType:9 TargetID:40 ClearPreviousOrders:true} {Subjects:[24] OrderType:9 TargetID:46 ClearPreviousOrders:false} {Subjects:[24] OrderType:9 TargetID:47 ClearPreviousOrders:false} {Subjects:[24] OrderType:9 TargetID:48 ClearPreviousOrders:false} {Subjects:[24] OrderType:9 TargetID:49 ClearPreviousOrders:false} {Subjects:[24] OrderType:9 TargetID:50 ClearPreviousOrders:false}]
2026/09/30 21:20:37 ai ai-0: vars {"B":11,"Hv":6,"Pi":7,"aPowLocal":0,"aThreat":0,"a_engaged":0,"a_odds":1.3,"a_outnumbered":0,"army_target":50,"army_value":2620,"assault":0,"bank_rate":28,"bar_barracks":0.17072129748186085,"bar_redoubt":1.1111111111111112,"barracks":0,"barracks_B":0,"barracks_P":0,"barracks_save":0,"barracks_spend":78.1,"barracks_want":0,"buffer_food":70,"buffer_gold":0,"buffer_stone":0,"buffer_wood":70,"builders":0,"committed":0,"eB":14.399999999999999,"eGrowth":0,"eH":6,"eMil":28.4,"eP":8,"ePow":54.4,"ePowEst":52.821999999999996,"ePowSeen":52.821999999999996,"eTech":1,"eV":0,"es":29.4,"farm_want":0,"farm_wood_short":0,"farming":0,"fire_barracks":0,"fire_farm0":0,"fire_farm1":0,"fire_farm2":0,"fire_house":0,"fire_outpost":0,"fire_redoubt":0,"fire_smith":0,"fire_vc":0,"food_need":0,"food_over":0,"food_rate":0,"food_slots":1000,"food_workers":0,"free_room":26,"go":0,"gold_income":6,"gold_need":0,"gold_rate":0,"gold_surplus":102,"guaranteed":0,"guard_home":0,"headroom":-24,"hire_B":5492.3076923076915,"hire_P":8630.76923076923,"homePow":0,"house_builders":0,"house_urgency":0,"house_want":0,"income_proj":0,"left":0,"lf_food":0,"lf_gold":0,"lf_stone":0,"lf_wood":0,"lump_food":0,"lump_gold":0,"lump_stone":0,"lump_wood":0,"maturity":0,"mil":24,"myTech":1,"n_barracks":0,"n_redoubts":0,"needB":19.17404365956152,"needP":6.825956340438482,"outpost_want":0,"pikes":0,"planned_food":0,"planned_gold":0,"planned_stone":0,"planned_wood":0,"prod_rate":0,"proj_army":2620,"raid_danger":49,"raid_fails":0,"raid_lost":2,"raid_pause":0,"raid_prev":3,"raid_size":3.3,"raid_wiped":0,"rate":6,"redoubt_H":0,"redoubt_gold_ok":0.8533333333333334,"redoubt_save":0,"redoubt_spend":30,"redoubt_want":0,"redoubts":0,"rf_food":0,"rf_gold":0,"rf_stone":0,"rf_wood":0,"sB4":1.268320623730116,"sP4":0.4515219302185243,"scale_l":0,"scale_r":0,"shareH":0.50726468730259,"smith_want":0,"smiths":0,"spare":0,"spare_food":0.5,"stone_need":0,"stone_rate":0,"tH":32,"target_spend":400,"tech_food":50,"tech_gold":0,"tech_stone":0,"tech_wood":50,"threat_home":0,"turns_left":-240,"u_barracks":0.1766528649875478,"u_redoubt":0.47344704148241734,"unit_spend":120,"vB":1.0612244897959182,"vH":1.092517006802721,"vP":0.8197278911564626,"vc_want":0,"vcs":0,"vil_goal":50,"vil_rate":0,"vil_stamina":8,"vil_want":0,"vil_want_last":0,"vil_worth_now":0.6,"vils":0,"w_food":0,"w_gold":0,"w_stone":0,"w_wood":0,"wild_workers":0,"wood_need":0,"wood_rate":0,"workers":0}
2026/09/30 21:20:37 player action: set-unit-behavior 0 1 map[internal_ids:[10 11 12 13 14 15 16 18 19 20 21 22 23 24] interrupt_current:false]
2026/09/30 21:20:37 player action: submit-orders 0 1 map[orders:[{0 [2] 2 903 true} {0 [2] 9 33 true} {0 [4] 9 33 true} {0 [5] 9 33 true} {0 [6] 9 33 true} {0 [10] 9 33 true} {0 [11] 9 33 true} {0 [12] 9 33 true} {0 [13] 9 33 true} {0 [14] 9 33 true} {0 [15] 9 33 true} {0 [16] 9 33 true} {0 [18] 9 33 true} {0 [19] 9 33 true} {0 [20] 9 33 true} {0 [21] 9 33 true} {0 [22] 9 33 true} {0 [23] 9 33 true} {0 [24] 9 33 true} {0 [25] 2 1598 true} {0 [26] 2 1598 true} {0 [27] 2 1598 true} {0 [28] 2 1598 true} {0 [29] 2 1598 true} {0 [30] 2 1598 true} {0 [10] 9 39 true} {0 [10] 9 40 false} {0 [10] 9 41 false} {0 [10] 9 42 false} {0 [10] 9 43 false} {0 [10] 9 44 false} {0 [11] 9 39 true} {0 [11] 9 41 false} {0 [11] 9 42 false} {0 [11] 9 43 false} {0 [11] 9 44 false} {0 [11] 9 45 false} {0 [12] 9 39 true} {0 [12] 9 42 false} {0 [12] 9 43 false} {0 [12] 9 44 false} {0 [12] 9 45 false} {0 [12] 9 46 false} {0 [13] 9 39 true} {0 [13] 9 43 false} {0 [13] 9 44 false} {0 [13] 9 45 false} {0 [13] 9 46 false} {0 [13] 9 47 false} {0 [14] 9 39 true} {0 [14] 9 44 false} {0 [14] 9 45 false} {0 [14] 9 46 false} {0 [14] 9 47 false} {0 [14] 9 48 false} {0 [15] 9 39 true} {0 [15] 9 45 false} {0 [15] 9 46 false} {0 [15] 9 47 false} {0 [15] 9 48 false} {0 [15] 9 49 false} {0 [16] 9 39 true} {0 [16] 9 46 false} {0 [16] 9 47 false} {0 [16] 9 48 false} {0 [16] 9 49 false} {0 [16] 9 50 false} {0 [18] 9 39 true} {0 [18] 9 47 false} {0 [18] 9 48 false} {0 [18] 9 49 false} {0 [18] 9 50 false} {0 [18] 9 51 false} {0 [19] 9 40 true} {0 [19] 9 41 false} {0 [19] 9 42 false} {0 [19] 9 43 false} {0 [19] 9 44 false} {0 [19] 9 45 false} {0 [20] 9 40 true} {0 [20] 9 42 false} {0 [20] 9 43 false} {0 [20] 9 44 false} {0 [20] 9 45 false} {0 [20] 9 46 false} {0 [21] 9 40 true} {0 [21] 9 43 false} {0 [21] 9 44 false} {0 [21] 9 45 false} {0 [21] 9 46 false} {0 [21] 9 47 false} {0 [22] 9 40 true} {0 [22] 9 44 false} {0 [22] 9 45 false} {0 [22] 9 46 false} {0 [22] 9 47 false} {0 [22] 9 48 false} {0 [23] 9 40 true} {0 [23] 9 45 false} {0 [23] 9 46 false} {0 [23] 9 47 false} {0 [23] 9 48 false} {0 [23] 9 49 false} {0 [24] 9 40 true} {0 [24] 9 46 false} {0 [24] 9 47 false} {0 [24] 9 48 false} {0 [24] 9 49 false} {0 [24] 9 50 false}]]
2026/09/30 21:20:37 Executing submit orders for: 0 [{0 [2] 2 903 true} {0 [2] 9 33 true} {0 [4] 9 33 true} {0 [5] 9 33 true} {0 [6] 9 33 true} {0 [10] 9 33 true} {0 [11] 9 33 true} {0 [12] 9 33 true} {0 [13] 9 33 true} {0 [14] 9 33 true} {0 [15] 9 33 true} {0 [16] 9 33 true} {0 [18] 9 33 true} {0 [19] 9 33 true} {0 [20] 9 33 true} {0 [21] 9 33 true} {0 [22] 9 33 true} {0 [23] 9 33 true} {0 [24] 9 33 true} {0 [25] 2 1598 true} {0 [26] 2 1598 true} {0 [27] 2 1598 true} {0 [28] 2 1598 true} {0 [29] 2 1598 true} {0 [30] 2 1598 true} {0 [10] 9 39 true} {0 [10] 9 40 false} {0 [10] 9 41 false} {0 [10] 9 42 false} {0 [10] 9 43 false} {0 [10] 9 44 false} {0 [11] 9 39 true} {0 [11] 9 41 false} {0 [11] 9 42 false} {0 [11] 9 43 false} {0 [11] 9 44 false} {0 [11] 9 45 false} {0 [12] 9 39 true} {0 [12] 9 42 false} {0 [12] 9 43 false} {0 [12] 9 44 false} {0 [12] 9 45 false} {0 [12] 9 46 false} {0 [13] 9 39 true} {0 [13] 9 43 false} {0 [13] 9 44 false} {0 [13] 9 45 false} {0 [13] 9 46 false} {0 [13] 9 47 false} {0 [14] 9 39 true} {0 [14] 9 44 false} {0 [14] 9 45 false} {0 [14] 9 46 false} {0 [14] 9 47 false} {0 [14] 9 48 false} {0 [15] 9 39 true} {0 [15] 9 45 false} {0 [15] 9 46 false} {0 [15] 9 47 false} {0 [15] 9 48 false} {0 [15] 9 49 false} {0 [16] 9 39 true} {0 [16] 9 46 false} {0 [16] 9 47 false} {0 [16] 9 48 false} {0 [16] 9 49 false} {0 [16] 9 50 false} {0 [18] 9 39 true} {0 [18] 9 47 false} {0 [18] 9 48 false} {0 [18] 9 49 false} {0 [18] 9 50 false} {0 [18] 9 51 false} {0 [19] 9 40 true} {0 [19] 9 41 false} {0 [19] 9 42 false} {0 [19] 9 43 false} {0 [19] 9 44 false} {0 [19] 9 45 false} {0 [20] 9 40 true} {0 [20] 9 42 false} {0 [20] 9 43 false} {0 [20] 9 44 false} {0 [20] 9 45 false} {0 [20] 9 46 false} {0 [21] 9 40 true} {0 [21] 9 43 false} {0 [21] 9 44 false} {0 [21] 9 45 false} {0 [21] 9 46 false} {0 [21] 9 47 false} {0 [22] 9 40 true} {0 [22] 9 44 false} {0 [22] 9 45 false} {0 [22] 9 46 false} {0 [22] 9 47 false} {0 [22] 9 48 false} {0 [23] 9 40 true} {0 [23] 9 45 false} {0 [23] 9 46 false} {0 [23] 9 47 false} {0 [23] 9 48 false} {0 [23] 9 49 false} {0 [24] 9 40 true} {0 [24] 9 46 false} {0 [24] 9 47 false} {0 [24] 9 48 false} {0 [24] 9 49 false} {0 [24] 9 50 false}]
2026/09/30 21:20:37 Resolving active orders
2026/09/30 21:20:37 Moving unit 4 Blunt Infantry to zone(0, 0) in space (1, 2) tick=1
2026/09/30 21:20:37 combat turn=10 tick=1: 15 u11 (player 0, stamina 3) hits 39 u11 (player 1) for 1.80
2026/09/30 21:20:37 combat turn=10 tick=1: 14 u11 (player 0, stamina 3) hits 39 u11 (player 1) for 1.80
2026/09/30 21:20:37 combat turn=10 tick=1: 19 u12 (player 0, stamina 3) hits 40 u11 (player 1) for 2.70
2026/09/30 21:20:37 combat turn=10 tick=1: 22 u12 (player 0, stamina 3) hits 40 u11 (player 1) for 2.70
2026/09/30 21:20:37 Moving unit 29 Heavy Infantry to zone(-1, 0) in space (-1, 2) tick=1
2026/09/30 21:20:37 combat turn=10 tick=1: 21 u12 (player 0, stamina 3) hits 40 u11 (player 1) for 2.70
2026/09/30 21:20:37 combat turn=10 tick=1: 11 u11 (player 0, stamina 3) hits 39 u11 (player 1) for 1.80
2026/09/30 21:20:37 combat turn=10 tick=1: 12 u11 (player 0, stamina 3) hits 39 u11 (player 1) for 1.80
2026/09/30 21:20:37 combat turn=10 tick=1: 13 u11 (player 0, stamina 3) hits 39 u11 (player 1) for 1.80
2026/09/30 21:20:37 combat turn=10 tick=1: 16 u11 (player 0, stamina 3) hits 39 u11 (player 1) for 1.80
2026/09/30 21:20:37 Moving unit 30 Heavy Infantry to zone(-1, 0) in space (-1, 2) tick=1
2026/09/30 21:20:37 Moving unit 5 Blunt Infantry to zone(1, -1) in space (1, 2) tick=1
2026/09/30 21:20:37 combat turn=10 tick=1: 18 u12 (player 0, stamina 3) hits 39 u11 (player 1) for 2.70
2026/09/30 21:20:37 combat turn=10 tick=1: 23 u12 (player 0, stamina 3) hits 40 u11 (player 1) for 2.70
2026/09/30 21:20:37 Moving unit 25 Heavy Infantry to zone(-1, 0) in space (-1, 2) tick=1
2026/09/30 21:20:37 Moving unit 26 Heavy Infantry to zone(-1, 0) in space (-1, 2) tick=1
2026/09/30 21:20:37 Moving unit 28 Heavy Infantry to zone(-1, 0) in space (-1, 2) tick=1
2026/09/30 21:20:37 Moving unit 6 Blunt Infantry to zone(-1, 0) in space (1, 1) tick=1
2026/09/30 21:20:37 combat turn=10 tick=1: 24 u12 (player 0, stamina 3) hits 40 u11 (player 1) for 2.70
2026/09/30 21:20:37 Moving unit 27 Heavy Infantry to zone(-1, 0) in space (-1, 2) tick=1
2026/09/30 21:20:37 Moving unit 2 Blunt Infantry to zone(-1, 1) in space (2, 1) tick=1
2026/09/30 21:20:37 combat turn=10 tick=1: 10 u11 (player 0, stamina 3) hits 39 u11 (player 1) for 1.80
2026/09/30 21:20:37 combat turn=10 tick=1: 20 u12 (player 0, stamina 3) hits 40 u11 (player 1) for 2.70
2026/09/30 21:20:37 combat turn=10 tick=1: 40 u11 (player 1, stamina 3) hits 10 u11 (player 0) for 1.80
2026/09/30 21:20:37 combat turn=10 tick=1: 56 u13 (player 1, stamina 3) hits 10 u11 (player 0) for 5.12
2026/09/30 21:20:37 combat turn=10 tick=1: 60 u13 (player 1, stamina 3) hits 10 u11 (player 0) for 5.12
2026/09/30 21:20:37 combat turn=10 tick=1: 48 u12 (player 1, stamina 3) hits 10 u11 (player 0) for 2.70
2026/09/30 21:20:37 combat turn=10 tick=1: 57 u13 (player 1, stamina 3) hits 10 u11 (player 0) for 5.12
2026/09/30 21:20:37 Moving unit 33 Blunt Infantry to zone(0, -1) in space (2, 1) tick=1
2026/09/30 21:20:37 combat turn=10 tick=1: 45 u11 (player 1, stamina 3) hits 10 u11 (player 0) for 1.80
2026/09/30 21:20:37 combat turn=10 tick=1: 49 u12 (player 1, stamina 3) hits 10 u11 (player 0) for 2.70
2026/09/30 21:20:37 combat turn=10 tick=1: 43 u11 (player 1, stamina 3) hits 10 u11 (player 0) for 1.80
2026/09/30 21:20:37 combat turn=10 tick=1: 44 u11 (player 1, stamina 3) hits 10 u11 (player 0) for 1.80
2026/09/30 21:20:37 combat turn=10 tick=1: 50 u12 (player 1, stamina 3) hits 10 u11 (player 0) for 2.70
2026/09/30 21:20:37 combat turn=10 tick=1: 54 u12 (player 1, stamina 3) hits 10 u11 (player 0) for 2.70
2026/09/30 21:20:37 combat turn=10 tick=1: 51 u12 (player 1, stamina 3) hits 10 u11 (player 0) for 2.70
2026/09/30 21:20:37 combat turn=10 tick=1: 55 u13 (player 1, stamina 3) hits 10 u11 (player 0) for 5.12
2026/09/30 21:20:37 combat turn=10 tick=1: 39 u11 (player 1, stamina 3) hits 10 u11 (player 0) for 1.80
2026/09/30 21:20:37 combat turn=10 tick=1: 42 u11 (player 1, stamina 3) hits 10 u11 (player 0) for 1.80
2026/09/30 21:20:37 combat turn=10 tick=1: 46 u11 (player 1, stamina 3) hits 10 u11 (player 0) for 1.80
2026/09/30 21:20:37 combat turn=10 tick=1: 41 u11 (player 1, stamina 3) hits 10 u11 (player 0) for 1.80
2026/09/30 21:20:37 combat turn=10 tick=1: 53 u12 (player 1, stamina 3) hits 10 u11 (player 0) for 2.70
2026/09/30 21:20:37 combat turn=10 tick=1: 47 u12 (player 1, stamina 3) hits 10 u11 (player 0) for 2.70
2026/09/30 21:20:37 combat turn=10 tick=1: 52 u12 (player 1, stamina 3) hits 10 u11 (player 0) for 2.70
2026/09/30 21:20:37 combat turn=10 tick=1: 58 u13 (player 1, stamina 3) hits 10 u11 (player 0) for 5.12
2026/09/30 21:20:37 combat turn=10 tick=1: 59 u13 (player 1, stamina 3) hits 10 u11 (player 0) for 5.12
2026/09/30 21:20:37 state_hash turn=10 tick=1 hash=13fe9837bc1492d0
2026/09/30 21:20:37 combat turn=10 tick=2: 24 u12 (player 0, stamina 3) hits 46 u11 (player 1) for 2.70
2026/09/30 21:20:37 Moving unit 27 Heavy Infantry to zone(0, 0) in space (-1, 2) tick=2
2026/09/30 21:20:37 Moving unit 2 Blunt Infantry to zone(0, 0) in space (2, 1) tick=2
2026/09/30 21:20:37 combat turn=10 tick=2: 20 u12 (player 0, stamina 3) hits 42 u11 (player 1) for 2.70
2026/09/30 21:20:37 Moving unit 4 Blunt Infantry to zone(1, -1) in space (1, 2) tick=2
2026/09/30 21:20:37 combat turn=10 tick=2: 15 u11 (player 0, stamina 3) hits 45 u11 (player 1) for 1.80
2026/09/30 21:20:37 combat turn=10 tick=2: 14 u11 (player 0, stamina 3) hits 44 u11 (player 1) for 1.80
2026/09/30 21:20:37 combat turn=10 tick=2: 19 u12 (player 0, stamina 3) hits 41 u11 (player 1) for 2.70
2026/09/30 21:20:37 combat turn=10 tick=2: 22 u12 (player 0, stamina 3) hits 44 u11 (player 1) for 2.70
2026/09/30 21:20:37 Moving unit 29 Heavy Infantry to zone(0, 0) in space (-1, 2) tick=2
2026/09/30 21:20:37 combat turn=10 tick=2: 21 u12 (player 0, stamina 3) hits 43 u11 (player 1) for 2.70
2026/09/30 21:20:37 combat turn=10 tick=2: 11 u11 (player 0, stamina 3) hits 41 u11 (player 1) for 1.80
2026/09/30 21:20:37 combat turn=10 tick=2: 12 u11 (player 0, stamina 3) hits 42 u11 (player 1) for 1.80
2026/09/30 21:20:37 combat turn=10 tick=2: 13 u11 (player 0, stamina 3) hits 43 u11 (player 1) for 1.80
2026/09/30 21:20:37 combat turn=10 tick=2: 16 u11 (player 0, stamina 3) hits 46 u11 (player 1) for 1.80
2026/09/30 21:20:37 Moving unit 30 Heavy Infantry to zone(0, 0) in space (-1, 2) tick=2
2026/09/30 21:20:37 Moving unit 5 Blunt Infantry to zone(-1, 1) in space (2, 1) tick=2
2026/09/30 21:20:37 combat turn=10 tick=2: 18 u12 (player 0, stamina 3) hits 47 u12 (player 1) for 2.40
2026/09/30 21:20:37 combat turn=10 tick=2: 23 u12 (player 0, stamina 3) hits 45 u11 (player 1) for 2.70
2026/09/30 21:20:37 Moving unit 25 Heavy Infantry to zone(0, 0) in space (-1, 2) tick=2
2026/09/30 21:20:37 Moving unit 26 Heavy Infantry to zone(0, 0) in space (-1, 2) tick=2
2026/09/30 21:20:37 Moving unit 28 Heavy Infantry to zone(0, 0) in space (-1, 2) tick=2
2026/09/30 21:20:37 Moving unit 6 Blunt Infantry to zone(0, 0) in space (1, 1) tick=2
2026/09/30 21:20:37 combat turn=10 tick=2: 42 u11 (player 1, stamina 3) hits 11 u11 (player 0) for 1.80
2026/09/30 21:20:37 combat turn=10 tick=2: 46 u11 (player 1, stamina 3) hits 11 u11 (player 0) for 1.80
2026/09/30 21:20:37 combat turn=10 tick=2: 41 u11 (player 1, stamina 3) hits 11 u11 (player 0) for 1.80
2026/09/30 21:20:37 combat turn=10 tick=2: 53 u12 (player 1, stamina 3) hits 11 u11 (player 0) for 2.70
2026/09/30 21:20:37 combat turn=10 tick=2: 47 u12 (player 1, stamina 3) hits 11 u11 (player 0) for 2.70
2026/09/30 21:20:37 combat turn=10 tick=2: 52 u12 (player 1, stamina 3) hits 11 u11 (player 0) for 2.70
2026/09/30 21:20:37 combat turn=10 tick=2: 58 u13 (player 1, stamina 3) hits 11 u11 (player 0) for 5.12
2026/09/30 21:20:37 combat turn=10 tick=2: 59 u13 (player 1, stamina 3) hits 11 u11 (player 0) for 5.12
2026/09/30 21:20:37 combat turn=10 tick=2: 56 u13 (player 1, stamina 3) hits 11 u11 (player 0) for 5.12
2026/09/30 21:20:37 combat turn=10 tick=2: 60 u13 (player 1, stamina 3) hits 11 u11 (player 0) for 5.12
2026/09/30 21:20:37 combat turn=10 tick=2: 48 u12 (player 1, stamina 3) hits 11 u11 (player 0) for 2.70
2026/09/30 21:20:37 combat turn=10 tick=2: 57 u13 (player 1, stamina 3) hits 11 u11 (player 0) for 5.12
2026/09/30 21:20:37 Moving unit 33 Blunt Infantry to zone(0, 1) in space (2, 0) tick=2
2026/09/30 21:20:37 combat turn=10 tick=2: 45 u11 (player 1, stamina 3) hits 11 u11 (player 0) for 1.80
2026/09/30 21:20:37 combat turn=10 tick=2: 49 u12 (player 1, stamina 3) hits 11 u11 (player 0) for 2.70
2026/09/30 21:20:37 combat turn=10 tick=2: 43 u11 (player 1, stamina 3) hits 11 u11 (player 0) for 1.80
2026/09/30 21:20:37 combat turn=10 tick=2: 44 u11 (player 1, stamina 3) hits 11 u11 (player 0) for 1.80
2026/09/30 21:20:37 combat turn=10 tick=2: 50 u12 (player 1, stamina 3) hits 11 u11 (player 0) for 2.70
2026/09/30 21:20:37 combat turn=10 tick=2: 54 u12 (player 1, stamina 3) hits 11 u11 (player 0) for 2.70
2026/09/30 21:20:37 combat turn=10 tick=2: 51 u12 (player 1, stamina 3) hits 11 u11 (player 0) for 2.70
2026/09/30 21:20:37 combat turn=10 tick=2: 55 u13 (player 1, stamina 3) hits 11 u11 (player 0) for 5.12
2026/09/30 21:20:37 state_hash turn=10 tick=2 hash=ac65da6028339bb2
2026/09/30 21:20:37 combat turn=10 tick=3: 13 u11 (player 0, stamina 3) hits 43 u11 (player 1) for 1.80
2026/09/30 21:20:37 combat turn=10 tick=3: 16 u11 (player 0, stamina 3) hits 46 u11 (player 1) for 1.80
2026/09/30 21:20:37 Moving unit 30 Heavy Infantry to zone(0, 1) in space (-1, 2) tick=3
2026/09/30 21:20:37 combat turn=10 tick=3: 18 u12 (player 0, stamina 3) hits 47 u12 (player 1) for 2.40
2026/09/30 21:20:37 combat turn=10 tick=3: 23 u12 (player 0, stamina 3) hits 45 u11 (player 1) for 2.70
2026/09/30 21:20:37 Moving unit 25 Heavy Infantry to zone(0, 1) in space (-1, 2) tick=3
2026/09/30 21:20:37 Moving unit 26 Heavy Infantry to zone(0, 1) in space (-1, 2) tick=3
2026/09/30 21:20:37 Moving unit 28 Heavy Infantry to zone(0, 1) in space (-1, 2) tick=3
2026/09/30 21:20:37 combat turn=10 tick=3: 24 u12 (player 0, stamina 3) hits 46 u11 (player 1) for 2.70
2026/09/30 21:20:37 Moving unit 27 Heavy Infantry to zone(0, 1) in space (-1, 2) tick=3
2026/09/30 21:20:37 combat turn=10 tick=3: 20 u12 (player 0, stamina 3) hits 42 u11 (player 1) for 2.70
2026/09/30 21:20:37 combat turn=10 tick=3: 15 u11 (player 0, stamina 3) hits 45 u11 (player 1) for 1.80
2026/09/30 21:20:37 combat turn=10 tick=3: 14 u11 (player 0, stamina 3) hits 44 u11 (player 1) for 1.80
2026/09/30 21:20:37 combat turn=10 tick=3: 19 u12 (player 0, stamina 3) hits 41 u11 (player 1) for 2.70
2026/09/30 21:20:37 combat turn=10 tick=3: 22 u12 (player 0, stamina 3) hits 44 u11 (player 1) for 2.70
2026/09/30 21:20:37 Moving unit 29 Heavy Infantry to zone(0, 1) in space (-1, 2) tick=3
2026/09/30 21:20:37 combat turn=10 tick=3: 21 u12 (player 0, stamina 3) hits 43 u11 (player 1) for 2.70
2026/09/30 21:20:37 combat turn=10 tick=3: 12 u11 (player 0, stamina 3) hits 42 u11 (player 1) for 1.80
2026/09/30 21:20:37 Moving unit 33 Blunt Infantry to zone(0, 0) in space (2, 0) tick=3
2026/09/30 21:20:37 combat turn=10 tick=3: 45 u11 (player 1, stamina 3) hits 12 u11 (player 0) for 1.80
2026/09/30 21:20:37 combat turn=10 tick=3: 49 u12 (player 1, stamina 3) hits 12 u11 (player 0) for 2.70
2026/09/30 21:20:37 combat turn=10 tick=3: 43 u11 (player 1, stamina 3) hits 12 u11 (player 0) for 1.80
2026/09/30 21:20:37 combat turn=10 tick=3: 44 u11 (player 1, stamina 3) hits 12 u11 (player 0) for 1.80
2026/09/30 21:20:37 combat turn=10 tick=3: 50 u12 (player 1, stamina 3) hits 12 u11 (player 0) for 2.70
2026/09/30 21:20:37 combat turn=10 tick=3: 54 u12 (player 1, stamina 3) hits 12 u11 (player 0) for 2.70
2026/09/30 21:20:37 combat turn=10 tick=3: 51 u12 (player 1, stamina 3) hits 12 u11 (player 0) for 2.70
2026/09/30 21:20:37 combat turn=10 tick=3: 55 u13 (player 1, stamina 2) hits 12 u11 (player 0) for 3.41
2026/09/30 21:20:37 combat turn=10 tick=3: 42 u11 (player 1, stamina 3) hits 12 u11 (player 0) for 1.80
2026/09/30 21:20:37 combat turn=10 tick=3: 46 u11 (player 1, stamina 3) hits 12 u11 (player 0) for 1.80
2026/09/30 21:20:37 combat turn=10 tick=3: 41 u11 (player 1, stamina 3) hits 12 u11 (player 0) for 1.80
2026/09/30 21:20:37 combat turn=10 tick=3: 53 u12 (player 1, stamina 3) hits 12 u11 (player 0) for 2.70
2026/09/30 21:20:37 combat turn=10 tick=3: 47 u12 (player 1, stamina 3) hits 12 u11 (player 0) for 2.70
2026/09/30 21:20:37 combat turn=10 tick=3: 52 u12 (player 1, stamina 3) hits 12 u11 (player 0) for 2.70
2026/09/30 21:20:37 combat turn=10 tick=3: 58 u13 (player 1, stamina 2) hits 12 u11 (player 0) for 3.41
2026/09/30 21:20:37 combat turn=10 tick=3: 59 u13 (player 1, stamina 2) hits 12 u11 (player 0) for 3.41
2026/09/30 21:20:37 combat turn=10 tick=3: 56 u13 (player 1, stamina 2) hits 12 u11 (player 0) for 3.41
2026/09/30 21:20:37 combat turn=10 tick=3: 60 u13 (player 1, stamina 2) hits 12 u11 (player 0) for 3.41
2026/09/30 21:20:37 combat turn=10 tick=3: 48 u12 (player 1, stamina 3) hits 12 u11 (player 0) for 2.70
2026/09/30 21:20:37 combat turn=10 tick=3: 57 u13 (player 1, stamina 2) hits 12 u11 (player 0) for 3.41
2026/09/30 21:20:37 state_hash turn=10 tick=3 hash=9e1e9feca35b92d3
2026/09/30 21:20:37 combat turn=10 tick=4: 14 u11 (player 0, stamina 3) hits 44 u11 (player 1) for 1.80
2026/09/30 21:20:37 combat turn=10 tick=4: 19 u12 (player 0, stamina 3) hits 41 u11 (player 1) for 2.70
2026/09/30 21:20:37 combat turn=10 tick=4: 22 u12 (player 0, stamina 3) hits 44 u11 (player 1) for 2.70
2026/09/30 21:20:37 combat turn=10 tick=4: 21 u12 (player 0, stamina 3) hits 43 u11 (player 1) for 2.70
2026/09/30 21:20:37 combat turn=10 tick=4: 13 u11 (player 0, stamina 3) hits 43 u11 (player 1) for 1.80
2026/09/30 21:20:37 combat turn=10 tick=4: 16 u11 (player 0, stamina 3) hits 46 u11 (player 1) for 1.80
2026/09/30 21:20:37 combat turn=10 tick=4: 18 u12 (player 0, stamina 3) hits 47 u12 (player 1) for 2.40
2026/09/30 21:20:37 combat turn=10 tick=4: 23 u12 (player 0, stamina 3) hits 45 u11 (player 1) for 2.70
2026/09/30 21:20:37 combat turn=10 tick=4: 24 u12 (player 0, stamina 3) hits 46 u11 (player 1) for 2.70
2026/09/30 21:20:37 combat turn=10 tick=4: 20 u12 (player 0, stamina 3) hits 42 u11 (player 1) for 2.70
2026/09/30 21:20:37 combat turn=10 tick=4: 15 u11 (player 0, stamina 3) hits 45 u11 (player 1) for 1.80
2026/09/30 21:20:37 combat turn=10 tick=4: 48 u12 (player 1, stamina 3) hits 13 u11 (player 0) for 2.70
2026/09/30 21:20:37 Moving unit 33 Blunt Infantry to zone(0, -1) in space (2, 0) tick=4
2026/09/30 21:20:37 combat turn=10 tick=4: 45 u11 (player 1, stamina 3) hits 13 u11 (player 0) for 1.80
2026/09/30 21:20:37 combat turn=10 tick=4: 49 u12 (player 1, stamina 3) hits 13 u11 (player 0) for 2.70
2026/09/30 21:20:37 combat turn=10 tick=4: 43 u11 (player 1, stamina 3) hits 13 u11 (player 0) for 1.80
2026/09/30 21:20:37 combat turn=10 tick=4: 44 u11 (player 1, stamina 3) hits 13 u11 (player 0) for 1.80
2026/09/30 21:20:37 combat turn=10 tick=4: 50 u12 (player 1, stamina 3) hits 13 u11 (player 0) for 2.70
2026/09/30 21:20:37 combat turn=10 tick=4: 54 u12 (player 1, stamina 3) hits 13 u11 (player 0) for 2.70
2026/09/30 21:20:37 combat turn=10 tick=4: 51 u12 (player 1, stamina 3) hits 13 u11 (player 0) for 2.70
2026/09/30 21:20:37 combat turn=10 tick=4: 42 u11 (player 1, stamina 3) hits 13 u11 (player 0) for 1.80
2026/09/30 21:20:37 combat turn=10 tick=4: 46 u11 (player 1, stamina 3) hits 13 u11 (player 0) for 1.80
2026/09/30 21:20:37 combat turn=10 tick=4: 41 u11 (player 1, stamina 3) hits 13 u11 (player 0) for 1.80
2026/09/30 21:20:37 combat turn=10 tick=4: 53 u12 (player 1, stamina 3) hits 13 u11 (player 0) for 2.70
2026/09/30 21:20:37 combat turn=10 tick=4: 47 u12 (player 1, stamina 3) hits 13 u11 (player 0) for 2.70
2026/09/30 21:20:37 combat turn=10 tick=4: 52 u12 (player 1, stamina 3) hits 13 u11 (player 0) for 2.70
2026/09/30 21:20:37 state_hash turn=10 tick=4 hash=d9f322b0d1278b22
2026/09/30 21:20:37 combat turn=10 tick=5: 16 u11 (player 0, stamina 3) hits 47 u12 (player 1) for 1.50
2026/09/30 21:20:37 combat turn=10 tick=5: 15 u11 (player 0, stamina 3) hits 47 u12 (player 1) for 1.50
2026/09/30 21:20:37 combat turn=10 tick=5: 14 u11 (player 0, stamina 3) hits 47 u12 (player 1) for 1.50
2026/09/30 21:20:37 Moving unit 33 Blunt Infantry to zone(0, 1) in space (2, -1) tick=5
2026/09/30 21:20:37 combat turn=10 tick=5: 41 u11 (player 1, stamina 3) hits 14 u11 (player 0) for 1.80
2026/09/30 21:20:37 state_hash turn=10 tick=5 hash=79575d5d4d50d08c
2026/09/30 21:20:37 Moving unit 33 Blunt Infantry to zone(0, 0) in space (2, -1) tick=6
2026/09/30 21:20:37 state_hash turn=10 tick=6 hash=3cb1b797269d7a78
2026/09/30 21:20:37 state_hash turn=10 tick=end hash=9a9cd7378e045256
2026/09/30 21:20:37 ai ai-1: new turn data {"buildings":[],"enemy_buildings":[],"enemy_units":[{"InternalID":14,"UnitID":11,"Type":2,"Kind":1,"Location":{"Space":{"X":0,"Y":3},"Zone":{"X":-1,"Y":0}},"CurrentStamina":15,"CurrentOrder":null,"Builds":[],"GarrisonedIn":null,"Stance":0,"InterruptCurrent":false,"AttackBack":false,"TargetPriority":"","ActiveOrders":null,"Health":9.2,"MaxHealth":11},{"InternalID":15,"UnitID":11,"Type":2,"Kind":1,"Location":{"Space":{"X":0,"Y":3},"Zone":{"X":-1,"Y":0}},"CurrentStamina":15,"CurrentOrder":null,"Builds":[],"GarrisonedIn":null,"Stance":0,"InterruptCurrent":false,"AttackBack":false,"TargetPriority":"","ActiveOrders":null,"Health":11,"MaxHealth":11},{"InternalID":16,"UnitID":11,"Type":2,"Kind":1,"Location":{"Space":{"X":0,"Y":3},"Zone":{"X":-1,"Y":0}},"CurrentStamina":15,"CurrentOrder":null,"Builds":[],"GarrisonedIn":null,"Stance":0,"InterruptCurrent":false,"AttackBack":false,"TargetPriority":"","ActiveOrders":null,"Health":11,"MaxHealth":11},{"InternalID":18,"UnitID":12,"Type":2,"Kind":1,"Location":{"Space":{"X":0,"Y":3},"Zone":{"X":-1,"Y":0}},"CurrentStamina":12,"CurrentOrder":null,"Builds":[],"GarrisonedIn":null,"Stance":0,"InterruptCurrent":false,"AttackBack":false,"TargetPriority":"","ActiveOrders":null,"Health":16,"MaxHealth":16},{"InternalID":19,"UnitID":12,"Type":2,"Kind":1,"Location":{"Space":{"X":0,"Y":3},"Zone":{"X":-1,"Y":0}},"CurrentStamina":12,"CurrentOrder":null,"Builds":[],"GarrisonedIn":null,"Stance":0,"InterruptCurrent":false,"AttackBack":false,"TargetPriority":"","ActiveOrders":null,"Health":16,"MaxHealth":16},{"InternalID":20,"UnitID":12,"Type":2,"Kind":1,"Location":{"Space":{"X":0,"Y":3},"Zone":{"X":-1,"Y":0}},"CurrentStamina":12,"CurrentOrder":null,"Builds":[],"GarrisonedIn":null,"Stance":0,"InterruptCurrent":false,"AttackBack":false,"TargetPriority":"","ActiveOrders":null,"Health":16,"MaxHealth":16},{"InternalID":21,"UnitID":12,"Type":2,"Kind":1,"Location":{"Space":{"X":0,"Y":3},"Zone":{"X":-1,"Y":0}},"CurrentStamina":12,"CurrentOrder":null,"Builds":[],"GarrisonedIn":null,"Stance":0,"InterruptCurrent":false,"AttackBack":false,"TargetPriority":"","ActiveOrders":null,"Health":16,"MaxHealth":16},{"InternalID":22,"UnitID":12,"Type":2,"Kind":1,"Location":{"Space":{"X":0,"Y":3},"Zone":{"X":-1,"Y":0}},"CurrentStamina":12,"CurrentOrder":null,"Builds":[],"GarrisonedIn":null,"Stance":0,"InterruptCurrent":false,"AttackBack":false,"TargetPriority":"","ActiveOrders":null,"Health":16,"MaxHealth":16},{"InternalID":23,"UnitID":12,"Type":2,"Kind":1,"Location":{"Space":{"X":0,"Y":3},"Zone":{"X":-1,"Y":0}},"CurrentStamina":12,"CurrentOrder":null,"Builds":[],"GarrisonedIn":null,"Stance":0,"InterruptCurrent":false,"AttackBack":false,"TargetPriority":"","ActiveOrders":null,"Health":16,"MaxHealth":16},{"InternalID":24,"UnitID":12,"Type":2,"Kind":1,"Location":{"Space":{"X":0,"Y":3},"Zone":{"X":-1,"Y":0}},"CurrentStamina":12,"CurrentOrder":null,"Builds":[],"GarrisonedIn":null,"Stance":0,"InterruptCurrent":false,"AttackBack":false,"TargetPriority":"","ActiveOrders":null,"Health":16,"MaxHealth":16}],"foundations":[],"population":{"current":16,"limit":0},"resources":{"food":200,"gold":30,"stone":100,"wood":200},"spaces":[{"Space":{"X":0,"Y":-4},"Vision":0,"Owner":-1},{"Space":{"X":1,"Y":-4},"Vision":0,"Owner":-1},{"Space":{"X":2,"Y":-4},"Vision":0,"Owner":-1},{"Space":{"X":3,"Y":-4},"Vision":0,"Owner":-1},{"Space":{"X":4,"Y":-4},"Vision":0,"Owner":-1},{"Space":{"X":-1,"Y":-3},"Vision":0,"Owner":-1},{"Space":{"X":0,"Y":-3},"Vision":0,"Owner":-1},{"Space":{"X":1,"Y":-3},"Vision":0,"Owner":-1},{"Space":{"X":2,"Y":-3},"Vision":0,"Owner":-1},{"Space":{"X":3,"Y":-3},"Vision":0,"Owner":-1},{"Space":{"X":4,"Y":-3},"Vision":0,"Owner":-1},{"Space":{"X":-2,"Y":-2},"Vision":0,"Owner":-1},{"Space":{"X":-1,"Y":-2},"Vision":0,"Owner":-1},{"Space":{"X":0,"Y":-2},"Vision":0,"Owner":-1},{"Space":{"X":1,"Y":-2},"Vision":0,"Owner":-1},{"Space":{"X":2,"Y":-2},"Vision":2,"Owner":-1},{"Space":{"X":3,"Y":-2},"Vision":2,"Owner":-1},{"Space":{"X":4,"Y":-2},"Vision":0,"Owner":-1},{"Space":{"X":-3,"Y":-1},"Vision":0,"Owner":-1},{"Space":{"X":-2,"Y":-1},"Vision":0,"Owner":-1},{"Space":{"X":-1,"Y":-1},"Vision":0,"Owner":-1},{"Space":{"X":0,"Y":-1},"Vision":0,"Owner":-1},{"Space":{"X":1,"Y":-1},"Vision":2,"Owner":-1},{"Space":{"X":2,"Y":-1},"Vision":3,"Owner":1},{"Space":{"X":3,"Y":-1},"Vision":2,"Owner":-1},{"Space":{"X":4,"Y":-1},"Vision":0,"Owner":-1},{"Space":{"X":-4,"Y":0},"Vision":0,"Owner":-1},{"Space":{"X":-3,"Y":0},"Vision":0,"Owner":-1},{"Space":{"X":-2,"Y":0},"Vision":1,"Owner":-1},{"Space":{"X":-1,"Y":0},"Vision":1,"Owner":-1},{"Space":{"X":0,"Y":0},"Vision":1,"Owner":-1},{"Space":{"X":1,"Y":0},"Vision":2,"Owner":-1},{"Space":{"X":2,"Y":0},"Vision":2,"Owner":-1},{"Space":{"X":3,"Y":0},"Vision":1,"Owner":-1},{"Space":{"X":4,"Y":0},"Vision":0,"Owner":-1},{"Space":{"X":-4,"Y":1},"Vision":0,"Owner":-1},{"Space":{"X":-3,"Y":1},"Vision":1,"Owner":-1},{"Space":{"X":-2,"Y":1},"Vision":1,"Owner":0},{"Space":{"X":-1,"Y":1},"Vision":1,"Owner":-1},{"Space":{"X":0,"Y":1},"Vision":1,"Owner":-1},{"Space":{"X":1,"Y":1},"Vision":1,"Owner":0},{"Space":{"X":2,"Y":1},"Vision":1,"Owner":0},{"Space":{"X":3,"Y":1},"Vision":1,"Owner":-1},{"Space":{"X":-4,"Y":2},"Vision":1,"Owner":0},{"Space":{"X":-3,"Y":2},"Vision":1,"Owner":-1},{"Space":{"X":-2,"Y":2},"Vision":1,"Owner":0},{"Space":{"X":-1,"Y":2},"Vision":1,"Owner":0},{"Space":{"X":0,"Y":2},"Vision":2,"Owner":-1},{"Space":{"X":1,"Y":2},"Vision":2,"Owner":0},{"Space":{"X":2,"Y":2},"Vision":1,"Owner":-1},{"Space":{"X":-4,"Y":3},"Vision":1,"Owner":0},{"Space":{"X":-3,"Y":3},"Vision":1,"Owner":-1},{"Space":{"X":-2,"Y":3},"Vision":1,"Owner":0},{"Space":{"X":-1,"Y":3},"Vision":3,"Owner":-1},{"Space":{"X":0,"Y":3},"Vision":3,"Owner":-1},{"Space":{"X":1,"Y":3},"Vision":2,"Owner":-1},{"Space":{"X":-4,"Y":4},"Vision":1,"Owner":-1},{"Space":{"X":-3,"Y":4},"Vision":1,"Owner":-1},{"Space":{"X":-2,"Y":4},"Vision":1,"Owner":-1},{"Space":{"X":-1,"Y":4},"Vision":2,"Owner":-1},{"Space":{"X":0,"Y":4},"Vision":2,"Owner":-1}],"units":[{"InternalID":33,"UnitID":11,"Type":2,"Kind":1,"Location":{"Space":{"X":2,"Y":-1},"Zone":{"X":0,"Y":0}},"CurrentStamina":21,"CurrentOrder":null,"Builds":[],"GarrisonedIn":null,"Stance":3,"InterruptCurrent":false,"AttackBack":true,"TargetPriority":"","ActiveOrders":null,"Health":11,"MaxHealth":11},{"InternalID":41,"UnitID":11,"Type":2,"Kind":1,"Location":{"Space":{"X":0,"Y":3},"Zone":{"X":-1,"Y":0}},"CurrentStamina":15,"CurrentOrder":{"Kind":4,"TargetZone":null,"TargetSpace":{"X":0,"Y":3},"TargetResource":null,"TargetUnit":null,"TargetBuilding":null},"Builds":[],"GarrisonedIn":null,"Stance":3,"InterruptCurrent":false,"AttackBack":true,"TargetPriority":"","ActiveOrders":[{"ID":273,"Kind":4}],"Health":1.1,"MaxHealth":11},{"InternalID":47,"UnitID":12,"Type":2,"Kind":1,"Location":{"Space":{"X":0,"Y":3},"Zone":{"X":-1,"Y":0}},"CurrentStamina":12,"CurrentOrder":{"Kind":4,"TargetZone":null,"TargetSpace":{"X":0,"Y":3},"TargetResource":null,"TargetUnit":null,"TargetBuilding":null},"Builds":[],"GarrisonedIn":null,"Stance":3,"InterruptCurrent":false,"AttackBack":true,"TargetPriority":"","ActiveOrders":[{"ID":276,"Kind":4}],"Health":4.3,"MaxHealth":16},{"InternalID":48,"UnitID":12,"Type":2,"Kind":1,"Location":{"Space":{"X":0,"Y":3},"Zone":{"X":-1,"Y":0}},"CurrentStamina":12,"CurrentOrder":{"Kind":4,"TargetZone":null,"TargetSpace":{"X":0,"Y":3},"TargetResource":null,"TargetUnit":null,"TargetBuilding":null},"Builds":[],"GarrisonedIn":null,"Stance":3,"InterruptCurrent":false,"AttackBack":true,"TargetPriority":"","ActiveOrders":[{"ID":283,"Kind":4}],"Health":16,"MaxHealth":16},{"InternalID":49,"UnitID":12,"Type":2,"Kind":1,"Location":{"Space":{"X":0,"Y":3},"Zone":{"X":-1,"Y":0}},"CurrentStamina":12,"CurrentOrder":{"Kind":4,"TargetZone":null,"TargetSpace":{"X":0,"Y":3},"TargetResource":null,"TargetUnit":null,"TargetBuilding":null},"Builds":[],"GarrisonedIn":null,"Stance":3,"InterruptCurrent":false,"AttackBack":true,"TargetPriority":"","ActiveOrders":[{"ID":260,"Kind":4}],"Health":16,"MaxHealth":16},{"InternalID":50,"UnitID":12,"Type":2,"Kind":1,"Location":{"Space":{"X":0,"Y":3},"Zone":{"X":-1,"Y":0}},"CurrentStamina":12,"CurrentOrder":{"Kind":4,"TargetZone":null,"TargetSpace":{"X":0,"Y":3},"TargetResource":null,"TargetUnit":null,"TargetBuilding":null},"Builds":[],"GarrisonedIn":null,"Stance":3,"InterruptCurrent":false,"AttackBack":true,"TargetPriority":"","ActiveOrders":[{"ID":263,"Kind":4}],"Health":16,"MaxHealth":16},{"InternalID":51,"UnitID":12,"Type":2,"Kind":1,"Location":{"Space":{"X":0,"Y":3},"Zone":{"X":-1,"Y":0}},"CurrentStamina":12,"CurrentOrder":{"Kind":4,"TargetZone":null,"TargetSpace":{"X":0,"Y":3},"TargetResource":null,"TargetUnit":null,"TargetBuilding":null},"Builds":[],"GarrisonedIn":null,"Stance":3,"InterruptCurrent":false,"AttackBack":true,"TargetPriority":"","ActiveOrders":[{"ID":265,"Kind":4}],"Health":16,"MaxHealth":16},{"InternalID":52,"UnitID":12,"Type":2,"Kind":1,"Location":{"Space":{"X":0,"Y":3},"Zone":{"X":-1,"Y":0}},"CurrentStamina":12,"CurrentOrder":{"Kind":4,"TargetZone":null,"TargetSpace":{"X":0,"Y":3},"TargetResource":null,"TargetUnit":null,"TargetBuilding":null},"Builds":[],"GarrisonedIn":null,"Stance":3,"InterruptCurrent":false,"AttackBack":true,"TargetPriority":"","ActiveOrders":[{"ID":277,"Kind":4}],"Health":16,"MaxHealth":16},{"InternalID":53,"UnitID":12,"Type":2,"Kind":1,"Location":{"Space":{"X":0,"Y":3},"Zone":{"X":-1,"Y":0}},"CurrentStamina":12,"CurrentOrder":{"Kind":4,"TargetZone":null,"TargetSpace":{"X":0,"Y":3},"TargetResource":null,"TargetUnit":null,"TargetBuilding":null},"Builds":[],"GarrisonedIn":null,"Stance":3,"InterruptCurrent":false,"AttackBack":true,"TargetPriority":"","ActiveOrders":[{"ID":274,"Kind":4}],"Health":16,"MaxHealth":16},{"InternalID":54,"UnitID":12,"Type":2,"Kind":1,"Location":{"Space":{"X":0,"Y":3},"Zone":{"X":-1,"Y":0}},"CurrentStamina":12,"CurrentOrder":{"Kind":4,"TargetZone":null,"TargetSpace":{"X":0,"Y":3},"TargetResource":null,"TargetUnit":null,"TargetBuilding":null},"Builds":[],"GarrisonedIn":null,"Stance":3,"InterruptCurrent":false,"AttackBack":true,"TargetPriority":"","ActiveOrders":[{"ID":264,"Kind":4}],"Health":16,"MaxHealth":16},{"InternalID":55,"UnitID":13,"Type":2,"Kind":1,"Location":{"Space":{"X":0,"Y":3},"Zone":{"X":-1,"Y":0}},"CurrentStamina":8,"CurrentOrder":{"Kind":4,"TargetZone":null,"TargetSpace":{"X":0,"Y":3},"TargetResource":null,"TargetUnit":null,"TargetBuilding":null},"Builds":[],"GarrisonedIn":null,"Stance":3,"InterruptCurrent":false,"AttackBack":true,"TargetPriority":"","ActiveOrders":[{"ID":266,"Kind":4}],"Health":50,"MaxHealth":50},{"InternalID":56,"UnitID":13,"Type":2,"Kind":1,"Location":{"Space":{"X":0,"Y":3},"Zone":{"X":-1,"Y":0}},"CurrentStamina":8,"CurrentOrder":{"Kind":4,"TargetZone":null,"TargetSpace":{"X":0,"Y":3},"TargetResource":null,"TargetUnit":null,"TargetBuilding":null},"Builds":[],"GarrisonedIn":null,"Stance":3,"InterruptCurrent":false,"AttackBack":true,"TargetPriority":"","ActiveOrders":[{"ID":281,"Kind":4}],"Health":50,"MaxHealth":50},{"InternalID":57,"UnitID":13,"Type":2,"Kind":1,"Location":{"Space":{"X":0,"Y":3},"Zone":{"X":-1,"Y":0}},"CurrentStamina":8,"CurrentOrder":{"Kind":4,"TargetZone":null,"TargetSpace":{"X":0,"Y":3},"TargetResource":null,"TargetUnit":null,"TargetBuilding":null},"Builds":[],"GarrisonedIn":null,"Stance":3,"InterruptCurrent":false,"AttackBack":true,"TargetPriority":"","ActiveOrders":[{"ID":284,"Kind":4}],"Health":50,"MaxHealth":50},{"InternalID":58,"UnitID":13,"Type":2,"Kind":1,"Location":{"Space":{"X":0,"Y":3},"Zone":{"X":-1,"Y":0}},"CurrentStamina":8,"CurrentOrder":{"Kind":4,"TargetZone":null,"TargetSpace":{"X":0,"Y":3},"TargetResource":null,"TargetUnit":null,"TargetBuilding":null},"Builds":[],"GarrisonedIn":null,"Stance":3,"InterruptCurrent":false,"AttackBack":true,"TargetPriority":"","ActiveOrders":[{"ID":278,"Kind":4}],"Health":50,"MaxHealth":50},{"InternalID":59,"UnitID":13,"Type":2,"Kind":1,"Location":{"Space":{"X":0,"Y":3},"Zone":{"X":-1,"Y":0}},"CurrentStamina":8,"CurrentOrder":{"Kind":4,"TargetZone":null,"TargetSpace":{"X":0,"Y":3},"TargetResource":null,"TargetUnit":null,"TargetBuilding":null},"Builds":[],"GarrisonedIn":null,"Stance":3,"InterruptCurrent":false,"AttackBack":true,"TargetPriority":"","ActiveOrders":[{"ID":279,"Kind":4}],"Health":50,"MaxHealth":50},{"InternalID":60,"UnitID":13,"Type":2,"Kind":1,"Location":{"Space":{"X":0,"Y":3},"Zone":{"X":-1,"Y":0}},"CurrentStamina":8,"CurrentOrder":{"Kind":4,"TargetZone":null,"TargetSpace":{"X":0,"Y":3},"TargetResource":null,"TargetUnit":null,"TargetBuilding":null},"Builds":[],"GarrisonedIn":null,"Stance":3,"InterruptCurrent":false,"AttackBack":true,"TargetPriority":"","ActiveOrders":[{"ID":282,"Kind":4}],"Health":50,"MaxHealth":50}]}
2026/09/30 21:20:37 ai ai-1: submitting orders [{Subjects:[33] OrderType:2 TargetID:10 ClearPreviousOrders:true}]
2026/09/30 21:20:37 ai ai-1: vars {}
2026/09/30 21:20:37 player action: submit-orders 0 2 map[orders:[{1 [33] 2 10 true}]]
2026/09/30 21:20:37 Executing submit orders for: 1 [{1 [33] 2 10 true}]
2026/09/30 21:20:37 ai ai-0: new turn data {"buildings":[],"enemy_buildings":[],"enemy_units":[{"InternalID":41,"UnitID":11,"Type":2,"Kind":1,"Location":{"Space":{"X":0,"Y":3},"Zone":{"X":-1,"Y":0}},"CurrentStamina":15,"CurrentOrder":null,"Builds":[],"GarrisonedIn":null,"Stance":0,"InterruptCurrent":false,"AttackBack":false,"TargetPriority":"","ActiveOrders":null,"Health":1.1,"MaxHealth":11},{"InternalID":47,"UnitID":12,"Type":2,"Kind":1,"Location":{"Space":{"X":0,"Y":3},"Zone":{"X":-1,"Y":0}},"CurrentStamina":12,"CurrentOrder":null,"Builds":[],"GarrisonedIn":null,"Stance":0,"InterruptCurrent":false,"AttackBack":false,"TargetPriority":"","ActiveOrders":null,"Health":4.3,"MaxHealth":16},{"InternalID":48,"UnitID":12,"Type":2,"Kind":1,"Location":{"Space":{"X":0,"Y":3},"Zone":{"X":-1,"Y":0}},"CurrentStamina":12,"CurrentOrder":null,"Builds":[],"GarrisonedIn":null,"Stance":0,"InterruptCurrent":false,"AttackBack":false,"TargetPriority":"","ActiveOrders":null,"Health":16,"MaxHealth":16},{"InternalID":49,"UnitID":12,"Type":2,"Kind":1,"Location":{"Space":{"X":0,"Y":3},"Zone":{"X":-1,"Y":0}},"CurrentStamina":12,"CurrentOrder":null,"Builds":[],"GarrisonedIn":null,"Stance":0,"InterruptCurrent":false,"AttackBack":false,"TargetPriority":"","ActiveOrders":null,"Health":16,"MaxHealth":16},{"InternalID":50,"UnitID":12,"Type":2,"Kind":1,"Location":{"Space":{"X":0,"Y":3},"Zone":{"X":-1,"Y":0}},"CurrentStamina":12,"CurrentOrder":null,"Builds":[],"GarrisonedIn":null,"Stance":0,"InterruptCurrent":false,"AttackBack":false,"TargetPriority":"","ActiveOrders":null,"Health":16,"MaxHealth":16},{"InternalID":51,"UnitID":12,"Type":2,"Kind":1,"Location":{"Space":{"X":0,"Y":3},"Zone":{"X":-1,"Y":0}},"CurrentStamina":12,"CurrentOrder":null,"Builds":[],"GarrisonedIn":null,"Stance":0,"InterruptCurrent":false,"AttackBack":false,"TargetPriority":"","ActiveOrders":null,"Health":16,"MaxHealth":16},{"InternalID":52,"UnitID":12,"Type":2,"Kind":1,"Location":{"Space":{"X":0,"Y":3},"Zone":{"X":-1,"Y":0}},"CurrentStamina":12,"CurrentOrder":null,"Builds":[],"GarrisonedIn":null,"Stance":0,"InterruptCurrent":false,"AttackBack":false,"TargetPriority":"","ActiveOrders":null,"Health":16,"MaxHealth":16},{"InternalID":53,"UnitID":12,"Type":2,"Kind":1,"Location":{"Space":{"X":0,"Y":3},"Zone":{"X":-1,"Y":0}},"CurrentStamina":12,"CurrentOrder":null,"Builds":[],"GarrisonedIn":null,"Stance":0,"InterruptCurrent":false,"AttackBack":false,"TargetPriority":"","ActiveOrders":null,"Health":16,"MaxHealth":16},{"InternalID":54,"UnitID":12,"Type":2,"Kind":1,"Location":{"Space":{"X":0,"Y":3},"Zone":{"X":-1,"Y":0}},"CurrentStamina":12,"CurrentOrder":null,"Builds":[],"GarrisonedIn":null,"Stance":0,"InterruptCurrent":false,"AttackBack":false,"TargetPriority":"","ActiveOrders":null,"Health":16,"MaxHealth":16},{"InternalID":55,"UnitID":13,"Type":2,"Kind":1,"Location":{"Space":{"X":0,"Y":3},"Zone":{"X":-1,"Y":0}},"CurrentStamina":8,"CurrentOrder":null,"Builds":[],"GarrisonedIn":null,"Stance":0,"InterruptCurrent":false,"AttackBack":false,"TargetPriority":"","ActiveOrders":null,"Health":50,"MaxHealth":50},{"InternalID":56,"UnitID":13,"Type":2,"Kind":1,"Location":{"Space":{"X":0,"Y":3},"Zone":{"X":-1,"Y":0}},"CurrentStamina":8,"CurrentOrder":null,"Builds":[],"GarrisonedIn":null,"Stance":0,"InterruptCurrent":false,"AttackBack":false,"TargetPriority":"","ActiveOrders":null,"Health":50,"MaxHealth":50},{"InternalID":57,"UnitID":13,"Type":2,"Kind":1,"Location":{"Space":{"X":0,"Y":3},"Zone":{"X":-1,"Y":0}},"CurrentStamina":8,"CurrentOrder":null,"Builds":[],"GarrisonedIn":null,"Stance":0,"InterruptCurrent":false,"AttackBack":false,"TargetPriority":"","ActiveOrders":null,"Health":50,"MaxHealth":50},{"InternalID":58,"UnitID":13,"Type":2,"Kind":1,"Location":{"Space":{"X":0,"Y":3},"Zone":{"X":-1,"Y":0}},"CurrentStamina":8,"CurrentOrder":null,"Builds":[],"GarrisonedIn":null,"Stance":0,"InterruptCurrent":false,"AttackBack":false,"TargetPriority":"","ActiveOrders":null,"Health":50,"MaxHealth":50},{"InternalID":59,"UnitID":13,"Type":2,"Kind":1,"Location":{"Space":{"X":0,"Y":3},"Zone":{"X":-1,"Y":0}},"CurrentStamina":8,"CurrentOrder":null,"Builds":[],"GarrisonedIn":null,"Stance":0,"InterruptCurrent":false,"AttackBack":false,"TargetPriority":"","ActiveOrders":null,"Health":50,"MaxHealth":50},{"InternalID":60,"UnitID":13,"Type":2,"Kind":1,"Location":{"Space":{"X":0,"Y":3},"Zone":{"X":-1,"Y":0}},"CurrentStamina":8,"CurrentOrder":null,"Builds":[],"GarrisonedIn":null,"Stance":0,"InterruptCurrent":false,"AttackBack":false,"TargetPriority":"","ActiveOrders":null,"Health":50,"MaxHealth":50}],"foundations":[],"population":{"current":20,"limit":0},"resources":{"food":200,"gold":110,"stone":100,"wood":200},"spaces":[{"Space":{"X":0,"Y":-4},"Vision":1,"Owner":-1},{"Space":{"X":1,"Y":-4},"Vision":1,"Owner":-1},{"Space":{"X":2,"Y":-4},"Vision":1,"Owner":-1},{"Space":{"X":3,"Y":-4},"Vision":1,"Owner":-1},{"Space":{"X":4,"Y":-4},"Vision":1,"Owner":-1},{"Space":{"X":-1,"Y":-3},"Vision":1,"Owner":-1},{"Space":{"X":0,"Y":-3},"Vision":1,"Owner":-1},{"Space":{"X":1,"Y":-3},"Vision":1,"Owner":-1},{"Space":{"X":2,"Y":-3},"Vision":1,"Owner":-1},{"Space":{"X":3,"Y":-3},"Vision":1,"Owner":-1},{"Space":{"X":4,"Y":-3},"Vision":1,"Owner":-1},{"Space":{"X":-2,"Y":-2},"Vision":1,"Owner":-1},{"Space":{"X":-1,"Y":-2},"Vision":1,"Owner":-1},{"Space":{"X":0,"Y":-2},"Vision":1,"Owner":-1},{"Space":{"X":1,"Y":-2},"Vision":1,"Owner":-1},{"Space":{"X":2,"Y":-2},"Vision":1,"Owner":-1},{"Space":{"X":3,"Y":-2},"Vision":1,"Owner":-1},{"Space":{"X":4,"Y":-2},"Vision":0,"Owner":-1},{"Space":{"X":-3,"Y":-1},"Vision":1,"Owner":-1},{"Space":{"X":-2,"Y":-1},"Vision":1,"Owner":-1},{"Space":{"X":-1,"Y":-1},"Vision":1,"Owner":-1},{"Space":{"X":0,"Y":-1},"Vision":1,"Owner":-1},{"Space":{"X":1,"Y":-1},"Vision":1,"Owner":-1},{"Space":{"X":2,"Y":-1},"Vision":1,"Owner":-1},{"Space":{"X":3,"Y":-1},"Vision":0,"Owner":-1},{"Space":{"X":4,"Y":-1},"Vision":0,"Owner":-1},{"Space":{"X":-4,"Y":0},"Vision":1,"Owner":-1},{"Space":{"X":-3,"Y":0},"Vision":1,"Owner":-1},{"Space":{"X":-2,"Y":0},"Vision":1,"Owner":-1},{"Space":{"X":-1,"Y":0},"Vision":1,"Owner":-1},{"Space":{"X":0,"Y":0},"Vision":1,"Owner":-1},{"Space":{"X":1,"Y":0},"Vision":2,"Owner":-1},{"Space":{"X":2,"Y":0},"Vision":2,"Owner":-1},{"Space":{"X":3,"Y":0},"Vision":2,"Owner":-1},{"Space":{"X":4,"Y":0},"Vision":0,"Owner":-1},{"Space":{"X":-4,"Y":1},"Vision":1,"Owner":-1},{"Space":{"X":-3,"Y":1},"Vision":1,"Owner":-1},{"Space":{"X":-2,"Y":1},"Vision":1,"Owner":-1},{"Space":{"X":-1,"Y":1},"Vision":2,"Owner":-1},{"Space":{"X":0,"Y":1},"Vision":2,"Owner":-1},{"Space":{"X":1,"Y":1},"Vision":3,"Owner":0},{"Space":{"X":2,"Y":1},"Vision":3,"Owner":0},{"Space":{"X":3,"Y":1},"Vision":2,"Owner":-1},{"Space":{"X":-4,"Y":2},"Vision":1,"Owner":-1},{"Space":{"X":-3,"Y":2},"Vision":1,"Owner":-1},{"Space":{"X":-2,"Y":2},"Vision":2,"Owner":-1},{"Space":{"X":-1,"Y":2},"Vision":3,"Owner":0},{"Space":{"X":0,"Y":2},"Vision":2,"Owner":-1},{"Space":{"X":1,"Y":2},"Vision":3,"Owner":0},{"Space":{"X":2,"Y":2},"Vision":2,"Owner":-1},{"Space":{"X":-4,"Y":3},"Vision":1,"Owner":-1},{"Space":{"X":-3,"Y":3},"Vision":1,"Owner":-1},{"Space":{"X":-2,"Y":3},"Vision":2,"Owner":-1},{"Space":{"X":-1,"Y":3},"Vision":3,"Owner":-1},{"Space":{"X":0,"Y":3},"Vision":3,"Owner":-1},{"Space":{"X":1,"Y":3},"Vision":2,"Owner":-1},{"Space":{"X":-4,"Y":4},"Vision":1,"Owner":-1},{"Space":{"X":-3,"Y":4},"Vision":1,"Owner":-1},{"Space":{"X":-2,"Y":4},"Vision":1,"Owner":-1},{"Space":{"X":-1,"Y":4},"Vision":2,"Owner":-1},{"Space":{"X":0,"Y":4},"Vision":2,"Owner":-1}],"units":[{"InternalID":2,"UnitID":11,"Type":2,"Kind":1,"Location":{"Space":{"X":2,"Y":1},"Zone":{"X":0,"Y":0}},"CurrentStamina":23,"CurrentOrder":null,"Builds":[],"GarrisonedIn":null,"Stance":3,"InterruptCurrent":true,"AttackBack":true,"TargetPriority":"","ActiveOrders":null,"Health":5.6,"MaxHealth":11},{"InternalID":4,"UnitID":11,"Type":2,"Kind":1,"Location":{"Space":{"X":1,"Y":2},"Zone":{"X":1,"Y":-1}},"CurrentStamina":23,"CurrentOrder":null,"Builds":[],"GarrisonedIn":null,"Stance":3,"InterruptCurrent":true,"AttackBack":true,"TargetPriority":"","ActiveOrders":null,"Health":11,"MaxHealth":11},{"InternalID":5,"UnitID":11,"Type":2,"Kind":1,"Location":{"Space":{"X":2,"Y":1},"Zone":{"X":-1,"Y":1}},"CurrentStamina":23,"CurrentOrder":null,"Builds":[],"GarrisonedIn":null,"Stance":3,"InterruptCurrent":true,"AttackBack":true,"TargetPriority":"","ActiveOrders":null,"Health":11,"MaxHealth":11},{"InternalID":6,"UnitID":11,"Type":2,"Kind":1,"Location":{"Space":{"X":1,"Y":1},"Zone":{"X":0,"Y":0}},"CurrentStamina":23,"CurrentOrder":null,"Builds":[],"GarrisonedIn":null,"Stance":3,"InterruptCurrent":false,"AttackBack":true,"TargetPriority":"","ActiveOrders":null,"Health":11,"MaxHealth":11},{"InternalID":14,"UnitID":11,"Type":2,"Kind":1,"Location":{"Space":{"X":0,"Y":3},"Zone":{"X":-1,"Y":0}},"CurrentStamina":15,"CurrentOrder":{"Kind":6,"TargetZone":null,"TargetSpace":null,"TargetResource":null,"TargetUnit":{"InternalID":47,"UnitID":12,"Type":2,"Kind":1,"Location":{"Space":{"X":0,"Y":3},"Zone":{"X":-1,"Y":0}},"CurrentStamina":12,"CurrentOrder":null,"Builds":[],"GarrisonedIn":null,"Stance":0,"InterruptCurrent":false,"AttackBack":false,"TargetPriority":"","ActiveOrders":null,"Health":4.3,"MaxHealth":16},"TargetBuilding":null},"Builds":[],"GarrisonedIn":null,"Stance":3,"InterruptCurrent":false,"AttackBack":true,"TargetPriority":"","ActiveOrders":[{"ID":350,"Kind":6},{"ID":351,"Kind":6}],"Health":9.2,"MaxHealth":11},{"InternalID":15,"UnitID":11,"Type":2,"Kind":1,"Location":{"Space":{"X":0,"Y":3},"Zone":{"X":-1,"Y":0}},"CurrentStamina":15,"CurrentOrder":{"Kind":6,"TargetZone":null,"TargetSpace":null,"TargetResource":null,"TargetUnit":{"InternalID":47,"UnitID":12,"Type":2,"Kind":1,"Location":{"Space":{"X":0,"Y":3},"Zone":{"X":-1,"Y":0}},"CurrentStamina":12,"CurrentOrder":null,"Builds":[],"GarrisonedIn":null,"Stance":0,"InterruptCurrent":false,"AttackBack":false,"TargetPriority":"","ActiveOrders":null,"Health":4.3,"MaxHealth":16},"TargetBuilding":null},"Builds":[],"GarrisonedIn":null,"Stance":3,"InterruptCurrent":false,"AttackBack":true,"TargetPriority":"","ActiveOrders":[{"ID":355,"Kind":6},{"ID":356,"Kind":6},{"ID":357,"Kind":6}],"Health":11,"MaxHealth":11},{"InternalID":16,"UnitID":11,"Type":2,"Kind":1,"Location":{"Space":{"X":0,"Y":3},"Zone":{"X":-1,"Y":0}},"CurrentStamina":15,"CurrentOrder":{"Kind":6,"TargetZone":null,"TargetSpace":null,"TargetResource":null,"TargetUnit":{"InternalID":47,"UnitID":12,"Type":2,"Kind":1,"Location":{"Space":{"X":0,"Y":3},"Zone":{"X":-1,"Y":0}},"CurrentStamina":12,"CurrentOrder":null,"Builds":[],"GarrisonedIn":null,"Stance":0,"InterruptCurrent":false,"AttackBack":false,"TargetPriority":"","ActiveOrders":null,"Health":4.3,"MaxHealth":16},"TargetBuilding":null},"Builds":[],"GarrisonedIn":null,"Stance":3,"InterruptCurrent":false,"AttackBack":true,"TargetPriority":"","ActiveOrders":[{"ID":360,"Kind":6},{"ID":361,"Kind":6},{"ID":362,"Kind":6},{"ID":363,"Kind":6}],"Health":11,"MaxHealth":11},{"InternalID":18,"UnitID":12,"Type":2,"Kind":1,"Location":{"Space":{"X":0,"Y":3},"Zone":{"X":-1,"Y":0}},"CurrentStamina":12,"CurrentOrder":{"Kind":6,"TargetZone":null,"TargetSpace":null,"TargetResource":null,"TargetUnit":{"InternalID":47,"UnitID":12,"Type":2,"Kind":1,"Location":{"Space":{"X":0,"Y":3},"Zone":{"X":-1,"Y":0}},"CurrentStamina":12,"CurrentOrder":null,"Builds":[],"GarrisonedIn":null,"Stance":0,"InterruptCurrent":false,"AttackBack":false,"TargetPriority":"","ActiveOrders":null,"Health":4.3,"MaxHealth":16},"TargetBuilding":null},"Builds":[],"GarrisonedIn":null,"Stance":3,"InterruptCurrent":false,"AttackBack":true,"TargetPriority":"","ActiveOrders":[{"ID":365,"Kind":6},{"ID":366,"Kind":6},{"ID":367,"Kind":6},{"ID":368,"Kind":6},{"ID":369,"Kind":6}],"Health":16,"MaxHealth":16},{"InternalID":19,"UnitID":12,"Type":2,"Kind":1,"Location":{"Space":{"X":0,"Y":3},"Zone":{"X":-1,"Y":0}},"CurrentStamina":12,"CurrentOrder":{"Kind":6,"TargetZone":null,"TargetSpace":null,"TargetResource":null,"TargetUnit":{"InternalID":41,"UnitID":11,"Type":2,"Kind":1,"Location":{"Space":{"X":0,"Y":3},"Zone":{"X":-1,"Y":0}},"CurrentStamina":15,"CurrentOrder":null,"Builds":[],"GarrisonedIn":null,"Stance":0,"InterruptCurrent":false,"AttackBack":false,"TargetPriority":"","ActiveOrders":null,"Health":1.1,"MaxHealth":11},"TargetBuilding":null},"Builds":[],"GarrisonedIn":null,"Stance":3,"InterruptCurrent":false,"AttackBack":true,"TargetPriority":"","ActiveOrders":[{"ID":371,"Kind":6},{"ID":372,"Kind":6},{"ID":373,"Kind":6},{"ID":374,"Kind":6},{"ID":375,"Kind":6}],"Health":16,"MaxHealth":16},{"InternalID":20,"UnitID":12,"Type":2,"Kind":1,"Location":{"Space":{"X":0,"Y":3},"Zone":{"X":-1,"Y":0}},"CurrentStamina":12,"CurrentOrder":{"Kind":4,"TargetZone":null,"TargetSpace":{"X":0,"Y":3},"TargetResource":null,"TargetUnit":null,"TargetBuilding":null},"Builds":[],"GarrisonedIn":null,"Stance":3,"InterruptCurrent":false,"AttackBack":true,"TargetPriority":"","ActiveOrders":[{"ID":407,"Kind":4}],"Health":16,"MaxHealth":16},{"InternalID":21,"UnitID":12,"Type":2,"Kind":1,"Location":{"Space":{"X":0,"Y":3},"Zone":{"X":-1,"Y":0}},"CurrentStamina":12,"CurrentOrder":{"Kind":6,"TargetZone":null,"TargetSpace":null,"TargetResource":null,"TargetUnit":{"InternalID":47,"UnitID":12,"Type":2,"Kind":1,"Location":{"Space":{"X":0,"Y":3},"Zone":{"X":-1,"Y":0}},"CurrentStamina":12,"CurrentOrder":null,"Builds":[],"GarrisonedIn":null,"Stance":0,"InterruptCurrent":false,"AttackBack":false,"TargetPriority":"","ActiveOrders":null,"Health":4.3,"MaxHealth":16},"TargetBuilding":null},"Builds":[],"GarrisonedIn":null,"Stance":3,"InterruptCurrent":false,"AttackBack":true,"TargetPriority":"","ActiveOrders":[{"ID":387,"Kind":6}],"Health":16,"MaxHealth":16},{"InternalID":22,"UnitID":12,"Type":2,"Kind":1,"Location":{"Space":{"X":0,"Y":3},"Zone":{"X":-1,"Y":0}},"CurrentStamina":12,"CurrentOrder":{"Kind":6,"TargetZone":null,"TargetSpace":null,"TargetResource":null,"TargetUnit":{"InternalID":47,"UnitID":12,"Type":2,"Kind":1,"Location":{"Space":{"X":0,"Y":3},"Zone":{"X":-1,"Y":0}},"CurrentStamina":12,"CurrentOrder":null,"Builds":[],"GarrisonedIn":null,"Stance":0,"InterruptCurrent":false,"AttackBack":false,"TargetPriority":"","ActiveOrders":null,"Health":4.3,"MaxHealth":16},"TargetBuilding":null},"Builds":[],"GarrisonedIn":null,"Stance":3,"InterruptCurrent":false,"AttackBack":true,"TargetPriority":"","ActiveOrders":[{"ID":392,"Kind":6},{"ID":393,"Kind":6}],"Health":16,"MaxHealth":16},{"InternalID":23,"UnitID":12,"Type":2,"Kind":1,"Location":{"Space":{"X":0,"Y":3},"Zone":{"X":-1,"Y":0}},"CurrentStamina":12,"CurrentOrder":{"Kind":6,"TargetZone":null,"TargetSpace":null,"TargetResource":null,"TargetUnit":{"InternalID":47,"UnitID":12,"Type":2,"Kind":1,"Location":{"Space":{"X":0,"Y":3},"Zone":{"X":-1,"Y":0}},"CurrentStamina":12,"CurrentOrder":null,"Builds":[],"GarrisonedIn":null,"Stance":0,"InterruptCurrent":false,"AttackBack":false,"TargetPriority":"","ActiveOrders":null,"Health":4.3,"MaxHealth":16},"TargetBuilding":null},"Builds":[],"GarrisonedIn":null,"Stance":3,"InterruptCurrent":false,"AttackBack":true,"TargetPriority":"","ActiveOrders":[{"ID":397,"Kind":6},{"ID":398,"Kind":6},{"ID":399,"Kind":6}],"Health":16,"MaxHealth":16},{"InternalID":24,"UnitID":12,"Type":2,"Kind":1,"Location":{"Space":{"X":0,"Y":3},"Zone":{"X":-1,"Y":0}},"CurrentStamina":12,"CurrentOrder":{"Kind":6,"TargetZone":null,"TargetSpace":null,"TargetResource":null,"TargetUnit":{"InternalID":47,"UnitID":12,"Type":2,"Kind":1,"Location":{"Space":{"X":0,"Y":3},"Zone":{"X":-1,"Y":0}},"CurrentStamina":12,"CurrentOrder":null,"Builds":[],"GarrisonedIn":null,"Stance":0,"InterruptCurrent":false,"AttackBack":false,"TargetPriority":"","ActiveOrders":null,"Health":4.3,"MaxHealth":16},"TargetBuilding":null},"Builds":[],"GarrisonedIn":null,"Stance":3,"InterruptCurrent":false,"AttackBack":true,"TargetPriority":"","ActiveOrders":[{"ID":402,"Kind":6},{"ID":403,"Kind":6},{"ID":404,"Kind":6},{"ID":405,"Kind":6}],"Health":16,"MaxHealth":16},{"InternalID":25,"UnitID":13,"Type":2,"Kind":1,"Location":{"Space":{"X":-1,"Y":2},"Zone":{"X":0,"Y":1}},"CurrentStamina":11,"CurrentOrder":{"Kind":0,"TargetZone":{"Space":{"X":0,"Y":3},"Zone":{"X":-1,"Y":0}},"TargetSpace":null,"TargetResource":null,"TargetUnit":null,"TargetBuilding":null},"Builds":[],"GarrisonedIn":null,"Stance":3,"InterruptCurrent":true,"AttackBack":true,"TargetPriority":"","ActiveOrders":[{"ID":316,"Kind":0}],"Health":47.8571,"MaxHealth":50},{"InternalID":26,"UnitID":13,"Type":2,"Kind":1,"Location":{"Space":{"X":-1,"Y":2},"Zone":{"X":0,"Y":1}},"CurrentStamina":11,"CurrentOrder":{"Kind":0,"TargetZone":{"Space":{"X":0,"Y":3},"Zone":{"X":-1,"Y":0}},"TargetSpace":null,"TargetResource":null,"TargetUnit":null,"TargetBuilding":null},"Builds":[],"GarrisonedIn":null,"Stance":3,"InterruptCurrent":true,"AttackBack":true,"TargetPriority":"","ActiveOrders":[{"ID":317,"Kind":0}],"Health":50,"MaxHealth":50},{"InternalID":27,"UnitID":13,"Type":2,"Kind":1,"Location":{"Space":{"X":-1,"Y":2},"Zone":{"X":0,"Y":1}},"CurrentStamina":11,"CurrentOrder":{"Kind":0,"TargetZone":{"Space":{"X":0,"Y":3},"Zone":{"X":-1,"Y":0}},"TargetSpace":null,"TargetResource":null,"TargetUnit":null,"TargetBuilding":null},"Builds":[],"GarrisonedIn":null,"Stance":3,"InterruptCurrent":true,"AttackBack":true,"TargetPriority":"","ActiveOrders":[{"ID":318,"Kind":0}],"Health":50,"MaxHealth":50},{"InternalID":28,"UnitID":13,"Type":2,"Kind":1,"Location":{"Space":{"X":-1,"Y":2},"Zone":{"X":0,"Y":1}},"CurrentStamina":11,"CurrentOrder":{"Kind":0,"TargetZone":{"Space":{"X":0,"Y":3},"Zone":{"X":-1,"Y":0}},"TargetSpace":null,"TargetResource":null,"TargetUnit":null,"TargetBuilding":null},"Builds":[],"GarrisonedIn":null,"Stance":3,"InterruptCurrent":true,"AttackBack":true,"TargetPriority":"","ActiveOrders":[{"ID":319,"Kind":0}],"Health":50,"MaxHealth":50},{"InternalID":29,"UnitID":13,"Type":2,"Kind":1,"Location":{"Space":{"X":-1,"Y":2},"Zone":{"X":0,"Y":1}},"CurrentStamina":11,"CurrentOrder":{"Kind":0,"TargetZone":{"Space":{"X":0,"Y":3},"Zone":{"X":-1,"Y":0}},"TargetSpace":null,"TargetResource":null,"TargetUnit":null,"TargetBuilding":null},"Builds":[],"GarrisonedIn":null,"Stance":3,"InterruptCurrent":true,"AttackBack":true,"TargetPriority":"","ActiveOrders":[{"ID":320,"Kind":0}],"Health":50,"MaxHealth":50},{"InternalID":30,"UnitID":13,"Type":2,"Kind":1,"Location":{"Space":{"X":-1,"Y":2},"Zone":{"X":0,"Y":1}},"CurrentStamina":11,"CurrentOrder":{"Kind":0,"TargetZone":{"Space":{"X":0,"Y":3},"Zone":{"X":-1,"Y":0}},"TargetSpace":null,"TargetResource":null,"TargetUnit":null,"TargetBuilding":null},"Builds":[],"GarrisonedIn":null,"Stance":3,"InterruptCurrent":true,"AttackBack":true,"TargetPriority":"","ActiveOrders":[{"ID":321,"Kind":0}],"Health":50,"MaxHealth":50}]}
2026/09/30 21:20:37 ai ai-0: submitting orders [{Subjects:[6] OrderType:2 TargetID:1711 ClearPreviousOrders:true} {Subjects:[2] OrderType:2 TargetID:1711 ClearPreviousOrders:true} {Subjects:[4] OrderType:2 TargetID:1711 ClearPreviousOrders:true} {Subjects:[5] OrderType:2 TargetID:1711 ClearPreviousOrders:true} {Subjects:[2] OrderType:9 TargetID:41 ClearPreviousOrders:true} {Subjects:[4] OrderType:9 TargetID:41 ClearPreviousOrders:true} {Subjects:[5] OrderType:9 TargetID:41 ClearPreviousOrders:true} {Subjects:[6] OrderType:9 TargetID:41 ClearPreviousOrders:true} {Subjects:[14] OrderType:9 TargetID:41 ClearPreviousOrders:true} {Subjects:[15] OrderType:9 TargetID:41 ClearPreviousOrders:true} {Subjects:[16] OrderType:9 TargetID:41 ClearPreviousOrders:true} {Subjects:[18] OrderType:9 TargetID:41 ClearPreviousOrders:true} {Subjects:[19] OrderType:9 TargetID:41 ClearPreviousOrders:true} {Subjects:[20] OrderType:9 TargetID:41 ClearPreviousOrders:true} {Subjects:[21] OrderType:9 TargetID:41 ClearPreviousOrders:true} {Subjects:[22] OrderType:9 TargetID:41 ClearPreviousOrders:true} {Subjects:[23] OrderType:9 TargetID:41 ClearPreviousOrders:true} {Subjects:[24] OrderType:9 TargetID:41 ClearPreviousOrders:true} {Subjects:[25] OrderType:9 TargetID:41 ClearPreviousOrders:true} {Subjects:[26] OrderType:9 TargetID:41 ClearPreviousOrders:true} {Subjects:[27] OrderType:9 TargetID:41 ClearPreviousOrders:true} {Subjects:[28] OrderType:9 TargetID:41 ClearPreviousOrders:true} {Subjects:[29] OrderType:9 TargetID:41 ClearPreviousOrders:true} {Subjects:[30] OrderType:9 TargetID:41 ClearPreviousOrders:true} {Subjects:[14] OrderType:9 TargetID:41 ClearPreviousOrders:true} {Subjects:[14] OrderType:9 TargetID:47 ClearPreviousOrders:false} {Subjects:[14] OrderType:9 TargetID:48 ClearPreviousOrders:false} {Subjects:[14] OrderType:9 TargetID:49 ClearPreviousOrders:false} {Subjects:[14] OrderType:9 TargetID:50 ClearPreviousOrders:false} {Subjects:[14] OrderType:9 TargetID:51 ClearPreviousOrders:false} {Subjects:[15] OrderType:9 TargetID:47 ClearPreviousOrders:true} {Subjects:[15] OrderType:9 TargetID:48 ClearPreviousOrders:false} {Subjects:[15] OrderType:9 TargetID:49 ClearPreviousOrders:false} {Subjects:[15] OrderType:9 TargetID:50 ClearPreviousOrders:false} {Subjects:[15] OrderType:9 TargetID:51 ClearPreviousOrders:false} {Subjects:[15] OrderType:9 TargetID:52 ClearPreviousOrders:false} {Subjects:[16] OrderType:9 TargetID:47 ClearPreviousOrders:true} {Subjects:[16] OrderType:9 TargetID:49 ClearPreviousOrders:false} {Subjects:[16] OrderType:9 TargetID:50 ClearPreviousOrders:false} {Subjects:[16] OrderType:9 TargetID:51 ClearPreviousOrders:false} {Subjects:[16] OrderType:9 TargetID:52 ClearPreviousOrders:false} {Subjects:[16] OrderType:9 TargetID:53 ClearPreviousOrders:false} {Subjects:[18] OrderType:9 TargetID:47 ClearPreviousOrders:true} {Subjects:[18] OrderType:9 TargetID:50 ClearPreviousOrders:false} {Subjects:[18] OrderType:9 TargetID:51 ClearPreviousOrders:false} {Subjects:[18] OrderType:9 TargetID:52 ClearPreviousOrders:false} {Subjects:[18] OrderType:9 TargetID:53 ClearPreviousOrders:false} {Subjects:[18] OrderType:9 TargetID:54 ClearPreviousOrders:false} {Subjects:[19] OrderType:9 TargetID:48 ClearPreviousOrders:true} {Subjects:[19] OrderType:9 TargetID:49 ClearPreviousOrders:false} {Subjects:[19] OrderType:9 TargetID:50 ClearPreviousOrders:false} {Subjects:[19] OrderType:9 TargetID:51 ClearPreviousOrders:false} {Subjects:[19] OrderType:9 TargetID:52 ClearPreviousOrders:false} {Subjects:[19] OrderType:9 TargetID:53 ClearPreviousOrders:false} {Subjects:[20] OrderType:9 TargetID:48 ClearPreviousOrders:true} {Subjects:[20] OrderType:9 TargetID:50 ClearPreviousOrders:false} {Subjects:[20] OrderType:9 TargetID:51 ClearPreviousOrders:false} {Subjects:[20] OrderType:9 TargetID:52 ClearPreviousOrders:false} {Subjects:[20] OrderType:9 TargetID:53 ClearPreviousOrders:false} {Subjects:[20] OrderType:9 TargetID:54 ClearPreviousOrders:false} {Subjects:[21] OrderType:9 TargetID:48 ClearPreviousOrders:true} {Subjects:[21] OrderType:9 TargetID:51 ClearPreviousOrders:false} {Subjects:[21] OrderType:9 TargetID:52 ClearPreviousOrders:false} {Subjects:[21] OrderType:9 TargetID:53 ClearPreviousOrders:false} {Subjects:[21] OrderType:9 TargetID:54 ClearPreviousOrders:false} {Subjects:[21] OrderType:9 TargetID:55 ClearPreviousOrders:false} {Subjects:[22] OrderType:9 TargetID:48 ClearPreviousOrders:true} {Subjects:[22] OrderType:9 TargetID:52 ClearPreviousOrders:false} {Subjects:[22] OrderType:9 TargetID:53 ClearPreviousOrders:false} {Subjects:[22] OrderType:9 TargetID:54 ClearPreviousOrders:false} {Subjects:[22] OrderType:9 TargetID:55 ClearPreviousOrders:false} {Subjects:[22] OrderType:9 TargetID:56 ClearPreviousOrders:false} {Subjects:[23] OrderType:9 TargetID:48 ClearPreviousOrders:true} {Subjects:[23] OrderType:9 TargetID:53 ClearPreviousOrders:false} {Subjects:[23] OrderType:9 TargetID:54 ClearPreviousOrders:false} {Subjects:[23] OrderType:9 TargetID:55 ClearPreviousOrders:false} {Subjects:[23] OrderType:9 TargetID:56 ClearPreviousOrders:false} {Subjects:[23] OrderType:9 TargetID:57 ClearPreviousOrders:false} {Subjects:[24] OrderType:9 TargetID:48 ClearPreviousOrders:true} {Subjects:[24] OrderType:9 TargetID:54 ClearPreviousOrders:false} {Subjects:[24] OrderType:9 TargetID:55 ClearPreviousOrders:false} {Subjects:[24] OrderType:9 TargetID:56 ClearPreviousOrders:false} {Subjects:[24] OrderType:9 TargetID:57 ClearPreviousOrders:false} {Subjects:[24] OrderType:9 TargetID:58 ClearPreviousOrders:false}]
2026/09/30 21:20:37 ai ai-0: vars {"B":7,"Hv":6,"Pi":7,"aPowLocal":0,"aThreat":0,"a_engaged":0,"a_odds":1.3,"a_outnumbered":0,"army_target":50,"army_value":2340,"assault":0,"bank_rate":28,"bar_barracks":0.17072129748186085,"bar_redoubt":1.1111111111111112,"barracks":0,"barracks_B":0,"barracks_P":0,"barracks_save":0,"barracks_spend":78.1,"barracks_want":0,"buffer_food":70,"buffer_gold":0,"buffer_stone":0,"buffer_wood":70,"builders":0,"committed":0,"eB":14.099999999999998,"eGrowth":0,"eH":6,"eMil":28.099999999999998,"eP":8,"ePow":54.099999999999994,"ePowEst":51.765559999999994,"ePowSeen":51.765559999999994,"eTech":1,"eV":0,"es":29.099999999999998,"farm_want":0,"farm_wood_short":0,"farming":0,"fire_barracks":0,"fire_farm0":0,"fire_farm1":0,"fire_farm2":0,"fire_house":0,"fire_outpost":0,"fire_redoubt":0,"fire_smith":0,"fire_vc":0,"food_need":0,"food_over":0,"food_rate":0,"food_slots":1000,"food_workers":0,"free_room":30,"go":0,"gold_income":8,"gold_need":0,"gold_rate":0,"gold_surplus":110,"guaranteed":0,"guard_home":0,"headroom":-20,"hire_B":5923.076923076923,"hire_P":9307.692307692307,"homePow":0,"house_builders":0,"house_urgency":0,"house_want":0,"income_proj":0,"left":0,"lf_food":0,"lf_gold":0,"lf_stone":0,"lf_wood":0,"lump_food":0,"lump_gold":0,"lump_stone":0,"lump_wood":0,"maturity":0,"mil":20,"myTech":1,"n_barracks":0,"n_redoubts":0,"needB":22.117343976476842,"needP":7.882656023523156,"outpost_want":0,"pikes":0,"planned_food":0,"planned_gold":0,"planned_stone":0,"planned_wood":0,"prod_rate":0,"proj_army":2340,"raid_danger":41,"raid_fails":0,"raid_lost":0,"raid_pause":0,"raid_prev":3,"raid_size":3,"raid_wiped":0,"rate":6,"redoubt_H":0,"redoubt_gold_ok":1,"redoubt_save":0,"redoubt_spend":30,"redoubt_want":0,"redoubts":0,"rf_food":0,"rf_gold":0,"rf_stone":0,"rf_wood":0,"sB4":1.27134073301691,"sP4":0.453107827853318,"scale_l":0,"scale_r":0,"shareH":0.5066262174676672,"smith_want":0,"smiths":0,"spare":0,"spare_food":0.5,"stone_need":0,"stone_rate":0,"tH":36,"target_spend":400,"tech_food":50,"tech_gold":0,"tech_stone":0,"tech_wood":50,"threat_home":0,"turns_left":-200,"u_barracks":0.17688176582465195,"u_redoubt":0.47285113630315606,"unit_spend":120,"vB":1.0618556701030928,"vH":1.0903780068728521,"vP":0.8204467353951891,"vc_want":0,"vcs":0,"vil_goal":50,"vil_rate":0,"vil_stamina":8,"vil_want":0,"vil_want_last":0,"vil_worth_now":0.6,"vils":0,"w_food":0,"w_gold":0,"w_stone":0,"w_wood":0,"wild_workers":0,"wood_need":0,"wood_rate":0,"workers":0}
2026/09/30 21:20:37 player action: set-unit-behavior 0 1 map[internal_ids:[14 15 16 18 19 20 21 22 23 24] interrupt_current:true]
2026/09/30 21:20:37 player action: submit-orders 0 1 map[orders:[{0 [6] 2 1711 true} {0 [2] 2 1711 true} {0 [4] 2 1711 true} {0 [5] 2 1711 true} {0 [2] 9 41 true} {0 [4] 9 41 true} {0 [5] 9 41 true} {0 [6] 9 41 true} {0 [14] 9 41 true} {0 [15] 9 41 true} {0 [16] 9 41 true} {0 [18] 9 41 true} {0 [19] 9 41 true} {0 [20] 9 41 true} {0 [21] 9 41 true} {0 [22] 9 41 true} {0 [23] 9 41 true} {0 [24] 9 41 true} {0 [25] 9 41 true} {0 [26] 9 41 true} {0 [27] 9 41 true} {0 [28] 9 41 true} {0 [29] 9 41 true} {0 [30] 9 41 true} {0 [14] 9 41 true} {0 [14] 9 47 false} {0 [14] 9 48 false} {0 [14] 9 49 false} {0 [14] 9 50 false} {0 [14] 9 51 false} {0 [15] 9 47 true} {0 [15] 9 48 false} {0 [15] 9 49 false} {0 [15] 9 50 false} {0 [15] 9 51 false} {0 [15] 9 52 false} {0 [16] 9 47 true} {0 [16] 9 49 false} {0 [16] 9 50 false} {0 [16] 9 51 false} {0 [16] 9 52 false} {0 [16] 9 53 false} {0 [18] 9 47 true} {0 [18] 9 50 false} {0 [18] 9 51 false} {0 [18] 9 52 false} {0 [18] 9 53 false} {0 [18] 9 54 false} {0 [19] 9 48 true} {0 [19] 9 49 false} {0 [19] 9 50 false} {0 [19] 9 51 false} {0 [19] 9 52 false} {0 [19] 9 53 false} {0 [20] 9 48 true} {0 [20] 9 50 false} {0 [20] 9 51 false} {0 [20] 9 52 false} {0 [20] 9 53 false} {0 [20] 9 54 false} {0 [21] 9 48 true} {0 [21] 9 51 false} {0 [21] 9 52 false} {0 [21] 9 53 false} {0 [21] 9 54 false} {0 [21] 9 55 false} {0 [22] 9 48 true} {0 [22] 9 52 false} {0 [22] 9 53 false} {0 [22] 9 54 false} {0 [22] 9 55 false} {0 [22] 9 56 false} {0 [23] 9 48 true} {0 [23] 9 53 false} {0 [23] 9 54 false} {0 [23] 9 55 false} {0 [23] 9 56 false} {0 [23] 9 57 false} {0 [24] 9 48 true} {0 [24] 9 54 false} {0 [24] 9 55 false} {0 [24] 9 56 false} {0 [24] 9 57 false} {0 [24] 9 58 false}]]
2026/09/30 21:20:37 Executing submit orders for: 0 [{0 [6] 2 1711 true} {0 [2] 2 1711 true} {0 [4] 2 1711 true} {0 [5] 2 1711 true} {0 [2] 9 41 true} {0 [4] 9 41 true} {0 [5] 9 41 true} {0 [6] 9 41 true} {0 [14] 9 41 true} {0 [15] 9 41 true} {0 [16] 9 41 true} {0 [18] 9 41 true} {0 [19] 9 41 true} {0 [20] 9 41 true} {0 [21] 9 41 true} {0 [22] 9 41 true} {0 [23] 9 41 true} {0 [24] 9 41 true} {0 [25] 9 41 true} {0 [26] 9 41 true} {0 [27] 9 41 true} {0 [28] 9 41 true} {0 [29] 9 41 true} {0 [30] 9 41 true} {0 [14] 9 41 true} {0 [14] 9 47 false} {0 [14] 9 48 false} {0 [14] 9 49 false} {0 [14] 9 50 false} {0 [14] 9 51 false} {0 [15] 9 47 true} {0 [15] 9 48 false} {0 [15] 9 49 false} {0 [15] 9 50 false} {0 [15] 9 51 false} {0 [15] 9 52 false} {0 [16] 9 47 true} {0 [16] 9 49 false} {0 [16] 9 50 false} {0 [16] 9 51 false} {0 [16] 9 52 false} {0 [16] 9 53 false} {0 [18] 9 47 true} {0 [18] 9 50 false} {0 [18] 9 51 false} {0 [18] 9 52 false} {0 [18] 9 53 false} {0 [18] 9 54 false} {0 [19] 9 48 true} {0 [19] 9 49 false} {0 [19] 9 50 false} {0 [19] 9 51 false} {0 [19] 9 52 false} {0 [19] 9 53 false} {0 [20] 9 48 true} {0 [20] 9 50 false} {0 [20] 9 51 false} {0 [20] 9 52 false} {0 [20] 9 53 false} {0 [20] 9 54 false} {0 [21] 9 48 true} {0 [21] 9 51 false} {0 [21] 9 52 false} {0 [21] 9 53 false} {0 [21] 9 54 false} {0 [21] 9 55 false} {0 [22] 9 48 true} {0 [22] 9 52 false} {0 [22] 9 53 false} {0 [22] 9 54 false} {0 [22] 9 55 false} {0 [22] 9 56 false} {0 [23] 9 48 true} {0 [23] 9 53 false} {0 [23] 9 54 false} {0 [23] 9 55 false} {0 [23] 9 56 false} {0 [23] 9 57 false} {0 [24] 9 48 true} {0 [24] 9 54 false} {0 [24] 9 55 false} {0 [24] 9 56 false} {0 [24] 9 57 false} {0 [24] 9 58 false}]
2026/09/30 21:20:37 Resolving active orders
2026/09/30 21:20:37 Moving unit 30 Heavy Infantry to zone(0, -1) in space (-1, 3) tick=1
2026/09/30 21:20:37 Moving unit 5 Blunt Infantry to zone(1, -1) in space (1, 2) tick=1
2026/09/30 21:20:37 combat turn=11 tick=1: 18 u12 (player 0, stamina 3) hits 41 u11 (player 1) for 2.70
2026/09/30 21:20:37 combat turn=11 tick=1: 23 u12 (player 0, stamina 3) hits 41 u11 (player 1) for 2.70
2026/09/30 21:20:37 Moving unit 25 Heavy Infantry to zone(0, -1) in space (-1, 3) tick=1
2026/09/30 21:20:37 Moving unit 26 Heavy Infantry to zone(0, -1) in space (-1, 3) tick=1
2026/09/30 21:20:37 Moving unit 28 Heavy Infantry to zone(0, -1) in space (-1, 3) tick=1
2026/09/30 21:20:37 Moving unit 6 Blunt Infantry to zone(-1, 1) in space (1, 1) tick=1
2026/09/30 21:20:37 combat turn=11 tick=1: 24 u12 (player 0, stamina 3) hits 41 u11 (player 1) for 2.70
2026/09/30 21:20:37 Moving unit 27 Heavy Infantry to zone(0, -1) in space (-1, 3) tick=1
2026/09/30 21:20:37 Moving unit 2 Blunt Infantry to zone(-1, 1) in space (2, 1) tick=1
2026/09/30 21:20:37 combat turn=11 tick=1: 20 u12 (player 0, stamina 3) hits 41 u11 (player 1) for 2.70
2026/09/30 21:20:37 Moving unit 4 Blunt Infantry to zone(0, 0) in space (1, 2) tick=1
2026/09/30 21:20:37 combat turn=11 tick=1: 15 u11 (player 0, stamina 3) hits 41 u11 (player 1) for 1.80
2026/09/30 21:20:37 combat turn=11 tick=1: 14 u11 (player 0, stamina 3) hits 41 u11 (player 1) for 1.80
2026/09/30 21:20:37 combat turn=11 tick=1: 19 u12 (player 0, stamina 3) hits 41 u11 (player 1) for 2.70
2026/09/30 21:20:37 combat turn=11 tick=1: 22 u12 (player 0, stamina 3) hits 41 u11 (player 1) for 2.70
2026/09/30 21:20:37 Moving unit 29 Heavy Infantry to zone(0, -1) in space (-1, 3) tick=1
2026/09/30 21:20:37 combat turn=11 tick=1: 21 u12 (player 0, stamina 3) hits 41 u11 (player 1) for 2.70
2026/09/30 21:20:37 combat turn=11 tick=1: 16 u11 (player 0, stamina 3) hits 41 u11 (player 1) for 1.80
2026/09/30 21:20:37 combat turn=11 tick=1: 48 u12 (player 1, stamina 3) hits 14 u11 (player 0) for 2.70
2026/09/30 21:20:37 combat turn=11 tick=1: 57 u13 (player 1, stamina 3) hits 14 u11 (player 0) for 5.12
2026/09/30 21:20:37 Moving unit 33 Blunt Infantry to zone(-1, 0) in space (2, -1) tick=1
2026/09/30 21:20:37 combat turn=11 tick=1: 49 u12 (player 1, stamina 3) hits 14 u11 (player 0) for 2.70
2026/09/30 21:20:37 combat turn=11 tick=1: 50 u12 (player 1, stamina 3) hits 14 u11 (player 0) for 2.70
2026/09/30 21:20:37 combat turn=11 tick=1: 54 u12 (player 1, stamina 3) hits 14 u11 (player 0) for 2.70
2026/09/30 21:20:37 combat turn=11 tick=1: 51 u12 (player 1, stamina 3) hits 14 u11 (player 0) for 2.70
2026/09/30 21:20:37 combat turn=11 tick=1: 55 u13 (player 1, stamina 3) hits 14 u11 (player 0) for 5.12
2026/09/30 21:20:37 combat turn=11 tick=1: 41 u11 (player 1, stamina 3) hits 14 u11 (player 0) for 1.80
2026/09/30 21:20:37 combat turn=11 tick=1: 53 u12 (player 1, stamina 3) hits 14 u11 (player 0) for 2.70
2026/09/30 21:20:37 combat turn=11 tick=1: 47 u12 (player 1, stamina 3) hits 14 u11 (player 0) for 2.70
2026/09/30 21:20:37 combat turn=11 tick=1: 52 u12 (player 1, stamina 3) hits 14 u11 (player 0) for 2.70
2026/09/30 21:20:37 combat turn=11 tick=1: 58 u13 (player 1, stamina 3) hits 14 u11 (player 0) for 5.12
2026/09/30 21:20:37 combat turn=11 tick=1: 59 u13 (player 1, stamina 3) hits 14 u11 (player 0) for 5.12
2026/09/30 21:20:37 combat turn=11 tick=1: 56 u13 (player 1, stamina 3) hits 14 u11 (player 0) for 5.12
2026/09/30 21:20:37 combat turn=11 tick=1: 60 u13 (player 1, stamina 3) hits 14 u11 (player 0) for 5.12
2026/09/30 21:20:37 state_hash turn=11 tick=1 hash=c6e399f6462ae49d
2026/09/30 21:20:37 combat turn=11 tick=2: 24 u12 (player 0, stamina 3) hits 47 u12 (player 1) for 2.40
2026/09/30 21:20:37 combat turn=11 tick=2: 20 u12 (player 0, stamina 3) hits 47 u12 (player 1) for 2.40
2026/09/30 21:20:37 combat turn=11 tick=2: 15 u11 (player 0, stamina 3) hits 47 u12 (player 1) for 1.50
2026/09/30 21:20:37 combat turn=11 tick=2: 19 u12 (player 0, stamina 3) hits 47 u12 (player 1) for 2.40
2026/09/30 21:20:37 combat turn=11 tick=2: 22 u12 (player 0, stamina 3) hits 47 u12 (player 1) for 2.40
2026/09/30 21:20:37 combat turn=11 tick=2: 21 u12 (player 0, stamina 3) hits 47 u12 (player 1) for 2.40
2026/09/30 21:20:37 combat turn=11 tick=2: 16 u11 (player 0, stamina 3) hits 47 u12 (player 1) for 1.50
2026/09/30 21:20:37 combat turn=11 tick=2: 18 u12 (player 0, stamina 3) hits 47 u12 (player 1) for 2.40
2026/09/30 21:20:37 combat turn=11 tick=2: 23 u12 (player 0, stamina 3) hits 47 u12 (player 1) for 2.40
2026/09/30 21:20:37 combat turn=11 tick=2: 47 u12 (player 1, stamina 3) hits 15 u11 (player 0) for 2.70
2026/09/30 21:20:37 combat turn=11 tick=2: 52 u12 (player 1, stamina 3) hits 15 u11 (player 0) for 2.70
2026/09/30 21:20:37 combat turn=11 tick=2: 58 u13 (player 1, stamina 3) hits 15 u11 (player 0) for 5.12
2026/09/30 21:20:37 combat turn=11 tick=2: 59 u13 (player 1, stamina 3) hits 15 u11 (player 0) for 5.12
2026/09/30 21:20:37 combat turn=11 tick=2: 56 u13 (player 1, stamina 3) hits 15 u11 (player 0) for 5.12
2026/09/30 21:20:37 combat turn=11 tick=2: 60 u13 (player 1, stamina 3) hits 15 u11 (player 0) for 5.12
2026/09/30 21:20:37 combat turn=11 tick=2: 48 u12 (player 1, stamina 3) hits 15 u11 (player 0) for 2.70
2026/09/30 21:20:37 combat turn=11 tick=2: 57 u13 (player 1, stamina 3) hits 15 u11 (player 0) for 5.12
2026/09/30 21:20:37 Moving unit 33 Blunt Infantry to zone(1, 0) in space (1, -1) tick=2
2026/09/30 21:20:37 combat turn=11 tick=2: 49 u12 (player 1, stamina 3) hits 15 u11 (player 0) for 2.70
2026/09/30 21:20:37 combat turn=11 tick=2: 50 u12 (player 1, stamina 3) hits 15 u11 (player 0) for 2.70
2026/09/30 21:20:37 combat turn=11 tick=2: 54 u12 (player 1, stamina 3) hits 15 u11 (player 0) for 2.70
2026/09/30 21:20:37 combat turn=11 tick=2: 51 u12 (player 1, stamina 3) hits 15 u11 (player 0) for 2.70
2026/09/30 21:20:37 combat turn=11 tick=2: 55 u13 (player 1, stamina 3) hits 15 u11 (player 0) for 5.12
2026/09/30 21:20:37 combat turn=11 tick=2: 53 u12 (player 1, stamina 3) hits 15 u11 (player 0) for 2.70
2026/09/30 21:20:37 state_hash turn=11 tick=2 hash=bfcfbedd35ca94e0
2026/09/30 21:20:37 combat turn=11 tick=3: 18 u12 (player 0, stamina 3) hits 48 u12 (player 1) for 2.40
2026/09/30 21:20:37 combat turn=11 tick=3: 23 u12 (player 0, stamina 3) hits 48 u12 (player 1) for 2.40
2026/09/30 21:20:37 combat turn=11 tick=3: 24 u12 (player 0, stamina 3) hits 48 u12 (player 1) for 2.40
2026/09/30 21:20:37 combat turn=11 tick=3: 20 u12 (player 0, stamina 3) hits 48 u12 (player 1) for 2.40
2026/09/30 21:20:37 combat turn=11 tick=3: 19 u12 (player 0, stamina 3) hits 48 u12 (player 1) for 2.40
2026/09/30 21:20:37 combat turn=11 tick=3: 22 u12 (player 0, stamina 3) hits 48 u12 (player 1) for 2.40
2026/09/30 21:20:37 combat turn=11 tick=3: 21 u12 (player 0, stamina 3) hits 48 u12 (player 1) for 2.40
2026/09/30 21:20:37 combat turn=11 tick=3: 16 u11 (player 0, stamina 3) hits 48 u12 (player 1) for 1.50
2026/09/30 21:20:37 combat turn=11 tick=3: 48 u12 (player 1, stamina 3) hits 16 u11 (player 0) for 2.70
2026/09/30 21:20:37 combat turn=11 tick=3: 57 u13 (player 1, stamina 2) hits 16 u11 (player 0) for 3.41
2026/09/30 21:20:37 Moving unit 33 Blunt Infantry to zone(0, 0) in space (1, -1) tick=3
2026/09/30 21:20:37 combat turn=11 tick=3: 49 u12 (player 1, stamina 3) hits 16 u11 (player 0) for 2.70
2026/09/30 21:20:37 combat turn=11 tick=3: 50 u12 (player 1, stamina 3) hits 16 u11 (player 0) for 2.70
2026/09/30 21:20:37 combat turn=11 tick=3: 54 u12 (player 1, stamina 3) hits 16 u11 (player 0) for 2.70
2026/09/30 21:20:37 combat turn=11 tick=3: 51 u12 (player 1, stamina 3) hits 16 u11 (player 0) for 2.70
2026/09/30 21:20:37 combat turn=11 tick=3: 55 u13 (player 1, stamina 2) hits 16 u11 (player 0) for 3.41
2026/09/30 21:20:37 combat turn=11 tick=3: 53 u12 (player 1, stamina 3) hits 16 u11 (player 0) for 2.70
2026/09/30 21:20:37 combat turn=11 tick=3: 52 u12 (player 1, stamina 3) hits 16 u11 (player 0) for 2.70
2026/09/30 21:20:37 combat turn=11 tick=3: 58 u13 (player 1, stamina 2) hits 16 u11 (player 0) for 3.41
2026/09/30 21:20:37 combat turn=11 tick=3: 59 u13 (player 1, stamina 2) hits 16 u11 (player 0) for 3.41
2026/09/30 21:20:37 combat turn=11 tick=3: 56 u13 (player 1, stamina 2) hits 16 u11 (player 0) for 3.41
2026/09/30 21:20:37 combat turn=11 tick=3: 60 u13 (player 1, stamina 2) hits 16 u11 (player 0) for 3.41
2026/09/30 21:20:37 state_hash turn=11 tick=3 hash=a15f3f793eb1b5e3
2026/09/30 21:20:37 combat turn=11 tick=4: 19 u12 (player 0, stamina 3) hits 49 u12 (player 1) for 2.40
2026/09/30 21:20:37 combat turn=11 tick=4: 22 u12 (player 0, stamina 3) hits 49 u12 (player 1) for 2.40
2026/09/30 21:20:37 combat turn=11 tick=4: 21 u12 (player 0, stamina 3) hits 49 u12 (player 1) for 2.40
2026/09/30 21:20:37 combat turn=11 tick=4: 18 u12 (player 0, stamina 3) hits 49 u12 (player 1) for 2.40
2026/09/30 21:20:37 combat turn=11 tick=4: 23 u12 (player 0, stamina 3) hits 49 u12 (player 1) for 2.40
2026/09/30 21:20:37 combat turn=11 tick=4: 24 u12 (player 0, stamina 3) hits 49 u12 (player 1) for 2.40
2026/09/30 21:20:37 combat turn=11 tick=4: 20 u12 (player 0, stamina 3) hits 49 u12 (player 1) for 2.40
2026/09/30 21:20:37 Moving unit 33 Blunt Infantry to zone(-1, 0) in space (1, -1) tick=4
2026/09/30 21:20:37 combat turn=11 tick=4: 49 u12 (player 1, stamina 3) hits 18 u12 (player 0) for 2.40
2026/09/30 21:20:37 combat turn=11 tick=4: 50 u12 (player 1, stamina 3) hits 18 u12 (player 0) for 2.40
2026/09/30 21:20:37 combat turn=11 tick=4: 54 u12 (player 1, stamina 3) hits 18 u12 (player 0) for 2.40
2026/09/30 21:20:37 combat turn=11 tick=4: 51 u12 (player 1, stamina 3) hits 18 u12 (player 0) for 2.40
2026/09/30 21:20:37 combat turn=11 tick=4: 53 u12 (player 1, stamina 3) hits 18 u12 (player 0) for 2.40
2026/09/30 21:20:37 combat turn=11 tick=4: 52 u12 (player 1, stamina 3) hits 18 u12 (player 0) for 2.40
2026/09/30 21:20:37 state_hash turn=11 tick=4 hash=7d9fba94ab0f1131
2026/09/30 21:20:37 Moving unit 33 Blunt Infantry to zone(1, 0) in space (0, -1) tick=5
2026/09/30 21:20:37 state_hash turn=11 tick=5 hash=f48881875aa0d2e1
2026/09/30 21:20:37 Moving unit 33 Blunt Infantry to zone(0, 0) in space (0, -1) tick=6
2026/09/30 21:20:37 state_hash turn=11 tick=6 hash=d6731967298cd7be
2026/09/30 21:20:37 state_hash turn=11 tick=end hash=8dc6a6872488d34a
2026/09/30 21:20:37 ai ai-1: new turn data {"buildings":[],"enemy_buildings":[],"enemy_units":[{"InternalID":18,"UnitID":12,"Type":2,"Kind":1,"Location":{"Space":{"X":0,"Y":3},"Zone":{"X":-1,"Y":0}},"CurrentStamina":12,"CurrentOrder":null,"Builds":[],"GarrisonedIn":null,"Stance":0,"InterruptCurrent":false,"AttackBack":false,"TargetPriority":"","ActiveOrders":null,"Health":1.6,"MaxHealth":16},{"InternalID":19,"UnitID":12,"Type":2,"Kind":1,"Location":{"Space":{"X":0,"Y":3},"Zone":{"X":-1,"Y":0}},"CurrentStamina":12,"CurrentOrder":null,"Builds":[],"GarrisonedIn":null,"Stance":0,"InterruptCurrent":false,"AttackBack":false,"TargetPriority":"","ActiveOrders":null,"Health":16,"MaxHealth":16},{"InternalID":20,"UnitID":12,"Type":2,"Kind":1,"Location":{"Space":{"X":0,"Y":3},"Zone":{"X":-1,"Y":0}},"CurrentStamina":12,"CurrentOrder":null,"Builds":[],"GarrisonedIn":null,"Stance":0,"InterruptCurrent":false,"AttackBack":false,"TargetPriority":"","ActiveOrders":null,"Health":16,"MaxHealth":16},{"InternalID":21,"UnitID":12,"Type":2,"Kind":1,"Location":{"Space":{"X":0,"Y":3},"Zone":{"X":-1,"Y":0}},"CurrentStamina":12,"CurrentOrder":null,"Builds":[],"GarrisonedIn":null,"Stance":0,"InterruptCurrent":false,"AttackBack":false,"TargetPriority":"","ActiveOrders":null,"Health":16,"MaxHealth":16},{"InternalID":22,"UnitID":12,"Type":2,"Kind":1,"Location":{"Space":{"X":0,"Y":3},"Zone":{"X":-1,"Y":0}},"CurrentStamina":12,"CurrentOrder":null,"Builds":[],"GarrisonedIn":null,"Stance":0,"InterruptCurrent":false,"AttackBack":false,"TargetPriority":"","ActiveOrders":null,"Health":16,"MaxHealth":16},{"InternalID":23,"UnitID":12,"Type":2,"Kind":1,"Location":{"Space":{"X":0,"Y":3},"Zone":{"X":-1,"Y":0}},"CurrentStamina":12,"CurrentOrder":null,"Builds":[],"GarrisonedIn":null,"Stance":0,"InterruptCurrent":false,"AttackBack":false,"TargetPriority":"","ActiveOrders":null,"Health":16,"MaxHealth":16},{"InternalID":24,"UnitID":12,"Type":2,"Kind":1,"Location":{"Space":{"X":0,"Y":3},"Zone":{"X":-1,"Y":0}},"CurrentStamina":12,"CurrentOrder":null,"Builds":[],"GarrisonedIn":null,"Stance":0,"InterruptCurrent":false,"AttackBack":false,"TargetPriority":"","ActiveOrders":null,"Health":16,"MaxHealth":16},{"InternalID":25,"UnitID":13,"Type":2,"Kind":1,"Location":{"Space":{"X":-1,"Y":3},"Zone":{"X":0,"Y":-1}},"CurrentStamina":12,"CurrentOrder":null,"Builds":[],"GarrisonedIn":null,"Stance":0,"InterruptCurrent":false,"AttackBack":false,"TargetPriority":"","ActiveOrders":null,"Health":47.8571,"MaxHealth":50},{"InternalID":26,"UnitID":13,"Type":2,"Kind":1,"Location":{"Space":{"X":-1,"Y":3},"Zone":{"X":0,"Y":-1}},"CurrentStamina":12,"CurrentOrder":null,"Builds":[],"GarrisonedIn":null,"Stance":0,"InterruptCurrent":false,"AttackBack":false,"TargetPriority":"","ActiveOrders":null,"Health":50,"MaxHealth":50},{"InternalID":27,"UnitID":13,"Type":2,"Kind":1,"Location":{"Space":{"X":-1,"Y":3},"Zone":{"X":0,"Y":-1}},"CurrentStamina":12,"CurrentOrder":null,"Builds":[],"GarrisonedIn":null,"Stance":0,"InterruptCurrent":false,"AttackBack":false,"TargetPriority":"","ActiveOrders":null,"Health":50,"MaxHealth":50},{"InternalID":28,"UnitID":13,"Type":2,"Kind":1,"Location":{"Space":{"X":-1,"Y":3},"Zone":{"X":0,"Y":-1}},"CurrentStamina":12,"CurrentOrder":null,"Builds":[],"GarrisonedIn":null,"Stance":0,"InterruptCurrent":false,"AttackBack":false,"TargetPriority":"","ActiveOrders":null,"Health":50,"MaxHealth":50},{"InternalID":29,"UnitID":13,"Type":2,"Kind":1,"Location":{"Space":{"X":-1,"Y":3},"Zone":{"X":0,"Y":-1}},"CurrentStamina":12,"CurrentOrder":null,"Builds":[],"GarrisonedIn":null,"Stance":0,"InterruptCurrent":false,"AttackBack":false,"TargetPriority":"","ActiveOrders":null,"Health":50,"MaxHealth":50},{"InternalID":30,"UnitID":13,"Type":2,"Kind":1,"Location":{"Space":{"X":-1,"Y":3},"Zone":{"X":0,"Y":-1}},"CurrentStamina":12,"CurrentOrder":null,"Builds":[],"GarrisonedIn":null,"Stance":0,"InterruptCurrent":false,"AttackBack":false,"TargetPriority":"","ActiveOrders":null,"Health":50,"MaxHealth":50}],"foundations":[],"population":{"current":12,"limit":0},"resources":{"food":200,"gold":32,"stone":100,"wood":200},"spaces":[{"Space":{"X":0,"Y":-4},"Vision":0,"Owner":-1},{"Space":{"X":1,"Y":-4},"Vision":0,"Owner":-1},{"Space":{"X":2,"Y":-4},"Vision":0,"Owner":-1},{"Space":{"X":3,"Y":-4},"Vision":0,"Owner":-1},{"Space":{"X":4,"Y":-4},"Vision":0,"Owner":-1},{"Space":{"X":-1,"Y":-3},"Vision":0,"Owner":-1},{"Space":{"X":0,"Y":-3},"Vision":0,"Owner":-1},{"Space":{"X":1,"Y":-3},"Vision":0,"Owner":-1},{"Space":{"X":2,"Y":-3},"Vision":0,"Owner":-1},{"Space":{"X":3,"Y":-3},"Vision":0,"Owner":-1},{"Space":{"X":4,"Y":-3},"Vision":0,"Owner":-1},{"Space":{"X":-2,"Y":-2},"Vision":0,"Owner":-1},{"Space":{"X":-1,"Y":-2},"Vision":0,"Owner":-1},{"Space":{"X":0,"Y":-2},"Vision":2,"Owner":-1},{"Space":{"X":1,"Y":-2},"Vision":2,"Owner":-1},{"Space":{"X":2,"Y":-2},"Vision":1,"Owner":-1},{"Space":{"X":3,"Y":-2},"Vision":1,"Owner":-1},{"Space":{"X":4,"Y":-2},"Vision":0,"Owner":-1},{"Space":{"X":-3,"Y":-1},"Vision":0,"Owner":-1},{"Space":{"X":-2,"Y":-1},"Vision":0,"Owner":-1},{"Space":{"X":-1,"Y":-1},"Vision":2,"Owner":-1},{"Space":{"X":0,"Y":-1},"Vision":3,"Owner":1},{"Space":{"X":1,"Y":-1},"Vision":2,"Owner":-1},{"Space":{"X":2,"Y":-1},"Vision":1,"Owner":-1},{"Space":{"X":3,"Y":-1},"Vision":1,"Owner":-1},{"Space":{"X":4,"Y":-1},"Vision":0,"Owner":-1},{"Space":{"X":-4,"Y":0},"Vision":0,"Owner":-1},{"Space":{"X":-3,"Y":0},"Vision":0,"Owner":-1},{"Space":{"X":-2,"Y":0},"Vision":1,"Owner":-1},{"Space":{"X":-1,"Y":0},"Vision":2,"Owner":-1},{"Space":{"X":0,"Y":0},"Vision":2,"Owner":-1},{"Space":{"X":1,"Y":0},"Vision":1,"Owner":-1},{"Space":{"X":2,"Y":0},"Vision":1,"Owner":-1},{"Space":{"X":3,"Y":0},"Vision":1,"Owner":-1},{"Space":{"X":4,"Y":0},"Vision":0,"Owner":-1},{"Space":{"X":-4,"Y":1},"Vision":0,"Owner":-1},{"Space":{"X":-3,"Y":1},"Vision":1,"Owner":-1},{"Space":{"X":-2,"Y":1},"Vision":1,"Owner":0},{"Space":{"X":-1,"Y":1},"Vision":1,"Owner":-1},{"Space":{"X":0,"Y":1},"Vision":1,"Owner":-1},{"Space":{"X":1,"Y":1},"Vision":1,"Owner":0},{"Space":{"X":2,"Y":1},"Vision":1,"Owner":0},{"Space":{"X":3,"Y":1},"Vision":1,"Owner":-1},{"Space":{"X":-4,"Y":2},"Vision":1,"Owner":0},{"Space":{"X":-3,"Y":2},"Vision":1,"Owner":-1},{"Space":{"X":-2,"Y":2},"Vision":1,"Owner":0},{"Space":{"X":-1,"Y":2},"Vision":1,"Owner":0},{"Space":{"X":0,"Y":2},"Vision":2,"Owner":-1},{"Space":{"X":1,"Y":2},"Vision":2,"Owner":0},{"Space":{"X":2,"Y":2},"Vision":1,"Owner":-1},{"Space":{"X":-4,"Y":3},"Vision":1,"Owner":0},{"Space":{"X":-3,"Y":3},"Vision":1,"Owner":-1},{"Space":{"X":-2,"Y":3},"Vision":1,"Owner":0},{"Space":{"X":-1,"Y":3},"Vision":3,"Owner":0},{"Space":{"X":0,"Y":3},"Vision":3,"Owner":-1},{"Space":{"X":1,"Y":3},"Vision":2,"Owner":-1},{"Space":{"X":-4,"Y":4},"Vision":1,"Owner":-1},{"Space":{"X":-3,"Y":4},"Vision":1,"Owner":-1},{"Space":{"X":-2,"Y":4},"Vision":1,"Owner":-1},{"Space":{"X":-1,"Y":4},"Vision":2,"Owner":-1},{"Space":{"X":0,"Y":4},"Vision":2,"Owner":-1}],"units":[{"InternalID":33,"UnitID":11,"Type":2,"Kind":1,"Location":{"Space":{"X":0,"Y":-1},"Zone":{"X":0,"Y":0}},"CurrentStamina":20,"CurrentOrder":null,"Builds":[],"GarrisonedIn":null,"Stance":3,"InterruptCurrent":false,"AttackBack":true,"TargetPriority":"","ActiveOrders":null,"Health":11,"MaxHealth":11},{"InternalID":50,"UnitID":12,"Type":2,"Kind":1,"Location":{"Space":{"X":0,"Y":3},"Zone":{"X":-1,"Y":0}},"CurrentStamina":12,"CurrentOrder":{"Kind":4,"TargetZone":null,"TargetSpace":{"X":0,"Y":3},"TargetResource":null,"TargetUnit":null,"TargetBuilding":null},"Builds":[],"GarrisonedIn":null,"Stance":3,"InterruptCurrent":false,"AttackBack":true,"TargetPriority":"","ActiveOrders":[{"ID":263,"Kind":4}],"Health":16,"MaxHealth":16},{"InternalID":51,"UnitID":12,"Type":2,"Kind":1,"Location":{"Space":{"X":0,"Y":3},"Zone":{"X":-1,"Y":0}},"CurrentStamina":12,"CurrentOrder":{"Kind":4,"TargetZone":null,"TargetSpace":{"X":0,"Y":3},"TargetResource":null,"TargetUnit":null,"TargetBuilding":null},"Builds":[],"GarrisonedIn":null,"Stance":3,"InterruptCurrent":false,"AttackBack":true,"TargetPriority":"","ActiveOrders":[{"ID":265,"Kind":4}],"Health":16,"MaxHealth":16},{"InternalID":52,"UnitID":12,"Type":2,"Kind":1,"Location":{"Space":{"X":0,"Y":3},"Zone":{"X":-1,"Y":0}},"CurrentStamina":12,"CurrentOrder":{"Kind":4,"TargetZone":null,"TargetSpace":{"X":0,"Y":3},"TargetResource":null,"TargetUnit":null,"TargetBuilding":null},"Builds":[],"GarrisonedIn":null,"Stance":3,"InterruptCurrent":false,"AttackBack":true,"TargetPriority":"","ActiveOrders":[{"ID":277,"Kind":4}],"Health":16,"MaxHealth":16},{"InternalID":53,"UnitID":12,"Type":2,"Kind":1,"Location":{"Space":{"X":0,"Y":3},"Zone":{"X":-1,"Y":0}},"CurrentStamina":12,"CurrentOrder":{"Kind":4,"TargetZone":null,"TargetSpace":{"X":0,"Y":3},"TargetResource":null,"TargetUnit":null,"TargetBuilding":null},"Builds":[],"GarrisonedIn":null,"Stance":3,"InterruptCurrent":false,"AttackBack":true,"TargetPriority":"","ActiveOrders":[{"ID":274,"Kind":4}],"Health":16,"MaxHealth":16},{"InternalID":54,"UnitID":12,"Type":2,"Kind":1,"Location":{"Space":{"X":0,"Y":3},"Zone":{"X":-1,"Y":0}},"CurrentStamina":12,"CurrentOrder":{"Kind":4,"TargetZone":null,"TargetSpace":{"X":0,"Y":3},"TargetResource":null,"TargetUnit":null,"TargetBuilding":null},"Builds":[],"GarrisonedIn":null,"Stance":3,"InterruptCurrent":false,"AttackBack":true,"TargetPriority":"","ActiveOrders":[{"ID":264,"Kind":4}],"Health":16,"MaxHealth":16},{"InternalID":55,"UnitID":13,"Type":2,"Kind":1,"Location":{"Space":{"X":0,"Y":3},"Zone":{"X":-1,"Y":0}},"CurrentStamina":8,"CurrentOrder":{"Kind":4,"TargetZone":null,"TargetSpace":{"X":0,"Y":3},"TargetResource":null,"TargetUnit":null,"TargetBuilding":null},"Builds":[],"GarrisonedIn":null,"Stance":3,"InterruptCurrent":false,"AttackBack":true,"TargetPriority":"","ActiveOrders":[{"ID":266,"Kind":4}],"Health":50,"MaxHealth":50},{"InternalID":56,"UnitID":13,"Type":2,"Kind":1,"Location":{"Space":{"X":0,"Y":3},"Zone":{"X":-1,"Y":0}},"CurrentStamina":8,"CurrentOrder":{"Kind":4,"TargetZone":null,"TargetSpace":{"X":0,"Y":3},"TargetResource":null,"TargetUnit":null,"TargetBuilding":null},"Builds":[],"GarrisonedIn":null,"Stance":3,"InterruptCurrent":false,"AttackBack":true,"TargetPriority":"","ActiveOrders":[{"ID":281,"Kind":4}],"Health":50,"MaxHealth":50},{"InternalID":57,"UnitID":13,"Type":2,"Kind":1,"Location":{"Space":{"X":0,"Y":3},"Zone":{"X":-1,"Y":0}},"CurrentStamina":8,"CurrentOrder":{"Kind":4,"TargetZone":null,"TargetSpace":{"X":0,"Y":3},"TargetResource":null,"TargetUnit":null,"TargetBuilding":null},"Builds":[],"GarrisonedIn":null,"Stance":3,"InterruptCurrent":false,"AttackBack":true,"TargetPriority":"","ActiveOrders":[{"ID":284,"Kind":4}],"Health":50,"MaxHealth":50},{"InternalID":58,"UnitID":13,"Type":2,"Kind":1,"Location":{"Space":{"X":0,"Y":3},"Zone":{"X":-1,"Y":0}},"CurrentStamina":8,"CurrentOrder":{"Kind":4,"TargetZone":null,"TargetSpace":{"X":0,"Y":3},"TargetResource":null,"TargetUnit":null,"TargetBuilding":null},"Builds":[],"GarrisonedIn":null,"Stance":3,"InterruptCurrent":false,"AttackBack":true,"TargetPriority":"","ActiveOrders":[{"ID":278,"Kind":4}],"Health":50,"MaxHealth":50},{"InternalID":59,"UnitID":13,"Type":2,"Kind":1,"Location":{"Space":{"X":0,"Y":3},"Zone":{"X":-1,"Y":0}},"CurrentStamina":8,"CurrentOrder":{"Kind":4,"TargetZone":null,"TargetSpace":{"X":0,"Y":3},"TargetResource":null,"TargetUnit":null,"TargetBuilding":null},"Builds":[],"GarrisonedIn":null,"Stance":3,"InterruptCurrent":false,"AttackBack":true,"TargetPriority":"","ActiveOrders":[{"ID":279,"Kind":4}],"Health":50,"MaxHealth":50},{"InternalID":60,"UnitID":13,"Type":2,"Kind":1,"Location":{"Space":{"X":0,"Y":3},"Zone":{"X":-1,"Y":0}},"CurrentStamina":8,"CurrentOrder":{"Kind":4,"TargetZone":null,"TargetSpace":{"X":0,"Y":3},"TargetResource":null,"TargetUnit":null,"TargetBuilding":null},"Builds":[],"GarrisonedIn":null,"Stance":3,"InterruptCurrent":false,"AttackBack":true,"TargetPriority":"","ActiveOrders":[{"ID":282,"Kind":4}],"Health":50,"MaxHealth":50}]}
2026/09/30 21:20:37 ai ai-1: submitting orders [{Subjects:[33] OrderType:2 TargetID:253 ClearPreviousOrders:true}]
2026/09/30 21:20:37 ai ai-1: vars {}
2026/09/30 21:20:37 player action: submit-orders 0 2 map[orders:[{1 [33] 2 253 true}]]
2026/09/30 21:20:37 Executing submit orders for: 1 [{1 [33] 2 253 true}]
2026/09/30 21:20:37 ai ai-0: new turn data {"buildings":[],"enemy_buildings":[],"enemy_units":[{"InternalID":50,"UnitID":12,"Type":2,"Kind":1,"Location":{"Space":{"X":0,"Y":3},"Zone":{"X":-1,"Y":0}},"CurrentStamina":12,"CurrentOrder":null,"Builds":[],"GarrisonedIn":null,"Stance":0,"InterruptCurrent":false,"AttackBack":false,"TargetPriority":"","ActiveOrders":null,"Health":16,"MaxHealth":16},{"InternalID":51,"UnitID":12,"Type":2,"Kind":1,"Location":{"Space":{"X":0,"Y":3},"Zone":{"X":-1,"Y":0}},"CurrentStamina":12,"CurrentOrder":null,"Builds":[],"GarrisonedIn":null,"Stance":0,"InterruptCurrent":false,"AttackBack":false,"TargetPriority":"","ActiveOrders":null,"Health":16,"MaxHealth":16},{"InternalID":52,"UnitID":12,"Type":2,"Kind":1,"Location":{"Space":{"X":0,"Y":3},"Zone":{"X":-1,"Y":0}},"CurrentStamina":12,"CurrentOrder":null,"Builds":[],"GarrisonedIn":null,"Stance":0,"InterruptCurrent":false,"AttackBack":false,"TargetPriority":"","ActiveOrders":null,"Health":16,"MaxHealth":16},{"InternalID":53,"UnitID":12,"Type":2,"Kind":1,"Location":{"Space":{"X":0,"Y":3},"Zone":{"X":-1,"Y":0}},"CurrentStamina":12,"CurrentOrder":null,"Builds":[],"GarrisonedIn":null,"Stance":0,"InterruptCurrent":false,"AttackBack":false,"TargetPriority":"","ActiveOrders":null,"Health":16,"MaxHealth":16},{"InternalID":54,"UnitID":12,"Type":2,"Kind":1,"Location":{"Space":{"X":0,"Y":3},"Zone":{"X":-1,"Y":0}},"CurrentStamina":12,"CurrentOrder":null,"Builds":[],"GarrisonedIn":null,"Stance":0,"InterruptCurrent":false,"AttackBack":false,"TargetPriority":"","ActiveOrders":null,"Health":16,"MaxHealth":16},{"InternalID":55,"UnitID":13,"Type":2,"Kind":1,"Location":{"Space":{"X":0,"Y":3},"Zone":{"X":-1,"Y":0}},"CurrentStamina":8,"CurrentOrder":null,"Builds":[],"GarrisonedIn":null,"Stance":0,"InterruptCurrent":false,"AttackBack":false,"TargetPriority":"","ActiveOrders":null,"Health":50,"MaxHealth":50},{"InternalID":56,"UnitID":13,"Type":2,"Kind":1,"Location":{"Space":{"X":0,"Y":3},"Zone":{"X":-1,"Y":0}},"CurrentStamina":8,"CurrentOrder":null,"Builds":[],"GarrisonedIn":null,"Stance":0,"InterruptCurrent":false,"AttackBack":false,"TargetPriority":"","ActiveOrders":null,"Health":50,"MaxHealth":50},{"InternalID":57,"UnitID":13,"Type":2,"Kind":1,"Location":{"Space":{"X":0,"Y":3},"Zone":{"X":-1,"Y":0}},"CurrentStamina":8,"CurrentOrder":null,"Builds":[],"GarrisonedIn":null,"Stance":0,"InterruptCurrent":false,"AttackBack":false,"TargetPriority":"","ActiveOrders":null,"Health":50,"MaxHealth":50},{"InternalID":58,"UnitID":13,"Type":2,"Kind":1,"Location":{"Space":{"X":0,"Y":3},"Zone":{"X":-1,"Y":0}},"CurrentStamina":8,"CurrentOrder":null,"Builds":[],"GarrisonedIn":null,"Stance":0,"InterruptCurrent":false,"AttackBack":false,"TargetPriority":"","ActiveOrders":null,"Health":50,"MaxHealth":50},{"InternalID":59,"UnitID":13,"Type":2,"Kind":1,"Location":{"Space":{"X":0,"Y":3},"Zone":{"X":-1,"Y":0}},"CurrentStamina":8,"CurrentOrder":null,"Builds":[],"GarrisonedIn":null,"Stance":0,"InterruptCurrent":false,"AttackBack":false,"TargetPriority":"","ActiveOrders":null,"Health":50,"MaxHealth":50},{"InternalID":60,"UnitID":13,"Type":2,"Kind":1,"Location":{"Space":{"X":0,"Y":3},"Zone":{"X":-1,"Y":0}},"CurrentStamina":8,"CurrentOrder":null,"Builds":[],"GarrisonedIn":null,"Stance":0,"InterruptCurrent":false,"AttackBack":false,"TargetPriority":"","ActiveOrders":null,"Health":50,"MaxHealth":50}],"foundations":[],"population":{"current":17,"limit":0},"resources":{"food":200,"gold":118,"stone":100,"wood":200},"spaces":[{"Space":{"X":0,"Y":-4},"Vision":1,"Owner":-1},{"Space":{"X":1,"Y":-4},"Vision":1,"Owner":-1},{"Space":{"X":2,"Y":-4},"Vision":1,"Owner":-1},{"Space":{"X":3,"Y":-4},"Vision":1,"Owner":-1},{"Space":{"X":4,"Y":-4},"Vision":1,"Owner":-1},{"Space":{"X":-1,"Y":-3},"Vision":1,"Owner":-1},{"Space":{"X":0,"Y":-3},"Vision":1,"Owner":-1},{"Space":{"X":1,"Y":-3},"Vision":1,"Owner":-1},{"Space":{"X":2,"Y":-3},"Vision":1,"Owner":-1},{"Space":{"X":3,"Y":-3},"Vision":1,"Owner":-1},{"Space":{"X":4,"Y":-3},"Vision":1,"Owner":-1},{"Space":{"X":-2,"Y":-2},"Vision":1,"Owner":-1},{"Space":{"X":-1,"Y":-2},"Vision":1,"Owner":-1},{"Space":{"X":0,"Y":-2},"Vision":1,"Owner":-1},{"Space":{"X":1,"Y":-2},"Vision":1,"Owner":-1},{"Space":{"X":2,"Y":-2},"Vision":1,"Owner":-1},{"Space":{"X":3,"Y":-2},"Vision":1,"Owner":-1},{"Space":{"X":4,"Y":-2},"Vision":0,"Owner":-1},{"Space":{"X":-3,"Y":-1},"Vision":1,"Owner":-1},{"Space":{"X":-2,"Y":-1},"Vision":1,"Owner":-1},{"Space":{"X":-1,"Y":-1},"Vision":1,"Owner":-1},{"Space":{"X":0,"Y":-1},"Vision":1,"Owner":-1},{"Space":{"X":1,"Y":-1},"Vision":1,"Owner":-1},{"Space":{"X":2,"Y":-1},"Vision":1,"Owner":-1},{"Space":{"X":3,"Y":-1},"Vision":0,"Owner":-1},{"Space":{"X":4,"Y":-1},"Vision":0,"Owner":-1},{"Space":{"X":-4,"Y":0},"Vision":1,"Owner":-1},{"Space":{"X":-3,"Y":0},"Vision":1,"Owner":-1},{"Space":{"X":-2,"Y":0},"Vision":1,"Owner":-1},{"Space":{"X":-1,"Y":0},"Vision":1,"Owner":-1},{"Space":{"X":0,"Y":0},"Vision":1,"Owner":-1},{"Space":{"X":1,"Y":0},"Vision":2,"Owner":-1},{"Space":{"X":2,"Y":0},"Vision":2,"Owner":-1},{"Space":{"X":3,"Y":0},"Vision":2,"Owner":-1},{"Space":{"X":4,"Y":0},"Vision":0,"Owner":-1},{"Space":{"X":-4,"Y":1},"Vision":1,"Owner":-1},{"Space":{"X":-3,"Y":1},"Vision":1,"Owner":-1},{"Space":{"X":-2,"Y":1},"Vision":1,"Owner":-1},{"Space":{"X":-1,"Y":1},"Vision":1,"Owner":-1},{"Space":{"X":0,"Y":1},"Vision":2,"Owner":-1},{"Space":{"X":1,"Y":1},"Vision":3,"Owner":0},{"Space":{"X":2,"Y":1},"Vision":3,"Owner":0},{"Space":{"X":3,"Y":1},"Vision":2,"Owner":-1},{"Space":{"X":-4,"Y":2},"Vision":1,"Owner":-1},{"Space":{"X":-3,"Y":2},"Vision":1,"Owner":-1},{"Space":{"X":-2,"Y":2},"Vision":1,"Owner":-1},{"Space":{"X":-1,"Y":2},"Vision":3,"Owner":-1},{"Space":{"X":0,"Y":2},"Vision":3,"Owner":-1},{"Space":{"X":1,"Y":2},"Vision":3,"Owner":0},{"Space":{"X":2,"Y":2},"Vision":2,"Owner":-1},{"Space":{"X":-4,"Y":3},"Vision":1,"Owner":-1},{"Space":{"X":-3,"Y":3},"Vision":1,"Owner":-1},{"Space":{"X":-2,"Y":3},"Vision":2,"Owner":-1},{"Space":{"X":-1,"Y":3},"Vision":3,"Owner":0},{"Space":{"X":0,"Y":3},"Vision":3,"Owner":-1},{"Space":{"X":1,"Y":3},"Vision":2,"Owner":-1},{"Space":{"X":-4,"Y":4},"Vision":1,"Owner":-1},{"Space":{"X":-3,"Y":4},"Vision":1,"Owner":-1},{"Space":{"X":-2,"Y":4},"Vision":2,"Owner":-1},{"Space":{"X":-1,"Y":4},"Vision":2,"Owner":-1},{"Space":{"X":0,"Y":4},"Vision":2,"Owner":-1}],"units":[{"InternalID":2,"UnitID":11,"Type":2,"Kind":1,"Location":{"Space":{"X":2,"Y":1},"Zone":{"X":-1,"Y":1}},"CurrentStamina":23,"CurrentOrder":null,"Builds":[],"GarrisonedIn":null,"Stance":3,"InterruptCurrent":true,"AttackBack":true,"TargetPriority":"","ActiveOrders":null,"Health":5.6,"MaxHealth":11},{"InternalID":4,"UnitID":11,"Type":2,"Kind":1,"Location":{"Space":{"X":1,"Y":2},"Zone":{"X":0,"Y":0}},"CurrentStamina":23,"CurrentOrder":null,"Builds":[],"GarrisonedIn":null,"Stance":3,"InterruptCurrent":true,"AttackBack":true,"TargetPriority":"","ActiveOrders":null,"Health":11,"MaxHealth":11},{"InternalID":5,"UnitID":11,"Type":2,"Kind":1,"Location":{"Space":{"X":1,"Y":2},"Zone":{"X":1,"Y":-1}},"CurrentStamina":23,"CurrentOrder":null,"Builds":[],"GarrisonedIn":null,"Stance":3,"InterruptCurrent":true,"AttackBack":true,"TargetPriority":"","ActiveOrders":null,"Health":11,"MaxHealth":11},{"InternalID":6,"UnitID":11,"Type":2,"Kind":1,"Location":{"Space":{"X":1,"Y":1},"Zone":{"X":-1,"Y":1}},"CurrentStamina":23,"CurrentOrder":null,"Builds":[],"GarrisonedIn":null,"Stance":3,"InterruptCurrent":false,"AttackBack":true,"TargetPriority":"","ActiveOrders":null,"Health":11,"MaxHealth":11},{"InternalID":18,"UnitID":12,"Type":2,"Kind":1,"Location":{"Space":{"X":0,"Y":3},"Zone":{"X":-1,"Y":0}},"CurrentStamina":12,"CurrentOrder":{"Kind":6,"TargetZone":null,"TargetSpace":null,"TargetResource":null,"TargetUnit":null,"TargetBuilding":null},"Builds":[],"GarrisonedIn":null,"Stance":3,"InterruptCurrent":true,"AttackBack":true,"TargetPriority":"","ActiveOrders":[{"ID":503,"Kind":6}],"Health":1.6,"MaxHealth":16},{"InternalID":19,"UnitID":12,"Type":2,"Kind":1,"Location":{"Space":{"X":0,"Y":3},"Zone":{"X":-1,"Y":0}},"CurrentStamina":12,"CurrentOrder":{"Kind":4,"TargetZone":null,"TargetSpace":{"X":0,"Y":3},"TargetResource":null,"TargetUnit":null,"TargetBuilding":null},"Builds":[],"GarrisonedIn":null,"Stance":3,"InterruptCurrent":true,"AttackBack":true,"TargetPriority":"","ActiveOrders":[{"ID":499,"Kind":4}],"Health":16,"MaxHealth":16},{"InternalID":20,"UnitID":12,"Type":2,"Kind":1,"Location":{"Space":{"X":0,"Y":3},"Zone":{"X":-1,"Y":0}},"CurrentStamina":12,"CurrentOrder":{"Kind":4,"TargetZone":null,"TargetSpace":{"X":0,"Y":3},"TargetResource":null,"TargetUnit":null,"TargetBuilding":null},"Builds":[],"GarrisonedIn":null,"Stance":3,"InterruptCurrent":true,"AttackBack":true,"TargetPriority":"","ActiveOrders":[{"ID":496,"Kind":4}],"Health":16,"MaxHealth":16},{"InternalID":21,"UnitID":12,"Type":2,"Kind":1,"Location":{"Space":{"X":0,"Y":3},"Zone":{"X":-1,"Y":0}},"CurrentStamina":12,"CurrentOrder":{"Kind":4,"TargetZone":null,"TargetSpace":{"X":0,"Y":3},"TargetResource":null,"TargetUnit":null,"TargetBuilding":null},"Builds":[],"GarrisonedIn":null,"Stance":3,"InterruptCurrent":true,"AttackBack":true,"TargetPriority":"","ActiveOrders":[{"ID":501,"Kind":4}],"Health":16,"MaxHealth":16},{"InternalID":22,"UnitID":12,"Type":2,"Kind":1,"Location":{"Space":{"X":0,"Y":3},"Zone":{"X":-1,"Y":0}},"CurrentStamina":12,"CurrentOrder":{"Kind":4,"TargetZone":null,"TargetSpace":{"X":0,"Y":3},"TargetResource":null,"TargetUnit":null,"TargetBuilding":null},"Builds":[],"GarrisonedIn":null,"Stance":3,"InterruptCurrent":true,"AttackBack":true,"TargetPriority":"","ActiveOrders":[{"ID":500,"Kind":4}],"Health":16,"MaxHealth":16},{"InternalID":23,"UnitID":12,"Type":2,"Kind":1,"Location":{"Space":{"X":0,"Y":3},"Zone":{"X":-1,"Y":0}},"CurrentStamina":12,"CurrentOrder":{"Kind":4,"TargetZone":null,"TargetSpace":{"X":0,"Y":3},"TargetResource":null,"TargetUnit":null,"TargetBuilding":null},"Builds":[],"GarrisonedIn":null,"Stance":3,"InterruptCurrent":true,"AttackBack":true,"TargetPriority":"","ActiveOrders":[{"ID":494,"Kind":4}],"Health":16,"MaxHealth":16},{"InternalID":24,"UnitID":12,"Type":2,"Kind":1,"Location":{"Space":{"X":0,"Y":3},"Zone":{"X":-1,"Y":0}},"CurrentStamina":12,"CurrentOrder":{"Kind":4,"TargetZone":null,"TargetSpace":{"X":0,"Y":3},"TargetResource":null,"TargetUnit":null,"TargetBuilding":null},"Builds":[],"GarrisonedIn":null,"Stance":3,"InterruptCurrent":true,"AttackBack":true,"TargetPriority":"","ActiveOrders":[{"ID":495,"Kind":4}],"Health":16,"MaxHealth":16},{"InternalID":25,"UnitID":13,"Type":2,"Kind":1,"Location":{"Space":{"X":-1,"Y":3},"Zone":{"X":0,"Y":-1}},"CurrentStamina":12,"CurrentOrder":null,"Builds":[],"GarrisonedIn":null,"Stance":3,"InterruptCurrent":true,"AttackBack":true,"TargetPriority":"","ActiveOrders":null,"Health":47.8571,"MaxHealth":50},{"InternalID":26,"UnitID":13,"Type":2,"Kind":1,"Location":{"Space":{"X":-1,"Y":3},"Zone":{"X":0,"Y":-1}},"CurrentStamina":12,"CurrentOrder":null,"Builds":[],"GarrisonedIn":null,"Stance":3,"InterruptCurrent":true,"AttackBack":true,"TargetPriority":"","ActiveOrders":null,"Health":50,"MaxHealth":50},{"InternalID":27,"UnitID":13,"Type":2,"Kind":1,"Location":{"Space":{"X":-1,"Y":3},"Zone":{"X":0,"Y":-1}},"CurrentStamina":12,"CurrentOrder":null,"Builds":[],"GarrisonedIn":null,"Stance":3,"InterruptCurrent":true,"AttackBack":true,"TargetPriority":"","ActiveOrders":null,"Health":50,"MaxHealth":50},{"InternalID":28,"UnitID":13,"Type":2,"Kind":1,"Location":{"Space":{"X":-1,"Y":3},"Zone":{"X":0,"Y":-1}},"CurrentStamina":12,"CurrentOrder":null,"Builds":[],"GarrisonedIn":null,"Stance":3,"InterruptCurrent":true,"AttackBack":true,"TargetPriority":"","ActiveOrders":null,"Health":50,"MaxHealth":50},{"InternalID":29,"UnitID":13,"Type":2,"Kind":1,"Location":{"Space":{"X":-1,"Y":3},"Zone":{"X":0,"Y":-1}},"CurrentStamina":12,"CurrentOrder":null,"Builds":[],"GarrisonedIn":null,"Stance":3,"InterruptCurrent":true,"AttackBack":true,"TargetPriority":"","ActiveOrders":null,"Health":50,"MaxHealth":50},{"InternalID":30,"UnitID":13,"Type":2,"Kind":1,"Location":{"Space":{"X":-1,"Y":3},"Zone":{"X":0,"Y":-1}},"CurrentStamina":12,"CurrentOrder":null,"Builds":[],"GarrisonedIn":null,"Stance":3,"InterruptCurrent":true,"AttackBack":true,"TargetPriority":"","ActiveOrders":null,"Health":50,"MaxHealth":50}]}
2026/09/30 21:20:37 ai ai-0: submitting orders [{Subjects:[6] OrderType:2 TargetID:1711 ClearPreviousOrders:true} {Subjects:[2] OrderType:2 TargetID:2632 ClearPreviousOrders:true} {Subjects:[4] OrderType:2 TargetID:1711 ClearPreviousOrders:true} {Subjects:[5] OrderType:2 TargetID:1711 ClearPreviousOrders:true} {Subjects:[25] OrderType:2 TargetID:1711 ClearPreviousOrders:true} {Subjects:[26] OrderType:2 TargetID:1711 ClearPreviousOrders:true} {Subjects:[27] OrderType:2 TargetID:1711 ClearPreviousOrders:true} {Subjects:[28] OrderType:2 TargetID:1711 ClearPreviousOrders:true} {Subjects:[29] OrderType:2 TargetID:1711 ClearPreviousOrders:true} {Subjects:[30] OrderType:2 TargetID:1711 ClearPreviousOrders:true} {Subjects:[2] OrderType:9 TargetID:50 ClearPreviousOrders:true} {Subjects:[4] OrderType:9 TargetID:50 ClearPreviousOrders:true} {Subjects:[5] OrderType:9 TargetID:50 ClearPreviousOrders:true} {Subjects:[6] OrderType:9 TargetID:50 ClearPreviousOrders:true} {Subjects:[18] OrderType:9 TargetID:50 ClearPreviousOrders:true} {Subjects:[19] OrderType:9 TargetID:50 ClearPreviousOrders:true} {Subjects:[20] OrderType:9 TargetID:50 ClearPreviousOrders:true} {Subjects:[21] OrderType:9 TargetID:50 ClearPreviousOrders:true} {Subjects:[22] OrderType:9 TargetID:50 ClearPreviousOrders:true} {Subjects:[23] OrderType:9 TargetID:50 ClearPreviousOrders:true} {Subjects:[24] OrderType:9 TargetID:50 ClearPreviousOrders:true} {Subjects:[25] OrderType:9 TargetID:50 ClearPreviousOrders:true} {Subjects:[26] OrderType:9 TargetID:50 ClearPreviousOrders:true} {Subjects:[27] OrderType:9 TargetID:50 ClearPreviousOrders:true} {Subjects:[28] OrderType:9 TargetID:50 ClearPreviousOrders:true} {Subjects:[29] OrderType:9 TargetID:50 ClearPreviousOrders:true} {Subjects:[30] OrderType:9 TargetID:50 ClearPreviousOrders:true} {Subjects:[18] OrderType:9 TargetID:50 ClearPreviousOrders:true} {Subjects:[18] OrderType:9 TargetID:51 ClearPreviousOrders:false} {Subjects:[18] OrderType:9 TargetID:52 ClearPreviousOrders:false} {Subjects:[18] OrderType:9 TargetID:53 ClearPreviousOrders:false} {Subjects:[18] OrderType:9 TargetID:54 ClearPreviousOrders:false} {Subjects:[18] OrderType:9 TargetID:55 ClearPreviousOrders:false} {Subjects:[19] OrderType:9 TargetID:50 ClearPreviousOrders:true} {Subjects:[19] OrderType:9 TargetID:52 ClearPreviousOrders:false} {Subjects:[19] OrderType:9 TargetID:53 ClearPreviousOrders:false} {Subjects:[19] OrderType:9 TargetID:54 ClearPreviousOrders:false} {Subjects:[19] OrderType:9 TargetID:55 ClearPreviousOrders:false} {Subjects:[19] OrderType:9 TargetID:56 ClearPreviousOrders:false} {Subjects:[20] OrderType:9 TargetID:50 ClearPreviousOrders:true} {Subjects:[20] OrderType:9 TargetID:53 ClearPreviousOrders:false} {Subjects:[20] OrderType:9 TargetID:54 ClearPreviousOrders:false} {Subjects:[20] OrderType:9 TargetID:55 ClearPreviousOrders:false} {Subjects:[20] OrderType:9 TargetID:56 ClearPreviousOrders:false} {Subjects:[20] OrderType:9 TargetID:57 ClearPreviousOrders:false} {Subjects:[21] OrderType:9 TargetID:50 ClearPreviousOrders:true} {Subjects:[21] OrderType:9 TargetID:54 ClearPreviousOrders:false} {Subjects:[21] OrderType:9 TargetID:55 ClearPreviousOrders:false} {Subjects:[21] OrderType:9 TargetID:56 ClearPreviousOrders:false} {Subjects:[21] OrderType:9 TargetID:57 ClearPreviousOrders:false} {Subjects:[21] OrderType:9 TargetID:58 ClearPreviousOrders:false} {Subjects:[22] OrderType:9 TargetID:50 ClearPreviousOrders:true} {Subjects:[22] OrderType:9 TargetID:55 ClearPreviousOrders:false} {Subjects:[22] OrderType:9 TargetID:56 ClearPreviousOrders:false} {Subjects:[22] OrderType:9 TargetID:57 ClearPreviousOrders:false} {Subjects:[22] OrderType:9 TargetID:58 ClearPreviousOrders:false} {Subjects:[22] OrderType:9 TargetID:59 ClearPreviousOrders:false} {Subjects:[23] OrderType:9 TargetID:50 ClearPreviousOrders:true} {Subjects:[23] OrderType:9 TargetID:56 ClearPreviousOrders:false} {Subjects:[23] OrderType:9 TargetID:57 ClearPreviousOrders:false} {Subjects:[23] OrderType:9 TargetID:58 ClearPreviousOrders:false} {Subjects:[23] OrderType:9 TargetID:59 ClearPreviousOrders:false} {Subjects:[23] OrderType:9 TargetID:60 ClearPreviousOrders:false} {Subjects:[24] OrderType:9 TargetID:50 ClearPreviousOrders:true} {Subjects:[24] OrderType:9 TargetID:57 ClearPreviousOrders:false} {Subjects:[24] OrderType:9 TargetID:58 ClearPreviousOrders:false} {Subjects:[24] OrderType:9 TargetID:59 ClearPreviousOrders:false} {Subjects:[24] OrderType:9 TargetID:60 ClearPreviousOrders:false} {Subjects:[24] OrderType:9 TargetID:51 ClearPreviousOrders:false}]
2026/09/30 21:20:37 ai ai-0: vars {"B":4,"Hv":6,"Pi":7,"aPowLocal":0,"aThreat":0,"a_engaged":0,"a_odds":1.3,"a_outnumbered":0,"army_target":50,"army_value":2130,"assault":0,"bank_rate":28,"bar_barracks":0.17072129748186085,"bar_redoubt":1.1111111111111112,"barracks":0,"barracks_B":0,"barracks_P":0,"barracks_save":0,"barracks_spend":78.1,"barracks_want":0,"buffer_food":70,"buffer_gold":0,"buffer_stone":0,"buffer_wood":70,"builders":0,"committed":0,"eB":13.799999999999997,"eGrowth":0,"eH":6,"eMil":27.499999999999996,"eP":7.7,"ePow":53.199999999999996,"ePowEst":50.73024879999999,"ePowSeen":50.73024879999999,"eTech":1,"eV":0,"es":28.499999999999996,"farm_want":0,"farm_wood_short":0,"farming":0,"fire_barracks":0,"fire_farm0":0,"fire_farm1":0,"fire_farm2":0,"fire_house":0,"fire_outpost":0,"fire_redoubt":0,"fire_smith":0,"fire_vc":0,"food_need":0,"food_over":0,"food_rate":0,"food_slots":1000,"food_workers":0,"free_room":33,"go":0,"gold_income":8,"gold_need":0,"gold_rate":0,"gold_surplus":118,"guaranteed":0,"guard_home":0,"headroom":-17,"hire_B":6353.846153846153,"hire_P":9984.615384615383,"homePow":0,"house_builders":0,"house_urgency":0,"house_want":0,"income_proj":0,"left":0,"lf_food":0,"lf_gold":0,"lf_stone":0,"lf_wood":0,"lump_food":0,"lump_gold":0,"lump_stone":0,"lump_wood":0,"maturity":0,"mil":17,"myTech":1,"n_barracks":0,"n_redoubts":0,"needB":24.32016962358951,"needP":8.679830376410488,"outpost_want":0,"pikes":0,"planned_food":0,"planned_gold":0,"planned_stone":0,"planned_wood":0,"prod_rate":0,"proj_army":2130,"raid_danger":34,"raid_fails":0,"raid_lost":0,"raid_pause":0,"raid_prev":3,"raid_size":3,"raid_wiped":0,"rate":6,"redoubt_H":0,"redoubt_gold_ok":1,"redoubt_save":0,"redoubt_spend":30,"redoubt_want":0,"redoubts":0,"rf_food":0,"rf_gold":0,"rf_stone":0,"rf_wood":0,"sB4":1.2624769599999992,"sP4":0.45057604599506956,"scale_l":0,"scale_r":0,"shareH":0.5072581960528463,"smith_want":0,"smiths":0,"spare":0,"spare_food":0.5,"stone_need":0,"stone_rate":0,"tH":39,"target_spend":400,"tech_food":50,"tech_gold":0,"tech_stone":0,"tech_wood":50,"threat_home":0,"turns_left":-170,"u_barracks":0.17665519219616269,"u_redoubt":0.4734409829826565,"unit_spend":120,"vB":1.0599999999999998,"vH":1.0912280701754387,"vP":0.8192982456140351,"vc_want":0,"vcs":0,"vil_goal":50,"vil_rate":0,"vil_stamina":8,"vil_want":0,"vil_want_last":0,"vil_worth_now":0.6,"vils":0,"w_food":0,"w_gold":0,"w_stone":0,"w_wood":0,"wild_workers":0,"wood_need":0,"wood_rate":0,"workers":0}
2026/09/30 21:20:37 player action: set-unit-behavior 0 1 map[internal_ids:[18 19 20 21 22 23 24] interrupt_current:false]
2026/09/30 21:20:37 player action: submit-orders 0 1 map[orders:[{0 [6] 2 1711 true} {0 [2] 2 2632 true} {0 [4] 2 1711 true} {0 [5] 2 1711 true} {0 [25] 2 1711 true} {0 [26] 2 1711 true} {0 [27] 2 1711 true} {0 [28] 2 1711 true} {0 [29] 2 1711 true} {0 [30] 2 1711 true} {0 [2] 9 50 true} {0 [4] 9 50 true} {0 [5] 9 50 true} {0 [6] 9 50 true} {0 [18] 9 50 true} {0 [19] 9 50 true} {0 [20] 9 50 true} {0 [21] 9 50 true} {0 [22] 9 50 true} {0 [23] 9 50 true} {0 [24] 9 50 true} {0 [25] 9 50 true} {0 [26] 9 50 true} {0 [27] 9 50 true} {0 [28] 9 50 true} {0 [29] 9 50 true} {0 [30] 9 50 true} {0 [18] 9 50 true} {0 [18] 9 51 false} {0 [18] 9 52 false} {0 [18] 9 53 false} {0 [18] 9 54 false} {0 [18] 9 55 false} {0 [19] 9 50 true} {0 [19] 9 52 false} {0 [19] 9 53 false} {0 [19] 9 54 false} {0 [19] 9 55 false} {0 [19] 9 56 false} {0 [20] 9 50 true} {0 [20] 9 53 false} {0 [20] 9 54 false} {0 [20] 9 55 false} {0 [20] 9 56 false} {0 [20] 9 57 false} {0 [21] 9 50 true} {0 [21] 9 54 false} {0 [21] 9 55 false} {0 [21] 9 56 false} {0 [21] 9 57 false} {0 [21] 9 58 false} {0 [22] 9 50 true} {0 [22] 9 55 false} {0 [22] 9 56 false} {0 [22] 9 57 false} {0 [22] 9 58 false} {0 [22] 9 59 false} {0 [23] 9 50 true} {0 [23] 9 56 false} {0 [23] 9 57 false} {0 [23] 9 58 false} {0 [23] 9 59 false} {0 [23] 9 60 false} {0 [24] 9 50 true} {0 [24] 9 57 false} {0 [24] 9 58 false} {0 [24] 9 59 false} {0 [24] 9 60 false} {0 [24] 9 51 false}]]
2026/09/30 21:20:37 Executing submit orders for: 0 [{0 [6] 2 1711 true} {0 [2] 2 2632 true} {0 [4] 2 1711 true} {0 [5] 2 1711 true} {0 [25] 2 1711 true} {0 [26] 2 1711 true} {0 [27] 2 1711 true} {0 [28] 2 1711 true} {0 [29] 2 1711 true} {0 [30] 2 1711 true} {0 [2] 9 50 true} {0 [4] 9 50 true} {0 [5] 9 50 true} {0 [6] 9 50 true} {0 [18] 9 50 true} {0 [19] 9 50 true} {0 [20] 9 50 true} {0 [21] 9 50 true} {0 [22] 9 50 true} {0 [23] 9 50 true} {0 [24] 9 50 true} {0 [25] 9 50 true} {0 [26] 9 50 true} {0 [27] 9 50 true} {0 [28] 9 50 true} {0 [29] 9 50 true} {0 [30] 9 50 true} {0 [18] 9 50 true} {0 [18] 9 51 false} {0 [18] 9 52 false} {0 [18] 9 53 false} {0 [18] 9 54 false} {0 [18] 9 55 false} {0 [19] 9 50 true} {0 [19] 9 52 false} {0 [19] 9 53 false} {0 [19] 9 54 false} {0 [19] 9 55 false} {0 [19] 9 56 false} {0 [20] 9 50 true} {0 [20] 9 53 false} {0 [20] 9 54 false} {0 [20] 9 55 false} {0 [20] 9 56 false} {0 [20] 9 57 false} {0 [21] 9 50 true} {0 [21] 9 54 false} {0 [21] 9 55 false} {0 [21] 9 56 false} {0 [21] 9 57 false} {0 [21] 9 58 false} {0 [22] 9 50 true} {0 [22] 9 55 false} {0 [22] 9 56 false} {0 [22] 9 57 false} {0 [22] 9 58 false} {0 [22] 9 59 false} {0 [23] 9 50 true} {0 [23] 9 56 false} {0 [23] 9 57 false} {0 [23] 9 58 false} {0 [23] 9 59 false} {0 [23] 9 60 false} {0 [24] 9 50 true} {0 [24] 9 57 false} {0 [24] 9 58 false} {0 [24] 9 59 false} {0 [24] 9 60 false} {0 [24] 9 51 false}]
2026/09/30 21:20:37 Resolving active orders
2026/09/30 21:20:37 Moving unit 26 Heavy Infantry to zone(0, 0) in space (-1, 3) tick=1
2026/09/30 21:20:37 Moving unit 28 Heavy Infantry to zone(0, 0) in space (-1, 3) tick=1
2026/09/30 21:20:37 Moving unit 6 Blunt Infantry to zone(1, -1) in space (0, 2) tick=1
2026/09/30 21:20:37 combat turn=12 tick=1: 24 u12 (player 0, stamina 3) hits 50 u12 (player 1) for 2.40
2026/09/30 21:20:37 Moving unit 27 Heavy Infantry to zone(0, 0) in space (-1, 3) tick=1
2026/09/30 21:20:37 Moving unit 2 Blunt Infantry to zone(1, -1) in space (1, 2) tick=1
2026/09/30 21:20:37 combat turn=12 tick=1: 20 u12 (player 0, stamina 3) hits 50 u12 (player 1) for 2.40
2026/09/30 21:20:37 Moving unit 4 Blunt Infantry to zone(-1, 1) in space (1, 2) tick=1
2026/09/30 21:20:37 combat turn=12 tick=1: 19 u12 (player 0, stamina 3) hits 50 u12 (player 1) for 2.40
2026/09/30 21:20:37 combat turn=12 tick=1: 22 u12 (player 0, stamina 3) hits 50 u12 (player 1) for 2.40
2026/09/30 21:20:37 Moving unit 29 Heavy Infantry to zone(0, 0) in space (-1, 3) tick=1
2026/09/30 21:20:37 combat turn=12 tick=1: 21 u12 (player 0, stamina 3) hits 50 u12 (player 1) for 2.40
2026/09/30 21:20:37 Moving unit 30 Heavy Infantry to zone(0, 0) in space (-1, 3) tick=1
2026/09/30 21:20:37 Moving unit 5 Blunt Infantry to zone(0, 0) in space (1, 2) tick=1
2026/09/30 21:20:37 combat turn=12 tick=1: 18 u12 (player 0, stamina 3) hits 50 u12 (player 1) for 2.40
2026/09/30 21:20:37 combat turn=12 tick=1: 23 u12 (player 0, stamina 3) hits 50 u12 (player 1) for 2.40
2026/09/30 21:20:37 Moving unit 25 Heavy Infantry to zone(0, 0) in space (-1, 3) tick=1
2026/09/30 21:20:37 combat turn=12 tick=1: 52 u12 (player 1, stamina 3) hits 18 u12 (player 0) for 2.40
2026/09/30 21:20:37 combat turn=12 tick=1: 58 u13 (player 1, stamina 3) hits 18 u12 (player 0) for 4.54
2026/09/30 21:20:37 combat turn=12 tick=1: 59 u13 (player 1, stamina 3) hits 18 u12 (player 0) for 4.54
2026/09/30 21:20:37 combat turn=12 tick=1: 56 u13 (player 1, stamina 3) hits 18 u12 (player 0) for 4.54
2026/09/30 21:20:37 combat turn=12 tick=1: 60 u13 (player 1, stamina 3) hits 18 u12 (player 0) for 4.54
2026/09/30 21:20:37 combat turn=12 tick=1: 57 u13 (player 1, stamina 3) hits 18 u12 (player 0) for 4.54
2026/09/30 21:20:37 Moving unit 33 Blunt Infantry to zone(-1, 0) in space (0, -1) tick=1
2026/09/30 21:20:37 combat turn=12 tick=1: 50 u12 (player 1, stamina 3) hits 18 u12 (player 0) for 2.40
2026/09/30 21:20:37 combat turn=12 tick=1: 54 u12 (player 1, stamina 3) hits 18 u12 (player 0) for 2.40
2026/09/30 21:20:37 combat turn=12 tick=1: 51 u12 (player 1, stamina 3) hits 18 u12 (player 0) for 2.40
2026/09/30 21:20:37 combat turn=12 tick=1: 55 u13 (player 1, stamina 3) hits 18 u12 (player 0) for 4.54
2026/09/30 21:20:37 combat turn=12 tick=1: 53 u12 (player 1, stamina 3) hits 18 u12 (player 0) for 2.40
2026/09/30 21:20:37 state_hash turn=12 tick=1 hash=6e1508b140190f39
2026/09/30 21:20:37 combat turn=12 tick=2: 23 u12 (player 0, stamina 3) hits 56 u13 (player 1) for 2.10
2026/09/30 21:20:37 combat turn=12 tick=2: 24 u12 (player 0, stamina 3) hits 57 u13 (player 1) for 2.10
2026/09/30 21:20:37 combat turn=12 tick=2: 20 u12 (player 0, stamina 3) hits 53 u12 (player 1) for 2.40
2026/09/30 21:20:37 combat turn=12 tick=2: 19 u12 (player 0, stamina 3) hits 52 u12 (player 1) for 2.40
2026/09/30 21:20:37 combat turn=12 tick=2: 22 u12 (player 0, stamina 3) hits 55 u13 (player 1) for 2.10
2026/09/30 21:20:37 combat turn=12 tick=2: 21 u12 (player 0, stamina 3) hits 54 u12 (player 1) for 2.40
2026/09/30 21:20:37 combat turn=12 tick=2: 53 u12 (player 1, stamina 3) hits 19 u12 (player 0) for 2.40
2026/09/30 21:20:37 combat turn=12 tick=2: 52 u12 (player 1, stamina 3) hits 19 u12 (player 0) for 2.40
2026/09/30 21:20:37 combat turn=12 tick=2: 58 u13 (player 1, stamina 3) hits 19 u12 (player 0) for 4.54
2026/09/30 21:20:37 combat turn=12 tick=2: 59 u13 (player 1, stamina 3) hits 19 u12 (player 0) for 4.54
2026/09/30 21:20:37 combat turn=12 tick=2: 56 u13 (player 1, stamina 3) hits 19 u12 (player 0) for 4.54
2026/09/30 21:20:37 combat turn=12 tick=2: 60 u13 (player 1, stamina 3) hits 19 u12 (player 0) for 4.54
2026/09/30 21:20:37 combat turn=12 tick=2: 57 u13 (player 1, stamina 3) hits 19 u12 (player 0) for 4.54
2026/09/30 21:20:37 Moving unit 33 Blunt Infantry to zone(1, 0) in space (-1, -1) tick=2
2026/09/30 21:20:37 combat turn=12 tick=2: 54 u12 (player 1, stamina 3) hits 19 u12 (player 0) for 2.40
2026/09/30 21:20:37 combat turn=12 tick=2: 51 u12 (player 1, stamina 3) hits 19 u12 (player 0) for 2.40
2026/09/30 21:20:37 combat turn=12 tick=2: 55 u13 (player 1, stamina 3) hits 19 u12 (player 0) for 4.54
2026/09/30 21:20:37 state_hash turn=12 tick=2 hash=b4159491310e0529
2026/09/30 21:20:37 combat turn=12 tick=3: 24 u12 (player 0, stamina 3) hits 57 u13 (player 1) for 2.10
2026/09/30 21:20:37 combat turn=12 tick=3: 20 u12 (player 0, stamina 3) hits 53 u12 (player 1) for 2.40
2026/09/30 21:20:37 combat turn=12 tick=3: 22 u12 (player 0, stamina 3) hits 55 u13 (player 1) for 2.10
2026/09/30 21:20:37 combat turn=12 tick=3: 21 u12 (player 0, stamina 3) hits 54 u12 (player 1) for 2.40
2026/09/30 21:20:37 combat turn=12 tick=3: 23 u12 (player 0, stamina 3) hits 56 u13 (player 1) for 2.10
2026/09/30 21:20:37 combat turn=12 tick=3: 57 u13 (player 1, stamina 2) hits 20 u12 (player 0) for 3.03
2026/09/30 21:20:37 Moving unit 33 Blunt Infantry to zone(0, 0) in space (-1, -1) tick=3
2026/09/30 21:20:37 combat turn=12 tick=3: 54 u12 (player 1, stamina 3) hits 20 u12 (player 0) for 2.40
2026/09/30 21:20:37 combat turn=12 tick=3: 51 u12 (player 1, stamina 3) hits 20 u12 (player 0) for 2.40
2026/09/30 21:20:37 combat turn=12 tick=3: 55 u13 (player 1, stamina 2) hits 20 u12 (player 0) for 3.03
2026/09/30 21:20:37 combat turn=12 tick=3: 53 u12 (player 1, stamina 3) hits 20 u12 (player 0) for 2.40
2026/09/30 21:20:37 combat turn=12 tick=3: 52 u12 (player 1, stamina 3) hits 20 u12 (player 0) for 2.40
2026/09/30 21:20:37 combat turn=12 tick=3: 58 u13 (player 1, stamina 2) hits 20 u12 (player 0) for 3.03
2026/09/30 21:20:37 combat turn=12 tick=3: 59 u13 (player 1, stamina 2) hits 20 u12 (player 0) for 3.03
2026/09/30 21:20:37 combat turn=12 tick=3: 56 u13 (player 1, stamina 2) hits 20 u12 (player 0) for 3.03
2026/09/30 21:20:37 combat turn=12 tick=3: 60 u13 (player 1, stamina 2) hits 20 u12 (player 0) for 3.03
2026/09/30 21:20:37 state_hash turn=12 tick=3 hash=eaf46909dd510576
2026/09/30 21:20:37 combat turn=12 tick=4: 24 u12 (player 0, stamina 3) hits 57 u13 (player 1) for 2.10
2026/09/30 21:20:37 combat turn=12 tick=4: 22 u12 (player 0, stamina 3) hits 55 u13 (player 1) for 2.10
2026/09/30 21:20:37 combat turn=12 tick=4: 21 u12 (player 0, stamina 3) hits 54 u12 (player 1) for 2.40
2026/09/30 21:20:37 combat turn=12 tick=4: 23 u12 (player 0, stamina 3) hits 56 u13 (player 1) for 2.10
2026/09/30 21:20:37 combat turn=12 tick=4: 52 u12 (player 1, stamina 3) hits 21 u12 (player 0) for 2.40
2026/09/30 21:20:37 Moving unit 33 Blunt Infantry to zone(-1, 0) in space (-1, -1) tick=4
2026/09/30 21:20:37 combat turn=12 tick=4: 54 u12 (player 1, stamina 3) hits 21 u12 (player 0) for 2.40
2026/09/30 21:20:37 combat turn=12 tick=4: 51 u12 (player 1, stamina 3) hits 21 u12 (player 0) for 2.40
2026/09/30 21:20:37 combat turn=12 tick=4: 53 u12 (player 1, stamina 3) hits 21 u12 (player 0) for 2.40
2026/09/30 21:20:37 state_hash turn=12 tick=4 hash=2d5981099bcbd69a
2026/09/30 21:20:37 Moving unit 33 Blunt Infantry to zone(1, 0) in space (-2, -1) tick=5
2026/09/30 21:20:37 state_hash turn=12 tick=5 hash=be5bf199c2152755
2026/09/30 21:20:37 Moving unit 33 Blunt Infantry to zone(0, 0) in space (-2, -1) tick=6
2026/09/30 21:20:37 state_hash turn=12 tick=6 hash=f7e6faa98d3a9737
2026/09/30 21:20:37 state_hash turn=12 tick=end hash=4c09c3c882b52273
2026/09/30 21:20:37 ai ai-1: new turn data {"buildings":[],"enemy_buildings":[],"enemy_units":[{"InternalID":21,"UnitID":12,"Type":2,"Kind":1,"Location":{"Space":{"X":0,"Y":3},"Zone":{"X":-1,"Y":0}},"CurrentStamina":12,"CurrentOrder":null,"Builds":[],"GarrisonedIn":null,"Stance":0,"InterruptCurrent":false,"AttackBack":false,"TargetPriority":"","ActiveOrders":null,"Health":6.4,"MaxHealth":16},{"InternalID":22,"UnitID":12,"Type":2,"Kind":1,"Location":{"Space":{"X":0,"Y":3},"Zone":{"X":-1,"Y":0}},"CurrentStamina":12,"CurrentOrder":null,"Builds":[],"GarrisonedIn":null,"Stance":0,"InterruptCurrent":false,"AttackBack":false,"TargetPriority":"","ActiveOrders":null,"Health":16,"MaxHealth":16},{"InternalID":23,"UnitID":12,"Type":2,"Kind":1,"Location":{"Space":{"X":0,"Y":3},"Zone":{"X":-1,"Y":0}},"CurrentStamina":12,"CurrentOrder":null,"Builds":[],"GarrisonedIn":null,"Stance":0,"InterruptCurrent":false,"AttackBack":false,"TargetPriority":"","ActiveOrders":null,"Health":16,"MaxHealth":16},{"InternalID":24,"UnitID":12,"Type":2,"Kind":1,"Location":{"Space":{"X":0,"Y":3},"Zone":{"X":-1,"Y":0}},"CurrentStamina":12,"CurrentOrder":null,"Builds":[],"GarrisonedIn":null,"Stance":0,"InterruptCurrent":false,"AttackBack":false,"TargetPriority":"","ActiveOrders":null,"Health":16,"MaxHealth":16},{"InternalID":25,"UnitID":13,"Type":2,"Kind":1,"Location":{"Space":{"X":-1,"Y":3},"Zone":{"X":0,"Y":0}},"CurrentStamina":12,"CurrentOrder":null,"Builds":[],"GarrisonedIn":null,"Stance":0,"InterruptCurrent":false,"AttackBack":false,"TargetPriority":"","ActiveOrders":null,"Health":47.8571,"MaxHealth":50},{"InternalID":26,"UnitID":13,"Type":2,"Kind":1,"Location":{"Space":{"X":-1,"Y":3},"Zone":{"X":0,"Y":0}},"CurrentStamina":12,"CurrentOrder":null,"Builds":[],"GarrisonedIn":null,"Stance":0,"InterruptCurrent":false,"AttackBack":false,"TargetPriority":"","ActiveOrders":null,"Health":50,"MaxHealth":50},{"InternalID":27,"UnitID":13,"Type":2,"Kind":1,"Location":{"Space":{"X":-1,"Y":3},"Zone":{"X":0,"Y":0}},"CurrentStamina":12,"CurrentOrder":null,"Builds":[],"GarrisonedIn":null,"Stance":0,"InterruptCurrent":false,"AttackBack":false,"TargetPriority":"","ActiveOrders":null,"Health":50,"MaxHealth":50},{"InternalID":28,"UnitID":13,"Type":2,"Kind":1,"Location":{"Space":{"X":-1,"Y":3},"Zone":{"X":0,"Y":0}},"CurrentStamina":12,"CurrentOrder":null,"Builds":[],"GarrisonedIn":null,"Stance":0,"InterruptCurrent":false,"AttackBack":false,"TargetPriority":"","ActiveOrders":null,"Health":50,"MaxHealth":50},{"InternalID":29,"UnitID":13,"Type":2,"Kind":1,"Location":{"Space":{"X":-1,"Y":3},"Zone":{"X":0,"Y":0}},"CurrentStamina":12,"CurrentOrder":null,"Builds":[],"GarrisonedIn":null,"Stance":0,"InterruptCurrent":false,"AttackBack":false,"TargetPriority":"","ActiveOrders":null,"Health":50,"MaxHealth":50},{"InternalID":30,"UnitID":13,"Type":2,"Kind":1,"Location":{"Space":{"X":-1,"Y":3},"Zone":{"X":0,"Y":0}},"CurrentStamina":12,"CurrentOrder":null,"Builds":[],"GarrisonedIn":null,"Stance":0,"InterruptCurrent":false,"AttackBack":false,"TargetPriority":"","ActiveOrders":null,"Health":50,"MaxHealth":50}],"foundations":[],"population":{"current":11,"limit":0},"resources":{"food":200,"gold":34,"stone":100,"wood":200},"spaces":[{"Space":{"X":0,"Y":-4},"Vision":0,"Owner":-1},{"Space":{"X":1,"Y":-4},"Vision":0,"Owner":-1},{"Space":{"X":2,"Y":-4},"Vision":0,"Owner":-1},{"Space":{"X":3,"Y":-4},"Vision":0,"Owner":-1},{"Space":{"X":4,"Y":-4},"Vision":0,"Owner":-1},{"Space":{"X":-1,"Y":-3},"Vision":0,"Owner":-1},{"Space":{"X":0,"Y":-3},"Vision":0,"Owner":-1},{"Space":{"X":1,"Y":-3},"Vision":0,"Owner":-1},{"Space":{"X":2,"Y":-3},"Vision":0,"Owner":-1},{"Space":{"X":3,"Y":-3},"Vision":0,"Owner":-1},{"Space":{"X":4,"Y":-3},"Vision":0,"Owner":-1},{"Space":{"X":-2,"Y":-2},"Vision":2,"Owner":-1},{"Space":{"X":-1,"Y":-2},"Vision":2,"Owner":-1},{"Space":{"X":0,"Y":-2},"Vision":1,"Owner":-1},{"Space":{"X":1,"Y":-2},"Vision":1,"Owner":-1},{"Space":{"X":2,"Y":-2},"Vision":1,"Owner":-1},{"Space":{"X":3,"Y":-2},"Vision":1,"Owner":-1},{"Space":{"X":4,"Y":-2},"Vision":0,"Owner":-1},{"Space":{"X":-3,"Y":-1},"Vision":2,"Owner":-1},{"Space":{"X":-2,"Y":-1},"Vision":3,"Owner":1},{"Space":{"X":-1,"Y":-1},"Vision":2,"Owner":-1},{"Space":{"X":0,"Y":-1},"Vision":1,"Owner":-1},{"Space":{"X":1,"Y":-1},"Vision":1,"Owner":-1},{"Space":{"X":2,"Y":-1},"Vision":1,"Owner":-1},{"Space":{"X":3,"Y":-1},"Vision":1,"Owner":-1},{"Space":{"X":4,"Y":-1},"Vision":0,"Owner":-1},{"Space":{"X":-4,"Y":0},"Vision":0,"Owner":-1},{"Space":{"X":-3,"Y":0},"Vision":2,"Owner":-1},{"Space":{"X":-2,"Y":0},"Vision":2,"Owner":-1},{"Space":{"X":-1,"Y":0},"Vision":1,"Owner":-1},{"Space":{"X":0,"Y":0},"Vision":1,"Owner":-1},{"Space":{"X":1,"Y":0},"Vision":1,"Owner":-1},{"Space":{"X":2,"Y":0},"Vision":1,"Owner":-1},{"Space":{"X":3,"Y":0},"Vision":1,"Owner":-1},{"Space":{"X":4,"Y":0},"Vision":0,"Owner":-1},{"Space":{"X":-4,"Y":1},"Vision":0,"Owner":-1},{"Space":{"X":-3,"Y":1},"Vision":1,"Owner":-1},{"Space":{"X":-2,"Y":1},"Vision":1,"Owner":0},{"Space":{"X":-1,"Y":1},"Vision":1,"Owner":-1},{"Space":{"X":0,"Y":1},"Vision":1,"Owner":-1},{"Space":{"X":1,"Y":1},"Vision":1,"Owner":0},{"Space":{"X":2,"Y":1},"Vision":1,"Owner":0},{"Space":{"X":3,"Y":1},"Vision":1,"Owner":-1},{"Space":{"X":-4,"Y":2},"Vision":1,"Owner":0},{"Space":{"X":-3,"Y":2},"Vision":1,"Owner":-1},{"Space":{"X":-2,"Y":2},"Vision":1,"Owner":0},{"Space":{"X":-1,"Y":2},"Vision":1,"Owner":0},{"Space":{"X":0,"Y":2},"Vision":2,"Owner":0},{"Space":{"X":1,"Y":2},"Vision":2,"Owner":0},{"Space":{"X":2,"Y":2},"Vision":1,"Owner":-1},{"Space":{"X":-4,"Y":3},"Vision":1,"Owner":0},{"Space":{"X":-3,"Y":3},"Vision":1,"Owner":-1},{"Space":{"X":-2,"Y":3},"Vision":1,"Owner":0},{"Space":{"X":-1,"Y":3},"Vision":3,"Owner":0},{"Space":{"X":0,"Y":3},"Vision":3,"Owner":-1},{"Space":{"X":1,"Y":3},"Vision":2,"Owner":-1},{"Space":{"X":-4,"Y":4},"Vision":1,"Owner":-1},{"Space":{"X":-3,"Y":4},"Vision":1,"Owner":-1},{"Space":{"X":-2,"Y":4},"Vision":1,"Owner":-1},{"Space":{"X":-1,"Y":4},"Vision":2,"Owner":-1},{"Space":{"X":0,"Y":4},"Vision":2,"Owner":-1}],"units":[{"InternalID":33,"UnitID":11,"Type":2,"Kind":1,"Location":{"Space":{"X":-2,"Y":-1},"Zone":{"X":0,"Y":0}},"CurrentStamina":19,"CurrentOrder":null,"Builds":[],"GarrisonedIn":null,"Stance":3,"InterruptCurrent":false,"AttackBack":true,"TargetPriority":"","ActiveOrders":null,"Health":11,"MaxHealth":11},{"InternalID":51,"UnitID":12,"Type":2,"Kind":1,"Location":{"Space":{"X":0,"Y":3},"Zone":{"X":-1,"Y":0}},"CurrentStamina":12,"CurrentOrder":{"Kind":4,"TargetZone":null,"TargetSpace":{"X":0,"Y":3},"TargetResource":null,"TargetUnit":null,"TargetBuilding":null},"Builds":[],"GarrisonedIn":null,"Stance":3,"InterruptCurrent":false,"AttackBack":true,"TargetPriority":"","ActiveOrders":[{"ID":265,"Kind":4}],"Health":16,"MaxHealth":16},{"InternalID":52,"UnitID":12,"Type":2,"Kind":1,"Location":{"Space":{"X":0,"Y":3},"Zone":{"X":-1,"Y":0}},"CurrentStamina":12,"CurrentOrder":{"Kind":4,"TargetZone":null,"TargetSpace":{"X":0,"Y":3},"TargetResource":null,"TargetUnit":null,"TargetBuilding":null},"Builds":[],"GarrisonedIn":null,"Stance":3,"InterruptCurrent":false,"AttackBack":true,"TargetPriority":"","ActiveOrders":[{"ID":277,"Kind":4}],"Health":13.6,"MaxHealth":16},{"InternalID":53,"UnitID":12,"Type":2,"Kind":1,"Location":{"Space":{"X":0,"Y":3},"Zone":{"X":-1,"Y":0}},"CurrentStamina":12,"CurrentOrder":{"Kind":4,"TargetZone":null,"TargetSpace":{"X":0,"Y":3},"TargetResource":null,"TargetUnit":null,"TargetBuilding":null},"Builds":[],"GarrisonedIn":null,"Stance":3,"InterruptCurrent":false,"AttackBack":true,"TargetPriority":"","ActiveOrders":[{"ID":274,"Kind":4}],"Health":11.2,"MaxHealth":16},{"InternalID":54,"UnitID":12,"Type":2,"Kind":1,"Location":{"Space":{"X":0,"Y":3},"Zone":{"X":-1,"Y":0}},"CurrentStamina":12,"CurrentOrder":{"Kind":4,"TargetZone":null,"TargetSpace":{"X":0,"Y":3},"TargetResource":null,"TargetUnit":null,"TargetBuilding":null},"Builds":[],"GarrisonedIn":null,"Stance":3,"InterruptCurrent":false,"AttackBack":true,"TargetPriority":"","ActiveOrders":[{"ID":264,"Kind":4}],"Health":8.8,"MaxHealth":16},{"InternalID":55,"UnitID":13,"Type":2,"Kind":1,"Location":{"Space":{"X":0,"Y":3},"Zone":{"X":-1,"Y":0}},"CurrentStamina":8,"CurrentOrder":{"Kind":4,"TargetZone":null,"TargetSpace":{"X":0,"Y":3},"TargetResource":null,"TargetUnit":null,"TargetBuilding":null},"Builds":[],"GarrisonedIn":null,"Stance":3,"InterruptCurrent":false,"AttackBack":true,"TargetPriority":"","ActiveOrders":[{"ID":266,"Kind":4}],"Health":43.7,"MaxHealth":50},{"InternalID":56,"UnitID":13,"Type":2,"Kind":1,"Location":{"Space":{"X":0,"Y":3},"Zone":{"X":-1,"Y":0}},"CurrentStamina":8,"CurrentOrder":{"Kind":4,"TargetZone":null,"TargetSpace":{"X":0,"Y":3},"TargetResource":null,"TargetUnit":null,"TargetBuilding":null},"Builds":[],"GarrisonedIn":null,"Stance":3,"InterruptCurrent":false,"AttackBack":true,"TargetPriority":"","ActiveOrders":[{"ID":281,"Kind":4}],"Health":43.7,"MaxHealth":50},{"InternalID":57,"UnitID":13,"Type":2,"Kind":1,"Location":{"Space":{"X":0,"Y":3},"Zone":{"X":-1,"Y":0}},"CurrentStamina":8,"CurrentOrder":{"Kind":4,"TargetZone":null,"TargetSpace":{"X":0,"Y":3},"TargetResource":null,"TargetUnit":null,"TargetBuilding":null},"Builds":[],"GarrisonedIn":null,"Stance":3,"InterruptCurrent":false,"AttackBack":true,"TargetPriority":"","ActiveOrders":[{"ID":284,"Kind":4}],"Health":43.7,"MaxHealth":50},{"InternalID":58,"UnitID":13,"Type":2,"Kind":1,"Location":{"Space":{"X":0,"Y":3},"Zone":{"X":-1,"Y":0}},"CurrentStamina":8,"CurrentOrder":{"Kind":4,"TargetZone":null,"TargetSpace":{"X":0,"Y":3},"TargetResource":null,"TargetUnit":null,"TargetBuilding":null},"Builds":[],"GarrisonedIn":null,"Stance":3,"InterruptCurrent":false,"AttackBack":true,"TargetPriority":"","ActiveOrders":[{"ID":278,"Kind":4}],"Health":50,"MaxHealth":50},{"InternalID":59,"UnitID":13,"Type":2,"Kind":1,"Location":{"Space":{"X":0,"Y":3},"Zone":{"X":-1,"Y":0}},"CurrentStamina":8,"CurrentOrder":{"Kind":4,"TargetZone":null,"TargetSpace":{"X":0,"Y":3},"TargetResource":null,"TargetUnit":null,"TargetBuilding":null},"Builds":[],"GarrisonedIn":null,"Stance":3,"InterruptCurrent":false,"AttackBack":true,"TargetPriority":"","ActiveOrders":[{"ID":279,"Kind":4}],"Health":50,"MaxHealth":50},{"InternalID":60,"UnitID":13,"Type":2,"Kind":1,"Location":{"Space":{"X":0,"Y":3},"Zone":{"X":-1,"Y":0}},"CurrentStamina":8,"CurrentOrder":{"Kind":4,"TargetZone":null,"TargetSpace":{"X":0,"Y":3},"TargetResource":null,"TargetUnit":null,"TargetBuilding":null},"Builds":[],"GarrisonedIn":null,"Stance":3,"InterruptCurrent":false,"AttackBack":true,"TargetPriority":"","ActiveOrders":[{"ID":282,"Kind":4}],"Health":50,"MaxHealth":50}]}
2026/09/30 21:20:37 ai ai-1: submitting orders [{Subjects:[33] OrderType:2 TargetID:1596 ClearPreviousOrders:true}]
2026/09/30 21:20:37 ai ai-1: vars {}
2026/09/30 21:20:37 player action: submit-orders 0 2 map[orders:[{1 [33] 2 1596 true}]]
2026/09/30 21:20:37 Executing submit orders for: 1 [{1 [33] 2 1596 true}]
2026/09/30 21:20:37 ai ai-0: new turn data {"buildings":[],"enemy_buildings":[],"enemy_units":[{"InternalID":51,"UnitID":12,"Type":2,"Kind":1,"Location":{"Space":{"X":0,"Y":3},"Zone":{"X":-1,"Y":0}},"CurrentStamina":12,"CurrentOrder":null,"Builds":[],"GarrisonedIn":null,"Stance":0,"InterruptCurrent":false,"AttackBack":false,"TargetPriority":"","ActiveOrders":null,"Health":16,"MaxHealth":16},{"InternalID":52,"UnitID":12,"Type":2,"Kind":1,"Location":{"Space":{"X":0,"Y":3},"Zone":{"X":-1,"Y":0}},"CurrentStamina":12,"CurrentOrder":null,"Builds":[],"GarrisonedIn":null,"Stance":0,"InterruptCurrent":false,"AttackBack":false,"TargetPriority":"","ActiveOrders":null,"Health":13.6,"MaxHealth":16},{"InternalID":53,"UnitID":12,"Type":2,"Kind":1,"Location":{"Space":{"X":0,"Y":3},"Zone":{"X":-1,"Y":0}},"CurrentStamina":12,"CurrentOrder":null,"Builds":[],"GarrisonedIn":null,"Stance":0,"InterruptCurrent":false,"AttackBack":false,"TargetPriority":"","ActiveOrders":null,"Health":11.2,"MaxHealth":16},{"InternalID":54,"UnitID":12,"Type":2,"Kind":1,"Location":{"Space":{"X":0,"Y":3},"Zone":{"X":-1,"Y":0}},"CurrentStamina":12,"CurrentOrder":null,"Builds":[],"GarrisonedIn":null,"Stance":0,"InterruptCurrent":false,"AttackBack":false,"TargetPriority":"","ActiveOrders":null,"Health":8.8,"MaxHealth":16},{"InternalID":55,"UnitID":13,"Type":2,"Kind":1,"Location":{"Space":{"X":0,"Y":3},"Zone":{"X":-1,"Y":0}},"CurrentStamina":8,"CurrentOrder":null,"Builds":[],"GarrisonedIn":null,"Stance":0,"InterruptCurrent":false,"AttackBack":false,"TargetPriority":"","ActiveOrders":null,"Health":43.7,"MaxHealth":50},{"InternalID":56,"UnitID":13,"Type":2,"Kind":1,"Location":{"Space":{"X":0,"Y":3},"Zone":{"X":-1,"Y":0}},"CurrentStamina":8,"CurrentOrder":null,"Builds":[],"GarrisonedIn":null,"Stance":0,"InterruptCurrent":false,"AttackBack":false,"TargetPriority":"","ActiveOrders":null,"Health":43.7,"MaxHealth":50},{"InternalID":57,"UnitID":13,"Type":2,"Kind":1,"Location":{"Space":{"X":0,"Y":3},"Zone":{"X":-1,"Y":0}},"CurrentStamina":8,"CurrentOrder":null,"Builds":[],"GarrisonedIn":null,"Stance":0,"InterruptCurrent":false,"AttackBack":false,"TargetPriority":"","ActiveOrders":null,"Health":43.7,"MaxHealth":50},{"InternalID":58,"UnitID":13,"Type":2,"Kind":1,"Location":{"Space":{"X":0,"Y":3},"Zone":{"X":-1,"Y":0}},"CurrentStamina":8,"CurrentOrder":null,"Builds":[],"GarrisonedIn":null,"Stance":0,"InterruptCurrent":false,"AttackBack":false,"TargetPriority":"","ActiveOrders":null,"Health":50,"MaxHealth":50},{"InternalID":59,"UnitID":13,"Type":2,"Kind":1,"Location":{"Space":{"X":0,"Y":3},"Zone":{"X":-1,"Y":0}},"CurrentStamina":8,"CurrentOrder":null,"Builds":[],"GarrisonedIn":null,"Stance":0,"InterruptCurrent":false,"AttackBack":false,"TargetPriority":"","ActiveOrders":null,"Health":50,"MaxHealth":50},{"InternalID":60,"UnitID":13,"Type":2,"Kind":1,"Location":{"Space":{"X":0,"Y":3},"Zone":{"X":-1,"Y":0}},"CurrentStamina":8,"CurrentOrder":null,"Builds":[],"GarrisonedIn":null,"Stance":0,"InterruptCurrent":false,"AttackBack":false,"TargetPriority":"","ActiveOrders":null,"Health":50,"MaxHealth":50}],"foundations":[],"population":{"current":14,"limit":0},"resources":{"food":200,"gold":124,"stone":100,"wood":200},"spaces":[{"Space":{"X":0,"Y":-4},"Vision":1,"Owner":-1},{"Space":{"X":1,"Y":-4},"Vision":1,"Owner":-1},{"Space":{"X":2,"Y":-4},"Vision":1,"Owner":-1},{"Space":{"X":3,"Y":-4},"Vision":1,"Owner":-1},{"Space":{"X":4,"Y":-4},"Vision":1,"Owner":-1},{"Space":{"X":-1,"Y":-3},"Vision":1,"Owner":-1},{"Space":{"X":0,"Y":-3},"Vision":1,"Owner":-1},{"Space":{"X":1,"Y":-3},"Vision":1,"Owner":-1},{"Space":{"X":2,"Y":-3},"Vision":1,"Owner":-1},{"Space":{"X":3,"Y":-3},"Vision":1,"Owner":-1},{"Space":{"X":4,"Y":-3},"Vision":1,"Owner":-1},{"Space":{"X":-2,"Y":-2},"Vision":1,"Owner":-1},{"Space":{"X":-1,"Y":-2},"Vision":1,"Owner":-1},{"Space":{"X":0,"Y":-2},"Vision":1,"Owner":-1},{"Space":{"X":1,"Y":-2},"Vision":1,"Owner":-1},{"Space":{"X":2,"Y":-2},"Vision":1,"Owner":-1},{"Space":{"X":3,"Y":-2},"Vision":1,"Owner":-1},{"Space":{"X":4,"Y":-2},"Vision":0,"Owner":-1},{"Space":{"X":-3,"Y":-1},"Vision":1,"Owner":-1},{"Space":{"X":-2,"Y":-1},"Vision":1,"Owner":-1},{"Space":{"X":-1,"Y":-1},"Vision":1,"Owner":-1},{"Space":{"X":0,"Y":-1},"Vision":1,"Owner":-1},{"Space":{"X":1,"Y":-1},"Vision":1,"Owner":-1},{"Space":{"X":2,"Y":-1},"Vision":1,"Owner":-1},{"Space":{"X":3,"Y":-1},"Vision":0,"Owner":-1},{"Space":{"X":4,"Y":-1},"Vision":0,"Owner":-1},{"Space":{"X":-4,"Y":0},"Vision":1,"Owner":-1},{"Space":{"X":-3,"Y":0},"Vision":1,"Owner":-1},{"Space":{"X":-2,"Y":0},"Vision":1,"Owner":-1},{"Space":{"X":-1,"Y":0},"Vision":1,"Owner":-1},{"Space":{"X":0,"Y":0},"Vision":1,"Owner":-1},{"Space":{"X":1,"Y":0},"Vision":1,"Owner":-1},{"Space":{"X":2,"Y":0},"Vision":1,"Owner":-1},{"Space":{"X":3,"Y":0},"Vision":1,"Owner":-1},{"Space":{"X":4,"Y":0},"Vision":0,"Owner":-1},{"Space":{"X":-4,"Y":1},"Vision":1,"Owner":-1},{"Space":{"X":-3,"Y":1},"Vision":1,"Owner":-1},{"Space":{"X":-2,"Y":1},"Vision":1,"Owner":-1},{"Space":{"X":-1,"Y":1},"Vision":1,"Owner":-1},{"Space":{"X":0,"Y":1},"Vision":2,"Owner":-1},{"Space":{"X":1,"Y":1},"Vision":3,"Owner":-1},{"Space":{"X":2,"Y":1},"Vision":3,"Owner":-1},{"Space":{"X":3,"Y":1},"Vision":1,"Owner":-1},{"Space":{"X":-4,"Y":2},"Vision":1,"Owner":-1},{"Space":{"X":-3,"Y":2},"Vision":1,"Owner":-1},{"Space":{"X":-2,"Y":2},"Vision":1,"Owner":-1},{"Space":{"X":-1,"Y":2},"Vision":2,"Owner":-1},{"Space":{"X":0,"Y":2},"Vision":3,"Owner":0},{"Space":{"X":1,"Y":2},"Vision":3,"Owner":0},{"Space":{"X":2,"Y":2},"Vision":2,"Owner":-1},{"Space":{"X":-4,"Y":3},"Vision":1,"Owner":-1},{"Space":{"X":-3,"Y":3},"Vision":1,"Owner":-1},{"Space":{"X":-2,"Y":3},"Vision":2,"Owner":-1},{"Space":{"X":-1,"Y":3},"Vision":3,"Owner":0},{"Space":{"X":0,"Y":3},"Vision":3,"Owner":-1},{"Space":{"X":1,"Y":3},"Vision":2,"Owner":-1},{"Space":{"X":-4,"Y":4},"Vision":1,"Owner":-1},{"Space":{"X":-3,"Y":4},"Vision":1,"Owner":-1},{"Space":{"X":-2,"Y":4},"Vision":2,"Owner":-1},{"Space":{"X":-1,"Y":4},"Vision":2,"Owner":-1},{"Space":{"X":0,"Y":4},"Vision":2,"Owner":-1}],"units":[{"InternalID":2,"UnitID":11,"Type":2,"Kind":1,"Location":{"Space":{"X":1,"Y":2},"Zone":{"X":1,"Y":-1}},"CurrentStamina":23,"CurrentOrder":null,"Builds":[],"GarrisonedIn":null,"Stance":3,"InterruptCurrent":true,"AttackBack":true,"TargetPriority":"","ActiveOrders":null,"Health":5.6,"MaxHealth":11},{"InternalID":4,"UnitID":11,"Type":2,"Kind":1,"Location":{"Space":{"X":1,"Y":2},"Zone":{"X":-1,"Y":1}},"CurrentStamina":23,"CurrentOrder":null,"Builds":[],"GarrisonedIn":null,"Stance":3,"InterruptCurrent":true,"AttackBack":true,"TargetPriority":"","ActiveOrders":null,"Health":11,"MaxHealth":11},{"InternalID":5,"UnitID":11,"Type":2,"Kind":1,"Location":{"Space":{"X":1,"Y":2},"Zone":{"X":0,"Y":0}},"CurrentStamina":23,"CurrentOrder":null,"Builds":[],"GarrisonedIn":null,"Stance":3,"InterruptCurrent":true,"AttackBack":true,"TargetPriority":"","ActiveOrders":null,"Health":11,"MaxHealth":11},{"InternalID":6,"UnitID":11,"Type":2,"Kind":1,"Location":{"Space":{"X":0,"Y":2},"Zone":{"X":1,"Y":-1}},"CurrentStamina":23,"CurrentOrder":null,"Builds":[],"GarrisonedIn":null,"Stance":3,"InterruptCurrent":false,"AttackBack":true,"TargetPriority":"","ActiveOrders":null,"Health":11,"MaxHealth":11},{"InternalID":21,"UnitID":12,"Type":2,"Kind":1,"Location":{"Space":{"X":0,"Y":3},"Zone":{"X":-1,"Y":0}},"CurrentStamina":12,"CurrentOrder":{"Kind":6,"TargetZone":null,"TargetSpace":null,"TargetResource":null,"TargetUnit":{"InternalID":54,"UnitID":12,"Type":2,"Kind":1,"Location":{"Space":{"X":0,"Y":3},"Zone":{"X":-1,"Y":0}},"CurrentStamina":12,"CurrentOrder":null,"Builds":[],"GarrisonedIn":null,"Stance":0,"InterruptCurrent":false,"AttackBack":false,"TargetPriority":"","ActiveOrders":null,"Health":8.8,"MaxHealth":16},"TargetBuilding":null},"Builds":[],"GarrisonedIn":null,"Stance":3,"InterruptCurrent":false,"AttackBack":true,"TargetPriority":"","ActiveOrders":[{"ID":551,"Kind":6},{"ID":552,"Kind":6},{"ID":553,"Kind":6},{"ID":554,"Kind":6},{"ID":555,"Kind":6}],"Health":6.4,"MaxHealth":16},{"InternalID":22,"UnitID":12,"Type":2,"Kind":1,"Location":{"Space":{"X":0,"Y":3},"Zone":{"X":-1,"Y":0}},"CurrentStamina":12,"CurrentOrder":{"Kind":6,"TargetZone":null,"TargetSpace":null,"TargetResource":null,"TargetUnit":{"InternalID":55,"UnitID":13,"Type":2,"Kind":1,"Location":{"Space":{"X":0,"Y":3},"Zone":{"X":-1,"Y":0}},"CurrentStamina":8,"CurrentOrder":null,"Builds":[],"GarrisonedIn":null,"Stance":0,"InterruptCurrent":false,"AttackBack":false,"TargetPriority":"","ActiveOrders":null,"Health":43.7,"MaxHealth":50},"TargetBuilding":null},"Builds":[],"GarrisonedIn":null,"Stance":3,"InterruptCurrent":false,"AttackBack":true,"TargetPriority":"","ActiveOrders":[{"ID":557,"Kind":6},{"ID":558,"Kind":6},{"ID":559,"Kind":6},{"ID":560,"Kind":6},{"ID":561,"Kind":6}],"Health":16,"MaxHealth":16},{"InternalID":23,"UnitID":12,"Type":2,"Kind":1,"Location":{"Space":{"X":0,"Y":3},"Zone":{"X":-1,"Y":0}},"CurrentStamina":12,"CurrentOrder":{"Kind":6,"TargetZone":null,"TargetSpace":null,"TargetResource":null,"TargetUnit":{"InternalID":56,"UnitID":13,"Type":2,"Kind":1,"Location":{"Space":{"X":0,"Y":3},"Zone":{"X":-1,"Y":0}},"CurrentStamina":8,"CurrentOrder":null,"Builds":[],"GarrisonedIn":null,"Stance":0,"InterruptCurrent":false,"AttackBack":false,"TargetPriority":"","ActiveOrders":null,"Health":43.7,"MaxHealth":50},"TargetBuilding":null},"Builds":[],"GarrisonedIn":null,"Stance":3,"InterruptCurrent":false,"AttackBack":true,"TargetPriority":"","ActiveOrders":[{"ID":563,"Kind":6},{"ID":564,"Kind":6},{"ID":565,"Kind":6},{"ID":566,"Kind":6},{"ID":567,"Kind":6}],"Health":16,"MaxHealth":16},{"InternalID":24,"UnitID":12,"Type":2,"Kind":1,"Location":{"Space":{"X":0,"Y":3},"Zone":{"X":-1,"Y":0}},"CurrentStamina":12,"CurrentOrder":{"Kind":6,"TargetZone":null,"TargetSpace":null,"TargetResource":null,"TargetUnit":{"InternalID":57,"UnitID":13,"Type":2,"Kind":1,"Location":{"Space":{"X":0,"Y":3},"Zone":{"X":-1,"Y":0}},"CurrentStamina":8,"CurrentOrder":null,"Builds":[],"GarrisonedIn":null,"Stance":0,"InterruptCurrent":false,"AttackBack":false,"TargetPriority":"","ActiveOrders":null,"Health":43.7,"MaxHealth":50},"TargetBuilding":null},"Builds":[],"GarrisonedIn":null,"Stance":3,"InterruptCurrent":false,"AttackBack":true,"TargetPriority":"","ActiveOrders":[{"ID":569,"Kind":6},{"ID":570,"Kind":6},{"ID":571,"Kind":6},{"ID":572,"Kind":6},{"ID":573,"Kind":6}],"Health":16,"MaxHealth":16},{"InternalID":25,"UnitID":13,"Type":2,"Kind":1,"Location":{"Space":{"X":-1,"Y":3},"Zone":{"X":0,"Y":0}},"CurrentStamina":12,"CurrentOrder":null,"Builds":[],"GarrisonedIn":null,"Stance":3,"InterruptCurrent":true,"AttackBack":true,"TargetPriority":"","ActiveOrders":null,"Health":47.8571,"MaxHealth":50},{"InternalID":26,"UnitID":13,"Type":2,"Kind":1,"Location":{"Space":{"X":-1,"Y":3},"Zone":{"X":0,"Y":0}},"CurrentStamina":12,"CurrentOrder":null,"Builds":[],"GarrisonedIn":null,"Stance":3,"InterruptCurrent":true,"AttackBack":true,"TargetPriority":"","ActiveOrders":null,"Health":50,"MaxHealth":50},{"InternalID":27,"UnitID":13,"Type":2,"Kind":1,"Location":{"Space":{"X":-1,"Y":3},"Zone":{"X":0,"Y":0}},"CurrentStamina":12,"CurrentOrder":null,"Builds":[],"GarrisonedIn":null,"Stance":3,"InterruptCurrent":true,"AttackBack":true,"TargetPriority":"","ActiveOrders":null,"Health":50,"MaxHealth":50},{"InternalID":28,"UnitID":13,"Type":2,"Kind":1,"Location":{"Space":{"X":-1,"Y":3},"Zone":{"X":0,"Y":0}},"CurrentStamina":12,"CurrentOrder":null,"Builds":[],"GarrisonedIn":null,"Stance":3,"InterruptCurrent":true,"AttackBack":true,"TargetPriority":"","ActiveOrders":null,"Health":50,"MaxHealth":50},{"InternalID":29,"UnitID":13,"Type":2,"Kind":1,"Location":{"Space":{"X":-1,"Y":3},"Zone":{"X":0,"Y":0}},"CurrentStamina":12,"CurrentOrder":null,"Builds":[],"GarrisonedIn":null,"Stance":3,"InterruptCurrent":true,"AttackBack":true,"TargetPriority":"","ActiveOrders":null,"Health":50,"MaxHealth":50},{"InternalID":30,"UnitID":13,"Type":2,"Kind":1,"Location":{"Space":{"X":-1,"Y":3},"Zone":{"X":0,"Y":0}},"CurrentStamina":12,"CurrentOrder":null,"Builds":[],"GarrisonedIn":null,"Stance":3,"InterruptCurrent":true,"AttackBack":true,"TargetPriority":"","ActiveOrders":null,"Health":50,"MaxHealth":50}]}
2026/09/30 21:20:37 ai ai-0: submitting orders [{Subjects:[6] OrderType:2 TargetID:1711 ClearPreviousOrders:true} {Subjects:[2] OrderType:2 TargetID:1711 ClearPreviousOrders:true} {Subjects:[4] OrderType:2 TargetID:1711 ClearPreviousOrders:true} {Subjects:[5] OrderType:2 TargetID:1711 ClearPreviousOrders:true} {Subjects:[25] OrderType:2 TargetID:1711 ClearPreviousOrders:true} {Subjects:[26] OrderType:2 TargetID:1711 ClearPreviousOrders:true} {Subjects:[27] OrderType:2 TargetID:1711 ClearPreviousOrders:true} {Subjects:[28] OrderType:2 TargetID:1711 ClearPreviousOrders:true} {Subjects:[29] OrderType:2 TargetID:1711 ClearPreviousOrders:true} {Subjects:[30] OrderType:2 TargetID:1711 ClearPreviousOrders:true} {Subjects:[2] OrderType:9 TargetID:51 ClearPreviousOrders:true} {Subjects:[4] OrderType:9 TargetID:51 ClearPreviousOrders:true} {Subjects:[5] OrderType:9 TargetID:51 ClearPreviousOrders:true} {Subjects:[6] OrderType:9 TargetID:51 ClearPreviousOrders:true} {Subjects:[21] OrderType:9 TargetID:51 ClearPreviousOrders:true} {Subjects:[22] OrderType:9 TargetID:51 ClearPreviousOrders:true} {Subjects:[23] OrderType:9 TargetID:51 ClearPreviousOrders:true} {Subjects:[24] OrderType:9 TargetID:51 ClearPreviousOrders:true} {Subjects:[25] OrderType:9 TargetID:51 ClearPreviousOrders:true} {Subjects:[26] OrderType:9 TargetID:51 ClearPreviousOrders:true} {Subjects:[27] OrderType:9 TargetID:51 ClearPreviousOrders:true} {Subjects:[28] OrderType:9 TargetID:51 ClearPreviousOrders:true} {Subjects:[29] OrderType:9 TargetID:51 ClearPreviousOrders:true} {Subjects:[30] OrderType:9 TargetID:51 ClearPreviousOrders:true} {Subjects:[21] OrderType:9 TargetID:51 ClearPreviousOrders:true} {Subjects:[21] OrderType:9 TargetID:52 ClearPreviousOrders:false} {Subjects:[21] OrderType:9 TargetID:53 ClearPreviousOrders:false} {Subjects:[21] OrderType:9 TargetID:54 ClearPreviousOrders:false} {Subjects:[21] OrderType:9 TargetID:55 ClearPreviousOrders:false} {Subjects:[21] OrderType:9 TargetID:56 ClearPreviousOrders:false} {Subjects:[22] OrderType:9 TargetID:51 ClearPreviousOrders:true} {Subjects:[22] OrderType:9 TargetID:53 ClearPreviousOrders:false} {Subjects:[22] OrderType:9 TargetID:54 ClearPreviousOrders:false} {Subjects:[22] OrderType:9 TargetID:55 ClearPreviousOrders:false} {Subjects:[22] OrderType:9 TargetID:56 ClearPreviousOrders:false} {Subjects:[22] OrderType:9 TargetID:57 ClearPreviousOrders:false} {Subjects:[23] OrderType:9 TargetID:51 ClearPreviousOrders:true} {Subjects:[23] OrderType:9 TargetID:54 ClearPreviousOrders:false} {Subjects:[23] OrderType:9 TargetID:55 ClearPreviousOrders:false} {Subjects:[23] OrderType:9 TargetID:56 ClearPreviousOrders:false} {Subjects:[23] OrderType:9 TargetID:57 ClearPreviousOrders:false} {Subjects:[23] OrderType:9 TargetID:58 ClearPreviousOrders:false} {Subjects:[24] OrderType:9 TargetID:51 ClearPreviousOrders:true} {Subjects:[24] OrderType:9 TargetID:55 ClearPreviousOrders:false} {Subjects:[24] OrderType:9 TargetID:56 ClearPreviousOrders:false} {Subjects:[24] OrderType:9 TargetID:57 ClearPreviousOrders:false} {Subjects:[24] OrderType:9 TargetID:58 ClearPreviousOrders:false} {Subjects:[24] OrderType:9 TargetID:59 ClearPreviousOrders:false}]
2026/09/30 21:20:37 ai ai-0: vars {"B":4,"Hv":6,"Pi":4,"aPowLocal":0,"aThreat":0,"a_engaged":0,"a_odds":1.3,"a_outnumbered":0,"army_target":50,"army_value":1800,"assault":0,"bank_rate":28,"bar_barracks":0.17072129748186085,"bar_redoubt":1.1111111111111112,"barracks":0,"barracks_B":0,"barracks_P":0,"barracks_save":0,"barracks_spend":78.1,"barracks_want":0,"buffer_food":70,"buffer_gold":0,"buffer_stone":0,"buffer_wood":70,"builders":0,"committed":0,"eB":13.499999999999996,"eGrowth":0,"eH":6,"eMil":26.9,"eP":7.4,"ePow":52.3,"ePowEst":49.71564382399999,"ePowSeen":49.71564382399999,"eTech":1,"eV":0,"es":27.9,"farm_want":0,"farm_wood_short":0,"farming":0,"fire_barracks":0,"fire_farm0":0,"fire_farm1":0,"fire_farm2":0,"fire_house":0,"fire_outpost":0,"fire_redoubt":0,"fire_smith":0,"fire_vc":0,"food_need":0,"food_over":0,"food_rate":0,"food_slots":1000,"food_workers":0,"free_room":36,"go":0,"gold_income":6,"gold_need":0,"gold_rate":0,"gold_surplus":124,"guaranteed":0,"guard_home":0,"headroom":-14,"hire_B":6676.923076923077,"hire_P":10492.307692307693,"homePow":0,"house_builders":0,"house_urgency":0,"house_want":0,"income_proj":0,"left":0,"lf_food":0,"lf_gold":0,"lf_stone":0,"lf_wood":0,"lump_food":0,"lump_gold":0,"lump_stone":0,"lump_wood":0,"maturity":0,"mil":14,"myTech":1,"n_barracks":0,"n_redoubts":0,"needB":26.52091792344228,"needP":9.479082076557718,"outpost_want":0,"pikes":0,"planned_food":0,"planned_gold":0,"planned_stone":0,"planned_wood":0,"prod_rate":0,"proj_army":1800,"raid_danger":32,"raid_fails":0,"raid_lost":0,"raid_pause":0,"raid_prev":3,"raid_size":3,"raid_wiped":0,"rate":6,"redoubt_H":0,"redoubt_gold_ok":0.9511111111111111,"redoubt_save":0,"redoubt_spend":30,"redoubt_want":0,"redoubts":0,"rf_food":0,"rf_gold":0,"rf_stone":0,"rf_wood":0,"sB4":1.253281414932632,"sP4":0.44794668990962466,"scale_l":0,"scale_r":0,"shareH":0.5079179863310552,"smith_want":0,"smiths":0,"spare":0,"spare_food":0.5,"stone_need":0,"stone_rate":0,"tH":42,"target_spend":400,"tech_food":50,"tech_gold":0,"tech_stone":0,"tech_wood":50,"threat_home":0,"turns_left":-140,"u_barracks":0.176418647666203,"u_redoubt":0.47405678724231826,"unit_spend":120,"vB":1.058064516129032,"vH":1.0921146953405019,"vP":0.818100358422939,"vc_want":0,"vcs":0,"vil_goal":50,"vil_rate":0,"vil_stamina":8,"vil_want":0,"vil_want_last":0,"vil_worth_now":0.6,"vils":0,"w_food":0,"w_gold":0,"w_stone":0,"w_wood":0,"wild_workers":0,"wood_need":0,"wood_rate":0,"workers":0}
2026/09/30 21:20:37 player action: set-unit-behavior 0 1 map[internal_ids:[21 22 23 24] interrupt_current:true]
2026/09/30 21:20:37 player action: submit-orders 0 1 map[orders:[{0 [6] 2 1711 true} {0 [2] 2 1711 true} {0 [4] 2 1711 true} {0 [5] 2 1711 true} {0 [25] 2 1711 true} {0 [26] 2 1711 true} {0 [27] 2 1711 true} {0 [28] 2 1711 true} {0 [29] 2 1711 true} {0 [30] 2 1711 true} {0 [2] 9 51 true} {0 [4] 9 51 true} {0 [5] 9 51 true} {0 [6] 9 51 true} {0 [21] 9 51 true} {0 [22] 9 51 true} {0 [23] 9 51 true} {0 [24] 9 51 true} {0 [25] 9 51 true} {0 [26] 9 51 true} {0 [27] 9 51 true} {0 [28] 9 51 true} {0 [29] 9 51 true} {0 [30] 9 51 true} {0 [21] 9 51 true} {0 [21] 9 52 false} {0 [21] 9 53 false} {0 [21] 9 54 false} {0 [21] 9 55 false} {0 [21] 9 56 false} {0 [22] 9 51 true} {0 [22] 9 53 false} {0 [22] 9 54 false} {0 [22] 9 55 false} {0 [22] 9 56 false} {0 [22] 9 57 false} {0 [23] 9 51 true} {0 [23] 9 54 false} {0 [23] 9 55 false} {0 [23] 9 56 false} {0 [23] 9 57 false} {0 [23] 9 58 false} {0 [24] 9 51 true} {0 [24] 9 55 false} {0 [24] 9 56 false} {0 [24] 9 57 false} {0 [24] 9 58 false} {0 [24] 9 59 false}]]
2026/09/30 21:20:37 Executing submit orders for: 0 [{0 [6] 2 1711 true} {0 [2] 2 1711 true} {0 [4] 2 1711 true} {0 [5] 2 1711 true} {0 [25] 2 1711 true} {0 [26] 2 1711 true} {0 [27] 2 1711 true} {0 [28] 2 1711 true} {0 [29] 2 1711 true} {0 [30] 2 1711 true} {0 [2] 9 51 true} {0 [4] 9 51 true} {0 [5] 9 51 true} {0 [6] 9 51 true} {0 [21] 9 51 true} {0 [22] 9 51 true} {0 [23] 9 51 true} {0 [24] 9 51 true} {0 [25] 9 51 true} {0 [26] 9 51 true} {0 [27] 9 51 true} {0 [28] 9 51 true} {0 [29] 9 51 true} {0 [30] 9 51 true} {0 [21] 9 51 true} {0 [21] 9 52 false} {0 [21] 9 53 false} {0 [21] 9 54 false} {0 [21] 9 55 false} {0 [21] 9 56 false} {0 [22] 9 51 true} {0 [22] 9 53 false} {0 [22] 9 54 false} {0 [22] 9 55 false} {0 [22] 9 56 false} {0 [22] 9 57 false} {0 [23] 9 51 true} {0 [23] 9 54 false} {0 [23] 9 55 false} {0 [23] 9 56 false} {0 [23] 9 57 false} {0 [23] 9 58 false} {0 [24] 9 51 true} {0 [24] 9 55 false} {0 [24] 9 56 false} {0 [24] 9 57 false} {0 [24] 9 58 false} {0 [24] 9 59 false}]
2026/09/30 21:20:37 Resolving active orders
2026/09/30 21:20:37 Moving unit 28 Heavy Infantry to zone(1, 0) in space (-1, 3) tick=1
2026/09/30 21:20:37 Moving unit 6 Blunt Infantry to zone(0, 0) in space (0, 2) tick=1
2026/09/30 21:20:37 combat turn=13 tick=1: 24 u12 (player 0, stamina 3) hits 51 u12 (player 1) for 2.40
2026/09/30 21:20:37 Moving unit 27 Heavy Infantry to zone(1, 0) in space (-1, 3) tick=1
2026/09/30 21:20:37 Moving unit 2 Blunt Infantry to zone(0, 0) in space (1, 2) tick=1
2026/09/30 21:20:37 Moving unit 4 Blunt Infantry to zone(1, -1) in space (0, 3) tick=1
2026/09/30 21:20:37 combat turn=13 tick=1: 22 u12 (player 0, stamina 3) hits 51 u12 (player 1) for 2.40
2026/09/30 21:20:37 Moving unit 29 Heavy Infantry to zone(1, 0) in space (-1, 3) tick=1
2026/09/30 21:20:37 combat turn=13 tick=1: 21 u12 (player 0, stamina 3) hits 51 u12 (player 1) for 2.40
2026/09/30 21:20:37 Moving unit 30 Heavy Infantry to zone(1, 0) in space (-1, 3) tick=1
2026/09/30 21:20:37 Moving unit 5 Blunt Infantry to zone(-1, 1) in space (1, 2) tick=1
2026/09/30 21:20:37 combat turn=13 tick=1: 23 u12 (player 0, stamina 3) hits 51 u12 (player 1) for 2.40
2026/09/30 21:20:37 Moving unit 25 Heavy Infantry to zone(1, 0) in space (-1, 3) tick=1
2026/09/30 21:20:37 Moving unit 26 Heavy Infantry to zone(1, 0) in space (-1, 3) tick=1
2026/09/30 21:20:37 combat turn=13 tick=1: 54 u12 (player 1, stamina 3) hits 21 u12 (player 0) for 2.40
2026/09/30 21:20:37 combat turn=13 tick=1: 51 u12 (player 1, stamina 3) hits 21 u12 (player 0) for 2.40
2026/09/30 21:20:37 combat turn=13 tick=1: 55 u13 (player 1, stamina 3) hits 21 u12 (player 0) for 4.54
2026/09/30 21:20:37 combat turn=13 tick=1: 53 u12 (player 1, stamina 3) hits 21 u12 (player 0) for 2.40
2026/09/30 21:20:37 combat turn=13 tick=1: 52 u12 (player 1, stamina 3) hits 21 u12 (player 0) for 2.40
2026/09/30 21:20:37 combat turn=13 tick=1: 58 u13 (player 1, stamina 3) hits 21 u12 (player 0) for 4.54
2026/09/30 21:20:37 combat turn=13 tick=1: 59 u13 (player 1, stamina 3) hits 21 u12 (player 0) for 4.54
2026/09/30 21:20:37 combat turn=13 tick=1: 56 u13 (player 1, stamina 3) hits 21 u12 (player 0) for 4.54
2026/09/30 21:20:37 combat turn=13 tick=1: 60 u13 (player 1, stamina 3) hits 21 u12 (player 0) for 4.54
2026/09/30 21:20:37 combat turn=13 tick=1: 57 u13 (player 1, stamina 3) hits 21 u12 (player 0) for 4.54
2026/09/30 21:20:37 Moving unit 33 Blunt Infantry to zone(-1, 1) in space (-2, -1) tick=1
2026/09/30 21:20:37 state_hash turn=13 tick=1 hash=118caf6a32e118bc
2026/09/30 21:20:37 Moving unit 6 Blunt Infantry to zone(0, 1) in space (0, 2) tick=2
2026/09/30 21:20:37 combat turn=13 tick=2: 24 u12 (player 0, stamina 3) hits 51 u12 (player 1) for 2.40
2026/09/30 21:20:37 Moving unit 27 Heavy Infantry to zone(-1, 0) in space (0, 3) tick=2
2026/09/30 21:20:37 Moving unit 2 Blunt Infantry to zone(-1, 1) in space (1, 2) tick=2
2026/09/30 21:20:37 Moving unit 4 Blunt Infantry to zone(0, 0) in space (0, 3) tick=2
2026/09/30 21:20:37 combat turn=13 tick=2: 22 u12 (player 0, stamina 3) hits 51 u12 (player 1) for 2.40
2026/09/30 21:20:37 Moving unit 29 Heavy Infantry to zone(-1, 0) in space (0, 3) tick=2
2026/09/30 21:20:37 Moving unit 30 Heavy Infantry to zone(-1, 0) in space (0, 3) tick=2
2026/09/30 21:20:37 Moving unit 5 Blunt Infantry to zone(1, -1) in space (0, 3) tick=2
2026/09/30 21:20:37 combat turn=13 tick=2: 23 u12 (player 0, stamina 3) hits 51 u12 (player 1) for 2.40
2026/09/30 21:20:37 Moving unit 25 Heavy Infantry to zone(-1, 0) in space (0, 3) tick=2
2026/09/30 21:20:37 Moving unit 26 Heavy Infantry to zone(-1, 0) in space (0, 3) tick=2
2026/09/30 21:20:37 Moving unit 28 Heavy Infantry to zone(-1, 0) in space (0, 3) tick=2
2026/09/30 21:20:37 combat turn=13 tick=2: 54 u12 (player 1, stamina 3) hits 22 u12 (player 0) for 2.40
2026/09/30 21:20:37 combat turn=13 tick=2: 51 u12 (player 1, stamina 3) hits 22 u12 (player 0) for 2.40
2026/09/30 21:20:37 combat turn=13 tick=2: 55 u13 (player 1, stamina 3) hits 22 u12 (player 0) for 4.54
2026/09/30 21:20:37 combat turn=13 tick=2: 53 u12 (player 1, stamina 3) hits 22 u12 (player 0) for 2.40
2026/09/30 21:20:37 combat turn=13 tick=2: 52 u12 (player 1, stamina 3) hits 22 u12 (player 0) for 2.40
2026/09/30 21:20:37 combat turn=13 tick=2: 58 u13 (player 1, stamina 3) hits 22 u12 (player 0) for 4.54
2026/09/30 21:20:37 combat turn=13 tick=2: 59 u13 (player 1, stamina 3) hits 22 u12 (player 0) for 4.54
2026/09/30 21:20:37 combat turn=13 tick=2: 56 u13 (player 1, stamina 3) hits 22 u12 (player 0) for 4.54
2026/09/30 21:20:37 combat turn=13 tick=2: 60 u13 (player 1, stamina 3) hits 22 u12 (player 0) for 4.54
2026/09/30 21:20:37 combat turn=13 tick=2: 57 u13 (player 1, stamina 3) hits 22 u12 (player 0) for 4.54
2026/09/30 21:20:37 Moving unit 33 Blunt Infantry to zone(1, -1) in space (-3, 0) tick=2
2026/09/30 21:20:37 state_hash turn=13 tick=2 hash=0b6c0da710684d2c
2026/09/30 21:20:37 combat turn=13 tick=3: 29 u13 (player 0, stamina 3) hits 52 u12 (player 1) for 4.54
2026/09/30 21:20:37 combat turn=13 tick=3: 30 u13 (player 0, stamina 3) hits 52 u12 (player 1) for 4.54
2026/09/30 21:20:37 Moving unit 5 Blunt Infantry to zone(0, 0) in space (0, 3) tick=3
2026/09/30 21:20:37 combat turn=13 tick=3: 23 u12 (player 0, stamina 3) hits 52 u12 (player 1) for 2.40
2026/09/30 21:20:37 combat turn=13 tick=3: 25 u13 (player 0, stamina 3) hits 52 u12 (player 1) for 4.54
2026/09/30 21:20:37 combat turn=13 tick=3: 26 u13 (player 0, stamina 3) hits 52 u12 (player 1) for 4.54
2026/09/30 21:20:37 combat turn=13 tick=3: 28 u13 (player 0, stamina 3) hits 52 u12 (player 1) for 4.54
2026/09/30 21:20:37 combat turn=13 tick=3: 24 u12 (player 0, stamina 3) hits 52 u12 (player 1) for 2.40
2026/09/30 21:20:37 combat turn=13 tick=3: 27 u13 (player 0, stamina 3) hits 52 u12 (player 1) for 4.54
2026/09/30 21:20:37 Moving unit 4 Blunt Infantry to zone(-1, 0) in space (0, 3) tick=3
2026/09/30 21:20:37 combat turn=13 tick=3: 54 u12 (player 1, stamina 3) hits 23 u12 (player 0) for 2.40
2026/09/30 21:20:37 combat turn=13 tick=3: 55 u13 (player 1, stamina 2) hits 23 u12 (player 0) for 3.03
2026/09/30 21:20:37 combat turn=13 tick=3: 53 u12 (player 1, stamina 3) hits 23 u12 (player 0) for 2.40
2026/09/30 21:20:37 combat turn=13 tick=3: 52 u12 (player 1, stamina 3) hits 23 u12 (player 0) for 2.40
2026/09/30 21:20:37 combat turn=13 tick=3: 58 u13 (player 1, stamina 2) hits 23 u12 (player 0) for 3.03
2026/09/30 21:20:37 combat turn=13 tick=3: 59 u13 (player 1, stamina 2) hits 23 u12 (player 0) for 3.03
2026/09/30 21:20:37 combat turn=13 tick=3: 56 u13 (player 1, stamina 2) hits 23 u12 (player 0) for 3.03
2026/09/30 21:20:37 combat turn=13 tick=3: 60 u13 (player 1, stamina 2) hits 23 u12 (player 0) for 3.03
2026/09/30 21:20:37 combat turn=13 tick=3: 57 u13 (player 1, stamina 2) hits 23 u12 (player 0) for 3.03
2026/09/30 21:20:37 Moving unit 33 Blunt Infantry to zone(0, 0) in space (-3, 0) tick=3
2026/09/30 21:20:37 state_hash turn=13 tick=3 hash=a43057cc3cb503ad
2026/09/30 21:20:37 combat turn=13 tick=4: 29 u13 (player 0, stamina 2) hits 53 u12 (player 1) for 3.03
2026/09/30 21:20:37 combat turn=13 tick=4: 30 u13 (player 0, stamina 2) hits 53 u12 (player 1) for 3.03
2026/09/30 21:20:37 Moving unit 5 Blunt Infantry to zone(-1, 0) in space (0, 3) tick=4
2026/09/30 21:20:37 combat turn=13 tick=4: 25 u13 (player 0, stamina 2) hits 53 u12 (player 1) for 3.03
2026/09/30 21:20:37 combat turn=13 tick=4: 26 u13 (player 0, stamina 2) hits 53 u12 (player 1) for 3.03
2026/09/30 21:20:37 combat turn=13 tick=4: 28 u13 (player 0, stamina 2) hits 53 u12 (player 1) for 3.03
2026/09/30 21:20:37 combat turn=13 tick=4: 24 u12 (player 0, stamina 3) hits 53 u12 (player 1) for 2.40
2026/09/30 21:20:37 combat turn=13 tick=4: 27 u13 (player 0, stamina 2) hits 53 u12 (player 1) for 3.03
2026/09/30 21:20:37 combat turn=13 tick=4: 4 u11 (player 0, stamina 3) hits 53 u12 (player 1) for 1.50
2026/09/30 21:20:37 combat turn=13 tick=4: 54 u12 (player 1, stamina 3) hits 4 u11 (player 0) for 2.70
2026/09/30 21:20:37 combat turn=13 tick=4: 53 u12 (player 1, stamina 3) hits 4 u11 (player 0) for 2.70
2026/09/30 21:20:37 Moving unit 33 Blunt Infantry to zone(-1, 0) in space (-3, 0) tick=4
2026/09/30 21:20:37 state_hash turn=13 tick=4 hash=a075b18f25fa854f
2026/09/30 21:20:37 combat turn=13 tick=5: 5 u11 (player 0, stamina 3) hits 54 u12 (player 1) for 1.50
2026/09/30 21:20:37 combat turn=13 tick=5: 4 u11 (player 0, stamina 3) hits 54 u12 (player 1) for 1.50
2026/09/30 21:20:37 Moving unit 33 Blunt Infantry to zone(1, 0) in space (-4, 0) tick=5
2026/09/30 21:20:37 state_hash turn=13 tick=5 hash=979f6be5c67b6fed
2026/09/30 21:20:37 combat turn=13 tick=6: 5 u11 (player 0, stamina 3) hits 54 u12 (player 1) for 1.50
2026/09/30 21:20:37 combat turn=13 tick=6: 4 u11 (player 0, stamina 3) hits 54 u12 (player 1) for 1.50
2026/09/30 21:20:37 Moving unit 33 Blunt Infantry to zone(0, 0) in space (-4, 0) tick=6
2026/09/30 21:20:37 state_hash turn=13 tick=6 hash=089e61c61e433274
2026/09/30 21:20:37 combat turn=13 tick=7: 4 u11 (player 0, stamina 3) hits 54 u12 (player 1) for 1.50
2026/09/30 21:20:37 combat turn=13 tick=7: 5 u11 (player 0, stamina 3) hits 54 u12 (player 1) for 1.50
2026/09/30 21:20:37 state_hash turn=13 tick=7 hash=12d08d86d722c596
2026/09/30 21:20:37 combat turn=13 tick=8: 4 u11 (player 0, stamina 3) hits 55 u13 (player 1) for 0.71
2026/09/30 21:20:37 combat turn=13 tick=8: 5 u11 (player 0, stamina 3) hits 55 u13 (player 1) for 0.71
2026/09/30 21:20:37 state_hash turn=13 tick=8 hash=0616583e653cd8cc
2026/09/30 21:20:37 combat turn=13 tick=9: 5 u11 (player 0, stamina 2) hits 55 u13 (player 1) for 0.48
2026/09/30 21:20:37 state_hash turn=13 tick=9 hash=c071ac2ca7c71ac6
2026/09/30 21:20:37 state_hash turn=13 tick=end hash=3510b3a31de4a904
2026/09/30 21:20:37 ai ai-1: new turn data {"buildings":[],"enemy_buildings":[],"enemy_units":[{"InternalID":4,"UnitID":11,"Type":2,"Kind":1,"Location":{"Space":{"X":0,"Y":3},"Zone":{"X":-1,"Y":0}},"CurrentStamina":15,"CurrentOrder":null,"Builds":[],"GarrisonedIn":null,"Stance":0,"InterruptCurrent":false,"AttackBack":false,"TargetPriority":"","ActiveOrders":null,"Health":5.6,"MaxHealth":11},{"InternalID":5,"UnitID":11,"Type":2,"Kind":1,"Location":{"Space":{"X":0,"Y":3},"Zone":{"X":-1,"Y":0}},"CurrentStamina":15,"CurrentOrder":null,"Builds":[],"GarrisonedIn":null,"Stance":0,"InterruptCurrent":false,"AttackBack":false,"TargetPriority":"","ActiveOrders":null,"Health":11,"MaxHealth":11},{"InternalID":24,"UnitID":12,"Type":2,"Kind":1,"Location":{"Space":{"X":0,"Y":3},"Zone":{"X":-1,"Y":0}},"CurrentStamina":12,"CurrentOrder":null,"Builds":[],"GarrisonedIn":null,"Stance":0,"InterruptCurrent":false,"AttackBack":false,"TargetPriority":"","ActiveOrders":null,"Health":16,"MaxHealth":16},{"InternalID":25,"UnitID":13,"Type":2,"Kind":1,"Location":{"Space":{"X":0,"Y":3},"Zone":{"X":-1,"Y":0}},"CurrentStamina":8,"CurrentOrder":null,"Builds":[],"GarrisonedIn":null,"Stance":0,"InterruptCurrent":false,"AttackBack":false,"TargetPriority":"","ActiveOrders":null,"Health":47.8571,"MaxHealth":50},{"InternalID":26,"UnitID":13,"Type":2,"Kind":1,"Location":{"Space":{"X":0,"Y":3},"Zone":{"X":-1,"Y":0}},"CurrentStamina":8,"CurrentOrder":null,"Builds":[],"GarrisonedIn":null,"Stance":0,"InterruptCurrent":false,"AttackBack":false,"TargetPriority":"","ActiveOrders":null,"Health":50,"MaxHealth":50},{"InternalID":27,"UnitID":13,"Type":2,"Kind":1,"Location":{"Space":{"X":0,"Y":3},"Zone":{"X":-1,"Y":0}},"CurrentStamina":8,"CurrentOrder":null,"Builds":[],"GarrisonedIn":null,"Stance":0,"InterruptCurrent":false,"AttackBack":false,"TargetPriority":"","ActiveOrders":null,"Health":50,"MaxHealth":50},{"InternalID":28,"UnitID":13,"Type":2,"Kind":1,"Location":{"Space":{"X":0,"Y":3},"Zone":{"X":-1,"Y":0}},"CurrentStamina":8,"CurrentOrder":null,"Builds":[],"GarrisonedIn":null,"Stance":0,"InterruptCurrent":false,"AttackBack":false,"TargetPriority":"","ActiveOrders":null,"Health":50,"MaxHealth":50},{"InternalID":29,"UnitID":13,"Type":2,"Kind":1,"Location":{"Space":{"X":0,"Y":3},"Zone":{"X":-1,"Y":0}},"CurrentStamina":8,"CurrentOrder":null,"Builds":[],"GarrisonedIn":null,"Stance":0,"InterruptCurrent":false,"AttackBack":false,"TargetPriority":"","ActiveOrders":null,"Health":50,"MaxHealth":50},{"InternalID":30,"UnitID":13,"Type":2,"Kind":1,"Location":{"Space":{"X":0,"Y":3},"Zone":{"X":-1,"Y":0}},"CurrentStamina":8,"CurrentOrder":null,"Builds":[],"GarrisonedIn":null,"Stance":0,"InterruptCurrent":false,"AttackBack":false,"TargetPriority":"","ActiveOrders":null,"Health":50,"MaxHealth":50}],"foundations":[],"population":{"current":7,"limit":0},"resources":{"food":200,"gold":36,"stone":100,"wood":200},"spaces":[{"Space":{"X":0,"Y":-4},"Vision":0,"Owner":-1},{"Space":{"X":1,"Y":-4},"Vision":0,"Owner":-1},{"Space":{"X":2,"Y":-4},"Vision":0,"Owner":-1},{"Space":{"X":3,"Y":-4},"Vision":0,"Owner":-1},{"Space":{"X":4,"Y":-4},"Vision":0,"Owner":-1},{"Space":{"X":-1,"Y":-3},"Vision":0,"Owner":-1},{"Space":{"X":0,"Y":-3},"Vision":0,"Owner":-1},{"Space":{"X":1,"Y":-3},"Vision":0,"Owner":-1},{"Space":{"X":2,"Y":-3},"Vision":0,"Owner":-1},{"Space":{"X":3,"Y":-3},"Vision":0,"Owner":-1},{"Space":{"X":4,"Y":-3},"Vision":0,"Owner":-1},{"Space":{"X":-2,"Y":-2},"Vision":1,"Owner":-1},{"Space":{"X":-1,"Y":-2},"Vision":1,"Owner":-1},{"Space":{"X":0,"Y":-2},"Vision":1,"Owner":-1},{"Space":{"X":1,"Y":-2},"Vision":1,"Owner":-1},{"Space":{"X":2,"Y":-2},"Vision":1,"Owner":-1},{"Space":{"X":3,"Y":-2},"Vision":1,"Owner":-1},{"Space":{"X":4,"Y":-2},"Vision":0,"Owner":-1},{"Space":{"X":-3,"Y":-1},"Vision":2,"Owner":-1},{"Space":{"X":-2,"Y":-1},"Vision":1,"Owner":-1},{"Space":{"X":-1,"Y":-1},"Vision":1,"Owner":-1},{"Space":{"X":0,"Y":-1},"Vision":1,"Owner":-1},{"Space":{"X":1,"Y":-1},"Vision":1,"Owner":-1},{"Space":{"X":2,"Y":-1},"Vision":1,"Owner":-1},{"Space":{"X":3,"Y":-1},"Vision":1,"Owner":-1},{"Space":{"X":4,"Y":-1},"Vision":0,"Owner":-1},{"Space":{"X":-4,"Y":0},"Vision":3,"Owner":1},{"Space":{"X":-3,"Y":0},"Vision":2,"Owner":-1},{"Space":{"X":-2,"Y":0},"Vision":1,"Owner":-1},{"Space":{"X":-1,"Y":0},"Vision":1,"Owner":-1},{"Space":{"X":0,"Y":0},"Vision":1,"Owner":-1},{"Space":{"X":1,"Y":0},"Vision":1,"Owner":-1},{"Space":{"X":2,"Y":0},"Vision":1,"Owner":-1},{"Space":{"X":3,"Y":0},"Vision":1,"Owner":-1},{"Space":{"X":4,"Y":0},"Vision":0,"Owner":-1},{"Space":{"X":-4,"Y":1},"Vision":2,"Owner":-1},{"Space":{"X":-3,"Y":1},"Vision":1,"Owner":-1},{"Space":{"X":-2,"Y":1},"Vision":1,"Owner":0},{"Space":{"X":-1,"Y":1},"Vision":1,"Owner":-1},{"Space":{"X":0,"Y":1},"Vision":1,"Owner":-1},{"Space":{"X":1,"Y":1},"Vision":1,"Owner":0},{"Space":{"X":2,"Y":1},"Vision":1,"Owner":0},{"Space":{"X":3,"Y":1},"Vision":1,"Owner":-1},{"Space":{"X":-4,"Y":2},"Vision":1,"Owner":0},{"Space":{"X":-3,"Y":2},"Vision":1,"Owner":-1},{"Space":{"X":-2,"Y":2},"Vision":1,"Owner":0},{"Space":{"X":-1,"Y":2},"Vision":1,"Owner":0},{"Space":{"X":0,"Y":2},"Vision":2,"Owner":0},{"Space":{"X":1,"Y":2},"Vision":2,"Owner":0},{"Space":{"X":2,"Y":2},"Vision":1,"Owner":-1},{"Space":{"X":-4,"Y":3},"Vision":1,"Owner":0},{"Space":{"X":-3,"Y":3},"Vision":1,"Owner":-1},{"Space":{"X":-2,"Y":3},"Vision":1,"Owner":0},{"Space":{"X":-1,"Y":3},"Vision":3,"Owner":-1},{"Space":{"X":0,"Y":3},"Vision":3,"Owner":-1},{"Space":{"X":1,"Y":3},"Vision":2,"Owner":-1},{"Space":{"X":-4,"Y":4},"Vision":1,"Owner":-1},{"Space":{"X":-3,"Y":4},"Vision":1,"Owner":-1},{"Space":{"X":-2,"Y":4},"Vision":1,"Owner":-1},{"Space":{"X":-1,"Y":4},"Vision":2,"Owner":-1},{"Space":{"X":0,"Y":4},"Vision":2,"Owner":-1}],"units":[{"InternalID":33,"UnitID":11,"Type":2,"Kind":1,"Location":{"Space":{"X":-4,"Y":0},"Zone":{"X":0,"Y":0}},"CurrentStamina":18,"CurrentOrder":null,"Builds":[],"GarrisonedIn":null,"Stance":3,"InterruptCurrent":false,"AttackBack":true,"TargetPriority":"","ActiveOrders":null,"Health":11,"MaxHealth":11},{"InternalID":55,"UnitID":13,"Type":2,"Kind":1,"Location":{"Space":{"X":0,"Y":3},"Zone":{"X":-1,"Y":0}},"CurrentStamina":8,"CurrentOrder":{"Kind":4,"TargetZone":null,"TargetSpace":{"X":0,"Y":3},"TargetResource":null,"TargetUnit":null,"TargetBuilding":null},"Builds":[],"GarrisonedIn":null,"Stance":3,"InterruptCurrent":false,"AttackBack":true,"TargetPriority":"","ActiveOrders":[{"ID":266,"Kind":4}],"Health":41.7952,"MaxHealth":50},{"InternalID":56,"UnitID":13,"Type":2,"Kind":1,"Location":{"Space":{"X":0,"Y":3},"Zone":{"X":-1,"Y":0}},"CurrentStamina":8,"CurrentOrder":{"Kind":4,"TargetZone":null,"TargetSpace":{"X":0,"Y":3},"TargetResource":null,"TargetUnit":null,"TargetBuilding":null},"Builds":[],"GarrisonedIn":null,"Stance":3,"InterruptCurrent":false,"AttackBack":true,"TargetPriority":"","ActiveOrders":[{"ID":281,"Kind":4}],"Health":43.7,"MaxHealth":50},{"InternalID":57,"UnitID":13,"Type":2,"Kind":1,"Location":{"Space":{"X":0,"Y":3},"Zone":{"X":-1,"Y":0}},"CurrentStamina":8,"CurrentOrder":{"Kind":4,"TargetZone":null,"TargetSpace":{"X":0,"Y":3},"TargetResource":null,"TargetUnit":null,"TargetBuilding":null},"Builds":[],"GarrisonedIn":null,"Stance":3,"InterruptCurrent":false,"AttackBack":true,"TargetPriority":"","ActiveOrders":[{"ID":284,"Kind":4}],"Health":43.7,"MaxHealth":50},{"InternalID":58,"UnitID":13,"Type":2,"Kind":1,"Location":{"Space":{"X":0,"Y":3},"Zone":{"X":-1,"Y":0}},"CurrentStamina":8,"CurrentOrder":{"Kind":4,"TargetZone":null,"TargetSpace":{"X":0,"Y":3},"TargetResource":null,"TargetUnit":null,"TargetBuilding":null},"Builds":[],"GarrisonedIn":null,"Stance":3,"InterruptCurrent":false,"AttackBack":true,"TargetPriority":"","ActiveOrders":[{"ID":278,"Kind":4}],"Health":50,"MaxHealth":50},{"InternalID":59,"UnitID":13,"Type":2,"Kind":1,"Location":{"Space":{"X":0,"Y":3},"Zone":{"X":-1,"Y":0}},"CurrentStamina":8,"CurrentOrder":{"Kind":4,"TargetZone":null,"TargetSpace":{"X":0,"Y":3},"TargetResource":null,"TargetUnit":null,"TargetBuilding":null},"Builds":[],"GarrisonedIn":null,"Stance":3,"InterruptCurrent":false,"AttackBack":true,"TargetPriority":"","ActiveOrders":[{"ID":279,"Kind":4}],"Health":50,"MaxHealth":50},{"InternalID":60,"UnitID":13,"Type":2,"Kind":1,"Location":{"Space":{"X":0,"Y":3},"Zone":{"X":-1,"Y":0}},"CurrentStamina":8,"CurrentOrder":{"Kind":4,"TargetZone":null,"TargetSpace":{"X":0,"Y":3},"TargetResource":null,"TargetUnit":null,"TargetBuilding":null},"Builds":[],"GarrisonedIn":null,"Stance":3,"InterruptCurrent":false,"AttackBack":true,"TargetPriority":"","ActiveOrders":[{"ID":282,"Kind":4}],"Health":50,"MaxHealth":50}]}
2026/09/30 21:20:37 ai ai-1: submitting orders [{Subjects:[33] OrderType:2 TargetID:1378 ClearPreviousOrders:true}]
2026/09/30 21:20:37 ai ai-1: vars {}
2026/09/30 21:20:37 player action: submit-orders 0 2 map[orders:[{1 [33] 2 1378 true}]]
2026/09/30 21:20:37 Executing submit orders for: 1 [{1 [33] 2 1378 true}]
2026/09/30 21:20:37 ai ai-0: new turn data {"buildings":[],"enemy_buildings":[],"enemy_units":[{"InternalID":55,"UnitID":13,"Type":2,"Kind":1,"Location":{"Space":{"X":0,"Y":3},"Zone":{"X":-1,"Y":0}},"CurrentStamina":8,"CurrentOrder":null,"Builds":[],"GarrisonedIn":null,"Stance":0,"InterruptCurrent":false,"AttackBack":false,"TargetPriority":"","ActiveOrders":null,"Health":41.7952,"MaxHealth":50},{"InternalID":56,"UnitID":13,"Type":2,"Kind":1,"Location":{"Space":{"X":0,"Y":3},"Zone":{"X":-1,"Y":0}},"CurrentStamina":8,"CurrentOrder":null,"Builds":[],"GarrisonedIn":null,"Stance":0,"InterruptCurrent":false,"AttackBack":false,"TargetPriority":"","ActiveOrders":null,"Health":43.7,"MaxHealth":50},{"InternalID":57,"UnitID":13,"Type":2,"Kind":1,"Location":{"Space":{"X":0,"Y":3},"Zone":{"X":-1,"Y":0}},"CurrentStamina":8,"CurrentOrder":null,"Builds":[],"GarrisonedIn":null,"Stance":0,"InterruptCurrent":false,"AttackBack":false,"TargetPriority":"","ActiveOrders":null,"Health":43.7,"MaxHealth":50},{"InternalID":58,"UnitID":13,"Type":2,"Kind":1,"Location":{"Space":{"X":0,"Y":3},"Zone":{"X":-1,"Y":0}},"CurrentStamina":8,"CurrentOrder":null,"Builds":[],"GarrisonedIn":null,"Stance":0,"InterruptCurrent":false,"AttackBack":false,"TargetPriority":"","ActiveOrders":null,"Health":50,"MaxHealth":50},{"InternalID":59,"UnitID":13,"Type":2,"Kind":1,"Location":{"Space":{"X":0,"Y":3},"Zone":{"X":-1,"Y":0}},"CurrentStamina":8,"CurrentOrder":null,"Builds":[],"GarrisonedIn":null,"Stance":0,"InterruptCurrent":false,"AttackBack":false,"TargetPriority":"","ActiveOrders":null,"Health":50,"MaxHealth":50},{"InternalID":60,"UnitID":13,"Type":2,"Kind":1,"Location":{"Space":{"X":0,"Y":3},"Zone":{"X":-1,"Y":0}},"CurrentStamina":8,"CurrentOrder":null,"Builds":[],"GarrisonedIn":null,"Stance":0,"InterruptCurrent":false,"AttackBack":false,"TargetPriority":"","ActiveOrders":null,"Health":50,"MaxHealth":50}],"foundations":[],"population":{"current":11,"limit":0},"resources":{"food":200,"gold":128,"stone":100,"wood":200},"spaces":[{"Space":{"X":0,"Y":-4},"Vision":1,"Owner":-1},{"Space":{"X":1,"Y":-4},"Vision":1,"Owner":-1},{"Space":{"X":2,"Y":-4},"Vision":1,"Owner":-1},{"Space":{"X":3,"Y":-4},"Vision":1,"Owner":-1},{"Space":{"X":4,"Y":-4},"Vision":1,"Owner":-1},{"Space":{"X":-1,"Y":-3},"Vision":1,"Owner":-1},{"Space":{"X":0,"Y":-3},"Vision":1,"Owner":-1},{"Space":{"X":1,"Y":-3},"Vision":1,"Owner":-1},{"Space":{"X":2,"Y":-3},"Vision":1,"Owner":-1},{"Space":{"X":3,"Y":-3},"Vision":1,"Owner":-1},{"Space":{"X":4,"Y":-3},"Vision":1,"Owner":-1},{"Space":{"X":-2,"Y":-2},"Vision":1,"Owner":-1},{"Space":{"X":-1,"Y":-2},"Vision":1,"Owner":-1},{"Space":{"X":0,"Y":-2},"Vision":1,"Owner":-1},{"Space":{"X":1,"Y":-2},"Vision":1,"Owner":-1},{"Space":{"X":2,"Y":-2},"Vision":1,"Owner":-1},{"Space":{"X":3,"Y":-2},"Vision":1,"Owner":-1},{"Space":{"X":4,"Y":-2},"Vision":0,"Owner":-1},{"Space":{"X":-3,"Y":-1},"Vision":1,"Owner":-1},{"Space":{"X":-2,"Y":-1},"Vision":1,"Owner":-1},{"Space":{"X":-1,"Y":-1},"Vision":1,"Owner":-1},{"Space":{"X":0,"Y":-1},"Vision":1,"Owner":-1},{"Space":{"X":1,"Y":-1},"Vision":1,"Owner":-1},{"Space":{"X":2,"Y":-1},"Vision":1,"Owner":-1},{"Space":{"X":3,"Y":-1},"Vision":0,"Owner":-1},{"Space":{"X":4,"Y":-1},"Vision":0,"Owner":-1},{"Space":{"X":-4,"Y":0},"Vision":1,"Owner":-1},{"Space":{"X":-3,"Y":0},"Vision":1,"Owner":-1},{"Space":{"X":-2,"Y":0},"Vision":1,"Owner":-1},{"Space":{"X":-1,"Y":0},"Vision":1,"Owner":-1},{"Space":{"X":0,"Y":0},"Vision":1,"Owner":-1},{"Space":{"X":1,"Y":0},"Vision":1,"Owner":-1},{"Space":{"X":2,"Y":0},"Vision":1,"Owner":-1},{"Space":{"X":3,"Y":0},"Vision":1,"Owner":-1},{"Space":{"X":4,"Y":0},"Vision":0,"Owner":-1},{"Space":{"X":-4,"Y":1},"Vision":1,"Owner":-1},{"Space":{"X":-3,"Y":1},"Vision":1,"Owner":-1},{"Space":{"X":-2,"Y":1},"Vision":1,"Owner":-1},{"Space":{"X":-1,"Y":1},"Vision":1,"Owner":-1},{"Space":{"X":0,"Y":1},"Vision":2,"Owner":-1},{"Space":{"X":1,"Y":1},"Vision":2,"Owner":-1},{"Space":{"X":2,"Y":1},"Vision":2,"Owner":-1},{"Space":{"X":3,"Y":1},"Vision":1,"Owner":-1},{"Space":{"X":-4,"Y":2},"Vision":1,"Owner":-1},{"Space":{"X":-3,"Y":2},"Vision":1,"Owner":-1},{"Space":{"X":-2,"Y":2},"Vision":1,"Owner":-1},{"Space":{"X":-1,"Y":2},"Vision":2,"Owner":-1},{"Space":{"X":0,"Y":2},"Vision":3,"Owner":0},{"Space":{"X":1,"Y":2},"Vision":3,"Owner":0},{"Space":{"X":2,"Y":2},"Vision":2,"Owner":-1},{"Space":{"X":-4,"Y":3},"Vision":1,"Owner":-1},{"Space":{"X":-3,"Y":3},"Vision":1,"Owner":-1},{"Space":{"X":-2,"Y":3},"Vision":1,"Owner":-1},{"Space":{"X":-1,"Y":3},"Vision":3,"Owner":-1},{"Space":{"X":0,"Y":3},"Vision":3,"Owner":-1},{"Space":{"X":1,"Y":3},"Vision":2,"Owner":-1},{"Space":{"X":-4,"Y":4},"Vision":1,"Owner":-1},{"Space":{"X":-3,"Y":4},"Vision":1,"Owner":-1},{"Space":{"X":-2,"Y":4},"Vision":1,"Owner":-1},{"Space":{"X":-1,"Y":4},"Vision":2,"Owner":-1},{"Space":{"X":0,"Y":4},"Vision":2,"Owner":-1}],"units":[{"InternalID":2,"UnitID":11,"Type":2,"Kind":1,"Location":{"Space":{"X":1,"Y":2},"Zone":{"X":-1,"Y":1}},"CurrentStamina":23,"CurrentOrder":null,"Builds":[],"GarrisonedIn":null,"Stance":3,"InterruptCurrent":true,"AttackBack":true,"TargetPriority":"","ActiveOrders":null,"Health":5.6,"MaxHealth":11},{"InternalID":4,"UnitID":11,"Type":2,"Kind":1,"Location":{"Space":{"X":0,"Y":3},"Zone":{"X":-1,"Y":0}},"CurrentStamina":15,"CurrentOrder":{"Kind":4,"TargetZone":null,"TargetSpace":{"X":0,"Y":3},"TargetResource":null,"TargetUnit":null,"TargetBuilding":null},"Builds":[],"GarrisonedIn":null,"Stance":3,"InterruptCurrent":true,"AttackBack":true,"TargetPriority":"","ActiveOrders":[{"ID":636,"Kind":4}],"Health":5.6,"MaxHealth":11},{"InternalID":5,"UnitID":11,"Type":2,"Kind":1,"Location":{"Space":{"X":0,"Y":3},"Zone":{"X":-1,"Y":0}},"CurrentStamina":15,"CurrentOrder":{"Kind":4,"TargetZone":null,"TargetSpace":{"X":0,"Y":3},"TargetResource":null,"TargetUnit":null,"TargetBuilding":null},"Builds":[],"GarrisonedIn":null,"Stance":3,"InterruptCurrent":true,"AttackBack":true,"TargetPriority":"","ActiveOrders":[{"ID":630,"Kind":4}],"Health":11,"MaxHealth":11},{"InternalID":6,"UnitID":11,"Type":2,"Kind":1,"Location":{"Space":{"X":0,"Y":2},"Zone":{"X":0,"Y":1}},"CurrentStamina":23,"CurrentOrder":null,"Builds":[],"GarrisonedIn":null,"Stance":3,"InterruptCurrent":false,"AttackBack":true,"TargetPriority":"","ActiveOrders":null,"Health":11,"MaxHealth":11},{"InternalID":24,"UnitID":12,"Type":2,"Kind":1,"Location":{"Space":{"X":0,"Y":3},"Zone":{"X":-1,"Y":0}},"CurrentStamina":12,"CurrentOrder":{"Kind":4,"TargetZone":null,"TargetSpace":{"X":0,"Y":3},"TargetResource":null,"TargetUnit":null,"TargetBuilding":null},"Builds":[],"GarrisonedIn":null,"Stance":3,"InterruptCurrent":true,"AttackBack":true,"TargetPriority":"","ActiveOrders":[{"ID":623,"Kind":4}],"Health":16,"MaxHealth":16},{"InternalID":25,"UnitID":13,"Type":2,"Kind":1,"Location":{"Space":{"X":0,"Y":3},"Zone":{"X":-1,"Y":0}},"CurrentStamina":8,"CurrentOrder":{"Kind":4,"TargetZone":null,"TargetSpace":{"X":0,"Y":3},"TargetResource":null,"TargetUnit":null,"TargetBuilding":null},"Builds":[],"GarrisonedIn":null,"Stance":3,"InterruptCurrent":true,"AttackBack":true,"TargetPriority":"","ActiveOrders":[{"ID":631,"Kind":4}],"Health":47.8571,"MaxHealth":50},{"InternalID":26,"UnitID":13,"Type":2,"Kind":1,"Location":{"Space":{"X":0,"Y":3},"Zone":{"X":-1,"Y":0}},"CurrentStamina":8,"CurrentOrder":{"Kind":4,"TargetZone":null,"TargetSpace":{"X":0,"Y":3},"TargetResource":null,"TargetUnit":null,"TargetBuilding":null},"Builds":[],"GarrisonedIn":null,"Stance":3,"InterruptCurrent":true,"AttackBack":true,"TargetPriority":"","ActiveOrders":[{"ID":632,"Kind":4}],"Health":50,"MaxHealth":50},{"InternalID":27,"UnitID":13,"Type":2,"Kind":1,"Location":{"Space":{"X":0,"Y":3},"Zone":{"X":-1,"Y":0}},"CurrentStamina":8,"CurrentOrder":{"Kind":4,"TargetZone":null,"TargetSpace":{"X":0,"Y":3},"TargetResource":null,"TargetUnit":null,"TargetBuilding":null},"Builds":[],"GarrisonedIn":null,"Stance":3,"InterruptCurrent":true,"AttackBack":true,"TargetPriority":"","ActiveOrders":[{"ID":634,"Kind":4}],"Health":50,"MaxHealth":50},{"InternalID":28,"UnitID":13,"Type":2,"Kind":1,"Location":{"Space":{"X":0,"Y":3},"Zone":{"X":-1,"Y":0}},"CurrentStamina":8,"CurrentOrder":{"Kind":4,"TargetZone":null,"TargetSpace":{"X":0,"Y":3},"TargetResource":null,"TargetUnit":null,"TargetBuilding":null},"Builds":[],"GarrisonedIn":null,"Stance":3,"InterruptCurrent":true,"AttackBack":true,"TargetPriority":"","ActiveOrders":[{"ID":633,"Kind":4}],"Health":50,"MaxHealth":50},{"InternalID":29,"UnitID":13,"Type":2,"Kind":1,"Location":{"Space":{"X":0,"Y":3},"Zone":{"X":-1,"Y":0}},"CurrentStamina":8,"CurrentOrder":{"Kind":4,"TargetZone":null,"TargetSpace":{"X":0,"Y":3},"TargetResource":null,"TargetUnit":null,"TargetBuilding":null},"Builds":[],"GarrisonedIn":null,"Stance":3,"InterruptCurrent":true,"AttackBack":true,"TargetPriority":"","ActiveOrders":[{"ID":628,"Kind":4}],"Health":50,"MaxHealth":50},{"InternalID":30,"UnitID":13,"Type":2,"Kind":1,"Location":{"Space":{"X":0,"Y":3},"Zone":{"X":-1,"Y":0}},"CurrentStamina":8,"CurrentOrder":{"Kind":4,"TargetZone":null,"TargetSpace":{"X":0,"Y":3},"TargetResource":null,"TargetUnit":null,"TargetBuilding":null},"Builds":[],"GarrisonedIn":null,"Stance":3,"InterruptCurrent":true,"AttackBack":true,"TargetPriority":"","ActiveOrders":[{"ID":629,"Kind":4}],"Health":50,"MaxHealth":50}]}
2026/09/30 21:20:37 ai ai-0: submitting orders [{Subjects:[6] OrderType:2 TargetID:1711 ClearPreviousOrders:true} {Subjects:[2] OrderType:2 TargetID:1711 ClearPreviousOrders:true} {Subjects:[2] OrderType:9 TargetID:55 ClearPreviousOrders:true} {Subjects:[4] OrderType:9 TargetID:55 ClearPreviousOrders:true} {Subjects:[5] OrderType:9 TargetID:55 ClearPreviousOrders:true} {Subjects:[6] OrderType:9 TargetID:55 ClearPreviousOrders:true} {Subjects:[24] OrderType:9 TargetID:55 ClearPreviousOrders:true} {Subjects:[25] OrderType:9 TargetID:55 ClearPreviousOrders:true} {Subjects:[26] OrderType:9 TargetID:55 ClearPreviousOrders:true} {Subjects:[27] OrderType:9 TargetID:55 ClearPreviousOrders:true} {Subjects:[28] OrderType:9 TargetID:55 ClearPreviousOrders:true} {Subjects:[29] OrderType:9 TargetID:55 ClearPreviousOrders:true} {Subjects:[30] OrderType:9 TargetID:55 ClearPreviousOrders:true} {Subjects:[4] OrderType:9 TargetID:55 ClearPreviousOrders:true} {Subjects:[4] OrderType:9 TargetID:56 ClearPreviousOrders:false} {Subjects:[4] OrderType:9 TargetID:57 ClearPreviousOrders:false} {Subjects:[4] OrderType:9 TargetID:58 ClearPreviousOrders:false} {Subjects:[4] OrderType:9 TargetID:59 ClearPreviousOrders:false} {Subjects:[4] OrderType:9 TargetID:60 ClearPreviousOrders:false} {Subjects:[5] OrderType:9 TargetID:55 ClearPreviousOrders:true} {Subjects:[5] OrderType:9 TargetID:57 ClearPreviousOrders:false} {Subjects:[5] OrderType:9 TargetID:58 ClearPreviousOrders:false} {Subjects:[5] OrderType:9 TargetID:59 ClearPreviousOrders:false} {Subjects:[5] OrderType:9 TargetID:60 ClearPreviousOrders:false} {Subjects:[5] OrderType:9 TargetID:56 ClearPreviousOrders:false} {Subjects:[24] OrderType:9 TargetID:55 ClearPreviousOrders:true} {Subjects:[24] OrderType:9 TargetID:58 ClearPreviousOrders:false} {Subjects:[24] OrderType:9 TargetID:59 ClearPreviousOrders:false} {Subjects:[24] OrderType:9 TargetID:60 ClearPreviousOrders:false} {Subjects:[24] OrderType:9 TargetID:56 ClearPreviousOrders:false} {Subjects:[24] OrderType:9 TargetID:56 ClearPreviousOrders:false} {Subjects:[25] OrderType:9 TargetID:55 ClearPreviousOrders:true} {Subjects:[25] OrderType:9 TargetID:59 ClearPreviousOrders:false} {Subjects:[25] OrderType:9 TargetID:60 ClearPreviousOrders:false} {Subjects:[25] OrderType:9 TargetID:56 ClearPreviousOrders:false} {Subjects:[25] OrderType:9 TargetID:56 ClearPreviousOrders:false} {Subjects:[25] OrderType:9 TargetID:57 ClearPreviousOrders:false} {Subjects:[26] OrderType:9 TargetID:55 ClearPreviousOrders:true} {Subjects:[26] OrderType:9 TargetID:60 ClearPreviousOrders:false} {Subjects:[26] OrderType:9 TargetID:56 ClearPreviousOrders:false} {Subjects:[26] OrderType:9 TargetID:56 ClearPreviousOrders:false} {Subjects:[26] OrderType:9 TargetID:57 ClearPreviousOrders:false} {Subjects:[26] OrderType:9 TargetID:58 ClearPreviousOrders:false} {Subjects:[27] OrderType:9 TargetID:55 ClearPreviousOrders:true} {Subjects:[27] OrderType:9 TargetID:56 ClearPreviousOrders:false} {Subjects:[27] OrderType:9 TargetID:56 ClearPreviousOrders:false} {Subjects:[27] OrderType:9 TargetID:57 ClearPreviousOrders:false} {Subjects:[27] OrderType:9 TargetID:58 ClearPreviousOrders:false} {Subjects:[27] OrderType:9 TargetID:59 ClearPreviousOrders:false} {Subjects:[28] OrderType:9 TargetID:55 ClearPreviousOrders:true} {Subjects:[28] OrderType:9 TargetID:56 ClearPreviousOrders:false} {Subjects:[28] OrderType:9 TargetID:57 ClearPreviousOrders:false} {Subjects:[28] OrderType:9 TargetID:58 ClearPreviousOrders:false} {Subjects:[28] OrderType:9 TargetID:59 ClearPreviousOrders:false} {Subjects:[28] OrderType:9 TargetID:60 ClearPreviousOrders:false} {Subjects:[29] OrderType:9 TargetID:55 ClearPreviousOrders:true} {Subjects:[29] OrderType:9 TargetID:57 ClearPreviousOrders:false} {Subjects:[29] OrderType:9 TargetID:58 ClearPreviousOrders:false} {Subjects:[29] OrderType:9 TargetID:59 ClearPreviousOrders:false} {Subjects:[29] OrderType:9 TargetID:60 ClearPreviousOrders:false} {Subjects:[29] OrderType:9 TargetID:56 ClearPreviousOrders:false} {Subjects:[30] OrderType:9 TargetID:55 ClearPreviousOrders:true} {Subjects:[30] OrderType:9 TargetID:58 ClearPreviousOrders:false} {Subjects:[30] OrderType:9 TargetID:59 ClearPreviousOrders:false} {Subjects:[30] OrderType:9 TargetID:60 ClearPreviousOrders:false} {Subjects:[30] OrderType:9 TargetID:56 ClearPreviousOrders:false} {Subjects:[30] OrderType:9 TargetID:56 ClearPreviousOrders:false}]
2026/09/30 21:20:37 ai ai-0: vars {"B":4,"Hv":6,"Pi":1,"aPowLocal":0,"aThreat":0,"a_engaged":0,"a_odds":1.3,"a_outnumbered":0,"army_target":50,"army_value":1470,"assault":0,"bank_rate":28,"bar_barracks":0.17072129748186085,"bar_redoubt":1.1111111111111112,"barracks":0,"barracks_B":0,"barracks_P":0,"barracks_save":0,"barracks_spend":78.1,"barracks_want":0,"buffer_food":70,"buffer_gold":0,"buffer_stone":0,"buffer_wood":70,"builders":0,"committed":0,"eB":13.199999999999996,"eGrowth":0,"eH":6,"eMil":26.299999999999997,"eP":7.1000000000000005,"ePow":51.4,"ePowEst":48.72133094751999,"ePowSeen":48.72133094751999,"eTech":1,"eV":0,"es":27.299999999999997,"farm_want":0,"farm_wood_short":0,"farming":0,"fire_barracks":0,"fire_farm0":0,"fire_farm1":0,"fire_farm2":0,"fire_house":0,"fire_outpost":0,"fire_redoubt":0,"fire_smith":0,"fire_vc":0,"food_need":0,"food_over":0,"food_rate":0,"food_slots":1000,"food_workers":0,"free_room":39,"go":0,"gold_income":4,"gold_need":0,"gold_rate":0,"gold_surplus":128,"guaranteed":0,"guard_home":0,"headroom":-11,"hire_B":6892.3076923076915,"hire_P":10830.76923076923,"homePow":0,"house_builders":0,"house_urgency":0,"house_want":0,"income_proj":0,"left":0,"lf_food":0,"lf_gold":0,"lf_stone":0,"lf_wood":0,"lump_food":0,"lump_gold":0,"lump_stone":0,"lump_wood":0,"maturity":0,"mil":11,"myTech":1,"n_barracks":0,"n_redoubts":0,"needB":28.719438641884743,"needP":10.280561358115255,"outpost_want":0,"pikes":0,"planned_food":0,"planned_gold":0,"planned_stone":0,"planned_wood":0,"prod_rate":0,"proj_army":1470,"raid_danger":24,"raid_fails":0,"raid_lost":0,"raid_pause":0,"raid_prev":3,"raid_size":3,"raid_wiped":0,"rate":6,"redoubt_H":0,"redoubt_gold_ok":0.8355555555555555,"redoubt_save":0,"redoubt_spend":30,"redoubt_want":0,"redoubts":0,"rf_food":0,"rf_gold":0,"rf_stone":0,"rf_wood":0,"sB4":1.2437353590926579,"sP4":0.4452140528179371,"scale_l":0,"scale_r":0,"shareH":0.5086074654849156,"smith_want":0,"smiths":0,"spare":0,"spare_food":0.5,"stone_need":0,"stone_rate":0,"tH":45,"target_spend":400,"tech_food":50,"tech_gold":0,"tech_stone":0,"tech_wood":50,"threat_home":0,"turns_left":-110,"u_barracks":0.17617145923716213,"u_redoubt":0.4747003011192546,"unit_spend":120,"vB":1.056043956043956,"vH":1.093040293040293,"vP":0.8168498168498168,"vc_want":0,"vcs":0,"vil_goal":50,"vil_rate":0,"vil_stamina":8,"vil_want":0,"vil_want_last":0,"vil_worth_now":0.6,"vils":0,"w_food":0,"w_gold":0,"w_stone":0,"w_wood":0,"wild_workers":0,"wood_need":0,"wood_rate":0,"workers":0}
2026/09/30 21:20:37 player action: set-unit-behavior 0 1 map[internal_ids:[4 5 24 25 26 27 28 29 30] interrupt_current:false]
2026/09/30 21:20:37 player action: submit-orders 0 1 map[orders:[{0 [6] 2 1711 true} {0 [2] 2 1711 true} {0 [2] 9 55 true} {0 [4] 9 55 true} {0 [5] 9 55 true} {0 [6] 9 55 true} {0 [24] 9 55 true} {0 [25] 9 55 true} {0 [26] 9 55 true} {0 [27] 9 55 true} {0 [28] 9 55 true} {0 [29] 9 55 true} {0 [30] 9 55 true} {0 [4] 9 55 true} {0 [4] 9 56 false} {0 [4] 9 57 false} {0 [4] 9 58 false} {0 [4] 9 59 false} {0 [4] 9 60 false} {0 [5] 9 55 true} {0 [5] 9 57 false} {0 [5] 9 58 false} {0 [5] 9 59 false} {0 [5] 9 60 false} {0 [5] 9 56 false} {0 [24] 9 55 true} {0 [24] 9 58 false} {0 [24] 9 59 false} {0 [24] 9 60 false} {0 [24] 9 56 false} {0 [24] 9 56 false} {0 [25] 9 55 true} {0 [25] 9 59 false} {0 [25] 9 60 false} {0 [25] 9 56 false} {0 [25] 9 56 false} {0 [25] 9 57 false} {0 [26] 9 55 true} {0 [26] 9 60 false} {0 [26] 9 56 false} {0 [26] 9 56 false} {0 [26] 9 57 false} {0 [26] 9 58 false} {0 [27] 9 55 true} {0 [27] 9 56 false} {0 [27] 9 56 false} {0 [27] 9 57 false} {0 [27] 9 58 false} {0 [27] 9 59 false} {0 [28] 9 55 true} {0 [28] 9 56 false} {0 [28] 9 57 false} {0 [28] 9 58 false} {0 [28] 9 59 false} {0 [28] 9 60 false} {0 [29] 9 55 true} {0 [29] 9 57 false} {0 [29] 9 58 false} {0 [29] 9 59 false} {0 [29] 9 60 false} {0 [29] 9 56 false} {0 [30] 9 55 true} {0 [30] 9 58 false} {0 [30] 9 59 false} {0 [30] 9 60 false} {0 [30] 9 56 false} {0 [30] 9 56 false}]]
2026/09/30 21:20:37 Executing submit orders for: 0 [{0 [6] 2 1711 true} {0 [2] 2 1711 true} {0 [2] 9 55 true} {0 [4] 9 55 true} {0 [5] 9 55 true} {0 [6] 9 55 true} {0 [24] 9 55 true} {0 [25] 9 55 true} {0 [26] 9 55 true} {0 [27] 9 55 true} {0 [28] 9 55 true} {0 [29] 9 55 true} {0 [30] 9 55 true} {0 [4] 9 55 true} {0 [4] 9 56 false} {0 [4] 9 57 false} {0 [4] 9 58 false} {0 [4] 9 59 false} {0 [4] 9 60 false} {0 [5] 9 55 true} {0 [5] 9 57 false} {0 [5] 9 58 false} {0 [5] 9 59 false} {0 [5] 9 60 false} {0 [5] 9 56 false} {0 [24] 9 55 true} {0 [24] 9 58 false} {0 [24] 9 59 false} {0 [24] 9 60 false} {0 [24] 9 56 false} {0 [24] 9 56 false} {0 [25] 9 55 true} {0 [25] 9 59 false} {0 [25] 9 60 false} {0 [25] 9 56 false} {0 [25] 9 56 false} {0 [25] 9 57 false} {0 [26] 9 55 true} {0 [26] 9 60 false} {0 [26] 9 56 false} {0 [26] 9 56 false} {0 [26] 9 57 false} {0 [26] 9 58 false} {0 [27] 9 55 true} {0 [27] 9 56 false} {0 [27] 9 56 false} {0 [27] 9 57 false} {0 [27] 9 58 false} {0 [27] 9 59 false} {0 [28] 9 55 true} {0 [28] 9 56 false} {0 [28] 9 57 false} {0 [28] 9 58 false} {0 [28] 9 59 false} {0 [28] 9 60 false} {0 [29] 9 55 true} {0 [29] 9 57 false} {0 [29] 9 58 false} {0 [29] 9 59 false} {0 [29] 9 60 false} {0 [29] 9 56 false} {0 [30] 9 55 true} {0 [30] 9 58 false} {0 [30] 9 59 false} {0 [30] 9 60 false} {0 [30] 9 56 false} {0 [30] 9 56 false}]
2026/09/30 21:20:37 Resolving active orders
2026/09/30 21:20:37 combat turn=14 tick=1: 29 u13 (player 0, stamina 3) hits 55 u13 (player 1) for 3.41
2026/09/30 21:20:37 combat turn=14 tick=1: 30 u13 (player 0, stamina 3) hits 55 u13 (player 1) for 3.41
2026/09/30 21:20:37 combat turn=14 tick=1: 5 u11 (player 0, stamina 3) hits 55 u13 (player 1) for 0.71
2026/09/30 21:20:37 combat turn=14 tick=1: 25 u13 (player 0, stamina 3) hits 55 u13 (player 1) for 3.41
2026/09/30 21:20:37 combat turn=14 tick=1: 26 u13 (player 0, stamina 3) hits 55 u13 (player 1) for 3.41
2026/09/30 21:20:37 combat turn=14 tick=1: 28 u13 (player 0, stamina 3) hits 55 u13 (player 1) for 3.41
2026/09/30 21:20:37 Moving unit 6 Blunt Infantry to zone(0, -1) in space (0, 3) tick=1
2026/09/30 21:20:37 combat turn=14 tick=1: 24 u12 (player 0, stamina 3) hits 55 u13 (player 1) for 2.10
2026/09/30 21:20:37 combat turn=14 tick=1: 27 u13 (player 0, stamina 3) hits 55 u13 (player 1) for 3.41
2026/09/30 21:20:37 Moving unit 2 Blunt Infantry to zone(1, -1) in space (0, 3) tick=1
2026/09/30 21:20:37 combat turn=14 tick=1: 4 u11 (player 0, stamina 3) hits 55 u13 (player 1) for 0.71
2026/09/30 21:20:37 combat turn=14 tick=1: 60 u13 (player 1, stamina 3) hits 4 u11 (player 0) for 5.12
2026/09/30 21:20:37 combat turn=14 tick=1: 57 u13 (player 1, stamina 3) hits 4 u11 (player 0) for 5.12
2026/09/30 21:20:37 Moving unit 33 Blunt Infantry to zone(1, -1) in space (-4, 0) tick=1
2026/09/30 21:20:37 combat turn=14 tick=1: 55 u13 (player 1, stamina 3) hits 4 u11 (player 0) for 5.12
2026/09/30 21:20:37 combat turn=14 tick=1: 58 u13 (player 1, stamina 3) hits 4 u11 (player 0) for 5.12
2026/09/30 21:20:37 combat turn=14 tick=1: 59 u13 (player 1, stamina 3) hits 4 u11 (player 0) for 5.12
2026/09/30 21:20:37 combat turn=14 tick=1: 56 u13 (player 1, stamina 3) hits 4 u11 (player 0) for 5.12
2026/09/30 21:20:37 state_hash turn=14 tick=1 hash=c5bff11cb509e2f7
2026/09/30 21:20:37 combat turn=14 tick=2: 5 u11 (player 0, stamina 3) hits 55 u13 (player 1) for 0.71
2026/09/30 21:20:37 combat turn=14 tick=2: 25 u13 (player 0, stamina 3) hits 55 u13 (player 1) for 3.41
2026/09/30 21:20:37 combat turn=14 tick=2: 26 u13 (player 0, stamina 3) hits 55 u13 (player 1) for 3.41
2026/09/30 21:20:37 combat turn=14 tick=2: 28 u13 (player 0, stamina 3) hits 55 u13 (player 1) for 3.41
2026/09/30 21:20:37 Moving unit 6 Blunt Infantry to zone(-1, 0) in space (0, 3) tick=2
2026/09/30 21:20:37 combat turn=14 tick=2: 24 u12 (player 0, stamina 3) hits 55 u13 (player 1) for 2.10
2026/09/30 21:20:37 combat turn=14 tick=2: 27 u13 (player 0, stamina 3) hits 55 u13 (player 1) for 3.41
2026/09/30 21:20:37 Moving unit 2 Blunt Infantry to zone(0, 0) in space (0, 3) tick=2
2026/09/30 21:20:37 combat turn=14 tick=2: 29 u13 (player 0, stamina 3) hits 55 u13 (player 1) for 3.41
2026/09/30 21:20:37 combat turn=14 tick=2: 30 u13 (player 0, stamina 3) hits 55 u13 (player 1) for 3.41
2026/09/30 21:20:37 combat turn=14 tick=2: 58 u13 (player 1, stamina 3) hits 5 u11 (player 0) for 5.12
2026/09/30 21:20:37 combat turn=14 tick=2: 59 u13 (player 1, stamina 3) hits 5 u11 (player 0) for 5.12
2026/09/30 21:20:37 combat turn=14 tick=2: 56 u13 (player 1, stamina 3) hits 5 u11 (player 0) for 5.12
2026/09/30 21:20:37 combat turn=14 tick=2: 60 u13 (player 1, stamina 3) hits 5 u11 (player 0) for 5.12
2026/09/30 21:20:37 combat turn=14 tick=2: 57 u13 (player 1, stamina 3) hits 5 u11 (player 0) for 5.12
2026/09/30 21:20:37 Moving unit 33 Blunt Infantry to zone(-1, 1) in space (-3, -1) tick=2
2026/09/30 21:20:37 combat turn=14 tick=2: 55 u13 (player 1, stamina 3) hits 5 u11 (player 0) for 5.12
2026/09/30 21:20:37 state_hash turn=14 tick=2 hash=99be68fb44e9a2d4
2026/09/30 21:20:37 combat turn=14 tick=3: 29 u13 (player 0, stamina 2) hits 57 u13 (player 1) for 2.27
2026/09/30 21:20:37 combat turn=14 tick=3: 30 u13 (player 0, stamina 2) hits 58 u13 (player 1) for 2.27
2026/09/30 21:20:37 combat turn=14 tick=3: 25 u13 (player 0, stamina 2) hits 59 u13 (player 1) for 2.27
2026/09/30 21:20:37 combat turn=14 tick=3: 26 u13 (player 0, stamina 2) hits 60 u13 (player 1) for 2.27
2026/09/30 21:20:37 combat turn=14 tick=3: 28 u13 (player 0, stamina 2) hits 56 u13 (player 1) for 2.27
2026/09/30 21:20:37 combat turn=14 tick=3: 24 u12 (player 0, stamina 3) hits 58 u13 (player 1) for 2.10
2026/09/30 21:20:37 combat turn=14 tick=3: 27 u13 (player 0, stamina 2) hits 56 u13 (player 1) for 2.27
2026/09/30 21:20:37 Moving unit 2 Blunt Infantry to zone(-1, 0) in space (0, 3) tick=3
2026/09/30 21:20:37 combat turn=14 tick=3: 58 u13 (player 1, stamina 2) hits 6 u11 (player 0) for 3.41
2026/09/30 21:20:37 combat turn=14 tick=3: 59 u13 (player 1, stamina 2) hits 6 u11 (player 0) for 3.41
2026/09/30 21:20:37 combat turn=14 tick=3: 56 u13 (player 1, stamina 2) hits 6 u11 (player 0) for 3.41
2026/09/30 21:20:37 combat turn=14 tick=3: 60 u13 (player 1, stamina 2) hits 6 u11 (player 0) for 3.41
2026/09/30 21:20:37 combat turn=14 tick=3: 57 u13 (player 1, stamina 2) hits 6 u11 (player 0) for 3.41
2026/09/30 21:20:37 Moving unit 33 Blunt Infantry to zone(0, 0) in space (-3, -1) tick=3
2026/09/30 21:20:37 state_hash turn=14 tick=3 hash=96bf81ab0e7fe901
2026/09/30 21:20:37 combat turn=14 tick=4: 24 u12 (player 0, stamina 3) hits 58 u13 (player 1) for 2.10
2026/09/30 21:20:37 combat turn=14 tick=4: 2 u11 (player 0, stamina 3) hits 56 u13 (player 1) for 0.71
2026/09/30 21:20:37 Moving unit 33 Blunt Infantry to zone(1, -1) in space (-3, -1) tick=4
2026/09/30 21:20:37 state_hash turn=14 tick=4 hash=b6c4470b0fad9487
2026/09/30 21:20:37 combat turn=14 tick=5: 2 u11 (player 0, stamina 3) hits 56 u13 (player 1) for 0.71
2026/09/30 21:20:37 Moving unit 33 Blunt Infantry to zone(-1, 1) in space (-2, -2) tick=5
2026/09/30 21:20:37 state_hash turn=14 tick=5 hash=2f4bf316921aeb34
2026/09/30 21:20:37 combat turn=14 tick=6: 2 u11 (player 0, stamina 3) hits 56 u13 (player 1) for 0.71
2026/09/30 21:20:37 Moving unit 33 Blunt Infantry to zone(0, 0) in space (-2, -2) tick=6
2026/09/30 21:20:37 state_hash turn=14 tick=6 hash=60e0560da329bcae
2026/09/30 21:20:37 combat turn=14 tick=7: 2 u11 (player 0, stamina 3) hits 56 u13 (player 1) for 0.71
2026/09/30 21:20:37 Moving unit 33 Blunt Infantry to zone(1, -1) in space (-2, -2) tick=7
2026/09/30 21:20:37 state_hash turn=14 tick=7 hash=59f7cbaf623610e4
2026/09/30 21:20:37 combat turn=14 tick=8: 2 u11 (player 0, stamina 3) hits 56 u13 (player 1) for 0.71
2026/09/30 21:20:37 state_hash turn=14 tick=8 hash=cb0aae9342c2723f
2026/09/30 21:20:37 state_hash turn=14 tick=end hash=e12548195566b170
2026/09/30 21:20:37 ai ai-1: new turn data {"buildings":[],"enemy_buildings":[],"enemy_units":[{"InternalID":2,"UnitID":11,"Type":2,"Kind":1,"Location":{"Space":{"X":0,"Y":3},"Zone":{"X":-1,"Y":0}},"CurrentStamina":15,"CurrentOrder":null,"Builds":[],"GarrisonedIn":null,"Stance":0,"InterruptCurrent":false,"AttackBack":false,"TargetPriority":"","ActiveOrders":null,"Health":5.6,"MaxHealth":11},{"InternalID":24,"UnitID":12,"Type":2,"Kind":1,"Location":{"Space":{"X":0,"Y":3},"Zone":{"X":-1,"Y":0}},"CurrentStamina":12,"CurrentOrder":null,"Builds":[],"GarrisonedIn":null,"Stance":0,"InterruptCurrent":false,"AttackBack":false,"TargetPriority":"","ActiveOrders":null,"Health":16,"MaxHealth":16},{"InternalID":25,"UnitID":13,"Type":2,"Kind":1,"Location":{"Space":{"X":0,"Y":3},"Zone":{"X":-1,"Y":0}},"CurrentStamina":8,"CurrentOrder":null,"Builds":[],"GarrisonedIn":null,"Stance":0,"InterruptCurrent":false,"AttackBack":false,"TargetPriority":"","ActiveOrders":null,"Health":47.8571,"MaxHealth":50},{"InternalID":26,"UnitID":13,"Type":2,"Kind":1,"Location":{"Space":{"X":0,"Y":3},"Zone":{"X":-1,"Y":0}},"CurrentStamina":8,"CurrentOrder":null,"Builds":[],"GarrisonedIn":null,"Stance":0,"InterruptCurrent":false,"AttackBack":false,"TargetPriority":"","ActiveOrders":null,"Health":50,"MaxHealth":50},{"InternalID":27,"UnitID":13,"Type":2,"Kind":1,"Location":{"Space":{"X":0,"Y":3},"Zone":{"X":-1,"Y":0}},"CurrentStamina":8,"CurrentOrder":null,"Builds":[],"GarrisonedIn":null,"Stance":0,"InterruptCurrent":false,"AttackBack":false,"TargetPriority":"","ActiveOrders":null,"Health":50,"MaxHealth":50},{"InternalID":28,"UnitID":13,"Type":2,"Kind":1,"Location":{"Space":{"X":0,"Y":3},"Zone":{"X":-1,"Y":0}},"CurrentStamina":8,"CurrentOrder":null,"Builds":[],"GarrisonedIn":null,"Stance":0,"InterruptCurrent":false,"AttackBack":false,"TargetPriority":"","ActiveOrders":null,"Health":50,"MaxHealth":50},{"InternalID":29,"UnitID":13,"Type":2,"Kind":1,"Location":{"Space":{"X":0,"Y":3},"Zone":{"X":-1,"Y":0}},"CurrentStamina":8,"CurrentOrder":null,"Builds":[],"GarrisonedIn":null,"Stance":0,"InterruptCurrent":false,"AttackBack":false,"TargetPriority":"","ActiveOrders":null,"Health":50,"MaxHealth":50},{"InternalID":30,"UnitID":13,"Type":2,"Kind":1,"Location":{"Space":{"X":0,"Y":3},"Zone":{"X":-1,"Y":0}},"CurrentStamina":8,"CurrentOrder":null,"Builds":[],"GarrisonedIn":null,"Stance":0,"InterruptCurrent":false,"AttackBack":false,"TargetPriority":"","ActiveOrders":null,"Health":50,"MaxHealth":50}],"foundations":[],"population":{"current":6,"limit":0},"resources":{"food":200,"gold":38,"stone":100,"wood":200},"spaces":[{"Space":{"X":0,"Y":-4},"Vision":0,"Owner":-1},{"Space":{"X":1,"Y":-4},"Vision":0,"Owner":-1},{"Space":{"X":2,"Y":-4},"Vision":0,"Owner":-1},{"Space":{"X":3,"Y":-4},"Vision":0,"Owner":-1},{"Space":{"X":4,"Y":-4},"Vision":0,"Owner":-1},{"Space":{"X":-1,"Y":-3},"Vision":3,"Owner":-1},{"Space":{"X":0,"Y":-3},"Vision":0,"Owner":-1},{"Space":{"X":1,"Y":-3},"Vision":0,"Owner":-1},{"Space":{"X":2,"Y":-3},"Vision":0,"Owner":-1},{"Space":{"X":3,"Y":-3},"Vision":0,"Owner":-1},{"Space":{"X":4,"Y":-3},"Vision":0,"Owner":-1},{"Space":{"X":-2,"Y":-2},"Vision":3,"Owner":1},{"Space":{"X":-1,"Y":-2},"Vision":2,"Owner":-1},{"Space":{"X":0,"Y":-2},"Vision":1,"Owner":-1},{"Space":{"X":1,"Y":-2},"Vision":1,"Owner":-1},{"Space":{"X":2,"Y":-2},"Vision":1,"Owner":-1},{"Space":{"X":3,"Y":-2},"Vision":1,"Owner":-1},{"Space":{"X":4,"Y":-2},"Vision":0,"Owner":-1},{"Space":{"X":-3,"Y":-1},"Vision":2,"Owner":-1},{"Space":{"X":-2,"Y":-1},"Vision":2,"Owner":-1},{"Space":{"X":-1,"Y":-1},"Vision":1,"Owner":-1},{"Space":{"X":0,"Y":-1},"Vision":1,"Owner":-1},{"Space":{"X":1,"Y":-1},"Vision":1,"Owner":-1},{"Space":{"X":2,"Y":-1},"Vision":1,"Owner":-1},{"Space":{"X":3,"Y":-1},"Vision":1,"Owner":-1},{"Space":{"X":4,"Y":-1},"Vision":0,"Owner":-1},{"Space":{"X":-4,"Y":0},"Vision":1,"Owner":-1},{"Space":{"X":-3,"Y":0},"Vision":1,"Owner":-1},{"Space":{"X":-2,"Y":0},"Vision":1,"Owner":-1},{"Space":{"X":-1,"Y":0},"Vision":1,"Owner":-1},{"Space":{"X":0,"Y":0},"Vision":1,"Owner":-1},{"Space":{"X":1,"Y":0},"Vision":1,"Owner":-1},{"Space":{"X":2,"Y":0},"Vision":1,"Owner":-1},{"Space":{"X":3,"Y":0},"Vision":1,"Owner":-1},{"Space":{"X":4,"Y":0},"Vision":0,"Owner":-1},{"Space":{"X":-4,"Y":1},"Vision":1,"Owner":-1},{"Space":{"X":-3,"Y":1},"Vision":1,"Owner":-1},{"Space":{"X":-2,"Y":1},"Vision":1,"Owner":0},{"Space":{"X":-1,"Y":1},"Vision":1,"Owner":-1},{"Space":{"X":0,"Y":1},"Vision":1,"Owner":-1},{"Space":{"X":1,"Y":1},"Vision":1,"Owner":0},{"Space":{"X":2,"Y":1},"Vision":1,"Owner":0},{"Space":{"X":3,"Y":1},"Vision":1,"Owner":-1},{"Space":{"X":-4,"Y":2},"Vision":1,"Owner":0},{"Space":{"X":-3,"Y":2},"Vision":1,"Owner":-1},{"Space":{"X":-2,"Y":2},"Vision":1,"Owner":0},{"Space":{"X":-1,"Y":2},"Vision":1,"Owner":0},{"Space":{"X":0,"Y":2},"Vision":2,"Owner":-1},{"Space":{"X":1,"Y":2},"Vision":2,"Owner":-1},{"Space":{"X":2,"Y":2},"Vision":1,"Owner":-1},{"Space":{"X":-4,"Y":3},"Vision":1,"Owner":0},{"Space":{"X":-3,"Y":3},"Vision":1,"Owner":-1},{"Space":{"X":-2,"Y":3},"Vision":1,"Owner":0},{"Space":{"X":-1,"Y":3},"Vision":3,"Owner":-1},{"Space":{"X":0,"Y":3},"Vision":3,"Owner":-1},{"Space":{"X":1,"Y":3},"Vision":2,"Owner":-1},{"Space":{"X":-4,"Y":4},"Vision":1,"Owner":-1},{"Space":{"X":-3,"Y":4},"Vision":1,"Owner":-1},{"Space":{"X":-2,"Y":4},"Vision":1,"Owner":-1},{"Space":{"X":-1,"Y":4},"Vision":2,"Owner":-1},{"Space":{"X":0,"Y":4},"Vision":2,"Owner":-1}],"units":[{"InternalID":33,"UnitID":11,"Type":2,"Kind":1,"Location":{"Space":{"X":-2,"Y":-2},"Zone":{"X":1,"Y":-1}},"CurrentStamina":16,"CurrentOrder":{"Kind":0,"TargetZone":{"Space":{"X":-1,"Y":-3},"Zone":{"X":0,"Y":0}},"TargetSpace":null,"TargetResource":null,"TargetUnit":null,"TargetBuilding":null},"Builds":[],"GarrisonedIn":null,"Stance":3,"InterruptCurrent":false,"AttackBack":true,"TargetPriority":"","ActiveOrders":[{"ID":637,"Kind":0}],"Health":11,"MaxHealth":11},{"InternalID":56,"UnitID":13,"Type":2,"Kind":1,"Location":{"Space":{"X":0,"Y":3},"Zone":{"X":-1,"Y":0}},"CurrentStamina":8,"CurrentOrder":{"Kind":4,"TargetZone":null,"TargetSpace":{"X":0,"Y":3},"TargetResource":null,"TargetUnit":null,"TargetBuilding":null},"Builds":[],"GarrisonedIn":null,"Stance":3,"InterruptCurrent":false,"AttackBack":true,"TargetPriority":"","ActiveOrders":[{"ID":281,"Kind":4}],"Health":35.5885,"MaxHealth":50},{"InternalID":57,"UnitID":13,"Type":2,"Kind":1,"Location":{"Space":{"X":0,"Y":3},"Zone":{"X":-1,"Y":0}},"CurrentStamina":8,"CurrentOrder":{"Kind":4,"TargetZone":null,"TargetSpace":{"X":0,"Y":3},"TargetResource":null,"TargetUnit":null,"TargetBuilding":null},"Builds":[],"GarrisonedIn":null,"Stance":3,"InterruptCurrent":false,"AttackBack":true,"TargetPriority":"","ActiveOrders":[{"ID":284,"Kind":4}],"Health":41.43,"MaxHealth":50},{"InternalID":58,"UnitID":13,"Type":2,"Kind":1,"Location":{"Space":{"X":0,"Y":3},"Zone":{"X":-1,"Y":0}},"CurrentStamina":8,"CurrentOrder":{"Kind":4,"TargetZone":null,"TargetSpace":{"X":0,"Y":3},"TargetResource":null,"TargetUnit":null,"TargetBuilding":null},"Builds":[],"GarrisonedIn":null,"Stance":3,"InterruptCurrent":false,"AttackBack":true,"TargetPriority":"","ActiveOrders":[{"ID":278,"Kind":4}],"Health":43.53,"MaxHealth":50},{"InternalID":59,"UnitID":13,"Type":2,"Kind":1,"Location":{"Space":{"X":0,"Y":3},"Zone":{"X":-1,"Y":0}},"CurrentStamina":8,"CurrentOrder":{"Kind":4,"TargetZone":null,"TargetSpace":{"X":0,"Y":3},"TargetResource":null,"TargetUnit":null,"TargetBuilding":null},"Builds":[],"GarrisonedIn":null,"Stance":3,"InterruptCurrent":false,"AttackBack":true,"TargetPriority":"","ActiveOrders":[{"ID":279,"Kind":4}],"Health":47.73,"MaxHealth":50},{"InternalID":60,"UnitID":13,"Type":2,"Kind":1,"Location":{"Space":{"X":0,"Y":3},"Zone":{"X":-1,"Y":0}},"CurrentStamina":8,"CurrentOrder":{"Kind":4,"TargetZone":null,"TargetSpace":{"X":0,"Y":3},"TargetResource":null,"TargetUnit":null,"TargetBuilding":null},"Builds":[],"GarrisonedIn":null,"Stance":3,"InterruptCurrent":false,"AttackBack":true,"TargetPriority":"","ActiveOrders":[{"ID":282,"Kind":4}],"Health":47.73,"MaxHealth":50}]}
2026/09/30 21:20:37 ai ai-1: submitting orders []
2026/09/30 21:20:37 ai ai-1: vars {}
2026/09/30 21:20:37 player action: submit-orders 0 2 map[orders:[]]
2026/09/30 21:20:37 Executing submit orders for: 1 []
2026/09/30 21:20:37 ai ai-0: new turn data {"buildings":[],"enemy_buildings":[],"enemy_units":[{"InternalID":56,"UnitID":13,"Type":2,"Kind":1,"Location":{"Space":{"X":0,"Y":3},"Zone":{"X":-1,"Y":0}},"CurrentStamina":8,"CurrentOrder":null,"Builds":[],"GarrisonedIn":null,"Stance":0,"InterruptCurrent":false,"AttackBack":false,"TargetPriority":"","ActiveOrders":null,"Health":35.5885,"MaxHealth":50},{"InternalID":57,"UnitID":13,"Type":2,"Kind":1,"Location":{"Space":{"X":0,"Y":3},"Zone":{"X":-1,"Y":0}},"CurrentStamina":8,"CurrentOrder":null,"Builds":[],"GarrisonedIn":null,"Stance":0,"InterruptCurrent":false,"AttackBack":false,"TargetPriority":"","ActiveOrders":null,"Health":41.43,"MaxHealth":50},{"InternalID":58,"UnitID":13,"Type":2,"Kind":1,"Location":{"Space":{"X":0,"Y":3},"Zone":{"X":-1,"Y":0}},"CurrentStamina":8,"CurrentOrder":null,"Builds":[],"GarrisonedIn":null,"Stance":0,"InterruptCurrent":false,"AttackBack":false,"TargetPriority":"","ActiveOrders":null,"Health":43.53,"MaxHealth":50},{"InternalID":59,"UnitID":13,"Type":2,"Kind":1,"Location":{"Space":{"X":0,"Y":3},"Zone":{"X":-1,"Y":0}},"CurrentStamina":8,"CurrentOrder":null,"Builds":[],"GarrisonedIn":null,"Stance":0,"InterruptCurrent":false,"AttackBack":false,"TargetPriority":"","ActiveOrders":null,"Health":47.73,"MaxHealth":50},{"InternalID":60,"UnitID":13,"Type":2,"Kind":1,"Location":{"Space":{"X":0,"Y":3},"Zone":{"X":-1,"Y":0}},"CurrentStamina":8,"CurrentOrder":null,"Builds":[],"GarrisonedIn":null,"Stance":0,"InterruptCurrent":false,"AttackBack":false,"TargetPriority":"","ActiveOrders":null,"Health":47.73,"MaxHealth":50}],"foundations":[],"population":{"current":8,"limit":0},"resources":{"food":200,"gold":128,"stone":100,"wood":200},"spaces":[{"Space":{"X":0,"Y":-4},"Vision":1,"Owner":-1},{"Space":{"X":1,"Y":-4},"Vision":1,"Owner":-1},{"Space":{"X":2,"Y":-4},"Vision":1,"Owner":-1},{"Space":{"X":3,"Y":-4},"Vision":1,"Owner":-1},{"Space":{"X":4,"Y":-4},"Vision":1,"Owner":-1},{"Space":{"X":-1,"Y":-3},"Vision":1,"Owner":-1},{"Space":{"X":0,"Y":-3},"Vision":1,"Owner":-1},{"Space":{"X":1,"Y":-3},"Vision":1,"Owner":-1},{"Space":{"X":2,"Y":-3},"Vision":1,"Owner":-1},{"Space":{"X":3,"Y":-3},"Vision":1,"Owner":-1},{"Space":{"X":4,"Y":-3},"Vision":1,"Owner":-1},{"Space":{"X":-2,"Y":-2},"Vision":1,"Owner":-1},{"Space":{"X":-1,"Y":-2},"Vision":1,"Owner":-1},{"Space":{"X":0,"Y":-2},"Vision":1,"Owner":-1},{"Space":{"X":1,"Y":-2},"Vision":1,"Owner":-1},{"Space":{"X":2,"Y":-2},"Vision":1,"Owner":-1},{"Space":{"X":3,"Y":-2},"Vision":1,"Owner":-1},{"Space":{"X":4,"Y":-2},"Vision":0,"Owner":-1},{"Space":{"X":-3,"Y":-1},"Vision":1,"Owner":-1},{"Space":{"X":-2,"Y":-1},"Vision":1,"Owner":-1},{"Space":{"X":-1,"Y":-1},"Vision":1,"Owner":-1},{"Space":{"X":0,"Y":-1},"Vision":1,"Owner":-1},{"Space":{"X":1,"Y":-1},"Vision":1,"Owner":-1},{"Space":{"X":2,"Y":-1},"Vision":1,"Owner":-1},{"Space":{"X":3,"Y":-1},"Vision":0,"Owner":-1},{"Space":{"X":4,"Y":-1},"Vision":0,"Owner":-1},{"Space":{"X":-4,"Y":0},"Vision":1,"Owner":-1},{"Space":{"X":-3,"Y":0},"Vision":1,"Owner":-1},{"Space":{"X":-2,"Y":0},"Vision":1,"Owner":-1},{"Space":{"X":-1,"Y":0},"Vision":1,"Owner":-1},{"Space":{"X":0,"Y":0},"Vision":1,"Owner":-1},{"Space":{"X":1,"Y":0},"Vision":1,"Owner":-1},{"Space":{"X":2,"Y":0},"Vision":1,"Owner":-1},{"Space":{"X":3,"Y":0},"Vision":1,"Owner":-1},{"Space":{"X":4,"Y":0},"Vision":0,"Owner":-1},{"Space":{"X":-4,"Y":1},"Vision":1,"Owner":-1},{"Space":{"X":-3,"Y":1},"Vision":1,"Owner":-1},{"Space":{"X":-2,"Y":1},"Vision":1,"Owner":-1},{"Space":{"X":-1,"Y":1},"Vision":1,"Owner":-1},{"Space":{"X":0,"Y":1},"Vision":1,"Owner":-1},{"Space":{"X":1,"Y":1},"Vision":1,"Owner":-1},{"Space":{"X":2,"Y":1},"Vision":1,"Owner":-1},{"Space":{"X":3,"Y":1},"Vision":1,"Owner":-1},{"Space":{"X":-4,"Y":2},"Vision":1,"Owner":-1},{"Space":{"X":-3,"Y":2},"Vision":1,"Owner":-1},{"Space":{"X":-2,"Y":2},"Vision":1,"Owner":-1},{"Space":{"X":-1,"Y":2},"Vision":1,"Owner":-1},{"Space":{"X":0,"Y":2},"Vision":2,"Owner":-1},{"Space":{"X":1,"Y":2},"Vision":2,"Owner":-1},{"Space":{"X":2,"Y":2},"Vision":1,"Owner":-1},{"Space":{"X":-4,"Y":3},"Vision":1,"Owner":-1},{"Space":{"X":-3,"Y":3},"Vision":1,"Owner":-1},{"Space":{"X":-2,"Y":3},"Vision":1,"Owner":-1},{"Space":{"X":-1,"Y":3},"Vision":3,"Owner":-1},{"Space":{"X":0,"Y":3},"Vision":3,"Owner":-1},{"Space":{"X":1,"Y":3},"Vision":2,"Owner":-1},{"Space":{"X":-4,"Y":4},"Vision":1,"Owner":-1},{"Space":{"X":-3,"Y":4},"Vision":1,"Owner":-1},{"Space":{"X":-2,"Y":4},"Vision":1,"Owner":-1},{"Space":{"X":-1,"Y":4},"Vision":2,"Owner":-1},{"Space":{"X":0,"Y":4},"Vision":2,"Owner":-1}],"units":[{"InternalID":2,"UnitID":11,"Type":2,"Kind":1,"Location":{"Space":{"X":0,"Y":3},"Zone":{"X":-1,"Y":0}},"CurrentStamina":15,"CurrentOrder":{"Kind":4,"TargetZone":null,"TargetSpace":{"X":0,"Y":3},"TargetResource":null,"TargetUnit":null,"TargetBuilding":null},"Builds":[],"GarrisonedIn":null,"Stance":3,"InterruptCurrent":true,"AttackBack":true,"TargetPriority":"","ActiveOrders":[{"ID":705,"Kind":4}],"Health":5.6,"MaxHealth":11},{"InternalID":24,"UnitID":12,"Type":2,"Kind":1,"Location":{"Space":{"X":0,"Y":3},"Zone":{"X":-1,"Y":0}},"CurrentStamina":12,"CurrentOrder":{"Kind":6,"TargetZone":null,"TargetSpace":null,"TargetResource":null,"TargetUnit":{"InternalID":58,"UnitID":13,"Type":2,"Kind":1,"Location":{"Space":{"X":0,"Y":3},"Zone":{"X":-1,"Y":0}},"CurrentStamina":8,"CurrentOrder":null,"Builds":[],"GarrisonedIn":null,"Stance":0,"InterruptCurrent":false,"AttackBack":false,"TargetPriority":"","ActiveOrders":null,"Health":43.53,"MaxHealth":50},"TargetBuilding":null},"Builds":[],"GarrisonedIn":null,"Stance":3,"InterruptCurrent":false,"AttackBack":true,"TargetPriority":"","ActiveOrders":[{"ID":664,"Kind":6},{"ID":665,"Kind":6},{"ID":666,"Kind":6},{"ID":667,"Kind":6},{"ID":668,"Kind":6}],"Health":16,"MaxHealth":16},{"InternalID":25,"UnitID":13,"Type":2,"Kind":1,"Location":{"Space":{"X":0,"Y":3},"Zone":{"X":-1,"Y":0}},"CurrentStamina":8,"CurrentOrder":{"Kind":6,"TargetZone":null,"TargetSpace":null,"TargetResource":null,"TargetUnit":{"InternalID":59,"UnitID":13,"Type":2,"Kind":1,"Location":{"Space":{"X":0,"Y":3},"Zone":{"X":-1,"Y":0}},"CurrentStamina":8,"CurrentOrder":null,"Builds":[],"GarrisonedIn":null,"Stance":0,"InterruptCurrent":false,"AttackBack":false,"TargetPriority":"","ActiveOrders":null,"Health":47.73,"MaxHealth":50},"TargetBuilding":null},"Builds":[],"GarrisonedIn":null,"Stance":3,"InterruptCurrent":false,"AttackBack":true,"TargetPriority":"","ActiveOrders":[{"ID":670,"Kind":6},{"ID":671,"Kind":6},{"ID":672,"Kind":6},{"ID":673,"Kind":6},{"ID":674,"Kind":6}],"Health":47.8571,"MaxHealth":50},{"InternalID":26,"UnitID":13,"Type":2,"Kind":1,"Location":{"Space":{"X":0,"Y":3},"Zone":{"X":-1,"Y":0}},"CurrentStamina":8,"CurrentOrder":{"Kind":6,"TargetZone":null,"TargetSpace":null,"TargetResource":null,"TargetUnit":{"InternalID":60,"UnitID":13,"Type":2,"Kind":1,"Location":{"Space":{"X":0,"Y":3},"Zone":{"X":-1,"Y":0}},"CurrentStamina":8,"CurrentOrder":null,"Builds":[],"GarrisonedIn":null,"Stance":0,"InterruptCurrent":false,"AttackBack":false,"TargetPriority":"","ActiveOrders":null,"Health":47.73,"MaxHealth":50},"TargetBuilding":null},"Builds":[],"GarrisonedIn":null,"Stance":3,"InterruptCurrent":false,"AttackBack":true,"TargetPriority":"","ActiveOrders":[{"ID":676,"Kind":6},{"ID":677,"Kind":6},{"ID":678,"Kind":6},{"ID":679,"Kind":6},{"ID":680,"Kind":6}],"Health":50,"MaxHealth":50},{"InternalID":27,"UnitID":13,"Type":2,"Kind":1,"Location":{"Space":{"X":0,"Y":3},"Zone":{"X":-1,"Y":0}},"CurrentStamina":8,"CurrentOrder":{"Kind":6,"TargetZone":null,"TargetSpace":null,"TargetResource":null,"TargetUnit":{"InternalID":56,"UnitID":13,"Type":2,"Kind":1,"Location":{"Space":{"X":0,"Y":3},"Zone":{"X":-1,"Y":0}},"CurrentStamina":8,"CurrentOrder":null,"Builds":[],"GarrisonedIn":null,"Stance":0,"InterruptCurrent":false,"AttackBack":false,"TargetPriority":"","ActiveOrders":null,"Health":35.5885,"MaxHealth":50},"TargetBuilding":null},"Builds":[],"GarrisonedIn":null,"Stance":3,"InterruptCurrent":false,"AttackBack":true,"TargetPriority":"","ActiveOrders":[{"ID":682,"Kind":6},{"ID":683,"Kind":6},{"ID":684,"Kind":6},{"ID":685,"Kind":6},{"ID":686,"Kind":6}],"Health":50,"MaxHealth":50},{"InternalID":28,"UnitID":13,"Type":2,"Kind":1,"Location":{"Space":{"X":0,"Y":3},"Zone":{"X":-1,"Y":0}},"CurrentStamina":8,"CurrentOrder":{"Kind":6,"TargetZone":null,"TargetSpace":null,"TargetResource":null,"TargetUnit":{"InternalID":56,"UnitID":13,"Type":2,"Kind":1,"Location":{"Space":{"X":0,"Y":3},"Zone":{"X":-1,"Y":0}},"CurrentStamina":8,"CurrentOrder":null,"Builds":[],"GarrisonedIn":null,"Stance":0,"InterruptCurrent":false,"AttackBack":false,"TargetPriority":"","ActiveOrders":null,"Health":35.5885,"MaxHealth":50},"TargetBuilding":null},"Builds":[],"GarrisonedIn":null,"Stance":3,"InterruptCurrent":false,"AttackBack":true,"TargetPriority":"","ActiveOrders":[{"ID":688,"Kind":6},{"ID":689,"Kind":6},{"ID":690,"Kind":6},{"ID":691,"Kind":6},{"ID":692,"Kind":6}],"Health":50,"MaxHealth":50},{"InternalID":29,"UnitID":13,"Type":2,"Kind":1,"Location":{"Space":{"X":0,"Y":3},"Zone":{"X":-1,"Y":0}},"CurrentStamina":8,"CurrentOrder":{"Kind":6,"TargetZone":null,"TargetSpace":null,"TargetResource":null,"TargetUnit":{"InternalID":57,"UnitID":13,"Type":2,"Kind":1,"Location":{"Space":{"X":0,"Y":3},"Zone":{"X":-1,"Y":0}},"CurrentStamina":8,"CurrentOrder":null,"Builds":[],"GarrisonedIn":null,"Stance":0,"InterruptCurrent":false,"AttackBack":false,"TargetPriority":"","ActiveOrders":null,"Health":41.43,"MaxHealth":50},"TargetBuilding":null},"Builds":[],"GarrisonedIn":null,"Stance":3,"InterruptCurrent":false,"AttackBack":true,"TargetPriority":"","ActiveOrders":[{"ID":694,"Kind":6},{"ID":695,"Kind":6},{"ID":696,"Kind":6},{"ID":697,"Kind":6},{"ID":698,"Kind":6}],"Health":50,"MaxHealth":50},{"InternalID":30,"UnitID":13,"Type":2,"Kind":1,"Location":{"Space":{"X":0,"Y":3},"Zone":{"X":-1,"Y":0}},"CurrentStamina":8,"CurrentOrder":{"Kind":6,"TargetZone":null,"TargetSpace":null,"TargetResource":null,"TargetUnit":{"InternalID":58,"UnitID":13,"Type":2,"Kind":1,"Location":{"Space":{"X":0,"Y":3},"Zone":{"X":-1,"Y":0}},"CurrentStamina":8,"CurrentOrder":null,"Builds":[],"GarrisonedIn":null,"Stance":0,"InterruptCurrent":false,"AttackBack":false,"TargetPriority":"","ActiveOrders":null,"Health":43.53,"MaxHealth":50},"TargetBuilding":null},"Builds":[],"GarrisonedIn":null,"Stance":3,"InterruptCurrent":false,"AttackBack":true,"TargetPriority":"","ActiveOrders":[{"ID":700,"Kind":6},{"ID":701,"Kind":6},{"ID":702,"Kind":6},{"ID":703,"Kind":6},{"ID":704,"Kind":6}],"Health":50,"MaxHealth":50}]}
2026/09/30 21:20:37 ai ai-0: submitting orders [{Subjects:[2] OrderType:9 TargetID:56 ClearPreviousOrders:true} {Subjects:[24] OrderType:9 TargetID:56 ClearPreviousOrders:true} {Subjects:[25] OrderType:9 TargetID:56 ClearPreviousOrders:true} {Subjects:[26] OrderType:9 TargetID:56 ClearPreviousOrders:true} {Subjects:[27] OrderType:9 TargetID:56 ClearPreviousOrders:true} {Subjects:[28] OrderType:9 TargetID:56 ClearPreviousOrders:true} {Subjects:[29] OrderType:9 TargetID:56 ClearPreviousOrders:true} {Subjects:[30] OrderType:9 TargetID:56 ClearPreviousOrders:true} {Subjects:[2] OrderType:9 TargetID:56 ClearPreviousOrders:true} {Subjects:[2] OrderType:9 TargetID:57 ClearPreviousOrders:false} {Subjects:[2] OrderType:9 TargetID:58 ClearPreviousOrders:false} {Subjects:[2] OrderType:9 TargetID:59 ClearPreviousOrders:false} {Subjects:[2] OrderType:9 TargetID:60 ClearPreviousOrders:false} {Subjects:[24] OrderType:9 TargetID:56 ClearPreviousOrders:true} {Subjects:[24] OrderType:9 TargetID:58 ClearPreviousOrders:false} {Subjects:[24] OrderType:9 TargetID:59 ClearPreviousOrders:false} {Subjects:[24] OrderType:9 TargetID:60 ClearPreviousOrders:false} {Subjects:[24] OrderType:9 TargetID:57 ClearPreviousOrders:false} {Subjects:[25] OrderType:9 TargetID:56 ClearPreviousOrders:true} {Subjects:[25] OrderType:9 TargetID:59 ClearPreviousOrders:false} {Subjects:[25] OrderType:9 TargetID:60 ClearPreviousOrders:false} {Subjects:[25] OrderType:9 TargetID:57 ClearPreviousOrders:false} {Subjects:[25] OrderType:9 TargetID:57 ClearPreviousOrders:false} {Subjects:[26] OrderType:9 TargetID:56 ClearPreviousOrders:true} {Subjects:[26] OrderType:9 TargetID:60 ClearPreviousOrders:false} {Subjects:[26] OrderType:9 TargetID:57 ClearPreviousOrders:false} {Subjects:[26] OrderType:9 TargetID:57 ClearPreviousOrders:false} {Subjects:[26] OrderType:9 TargetID:58 ClearPreviousOrders:false} {Subjects:[27] OrderType:9 TargetID:56 ClearPreviousOrders:true} {Subjects:[27] OrderType:9 TargetID:57 ClearPreviousOrders:false} {Subjects:[27] OrderType:9 TargetID:57 ClearPreviousOrders:false} {Subjects:[27] OrderType:9 TargetID:58 ClearPreviousOrders:false} {Subjects:[27] OrderType:9 TargetID:59 ClearPreviousOrders:false} {Subjects:[28] OrderType:9 TargetID:56 ClearPreviousOrders:true} {Subjects:[28] OrderType:9 TargetID:57 ClearPreviousOrders:false} {Subjects:[28] OrderType:9 TargetID:58 ClearPreviousOrders:false} {Subjects:[28] OrderType:9 TargetID:59 ClearPreviousOrders:false} {Subjects:[28] OrderType:9 TargetID:60 ClearPreviousOrders:false} {Subjects:[29] OrderType:9 TargetID:56 ClearPreviousOrders:true} {Subjects:[29] OrderType:9 TargetID:58 ClearPreviousOrders:false} {Subjects:[29] OrderType:9 TargetID:59 ClearPreviousOrders:false} {Subjects:[29] OrderType:9 TargetID:60 ClearPreviousOrders:false} {Subjects:[29] OrderType:9 TargetID:57 ClearPreviousOrders:false} {Subjects:[30] OrderType:9 TargetID:56 ClearPreviousOrders:true} {Subjects:[30] OrderType:9 TargetID:59 ClearPreviousOrders:false} {Subjects:[30] OrderType:9 TargetID:60 ClearPreviousOrders:false} {Subjects:[30] OrderType:9 TargetID:57 ClearPreviousOrders:false} {Subjects:[30] OrderType:9 TargetID:57 ClearPreviousOrders:false}]
2026/09/30 21:20:37 ai ai-0: vars {"B":1,"Hv":6,"Pi":1,"aPowLocal":0,"aThreat":0,"a_engaged":0,"a_odds":1.3,"a_outnumbered":0,"army_target":50,"army_value":1260,"assault":0,"bank_rate":28,"bar_barracks":0.17072129748186085,"bar_redoubt":1.1111111111111112,"barracks":0,"barracks_B":0,"barracks_P":0,"barracks_save":0,"barracks_spend":78.1,"barracks_want":0,"buffer_food":70,"buffer_gold":0,"buffer_stone":0,"buffer_wood":70,"builders":0,"committed":0,"eB":12.899999999999995,"eGrowth":0,"eH":5.7,"eMil":25.399999999999995,"eP":6.800000000000001,"ePow":49.3,"ePowEst":47.746904328569585,"ePowSeen":47.746904328569585,"eTech":1,"eV":0,"es":26.399999999999995,"farm_want":0,"farm_wood_short":0,"farming":0,"fire_barracks":0,"fire_farm0":0,"fire_farm1":0,"fire_farm2":0,"fire_house":0,"fire_outpost":0,"fire_redoubt":0,"fire_smith":0,"fire_vc":0,"food_need":0,"food_over":0,"food_rate":0,"food_slots":1000,"food_workers":0,"free_room":42,"go":0,"gold_income":0,"gold_need":0,"gold_rate":0,"gold_surplus":128,"guaranteed":0,"guard_home":0,"headroom":-8,"hire_B":6892.3076923076915,"hire_P":10830.76923076923,"homePow":0,"house_builders":0,"house_urgency":0,"house_want":0,"income_proj":0,"left":0,"lf_food":0,"lf_gold":0,"lf_stone":0,"lf_wood":0,"lump_food":0,"lump_gold":0,"lump_stone":0,"lump_wood":0,"maturity":0,"mil":8,"myTech":1,"n_barracks":0,"n_redoubts":0,"needB":31.136370105717763,"needP":10.863629894282234,"outpost_want":0,"pikes":0,"planned_food":0,"planned_gold":0,"planned_stone":0,"planned_wood":0,"prod_rate":0,"proj_army":1260,"raid_danger":20,"raid_fails":1,"raid_lost":2,"raid_pause":20,"raid_prev":0,"raid_size":0,"raid_wiped":1,"rate":6,"redoubt_H":0,"redoubt_gold_ok":0.5688888888888889,"redoubt_save":0,"redoubt_spend":30,"redoubt_want":0,"redoubts":0,"rf_food":0,"rf_gold":0,"rf_stone":0,"rf_wood":0,"sB4":1.2689859576969222,"sP4":0.44275532885347746,"scale_l":0,"scale_r":0,"shareH":0.5078166168979449,"smith_want":0,"smiths":0,"spare":0,"spare_food":0.5,"stone_need":0,"stone_rate":0,"tH":48,"target_spend":400,"tech_food":50,"tech_gold":0,"tech_stone":0,"tech_wood":50,"threat_home":0,"turns_left":-80,"u_barracks":0.17645499010060875,"u_redoubt":0.47396217577141525,"unit_spend":120,"vB":1.0613636363636365,"vH":1.0950757575757575,"vP":0.815719696969697,"vc_want":0,"vcs":0,"vil_goal":50,"vil_rate":0,"vil_stamina":8,"vil_want":0,"vil_want_last":0,"vil_worth_now":0.6,"vils":0,"w_food":0,"w_gold":0,"w_stone":0,"w_wood":0,"wild_workers":0,"wood_need":0,"wood_rate":0,"workers":0}
2026/09/30 21:20:37 player action: set-unit-behavior 0 1 map[internal_ids:[24 25 26 27 28 29 30] interrupt_current:true]
2026/09/30 21:20:37 player action: set-unit-behavior 0 1 map[internal_ids:[2] interrupt_current:false]
2026/09/30 21:20:37 player action: submit-orders 0 1 map[orders:[{0 [2] 9 56 true} {0 [24] 9 56 true} {0 [25] 9 56 true} {0 [26] 9 56 true} {0 [27] 9 56 true} {0 [28] 9 56 true} {0 [29] 9 56 true} {0 [30] 9 56 true} {0 [2] 9 56 true} {0 [2] 9 57 false} {0 [2] 9 58 false} {0 [2] 9 59 false} {0 [2] 9 60 false} {0 [24] 9 56 true} {0 [24] 9 58 false} {0 [24] 9 59 false} {0 [24] 9 60 false} {0 [24] 9 57 false} {0 [25] 9 56 true} {0 [25] 9 59 false} {0 [25] 9 60 false} {0 [25] 9 57 false} {0 [25] 9 57 false} {0 [26] 9 56 true} {0 [26] 9 60 false} {0 [26] 9 57 false} {0 [26] 9 57 false} {0 [26] 9 58 false} {0 [27] 9 56 true} {0 [27] 9 57 false} {0 [27] 9 57 false} {0 [27] 9 58 false} {0 [27] 9 59 false} {0 [28] 9 56 true} {0 [28] 9 57 false} {0 [28] 9 58 false} {0 [28] 9 59 false} {0 [28] 9 60 false} {0 [29] 9 56 true} {0 [29] 9 58 false} {0 [29] 9 59 false} {0 [29] 9 60 false} {0 [29] 9 57 false} {0 [30] 9 56 true} {0 [30] 9 59 false} {0 [30] 9 60 false} {0 [30] 9 57 false} {0 [30] 9 57 false}]]
2026/09/30 21:20:37 Executing submit orders for: 0 [{0 [2] 9 56 true} {0 [24] 9 56 true} {0 [25] 9 56 true} {0 [26] 9 56 true} {0 [27] 9 56 true} {0 [28] 9 56 true} {0 [29] 9 56 true} {0 [30] 9 56 true} {0 [2] 9 56 true} {0 [2] 9 57 false} {0 [2] 9 58 false} {0 [2] 9 59 false} {0 [2] 9 60 false} {0 [24] 9 56 true} {0 [24] 9 58 false} {0 [24] 9 59 false} {0 [24] 9 60 false} {0 [24] 9 57 false} {0 [25] 9 56 true} {0 [25] 9 59 false} {0 [25] 9 60 false} {0 [25] 9 57 false} {0 [25] 9 57 false} {0 [26] 9 56 true} {0 [26] 9 60 false} {0 [26] 9 57 false} {0 [26] 9 57 false} {0 [26] 9 58 false} {0 [27] 9 56 true} {0 [27] 9 57 false} {0 [27] 9 57 false} {0 [27] 9 58 false} {0 [27] 9 59 false} {0 [28] 9 56 true} {0 [28] 9 57 false} {0 [28] 9 58 false} {0 [28] 9 59 false} {0 [28] 9 60 false} {0 [29] 9 56 true} {0 [29] 9 58 false} {0 [29] 9 59 false} {0 [29] 9 60 false} {0 [29] 9 57 false} {0 [30] 9 56 true} {0 [30] 9 59 false} {0 [30] 9 60 false} {0 [30] 9 57 false} {0 [30] 9 57 false}]
2026/09/30 21:20:37 Resolving active orders
2026/09/30 21:20:37 combat turn=15 tick=1: 2 u11 (player 0, stamina 3) hits 56 u13 (player 1) for 0.71
2026/09/30 21:20:37 combat turn=15 tick=1: 29 u13 (player 0, stamina 3) hits 56 u13 (player 1) for 3.41
2026/09/30 21:20:37 combat turn=15 tick=1: 30 u13 (player 0, stamina 3) hits 56 u13 (player 1) for 3.41
2026/09/30 21:20:37 combat turn=15 tick=1: 25 u13 (player 0, stamina 3) hits 56 u13 (player 1) for 3.41
2026/09/30 21:20:37 combat turn=15 tick=1: 26 u13 (player 0, stamina 3) hits 56 u13 (player 1) for 3.41
2026/09/30 21:20:37 combat turn=15 tick=1: 28 u13 (player 0, stamina 3) hits 56 u13 (player 1) for 3.41
2026/09/30 21:20:37 combat turn=15 tick=1: 24 u12 (player 0, stamina 3) hits 56 u13 (player 1) for 2.10
2026/09/30 21:20:37 combat turn=15 tick=1: 27 u13 (player 0, stamina 3) hits 56 u13 (player 1) for 3.41
2026/09/30 21:20:37 combat turn=15 tick=1: 58 u13 (player 1, stamina 3) hits 2 u11 (player 0) for 5.12
2026/09/30 21:20:37 combat turn=15 tick=1: 59 u13 (player 1, stamina 3) hits 2 u11 (player 0) for 5.12
2026/09/30 21:20:37 combat turn=15 tick=1: 56 u13 (player 1, stamina 3) hits 2 u11 (player 0) for 5.12
2026/09/30 21:20:37 combat turn=15 tick=1: 60 u13 (player 1, stamina 3) hits 2 u11 (player 0) for 5.12
2026/09/30 21:20:37 combat turn=15 tick=1: 57 u13 (player 1, stamina 3) hits 2 u11 (player 0) for 5.12
2026/09/30 21:20:37 Moving unit 33 Blunt Infantry to zone(-1, 1) in space (-1, -3) tick=1
2026/09/30 21:20:37 state_hash turn=15 tick=1 hash=e686d4b1c3b1541f
2026/09/30 21:20:37 combat turn=15 tick=2: 26 u13 (player 0, stamina 3) hits 56 u13 (player 1) for 3.41
2026/09/30 21:20:37 combat turn=15 tick=2: 28 u13 (player 0, stamina 3) hits 56 u13 (player 1) for 3.41
2026/09/30 21:20:37 combat turn=15 tick=2: 24 u12 (player 0, stamina 3) hits 56 u13 (player 1) for 2.10
2026/09/30 21:20:37 combat turn=15 tick=2: 27 u13 (player 0, stamina 3) hits 56 u13 (player 1) for 3.41
2026/09/30 21:20:37 combat turn=15 tick=2: 29 u13 (player 0, stamina 3) hits 56 u13 (player 1) for 3.41
2026/09/30 21:20:37 combat turn=15 tick=2: 30 u13 (player 0, stamina 3) hits 56 u13 (player 1) for 3.41
2026/09/30 21:20:37 combat turn=15 tick=2: 25 u13 (player 0, stamina 3) hits 56 u13 (player 1) for 3.41
2026/09/30 21:20:37 combat turn=15 tick=2: 58 u13 (player 1, stamina 3) hits 24 u12 (player 0) for 4.54
2026/09/30 21:20:37 combat turn=15 tick=2: 59 u13 (player 1, stamina 3) hits 24 u12 (player 0) for 4.54
2026/09/30 21:20:37 combat turn=15 tick=2: 56 u13 (player 1, stamina 3) hits 24 u12 (player 0) for 4.54
2026/09/30 21:20:37 combat turn=15 tick=2: 60 u13 (player 1, stamina 3) hits 24 u12 (player 0) for 4.54
2026/09/30 21:20:37 combat turn=15 tick=2: 57 u13 (player 1, stamina 3) hits 24 u12 (player 0) for 4.54
2026/09/30 21:20:37 Moving unit 33 Blunt Infantry to zone(0, 0) in space (-1, -3) tick=2
2026/09/30 21:20:37 state_hash turn=15 tick=2 hash=9019fc536eae6ce0
2026/09/30 21:20:37 combat turn=15 tick=3: 29 u13 (player 0, stamina 2) hits 57 u13 (player 1) for 2.27
2026/09/30 21:20:37 combat turn=15 tick=3: 30 u13 (player 0, stamina 2) hits 57 u13 (player 1) for 2.27
2026/09/30 21:20:37 combat turn=15 tick=3: 25 u13 (player 0, stamina 2) hits 57 u13 (player 1) for 2.27
2026/09/30 21:20:37 combat turn=15 tick=3: 26 u13 (player 0, stamina 2) hits 57 u13 (player 1) for 2.27
2026/09/30 21:20:37 combat turn=15 tick=3: 28 u13 (player 0, stamina 2) hits 57 u13 (player 1) for 2.27
2026/09/30 21:20:37 combat turn=15 tick=3: 27 u13 (player 0, stamina 2) hits 57 u13 (player 1) for 2.27
2026/09/30 21:20:37 combat turn=15 tick=3: 58 u13 (player 1, stamina 2) hits 25 u13 (player 0) for 2.27
2026/09/30 21:20:37 combat turn=15 tick=3: 59 u13 (player 1, stamina 2) hits 25 u13 (player 0) for 2.27
2026/09/30 21:20:37 combat turn=15 tick=3: 60 u13 (player 1, stamina 2) hits 25 u13 (player 0) for 2.27
2026/09/30 21:20:37 combat turn=15 tick=3: 57 u13 (player 1, stamina 2) hits 25 u13 (player 0) for 2.27
2026/09/30 21:20:37 state_hash turn=15 tick=3 hash=69a49cd0a23a86a6
2026/09/30 21:20:37 state_hash turn=15 tick=end hash=6f8935dd6cbedfda
2026/09/30 21:20:37 ai ai-0: new turn data {"buildings":[],"enemy_buildings":[],"enemy_units":[{"InternalID":57,"UnitID":13,"Type":2,"Kind":1,"Location":{"Space":{"X":0,"Y":3},"Zone":{"X":-1,"Y":0}},"CurrentStamina":8,"CurrentOrder":null,"Builds":[],"GarrisonedIn":null,"Stance":0,"InterruptCurrent":false,"AttackBack":false,"TargetPriority":"","ActiveOrders":null,"Health":27.81,"MaxHealth":50},{"InternalID":58,"UnitID":13,"Type":2,"Kind":1,"Location":{"Space":{"X":0,"Y":3},"Zone":{"X":-1,"Y":0}},"CurrentStamina":8,"CurrentOrder":null,"Builds":[],"GarrisonedIn":null,"Stance":0,"InterruptCurrent":false,"AttackBack":false,"TargetPriority":"","ActiveOrders":null,"Health":43.53,"MaxHealth":50},{"InternalID":59,"UnitID":13,"Type":2,"Kind":1,"Location":{"Space":{"X":0,"Y":3},"Zone":{"X":-1,"Y":0}},"CurrentStamina":8,"CurrentOrder":null,"Builds":[],"GarrisonedIn":null,"Stance":0,"InterruptCurrent":false,"AttackBack":false,"TargetPriority":"","ActiveOrders":null,"Health":47.73,"MaxHealth":50},{"InternalID":60,"UnitID":13,"Type":2,"Kind":1,"Location":{"Space":{"X":0,"Y":3},"Zone":{"X":-1,"Y":0}},"CurrentStamina":8,"CurrentOrder":null,"Builds":[],"GarrisonedIn":null,"Stance":0,"InterruptCurrent":false,"AttackBack":false,"TargetPriority":"","ActiveOrders":null,"Health":47.73,"MaxHealth":50}],"foundations":[],"population":{"current":6,"limit":0},"resources":{"food":200,"gold":128,"stone":100,"wood":200},"spaces":[{"Space":{"X":0,"Y":-4},"Vision":1,"Owner":-1},{"Space":{"X":1,"Y":-4},"Vision":1,"Owner":-1},{"Space":{"X":2,"Y":-4},"Vision":1,"Owner":-1},{"Space":{"X":3,"Y":-4},"Vision":1,"Owner":-1},{"Space":{"X":4,"Y":-4},"Vision":1,"Owner":-1},{"Space":{"X":-1,"Y":-3},"Vision":1,"Owner":-1},{"Space":{"X":0,"Y":-3},"Vision":1,"Owner":-1},{"Space":{"X":1,"Y":-3},"Vision":1,"Owner":-1},{"Space":{"X":2,"Y":-3},"Vision":1,"Owner":-1},{"Space":{"X":3,"Y":-3},"Vision":1,"Owner":-1},{"Space":{"X":4,"Y":-3},"Vision":1,"Owner":-1},{"Space":{"X":-2,"Y":-2},"Vision":1,"Owner":-1},{"Space":{"X":-1,"Y":-2},"Vision":1,"Owner":-1},{"Space":{"X":0,"Y":-2},"Vision":1,"Owner":-1},{"Space":{"X":1,"Y":-2},"Vision":1,"Owner":-1},{"Space":{"X":2,"Y":-2},"Vision":1,"Owner":-1},{"Space":{"X":3,"Y":-2},"Vision":1,"Owner":-1},{"Space":{"X":4,"Y":-2},"Vision":0,"Owner":-1},{"Space":{"X":-3,"Y":-1},"Vision":1,"Owner":-1},{"Space":{"X":-2,"Y":-1},"Vision":1,"Owner":-1},{"Space":{"X":-1,"Y":-1},"Vision":1,"Owner":-1},{"Space":{"X":0,"Y":-1},"Vision":1,"Owner":-1},{"Space":{"X":1,"Y":-1},"Vision":1,"Owner":-1},{"Space":{"X":2,"Y":-1},"Vision":1,"Owner":-1},{"Space":{"X":3,"Y":-1},"Vision":0,"Owner":-1},{"Space":{"X":4,"Y":-1},"Vision":0,"Owner":-1},{"Space":{"X":-4,"Y":0},"Vision":1,"Owner":-1},{"Space":{"X":-3,"Y":0},"Vision":1,"Owner":-1},{"Space":{"X":-2,"Y":0},"Vision":1,"Owner":-1},{"Space":{"X":-1,"Y":0},"Vision":1,"Owner":-1},{"Space":{"X":0,"Y":0},"Vision":1,"Owner":-1},{"Space":{"X":1,"Y":0},"Vision":1,"Owner":-1},{"Space":{"X":2,"Y":0},"Vision":1,"Owner":-1},{"Space":{"X":3,"Y":0},"Vision":1,"Owner":-1},{"Space":{"X":4,"Y":0},"Vision":0,"Owner":-1},{"Space":{"X":-4,"Y":1},"Vision":1,"Owner":-1},{"Space":{"X":-3,"Y":1},"Vision":1,"Owner":-1},{"Space":{"X":-2,"Y":1},"Vision":1,"Owner":-1},{"Space":{"X":-1,"Y":1},"Vision":1,"Owner":-1},{"Space":{"X":0,"Y":1},"Vision":1,"Owner":-1},{"Space":{"X":1,"Y":1},"Vision":1,"Owner":-1},{"Space":{"X":2,"Y":1},"Vision":1,"Owner":-1},{"Space":{"X":3,"Y":1},"Vision":1,"Owner":-1},{"Space":{"X":-4,"Y":2},"Vision":1,"Owner":-1},{"Space":{"X":-3,"Y":2},"Vision":1,"Owner":-1},{"Space":{"X":-2,"Y":2},"Vision":1,"Owner":-1},{"Space":{"X":-1,"Y":2},"Vision":1,"Owner":-1},{"Space":{"X":0,"Y":2},"Vision":2,"Owner":-1},{"Space":{"X":1,"Y":2},"Vision":2,"Owner":-1},{"Space":{"X":2,"Y":2},"Vision":1,"Owner":-1},{"Space":{"X":-4,"Y":3},"Vision":1,"Owner":-1},{"Space":{"X":-3,"Y":3},"Vision":1,"Owner":-1},{"Space":{"X":-2,"Y":3},"Vision":1,"Owner":-1},{"Space":{"X":-1,"Y":3},"Vision":3,"Owner":-1},{"Space":{"X":0,"Y":3},"Vision":3,"Owner":-1},{"Space":{"X":1,"Y":3},"Vision":2,"Owner":-1},{"Space":{"X":-4,"Y":4},"Vision":1,"Owner":-1},{"Space":{"X":-3,"Y":4},"Vision":1,"Owner":-1},{"Space":{"X":-2,"Y":4},"Vision":1,"Owner":-1},{"Space":{"X":-1,"Y":4},"Vision":2,"Owner":-1},{"Space":{"X":0,"Y":4},"Vision":2,"Owner":-1}],"units":[{"InternalID":25,"UnitID":13,"Type":2,"Kind":1,"Location":{"Space":{"X":0,"Y":3},"Zone":{"X":-1,"Y":0}},"CurrentStamina":8,"CurrentOrder":{"Kind":6,"TargetZone":null,"TargetSpace":null,"TargetResource":null,"TargetUnit":null,"TargetBuilding":null},"Builds":[],"GarrisonedIn":null,"Stance":3,"InterruptCurrent":true,"AttackBack":true,"TargetPriority":"","ActiveOrders":[{"ID":761,"Kind":6}],"Health":38.7771,"MaxHealth":50},{"InternalID":26,"UnitID":13,"Type":2,"Kind":1,"Location":{"Space":{"X":0,"Y":3},"Zone":{"X":-1,"Y":0}},"CurrentStamina":8,"CurrentOrder":{"Kind":4,"TargetZone":null,"TargetSpace":{"X":0,"Y":3},"TargetResource":null,"TargetUnit":null,"TargetBuilding":null},"Builds":[],"GarrisonedIn":null,"Stance":3,"InterruptCurrent":true,"AttackBack":true,"TargetPriority":"","ActiveOrders":[{"ID":757,"Kind":4}],"Health":50,"MaxHealth":50},{"InternalID":27,"UnitID":13,"Type":2,"Kind":1,"Location":{"Space":{"X":0,"Y":3},"Zone":{"X":-1,"Y":0}},"CurrentStamina":8,"CurrentOrder":{"Kind":4,"TargetZone":null,"TargetSpace":{"X":0,"Y":3},"TargetResource":null,"TargetUnit":null,"TargetBuilding":null},"Builds":[],"GarrisonedIn":null,"Stance":3,"InterruptCurrent":true,"AttackBack":true,"TargetPriority":"","ActiveOrders":[{"ID":760,"Kind":4}],"Health":50,"MaxHealth":50},{"InternalID":28,"UnitID":13,"Type":2,"Kind":1,"Location":{"Space":{"X":0,"Y":3},"Zone":{"X":-1,"Y":0}},"CurrentStamina":8,"CurrentOrder":{"Kind":4,"TargetZone":null,"TargetSpace":{"X":0,"Y":3},"TargetResource":null,"TargetUnit":null,"TargetBuilding":null},"Builds":[],"GarrisonedIn":null,"Stance":3,"InterruptCurrent":true,"AttackBack":true,"TargetPriority":"","ActiveOrders":[{"ID":758,"Kind":4}],"Health":50,"MaxHealth":50},{"InternalID":29,"UnitID":13,"Type":2,"Kind":1,"Location":{"Space":{"X":0,"Y":3},"Zone":{"X":-1,"Y":0}},"CurrentStamina":8,"CurrentOrder":{"Kind":4,"TargetZone":null,"TargetSpace":{"X":0,"Y":3},"TargetResource":null,"TargetUnit":null,"TargetBuilding":null},"Builds":[],"GarrisonedIn":null,"Stance":3,"InterruptCurrent":true,"AttackBack":true,"TargetPriority":"","ActiveOrders":[{"ID":754,"Kind":4}],"Health":50,"MaxHealth":50},{"InternalID":30,"UnitID":13,"Type":2,"Kind":1,"Location":{"Space":{"X":0,"Y":3},"Zone":{"X":-1,"Y":0}},"CurrentStamina":8,"CurrentOrder":{"Kind":4,"TargetZone":null,"TargetSpace":{"X":0,"Y":3},"TargetResource":null,"TargetUnit":null,"TargetBuilding":null},"Builds":[],"GarrisonedIn":null,"Stance":3,"InterruptCurrent":true,"AttackBack":true,"TargetPriority":"","ActiveOrders":[{"ID":755,"Kind":4}],"Health":50,"MaxHealth":50}]}
2026/09/30 21:20:37 ai ai-1: new turn data {"buildings":[],"enemy_buildings":[],"enemy_units":[{"InternalID":25,"UnitID":13,"Type":2,"Kind":1,"Location":{"Space":{"X":0,"Y":3},"Zone":{"X":-1,"Y":0}},"CurrentStamina":8,"CurrentOrder":null,"Builds":[],"GarrisonedIn":null,"Stance":0,"InterruptCurrent":false,"AttackBack":false,"TargetPriority":"","ActiveOrders":null,"Health":38.7771,"MaxHealth":50},{"InternalID":26,"UnitID":13,"Type":2,"Kind":1,"Location":{"Space":{"X":0,"Y":3},"Zone":{"X":-1,"Y":0}},"CurrentStamina":8,"CurrentOrder":null,"Builds":[],"GarrisonedIn":null,"Stance":0,"InterruptCurrent":false,"AttackBack":false,"TargetPriority":"","ActiveOrders":null,"Health":50,"MaxHealth":50},{"InternalID":27,"UnitID":13,"Type":2,"Kind":1,"Location":{"Space":{"X":0,"Y":3},"Zone":{"X":-1,"Y":0}},"CurrentStamina":8,"CurrentOrder":null,"Builds":[],"GarrisonedIn":null,"Stance":0,"InterruptCurrent":false,"AttackBack":false,"TargetPriority":"","ActiveOrders":null,"Health":50,"MaxHealth":50},{"InternalID":28,"UnitID":13,"Type":2,"Kind":1,"Location":{"Space":{"X":0,"Y":3},"Zone":{"X":-1,"Y":0}},"CurrentStamina":8,"CurrentOrder":null,"Builds":[],"GarrisonedIn":null,"Stance":0,"InterruptCurrent":false,"AttackBack":false,"TargetPriority":"","ActiveOrders":null,"Health":50,"MaxHealth":50},{"InternalID":29,"UnitID":13,"Type":2,"Kind":1,"Location":{"Space":{"X":0,"Y":3},"Zone":{"X":-1,"Y":0}},"CurrentStamina":8,"CurrentOrder":null,"Builds":[],"GarrisonedIn":null,"Stance":0,"InterruptCurrent":false,"AttackBack":false,"TargetPriority":"","ActiveOrders":null,"Health":50,"MaxHealth":50},{"InternalID":30,"UnitID":13,"Type":2,"Kind":1,"Location":{"Space":{"X":0,"Y":3},"Zone":{"X":-1,"Y":0}},"CurrentStamina":8,"CurrentOrder":null,"Builds":[],"GarrisonedIn":null,"Stance":0,"InterruptCurrent":false,"AttackBack":false,"TargetPriority":"","ActiveOrders":null,"Health":50,"MaxHealth":50}],"foundations":[],"population":{"current":5,"limit":0},"resources":{"food":200,"gold":40,"stone":100,"wood":200},"spaces":[{"Space":{"X":0,"Y":-4},"Vision":2,"Owner":-1},{"Space":{"X":1,"Y":-4},"Vision":0,"Owner":-1},{"Space":{"X":2,"Y":-4},"Vision":0,"Owner":-1},{"Space":{"X":3,"Y":-4},"Vision":0,"Owner":-1},{"Space":{"X":4,"Y":-4},"Vision":0,"Owner":-1},{"Space":{"X":-1,"Y":-3},"Vision":3,"Owner":1},{"Space":{"X":0,"Y":-3},"Vision":2,"Owner":-1},{"Space":{"X":1,"Y":-3},"Vision":0,"Owner":-1},{"Space":{"X":2,"Y":-3},"Vision":0,"Owner":-1},{"Space":{"X":3,"Y":-3},"Vision":0,"Owner":-1},{"Space":{"X":4,"Y":-3},"Vision":0,"Owner":-1},{"Space":{"X":-2,"Y":-2},"Vision":2,"Owner":-1},{"Space":{"X":-1,"Y":-2},"Vision":2,"Owner":-1},{"Space":{"X":0,"Y":-2},"Vision":1,"Owner":-1},{"Space":{"X":1,"Y":-2},"Vision":1,"Owner":-1},{"Space":{"X":2,"Y":-2},"Vision":1,"Owner":-1},{"Space":{"X":3,"Y":-2},"Vision":1,"Owner":-1},{"Space":{"X":4,"Y":-2},"Vision":0,"Owner":-1},{"Space":{"X":-3,"Y":-1},"Vision":1,"Owner":-1},{"Space":{"X":-2,"Y":-1},"Vision":1,"Owner":-1},{"Space":{"X":-1,"Y":-1},"Vision":1,"Owner":-1},{"Space":{"X":0,"Y":-1},"Vision":1,"Owner":-1},{"Space":{"X":1,"Y":-1},"Vision":1,"Owner":-1},{"Space":{"X":2,"Y":-1},"Vision":1,"Owner":-1},{"Space":{"X":3,"Y":-1},"Vision":1,"Owner":-1},{"Space":{"X":4,"Y":-1},"Vision":0,"Owner":-1},{"Space":{"X":-4,"Y":0},"Vision":1,"Owner":-1},{"Space":{"X":-3,"Y":0},"Vision":1,"Owner":-1},{"Space":{"X":-2,"Y":0},"Vision":1,"Owner":-1},{"Space":{"X":-1,"Y":0},"Vision":1,"Owner":-1},{"Space":{"X":0,"Y":0},"Vision":1,"Owner":-1},{"Space":{"X":1,"Y":0},"Vision":1,"Owner":-1},{"Space":{"X":2,"Y":0},"Vision":1,"Owner":-1},{"Space":{"X":3,"Y":0},"Vision":1,"Owner":-1},{"Space":{"X":4,"Y":0},"Vision":0,"Owner":-1},{"Space":{"X":-4,"Y":1},"Vision":1,"Owner":-1},{"Space":{"X":-3,"Y":1},"Vision":1,"Owner":-1},{"Space":{"X":-2,"Y":1},"Vision":1,"Owner":0},{"Space":{"X":-1,"Y":1},"Vision":1,"Owner":-1},{"Space":{"X":0,"Y":1},"Vision":1,"Owner":-1},{"Space":{"X":1,"Y":1},"Vision":1,"Owner":0},{"Space":{"X":2,"Y":1},"Vision":1,"Owner":0},{"Space":{"X":3,"Y":1},"Vision":1,"Owner":-1},{"Space":{"X":-4,"Y":2},"Vision":1,"Owner":0},{"Space":{"X":-3,"Y":2},"Vision":1,"Owner":-1},{"Space":{"X":-2,"Y":2},"Vision":1,"Owner":0},{"Space":{"X":-1,"Y":2},"Vision":1,"Owner":0},{"Space":{"X":0,"Y":2},"Vision":2,"Owner":-1},{"Space":{"X":1,"Y":2},"Vision":2,"Owner":-1},{"Space":{"X":2,"Y":2},"Vision":1,"Owner":-1},{"Space":{"X":-4,"Y":3},"Vision":1,"Owner":0},{"Space":{"X":-3,"Y":3},"Vision":1,"Owner":-1},{"Space":{"X":-2,"Y":3},"Vision":1,"Owner":0},{"Space":{"X":-1,"Y":3},"Vision":3,"Owner":-1},{"Space":{"X":0,"Y":3},"Vision":3,"Owner":-1},{"Space":{"X":1,"Y":3},"Vision":2,"Owner":-1},{"Space":{"X":-4,"Y":4},"Vision":1,"Owner":-1},{"Space":{"X":-3,"Y":4},"Vision":1,"Owner":-1},{"Space":{"X":-2,"Y":4},"Vision":1,"Owner":-1},{"Space":{"X":-1,"Y":4},"Vision":2,"Owner":-1},{"Space":{"X":0,"Y":4},"Vision":2,"Owner":-1}],"units":[{"InternalID":33,"UnitID":11,"Type":2,"Kind":1,"Location":{"Space":{"X":-1,"Y":-3},"Zone":{"X":0,"Y":0}},"CurrentStamina":23,"CurrentOrder":null,"Builds":[],"GarrisonedIn":null,"Stance":3,"InterruptCurrent":false,"AttackBack":true,"TargetPriority":"","ActiveOrders":null,"Health":11,"MaxHealth":11},{"InternalID":57,"UnitID":13,"Type":2,"Kind":1,"Location":{"Space":{"X":0,"Y":3},"Zone":{"X":-1,"Y":0}},"CurrentStamina":8,"CurrentOrder":{"Kind":4,"TargetZone":null,"TargetSpace":{"X":0,"Y":3},"TargetResource":null,"TargetUnit":null,"TargetBuilding":null},"Builds":[],"GarrisonedIn":null,"Stance":3,"InterruptCurrent":false,"AttackBack":true,"TargetPriority":"","ActiveOrders":[{"ID":284,"Kind":4}],"Health":27.81,"MaxHealth":50},{"InternalID":58,"UnitID":13,"Type":2,"Kind":1,"Location":{"Space":{"X":0,"Y":3},"Zone":{"X":-1,"Y":0}},"CurrentStamina":8,"CurrentOrder":{"Kind":4,"TargetZone":null,"TargetSpace":{"X":0,"Y":3},"TargetResource":null,"TargetUnit":null,"TargetBuilding":null},"Builds":[],"GarrisonedIn":null,"Stance":3,"InterruptCurrent":false,"AttackBack":true,"TargetPriority":"","ActiveOrders":[{"ID":278,"Kind":4}],"Health":43.53,"MaxHealth":50},{"InternalID":59,"UnitID":13,"Type":2,"Kind":1,"Location":{"Space":{"X":0,"Y":3},"Zone":{"X":-1,"Y":0}},"CurrentStamina":8,"CurrentOrder":{"Kind":4,"TargetZone":null,"TargetSpace":{"X":0,"Y":3},"TargetResource":null,"TargetUnit":null,"TargetBuilding":null},"Builds":[],"GarrisonedIn":null,"Stance":3,"InterruptCurrent":false,"AttackBack":true,"TargetPriority":"","ActiveOrders":[{"ID":279,"Kind":4}],"Health":47.73,"MaxHealth":50},{"InternalID":60,"UnitID":13,"Type":2,"Kind":1,"Location":{"Space":{"X":0,"Y":3},"Zone":{"X":-1,"Y":0}},"CurrentStamina":8,"CurrentOrder":{"Kind":4,"TargetZone":null,"TargetSpace":{"X":0,"Y":3},"TargetResource":null,"TargetUnit":null,"TargetBuilding":null},"Builds":[],"GarrisonedIn":null,"Stance":3,"InterruptCurrent":false,"AttackBack":true,"TargetPriority":"","ActiveOrders":[{"ID":282,"Kind":4}],"Health":47.73,"MaxHealth":50}]}
2026/09/30 21:20:37 ai ai-1: submitting orders [{Subjects:[33] OrderType:2 TargetID:5460 ClearPreviousOrders:true}]
2026/09/30 21:20:37 ai ai-1: vars {}
2026/09/30 21:20:37 player action: submit-orders 0 2 map[orders:[{1 [33] 2 5460 true}]]
2026/09/30 21:20:37 Executing submit orders for: 1 [{1 [33] 2 5460 true}]
2026/09/30 21:20:37 ai ai-0: submitting orders [{Subjects:[25] OrderType:9 TargetID:57 ClearPreviousOrders:true} {Subjects:[26] OrderType:9 TargetID:57 ClearPreviousOrders:true} {Subjects:[27] OrderType:9 TargetID:57 ClearPreviousOrders:true} {Subjects:[28] OrderType:9 TargetID:57 ClearPreviousOrders:true} {Subjects:[29] OrderType:9 TargetID:57 ClearPreviousOrders:true} {Subjects:[30] OrderType:9 TargetID:57 ClearPreviousOrders:true} {Subjects:[25] OrderType:9 TargetID:57 ClearPreviousOrders:true} {Subjects:[25] OrderType:9 TargetID:58 ClearPreviousOrders:false} {Subjects:[25] OrderType:9 TargetID:59 ClearPreviousOrders:false} {Subjects:[25] OrderType:9 TargetID:60 ClearPreviousOrders:false} {Subjects:[26] OrderType:9 TargetID:57 ClearPreviousOrders:true} {Subjects:[26] OrderType:9 TargetID:59 ClearPreviousOrders:false} {Subjects:[26] OrderType:9 TargetID:60 ClearPreviousOrders:false} {Subjects:[26] OrderType:9 TargetID:58 ClearPreviousOrders:false} {Subjects:[27] OrderType:9 TargetID:57 ClearPreviousOrders:true} {Subjects:[27] OrderType:9 TargetID:60 ClearPreviousOrders:false} {Subjects:[27] OrderType:9 TargetID:58 ClearPreviousOrders:false} {Subjects:[27] OrderType:9 TargetID:58 ClearPreviousOrders:false} {Subjects:[28] OrderType:9 TargetID:57 ClearPreviousOrders:true} {Subjects:[28] OrderType:9 TargetID:58 ClearPreviousOrders:false} {Subjects:[28] OrderType:9 TargetID:58 ClearPreviousOrders:false} {Subjects:[28] OrderType:9 TargetID:59 ClearPreviousOrders:false} {Subjects:[29] OrderType:9 TargetID:57 ClearPreviousOrders:true} {Subjects:[29] OrderType:9 TargetID:58 ClearPreviousOrders:false} {Subjects:[29] OrderType:9 TargetID:59 ClearPreviousOrders:false} {Subjects:[29] OrderType:9 TargetID:60 ClearPreviousOrders:false} {Subjects:[30] OrderType:9 TargetID:57 ClearPreviousOrders:true} {Subjects:[30] OrderType:9 TargetID:59 ClearPreviousOrders:false} {Subjects:[30] OrderType:9 TargetID:60 ClearPreviousOrders:false} {Subjects:[30] OrderType:9 TargetID:58 ClearPreviousOrders:false}]
2026/09/30 21:20:37 ai ai-0: vars {"B":0,"Hv":6,"Pi":0,"aPowLocal":0,"aThreat":0,"a_engaged":0,"a_odds":1.3,"a_outnumbered":0,"army_target":50,"army_value":1080,"assault":0,"bank_rate":28,"bar_barracks":0.17072129748186085,"bar_redoubt":1.1111111111111112,"barracks":0,"barracks_B":0,"barracks_P":0,"barracks_save":0,"barracks_spend":78.1,"barracks_want":0,"buffer_food":70,"buffer_gold":0,"buffer_stone":0,"buffer_wood":70,"builders":0,"committed":0,"eB":12.599999999999994,"eGrowth":0,"eH":5.4,"eMil":24.499999999999993,"eP":6.500000000000001,"ePow":47.199999999999996,"ePowEst":46.79196624199819,"ePowSeen":46.79196624199819,"eTech":1,"eV":0,"es":25.499999999999993,"farm_want":0,"farm_wood_short":0,"farming":0,"fire_barracks":0,"fire_farm0":0,"fire_farm1":0,"fire_farm2":0,"fire_house":0,"fire_outpost":0,"fire_redoubt":0,"fire_smith":0,"fire_vc":0,"food_need":0,"food_over":0,"food_rate":0,"food_slots":1000,"food_workers":0,"free_room":44,"go":0,"gold_income":0,"gold_need":0,"gold_rate":0,"gold_surplus":128,"guaranteed":0,"guard_home":0,"headroom":-6,"hire_B":6892.3076923076915,"hire_P":10830.76923076923,"homePow":0,"house_builders":0,"house_urgency":0,"house_want":0,"income_proj":0,"left":0,"lf_food":0,"lf_gold":0,"lf_stone":0,"lf_wood":0,"lump_food":0,"lump_gold":0,"lump_stone":0,"lump_wood":0,"maturity":0,"mil":6,"myTech":1,"n_barracks":0,"n_redoubts":0,"needB":32.84823022586949,"needP":11.151769774130509,"outpost_want":0,"pikes":0,"planned_food":0,"planned_gold":0,"planned_stone":0,"planned_wood":0,"prod_rate":0,"proj_army":1080,"raid_danger":0,"raid_fails":1,"raid_lost":0,"raid_pause":19,"raid_prev":0,"raid_size":0,"raid_wiped":0,"rate":6,"redoubt_H":0,"redoubt_gold_ok":0.5688888888888889,"redoubt_save":0,"redoubt_spend":30,"redoubt_want":0,"redoubts":0,"rf_food":0,"rf_gold":0,"rf_stone":0,"rf_wood":0,"sB4":1.2964430544672612,"sP4":0.4401343502915229,"scale_l":0,"scale_r":0,"shareH":0.5069759014314187,"smith_want":0,"smiths":0,"spare":0,"spare_food":0.5,"stone_need":0,"stone_rate":0,"tH":50,"target_spend":400,"tech_food":50,"tech_gold":0,"tech_stone":0,"tech_wood":50,"threat_home":0,"turns_left":-60,"u_barracks":0.17675639897465145,"u_redoubt":0.47317750800265745,"unit_spend":120,"vB":1.067058823529412,"vH":1.0972549019607842,"vP":0.8145098039215687,"vc_want":0,"vcs":0,"vil_goal":50,"vil_rate":0,"vil_stamina":8,"vil_want":0,"vil_want_last":0,"vil_worth_now":0.6,"vils":0,"w_food":0,"w_gold":0,"w_stone":0,"w_wood":0,"wild_workers":0,"wood_need":0,"wood_rate":0,"workers":0}
2026/09/30 21:20:37 player action: set-unit-behavior 0 1 map[internal_ids:[25 26 27 28 29 30] interrupt_current:false]
2026/09/30 21:20:37 player action: submit-orders 0 1 map[orders:[{0 [25] 9 57 true} {0 [26] 9 57 true} {0 [27] 9 57 true} {0 [28] 9 57 true} {0 [29] 9 57 true} {0 [30] 9 57 true} {0 [25] 9 57 true} {0 [25] 9 58 false} {0 [25] 9 59 false} {0 [25] 9 60 false} {0 [26] 9 57 true} {0 [26] 9 59 false} {0 [26] 9 60 false} {0 [26] 9 58 false} {0 [27] 9 57 true} {0 [27] 9 60 false} {0 [27] 9 58 false} {0 [27] 9 58 false} {0 [28] 9 57 true} {0 [28] 9 58 false} {0 [28] 9 58 false} {0 [28] 9 59 false} {0 [29] 9 57 true} {0 [29] 9 58 false} {0 [29] 9 59 false} {0 [29] 9 60 false} {0 [30] 9 57 true} {0 [30] 9 59 false} {0 [30] 9 60 false} {0 [30] 9 58 false}]]
2026/09/30 21:20:37 Executing submit orders for: 0 [{0 [25] 9 57 true} {0 [26] 9 57 true} {0 [27] 9 57 true} {0 [28] 9 57 true} {0 [29] 9 57 true} {0 [30] 9 57 true} {0 [25] 9 57 true} {0 [25] 9 58 false} {0 [25] 9 59 false} {0 [25] 9 60 false} {0 [26] 9 57 true} {0 [26] 9 59 false} {0 [26] 9 60 false} {0 [26] 9 58 false} {0 [27] 9 57 true} {0 [27] 9 60 false} {0 [27] 9 58 false} {0 [27] 9 58 false} {0 [28] 9 57 true} {0 [28] 9 58 false} {0 [28] 9 58 false} {0 [28] 9 59 false} {0 [29] 9 57 true} {0 [29] 9 58 false} {0 [29] 9 59 false} {0 [29] 9 60 false} {0 [30] 9 57 true} {0 [30] 9 59 false} {0 [30] 9 60 false} {0 [30] 9 58 false}]
2026/09/30 21:20:37 Resolving active orders
2026/09/30 21:20:37 combat turn=16 tick=1: 29 u13 (player 0, stamina 3) hits 57 u13 (player 1) for 3.41
2026/09/30 21:20:37 combat turn=16 tick=1: 30 u13 (player 0, stamina 3) hits 57 u13 (player 1) for 3.41
2026/09/30 21:20:37 combat turn=16 tick=1: 25 u13 (player 0, stamina 3) hits 57 u13 (player 1) for 3.41
2026/09/30 21:20:37 combat turn=16 tick=1: 26 u13 (player 0, stamina 3) hits 57 u13 (player 1) for 3.41
2026/09/30 21:20:37 combat turn=16 tick=1: 28 u13 (player 0, stamina 3) hits 57 u13 (player 1) for 3.41
2026/09/30 21:20:37 combat turn=16 tick=1: 27 u13 (player 0, stamina 3) hits 57 u13 (player 1) for 3.41
2026/09/30 21:20:37 combat turn=16 tick=1: 58 u13 (player 1, stamina 3) hits 25 u13 (player 0) for 3.41
2026/09/30 21:20:37 combat turn=16 tick=1: 59 u13 (player 1, stamina 3) hits 25 u13 (player 0) for 3.41
2026/09/30 21:20:37 combat turn=16 tick=1: 60 u13 (player 1, stamina 3) hits 25 u13 (player 0) for 3.41
2026/09/30 21:20:37 combat turn=16 tick=1: 57 u13 (player 1, stamina 3) hits 25 u13 (player 0) for 3.41
2026/09/30 21:20:37 Moving unit 33 Blunt Infantry to zone(1, 0) in space (-1, -3) tick=1
2026/09/30 21:20:37 state_hash turn=16 tick=1 hash=224df7f099e0319e
2026/09/30 21:20:37 combat turn=16 tick=2: 30 u13 (player 0, stamina 3) hits 57 u13 (player 1) for 3.41
2026/09/30 21:20:37 combat turn=16 tick=2: 25 u13 (player 0, stamina 3) hits 57 u13 (player 1) for 3.41
2026/09/30 21:20:37 combat turn=16 tick=2: 26 u13 (player 0, stamina 3) hits 57 u13 (player 1) for 3.41
2026/09/30 21:20:37 combat turn=16 tick=2: 28 u13 (player 0, stamina 3) hits 57 u13 (player 1) for 3.41
2026/09/30 21:20:37 combat turn=16 tick=2: 27 u13 (player 0, stamina 3) hits 57 u13 (player 1) for 3.41
2026/09/30 21:20:37 combat turn=16 tick=2: 29 u13 (player 0, stamina 3) hits 57 u13 (player 1) for 3.41
2026/09/30 21:20:37 combat turn=16 tick=2: 57 u13 (player 1, stamina 3) hits 25 u13 (player 0) for 3.41
2026/09/30 21:20:37 Moving unit 33 Blunt Infantry to zone(-1, 0) in space (0, -3) tick=2
2026/09/30 21:20:37 combat turn=16 tick=2: 58 u13 (player 1, stamina 3) hits 25 u13 (player 0) for 3.41
2026/09/30 21:20:37 combat turn=16 tick=2: 59 u13 (player 1, stamina 3) hits 25 u13 (player 0) for 3.41
2026/09/30 21:20:37 combat turn=16 tick=2: 60 u13 (player 1, stamina 3) hits 25 u13 (player 0) for 3.41
2026/09/30 21:20:37 state_hash turn=16 tick=2 hash=0ffa3732ea28bd5d
2026/09/30 21:20:37 combat turn=16 tick=3: 29 u13 (player 0, stamina 2) hits 58 u13 (player 1) for 2.27
2026/09/30 21:20:37 combat turn=16 tick=3: 30 u13 (player 0, stamina 2) hits 59 u13 (player 1) for 2.27
2026/09/30 21:20:37 combat turn=16 tick=3: 25 u13 (player 0, stamina 2) hits 58 u13 (player 1) for 2.27
2026/09/30 21:20:37 combat turn=16 tick=3: 26 u13 (player 0, stamina 2) hits 59 u13 (player 1) for 2.27
2026/09/30 21:20:37 combat turn=16 tick=3: 28 u13 (player 0, stamina 2) hits 58 u13 (player 1) for 2.27
2026/09/30 21:20:37 combat turn=16 tick=3: 27 u13 (player 0, stamina 2) hits 60 u13 (player 1) for 2.27
2026/09/30 21:20:37 combat turn=16 tick=3: 58 u13 (player 1, stamina 2) hits 25 u13 (player 0) for 2.27
2026/09/30 21:20:37 combat turn=16 tick=3: 59 u13 (player 1, stamina 2) hits 25 u13 (player 0) for 2.27
2026/09/30 21:20:37 combat turn=16 tick=3: 60 u13 (player 1, stamina 2) hits 25 u13 (player 0) for 2.27
2026/09/30 21:20:37 Moving unit 33 Blunt Infantry to zone(0, 0) in space (0, -3) tick=3
2026/09/30 21:20:37 state_hash turn=16 tick=3 hash=a15798c7b8025272
2026/09/30 21:20:37 Moving unit 33 Blunt Infantry to zone(1, -1) in space (0, -3) tick=4
2026/09/30 21:20:37 state_hash turn=16 tick=4 hash=f7b05b1f15fb1d96
2026/09/30 21:20:37 Moving unit 33 Blunt Infantry to zone(-1, 1) in space (1, -4) tick=5
2026/09/30 21:20:37 state_hash turn=16 tick=5 hash=080d6e0b7236b130
2026/09/30 21:20:37 Moving unit 33 Blunt Infantry to zone(0, 0) in space (1, -4) tick=6
2026/09/30 21:20:37 state_hash turn=16 tick=6 hash=33cdbad5576e973a
2026/09/30 21:20:37 state_hash turn=16 tick=end hash=f3556f863bafd37a
2026/09/30 21:20:37 ai ai-0: new turn data {"buildings":[],"enemy_buildings":[],"enemy_units":[{"InternalID":58,"UnitID":13,"Type":2,"Kind":1,"Location":{"Space":{"X":0,"Y":3},"Zone":{"X":-1,"Y":0}},"CurrentStamina":8,"CurrentOrder":null,"Builds":[],"GarrisonedIn":null,"Stance":0,"InterruptCurrent":false,"AttackBack":false,"TargetPriority":"","ActiveOrders":null,"Health":36.72,"MaxHealth":50},{"InternalID":59,"UnitID":13,"Type":2,"Kind":1,"Location":{"Space":{"X":0,"Y":3},"Zone":{"X":-1,"Y":0}},"CurrentStamina":8,"CurrentOrder":null,"Builds":[],"GarrisonedIn":null,"Stance":0,"InterruptCurrent":false,"AttackBack":false,"TargetPriority":"","ActiveOrders":null,"Health":43.19,"MaxHealth":50},{"InternalID":60,"UnitID":13,"Type":2,"Kind":1,"Location":{"Space":{"X":0,"Y":3},"Zone":{"X":-1,"Y":0}},"CurrentStamina":8,"CurrentOrder":null,"Builds":[],"GarrisonedIn":null,"Stance":0,"InterruptCurrent":false,"AttackBack":false,"TargetPriority":"","ActiveOrders":null,"Health":45.46,"MaxHealth":50}],"foundations":[],"population":{"current":6,"limit":0},"resources":{"food":200,"gold":128,"stone":100,"wood":200},"spaces":[{"Space":{"X":0,"Y":-4},"Vision":1,"Owner":-1},{"Space":{"X":1,"Y":-4},"Vision":1,"Owner":-1},{"Space":{"X":2,"Y":-4},"Vision":1,"Owner":-1},{"Space":{"X":3,"Y":-4},"Vision":1,"Owner":-1},{"Space":{"X":4,"Y":-4},"Vision":1,"Owner":-1},{"Space":{"X":-1,"Y":-3},"Vision":1,"Owner":-1},{"Space":{"X":0,"Y":-3},"Vision":1,"Owner":-1},{"Space":{"X":1,"Y":-3},"Vision":1,"Owner":-1},{"Space":{"X":2,"Y":-3},"Vision":1,"Owner":-1},{"Space":{"X":3,"Y":-3},"Vision":1,"Owner":-1},{"Space":{"X":4,"Y":-3},"Vision":1,"Owner":-1},{"Space":{"X":-2,"Y":-2},"Vision":1,"Owner":-1},{"Space":{"X":-1,"Y":-2},"Vision":1,"Owner":-1},{"Space":{"X":0,"Y":-2},"Vision":1,"Owner":-1},{"Space":{"X":1,"Y":-2},"Vision":1,"Owner":-1},{"Space":{"X":2,"Y":-2},"Vision":1,"Owner":-1},{"Space":{"X":3,"Y":-2},"Vision":1,"Owner":-1},{"Space":{"X":4,"Y":-2},"Vision":0,"Owner":-1},{"Space":{"X":-3,"Y":-1},"Vision":1,"Owner":-1},{"Space":{"X":-2,"Y":-1},"Vision":1,"Owner":-1},{"Space":{"X":-1,"Y":-1},"Vision":1,"Owner":-1},{"Space":{"X":0,"Y":-1},"Vision":1,"Owner":-1},{"Space":{"X":1,"Y":-1},"Vision":1,"Owner":-1},{"Space":{"X":2,"Y":-1},"Vision":1,"Owner":-1},{"Space":{"X":3,"Y":-1},"Vision":0,"Owner":-1},{"Space":{"X":4,"Y":-1},"Vision":0,"Owner":-1},{"Space":{"X":-4,"Y":0},"Vision":1,"Owner":-1},{"Space":{"X":-3,"Y":0},"Vision":1,"Owner":-1},{"Space":{"X":-2,"Y":0},"Vision":1,"Owner":-1},{"Space":{"X":-1,"Y":0},"Vision":1,"Owner":-1},{"Space":{"X":0,"Y":0},"Vision":1,"Owner":-1},{"Space":{"X":1,"Y":0},"Vision":1,"Owner":-1},{"Space":{"X":2,"Y":0},"Vision":1,"Owner":-1},{"Space":{"X":3,"Y":0},"Vision":1,"Owner":-1},{"Space":{"X":4,"Y":0},"Vision":0,"Owner":-1},{"Space":{"X":-4,"Y":1},"Vision":1,"Owner":-1},{"Space":{"X":-3,"Y":1},"Vision":1,"Owner":-1},{"Space":{"X":-2,"Y":1},"Vision":1,"Owner":-1},{"Space":{"X":-1,"Y":1},"Vision":1,"Owner":-1},{"Space":{"X":0,"Y":1},"Vision":1,"Owner":-1},{"Space":{"X":1,"Y":1},"Vision":1,"Owner":-1},{"Space":{"X":2,"Y":1},"Vision":1,"Owner":-1},{"Space":{"X":3,"Y":1},"Vision":1,"Owner":-1},{"Space":{"X":-4,"Y":2},"Vision":1,"Owner":-1},{"Space":{"X":-3,"Y":2},"Vision":1,"Owner":-1},{"Space":{"X":-2,"Y":2},"Vision":1,"Owner":-1},{"Space":{"X":-1,"Y":2},"Vision":1,"Owner":-1},{"Space":{"X":0,"Y":2},"Vision":2,"Owner":-1},{"Space":{"X":1,"Y":2},"Vision":2,"Owner":-1},{"Space":{"X":2,"Y":2},"Vision":1,"Owner":-1},{"Space":{"X":-4,"Y":3},"Vision":1,"Owner":-1},{"Space":{"X":-3,"Y":3},"Vision":1,"Owner":-1},{"Space":{"X":-2,"Y":3},"Vision":1,"Owner":-1},{"Space":{"X":-1,"Y":3},"Vision":3,"Owner":-1},{"Space":{"X":0,"Y":3},"Vision":3,"Owner":-1},{"Space":{"X":1,"Y":3},"Vision":2,"Owner":-1},{"Space":{"X":-4,"Y":4},"Vision":1,"Owner":-1},{"Space":{"X":-3,"Y":4},"Vision":1,"Owner":-1},{"Space":{"X":-2,"Y":4},"Vision":1,"Owner":-1},{"Space":{"X":-1,"Y":4},"Vision":2,"Owner":-1},{"Space":{"X":0,"Y":4},"Vision":2,"Owner":-1}],"units":[{"InternalID":25,"UnitID":13,"Type":2,"Kind":1,"Location":{"Space":{"X":0,"Y":3},"Zone":{"X":-1,"Y":0}},"CurrentStamina":8,"CurrentOrder":{"Kind":6,"TargetZone":null,"TargetSpace":null,"TargetResource":null,"TargetUnit":{"InternalID":58,"UnitID":13,"Type":2,"Kind":1,"Location":{"Space":{"X":0,"Y":3},"Zone":{"X":-1,"Y":0}},"CurrentStamina":8,"CurrentOrder":null,"Builds":[],"GarrisonedIn":null,"Stance":0,"InterruptCurrent":false,"AttackBack":false,"TargetPriority":"","ActiveOrders":null,"Health":36.72,"MaxHealth":50},"TargetBuilding":null},"Builds":[],"GarrisonedIn":null,"Stance":3,"InterruptCurrent":false,"AttackBack":true,"TargetPriority":"","ActiveOrders":[{"ID":770,"Kind":6},{"ID":771,"Kind":6},{"ID":772,"Kind":6}],"Health":4.7271,"MaxHealth":50},{"InternalID":26,"UnitID":13,"Type":2,"Kind":1,"Location":{"Space":{"X":0,"Y":3},"Zone":{"X":-1,"Y":0}},"CurrentStamina":8,"CurrentOrder":{"Kind":6,"TargetZone":null,"TargetSpace":null,"TargetResource":null,"TargetUnit":{"InternalID":59,"UnitID":13,"Type":2,"Kind":1,"Location":{"Space":{"X":0,"Y":3},"Zone":{"X":-1,"Y":0}},"CurrentStamina":8,"CurrentOrder":null,"Builds":[],"GarrisonedIn":null,"Stance":0,"InterruptCurrent":false,"AttackBack":false,"TargetPriority":"","ActiveOrders":null,"Health":43.19,"MaxHealth":50},"TargetBuilding":null},"Builds":[],"GarrisonedIn":null,"Stance":3,"InterruptCurrent":false,"AttackBack":true,"TargetPriority":"","ActiveOrders":[{"ID":774,"Kind":6},{"ID":775,"Kind":6},{"ID":776,"Kind":6}],"Health":50,"MaxHealth":50},{"InternalID":27,"UnitID":13,"Type":2,"Kind":1,"Location":{"Space":{"X":0,"Y":3},"Zone":{"X":-1,"Y":0}},"CurrentStamina":8,"CurrentOrder":{"Kind":6,"TargetZone":null,"TargetSpace":null,"TargetResource":null,"TargetUnit":{"InternalID":60,"UnitID":13,"Type":2,"Kind":1,"Location":{"Space":{"X":0,"Y":3},"Zone":{"X":-1,"Y":0}},"CurrentStamina":8,"CurrentOrder":null,"Builds":[],"GarrisonedIn":null,"Stance":0,"InterruptCurrent":false,"AttackBack":false,"TargetPriority":"","ActiveOrders":null,"Health":45.46,"MaxHealth":50},"TargetBuilding":null},"Builds":[],"GarrisonedIn":null,"Stance":3,"InterruptCurrent":false,"AttackBack":true,"TargetPriority":"","ActiveOrders":[{"ID":778,"Kind":6},{"ID":779,"Kind":6},{"ID":780,"Kind":6}],"Health":50,"MaxHealth":50},{"InternalID":28,"UnitID":13,"Type":2,"Kind":1,"Location":{"Space":{"X":0,"Y":3},"Zone":{"X":-1,"Y":0}},"CurrentStamina":8,"CurrentOrder":{"Kind":6,"TargetZone":null,"TargetSpace":null,"TargetResource":null,"TargetUnit":{"InternalID":58,"UnitID":13,"Type":2,"Kind":1,"Location":{"Space":{"X":0,"Y":3},"Zone":{"X":-1,"Y":0}},"CurrentStamina":8,"CurrentOrder":null,"Builds":[],"GarrisonedIn":null,"Stance":0,"InterruptCurrent":false,"AttackBack":false,"TargetPriority":"","ActiveOrders":null,"Health":36.72,"MaxHealth":50},"TargetBuilding":null},"Builds":[],"GarrisonedIn":null,"Stance":3,"InterruptCurrent":false,"AttackBack":true,"TargetPriority":"","ActiveOrders":[{"ID":782,"Kind":6},{"ID":783,"Kind":6},{"ID":784,"Kind":6}],"Health":50,"MaxHealth":50},{"InternalID":29,"UnitID":13,"Type":2,"Kind":1,"Location":{"Space":{"X":0,"Y":3},"Zone":{"X":-1,"Y":0}},"CurrentStamina":8,"CurrentOrder":{"Kind":6,"TargetZone":null,"TargetSpace":null,"TargetResource":null,"TargetUnit":{"InternalID":58,"UnitID":13,"Type":2,"Kind":1,"Location":{"Space":{"X":0,"Y":3},"Zone":{"X":-1,"Y":0}},"CurrentStamina":8,"CurrentOrder":null,"Builds":[],"GarrisonedIn":null,"Stance":0,"InterruptCurrent":false,"AttackBack":false,"TargetPriority":"","ActiveOrders":null,"Health":36.72,"MaxHealth":50},"TargetBuilding":null},"Builds":[],"GarrisonedIn":null,"Stance":3,"InterruptCurrent":false,"AttackBack":true,"TargetPriority":"","ActiveOrders":[{"ID":786,"Kind":6},{"ID":787,"Kind":6},{"ID":788,"Kind":6}],"Health":50,"MaxHealth":50},{"InternalID":30,"UnitID":13,"Type":2,"Kind":1,"Location":{"Space":{"X":0,"Y":3},"Zone":{"X":-1,"Y":0}},"CurrentStamina":8,"CurrentOrder":{"Kind":6,"TargetZone":null,"TargetSpace":null,"TargetResource":null,"TargetUnit":{"InternalID":59,"UnitID":13,"Type":2,"Kind":1,"Location":{"Space":{"X":0,"Y":3},"Zone":{"X":-1,"Y":0}},"CurrentStamina":8,"CurrentOrder":null,"Builds":[],"GarrisonedIn":null,"Stance":0,"InterruptCurrent":false,"AttackBack":false,"TargetPriority":"","ActiveOrders":null,"Health":43.19,"MaxHealth":50},"TargetBuilding":null},"Builds":[],"GarrisonedIn":null,"Stance":3,"InterruptCurrent":false,"AttackBack":true,"TargetPriority":"","ActiveOrders":[{"ID":790,"Kind":6},{"ID":791,"Kind":6},{"ID":792,"Kind":6}],"Health":50,"MaxHealth":50}]}
2026/09/30 21:20:37 ai ai-1: new turn data {"buildings":[],"enemy_buildings":[],"enemy_units":[{"InternalID":25,"UnitID":13,"Type":2,"Kind":1,"Location":{"Space":{"X":0,"Y":3},"Zone":{"X":-1,"Y":0}},"CurrentStamina":8,"CurrentOrder":null,"Builds":[],"GarrisonedIn":null,"Stance":0,"InterruptCurrent":false,"AttackBack":false,"TargetPriority":"","ActiveOrders":null,"Health":4.7271,"MaxHealth":50},{"InternalID":26,"UnitID":13,"Type":2,"Kind":1,"Location":{"Space":{"X":0,"Y":3},"Zone":{"X":-1,"Y":0}},"CurrentStamina":8,"CurrentOrder":null,"Builds":[],"GarrisonedIn":null,"Stance":0,"InterruptCurrent":false,"AttackBack":false,"TargetPriority":"","ActiveOrders":null,"Health":50,"MaxHealth":50},{"InternalID":27,"UnitID":13,"Type":2,"Kind":1,"Location":{"Space":{"X":0,"Y":3},"Zone":{"X":-1,"Y":0}},"CurrentStamina":8,"CurrentOrder":null,"Builds":[],"GarrisonedIn":null,"Stance":0,"InterruptCurrent":false,"AttackBack":false,"TargetPriority":"","ActiveOrders":null,"Health":50,"MaxHealth":50},{"InternalID":28,"UnitID":13,"Type":2,"Kind":1,"Location":{"Space":{"X":0,"Y":3},"Zone":{"X":-1,"Y":0}},"CurrentStamina":8,"CurrentOrder":null,"Builds":[],"GarrisonedIn":null,"Stance":0,"InterruptCurrent":false,"AttackBack":false,"TargetPriority":"","ActiveOrders":null,"Health":50,"MaxHealth":50},{"InternalID":29,"UnitID":13,"Type":2,"Kind":1,"Location":{"Space":{"X":0,"Y":3},"Zone":{"X":-1,"Y":0}},"CurrentStamina":8,"CurrentOrder":null,"Builds":[],"GarrisonedIn":null,"Stance":0,"InterruptCurrent":false,"AttackBack":false,"TargetPriority":"","ActiveOrders":null,"Health":50,"MaxHealth":50},{"InternalID":30,"UnitID":13,"Type":2,"Kind":1,"Location":{"Space":{"X":0,"Y":3},"Zone":{"X":-1,"Y":0}},"CurrentStamina":8,"CurrentOrder":null,"Builds":[],"GarrisonedIn":null,"Stance":0,"InterruptCurrent":false,"AttackBack":false,"TargetPriority":"","ActiveOrders":null,"Health":50,"MaxHealth":50}],"foundations":[],"population":{"current":4,"limit":0},"resources":{"food":200,"gold":42,"stone":100,"wood":200},"spaces":[{"Space":{"X":0,"Y":-4},"Vision":2,"Owner":-1},{"Space":{"X":1,"Y":-4},"Vision":3,"Owner":1},{"Space":{"X":2,"Y":-4},"Vision":2,"Owner":-1},{"Space":{"X":3,"Y":-4},"Vision":0,"Owner":-1},{"Space":{"X":4,"Y":-4},"Vision":0,"Owner":-1},{"Space":{"X":-1,"Y":-3},"Vision":1,"Owner":-1},{"Space":{"X":0,"Y":-3},"Vision":2,"Owner":-1},{"Space":{"X":1,"Y":-3},"Vision":2,"Owner":-1},{"Space":{"X":2,"Y":-3},"Vision":0,"Owner":-1},{"Space":{"X":3,"Y":-3},"Vision":0,"Owner":-1},{"Space":{"X":4,"Y":-3},"Vision":0,"Owner":-1},{"Space":{"X":-2,"Y":-2},"Vision":1,"Owner":-1},{"Space":{"X":-1,"Y":-2},"Vision":1,"Owner":-1},{"Space":{"X":0,"Y":-2},"Vision":1,"Owner":-1},{"Space":{"X":1,"Y":-2},"Vision":1,"Owner":-1},{"Space":{"X":2,"Y":-2},"Vision":1,"Owner":-1},{"Space":{"X":3,"Y":-2},"Vision":1,"Owner":-1},{"Space":{"X":4,"Y":-2},"Vision":0,"Owner":-1},{"Space":{"X":-3,"Y":-1},"Vision":1,"Owner":-1},{"Space":{"X":-2,"Y":-1},"Vision":1,"Owner":-1},{"Space":{"X":-1,"Y":-1},"Vision":1,"Owner":-1},{"Space":{"X":0,"Y":-1},"Vision":1,"Owner":-1},{"Space":{"X":1,"Y":-1},"Vision":1,"Owner":-1},{"Space":{"X":2,"Y":-1},"Vision":1,"Owner":-1},{"Space":{"X":3,"Y":-1},"Vision":1,"Owner":-1},{"Space":{"X":4,"Y":-1},"Vision":0,"Owner":-1},{"Space":{"X":-4,"Y":0},"Vision":1,"Owner":-1},{"Space":{"X":-3,"Y":0},"Vision":1,"Owner":-1},{"Space":{"X":-2,"Y":0},"Vision":1,"Owner":-1},{"Space":{"X":-1,"Y":0},"Vision":1,"Owner":-1},{"Space":{"X":0,"Y":0},"Vision":1,"Owner":-1},{"Space":{"X":1,"Y":0},"Vision":1,"Owner":-1},{"Space":{"X":2,"Y":0},"Vision":1,"Owner":-1},{"Space":{"X":3,"Y":0},"Vision":1,"Owner":-1},{"Space":{"X":4,"Y":0},"Vision":0,"Owner":-1},{"Space":{"X":-4,"Y":1},"Vision":1,"Owner":-1},{"Space":{"X":-3,"Y":1},"Vision":1,"Owner":-1},{"Space":{"X":-2,"Y":1},"Vision":1,"Owner":0},{"Space":{"X":-1,"Y":1},"Vision":1,"Owner":-1},{"Space":{"X":0,"Y":1},"Vision":1,"Owner":-1},{"Space":{"X":1,"Y":1},"Vision":1,"Owner":0},{"Space":{"X":2,"Y":1},"Vision":1,"Owner":0},{"Space":{"X":3,"Y":1},"Vision":1,"Owner":-1},{"Space":{"X":-4,"Y":2},"Vision":1,"Owner":0},{"Space":{"X":-3,"Y":2},"Vision":1,"Owner":-1},{"Space":{"X":-2,"Y":2},"Vision":1,"Owner":0},{"Space":{"X":-1,"Y":2},"Vision":1,"Owner":0},{"Space":{"X":0,"Y":2},"Vision":2,"Owner":-1},{"Space":{"X":1,"Y":2},"Vision":2,"Owner":-1},{"Space":{"X":2,"Y":2},"Vision":1,"Owner":-1},{"Space":{"X":-4,"Y":3},"Vision":1,"Owner":0},{"Space":{"X":-3,"Y":3},"Vision":1,"Owner":-1},{"Space":{"X":-2,"Y":3},"Vision":1,"Owner":0},{"Space":{"X":-1,"Y":3},"Vision":3,"Owner":-1},{"Space":{"X":0,"Y":3},"Vision":3,"Owner":-1},{"Space":{"X":1,"Y":3},"Vision":2,"Owner":-1},{"Space":{"X":-4,"Y":4},"Vision":1,"Owner":-1},{"Space":{"X":-3,"Y":4},"Vision":1,"Owner":-1},{"Space":{"X":-2,"Y":4},"Vision":1,"Owner":-1},{"Space":{"X":-1,"Y":4},"Vision":2,"Owner":-1},{"Space":{"X":0,"Y":4},"Vision":2,"Owner":-1}],"units":[{"InternalID":33,"UnitID":11,"Type":2,"Kind":1,"Location":{"Space":{"X":1,"Y":-4},"Zone":{"X":0,"Y":0}},"CurrentStamina":22,"CurrentOrder":null,"Builds":[],"GarrisonedIn":null,"Stance":3,"InterruptCurrent":false,"AttackBack":true,"TargetPriority":"","ActiveOrders":null,"Health":11,"MaxHealth":11},{"InternalID":58,"UnitID":13,"Type":2,"Kind":1,"Location":{"Space":{"X":0,"Y":3},"Zone":{"X":-1,"Y":0}},"CurrentStamina":8,"CurrentOrder":{"Kind":4,"TargetZone":null,"TargetSpace":{"X":0,"Y":3},"TargetResource":null,"TargetUnit":null,"TargetBuilding":null},"Builds":[],"GarrisonedIn":null,"Stance":3,"InterruptCurrent":false,"AttackBack":true,"TargetPriority":"","ActiveOrders":[{"ID":278,"Kind":4}],"Health":36.72,"MaxHealth":50},{"InternalID":59,"UnitID":13,"Type":2,"Kind":1,"Location":{"Space":{"X":0,"Y":3},"Zone":{"X":-1,"Y":0}},"CurrentStamina":8,"CurrentOrder":{"Kind":4,"TargetZone":null,"TargetSpace":{"X":0,"Y":3},"TargetResource":null,"TargetUnit":null,"TargetBuilding":null},"Builds":[],"GarrisonedIn":null,"Stance":3,"InterruptCurrent":false,"AttackBack":true,"TargetPriority":"","ActiveOrders":[{"ID":279,"Kind":4}],"Health":43.19,"MaxHealth":50},{"InternalID":60,"UnitID":13,"Type":2,"Kind":1,"Location":{"Space":{"X":0,"Y":3},"Zone":{"X":-1,"Y":0}},"CurrentStamina":8,"CurrentOrder":{"Kind":4,"TargetZone":null,"TargetSpace":{"X":0,"Y":3},"TargetResource":null,"TargetUnit":null,"TargetBuilding":null},"Builds":[],"GarrisonedIn":null,"Stance":3,"InterruptCurrent":false,"AttackBack":true,"TargetPriority":"","ActiveOrders":[{"ID":282,"Kind":4}],"Health":45.46,"MaxHealth":50}]}
2026/09/30 21:20:37 ai ai-1: submitting orders [{Subjects:[33] OrderType:2 TargetID:5050 ClearPreviousOrders:true}]
2026/09/30 21:20:37 ai ai-1: vars {}
2026/09/30 21:20:37 player action: submit-orders 0 2 map[orders:[{1 [33] 2 5050 true}]]
2026/09/30 21:20:37 Executing submit orders for: 1 [{1 [33] 2 5050 true}]
2026/09/30 21:20:37 ai ai-0: submitting orders [{Subjects:[25] OrderType:9 TargetID:58 ClearPreviousOrders:true} {Subjects:[26] OrderType:9 TargetID:58 ClearPreviousOrders:true} {Subjects:[27] OrderType:9 TargetID:58 ClearPreviousOrders:true} {Subjects:[28] OrderType:9 TargetID:58 ClearPreviousOrders:true} {Subjects:[29] OrderType:9 TargetID:58 ClearPreviousOrders:true} {Subjects:[30] OrderType:9 TargetID:58 ClearPreviousOrders:true} {Subjects:[25] OrderType:9 TargetID:58 ClearPreviousOrders:true} {Subjects:[25] OrderType:9 TargetID:59 ClearPreviousOrders:false} {Subjects:[25] OrderType:9 TargetID:60 ClearPreviousOrders:false} {Subjects:[26] OrderType:9 TargetID:58 ClearPreviousOrders:true} {Subjects:[26] OrderType:9 TargetID:60 ClearPreviousOrders:false} {Subjects:[26] OrderType:9 TargetID:59 ClearPreviousOrders:false} {Subjects:[27] OrderType:9 TargetID:58 ClearPreviousOrders:true} {Subjects:[27] OrderType:9 TargetID:59 ClearPreviousOrders:false} {Subjects:[27] OrderType:9 TargetID:59 ClearPreviousOrders:false} {Subjects:[28] OrderType:9 TargetID:58 ClearPreviousOrders:true} {Subjects:[28] OrderType:9 TargetID:59 ClearPreviousOrders:false} {Subjects:[28] OrderType:9 TargetID:60 ClearPreviousOrders:false} {Subjects:[29] OrderType:9 TargetID:58 ClearPreviousOrders:true} {Subjects:[29] OrderType:9 TargetID:60 ClearPreviousOrders:false} {Subjects:[29] OrderType:9 TargetID:59 ClearPreviousOrders:false} {Subjects:[30] OrderType:9 TargetID:58 ClearPreviousOrders:true} {Subjects:[30] OrderType:9 TargetID:59 ClearPreviousOrders:false} {Subjects:[30] OrderType:9 TargetID:59 ClearPreviousOrders:false}]
2026/09/30 21:20:37 ai ai-0: vars {"B":0,"Hv":6,"Pi":0,"aPowLocal":0,"aThreat":0,"a_engaged":0,"a_odds":1.3,"a_outnumbered":0,"army_target":50,"army_value":1080,"assault":0,"bank_rate":28,"bar_barracks":0.17072129748186085,"bar_redoubt":1.1111111111111112,"barracks":0,"barracks_B":0,"barracks_P":0,"barracks_save":0,"barracks_spend":78.1,"barracks_want":0,"buffer_food":70,"buffer_gold":0,"buffer_stone":0,"buffer_wood":70,"builders":0,"committed":0,"eB":12.299999999999994,"eGrowth":0,"eH":5.1000000000000005,"eMil":23.599999999999994,"eP":6.200000000000001,"ePow":45.099999999999994,"ePowEst":45.85612691715822,"ePowSeen":45.85612691715822,"eTech":1,"eV":0,"es":24.599999999999994,"farm_want":0,"farm_wood_short":0,"farming":0,"fire_barracks":0,"fire_farm0":0,"fire_farm1":0,"fire_farm2":0,"fire_house":0,"fire_outpost":0,"fire_redoubt":0,"fire_smith":0,"fire_vc":0,"food_need":0,"food_over":0,"food_rate":0,"food_slots":1000,"food_workers":0,"free_room":44,"go":0,"gold_income":0,"gold_need":0,"gold_rate":0,"gold_surplus":128,"guaranteed":0,"guard_home":0,"headroom":-6,"hire_B":6892.3076923076915,"hire_P":10830.76923076923,"homePow":0,"house_builders":0,"house_urgency":0,"house_want":0,"income_proj":0,"left":0,"lf_food":0,"lf_gold":0,"lf_stone":0,"lf_wood":0,"lump_food":0,"lump_gold":0,"lump_stone":0,"lump_wood":0,"maturity":0,"mil":6,"myTech":1,"n_barracks":0,"n_redoubts":0,"needB":33.08980102612131,"needP":10.910198973878693,"outpost_want":0,"pikes":0,"planned_food":0,"planned_gold":0,"planned_stone":0,"planned_wood":0,"prod_rate":0,"proj_army":1080,"raid_danger":0,"raid_fails":1,"raid_lost":0,"raid_pause":18,"raid_prev":0,"raid_size":0,"raid_wiped":0,"rate":6,"redoubt_H":0,"redoubt_gold_ok":0.5688888888888889,"redoubt_save":0,"redoubt_spend":30,"redoubt_want":0,"redoubts":0,"rf_food":0,"rf_gold":0,"rf_stone":0,"rf_wood":0,"sB4":1.3264023390513213,"sP4":0.4373345559571142,"scale_l":0,"scale_r":0,"shareH":0.5060804490177737,"smith_want":0,"smiths":0,"spare":0,"spare_food":0.5,"stone_need":0,"stone_rate":0,"tH":50,"target_spend":400,"tech_food":50,"tech_gold":0,"tech_stone":0,"tech_wood":50,"threat_home":0,"turns_left":-60,"u_barracks":0.17707743185022198,"u_redoubt":0.47234175241658877,"unit_spend":120,"vB":1.0731707317073171,"vH":1.0995934959349596,"vP":0.8132113821138212,"vc_want":0,"vcs":0,"vil_goal":50,"vil_rate":0,"vil_stamina":8,"vil_want":0,"vil_want_last":0,"vil_worth_now":0.6,"vils":0,"w_food":0,"w_gold":0,"w_stone":0,"w_wood":0,"wild_workers":0,"wood_need":0,"wood_rate":0,"workers":0}
2026/09/30 21:20:37 player action: set-unit-behavior 0 1 map[internal_ids:[25 26 27 28 29 30] interrupt_current:true]
2026/09/30 21:20:37 player action: submit-orders 0 1 map[orders:[{0 [25] 9 58 true} {0 [26] 9 58 true} {0 [27] 9 58 true} {0 [28] 9 58 true} {0 [29] 9 58 true} {0 [30] 9 58 true} {0 [25] 9 58 true} {0 [25] 9 59 false} {0 [25] 9 60 false} {0 [26] 9 58 true} {0 [26] 9 60 false} {0 [26] 9 59 false} {0 [27] 9 58 true} {0 [27] 9 59 false} {0 [27] 9 59 false} {0 [28] 9 58 true} {0 [28] 9 59 false} {0 [28] 9 60 false} {0 [29] 9 58 true} {0 [29] 9 60 false} {0 [29] 9 59 false} {0 [30] 9 58 true} {0 [30] 9 59 false} {0 [30] 9 59 false}]]
2026/09/30 21:20:37 Executing submit orders for: 0 [{0 [25] 9 58 true} {0 [26] 9 58 true} {0 [27] 9 58 true} {0 [28] 9 58 true} {0 [29] 9 58 true} {0 [30] 9 58 true} {0 [25] 9 58 true} {0 [25] 9 59 false} {0 [25] 9 60 false} {0 [26] 9 58 true} {0 [26] 9 60 false} {0 [26] 9 59 false} {0 [27] 9 58 true} {0 [27] 9 59 false} {0 [27] 9 59 false} {0 [28] 9 58 true} {0 [28] 9 59 false} {0 [28] 9 60 false} {0 [29] 9 58 true} {0 [29] 9 60 false} {0 [29] 9 59 false} {0 [30] 9 58 true} {0 [30] 9 59 false} {0 [30] 9 59 false}]
2026/09/30 21:20:37 Resolving active orders
2026/09/30 21:20:37 combat turn=17 tick=1: 29 u13 (player 0, stamina 3) hits 58 u13 (player 1) for 3.41
2026/09/30 21:20:37 combat turn=17 tick=1: 30 u13 (player 0, stamina 3) hits 58 u13 (player 1) for 3.41
2026/09/30 21:20:37 combat turn=17 tick=1: 25 u13 (player 0, stamina 3) hits 58 u13 (player 1) for 3.41
2026/09/30 21:20:37 combat turn=17 tick=1: 26 u13 (player 0, stamina 3) hits 58 u13 (player 1) for 3.41
2026/09/30 21:20:37 combat turn=17 tick=1: 28 u13 (player 0, stamina 3) hits 58 u13 (player 1) for 3.41
2026/09/30 21:20:37 combat turn=17 tick=1: 27 u13 (player 0, stamina 3) hits 58 u13 (player 1) for 3.41
2026/09/30 21:20:37 combat turn=17 tick=1: 58 u13 (player 1, stamina 3) hits 25 u13 (player 0) for 3.41
2026/09/30 21:20:37 combat turn=17 tick=1: 59 u13 (player 1, stamina 3) hits 25 u13 (player 0) for 3.41
2026/09/30 21:20:37 combat turn=17 tick=1: 60 u13 (player 1, stamina 3) hits 25 u13 (player 0) for 3.41
2026/09/30 21:20:37 Moving unit 33 Blunt Infantry to zone(1, 0) in space (1, -4) tick=1
2026/09/30 21:20:37 state_hash turn=17 tick=1 hash=c513a170a358a170
2026/09/30 21:20:37 combat turn=17 tick=2: 29 u13 (player 0, stamina 3) hits 58 u13 (player 1) for 3.41
2026/09/30 21:20:37 combat turn=17 tick=2: 30 u13 (player 0, stamina 3) hits 58 u13 (player 1) for 3.41
2026/09/30 21:20:37 combat turn=17 tick=2: 26 u13 (player 0, stamina 3) hits 58 u13 (player 1) for 3.41
2026/09/30 21:20:37 combat turn=17 tick=2: 28 u13 (player 0, stamina 3) hits 58 u13 (player 1) for 3.41
2026/09/30 21:20:37 combat turn=17 tick=2: 27 u13 (player 0, stamina 3) hits 58 u13 (player 1) for 3.41
2026/09/30 21:20:37 Moving unit 33 Blunt Infantry to zone(-1, 0) in space (2, -4) tick=2
2026/09/30 21:20:37 combat turn=17 tick=2: 58 u13 (player 1, stamina 3) hits 26 u13 (player 0) for 3.41
2026/09/30 21:20:37 combat turn=17 tick=2: 59 u13 (player 1, stamina 3) hits 26 u13 (player 0) for 3.41
2026/09/30 21:20:37 combat turn=17 tick=2: 60 u13 (player 1, stamina 3) hits 26 u13 (player 0) for 3.41
2026/09/30 21:20:37 state_hash turn=17 tick=2 hash=899fa89167d5cdd5
2026/09/30 21:20:37 combat turn=17 tick=3: 26 u13 (player 0, stamina 2) hits 59 u13 (player 1) for 2.27
2026/09/30 21:20:37 combat turn=17 tick=3: 28 u13 (player 0, stamina 2) hits 59 u13 (player 1) for 2.27
2026/09/30 21:20:37 combat turn=17 tick=3: 27 u13 (player 0, stamina 2) hits 59 u13 (player 1) for 2.27
2026/09/30 21:20:37 combat turn=17 tick=3: 29 u13 (player 0, stamina 2) hits 59 u13 (player 1) for 2.27
2026/09/30 21:20:37 combat turn=17 tick=3: 30 u13 (player 0, stamina 2) hits 59 u13 (player 1) for 2.27
2026/09/30 21:20:37 combat turn=17 tick=3: 60 u13 (player 1, stamina 2) hits 26 u13 (player 0) for 2.27
2026/09/30 21:20:37 Moving unit 33 Blunt Infantry to zone(0, 0) in space (2, -4) tick=3
2026/09/30 21:20:37 combat turn=17 tick=3: 59 u13 (player 1, stamina 2) hits 26 u13 (player 0) for 2.27
2026/09/30 21:20:37 state_hash turn=17 tick=3 hash=770b2fbb4de3f62c
2026/09/30 21:20:37 Moving unit 33 Blunt Infantry to zone(0, 1) in space (2, -4) tick=4
2026/09/30 21:20:37 state_hash turn=17 tick=4 hash=cb43e0b4bd12adc1
2026/09/30 21:20:37 Moving unit 33 Blunt Infantry to zone(0, -1) in space (2, -3) tick=5
2026/09/30 21:20:37 state_hash turn=17 tick=5 hash=5216487615fbe9e4
2026/09/30 21:20:37 Moving unit 33 Blunt Infantry to zone(0, 0) in space (2, -3) tick=6
2026/09/30 21:20:37 state_hash turn=17 tick=6 hash=fbed80e1d4fd9493
2026/09/30 21:20:37 state_hash turn=17 tick=end hash=08281e103b555ebf
2026/09/30 21:20:37 ai ai-1: new turn data {"buildings":[],"enemy_buildings":[],"enemy_units":[{"InternalID":26,"UnitID":13,"Type":2,"Kind":1,"Location":{"Space":{"X":0,"Y":3},"Zone":{"X":-1,"Y":0}},"CurrentStamina":8,"CurrentOrder":null,"Builds":[],"GarrisonedIn":null,"Stance":0,"InterruptCurrent":false,"AttackBack":false,"TargetPriority":"","ActiveOrders":null,"Health":35.245,"MaxHealth":50},{"InternalID":27,"UnitID":13,"Type":2,"Kind":1,"Location":{"Space":{"X":0,"Y":3},"Zone":{"X":-1,"Y":0}},"CurrentStamina":8,"CurrentOrder":null,"Builds":[],"GarrisonedIn":null,"Stance":0,"InterruptCurrent":false,"AttackBack":false,"TargetPriority":"","ActiveOrders":null,"Health":50,"MaxHealth":50},{"InternalID":28,"UnitID":13,"Type":2,"Kind":1,"Location":{"Space":{"X":0,"Y":3},"Zone":{"X":-1,"Y":0}},"CurrentStamina":8,"CurrentOrder":null,"Builds":[],"GarrisonedIn":null,"Stance":0,"InterruptCurrent":false,"AttackBack":false,"TargetPriority":"","ActiveOrders":null,"Health":50,"MaxHealth":50},{"InternalID":29,"UnitID":13,"Type":2,"Kind":1,"Location":{"Space":{"X":0,"Y":3},"Zone":{"X":-1,"Y":0}},"CurrentStamina":8,"CurrentOrder":null,"Builds":[],"GarrisonedIn":null,"Stance":0,"InterruptCurrent":false,"AttackBack":false,"TargetPriority":"","ActiveOrders":null,"Health":50,"MaxHealth":50},{"InternalID":30,"UnitID":13,"Type":2,"Kind":1,"Location":{"Space":{"X":0,"Y":3},"Zone":{"X":-1,"Y":0}},"CurrentStamina":8,"CurrentOrder":null,"Builds":[],"GarrisonedIn":null,"Stance":0,"InterruptCurrent":false,"AttackBack":false,"TargetPriority":"","ActiveOrders":null,"Health":50,"MaxHealth":50}],"foundations":[],"population":{"current":3,"limit":0},"resources":{"food":200,"gold":44,"stone":100,"wood":200},"spaces":[{"Space":{"X":0,"Y":-4},"Vision":1,"Owner":-1},{"Space":{"X":1,"Y":-4},"Vision":1,"Owner":-1},{"Space":{"X":2,"Y":-4},"Vision":2,"Owner":-1},{"Space":{"X":3,"Y":-4},"Vision":2,"Owner":-1},{"Space":{"X":4,"Y":-4},"Vision":0,"Owner":-1},{"Space":{"X":-1,"Y":-3},"Vision":1,"Owner":-1},{"Space":{"X":0,"Y":-3},"Vision":1,"Owner":-1},{"Space":{"X":1,"Y":-3},"Vision":2,"Owner":-1},{"Space":{"X":2,"Y":-3},"Vision":3,"Owner":1},{"Space":{"X":3,"Y":-3},"Vision":2,"Owner":-1},{"Space":{"X":4,"Y":-3},"Vision":0,"Owner":-1},{"Space":{"X":-2,"Y":-2},"Vision":1,"Owner":-1},{"Space":{"X":-1,"Y":-2},"Vision":1,"Owner":-1},{"Space":{"X":0,"Y":-2},"Vision":1,"Owner":-1},{"Space":{"X":1,"Y":-2},"Vision":2,"Owner":-1},{"Space":{"X":2,"Y":-2},"Vision":2,"Owner":-1},{"Space":{"X":3,"Y":-2},"Vision":1,"Owner":-1},{"Space":{"X":4,"Y":-2},"Vision":0,"Owner":-1},{"Space":{"X":-3,"Y":-1},"Vision":1,"Owner":-1},{"Space":{"X":-2,"Y":-1},"Vision":1,"Owner":-1},{"Space":{"X":-1,"Y":-1},"Vision":1,"Owner":-1},{"Space":{"X":0,"Y":-1},"Vision":1,"Owner":-1},{"Space":{"X":1,"Y":-1},"Vision":1,"Owner":-1},{"Space":{"X":2,"Y":-1},"Vision":1,"Owner":-1},{"Space":{"X":3,"Y":-1},"Vision":1,"Owner":-1},{"Space":{"X":4,"Y":-1},"Vision":0,"Owner":-1},{"Space":{"X":-4,"Y":0},"Vision":1,"Owner":-1},{"Space":{"X":-3,"Y":0},"Vision":1,"Owner":-1},{"Space":{"X":-2,"Y":0},"Vision":1,"Owner":-1},{"Space":{"X":-1,"Y":0},"Vision":1,"Owner":-1},{"Space":{"X":0,"Y":0},"Vision":1,"Owner":-1},{"Space":{"X":1,"Y":0},"Vision":1,"Owner":-1},{"Space":{"X":2,"Y":0},"Vision":1,"Owner":-1},{"Space":{"X":3,"Y":0},"Vision":1,"Owner":-1},{"Space":{"X":4,"Y":0},"Vision":0,"Owner":-1},{"Space":{"X":-4,"Y":1},"Vision":1,"Owner":-1},{"Space":{"X":-3,"Y":1},"Vision":1,"Owner":-1},{"Space":{"X":-2,"Y":1},"Vision":1,"Owner":0},{"Space":{"X":-1,"Y":1},"Vision":1,"Owner":-1},{"Space":{"X":0,"Y":1},"Vision":1,"Owner":-1},{"Space":{"X":1,"Y":1},"Vision":1,"Owner":0},{"Space":{"X":2,"Y":1},"Vision":1,"Owner":0},{"Space":{"X":3,"Y":1},"Vision":1,"Owner":-1},{"Space":{"X":-4,"Y":2},"Vision":1,"Owner":0},{"Space":{"X":-3,"Y":2},"Vision":1,"Owner":-1},{"Space":{"X":-2,"Y":2},"Vision":1,"Owner":0},{"Space":{"X":-1,"Y":2},"Vision":1,"Owner":0},{"Space":{"X":0,"Y":2},"Vision":2,"Owner":-1},{"Space":{"X":1,"Y":2},"Vision":2,"Owner":-1},{"Space":{"X":2,"Y":2},"Vision":1,"Owner":-1},{"Space":{"X":-4,"Y":3},"Vision":1,"Owner":0},{"Space":{"X":-3,"Y":3},"Vision":1,"Owner":-1},{"Space":{"X":-2,"Y":3},"Vision":1,"Owner":0},{"Space":{"X":-1,"Y":3},"Vision":3,"Owner":-1},{"Space":{"X":0,"Y":3},"Vision":3,"Owner":-1},{"Space":{"X":1,"Y":3},"Vision":2,"Owner":-1},{"Space":{"X":-4,"Y":4},"Vision":1,"Owner":-1},{"Space":{"X":-3,"Y":4},"Vision":1,"Owner":-1},{"Space":{"X":-2,"Y":4},"Vision":1,"Owner":-1},{"Space":{"X":-1,"Y":4},"Vision":2,"Owner":-1},{"Space":{"X":0,"Y":4},"Vision":2,"Owner":-1}],"units":[{"InternalID":33,"UnitID":11,"Type":2,"Kind":1,"Location":{"Space":{"X":2,"Y":-3},"Zone":{"X":0,"Y":0}},"CurrentStamina":17,"CurrentOrder":null,"Builds":[],"GarrisonedIn":null,"Stance":3,"InterruptCurrent":false,"AttackBack":true,"TargetPriority":"","ActiveOrders":null,"Health":11,"MaxHealth":11},{"InternalID":59,"UnitID":13,"Type":2,"Kind":1,"Location":{"Space":{"X":0,"Y":3},"Zone":{"X":-1,"Y":0}},"CurrentStamina":8,"CurrentOrder":{"Kind":4,"TargetZone":null,"TargetSpace":{"X":0,"Y":3},"TargetResource":null,"TargetUnit":null,"TargetBuilding":null},"Builds":[],"GarrisonedIn":null,"Stance":3,"InterruptCurrent":false,"AttackBack":true,"TargetPriority":"","ActiveOrders":[{"ID":279,"Kind":4}],"Health":31.84,"MaxHealth":50},{"InternalID":60,"UnitID":13,"Type":2,"Kind":1,"Location":{"Space":{"X":0,"Y":3},"Zone":{"X":-1,"Y":0}},"CurrentStamina":8,"CurrentOrder":{"Kind":4,"TargetZone":null,"TargetSpace":{"X":0,"Y":3},"TargetResource":null,"TargetUnit":null,"TargetBuilding":null},"Builds":[],"GarrisonedIn":null,"Stance":3,"InterruptCurrent":false,"AttackBack":true,"TargetPriority":"","ActiveOrders":[{"ID":282,"Kind":4}],"Health":45.46,"MaxHealth":50}]}
2026/09/30 21:20:37 ai ai-1: submitting orders [{Subjects:[33] OrderType:2 TargetID:32385 ClearPreviousOrders:true}]
2026/09/30 21:20:37 ai ai-1: vars {}
2026/09/30 21:20:37 player action: submit-orders 0 2 map[orders:[{1 [33] 2 32385 true}]]
2026/09/30 21:20:37 Executing submit orders for: 1 [{1 [33] 2 32385 true}]
2026/09/30 21:20:37 ai ai-0: new turn data {"buildings":[],"enemy_buildings":[],"enemy_units":[{"InternalID":59,"UnitID":13,"Type":2,"Kind":1,"Location":{"Space":{"X":0,"Y":3},"Zone":{"X":-1,"Y":0}},"CurrentStamina":8,"CurrentOrder":null,"Builds":[],"GarrisonedIn":null,"Stance":0,"InterruptCurrent":false,"AttackBack":false,"TargetPriority":"","ActiveOrders":null,"Health":31.84,"MaxHealth":50},{"InternalID":60,"UnitID":13,"Type":2,"Kind":1,"Location":{"Space":{"X":0,"Y":3},"Zone":{"X":-1,"Y":0}},"CurrentStamina":8,"CurrentOrder":null,"Builds":[],"GarrisonedIn":null,"Stance":0,"InterruptCurrent":false,"AttackBack":false,"TargetPriority":"","ActiveOrders":null,"Health":45.46,"MaxHealth":50}],"foundations":[],"population":{"current":5,"limit":0},"resources":{"food":200,"gold":128,"stone":100,"wood":200},"spaces":[{"Space":{"X":0,"Y":-4},"Vision":1,"Owner":-1},{"Space":{"X":1,"Y":-4},"Vision":1,"Owner":-1},{"Space":{"X":2,"Y":-4},"Vision":1,"Owner":-1},{"Space":{"X":3,"Y":-4},"Vision":1,"Owner":-1},{"Space":{"X":4,"Y":-4},"Vision":1,"Owner":-1},{"Space":{"X":-1,"Y":-3},"Vision":1,"Owner":-1},{"Space":{"X":0,"Y":-3},"Vision":1,"Owner":-1},{"Space":{"X":1,"Y":-3},"Vision":1,"Owner":-1},{"Space":{"X":2,"Y":-3},"Vision":1,"Owner":-1},{"Space":{"X":3,"Y":-3},"Vision":1,"Owner":-1},{"Space":{"X":4,"Y":-3},"Vision":1,"Owner":-1},{"Space":{"X":-2,"Y":-2},"Vision":1,"Owner":-1},{"Space":{"X":-1,"Y":-2},"Vision":1,"Owner":-1},{"Space":{"X":0,"Y":-2},"Vision":1,"Owner":-1},{"Space":{"X":1,"Y":-2},"Vision":1,"Owner":-1},{"Space":{"X":2,"Y":-2},"Vision":1,"Owner":-1},{"Space":{"X":3,"Y":-2},"Vision":1,"Owner":-1},{"Space":{"X":4,"Y":-2},"Vision":0,"Owner":-1},{"Space":{"X":-3,"Y":-1},"Vision":1,"Owner":-1},{"Space":{"X":-2,"Y":-1},"Vision":1,"Owner":-1},{"Space":{"X":-1,"Y":-1},"Vision":1,"Owner":-1},{"Space":{"X":0,"Y":-1},"Vision":1,"Owner":-1},{"Space":{"X":1,"Y":-1},"Vision":1,"Owner":-1},{"Space":{"X":2,"Y":-1},"Vision":1,"Owner":-1},{"Space":{"X":3,"Y":-1},"Vision":0,"Owner":-1},{"Space":{"X":4,"Y":-1},"Vision":0,"Owner":-1},{"Space":{"X":-4,"Y":0},"Vision":1,"Owner":-1},{"Space":{"X":-3,"Y":0},"Vision":1,"Owner":-1},{"Space":{"X":-2,"Y":0},"Vision":1,"Owner":-1},{"Space":{"X":-1,"Y":0},"Vision":1,"Owner":-1},{"Space":{"X":0,"Y":0},"Vision":1,"Owner":-1},{"Space":{"X":1,"Y":0},"Vision":1,"Owner":-1},{"Space":{"X":2,"Y":0},"Vision":1,"Owner":-1},{"Space":{"X":3,"Y":0},"Vision":1,"Owner":-1},{"Space":{"X":4,"Y":0},"Vision":0,"Owner":-1},{"Space":{"X":-4,"Y":1},"Vision":1,"Owner":-1},{"Space":{"X":-3,"Y":1},"Vision":1,"Owner":-1},{"Space":{"X":-2,"Y":1},"Vision":1,"Owner":-1},{"Space":{"X":-1,"Y":1},"Vision":1,"Owner":-1},{"Space":{"X":0,"Y":1},"Vision":1,"Owner":-1},{"Space":{"X":1,"Y":1},"Vision":1,"Owner":-1},{"Space":{"X":2,"Y":1},"Vision":1,"Owner":-1},{"Space":{"X":3,"Y":1},"Vision":1,"Owner":-1},{"Space":{"X":-4,"Y":2},"Vision":1,"Owner":-1},{"Space":{"X":-3,"Y":2},"Vision":1,"Owner":-1},{"Space":{"X":-2,"Y":2},"Vision":1,"Owner":-1},{"Space":{"X":-1,"Y":2},"Vision":1,"Owner":-1},{"Space":{"X":0,"Y":2},"Vision":2,"Owner":-1},{"Space":{"X":1,"Y":2},"Vision":2,"Owner":-1},{"Space":{"X":2,"Y":2},"Vision":1,"Owner":-1},{"Space":{"X":-4,"Y":3},"Vision":1,"Owner":-1},{"Space":{"X":-3,"Y":3},"Vision":1,"Owner":-1},{"Space":{"X":-2,"Y":3},"Vision":1,"Owner":-1},{"Space":{"X":-1,"Y":3},"Vision":3,"Owner":-1},{"Space":{"X":0,"Y":3},"Vision":3,"Owner":-1},{"Space":{"X":1,"Y":3},"Vision":2,"Owner":-1},{"Space":{"X":-4,"Y":4},"Vision":1,"Owner":-1},{"Space":{"X":-3,"Y":4},"Vision":1,"Owner":-1},{"Space":{"X":-2,"Y":4},"Vision":1,"Owner":-1},{"Space":{"X":-1,"Y":4},"Vision":2,"Owner":-1},{"Space":{"X":0,"Y":4},"Vision":2,"Owner":-1}],"units":[{"InternalID":26,"UnitID":13,"Type":2,"Kind":1,"Location":{"Space":{"X":0,"Y":3},"Zone":{"X":-1,"Y":0}},"CurrentStamina":8,"CurrentOrder":{"Kind":6,"TargetZone":null,"TargetSpace":null,"TargetResource":null,"TargetUnit":null,"TargetBuilding":null},"Builds":[],"GarrisonedIn":null,"Stance":3,"InterruptCurrent":true,"AttackBack":true,"TargetPriority":"","ActiveOrders":[{"ID":824,"Kind":6}],"Health":35.245,"MaxHealth":50},{"InternalID":27,"UnitID":13,"Type":2,"Kind":1,"Location":{"Space":{"X":0,"Y":3},"Zone":{"X":-1,"Y":0}},"CurrentStamina":8,"CurrentOrder":{"Kind":4,"TargetZone":null,"TargetSpace":{"X":0,"Y":3},"TargetResource":null,"TargetUnit":null,"TargetBuilding":null},"Builds":[],"GarrisonedIn":null,"Stance":3,"InterruptCurrent":true,"AttackBack":true,"TargetPriority":"","ActiveOrders":[{"ID":823,"Kind":4}],"Health":50,"MaxHealth":50},{"InternalID":28,"UnitID":13,"Type":2,"Kind":1,"Location":{"Space":{"X":0,"Y":3},"Zone":{"X":-1,"Y":0}},"CurrentStamina":8,"CurrentOrder":{"Kind":4,"TargetZone":null,"TargetSpace":{"X":0,"Y":3},"TargetResource":null,"TargetUnit":null,"TargetBuilding":null},"Builds":[],"GarrisonedIn":null,"Stance":3,"InterruptCurrent":true,"AttackBack":true,"TargetPriority":"","ActiveOrders":[{"ID":822,"Kind":4}],"Health":50,"MaxHealth":50},{"InternalID":29,"UnitID":13,"Type":2,"Kind":1,"Location":{"Space":{"X":0,"Y":3},"Zone":{"X":-1,"Y":0}},"CurrentStamina":8,"CurrentOrder":{"Kind":4,"TargetZone":null,"TargetSpace":{"X":0,"Y":3},"TargetResource":null,"TargetUnit":null,"TargetBuilding":null},"Builds":[],"GarrisonedIn":null,"Stance":3,"InterruptCurrent":true,"AttackBack":true,"TargetPriority":"","ActiveOrders":[{"ID":818,"Kind":4}],"Health":50,"MaxHealth":50},{"InternalID":30,"UnitID":13,"Type":2,"Kind":1,"Location":{"Space":{"X":0,"Y":3},"Zone":{"X":-1,"Y":0}},"CurrentStamina":8,"CurrentOrder":{"Kind":4,"TargetZone":null,"TargetSpace":{"X":0,"Y":3},"TargetResource":null,"TargetUnit":null,"TargetBuilding":null},"Builds":[],"GarrisonedIn":null,"Stance":3,"InterruptCurrent":true,"AttackBack":true,"TargetPriority":"","ActiveOrders":[{"ID":819,"Kind":4}],"Health":50,"MaxHealth":50}]}
2026/09/30 21:20:37 ai ai-0: submitting orders [{Subjects:[26] OrderType:9 TargetID:59 ClearPreviousOrders:true} {Subjects:[27] OrderType:9 TargetID:59 ClearPreviousOrders:true} {Subjects:[28] OrderType:9 TargetID:59 ClearPreviousOrders:true} {Subjects:[29] OrderType:9 TargetID:59 ClearPreviousOrders:true} {Subjects:[30] OrderType:9 TargetID:59 ClearPreviousOrders:true} {Subjects:[26] OrderType:9 TargetID:59 ClearPreviousOrders:true} {Subjects:[26] OrderType:9 TargetID:60 ClearPreviousOrders:false} {Subjects:[27] OrderType:9 TargetID:59 ClearPreviousOrders:true} {Subjects:[27] OrderType:9 TargetID:60 ClearPreviousOrders:false} {Subjects:[28] OrderType:9 TargetID:59 ClearPreviousOrders:true} {Subjects:[28] OrderType:9 TargetID:60 ClearPreviousOrders:false} {Subjects:[29] OrderType:9 TargetID:59 ClearPreviousOrders:true} {Subjects:[29] OrderType:9 TargetID:60 ClearPreviousOrders:false} {Subjects:[30] OrderType:9 TargetID:59 ClearPreviousOrders:true} {Subjects:[30] OrderType:9 TargetID:60 ClearPreviousOrders:false}]
2026/09/30 21:20:37 ai ai-0: vars {"B":0,"Hv":5,"Pi":0,"aPowLocal":0,"aThreat":0,"a_engaged":0,"a_odds":1.3,"a_outnumbered":0,"army_target":50,"army_value":900,"assault":0,"bank_rate":28,"bar_barracks":0.17072129748186085,"bar_redoubt":1.1111111111111112,"barracks":0,"barracks_B":0,"barracks_P":0,"barracks_save":0,"barracks_spend":78.1,"barracks_want":0,"buffer_food":70,"buffer_gold":0,"buffer_stone":0,"buffer_wood":70,"builders":0,"committed":0,"eB":11.999999999999993,"eGrowth":0,"eH":4.800000000000001,"eMil":22.699999999999996,"eP":5.900000000000001,"ePow":43,"ePowEst":44.939004378815056,"ePowSeen":44.939004378815056,"eTech":1,"eV":0,"es":23.699999999999996,"farm_want":0,"farm_wood_short":0,"farming":0,"fire_barracks":0,"fire_farm0":0,"fire_farm1":0,"fire_farm2":0,"fire_house":0,"fire_outpost":0,"fire_redoubt":0,"fire_smith":0,"fire_vc":0,"food_need":0,"food_over":0,"food_rate":0,"food_slots":1000,"food_workers":0,"free_room":45,"go":0,"gold_income":0,"gold_need":0,"gold_rate":0,"gold_surplus":128,"guaranteed":0,"guard_home":0,"headroom":-5,"hire_B":6892.3076923076915,"hire_P":10830.76923076923,"homePow":0,"house_builders":0,"house_urgency":0,"house_want":0,"income_proj":0,"left":0,"lf_food":0,"lf_gold":0,"lf_stone":0,"lf_wood":0,"lump_food":0,"lump_gold":0,"lump_stone":0,"lump_wood":0,"maturity":0,"mil":5,"myTech":1,"n_barracks":0,"n_redoubts":0,"needB":34.102529148159384,"needP":10.897470851840614,"outpost_want":0,"pikes":0,"planned_food":0,"planned_gold":0,"planned_stone":0,"planned_wood":0,"prod_rate":0,"proj_army":900,"raid_danger":0,"raid_fails":1,"raid_lost":0,"raid_pause":17,"raid_prev":0,"raid_size":0,"raid_wiped":0,"rate":6,"redoubt_H":0,"redoubt_gold_ok":0.5688888888888889,"redoubt_save":0,"redoubt_spend":30,"redoubt_want":0,"redoubts":0,"rf_food":0,"rf_gold":0,"rf_stone":0,"rf_wood":0,"sB4":1.359213750751892,"sP4":0.43433705945645806,"scale_l":0,"scale_r":0,"shareH":0.5051247340939857,"smith_want":0,"smiths":0,"spare":0,"spare_food":0.5,"stone_need":0,"stone_rate":0,"tH":50,"target_spend":400,"tech_food":50,"tech_gold":0,"tech_stone":0,"tech_wood":50,"threat_home":0,"turns_left":-50,"u_barracks":0.1774200697230269,"u_redoubt":0.4714497518210533,"unit_spend":120,"vB":1.079746835443038,"vH":1.1021097046413502,"vP":0.8118143459915611,"vc_want":0,"vcs":0,"vil_goal":50,"vil_rate":0,"vil_stamina":8,"vil_want":0,"vil_want_last":0,"vil_worth_now":0.6,"vils":0,"w_food":0,"w_gold":0,"w_stone":0,"w_wood":0,"wild_workers":0,"wood_need":0,"wood_rate":0,"workers":0}
2026/09/30 21:20:37 player action: set-unit-behavior 0 1 map[internal_ids:[26 27 28 29 30] interrupt_current:false]
2026/09/30 21:20:37 player action: submit-orders 0 1 map[orders:[{0 [26] 9 59 true} {0 [27] 9 59 true} {0 [28] 9 59 true} {0 [29] 9 59 true} {0 [30] 9 59 true} {0 [26] 9 59 true} {0 [26] 9 60 false} {0 [27] 9 59 true} {0 [27] 9 60 false} {0 [28] 9 59 true} {0 [28] 9 60 false} {0 [29] 9 59 true} {0 [29] 9 60 false} {0 [30] 9 59 true} {0 [30] 9 60 false}]]
2026/09/30 21:20:37 Executing submit orders for: 0 [{0 [26] 9 59 true} {0 [27] 9 59 true} {0 [28] 9 59 true} {0 [29] 9 59 true} {0 [30] 9 59 true} {0 [26] 9 59 true} {0 [26] 9 60 false} {0 [27] 9 59 true} {0 [27] 9 60 false} {0 [28] 9 59 true} {0 [28] 9 60 false} {0 [29] 9 59 true} {0 [29] 9 60 false} {0 [30] 9 59 true} {0 [30] 9 60 false}]
2026/09/30 21:20:37 Resolving active orders
2026/09/30 21:20:37 combat turn=18 tick=1: 29 u13 (player 0, stamina 3) hits 59 u13 (player 1) for 3.41
2026/09/30 21:20:37 combat turn=18 tick=1: 30 u13 (player 0, stamina 3) hits 59 u13 (player 1) for 3.41
2026/09/30 21:20:37 combat turn=18 tick=1: 26 u13 (player 0, stamina 3) hits 59 u13 (player 1) for 3.41
2026/09/30 21:20:37 combat turn=18 tick=1: 28 u13 (player 0, stamina 3) hits 59 u13 (player 1) for 3.41
2026/09/30 21:20:37 combat turn=18 tick=1: 27 u13 (player 0, stamina 3) hits 59 u13 (player 1) for 3.41
2026/09/30 21:20:37 combat turn=18 tick=1: 59 u13 (player 1, stamina 3) hits 26 u13 (player 0) for 3.41
2026/09/30 21:20:37 combat turn=18 tick=1: 60 u13 (player 1, stamina 3) hits 26 u13 (player 0) for 3.41
2026/09/30 21:20:37 Moving unit 33 Blunt Infantry to zone(1, 0) in space (2, -3) tick=1
2026/09/30 21:20:37 state_hash turn=18 tick=1 hash=5c2463ae8d18116b
2026/09/30 21:20:37 combat turn=18 tick=2: 29 u13 (player 0, stamina 3) hits 59 u13 (player 1) for 3.41
2026/09/30 21:20:37 combat turn=18 tick=2: 30 u13 (player 0, stamina 3) hits 59 u13 (player 1) for 3.41
2026/09/30 21:20:37 combat turn=18 tick=2: 26 u13 (player 0, stamina 3) hits 59 u13 (player 1) for 3.41
2026/09/30 21:20:37 combat turn=18 tick=2: 28 u13 (player 0, stamina 3) hits 59 u13 (player 1) for 3.41
2026/09/30 21:20:37 combat turn=18 tick=2: 27 u13 (player 0, stamina 3) hits 59 u13 (player 1) for 3.41
2026/09/30 21:20:37 Moving unit 33 Blunt Infantry to zone(-1, 0) in space (3, -3) tick=2
2026/09/30 21:20:37 combat turn=18 tick=2: 59 u13 (player 1, stamina 3) hits 26 u13 (player 0) for 3.41
2026/09/30 21:20:37 combat turn=18 tick=2: 60 u13 (player 1, stamina 3) hits 26 u13 (player 0) for 3.41
2026/09/30 21:20:37 state_hash turn=18 tick=2 hash=7d4d7a26eacdf373
2026/09/30 21:20:37 combat turn=18 tick=3: 26 u13 (player 0, stamina 2) hits 60 u13 (player 1) for 2.27
2026/09/30 21:20:37 combat turn=18 tick=3: 28 u13 (player 0, stamina 2) hits 60 u13 (player 1) for 2.27
2026/09/30 21:20:37 combat turn=18 tick=3: 27 u13 (player 0, stamina 2) hits 60 u13 (player 1) for 2.27
2026/09/30 21:20:37 combat turn=18 tick=3: 29 u13 (player 0, stamina 2) hits 60 u13 (player 1) for 2.27
2026/09/30 21:20:37 combat turn=18 tick=3: 30 u13 (player 0, stamina 2) hits 60 u13 (player 1) for 2.27
2026/09/30 21:20:37 combat turn=18 tick=3: 60 u13 (player 1, stamina 2) hits 26 u13 (player 0) for 2.27
2026/09/30 21:20:37 Moving unit 33 Blunt Infantry to zone(0, 0) in space (3, -3) tick=3
2026/09/30 21:20:37 state_hash turn=18 tick=3 hash=0dc46d6c05449a99
2026/09/30 21:20:37 Moving unit 33 Blunt Infantry to zone(1, -1) in space (3, -3) tick=4
2026/09/30 21:20:37 state_hash turn=18 tick=4 hash=c175e70e859db28c
2026/09/30 21:20:37 state_hash turn=18 tick=end hash=1e7bcdb7feec034c
2026/09/30 21:20:37 ai ai-0: new turn data {"buildings":[],"enemy_buildings":[],"enemy_units":[{"InternalID":60,"UnitID":13,"Type":2,"Kind":1,"Location":{"Space":{"X":0,"Y":3},"Zone":{"X":-1,"Y":0}},"CurrentStamina":8,"CurrentOrder":null,"Builds":[],"GarrisonedIn":null,"Stance":0,"InterruptCurrent":false,"AttackBack":false,"TargetPriority":"","ActiveOrders":null,"Health":34.11,"MaxHealth":50}],"foundations":[],"population":{"current":5,"limit":0},"resources":{"food":200,"gold":128,"stone":100,"wood":200},"spaces":[{"Space":{"X":0,"Y":-4},"Vision":1,"Owner":-1},{"Space":{"X":1,"Y":-4},"Vision":1,"Owner":-1},{"Space":{"X":2,"Y":-4},"Vision":1,"Owner":-1},{"Space":{"X":3,"Y":-4},"Vision":1,"Owner":-1},{"Space":{"X":4,"Y":-4},"Vision":1,"Owner":-1},{"Space":{"X":-1,"Y":-3},"Vision":1,"Owner":-1},{"Space":{"X":0,"Y":-3},"Vision":1,"Owner":-1},{"Space":{"X":1,"Y":-3},"Vision":1,"Owner":-1},{"Space":{"X":2,"Y":-3},"Vision":1,"Owner":-1},{"Space":{"X":3,"Y":-3},"Vision":1,"Owner":-1},{"Space":{"X":4,"Y":-3},"Vision":1,"Owner":-1},{"Space":{"X":-2,"Y":-2},"Vision":1,"Owner":-1},{"Space":{"X":-1,"Y":-2},"Vision":1,"Owner":-1},{"Space":{"X":0,"Y":-2},"Vision":1,"Owner":-1},{"Space":{"X":1,"Y":-2},"Vision":1,"Owner":-1},{"Space":{"X":2,"Y":-2},"Vision":1,"Owner":-1},{"Space":{"X":3,"Y":-2},"Vision":1,"Owner":-1},{"Space":{"X":4,"Y":-2},"Vision":0,"Owner":-1},{"Space":{"X":-3,"Y":-1},"Vision":1,"Owner":-1},{"Space":{"X":-2,"Y":-1},"Vision":1,"Owner":-1},{"Space":{"X":-1,"Y":-1},"Vision":1,"Owner":-1},{"Space":{"X":0,"Y":-1},"Vision":1,"Owner":-1},{"Space":{"X":1,"Y":-1},"Vision":1,"Owner":-1},{"Space":{"X":2,"Y":-1},"Vision":1,"Owner":-1},{"Space":{"X":3,"Y":-1},"Vision":0,"Owner":-1},{"Space":{"X":4,"Y":-1},"Vision":0,"Owner":-1},{"Space":{"X":-4,"Y":0},"Vision":1,"Owner":-1},{"Space":{"X":-3,"Y":0},"Vision":1,"Owner":-1},{"Space":{"X":-2,"Y":0},"Vision":1,"Owner":-1},{"Space":{"X":-1,"Y":0},"Vision":1,"Owner":-1},{"Space":{"X":0,"Y":0},"Vision":1,"Owner":-1},{"Space":{"X":1,"Y":0},"Vision":1,"Owner":-1},{"Space":{"X":2,"Y":0},"Vision":1,"Owner":-1},{"Space":{"X":3,"Y":0},"Vision":1,"Owner":-1},{"Space":{"X":4,"Y":0},"Vision":0,"Owner":-1},{"Space":{"X":-4,"Y":1},"Vision":1,"Owner":-1},{"Space":{"X":-3,"Y":1},"Vision":1,"Owner":-1},{"Space":{"X":-2,"Y":1},"Vision":1,"Owner":-1},{"Space":{"X":-1,"Y":1},"Vision":1,"Owner":-1},{"Space":{"X":0,"Y":1},"Vision":1,"Owner":-1},{"Space":{"X":1,"Y":1},"Vision":1,"Owner":-1},{"Space":{"X":2,"Y":1},"Vision":1,"Owner":-1},{"Space":{"X":3,"Y":1},"Vision":1,"Owner":-1},{"Space":{"X":-4,"Y":2},"Vision":1,"Owner":-1},{"Space":{"X":-3,"Y":2},"Vision":1,"Owner":-1},{"Space":{"X":-2,"Y":2},"Vision":1,"Owner":-1},{"Space":{"X":-1,"Y":2},"Vision":1,"Owner":-1},{"Space":{"X":0,"Y":2},"Vision":2,"Owner":-1},{"Space":{"X":1,"Y":2},"Vision":2,"Owner":-1},{"Space":{"X":2,"Y":2},"Vision":1,"Owner":-1},{"Space":{"X":-4,"Y":3},"Vision":1,"Owner":-1},{"Space":{"X":-3,"Y":3},"Vision":1,"Owner":-1},{"Space":{"X":-2,"Y":3},"Vision":1,"Owner":-1},{"Space":{"X":-1,"Y":3},"Vision":3,"Owner":-1},{"Space":{"X":0,"Y":3},"Vision":3,"Owner":-1},{"Space":{"X":1,"Y":3},"Vision":2,"Owner":-1},{"Space":{"X":-4,"Y":4},"Vision":1,"Owner":-1},{"Space":{"X":-3,"Y":4},"Vision":1,"Owner":-1},{"Space":{"X":-2,"Y":4},"Vision":1,"Owner":-1},{"Space":{"X":-1,"Y":4},"Vision":2,"Owner":-1},{"Space":{"X":0,"Y":4},"Vision":2,"Owner":-1}],"units":[{"InternalID":26,"UnitID":13,"Type":2,"Kind":1,"Location":{"Space":{"X":0,"Y":3},"Zone":{"X":-1,"Y":0}},"CurrentStamina":8,"CurrentOrder":{"Kind":6,"TargetZone":null,"TargetSpace":null,"TargetResource":null,"TargetUnit":{"InternalID":60,"UnitID":13,"Type":2,"Kind":1,"Location":{"Space":{"X":0,"Y":3},"Zone":{"X":-1,"Y":0}},"CurrentStamina":8,"CurrentOrder":null,"Builds":[],"GarrisonedIn":null,"Stance":0,"InterruptCurrent":false,"AttackBack":false,"TargetPriority":"","ActiveOrders":null,"Health":34.11,"MaxHealth":50},"TargetBuilding":null},"Builds":[],"GarrisonedIn":null,"Stance":3,"InterruptCurrent":false,"AttackBack":true,"TargetPriority":"","ActiveOrders":[{"ID":832,"Kind":6}],"Health":19.355,"MaxHealth":50},{"InternalID":27,"UnitID":13,"Type":2,"Kind":1,"Location":{"Space":{"X":0,"Y":3},"Zone":{"X":-1,"Y":0}},"CurrentStamina":8,"CurrentOrder":{"Kind":6,"TargetZone":null,"TargetSpace":null,"TargetResource":null,"TargetUnit":{"InternalID":60,"UnitID":13,"Type":2,"Kind":1,"Location":{"Space":{"X":0,"Y":3},"Zone":{"X":-1,"Y":0}},"CurrentStamina":8,"CurrentOrder":null,"Builds":[],"GarrisonedIn":null,"Stance":0,"InterruptCurrent":false,"AttackBack":false,"TargetPriority":"","ActiveOrders":null,"Health":34.11,"MaxHealth":50},"TargetBuilding":null},"Builds":[],"GarrisonedIn":null,"Stance":3,"InterruptCurrent":false,"AttackBack":true,"TargetPriority":"","ActiveOrders":[{"ID":834,"Kind":6}],"Health":50,"MaxHealth":50},{"InternalID":28,"UnitID":13,"Type":2,"Kind":1,"Location":{"Space":{"X":0,"Y":3},"Zone":{"X":-1,"Y":0}},"CurrentStamina":8,"CurrentOrder":{"Kind":6,"TargetZone":null,"TargetSpace":null,"TargetResource":null,"TargetUnit":{"InternalID":60,"UnitID":13,"Type":2,"Kind":1,"Location":{"Space":{"X":0,"Y":3},"Zone":{"X":-1,"Y":0}},"CurrentStamina":8,"CurrentOrder":null,"Builds":[],"GarrisonedIn":null,"Stance":0,"InterruptCurrent":false,"AttackBack":false,"TargetPriority":"","ActiveOrders":null,"Health":34.11,"MaxHealth":50},"TargetBuilding":null},"Builds":[],"GarrisonedIn":null,"Stance":3,"InterruptCurrent":false,"AttackBack":true,"TargetPriority":"","ActiveOrders":[{"ID":836,"Kind":6}],"Health":50,"MaxHealth":50},{"InternalID":29,"UnitID":13,"Type":2,"Kind":1,"Location":{"Space":{"X":0,"Y":3},"Zone":{"X":-1,"Y":0}},"CurrentStamina":8,"CurrentOrder":{"Kind":6,"TargetZone":null,"TargetSpace":null,"TargetResource":null,"TargetUnit":{"InternalID":60,"UnitID":13,"Type":2,"Kind":1,"Location":{"Space":{"X":0,"Y":3},"Zone":{"X":-1,"Y":0}},"CurrentStamina":8,"CurrentOrder":null,"Builds":[],"GarrisonedIn":null,"Stance":0,"InterruptCurrent":false,"AttackBack":false,"TargetPriority":"","ActiveOrders":null,"Health":34.11,"MaxHealth":50},"TargetBuilding":null},"Builds":[],"GarrisonedIn":null,"Stance":3,"InterruptCurrent":false,"AttackBack":true,"TargetPriority":"","ActiveOrders":[{"ID":838,"Kind":6}],"Health":50,"MaxHealth":50},{"InternalID":30,"UnitID":13,"Type":2,"Kind":1,"Location":{"Space":{"X":0,"Y":3},"Zone":{"X":-1,"Y":0}},"CurrentStamina":8,"CurrentOrder":{"Kind":6,"TargetZone":null,"TargetSpace":null,"TargetResource":null,"TargetUnit":{"InternalID":60,"UnitID":13,"Type":2,"Kind":1,"Location":{"Space":{"X":0,"Y":3},"Zone":{"X":-1,"Y":0}},"CurrentStamina":8,"CurrentOrder":null,"Builds":[],"GarrisonedIn":null,"Stance":0,"InterruptCurrent":false,"AttackBack":false,"TargetPriority":"","ActiveOrders":null,"Health":34.11,"MaxHealth":50},"TargetBuilding":null},"Builds":[],"GarrisonedIn":null,"Stance":3,"InterruptCurrent":false,"AttackBack":true,"TargetPriority":"","ActiveOrders":[{"ID":840,"Kind":6}],"Health":50,"MaxHealth":50}]}
2026/09/30 21:20:37 ai ai-1: new turn data {"buildings":[],"enemy_buildings":[],"enemy_units":[{"InternalID":26,"UnitID":13,"Type":2,"Kind":1,"Location":{"Space":{"X":0,"Y":3},"Zone":{"X":-1,"Y":0}},"CurrentStamina":8,"CurrentOrder":null,"Builds":[],"GarrisonedIn":null,"Stance":0,"InterruptCurrent":false,"AttackBack":false,"TargetPriority":"","ActiveOrders":null,"Health":19.355,"MaxHealth":50},{"InternalID":27,"UnitID":13,"Type":2,"Kind":1,"Location":{"Space":{"X":0,"Y":3},"Zone":{"X":-1,"Y":0}},"CurrentStamina":8,"CurrentOrder":null,"Builds":[],"GarrisonedIn":null,"Stance":0,"InterruptCurrent":false,"AttackBack":false,"TargetPriority":"","ActiveOrders":null,"Health":50,"MaxHealth":50},{"InternalID":28,"UnitID":13,"Type":2,"Kind":1,"Location":{"Space":{"X":0,"Y":3},"Zone":{"X":-1,"Y":0}},"CurrentStamina":8,"CurrentOrder":null,"Builds":[],"GarrisonedIn":null,"Stance":0,"InterruptCurrent":false,"AttackBack":false,"TargetPriority":"","ActiveOrders":null,"Health":50,"MaxHealth":50},{"InternalID":29,"UnitID":13,"Type":2,"Kind":1,"Location":{"Space":{"X":0,"Y":3},"Zone":{"X":-1,"Y":0}},"CurrentStamina":8,"CurrentOrder":null,"Builds":[],"GarrisonedIn":null,"Stance":0,"InterruptCurrent":false,"AttackBack":false,"TargetPriority":"","ActiveOrders":null,"Health":50,"MaxHealth":50},{"InternalID":30,"UnitID":13,"Type":2,"Kind":1,"Location":{"Space":{"X":0,"Y":3},"Zone":{"X":-1,"Y":0}},"CurrentStamina":8,"CurrentOrder":null,"Builds":[],"GarrisonedIn":null,"Stance":0,"InterruptCurrent":false,"AttackBack":false,"TargetPriority":"","ActiveOrders":null,"Health":50,"MaxHealth":50}],"foundations":[],"population":{"current":2,"limit":0},"resources":{"food":200,"gold":46,"stone":100,"wood":200},"spaces":[{"Space":{"X":0,"Y":-4},"Vision":1,"Owner":-1},{"Space":{"X":1,"Y":-4},"Vision":1,"Owner":-1},{"Space":{"X":2,"Y":-4},"Vision":1,"Owner":-1},{"Space":{"X":3,"Y":-4},"Vision":2,"Owner":-1},{"Space":{"X":4,"Y":-4},"Vision":3,"Owner":-1},{"Space":{"X":-1,"Y":-3},"Vision":1,"Owner":-1},{"Space":{"X":0,"Y":-3},"Vision":1,"Owner":-1},{"Space":{"X":1,"Y":-3},"Vision":1,"Owner":-1},{"Space":{"X":2,"Y":-3},"Vision":2,"Owner":-1},{"Space":{"X":3,"Y":-3},"Vision":3,"Owner":1},{"Space":{"X":4,"Y":-3},"Vision":2,"Owner":-1},{"Space":{"X":-2,"Y":-2},"Vision":1,"Owner":-1},{"Space":{"X":-1,"Y":-2},"Vision":1,"Owner":-1},{"Space":{"X":0,"Y":-2},"Vision":1,"Owner":-1},{"Space":{"X":1,"Y":-2},"Vision":1,"Owner":-1},{"Space":{"X":2,"Y":-2},"Vision":2,"Owner":-1},{"Space":{"X":3,"Y":-2},"Vision":2,"Owner":-1},{"Space":{"X":4,"Y":-2},"Vision":0,"Owner":-1},{"Space":{"X":-3,"Y":-1},"Vision":1,"Owner":-1},{"Space":{"X":-2,"Y":-1},"Vision":1,"Owner":-1},{"Space":{"X":-1,"Y":-1},"Vision":1,"Owner":-1},{"Space":{"X":0,"Y":-1},"Vision":1,"Owner":-1},{"Space":{"X":1,"Y":-1},"Vision":1,"Owner":-1},{"Space":{"X":2,"Y":-1},"Vision":1,"Owner":-1},{"Space":{"X":3,"Y":-1},"Vision":1,"Owner":-1},{"Space":{"X":4,"Y":-1},"Vision":0,"Owner":-1},{"Space":{"X":-4,"Y":0},"Vision":1,"Owner":-1},{"Space":{"X":-3,"Y":0},"Vision":1,"Owner":-1},{"Space":{"X":-2,"Y":0},"Vision":1,"Owner":-1},{"Space":{"X":-1,"Y":0},"Vision":1,"Owner":-1},{"Space":{"X":0,"Y":0},"Vision":1,"Owner":-1},{"Space":{"X":1,"Y":0},"Vision":1,"Owner":-1},{"Space":{"X":2,"Y":0},"Vision":1,"Owner":-1},{"Space":{"X":3,"Y":0},"Vision":1,"Owner":-1},{"Space":{"X":4,"Y":0},"Vision":0,"Owner":-1},{"Space":{"X":-4,"Y":1},"Vision":1,"Owner":-1},{"Space":{"X":-3,"Y":1},"Vision":1,"Owner":-1},{"Space":{"X":-2,"Y":1},"Vision":1,"Owner":0},{"Space":{"X":-1,"Y":1},"Vision":1,"Owner":-1},{"Space":{"X":0,"Y":1},"Vision":1,"Owner":-1},{"Space":{"X":1,"Y":1},"Vision":1,"Owner":0},{"Space":{"X":2,"Y":1},"Vision":1,"Owner":0},{"Space":{"X":3,"Y":1},"Vision":1,"Owner":-1},{"Space":{"X":-4,"Y":2},"Vision":1,"Owner":0},{"Space":{"X":-3,"Y":2},"Vision":1,"Owner":-1},{"Space":{"X":-2,"Y":2},"Vision":1,"Owner":0},{"Space":{"X":-1,"Y":2},"Vision":1,"Owner":0},{"Space":{"X":0,"Y":2},"Vision":2,"Owner":-1},{"Space":{"X":1,"Y":2},"Vision":2,"Owner":-1},{"Space":{"X":2,"Y":2},"Vision":1,"Owner":-1},{"Space":{"X":-4,"Y":3},"Vision":1,"Owner":0},{"Space":{"X":-3,"Y":3},"Vision":1,"Owner":-1},{"Space":{"X":-2,"Y":3},"Vision":1,"Owner":0},{"Space":{"X":-1,"Y":3},"Vision":3,"Owner":-1},{"Space":{"X":0,"Y":3},"Vision":3,"Owner":-1},{"Space":{"X":1,"Y":3},"Vision":2,"Owner":-1},{"Space":{"X":-4,"Y":4},"Vision":1,"Owner":-1},{"Space":{"X":-3,"Y":4},"Vision":1,"Owner":-1},{"Space":{"X":-2,"Y":4},"Vision":1,"Owner":-1},{"Space":{"X":-1,"Y":4},"Vision":2,"Owner":-1},{"Space":{"X":0,"Y":4},"Vision":2,"Owner":-1}],"units":[{"InternalID":33,"UnitID":11,"Type":2,"Kind":1,"Location":{"Space":{"X":3,"Y":-3},"Zone":{"X":1,"Y":-1}},"CurrentStamina":17,"CurrentOrder":{"Kind":0,"TargetZone":{"Space":{"X":4,"Y":-4},"Zone":{"X":0,"Y":0}},"TargetSpace":null,"TargetResource":null,"TargetUnit":null,"TargetBuilding":null},"Builds":[],"GarrisonedIn":null,"Stance":3,"InterruptCurrent":false,"AttackBack":true,"TargetPriority":"","ActiveOrders":[{"ID":825,"Kind":0}],"Health":11,"MaxHealth":11},{"InternalID":60,"UnitID":13,"Type":2,"Kind":1,"Location":{"Space":{"X":0,"Y":3},"Zone":{"X":-1,"Y":0}},"CurrentStamina":8,"CurrentOrder":{"Kind":4,"TargetZone":null,"TargetSpace":{"X":0,"Y":3},"TargetResource":null,"TargetUnit":null,"TargetBuilding":null},"Builds":[],"GarrisonedIn":null,"Stance":3,"InterruptCurrent":false,"AttackBack":true,"TargetPriority":"","ActiveOrders":[{"ID":282,"Kind":4}],"Health":34.11,"MaxHealth":50}]}
2026/09/30 21:20:37 ai ai-1: submitting orders []
2026/09/30 21:20:37 ai ai-1: vars {}
2026/09/30 21:20:37 player action: submit-orders 0 2 map[orders:[]]
2026/09/30 21:20:37 Executing submit orders for: 1 []
2026/09/30 21:20:37 ai ai-0: submitting orders [{Subjects:[26] OrderType:9 TargetID:60 ClearPreviousOrders:true} {Subjects:[27] OrderType:9 TargetID:60 ClearPreviousOrders:true} {Subjects:[28] OrderType:9 TargetID:60 ClearPreviousOrders:true} {Subjects:[29] OrderType:9 TargetID:60 ClearPreviousOrders:true} {Subjects:[30] OrderType:9 TargetID:60 ClearPreviousOrders:true} {Subjects:[26] OrderType:9 TargetID:60 ClearPreviousOrders:true} {Subjects:[27] OrderType:9 TargetID:60 ClearPreviousOrders:true} {Subjects:[28] OrderType:9 TargetID:60 ClearPreviousOrders:true} {Subjects:[29] OrderType:9 TargetID:60 ClearPreviousOrders:true} {Subjects:[30] OrderType:9 TargetID:60 ClearPreviousOrders:true}]
2026/09/30 21:20:37 ai ai-0: vars {"B":0,"Hv":5,"Pi":0,"aPowLocal":0,"aThreat":0,"a_engaged":0,"a_odds":1.3,"a_outnumbered":0,"army_target":50,"army_value":900,"assault":0,"bank_rate":28,"bar_barracks":0.17072129748186085,"bar_redoubt":1.1111111111111112,"barracks":0,"barracks_B":0,"barracks_P":0,"barracks_save":0,"barracks_spend":78.1,"barracks_want":0,"buffer_food":70,"buffer_gold":0,"buffer_stone":0,"buffer_wood":70,"builders":0,"committed":0,"eB":11.699999999999992,"eGrowth":0,"eH":4.500000000000001,"eMil":21.799999999999994,"eP":5.600000000000001,"ePow":40.9,"ePowEst":44.04022429123876,"ePowSeen":44.04022429123876,"eTech":1,"eV":0,"es":22.799999999999994,"farm_want":0,"farm_wood_short":0,"farming":0,"fire_barracks":0,"fire_farm0":0,"fire_farm1":0,"fire_farm2":0,"fire_house":0,"fire_outpost":0,"fire_redoubt":0,"fire_smith":0,"fire_vc":0,"food_need":0,"food_over":0,"food_rate":0,"food_slots":1000,"food_workers":0,"free_room":45,"go":0,"gold_income":0,"gold_need":0,"gold_rate":0,"gold_surplus":128,"guaranteed":0,"guard_home":0,"headroom":-5,"hire_B":6892.3076923076915,"hire_P":10830.76923076923,"homePow":0,"house_builders":0,"house_urgency":0,"house_want":0,"income_proj":0,"left":0,"lf_food":0,"lf_gold":0,"lf_stone":0,"lf_wood":0,"lump_food":0,"lump_gold":0,"lump_stone":0,"lump_wood":0,"maturity":0,"mil":5,"myTech":1,"n_barracks":0,"n_redoubts":0,"needB":34.377871255614586,"needP":10.62212874438541,"outpost_want":0,"pikes":0,"planned_food":0,"planned_gold":0,"planned_stone":0,"planned_wood":0,"prod_rate":0,"proj_army":900,"raid_danger":0,"raid_fails":1,"raid_lost":0,"raid_pause":16,"raid_prev":0,"raid_size":0,"raid_wiped":0,"rate":6,"redoubt_H":0,"redoubt_gold_ok":0.5688888888888889,"redoubt_save":0,"redoubt_spend":30,"redoubt_want":0,"redoubts":0,"rf_food":0,"rf_gold":0,"rf_stone":0,"rf_wood":0,"sB4":1.3952943002758569,"sP4":0.4311202279988975,"scale_l":0,"scale_r":0,"shareH":0.5041024614768861,"smith_want":0,"smiths":0,"spare":0,"spare_food":0.5,"stone_need":0,"stone_rate":0,"tH":50,"target_spend":400,"tech_food":50,"tech_gold":0,"tech_stone":0,"tech_wood":50,"threat_home":0,"turns_left":-50,"u_barracks":0.1777865695089269,"u_redoubt":0.47049563071176037,"unit_spend":120,"vB":1.0868421052631578,"vH":1.1048245614035086,"vP":0.8103070175438598,"vc_want":0,"vcs":0,"vil_goal":50,"vil_rate":0,"vil_stamina":8,"vil_want":0,"vil_want_last":0,"vil_worth_now":0.6,"vils":0,"w_food":0,"w_gold":0,"w_stone":0,"w_wood":0,"wild_workers":0,"wood_need":0,"wood_rate":0,"workers":0}
2026/09/30 21:20:37 player action: set-unit-behavior 0 1 map[internal_ids:[26 27 28 29 30] interrupt_current:true]
2026/09/30 21:20:37 player action: submit-orders 0 1 map[orders:[{0 [26] 9 60 true} {0 [27] 9 60 true} {0 [28] 9 60 true} {0 [29] 9 60 true} {0 [30] 9 60 true} {0 [26] 9 60 true} {0 [27] 9 60 true} {0 [28] 9 60 true} {0 [29] 9 60 true} {0 [30] 9 60 true}]]
2026/09/30 21:20:37 Executing submit orders for: 0 [{0 [26] 9 60 true} {0 [27] 9 60 true} {0 [28] 9 60 true} {0 [29] 9 60 true} {0 [30] 9 60 true} {0 [26] 9 60 true} {0 [27] 9 60 true} {0 [28] 9 60 true} {0 [29] 9 60 true} {0 [30] 9 60 true}]
2026/09/30 21:20:37 Resolving active orders
2026/09/30 21:20:37 combat turn=19 tick=1: 29 u13 (player 0, stamina 3) hits 60 u13 (player 1) for 3.41
2026/09/30 21:20:37 combat turn=19 tick=1: 30 u13 (player 0, stamina 3) hits 60 u13 (player 1) for 3.41
2026/09/30 21:20:37 combat turn=19 tick=1: 26 u13 (player 0, stamina 3) hits 60 u13 (player 1) for 3.41
2026/09/30 21:20:37 combat turn=19 tick=1: 28 u13 (player 0, stamina 3) hits 60 u13 (player 1) for 3.41
2026/09/30 21:20:37 combat turn=19 tick=1: 27 u13 (player 0, stamina 3) hits 60 u13 (player 1) for 3.41
2026/09/30 21:20:37 combat turn=19 tick=1: 60 u13 (player 1, stamina 3) hits 26 u13 (player 0) for 3.41
2026/09/30 21:20:37 Moving unit 33 Blunt Infantry to zone(-1, 1) in space (4, -4) tick=1
2026/09/30 21:20:37 state_hash turn=19 tick=1 hash=c4803fe367804c96
2026/09/30 21:20:37 combat turn=19 tick=2: 29 u13 (player 0, stamina 3) hits 60 u13 (player 1) for 3.41
2026/09/30 21:20:37 combat turn=19 tick=2: 30 u13 (player 0, stamina 3) hits 60 u13 (player 1) for 3.41
2026/09/30 21:20:37 combat turn=19 tick=2: 26 u13 (player 0, stamina 3) hits 60 u13 (player 1) for 3.41
2026/09/30 21:20:37 combat turn=19 tick=2: 28 u13 (player 0, stamina 3) hits 60 u13 (player 1) for 3.41
2026/09/30 21:20:37 combat turn=19 tick=2: 27 u13 (player 0, stamina 3) hits 60 u13 (player 1) for 3.41
2026/09/30 21:20:37 Moving unit 33 Blunt Infantry to zone(0, 0) in space (4, -4) tick=2
2026/09/30 21:20:37 combat turn=19 tick=2: 60 u13 (player 1, stamina 3) hits 26 u13 (player 0) for 3.41
2026/09/30 21:20:37 state_hash turn=19 tick=2 hash=cf54d393bf7b97e9
2026/09/30 21:20:37 combat turn=19 tick=3: 29 u13 (player 0, stamina 2) hits 60 u13 (player 1) for 2.27
2026/09/30 21:20:37 combat turn=19 tick=3: 30 u13 (player 0, stamina 2) hits 60 u13 (player 1) for 2.27
2026/09/30 21:20:37 combat turn=19 tick=3: 26 u13 (player 0, stamina 2) hits 60 u13 (player 1) for 2.27
2026/09/30 21:20:37 combat turn=19 tick=3: 28 u13 (player 0, stamina 2) hits 60 u13 (player 1) for 2.27
2026/09/30 21:20:37 combat turn=19 tick=3: 27 u13 (player 0, stamina 2) hits 60 u13 (player 1) for 2.27
2026/09/30 21:20:37 combat turn=19 tick=3: 60 u13 (player 1, stamina 2) hits 26 u13 (player 0) for 2.27
2026/09/30 21:20:37 state_hash turn=19 tick=3 hash=479940f12d5375ae
2026/09/30 21:20:37 state_hash turn=19 tick=end hash=428f690041927b30
2026/09/30 21:20:37 ai ai-0: new turn data {"buildings":[],"enemy_buildings":[],"enemy_units":[],"foundations":[],"population":{"current":5,"limit":0},"resources":{"food":200,"gold":130,"stone":100,"wood":200},"spaces":[{"Space":{"X":0,"Y":-4},"Vision":1,"Owner":-1},{"Space":{"X":1,"Y":-4},"Vision":1,"Owner":-1},{"Space":{"X":2,"Y":-4},"Vision":1,"Owner":-1},{"Space":{"X":3,"Y":-4},"Vision":1,"Owner":-1},{"Space":{"X":4,"Y":-4},"Vision":1,"Owner":-1},{"Space":{"X":-1,"Y":-3},"Vision":1,"Owner":-1},{"Space":{"X":0,"Y":-3},"Vision":1,"Owner":-1},{"Space":{"X":1,"Y":-3},"Vision":1,"Owner":-1},{"Space":{"X":2,"Y":-3},"Vision":1,"Owner":-1},{"Space":{"X":3,"Y":-3},"Vision":1,"Owner":-1},{"Space":{"X":4,"Y":-3},"Vision":1,"Owner":-1},{"Space":{"X":-2,"Y":-2},"Vision":1,"Owner":-1},{"Space":{"X":-1,"Y":-2},"Vision":1,"Owner":-1},{"Space":{"X":0,"Y":-2},"Vision":1,"Owner":-1},{"Space":{"X":1,"Y":-2},"Vision":1,"Owner":-1},{"Space":{"X":2,"Y":-2},"Vision":1,"Owner":-1},{"Space":{"X":3,"Y":-2},"Vision":1,"Owner":-1},{"Space":{"X":4,"Y":-2},"Vision":0,"Owner":-1},{"Space":{"X":-3,"Y":-1},"Vision":1,"Owner":-1},{"Space":{"X":-2,"Y":-1},"Vision":1,"Owner":-1},{"Space":{"X":-1,"Y":-1},"Vision":1,"Owner":-1},{"Space":{"X":0,"Y":-1},"Vision":1,"Owner":-1},{"Space":{"X":1,"Y":-1},"Vision":1,"Owner":-1},{"Space":{"X":2,"Y":-1},"Vision":1,"Owner":-1},{"Space":{"X":3,"Y":-1},"Vision":0,"Owner":-1},{"Space":{"X":4,"Y":-1},"Vision":0,"Owner":-1},{"Space":{"X":-4,"Y":0},"Vision":1,"Owner":-1},{"Space":{"X":-3,"Y":0},"Vision":1,"Owner":-1},{"Space":{"X":-2,"Y":0},"Vision":1,"Owner":-1},{"Space":{"X":-1,"Y":0},"Vision":1,"Owner":-1},{"Space":{"X":0,"Y":0},"Vision":1,"Owner":-1},{"Space":{"X":1,"Y":0},"Vision":1,"Owner":-1},{"Space":{"X":2,"Y":0},"Vision":1,"Owner":-1},{"Space":{"X":3,"Y":0},"Vision":1,"Owner":-1},{"Space":{"X":4,"Y":0},"Vision":0,"Owner":-1},{"Space":{"X":-4,"Y":1},"Vision":1,"Owner":-1},{"Space":{"X":-3,"Y":1},"Vision":1,"Owner":-1},{"Space":{"X":-2,"Y":1},"Vision":1,"Owner":-1},{"Space":{"X":-1,"Y":1},"Vision":1,"Owner":-1},{"Space":{"X":0,"Y":1},"Vision":1,"Owner":-1},{"Space":{"X":1,"Y":1},"Vision":1,"Owner":-1},{"Space":{"X":2,"Y":1},"Vision":1,"Owner":-1},{"Space":{"X":3,"Y":1},"Vision":1,"Owner":-1},{"Space":{"X":-4,"Y":2},"Vision":1,"Owner":-1},{"Space":{"X":-3,"Y":2},"Vision":1,"Owner":-1},{"Space":{"X":-2,"Y":2},"Vision":1,"Owner":-1},{"Space":{"X":-1,"Y":2},"Vision":1,"Owner":-1},{"Space":{"X":0,"Y":2},"Vision":2,"Owner":-1},{"Space":{"X":1,"Y":2},"Vision":2,"Owner":-1},{"Space":{"X":2,"Y":2},"Vision":1,"Owner":-1},{"Space":{"X":-4,"Y":3},"Vision":1,"Owner":-1},{"Space":{"X":-3,"Y":3},"Vision":1,"Owner":-1},{"Space":{"X":-2,"Y":3},"Vision":1,"Owner":-1},{"Space":{"X":-1,"Y":3},"Vision":3,"Owner":-1},{"Space":{"X":0,"Y":3},"Vision":3,"Owner":0},{"Space":{"X":1,"Y":3},"Vision":2,"Owner":-1},{"Space":{"X":-4,"Y":4},"Vision":1,"Owner":-1},{"Space":{"X":-3,"Y":4},"Vision":1,"Owner":-1},{"Space":{"X":-2,"Y":4},"Vision":1,"Owner":-1},{"Space":{"X":-1,"Y":4},"Vision":2,"Owner":-1},{"Space":{"X":0,"Y":4},"Vision":2,"Owner":-1}],"units":[{"InternalID":26,"UnitID":13,"Type":2,"Kind":1,"Location":{"Space":{"X":0,"Y":3},"Zone":{"X":-1,"Y":0}},"CurrentStamina":8,"CurrentOrder":null,"Builds":[],"GarrisonedIn":null,"Stance":3,"InterruptCurrent":true,"AttackBack":true,"TargetPriority":"","ActiveOrders":null,"Health":10.275,"MaxHealth":50},{"InternalID":27,"UnitID":13,"Type":2,"Kind":1,"Location":{"Space":{"X":0,"Y":3},"Zone":{"X":-1,"Y":0}},"CurrentStamina":8,"CurrentOrder":null,"Builds":[],"GarrisonedIn":null,"Stance":3,"InterruptCurrent":true,"AttackBack":true,"TargetPriority":"","ActiveOrders":null,"Health":50,"MaxHealth":50},{"InternalID":28,"UnitID":13,"Type":2,"Kind":1,"Location":{"Space":{"X":0,"Y":3},"Zone":{"X":-1,"Y":0}},"CurrentStamina":8,"CurrentOrder":null,"Builds":[],"GarrisonedIn":null,"Stance":3,"InterruptCurrent":true,"AttackBack":true,"TargetPriority":"","ActiveOrders":null,"Health":50,"MaxHealth":50},{"InternalID":29,"UnitID":13,"Type":2,"Kind":1,"Location":{"Space":{"X":0,"Y":3},"Zone":{"X":-1,"Y":0}},"CurrentStamina":8,"CurrentOrder":null,"Builds":[],"GarrisonedIn":null,"Stance":3,"InterruptCurrent":true,"AttackBack":true,"TargetPriority":"","ActiveOrders":null,"Health":50,"MaxHealth":50},{"InternalID":30,"UnitID":13,"Type":2,"Kind":1,"Location":{"Space":{"X":0,"Y":3},"Zone":{"X":-1,"Y":0}},"CurrentStamina":8,"CurrentOrder":null,"Builds":[],"GarrisonedIn":null,"Stance":3,"InterruptCurrent":true,"AttackBack":true,"TargetPriority":"","ActiveOrders":null,"Health":50,"MaxHealth":50}]}
2026/09/30 21:20:37 ai ai-1: new turn data {"buildings":[],"enemy_buildings":[],"enemy_units":[],"foundations":[],"population":{"current":1,"limit":0},"resources":{"food":200,"gold":48,"stone":100,"wood":200},"spaces":[{"Space":{"X":0,"Y":-4},"Vision":1,"Owner":-1},{"Space":{"X":1,"Y":-4},"Vision":1,"Owner":-1},{"Space":{"X":2,"Y":-4},"Vision":1,"Owner":-1},{"Space":{"X":3,"Y":-4},"Vision":2,"Owner":-1},{"Space":{"X":4,"Y":-4},"Vision":3,"Owner":1},{"Space":{"X":-1,"Y":-3},"Vision":1,"Owner":-1},{"Space":{"X":0,"Y":-3},"Vision":1,"Owner":-1},{"Space":{"X":1,"Y":-3},"Vision":1,"Owner":-1},{"Space":{"X":2,"Y":-3},"Vision":1,"Owner":-1},{"Space":{"X":3,"Y":-3},"Vision":2,"Owner":-1},{"Space":{"X":4,"Y":-3},"Vision":2,"Owner":-1},{"Space":{"X":-2,"Y":-2},"Vision":1,"Owner":-1},{"Space":{"X":-1,"Y":-2},"Vision":1,"Owner":-1},{"Space":{"X":0,"Y":-2},"Vision":1,"Owner":-1},{"Space":{"X":1,"Y":-2},"Vision":1,"Owner":-1},{"Space":{"X":2,"Y":-2},"Vision":1,"Owner":-1},{"Space":{"X":3,"Y":-2},"Vision":1,"Owner":-1},{"Space":{"X":4,"Y":-2},"Vision":0,"Owner":-1},{"Space":{"X":-3,"Y":-1},"Vision":1,"Owner":-1},{"Space":{"X":-2,"Y":-1},"Vision":1,"Owner":-1},{"Space":{"X":-1,"Y":-1},"Vision":1,"Owner":-1},{"Space":{"X":0,"Y":-1},"Vision":1,"Owner":-1},{"Space":{"X":1,"Y":-1},"Vision":1,"Owner":-1},{"Space":{"X":2,"Y":-1},"Vision":1,"Owner":-1},{"Space":{"X":3,"Y":-1},"Vision":1,"Owner":-1},{"Space":{"X":4,"Y":-1},"Vision":0,"Owner":-1},{"Space":{"X":-4,"Y":0},"Vision":1,"Owner":-1},{"Space":{"X":-3,"Y":0},"Vision":1,"Owner":-1},{"Space":{"X":-2,"Y":0},"Vision":1,"Owner":-1},{"Space":{"X":-1,"Y":0},"Vision":1,"Owner":-1},{"Space":{"X":0,"Y":0},"Vision":1,"Owner":-1},{"Space":{"X":1,"Y":0},"Vision":1,"Owner":-1},{"Space":{"X":2,"Y":0},"Vision":1,"Owner":-1},{"Space":{"X":3,"Y":0},"Vision":1,"Owner":-1},{"Space":{"X":4,"Y":0},"Vision":0,"Owner":-1},{"Space":{"X":-4,"Y":1},"Vision":1,"Owner":-1},{"Space":{"X":-3,"Y":1},"Vision":1,"Owner":-1},{"Space":{"X":-2,"Y":1},"Vision":1,"Owner":0},{"Space":{"X":-1,"Y":1},"Vision":1,"Owner":-1},{"Space":{"X":0,"Y":1},"Vision":1,"Owner":-1},{"Space":{"X":1,"Y":1},"Vision":1,"Owner":0},{"Space":{"X":2,"Y":1},"Vision":1,"Owner":0},{"Space":{"X":3,"Y":1},"Vision":1,"Owner":-1},{"Space":{"X":-4,"Y":2},"Vision":1,"Owner":0},{"Space":{"X":-3,"Y":2},"Vision":1,"Owner":-1},{"Space":{"X":-2,"Y":2},"Vision":1,"Owner":0},{"Space":{"X":-1,"Y":2},"Vision":1,"Owner":0},{"Space":{"X":0,"Y":2},"Vision":1,"Owner":-1},{"Space":{"X":1,"Y":2},"Vision":1,"Owner":-1},{"Space":{"X":2,"Y":2},"Vision":1,"Owner":-1},{"Space":{"X":-4,"Y":3},"Vision":1,"Owner":0},{"Space":{"X":-3,"Y":3},"Vision":1,"Owner":-1},{"Space":{"X":-2,"Y":3},"Vision":1,"Owner":0},{"Space":{"X":-1,"Y":3},"Vision":1,"Owner":-1},{"Space":{"X":0,"Y":3},"Vision":1,"Owner":0},{"Space":{"X":1,"Y":3},"Vision":1,"Owner":-1},{"Space":{"X":-4,"Y":4},"Vision":1,"Owner":-1},{"Space":{"X":-3,"Y":4},"Vision":1,"Owner":-1},{"Space":{"X":-2,"Y":4},"Vision":1,"Owner":-1},{"Space":{"X":-1,"Y":4},"Vision":1,"Owner":-1},{"Space":{"X":0,"Y":4},"Vision":1,"Owner":-1}],"units":[{"InternalID":33,"UnitID":11,"Type":2,"Kind":1,"Location":{"Space":{"X":4,"Y":-4},"Zone":{"X":0,"Y":0}},"CurrentStamina":23,"CurrentOrder":null,"Builds":[],"GarrisonedIn":null,"Stance":3,"InterruptCurrent":false,"AttackBack":true,"TargetPriority":"","ActiveOrders":null,"Health":11,"MaxHealth":11}]}
2026/09/30 21:20:37 ai ai-1: submitting orders [{Subjects:[33] OrderType:2 TargetID:9591 ClearPreviousOrders:true}]
2026/09/30 21:20:37 ai ai-1: vars {}
2026/09/30 21:20:37 player action: submit-orders 0 2 map[orders:[{1 [33] 2 9591 true}]]
2026/09/30 21:20:37 Executing submit orders for: 1 [{1 [33] 2 9591 true}]
2026/09/30 21:20:37 ai ai-0: submitting orders [{Subjects:[26] OrderType:2 TargetID:1711 ClearPreviousOrders:true} {Subjects:[27] OrderType:2 TargetID:1711 ClearPreviousOrders:true} {Subjects:[28] OrderType:2 TargetID:1711 ClearPreviousOrders:true} {Subjects:[29] OrderType:2 TargetID:1711 ClearPreviousOrders:true} {Subjects:[30] OrderType:2 TargetID:1711 ClearPreviousOrders:true}]
2026/09/30 21:20:37 ai ai-0: vars {"B":0,"Hv":5,"Pi":0,"aPowLocal":0,"aThreat":0,"a_engaged":0,"a_odds":1.3,"a_outnumbered":0,"army_target":50,"army_value":900,"assault":0,"bank_rate":28,"bar_barracks":0.17072129748186085,"bar_redoubt":1.1111111111111112,"barracks":0,"barracks_B":0,"barracks_P":0,"barracks_save":0,"barracks_spend":78.1,"barracks_want":0,"buffer_food":70,"buffer_gold":0,"buffer_stone":0,"buffer_wood":70,"builders":0,"committed":0,"eB":11.399999999999991,"eGrowth":0,"eH":4.200000000000001,"eMil":20.89999999999999,"eP":5.300000000000002,"ePow":38.8,"ePowEst":43.15941980541398,"ePowSeen":43.15941980541398,"eTech":1,"eV":0,"es":21.89999999999999,"farm_want":0,"farm_wood_short":0,"farming":0,"fire_barracks":0,"fire_farm0":0,"fire_farm1":0,"fire_farm2":0,"fire_house":0,"fire_outpost":0,"fire_redoubt":0,"fire_smith":0,"fire_vc":0,"food_need":0,"food_over":0,"food_rate":0,"food_slots":1000,"food_workers":0,"free_room":45,"go":0,"gold_income":2,"gold_need":0,"gold_rate":0,"gold_surplus":130,"guaranteed":0,"guard_home":0,"headroom":-5,"hire_B":7000,"hire_P":11000,"homePow":0,"house_builders":0,"house_urgency":0,"house_want":0,"income_proj":0,"left":0,"lf_food":0,"lf_gold":0,"lf_stone":0,"lf_wood":0,"lump_food":0,"lump_gold":0,"lump_stone":0,"lump_wood":0,"maturity":0,"mil":5,"myTech":1,"n_barracks":0,"n_redoubts":0,"needB":34.66898053626637,"needP":10.331019463733629,"outpost_want":0,"pikes":0,"planned_food":0,"planned_gold":0,"planned_stone":0,"planned_wood":0,"prod_rate":0,"proj_army":900,"raid_danger":0,"raid_fails":1,"raid_lost":0,"raid_pause":15,"raid_prev":0,"raid_size":0,"raid_wiped":0,"rate":6,"redoubt_H":0,"redoubt_gold_ok":0.711111111111111,"redoubt_save":0,"redoubt_spend":30,"redoubt_want":0,"redoubts":0,"rf_food":0,"rf_gold":0,"rf_stone":0,"rf_wood":0,"sB4":1.4351446513923176,"sP4":0.4276591667094913,"scale_l":0,"scale_r":0,"shareH":0.5030064275347295,"smith_want":0,"smiths":0,"spare":0,"spare_food":0.5,"stone_need":0,"stone_rate":0,"tH":50,"target_spend":400,"tech_food":50,"tech_gold":0,"tech_stone":0,"tech_wood":50,"threat_home":0,"turns_left":-50,"u_barracks":0.17817951381597408,"u_redoubt":0.4694726656990808,"unit_spend":120,"vB":1.0945205479452056,"vH":1.1077625570776255,"vP":0.808675799086758,"vc_want":0,"vcs":0,"vil_goal":50,"vil_rate":0,"vil_stamina":8,"vil_want":0,"vil_want_last":0,"vil_worth_now":0.6,"vils":0,"w_food":0,"w_gold":0,"w_stone":0,"w_wood":0,"wild_workers":0,"wood_need":0,"wood_rate":0,"workers":0}
2026/09/30 21:20:37 player action: submit-orders 0 1 map[orders:[{0 [26] 2 1711 true} {0 [27] 2 1711 true} {0 [28] 2 1711 true} {0 [29] 2 1711 true} {0 [30] 2 1711 true}]]
2026/09/30 21:20:37 Executing submit orders for: 0 [{0 [26] 2 1711 true} {0 [27] 2 1711 true} {0 [28] 2 1711 true} {0 [29] 2 1711 true} {0 [30] 2 1711 true}]
2026/09/30 21:20:37 Resolving active orders
2026/09/30 21:20:37 Moving unit 29 Heavy Infantry to zone(0, -1) in space (0, 3) tick=1
2026/09/30 21:20:37 Moving unit 30 Heavy Infantry to zone(0, -1) in space (0, 3) tick=1
2026/09/30 21:20:37 Moving unit 26 Heavy Infantry to zone(0, -1) in space (0, 3) tick=1
2026/09/30 21:20:37 Moving unit 28 Heavy Infantry to zone(0, -1) in space (0, 3) tick=1
2026/09/30 21:20:37 Moving unit 27 Heavy Infantry to zone(0, -1) in space (0, 3) tick=1
2026/09/30 21:20:37 Moving unit 33 Blunt Infantry to zone(0, 1) in space (4, -4) tick=1
2026/09/30 21:20:37 state_hash turn=20 tick=1 hash=655a9302592ede2c
2026/09/30 21:20:37 Moving unit 30 Heavy Infantry to zone(0, 1) in space (0, 2) tick=2
2026/09/30 21:20:37 Moving unit 26 Heavy Infantry to zone(0, 1) in space (0, 2) tick=2
2026/09/30 21:20:37 Moving unit 28 Heavy Infantry to zone(0, 1) in space (0, 2) tick=2
2026/09/30 21:20:37 Moving unit 27 Heavy Infantry to zone(0, 1) in space (0, 2) tick=2
2026/09/30 21:20:37 Moving unit 29 Heavy Infantry to zone(0, 1) in space (0, 2) tick=2
2026/09/30 21:20:37 Moving unit 33 Blunt Infantry to zone(0, -1) in space (4, -3) tick=2
2026/09/30 21:20:37 state_hash turn=20 tick=2 hash=8f0f7b39b5725ebd
2026/09/30 21:20:37 Moving unit 29 Heavy Infantry to zone(0, 0) in space (0, 2) tick=3
2026/09/30 21:20:37 Moving unit 30 Heavy Infantry to zone(0, 0) in space (0, 2) tick=3
2026/09/30 21:20:37 Moving unit 26 Heavy Infantry to zone(0, 0) in space (0, 2) tick=3
2026/09/30 21:20:37 Moving unit 28 Heavy Infantry to zone(0, 0) in space (0, 2) tick=3
2026/09/30 21:20:37 Moving unit 27 Heavy Infantry to zone(0, 0) in space (0, 2) tick=3
2026/09/30 21:20:37 Moving unit 33 Blunt Infantry to zone(0, 0) in space (4, -3) tick=3
2026/09/30 21:20:37 state_hash turn=20 tick=3 hash=488b3b08fc683469
2026/09/30 21:20:37 Moving unit 33 Blunt Infantry to zone(0, 1) in space (4, -3) tick=4
2026/09/30 21:20:37 state_hash turn=20 tick=4 hash=fd86d37a320bf773
2026/09/30 21:20:37 Moving unit 33 Blunt Infantry to zone(0, -1) in space (4, -2) tick=5
2026/09/30 21:20:37 state_hash turn=20 tick=5 hash=42d8a4f89b4b0a26
2026/09/30 21:20:37 Moving unit 33 Blunt Infantry to zone(0, 0) in space (4, -2) tick=6
2026/09/30 21:20:37 state_hash turn=20 tick=6 hash=77c32cad30820299
2026/09/30 21:20:37 state_hash turn=20 tick=end hash=d349f8062f3f625a
2026/09/30 21:20:37 ai ai-1: new turn data {"buildings":[],"enemy_buildings":[],"enemy_units":[],"foundations":[],"population":{"current":1,"limit":0},"resources":{"food":200,"gold":50,"stone":100,"wood":200},"spaces":[{"Space":{"X":0,"Y":-4},"Vision":1,"Owner":-1},{"Space":{"X":1,"Y":-4},"Vision":1,"Owner":-1},{"Space":{"X":2,"Y":-4},"Vision":1,"Owner":-1},{"Space":{"X":3,"Y":-4},"Vision":1,"Owner":-1},{"Space":{"X":4,"Y":-4},"Vision":1,"Owner":-1},{"Space":{"X":-1,"Y":-3},"Vision":1,"Owner":-1},{"Space":{"X":0,"Y":-3},"Vision":1,"Owner":-1},{"Space":{"X":1,"Y":-3},"Vision":1,"Owner":-1},{"Space":{"X":2,"Y":-3},"Vision":1,"Owner":-1},{"Space":{"X":3,"Y":-3},"Vision":1,"Owner":-1},{"Space":{"X":4,"Y":-3},"Vision":2,"Owner":-1},{"Space":{"X":-2,"Y":-2},"Vision":1,"Owner":-1},{"Space":{"X":-1,"Y":-2},"Vision":1,"Owner":-1},{"Space":{"X":0,"Y":-2},"Vision":1,"Owner":-1},{"Space":{"X":1,"Y":-2},"Vision":1,"Owner":-1},{"Space":{"X":2,"Y":-2},"Vision":1,"Owner":-1},{"Space":{"X":3,"Y":-2},"Vision":2,"Owner":-1},{"Space":{"X":4,"Y":-2},"Vision":3,"Owner":1},{"Space":{"X":-3,"Y":-1},"Vision":1,"Owner":-1},{"Space":{"X":-2,"Y":-1},"Vision":1,"Owner":-1},{"Space":{"X":-1,"Y":-1},"Vision":1,"Owner":-1},{"Space":{"X":0,"Y":-1},"Vision":1,"Owner":-1},{"Space":{"X":1,"Y":-1},"Vision":1,"Owner":-1},{"Space":{"X":2,"Y":-1},"Vision":1,"Owner":-1},{"Space":{"X":3,"Y":-1},"Vision":2,"Owner":-1},{"Space":{"X":4,"Y":-1},"Vision":2,"Owner":-1},{"Space":{"X":-4,"Y":0},"Vision":1,"Owner":-1},{"Space":{"X":-3,"Y":0},"Vision":1,"Owner":-1},{"Space":{"X":-2,"Y":0},"Vision":1,"Owner":-1},{"Space":{"X":-1,"Y":0},"Vision":1,"Owner":-1},{"Space":{"X":0,"Y":0},"Vision":1,"Owner":-1},{"Space":{"X":1,"Y":0},"Vision":1,"Owner":-1},{"Space":{"X":2,"Y":0},"Vision":1,"Owner":-1},{"Space":{"X":3,"Y":0},"Vision":1,"Owner":-1},{"Space":{"X":4,"Y":0},"Vision":0,"Owner":-1},{"Space":{"X":-4,"Y":1},"Vision":1,"Owner":-1},{"Space":{"X":-3,"Y":1},"Vision":1,"Owner":-1},{"Space":{"X":-2,"Y":1},"Vision":1,"Owner":0},{"Space":{"X":-1,"Y":1},"Vision":1,"Owner":-1},{"Space":{"X":0,"Y":1},"Vision":1,"Owner":-1},{"Space":{"X":1,"Y":1},"Vision":1,"Owner":0},{"Space":{"X":2,"Y":1},"Vision":1,"Owner":0},{"Space":{"X":3,"Y":1},"Vision":1,"Owner":-1},{"Space":{"X":-4,"Y":2},"Vision":1,"Owner":0},{"Space":{"X":-3,"Y":2},"Vision":1,"Owner":-1},{"Space":{"X":-2,"Y":2},"Vision":1,"Owner":0},{"Space":{"X":-1,"Y":2},"Vision":1,"Owner":0},{"Space":{"X":0,"Y":2},"Vision":1,"Owner":-1},{"Space":{"X":1,"Y":2},"Vision":1,"Owner":-1},{"Space":{"X":2,"Y":2},"Vision":1,"Owner":-1},{"Space":{"X":-4,"Y":3},"Vision":1,"Owner":0},{"Space":{"X":-3,"Y":3},"Vision":1,"Owner":-1},{"Space":{"X":-2,"Y":3},"Vision":1,"Owner":0},{"Space":{"X":-1,"Y":3},"Vision":1,"Owner":-1},{"Space":{"X":0,"Y":3},"Vision":1,"Owner":0},{"Space":{"X":1,"Y":3},"Vision":1,"Owner":-1},{"Space":{"X":-4,"Y":4},"Vision":1,"Owner":-1},{"Space":{"X":-3,"Y":4},"Vision":1,"Owner":-1},{"Space":{"X":-2,"Y":4},"Vision":1,"Owner":-1},{"Space":{"X":-1,"Y":4},"Vision":1,"Owner":-1},{"Space":{"X":0,"Y":4},"Vision":1,"Owner":-1}],"units":[{"InternalID":33,"UnitID":11,"Type":2,"Kind":1,"Location":{"Space":{"X":4,"Y":-2},"Zone":{"X":0,"Y":0}},"CurrentStamina":17,"CurrentOrder":null,"Builds":[],"GarrisonedIn":null,"Stance":3,"InterruptCurrent":false,"AttackBack":true,"TargetPriority":"","ActiveOrders":null,"Health":11,"MaxHealth":11}]}
2026/09/30 21:20:37 ai ai-1: submitting orders [{Subjects:[33] OrderType:2 TargetID:2628 ClearPreviousOrders:true}]
2026/09/30 21:20:37 ai ai-1: vars {}
2026/09/30 21:20:37 player action: submit-orders 0 2 map[orders:[{1 [33] 2 2628 true}]]
2026/09/30 21:20:37 Executing submit orders for: 1 [{1 [33] 2 2628 true}]
2026/09/30 21:20:37 ai ai-0: new turn data {"buildings":[],"enemy_buildings":[],"enemy_units":[],"foundations":[],"population":{"current":5,"limit":0},"resources":{"food":200,"gold":132,"stone":100,"wood":200},"spaces":[{"Space":{"X":0,"Y":-4},"Vision":1,"Owner":-1},{"Space":{"X":1,"Y":-4},"Vision":1,"Owner":-1},{"Space":{"X":2,"Y":-4},"Vision":1,"Owner":-1},{"Space":{"X":3,"Y":-4},"Vision":1,"Owner":-1},{"Space":{"X":4,"Y":-4},"Vision":1,"Owner":-1},{"Space":{"X":-1,"Y":-3},"Vision":1,"Owner":-1},{"Space":{"X":0,"Y":-3},"Vision":1,"Owner":-1},{"Space":{"X":1,"Y":-3},"Vision":1,"Owner":-1},{"Space":{"X":2,"Y":-3},"Vision":1,"Owner":-1},{"Space":{"X":3,"Y":-3},"Vision":1,"Owner":-1},{"Space":{"X":4,"Y":-3},"Vision":1,"Owner":-1},{"Space":{"X":-2,"Y":-2},"Vision":1,"Owner":-1},{"Space":{"X":-1,"Y":-2},"Vision":1,"Owner":-1},{"Space":{"X":0,"Y":-2},"Vision":1,"Owner":-1},{"Space":{"X":1,"Y":-2},"Vision":1,"Owner":-1},{"Space":{"X":2,"Y":-2},"Vision":1,"Owner":-1},{"Space":{"X":3,"Y":-2},"Vision":1,"Owner":-1},{"Space":{"X":4,"Y":-2},"Vision":0,"Owner":-1},{"Space":{"X":-3,"Y":-1},"Vision":1,"Owner":-1},{"Space":{"X":-2,"Y":-1},"Vision":1,"Owner":-1},{"Space":{"X":-1,"Y":-1},"Vision":1,"Owner":-1},{"Space":{"X":0,"Y":-1},"Vision":1,"Owner":-1},{"Space":{"X":1,"Y":-1},"Vision":1,"Owner":-1},{"Space":{"X":2,"Y":-1},"Vision":1,"Owner":-1},{"Space":{"X":3,"Y":-1},"Vision":0,"Owner":-1},{"Space":{"X":4,"Y":-1},"Vision":0,"Owner":-1},{"Space":{"X":-4,"Y":0},"Vision":1,"Owner":-1},{"Space":{"X":-3,"Y":0},"Vision":1,"Owner":-1},{"Space":{"X":-2,"Y":0},"Vision":1,"Owner":-1},{"Space":{"X":-1,"Y":0},"Vision":1,"Owner":-1},{"Space":{"X":0,"Y":0},"Vision":1,"Owner":-1},{"Space":{"X":1,"Y":0},"Vision":1,"Owner":-1},{"Space":{"X":2,"Y":0},"Vision":1,"Owner":-1},{"Space":{"X":3,"Y":0},"Vision":1,"Owner":-1},{"Space":{"X":4,"Y":0},"Vision":0,"Owner":-1},{"Space":{"X":-4,"Y":1},"Vision":1,"Owner":-1},{"Space":{"X":-3,"Y":1},"Vision":1,"Owner":-1},{"Space":{"X":-2,"Y":1},"Vision":1,"Owner":-1},{"Space":{"X":-1,"Y":1},"Vision":1,"Owner":-1},{"Space":{"X":0,"Y":1},"Vision":2,"Owner":-1},{"Space":{"X":1,"Y":1},"Vision":2,"Owner":-1},{"Space":{"X":2,"Y":1},"Vision":1,"Owner":-1},{"Space":{"X":3,"Y":1},"Vision":1,"Owner":-1},{"Space":{"X":-4,"Y":2},"Vision":1,"Owner":-1},{"Space":{"X":-3,"Y":2},"Vision":1,"Owner":-1},{"Space":{"X":-2,"Y":2},"Vision":1,"Owner":-1},{"Space":{"X":-1,"Y":2},"Vision":2,"Owner":-1},{"Space":{"X":0,"Y":2},"Vision":3,"Owner":0},{"Space":{"X":1,"Y":2},"Vision":2,"Owner":-1},{"Space":{"X":2,"Y":2},"Vision":1,"Owner":-1},{"Space":{"X":-4,"Y":3},"Vision":1,"Owner":-1},{"Space":{"X":-3,"Y":3},"Vision":1,"Owner":-1},{"Space":{"X":-2,"Y":3},"Vision":1,"Owner":-1},{"Space":{"X":-1,"Y":3},"Vision":2,"Owner":-1},{"Space":{"X":0,"Y":3},"Vision":2,"Owner":-1},{"Space":{"X":1,"Y":3},"Vision":1,"Owner":-1},{"Space":{"X":-4,"Y":4},"Vision":1,"Owner":-1},{"Space":{"X":-3,"Y":4},"Vision":1,"Owner":-1},{"Space":{"X":-2,"Y":4},"Vision":1,"Owner":-1},{"Space":{"X":-1,"Y":4},"Vision":1,"Owner":-1},{"Space":{"X":0,"Y":4},"Vision":1,"Owner":-1}],"units":[{"InternalID":26,"UnitID":13,"Type":2,"Kind":1,"Location":{"Space":{"X":0,"Y":2},"Zone":{"X":0,"Y":0}},"CurrentStamina":8,"CurrentOrder":{"Kind":0,"TargetZone":{"Space":{"X":3,"Y":-1},"Zone":{"X":0,"Y":0}},"TargetSpace":null,"TargetResource":null,"TargetUnit":null,"TargetBuilding":null},"Builds":[],"GarrisonedIn":null,"Stance":3,"InterruptCurrent":true,"AttackBack":true,"TargetPriority":"","ActiveOrders":[{"ID":858,"Kind":0}],"Health":10.275,"MaxHealth":50},{"InternalID":27,"UnitID":13,"Type":2,"Kind":1,"Location":{"Space":{"X":0,"Y":2},"Zone":{"X":0,"Y":0}},"CurrentStamina":8,"CurrentOrder":{"Kind":0,"TargetZone":{"Space":{"X":3,"Y":-1},"Zone":{"X":0,"Y":0}},"TargetSpace":null,"TargetResource":null,"TargetUnit":null,"TargetBuilding":null},"Builds":[],"GarrisonedIn":null,"Stance":3,"InterruptCurrent":true,"AttackBack":true,"TargetPriority":"","ActiveOrders":[{"ID":859,"Kind":0}],"Health":50,"MaxHealth":50},{"InternalID":28,"UnitID":13,"Type":2,"Kind":1,"Location":{"Space":{"X":0,"Y":2},"Zone":{"X":0,"Y":0}},"CurrentStamina":8,"CurrentOrder":{"Kind":0,"TargetZone":{"Space":{"X":3,"Y":-1},"Zone":{"X":0,"Y":0}},"TargetSpace":null,"TargetResource":null,"TargetUnit":null,"TargetBuilding":null},"Builds":[],"GarrisonedIn":null,"Stance":3,"InterruptCurrent":true,"AttackBack":true,"TargetPriority":"","ActiveOrders":[{"ID":860,"Kind":0}],"Health":50,"MaxHealth":50},{"InternalID":29,"UnitID":13,"Type":2,"Kind":1,"Location":{"Space":{"X":0,"Y":2},"Zone":{"X":0,"Y":0}},"CurrentStamina":8,"CurrentOrder":{"Kind":0,"TargetZone":{"Space":{"X":3,"Y":-1},"Zone":{"X":0,"Y":0}},"TargetSpace":null,"TargetResource":null,"TargetUnit":null,"TargetBuilding":null},"Builds":[],"GarrisonedIn":null,"Stance":3,"InterruptCurrent":true,"AttackBack":true,"TargetPriority":"","ActiveOrders":[{"ID":861,"Kind":0}],"Health":50,"MaxHealth":50},{"InternalID":30,"UnitID":13,"Type":2,"Kind":1,"Location":{"Space":{"X":0,"Y":2},"Zone":{"X":0,"Y":0}},"CurrentStamina":8,"CurrentOrder":{"Kind":0,"TargetZone":{"Space":{"X":3,"Y":-1},"Zone":{"X":0,"Y":0}},"TargetSpace":null,"TargetResource":null,"TargetUnit":null,"TargetBuilding":null},"Builds":[],"GarrisonedIn":null,"Stance":3,"InterruptCurrent":true,"AttackBack":true,"TargetPriority":"","ActiveOrders":[{"ID":862,"Kind":0}],"Health":50,"MaxHealth":50}]}
2026/09/30 21:20:37 ai ai-0: submitting orders []
2026/09/30 21:20:37 ai ai-0: vars {"B":0,"Hv":5,"Pi":0,"aPowLocal":0,"aThreat":0,"a_engaged":0,"a_odds":1.3,"a_outnumbered":0,"army_target":50,"army_value":900,"assault":0,"bank_rate":28,"bar_barracks":0.17072129748186085,"bar_redoubt":1.1111111111111112,"barracks":0,"barracks_B":0,"barracks_P":0,"barracks_save":0,"barracks_spend":78.1,"barracks_want":0,"buffer_food":70,"buffer_gold":0,"buffer_stone":0,"buffer_wood":70,"builders":0,"committed":0,"eB":11.09999999999999,"eGrowth":0,"eH":3.9000000000000012,"eMil":19.999999999999996,"eP":5.000000000000002,"ePow":36.7,"ePowEst":42.296231409305705,"ePowSeen":42.296231409305705,"eTech":1,"eV":0,"es":20.999999999999996,"farm_want":0,"farm_wood_short":0,"farming":0,"fire_barracks":0,"fire_farm0":0,"fire_farm1":0,"fire_farm2":0,"fire_house":0,"fire_outpost":0,"fire_redoubt":0,"fire_smith":0,"fire_vc":0,"food_need":0,"food_over":0,"food_rate":0,"food_slots":1000,"food_workers":0,"free_room":45,"go":0,"gold_income":2,"gold_need":0,"gold_rate":0,"gold_surplus":132,"guaranteed":0,"guard_home":0,"headroom":-5,"hire_B":7107.692307692308,"hire_P":11169.23076923077,"homePow":0,"house_builders":0,"house_urgency":0,"house_want":0,"income_proj":0,"left":0,"lf_food":0,"lf_gold":0,"lf_stone":0,"lf_wood":0,"lump_food":0,"lump_gold":0,"lump_stone":0,"lump_wood":0,"maturity":0,"mil":5,"myTech":1,"n_barracks":0,"n_redoubts":0,"needB":34.97705562442392,"needP":10.022944375576078,"outpost_want":0,"pikes":0,"planned_food":0,"planned_gold":0,"planned_stone":0,"planned_wood":0,"prod_rate":0,"proj_army":900,"raid_danger":0,"raid_fails":1,"raid_lost":0,"raid_pause":14,"raid_prev":0,"raid_size":0,"raid_wiped":0,"rate":6,"redoubt_H":0,"redoubt_gold_ok":0.7200000000000001,"redoubt_save":0,"redoubt_spend":30,"redoubt_want":0,"redoubts":0,"rf_food":0,"rf_gold":0,"rf_stone":0,"rf_wood":0,"sB4":1.4793707965680971,"sP4":0.4239250828906193,"scale_l":0,"scale_r":0,"shareH":0.5018283501828349,"smith_want":0,"smiths":0,"spare":0,"spare_food":0.5,"stone_need":0,"stone_rate":0,"tH":50,"target_spend":400,"tech_food":50,"tech_gold":0,"tech_stone":0,"tech_wood":50,"threat_home":0,"turns_left":-50,"u_barracks":0.1786018718934779,"u_redoubt":0.4683731268373126,"unit_spend":120,"vB":1.102857142857143,"vH":1.110952380952381,"vP":0.8069047619047617,"vc_want":0,"vcs":0,"vil_goal":50,"vil_rate":0,"vil_stamina":8,"vil_want":0,"vil_want_last":0,"vil_worth_now":0.6,"vils":0,"w_food":0,"w_gold":0,"w_stone":0,"w_wood":0,"wild_workers":0,"wood_need":0,"wood_rate":0,"workers":0}
2026/09/30 21:20:37 player action: submit-orders 0 1 map[orders:[]]
2026/09/30 21:20:37 Executing submit orders for: 0 []
2026/09/30 21:20:37 Resolving active orders
2026/09/30 21:20:37 Moving unit 27 Heavy Infantry to zone(1, -1) in space (0, 2) tick=1
2026/09/30 21:20:37 Moving unit 29 Heavy Infantry to zone(1, -1) in space (0, 2) tick=1
2026/09/30 21:20:37 Moving unit 30 Heavy Infantry to zone(1, -1) in space (0, 2) tick=1
2026/09/30 21:20:37 Moving unit 26 Heavy Infantry to zone(1, -1) in space (0, 2) tick=1
2026/09/30 21:20:37 Moving unit 28 Heavy Infantry to zone(1, -1) in space (0, 2) tick=1
2026/09/30 21:20:37 Moving unit 33 Blunt Infantry to zone(0, 1) in space (4, -2) tick=1
2026/09/30 21:20:37 state_hash turn=21 tick=1 hash=3b0c994d5a0642a5
2026/09/30 21:20:37 Moving unit 29 Heavy Infantry to zone(-1, 1) in space (1, 1) tick=2
2026/09/30 21:20:37 Moving unit 30 Heavy Infantry to zone(-1, 1) in space (1, 1) tick=2
2026/09/30 21:20:37 Moving unit 26 Heavy Infantry to zone(-1, 1) in space (1, 1) tick=2
2026/09/30 21:20:37 Moving unit 28 Heavy Infantry to zone(-1, 1) in space (1, 1) tick=2
2026/09/30 21:20:37 Moving unit 27 Heavy Infantry to zone(-1, 1) in space (1, 1) tick=2
2026/09/30 21:20:37 Moving unit 33 Blunt Infantry to zone(0, -1) in space (4, -1) tick=2
2026/09/30 21:20:37 state_hash turn=21 tick=2 hash=9bd07664b04b7627
2026/09/30 21:20:37 Moving unit 29 Heavy Infantry to zone(0, 0) in space (1, 1) tick=3
2026/09/30 21:20:37 Moving unit 30 Heavy Infantry to zone(0, 0) in space (1, 1) tick=3
2026/09/30 21:20:37 Moving unit 26 Heavy Infantry to zone(0, 0) in space (1, 1) tick=3
2026/09/30 21:20:37 Moving unit 28 Heavy Infantry to zone(0, 0) in space (1, 1) tick=3
2026/09/30 21:20:37 Moving unit 27 Heavy Infantry to zone(0, 0) in space (1, 1) tick=3
2026/09/30 21:20:37 Moving unit 33 Blunt Infantry to zone(0, 0) in space (4, -1) tick=3
2026/09/30 21:20:37 state_hash turn=21 tick=3 hash=cfa7ee67ce78f8c5
2026/09/30 21:20:37 Moving unit 33 Blunt Infantry to zone(0, 1) in space (4, -1) tick=4
2026/09/30 21:20:37 state_hash turn=21 tick=4 hash=1a80b88615ac76d3
2026/09/30 21:20:37 Moving unit 33 Blunt Infantry to zone(0, -1) in space (4, 0) tick=5
2026/09/30 21:20:37 state_hash turn=21 tick=5 hash=be64b22a7556a5d6
2026/09/30 21:20:37 Moving unit 33 Blunt Infantry to zone(0, 0) in space (4, 0) tick=6
2026/09/30 21:20:37 state_hash turn=21 tick=6 hash=3c3e2e26a737786d
2026/09/30 21:20:37 state_hash turn=21 tick=end hash=3d3c4de840dec882
2026/09/30 21:20:37 ai ai-0: new turn data {"buildings":[],"enemy_buildings":[],"enemy_units":[],"foundations":[],"population":{"current":5,"limit":0},"resources":{"food":200,"gold":134,"stone":100,"wood":200},"spaces":[{"Space":{"X":0,"Y":-4},"Vision":1,"Owner":-1},{"Space":{"X":1,"Y":-4},"Vision":1,"Owner":-1},{"Space":{"X":2,"Y":-4},"Vision":1,"Owner":-1},{"Space":{"X":3,"Y":-4},"Vision":1,"Owner":-1},{"Space":{"X":4,"Y":-4},"Vision":1,"Owner":-1},{"Space":{"X":-1,"Y":-3},"Vision":1,"Owner":-1},{"Space":{"X":0,"Y":-3},"Vision":1,"Owner":-1},{"Space":{"X":1,"Y":-3},"Vision":1,"Owner":-1},{"Space":{"X":2,"Y":-3},"Vision":1,"Owner":-1},{"Space":{"X":3,"Y":-3},"Vision":1,"Owner":-1},{"Space":{"X":4,"Y":-3},"Vision":1,"Owner":-1},{"Space":{"X":-2,"Y":-2},"Vision":1,"Owner":-1},{"Space":{"X":-1,"Y":-2},"Vision":1,"Owner":-1},{"Space":{"X":0,"Y":-2},"Vision":1,"Owner":-1},{"Space":{"X":1,"Y":-2},"Vision":1,"Owner":-1},{"Space":{"X":2,"Y":-2},"Vision":1,"Owner":-1},{"Space":{"X":3,"Y":-2},"Vision":1,"Owner":-1},{"Space":{"X":4,"Y":-2},"Vision":0,"Owner":-1},{"Space":{"X":-3,"Y":-1},"Vision":1,"Owner":-1},{"Space":{"X":-2,"Y":-1},"Vision":1,"Owner":-1},{"Space":{"X":-1,"Y":-1},"Vision":1,"Owner":-1},{"Space":{"X":0,"Y":-1},"Vision":1,"Owner":-1},{"Space":{"X":1,"Y":-1},"Vision":1,"Owner":-1},{"Space":{"X":2,"Y":-1},"Vision":1,"Owner":-1},{"Space":{"X":3,"Y":-1},"Vision":0,"Owner":-1},{"Space":{"X":4,"Y":-1},"Vision":0,"Owner":-1},{"Space":{"X":-4,"Y":0},"Vision":1,"Owner":-1},{"Space":{"X":-3,"Y":0},"Vision":1,"Owner":-1},{"Space":{"X":-2,"Y":0},"Vision":1,"Owner":-1},{"Space":{"X":-1,"Y":0},"Vision":1,"Owner":-1},{"Space":{"X":0,"Y":0},"Vision":1,"Owner":-1},{"Space":{"X":1,"Y":0},"Vision":2,"Owner":-1},{"Space":{"X":2,"Y":0},"Vision":2,"Owner":-1},{"Space":{"X":3,"Y":0},"Vision":1,"Owner":-1},{"Space":{"X":4,"Y":0},"Vision":0,"Owner":-1},{"Space":{"X":-4,"Y":1},"Vision":1,"Owner":-1},{"Space":{"X":-3,"Y":1},"Vision":1,"Owner":-1},{"Space":{"X":-2,"Y":1},"Vision":1,"Owner":-1},{"Space":{"X":-1,"Y":1},"Vision":1,"Owner":-1},{"Space":{"X":0,"Y":1},"Vision":2,"Owner":-1},{"Space":{"X":1,"Y":1},"Vision":3,"Owner":0},{"Space":{"X":2,"Y":1},"Vision":2,"Owner":-1},{"Space":{"X":3,"Y":1},"Vision":1,"Owner":-1},{"Space":{"X":-4,"Y":2},"Vision":1,"Owner":-1},{"Space":{"X":-3,"Y":2},"Vision":1,"Owner":-1},{"Space":{"X":-2,"Y":2},"Vision":1,"Owner":-1},{"Space":{"X":-1,"Y":2},"Vision":1,"Owner":-1},{"Space":{"X":0,"Y":2},"Vision":2,"Owner":-1},{"Space":{"X":1,"Y":2},"Vision":2,"Owner":-1},{"Space":{"X":2,"Y":2},"Vision":1,"Owner":-1},{"Space":{"X":-4,"Y":3},"Vision":1,"Owner":-1},{"Space":{"X":-3,"Y":3},"Vision":1,"Owner":-1},{"Space":{"X":-2,"Y":3},"Vision":1,"Owner":-1},{"Space":{"X":-1,"Y":3},"Vision":1,"Owner":-1},{"Space":{"X":0,"Y":3},"Vision":1,"Owner":-1},{"Space":{"X":1,"Y":3},"Vision":1,"Owner":-1},{"Space":{"X":-4,"Y":4},"Vision":1,"Owner":-1},{"Space":{"X":-3,"Y":4},"Vision":1,"Owner":-1},{"Space":{"X":-2,"Y":4},"Vision":1,"Owner":-1},{"Space":{"X":-1,"Y":4},"Vision":1,"Owner":-1},{"Space":{"X":0,"Y":4},"Vision":1,"Owner":-1}],"units":[{"InternalID":26,"UnitID":13,"Type":2,"Kind":1,"Location":{"Space":{"X":1,"Y":1},"Zone":{"X":0,"Y":0}},"CurrentStamina":8,"CurrentOrder":{"Kind":0,"TargetZone":{"Space":{"X":3,"Y":-1},"Zone":{"X":0,"Y":0}},"TargetSpace":null,"TargetResource":null,"TargetUnit":null,"TargetBuilding":null},"Builds":[],"GarrisonedIn":null,"Stance":3,"InterruptCurrent":true,"AttackBack":true,"TargetPriority":"","ActiveOrders":[{"ID":858,"Kind":0}],"Health":10.275,"MaxHealth":50},{"InternalID":27,"UnitID":13,"Type":2,"Kind":1,"Location":{"Space":{"X":1,"Y":1},"Zone":{"X":0,"Y":0}},"CurrentStamina":8,"CurrentOrder":{"Kind":0,"TargetZone":{"Space":{"X":3,"Y":-1},"Zone":{"X":0,"Y":0}},"TargetSpace":null,"TargetResource":null,"TargetUnit":null,"TargetBuilding":null},"Builds":[],"GarrisonedIn":null,"Stance":3,"InterruptCurrent":true,"AttackBack":true,"TargetPriority":"","ActiveOrders":[{"ID":859,"Kind":0}],"Health":50,"MaxHealth":50},{"InternalID":28,"UnitID":13,"Type":2,"Kind":1,"Location":{"Space":{"X":1,"Y":1},"Zone":{"X":0,"Y":0}},"CurrentStamina":8,"CurrentOrder":{"Kind":0,"TargetZone":{"Space":{"X":3,"Y":-1},"Zone":{"X":0,"Y":0}},"TargetSpace":null,"TargetResource":null,"TargetUnit":null,"TargetBuilding":null},"Builds":[],"GarrisonedIn":null,"Stance":3,"InterruptCurrent":true,"AttackBack":true,"TargetPriority":"","ActiveOrders":[{"ID":860,"Kind":0}],"Health":50,"MaxHealth":50},{"InternalID":29,"UnitID":13,"Type":2,"Kind":1,"Location":{"Space":{"X":1,"Y":1},"Zone":{"X":0,"Y":0}},"CurrentStamina":8,"CurrentOrder":{"Kind":0,"TargetZone":{"Space":{"X":3,"Y":-1},"Zone":{"X":0,"Y":0}},"TargetSpace":null,"TargetResource":null,"TargetUnit":null,"TargetBuilding":null},"Builds":[],"GarrisonedIn":null,"Stance":3,"InterruptCurrent":true,"AttackBack":true,"TargetPriority":"","ActiveOrders":[{"ID":861,"Kind":0}],"Health":50,"MaxHealth":50},{"InternalID":30,"UnitID":13,"Type":2,"Kind":1,"Location":{"Space":{"X":1,"Y":1},"Zone":{"X":0,"Y":0}},"CurrentStamina":8,"CurrentOrder":{"Kind":0,"TargetZone":{"Space":{"X":3,"Y":-1},"Zone":{"X":0,"Y":0}},"TargetSpace":null,"TargetResource":null,"TargetUnit":null,"TargetBuilding":null},"Builds":[],"GarrisonedIn":null,"Stance":3,"InterruptCurrent":true,"AttackBack":true,"TargetPriority":"","ActiveOrders":[{"ID":862,"Kind":0}],"Health":50,"MaxHealth":50}]}
2026/09/30 21:20:37 ai ai-1: new turn data {"buildings":[],"enemy_buildings":[],"enemy_units":[],"foundations":[],"population":{"current":1,"limit":0},"resources":{"food":200,"gold":52,"stone":100,"wood":200},"spaces":[{"Space":{"X":0,"Y":-4},"Vision":1,"Owner":-1},{"Space":{"X":1,"Y":-4},"Vision":1,"Owner":-1},{"Space":{"X":2,"Y":-4},"Vision":1,"Owner":-1},{"Space":{"X":3,"Y":-4},"Vision":1,"Owner":-1},{"Space":{"X":4,"Y":-4},"Vision":1,"Owner":-1},{"Space":{"X":-1,"Y":-3},"Vision":1,"Owner":-1},{"Space":{"X":0,"Y":-3},"Vision":1,"Owner":-1},{"Space":{"X":1,"Y":-3},"Vision":1,"Owner":-1},{"Space":{"X":2,"Y":-3},"Vision":1,"Owner":-1},{"Space":{"X":3,"Y":-3},"Vision":1,"Owner":-1},{"Space":{"X":4,"Y":-3},"Vision":1,"Owner":-1},{"Space":{"X":-2,"Y":-2},"Vision":1,"Owner":-1},{"Space":{"X":-1,"Y":-2},"Vision":1,"Owner":-1},{"Space":{"X":0,"Y":-2},"Vision":1,"Owner":-1},{"Space":{"X":1,"Y":-2},"Vision":1,"Owner":-1},{"Space":{"X":2,"Y":-2},"Vision":1,"Owner":-1},{"Space":{"X":3,"Y":-2},"Vision":1,"Owner":-1},{"Space":{"X":4,"Y":-2},"Vision":1,"Owner":-1},{"Space":{"X":-3,"Y":-1},"Vision":1,"Owner":-1},{"Space":{"X":-2,"Y":-1},"Vision":1,"Owner":-1},{"Space":{"X":-1,"Y":-1},"Vision":1,"Owner":-1},{"Space":{"X":0,"Y":-1},"Vision":1,"Owner":-1},{"Space":{"X":1,"Y":-1},"Vision":1,"Owner":-1},{"Space":{"X":2,"Y":-1},"Vision":1,"Owner":-1},{"Space":{"X":3,"Y":-1},"Vision":1,"Owner":-1},{"Space":{"X":4,"Y":-1},"Vision":2,"Owner":-1},{"Space":{"X":-4,"Y":0},"Vision":1,"Owner":-1},{"Space":{"X":-3,"Y":0},"Vision":1,"Owner":-1},{"Space":{"X":-2,"Y":0},"Vision":1,"Owner":-1},{"Space":{"X":-1,"Y":0},"Vision":1,"Owner":-1},{"Space":{"X":0,"Y":0},"Vision":1,"Owner":-1},{"Space":{"X":1,"Y":0},"Vision":1,"Owner":-1},{"Space":{"X":2,"Y":0},"Vision":1,"Owner":-1},{"Space":{"X":3,"Y":0},"Vision":2,"Owner":-1},{"Space":{"X":4,"Y":0},"Vision":3,"Owner":1},{"Space":{"X":-4,"Y":1},"Vision":1,"Owner":-1},{"Space":{"X":-3,"Y":1},"Vision":1,"Owner":-1},{"Space":{"X":-2,"Y":1},"Vision":1,"Owner":0},{"Space":{"X":-1,"Y":1},"Vision":1,"Owner":-1},{"Space":{"X":0,"Y":1},"Vision":1,"Owner":-1},{"Space":{"X":1,"Y":1},"Vision":1,"Owner":0},{"Space":{"X":2,"Y":1},"Vision":1,"Owner":0},{"Space":{"X":3,"Y":1},"Vision":2,"Owner":-1},{"Space":{"X":-4,"Y":2},"Vision":1,"Owner":0},{"Space":{"X":-3,"Y":2},"Vision":1,"Owner":-1},{"Space":{"X":-2,"Y":2},"Vision":1,"Owner":0},{"Space":{"X":-1,"Y":2},"Vision":1,"Owner":0},{"Space":{"X":0,"Y":2},"Vision":1,"Owner":-1},{"Space":{"X":1,"Y":2},"Vision":1,"Owner":-1},{"Space":{"X":2,"Y":2},"Vision":1,"Owner":-1},{"Space":{"X":-4,"Y":3},"Vision":1,"Owner":0},{"Space":{"X":-3,"Y":3},"Vision":1,"Owner":-1},{"Space":{"X":-2,"Y":3},"Vision":1,"Owner":0},{"Space":{"X":-1,"Y":3},"Vision":1,"Owner":-1},{"Space":{"X":0,"Y":3},"Vision":1,"Owner":0},{"Space":{"X":1,"Y":3},"Vision":1,"Owner":-1},{"Space":{"X":-4,"Y":4},"Vision":1,"Owner":-1},{"Space":{"X":-3,"Y":4},"Vision":1,"Owner":-1},{"Space":{"X":-2,"Y":4},"Vision":1,"Owner":-1},{"Space":{"X":-1,"Y":4},"Vision":1,"Owner":-1},{"Space":{"X":0,"Y":4},"Vision":1,"Owner":-1}],"units":[{"InternalID":33,"UnitID":11,"Type":2,"Kind":1,"Location":{"Space":{"X":4,"Y":0},"Zone":{"X":0,"Y":0}},"CurrentStamina":16,"CurrentOrder":null,"Builds":[],"GarrisonedIn":null,"Stance":3,"InterruptCurrent":false,"AttackBack":true,"TargetPriority":"","ActiveOrders":null,"Health":11,"MaxHealth":11}]}
2026/09/30 21:20:37 ai ai-1: submitting orders []
2026/09/30 21:20:37 ai ai-1: vars {}
2026/09/30 21:20:37 player action: submit-orders 0 2 map[orders:[]]
2026/09/30 21:20:37 Executing submit orders for: 1 []
2026/09/30 21:20:37 ai ai-0: submitting orders []
2026/09/30 21:20:37 ai ai-0: vars {"B":0,"Hv":5,"Pi":0,"aPowLocal":0,"aThreat":0,"a_engaged":0,"a_odds":1.3,"a_outnumbered":0,"army_target":50,"army_value":900,"assault":0,"bank_rate":28,"bar_barracks":0.17072129748186085,"bar_redoubt":1.1111111111111112,"barracks":0,"barracks_B":0,"barracks_P":0,"barracks_save":0,"barracks_spend":78.1,"barracks_want":0,"buffer_food":70,"buffer_gold":0,"buffer_stone":0,"buffer_wood":70,"builders":0,"committed":0,"eB":10.79999999999999,"eGrowth":0,"eH":3.6000000000000014,"eMil":19.099999999999994,"eP":4.700000000000002,"ePow":34.6,"ePowEst":41.450306781119586,"ePowSeen":41.450306781119586,"eTech":1,"eV":0,"es":20.099999999999994,"farm_want":0,"farm_wood_short":0,"farming":0,"fire_barracks":0,"fire_farm0":0,"fire_farm1":0,"fire_farm2":0,"fire_house":0,"fire_outpost":0,"fire_redoubt":0,"fire_smith":0,"fire_vc":0,"food_need":0,"food_over":0,"food_rate":0,"food_slots":1000,"food_workers":0,"free_room":45,"go":0,"gold_income":2,"gold_need":0,"gold_rate":0,"gold_surplus":134,"guaranteed":0,"guard_home":0,"headroom":-5,"hire_B":7215.384615384615,"hire_P":11338.461538461539,"homePow":0,"house_builders":0,"house_urgency":0,"house_want":0,"income_proj":0,"left":0,"lf_food":0,"lf_gold":0,"lf_stone":0,"lf_wood":0,"lump_food":0,"lump_gold":0,"lump_stone":0,"lump_wood":0,"maturity":0,"mil":5,"myTech":1,"n_barracks":0,"n_redoubts":0,"needB":35.30338227325804,"needP":9.696617726741962,"outpost_want":0,"pikes":0,"planned_food":0,"planned_gold":0,"planned_stone":0,"planned_wood":0,"prod_rate":0,"proj_army":900,"raid_danger":0,"raid_fails":1,"raid_lost":0,"raid_pause":13,"raid_prev":0,"raid_size":0,"raid_wiped":0,"rate":6,"redoubt_H":0,"redoubt_gold_ok":0.7288888888888889,"redoubt_save":0,"redoubt_spend":30,"redoubt_want":0,"redoubts":0,"rf_food":0,"rf_gold":0,"rf_stone":0,"rf_wood":0,"sB4":1.5287127233517184,"sP4":0.4198844965508246,"scale_l":0,"scale_r":0,"shareH":0.5005586592178771,"smith_want":0,"smiths":0,"spare":0,"spare_food":0.5,"stone_need":0,"stone_rate":0,"tH":50,"target_spend":400,"tech_food":50,"tech_gold":0,"tech_stone":0,"tech_wood":50,"threat_home":0,"turns_left":-50,"u_barracks":0.17905707480024893,"u_redoubt":0.4671880819366853,"unit_spend":120,"vB":1.1119402985074627,"vH":1.1144278606965172,"vP":0.8049751243781094,"vc_want":0,"vcs":0,"vil_goal":50,"vil_rate":0,"vil_stamina":8,"vil_want":0,"vil_want_last":0,"vil_worth_now":0.6,"vils":0,"w_food":0,"w_gold":0,"w_stone":0,"w_wood":0,"wild_workers":0,"wood_need":0,"wood_rate":0,"workers":0}
2026/09/30 21:20:37 player action: submit-orders 0 1 map[orders:[]]
2026/09/30 21:20:37 Executing submit orders for: 0 []
2026/09/30 21:20:37 Resolving active orders
2026/09/30 21:20:37 Moving unit 29 Heavy Infantry to zone(1, -1) in space (1, 1) tick=1
2026/09/30 21:20:37 Moving unit 30 Heavy Infantry to zone(1, -1) in space (1, 1) tick=1
2026/09/30 21:20:37 Moving unit 26 Heavy Infantry to zone(1, -1) in space (1, 1) tick=1
2026/09/30 21:20:37 Moving unit 28 Heavy Infantry to zone(1, -1) in space (1, 1) tick=1
2026/09/30 21:20:37 Moving unit 27 Heavy Infantry to zone(1, -1) in space (1, 1) tick=1
2026/09/30 21:20:37 state_hash turn=22 tick=1 hash=14ab3fd87f0efbc7
2026/09/30 21:20:37 Moving unit 30 Heavy Infantry to zone(-1, 1) in space (2, 0) tick=2
2026/09/30 21:20:37 Moving unit 26 Heavy Infantry to zone(-1, 1) in space (2, 0) tick=2
2026/09/30 21:20:37 Moving unit 28 Heavy Infantry to zone(-1, 1) in space (2, 0) tick=2
2026/09/30 21:20:37 Moving unit 27 Heavy Infantry to zone(-1, 1) in space (2, 0) tick=2
2026/09/30 21:20:37 Moving unit 29 Heavy Infantry to zone(-1, 1) in space (2, 0) tick=2
2026/09/30 21:20:37 state_hash turn=22 tick=2 hash=18f7d8023b70c1d1
2026/09/30 21:20:37 Moving unit 30 Heavy Infantry to zone(0, 0) in space (2, 0) tick=3
2026/09/30 21:20:37 Moving unit 26 Heavy Infantry to zone(0, 0) in space (2, 0) tick=3
2026/09/30 21:20:37 Moving unit 28 Heavy Infantry to zone(0, 0) in space (2, 0) tick=3
2026/09/30 21:20:37 Moving unit 27 Heavy Infantry to zone(0, 0) in space (2, 0) tick=3
2026/09/30 21:20:37 Moving unit 29 Heavy Infantry to zone(0, 0) in space (2, 0) tick=3
2026/09/30 21:20:37 state_hash turn=22 tick=3 hash=512a689e18502181
2026/09/30 21:20:37 state_hash turn=22 tick=end hash=36f5149d6849b443
2026/09/30 21:20:37 ai ai-0: new turn data {"buildings":[],"enemy_buildings":[],"enemy_units":[],"foundations":[],"population":{"current":5,"limit":0},"resources":{"food":200,"gold":136,"stone":100,"wood":200},"spaces":[{"Space":{"X":0,"Y":-4},"Vision":1,"Owner":-1},{"Space":{"X":1,"Y":-4},"Vision":1,"Owner":-1},{"Space":{"X":2,"Y":-4},"Vision":1,"Owner":-1},{"Space":{"X":3,"Y":-4},"Vision":1,"Owner":-1},{"Space":{"X":4,"Y":-4},"Vision":1,"Owner":-1},{"Space":{"X":-1,"Y":-3},"Vision":1,"Owner":-1},{"Space":{"X":0,"Y":-3},"Vision":1,"Owner":-1},{"Space":{"X":1,"Y":-3},"Vision":1,"Owner":-1},{"Space":{"X":2,"Y":-3},"Vision":1,"Owner":-1},{"Space":{"X":3,"Y":-3},"Vision":1,"Owner":-1},{"Space":{"X":4,"Y":-3},"Vision":1,"Owner":-1},{"Space":{"X":-2,"Y":-2},"Vision":1,"Owner":-1},{"Space":{"X":-1,"Y":-2},"Vision":1,"Owner":-1},{"Space":{"X":0,"Y":-2},"Vision":1,"Owner":-1},{"Space":{"X":1,"Y":-2},"Vision":1,"Owner":-1},{"Space":{"X":2,"Y":-2},"Vision":1,"Owner":-1},{"Space":{"X":3,"Y":-2},"Vision":1,"Owner":-1},{"Space":{"X":4,"Y":-2},"Vision":0,"Owner":-1},{"Space":{"X":-3,"Y":-1},"Vision":1,"Owner":-1},{"Space":{"X":-2,"Y":-1},"Vision":1,"Owner":-1},{"Space":{"X":-1,"Y":-1},"Vision":1,"Owner":-1},{"Space":{"X":0,"Y":-1},"Vision":1,"Owner":-1},{"Space":{"X":1,"Y":-1},"Vision":1,"Owner":-1},{"Space":{"X":2,"Y":-1},"Vision":2,"Owner":-1},{"Space":{"X":3,"Y":-1},"Vision":2,"Owner":-1},{"Space":{"X":4,"Y":-1},"Vision":0,"Owner":-1},{"Space":{"X":-4,"Y":0},"Vision":1,"Owner":-1},{"Space":{"X":-3,"Y":0},"Vision":1,"Owner":-1},{"Space":{"X":-2,"Y":0},"Vision":1,"Owner":-1},{"Space":{"X":-1,"Y":0},"Vision":1,"Owner":-1},{"Space":{"X":0,"Y":0},"Vision":1,"Owner":-1},{"Space":{"X":1,"Y":0},"Vision":2,"Owner":-1},{"Space":{"X":2,"Y":0},"Vision":3,"Owner":0},{"Space":{"X":3,"Y":0},"Vision":2,"Owner":-1},{"Space":{"X":4,"Y":0},"Vision":0,"Owner":-1},{"Space":{"X":-4,"Y":1},"Vision":1,"Owner":-1},{"Space":{"X":-3,"Y":1},"Vision":1,"Owner":-1},{"Space":{"X":-2,"Y":1},"Vision":1,"Owner":-1},{"Space":{"X":-1,"Y":1},"Vision":1,"Owner":-1},{"Space":{"X":0,"Y":1},"Vision":1,"Owner":-1},{"Space":{"X":1,"Y":1},"Vision":2,"Owner":-1},{"Space":{"X":2,"Y":1},"Vision":2,"Owner":-1},{"Space":{"X":3,"Y":1},"Vision":1,"Owner":-1},{"Space":{"X":-4,"Y":2},"Vision":1,"Owner":-1},{"Space":{"X":-3,"Y":2},"Vision":1,"Owner":-1},{"Space":{"X":-2,"Y":2},"Vision":1,"Owner":-1},{"Space":{"X":-1,"Y":2},"Vision":1,"Owner":-1},{"Space":{"X":0,"Y":2},"Vision":1,"Owner":-1},{"Space":{"X":1,"Y":2},"Vision":1,"Owner":-1},{"Space":{"X":2,"Y":2},"Vision":1,"Owner":-1},{"Space":{"X":-4,"Y":3},"Vision":1,"Owner":-1},{"Space":{"X":-3,"Y":3},"Vision":1,"Owner":-1},{"Space":{"X":-2,"Y":3},"Vision":1,"Owner":-1},{"Space":{"X":-1,"Y":3},"Vision":1,"Owner":-1},{"Space":{"X":0,"Y":3},"Vision":1,"Owner":-1},{"Space":{"X":1,"Y":3},"Vision":1,"Owner":-1},{"Space":{"X":-4,"Y":4},"Vision":1,"Owner":-1},{"Space":{"X":-3,"Y":4},"Vision":1,"Owner":-1},{"Space":{"X":-2,"Y":4},"Vision":1,"Owner":-1},{"Space":{"X":-1,"Y":4},"Vision":1,"Owner":-1},{"Space":{"X":0,"Y":4},"Vision":1,"Owner":-1}],"units":[{"InternalID":26,"UnitID":13,"Type":2,"Kind":1,"Location":{"Space":{"X":2,"Y":0},"Zone":{"X":0,"Y":0}},"CurrentStamina":8,"CurrentOrder":{"Kind":0,"TargetZone":{"Space":{"X":3,"Y":-1},"Zone":{"X":0,"Y":0}},"TargetSpace":null,"TargetResource":null,"TargetUnit":null,"TargetBuilding":null},"Builds":[],"GarrisonedIn":null,"Stance":3,"InterruptCurrent":true,"AttackBack":true,"TargetPriority":"","ActiveOrders":[{"ID":858,"Kind":0}],"Health":10.275,"MaxHealth":50},{"InternalID":27,"UnitID":13,"Type":2,"Kind":1,"Location":{"Space":{"X":2,"Y":0},"Zone":{"X":0,"Y":0}},"CurrentStamina":8,"CurrentOrder":{"Kind":0,"TargetZone":{"Space":{"X":3,"Y":-1},"Zone":{"X":0,"Y":0}},"TargetSpace":null,"TargetResource":null,"TargetUnit":null,"TargetBuilding":null},"Builds":[],"GarrisonedIn":null,"Stance":3,"InterruptCurrent":true,"AttackBack":true,"TargetPriority":"","ActiveOrders":[{"ID":859,"Kind":0}],"Health":50,"MaxHealth":50},{"InternalID":28,"UnitID":13,"Type":2,"Kind":1,"Location":{"Space":{"X":2,"Y":0},"Zone":{"X":0,"Y":0}},"CurrentStamina":8,"CurrentOrder":{"Kind":0,"TargetZone":{"Space":{"X":3,"Y":-1},"Zone":{"X":0,"Y":0}},"TargetSpace":null,"TargetResource":null,"TargetUnit":null,"TargetBuilding":null},"Builds":[],"GarrisonedIn":null,"Stance":3,"InterruptCurrent":true,"AttackBack":true,"TargetPriority":"","ActiveOrders":[{"ID":860,"Kind":0}],"Health":50,"MaxHealth":50},{"InternalID":29,"UnitID":13,"Type":2,"Kind":1,"Location":{"Space":{"X":2,"Y":0},"Zone":{"X":0,"Y":0}},"CurrentStamina":8,"CurrentOrder":{"Kind":0,"TargetZone":{"Space":{"X":3,"Y":-1},"Zone":{"X":0,"Y":0}},"TargetSpace":null,"TargetResource":null,"TargetUnit":null,"TargetBuilding":null},"Builds":[],"GarrisonedIn":null,"Stance":3,"InterruptCurrent":true,"AttackBack":true,"TargetPriority":"","ActiveOrders":[{"ID":861,"Kind":0}],"Health":50,"MaxHealth":50},{"InternalID":30,"UnitID":13,"Type":2,"Kind":1,"Location":{"Space":{"X":2,"Y":0},"Zone":{"X":0,"Y":0}},"CurrentStamina":8,"CurrentOrder":{"Kind":0,"TargetZone":{"Space":{"X":3,"Y":-1},"Zone":{"X":0,"Y":0}},"TargetSpace":null,"TargetResource":null,"TargetUnit":null,"TargetBuilding":null},"Builds":[],"GarrisonedIn":null,"Stance":3,"InterruptCurrent":true,"AttackBack":true,"TargetPriority":"","ActiveOrders":[{"ID":862,"Kind":0}],"Health":50,"MaxHealth":50}]}
2026/09/30 21:20:37 ai ai-1: new turn data {"buildings":[],"enemy_buildings":[],"enemy_units":[],"foundations":[],"population":{"current":1,"limit":0},"resources":{"food":200,"gold":54,"stone":100,"wood":200},"spaces":[{"Space":{"X":0,"Y":-4},"Vision":1,"Owner":-1},{"Space":{"X":1,"Y":-4},"Vision":1,"Owner":-1},{"Space":{"X":2,"Y":-4},"Vision":1,"Owner":-1},{"Space":{"X":3,"Y":-4},"Vision":1,"Owner":-1},{"Space":{"X":4,"Y":-4},"Vision":1,"Owner":-1},{"Space":{"X":-1,"Y":-3},"Vision":1,"Owner":-1},{"Space":{"X":0,"Y":-3},"Vision":1,"Owner":-1},{"Space":{"X":1,"Y":-3},"Vision":1,"Owner":-1},{"Space":{"X":2,"Y":-3},"Vision":1,"Owner":-1},{"Space":{"X":3,"Y":-3},"Vision":1,"Owner":-1},{"Space":{"X":4,"Y":-3},"Vision":1,"Owner":-1},{"Space":{"X":-2,"Y":-2},"Vision":1,"Owner":-1},{"Space":{"X":-1,"Y":-2},"Vision":1,"Owner":-1},{"Space":{"X":0,"Y":-2},"Vision":1,"Owner":-1},{"Space":{"X":1,"Y":-2},"Vision":1,"Owner":-1},{"Space":{"X":2,"Y":-2},"Vision":1,"Owner":-1},{"Space":{"X":3,"Y":-2},"Vision":1,"Owner":-1},{"Space":{"X":4,"Y":-2},"Vision":1,"Owner":-1},{"Space":{"X":-3,"Y":-1},"Vision":1,"Owner":-1},{"Space":{"X":-2,"Y":-1},"Vision":1,"Owner":-1},{"Space":{"X":-1,"Y":-1},"Vision":1,"Owner":-1},{"Space":{"X":0,"Y":-1},"Vision":1,"Owner":-1},{"Space":{"X":1,"Y":-1},"Vision":1,"Owner":-1},{"Space":{"X":2,"Y":-1},"Vision":1,"Owner":-1},{"Space":{"X":3,"Y":-1},"Vision":1,"Owner":-1},{"Space":{"X":4,"Y":-1},"Vision":2,"Owner":-1},{"Space":{"X":-4,"Y":0},"Vision":1,"Owner":-1},{"Space":{"X":-3,"Y":0},"Vision":1,"Owner":-1},{"Space":{"X":-2,"Y":0},"Vision":1,"Owner":-1},{"Space":{"X":-1,"Y":0},"Vision":1,"Owner":-1},{"Space":{"X":0,"Y":0},"Vision":1,"Owner":-1},{"Space":{"X":1,"Y":0},"Vision":1,"Owner":-1},{"Space":{"X":2,"Y":0},"Vision":1,"Owner":-1},{"Space":{"X":3,"Y":0},"Vision":2,"Owner":-1},{"Space":{"X":4,"Y":0},"Vision":3,"Owner":1},{"Space":{"X":-4,"Y":1},"Vision":1,"Owner":-1},{"Space":{"X":-3,"Y":1},"Vision":1,"Owner":-1},{"Space":{"X":-2,"Y":1},"Vision":1,"Owner":0},{"Space":{"X":-1,"Y":1},"Vision":1,"Owner":-1},{"Space":{"X":0,"Y":1},"Vision":1,"Owner":-1},{"Space":{"X":1,"Y":1},"Vision":1,"Owner":0},{"Space":{"X":2,"Y":1},"Vision":1,"Owner":0},{"Space":{"X":3,"Y":1},"Vision":2,"Owner":-1},{"Space":{"X":-4,"Y":2},"Vision":1,"Owner":0},{"Space":{"X":-3,"Y":2},"Vision":1,"Owner":-1},{"Space":{"X":-2,"Y":2},"Vision":1,"Owner":0},{"Space":{"X":-1,"Y":2},"Vision":1,"Owner":0},{"Space":{"X":0,"Y":2},"Vision":1,"Owner":-1},{"Space":{"X":1,"Y":2},"Vision":1,"Owner":-1},{"Space":{"X":2,"Y":2},"Vision":1,"Owner":-1},{"Space":{"X":-4,"Y":3},"Vision":1,"Owner":0},{"Space":{"X":-3,"Y":3},"Vision":1,"Owner":-1},{"Space":{"X":-2,"Y":3},"Vision":1,"Owner":0},{"Space":{"X":-1,"Y":3},"Vision":1,"Owner":-1},{"Space":{"X":0,"Y":3},"Vision":1,"Owner":0},{"Space":{"X":1,"Y":3},"Vision":1,"Owner":-1},{"Space":{"X":-4,"Y":4},"Vision":1,"Owner":-1},{"Space":{"X":-3,"Y":4},"Vision":1,"Owner":-1},{"Space":{"X":-2,"Y":4},"Vision":1,"Owner":-1},{"Space":{"X":-1,"Y":4},"Vision":1,"Owner":-1},{"Space":{"X":0,"Y":4},"Vision":1,"Owner":-1}],"units":[{"InternalID":33,"UnitID":11,"Type":2,"Kind":1,"Location":{"Space":{"X":4,"Y":0},"Zone":{"X":0,"Y":0}},"CurrentStamina":23,"CurrentOrder":null,"Builds":[],"GarrisonedIn":null,"Stance":3,"InterruptCurrent":false,"AttackBack":true,"TargetPriority":"","ActiveOrders":null,"Health":11,"MaxHealth":11}]}
2026/09/30 21:20:37 ai ai-1: submitting orders []
2026/09/30 21:20:37 ai ai-1: vars {}
2026/09/30 21:20:37 player action: submit-orders 0 2 map[orders:[]]
2026/09/30 21:20:37 Executing submit orders for: 1 []
2026/09/30 21:20:37 ai ai-0: submitting orders []
2026/09/30 21:20:37 ai ai-0: vars {"B":0,"Hv":5,"Pi":0,"aPowLocal":0,"aThreat":0,"a_engaged":0,"a_odds":1.3,"a_outnumbered":0,"army_target":50,"army_value":900,"assault":0,"bank_rate":28,"bar_barracks":0.17072129748186085,"bar_redoubt":1.1111111111111112,"barracks":0,"barracks_B":0,"barracks_P":0,"barracks_save":0,"barracks_spend":78.1,"barracks_want":0,"buffer_food":70,"buffer_gold":0,"buffer_stone":0,"buffer_wood":70,"builders":0,"committed":0,"eB":10.49999999999999,"eGrowth":0,"eH":3.3000000000000016,"eMil":18.199999999999992,"eP":4.400000000000002,"ePow":32.5,"ePowEst":40.62130064549719,"ePowSeen":40.62130064549719,"eTech":1,"eV":0,"es":19.199999999999992,"farm_want":0,"farm_wood_short":0,"farming":0,"fire_barracks":0,"fire_farm0":0,"fire_farm1":0,"fire_farm2":0,"fire_house":0,"fire_outpost":0,"fire_redoubt":0,"fire_smith":0,"fire_vc":0,"food_need":0,"food_over":0,"food_rate":0,"food_slots":1000,"food_workers":0,"free_room":45,"go":0,"gold_income":2,"gold_need":0,"gold_rate":0,"gold_surplus":136,"guaranteed":0,"guard_home":0,"headroom":-5,"hire_B":7323.076923076923,"hire_P":11507.692307692307,"homePow":0,"house_builders":0,"house_urgency":0,"house_want":0,"income_proj":0,"left":0,"lf_food":0,"lf_gold":0,"lf_stone":0,"lf_wood":0,"lump_food":0,"lump_gold":0,"lump_stone":0,"lump_wood":0,"maturity":0,"mil":5,"myTech":1,"n_barracks":0,"n_redoubts":0,"needB":35.64933064589705,"needP":9.350669354102955,"outpost_want":0,"pikes":0,"planned_food":0,"planned_gold":0,"planned_stone":0,"planned_wood":0,"prod_rate":0,"proj_army":900,"raid_danger":0,"raid_fails":1,"raid_lost":0,"raid_pause":12,"raid_prev":0,"raid_size":0,"raid_wiped":0,"rate":6,"redoubt_H":0,"redoubt_gold_ok":0.7377777777777778,"redoubt_save":0,"redoubt_spend":30,"redoubt_want":0,"redoubts":0,"rf_food":0,"rf_gold":0,"rf_stone":0,"rf_wood":0,"sB4":1.5840828095436095,"sP4":0.415498252370848,"scale_l":0,"scale_r":0,"shareH":0.49918623575912574,"smith_want":0,"smiths":0,"spare":0,"spare_food":0.5,"stone_need":0,"stone_rate":0,"tH":50,"target_spend":400,"tech_food":50,"tech_gold":0,"tech_stone":0,"tech_wood":50,"threat_home":0,"turns_left":-50,"u_barracks":0.17954910881875139,"u_redoubt":0.465907153375184,"unit_spend":120,"vB":1.121875,"vH":1.1182291666666666,"vP":0.8028645833333334,"vc_want":0,"vcs":0,"vil_goal":50,"vil_rate":0,"vil_stamina":8,"vil_want":0,"vil_want_last":0,"vil_worth_now":0.6,"vils":0,"w_food":0,"w_gold":0,"w_stone":0,"w_wood":0,"wild_workers":0,"wood_need":0,"wood_rate":0,"workers":0}
2026/09/30 21:20:37 player action: submit-orders 0 1 map[orders:[]]
2026/09/30 21:20:37 Executing submit orders for: 0 []
2026/09/30 21:20:37 Resolving active orders
2026/09/30 21:20:37 Moving unit 29 Heavy Infantry to zone(1, -1) in space (2, 0) tick=1
2026/09/30 21:20:37 Moving unit 30 Heavy Infantry to zone(1, -1) in space (2, 0) tick=1
2026/09/30 21:20:37 Moving unit 26 Heavy Infantry to zone(1, -1) in space (2, 0) tick=1
2026/09/30 21:20:37 Moving unit 28 Heavy Infantry to zone(1, -1) in space (2, 0) tick=1
2026/09/30 21:20:37 Moving unit 27 Heavy Infantry to zone(1, -1) in space (2, 0) tick=1
2026/09/30 21:20:37 state_hash turn=23 tick=1 hash=a2c27eb262004948
2026/09/30 21:20:37 Moving unit 29 Heavy Infantry to zone(-1, 1) in space (3, -1) tick=2
2026/09/30 21:20:37 Moving unit 30 Heavy Infantry to zone(-1, 1) in space (3, -1) tick=2
2026/09/30 21:20:37 Moving unit 26 Heavy Infantry to zone(-1, 1) in space (3, -1) tick=2
2026/09/30 21:20:37 Moving unit 28 Heavy Infantry to zone(-1, 1) in space (3, -1) tick=2
2026/09/30 21:20:37 Moving unit 27 Heavy Infantry to zone(-1, 1) in space (3, -1) tick=2
2026/09/30 21:20:37 state_hash turn=23 tick=2 hash=b39199004806a878
2026/09/30 21:20:37 Moving unit 29 Heavy Infantry to zone(0, 0) in space (3, -1) tick=3
2026/09/30 21:20:37 Moving unit 30 Heavy Infantry to zone(0, 0) in space (3, -1) tick=3
2026/09/30 21:20:37 Moving unit 26 Heavy Infantry to zone(0, 0) in space (3, -1) tick=3
2026/09/30 21:20:37 Moving unit 28 Heavy Infantry to zone(0, 0) in space (3, -1) tick=3
2026/09/30 21:20:37 Moving unit 27 Heavy Infantry to zone(0, 0) in space (3, -1) tick=3
2026/09/30 21:20:37 state_hash turn=23 tick=3 hash=427057a5759dbfd0
2026/09/30 21:20:37 state_hash turn=23 tick=end hash=678c990672e4bc61
2026/09/30 21:20:37 ai ai-0: new turn data {"buildings":[],"enemy_buildings":[],"enemy_units":[],"foundations":[],"population":{"current":5,"limit":0},"resources":{"food":200,"gold":138,"stone":100,"wood":200},"spaces":[{"Space":{"X":0,"Y":-4},"Vision":1,"Owner":-1},{"Space":{"X":1,"Y":-4},"Vision":1,"Owner":-1},{"Space":{"X":2,"Y":-4},"Vision":1,"Owner":-1},{"Space":{"X":3,"Y":-4},"Vision":1,"Owner":-1},{"Space":{"X":4,"Y":-4},"Vision":1,"Owner":-1},{"Space":{"X":-1,"Y":-3},"Vision":1,"Owner":-1},{"Space":{"X":0,"Y":-3},"Vision":1,"Owner":-1},{"Space":{"X":1,"Y":-3},"Vision":1,"Owner":-1},{"Space":{"X":2,"Y":-3},"Vision":1,"Owner":-1},{"Space":{"X":3,"Y":-3},"Vision":1,"Owner":-1},{"Space":{"X":4,"Y":-3},"Vision":1,"Owner":-1},{"Space":{"X":-2,"Y":-2},"Vision":1,"Owner":-1},{"Space":{"X":-1,"Y":-2},"Vision":1,"Owner":-1},{"Space":{"X":0,"Y":-2},"Vision":1,"Owner":-1},{"Space":{"X":1,"Y":-2},"Vision":1,"Owner":-1},{"Space":{"X":2,"Y":-2},"Vision":1,"Owner":-1},{"Space":{"X":3,"Y":-2},"Vision":2,"Owner":-1},{"Space":{"X":4,"Y":-2},"Vision":2,"Owner":-1},{"Space":{"X":-3,"Y":-1},"Vision":1,"Owner":-1},{"Space":{"X":-2,"Y":-1},"Vision":1,"Owner":-1},{"Space":{"X":-1,"Y":-1},"Vision":1,"Owner":-1},{"Space":{"X":0,"Y":-1},"Vision":1,"Owner":-1},{"Space":{"X":1,"Y":-1},"Vision":1,"Owner":-1},{"Space":{"X":2,"Y":-1},"Vision":2,"Owner":-1},{"Space":{"X":3,"Y":-1},"Vision":3,"Owner":0},{"Space":{"X":4,"Y":-1},"Vision":2,"Owner":-1},{"Space":{"X":-4,"Y":0},"Vision":1,"Owner":-1},{"Space":{"X":-3,"Y":0},"Vision":1,"Owner":-1},{"Space":{"X":-2,"Y":0},"Vision":1,"Owner":-1},{"Space":{"X":-1,"Y":0},"Vision":1,"Owner":-1},{"Space":{"X":0,"Y":0},"Vision":1,"Owner":-1},{"Space":{"X":1,"Y":0},"Vision":1,"Owner":-1},{"Space":{"X":2,"Y":0},"Vision":2,"Owner":-1},{"Space":{"X":3,"Y":0},"Vision":2,"Owner":-1},{"Space":{"X":4,"Y":0},"Vision":0,"Owner":-1},{"Space":{"X":-4,"Y":1},"Vision":1,"Owner":-1},{"Space":{"X":-3,"Y":1},"Vision":1,"Owner":-1},{"Space":{"X":-2,"Y":1},"Vision":1,"Owner":-1},{"Space":{"X":-1,"Y":1},"Vision":1,"Owner":-1},{"Space":{"X":0,"Y":1},"Vision":1,"Owner":-1},{"Space":{"X":1,"Y":1},"Vision":1,"Owner":-1},{"Space":{"X":2,"Y":1},"Vision":1,"Owner":-1},{"Space":{"X":3,"Y":1},"Vision":1,"Owner":-1},{"Space":{"X":-4,"Y":2},"Vision":1,"Owner":-1},{"Space":{"X":-3,"Y":2},"Vision":1,"Owner":-1},{"Space":{"X":-2,"Y":2},"Vision":1,"Owner":-1},{"Space":{"X":-1,"Y":2},"Vision":1,"Owner":-1},{"Space":{"X":0,"Y":2},"Vision":1,"Owner":-1},{"Space":{"X":1,"Y":2},"Vision":1,"Owner":-1},{"Space":{"X":2,"Y":2},"Vision":1,"Owner":-1},{"Space":{"X":-4,"Y":3},"Vision":1,"Owner":-1},{"Space":{"X":-3,"Y":3},"Vision":1,"Owner":-1},{"Space":{"X":-2,"Y":3},"Vision":1,"Owner":-1},{"Space":{"X":-1,"Y":3},"Vision":1,"Owner":-1},{"Space":{"X":0,"Y":3},"Vision":1,"Owner":-1},{"Space":{"X":1,"Y":3},"Vision":1,"Owner":-1},{"Space":{"X":-4,"Y":4},"Vision":1,"Owner":-1},{"Space":{"X":-3,"Y":4},"Vision":1,"Owner":-1},{"Space":{"X":-2,"Y":4},"Vision":1,"Owner":-1},{"Space":{"X":-1,"Y":4},"Vision":1,"Owner":-1},{"Space":{"X":0,"Y":4},"Vision":1,"Owner":-1}],"units":[{"InternalID":26,"UnitID":13,"Type":2,"Kind":1,"Location":{"Space":{"X":3,"Y":-1},"Zone":{"X":0,"Y":0}},"CurrentStamina":8,"CurrentOrder":null,"Builds":[],"GarrisonedIn":null,"Stance":3,"InterruptCurrent":true,"AttackBack":true,"TargetPriority":"","ActiveOrders":null,"Health":10.275,"MaxHealth":50},{"InternalID":27,"UnitID":13,"Type":2,"Kind":1,"Location":{"Space":{"X":3,"Y":-1},"Zone":{"X":0,"Y":0}},"CurrentStamina":8,"CurrentOrder":null,"Builds":[],"GarrisonedIn":null,"Stance":3,"InterruptCurrent":true,"AttackBack":true,"TargetPriority":"","ActiveOrders":null,"Health":50,"MaxHealth":50},{"InternalID":28,"UnitID":13,"Type":2,"Kind":1,"Location":{"Space":{"X":3,"Y":-1},"Zone":{"X":0,"Y":0}},"CurrentStamina":8,"CurrentOrder":null,"Builds":[],"GarrisonedIn":null,"Stance":3,"InterruptCurrent":true,"AttackBack":true,"TargetPriority":"","ActiveOrders":null,"Health":50,"MaxHealth":50},{"InternalID":29,"UnitID":13,"Type":2,"Kind":1,"Location":{"Space":{"X":3,"Y":-1},"Zone":{"X":0,"Y":0}},"CurrentStamina":8,"CurrentOrder":null,"Builds":[],"GarrisonedIn":null,"Stance":3,"InterruptCurrent":true,"AttackBack":true,"TargetPriority":"","ActiveOrders":null,"Health":50,"MaxHealth":50},{"InternalID":30,"UnitID":13,"Type":2,"Kind":1,"Location":{"Space":{"X":3,"Y":-1},"Zone":{"X":0,"Y":0}},"CurrentStamina":8,"CurrentOrder":null,"Builds":[],"GarrisonedIn":null,"Stance":3,"InterruptCurrent":true,"AttackBack":true,"TargetPriority":"","ActiveOrders":null,"Health":50,"MaxHealth":50}]}
2026/09/30 21:20:37 ai ai-1: new turn data {"buildings":[],"enemy_buildings":[],"enemy_units":[],"foundations":[],"population":{"current":1,"limit":0},"resources":{"food":200,"gold":56,"stone":100,"wood":200},"spaces":[{"Space":{"X":0,"Y":-4},"Vision":1,"Owner":-1},{"Space":{"X":1,"Y":-4},"Vision":1,"Owner":-1},{"Space":{"X":2,"Y":-4},"Vision":1,"Owner":-1},{"Space":{"X":3,"Y":-4},"Vision":1,"Owner":-1},{"Space":{"X":4,"Y":-4},"Vision":1,"Owner":-1},{"Space":{"X":-1,"Y":-3},"Vision":1,"Owner":-1},{"Space":{"X":0,"Y":-3},"Vision":1,"Owner":-1},{"Space":{"X":1,"Y":-3},"Vision":1,"Owner":-1},{"Space":{"X":2,"Y":-3},"Vision":1,"Owner":-1},{"Space":{"X":3,"Y":-3},"Vision":1,"Owner":-1},{"Space":{"X":4,"Y":-3},"Vision":1,"Owner":-1},{"Space":{"X":-2,"Y":-2},"Vision":1,"Owner":-1},{"Space":{"X":-1,"Y":-2},"Vision":1,"Owner":-1},{"Space":{"X":0,"Y":-2},"Vision":1,"Owner":-1},{"Space":{"X":1,"Y":-2},"Vision":1,"Owner":-1},{"Space":{"X":2,"Y":-2},"Vision":1,"Owner":-1},{"Space":{"X":3,"Y":-2},"Vision":1,"Owner":-1},{"Space":{"X":4,"Y":-2},"Vision":1,"Owner":-1},{"Space":{"X":-3,"Y":-1},"Vision":1,"Owner":-1},{"Space":{"X":-2,"Y":-1},"Vision":1,"Owner":-1},{"Space":{"X":-1,"Y":-1},"Vision":1,"Owner":-1},{"Space":{"X":0,"Y":-1},"Vision":1,"Owner":-1},{"Space":{"X":1,"Y":-1},"Vision":1,"Owner":-1},{"Space":{"X":2,"Y":-1},"Vision":1,"Owner":-1},{"Space":{"X":3,"Y":-1},"Vision":1,"Owner":-1},{"Space":{"X":4,"Y":-1},"Vision":2,"Owner":-1},{"Space":{"X":-4,"Y":0},"Vision":1,"Owner":-1},{"Space":{"X":-3,"Y":0},"Vision":1,"Owner":-1},{"Space":{"X":-2,"Y":0},"Vision":1,"Owner":-1},{"Space":{"X":-1,"Y":0},"Vision":1,"Owner":-1},{"Space":{"X":0,"Y":0},"Vision":1,"Owner":-1},{"Space":{"X":1,"Y":0},"Vision":1,"Owner":-1},{"Space":{"X":2,"Y":0},"Vision":1,"Owner":-1},{"Space":{"X":3,"Y":0},"Vision":2,"Owner":-1},{"Space":{"X":4,"Y":0},"Vision":3,"Owner":1},{"Space":{"X":-4,"Y":1},"Vision":1,"Owner":-1},{"Space":{"X":-3,"Y":1},"Vision":1,"Owner":-1},{"Space":{"X":-2,"Y":1},"Vision":1,"Owner":0},{"Space":{"X":-1,"Y":1},"Vision":1,"Owner":-1},{"Space":{"X":0,"Y":1},"Vision":1,"Owner":-1},{"Space":{"X":1,"Y":1},"Vision":1,"Owner":0},{"Space":{"X":2,"Y":1},"Vision":1,"Owner":0},{"Space":{"X":3,"Y":1},"Vision":2,"Owner":-1},{"Space":{"X":-4,"Y":2},"Vision":1,"Owner":0},{"Space":{"X":-3,"Y":2},"Vision":1,"Owner":-1},{"Space":{"X":-2,"Y":2},"Vision":1,"Owner":0},{"Space":{"X":-1,"Y":2},"Vision":1,"Owner":0},{"Space":{"X":0,"Y":2},"Vision":1,"Owner":-1},{"Space":{"X":1,"Y":2},"Vision":1,"Owner":-1},{"Space":{"X":2,"Y":2},"Vision":1,"Owner":-1},{"Space":{"X":-4,"Y":3},"Vision":1,"Owner":0},{"Space":{"X":-3,"Y":3},"Vision":1,"Owner":-1},{"Space":{"X":-2,"Y":3},"Vision":1,"Owner":0},{"Space":{"X":-1,"Y":3},"Vision":1,"Owner":-1},{"Space":{"X":0,"Y":3},"Vision":1,"Owner":0},{"Space":{"X":1,"Y":3},"Vision":1,"Owner":-1},{"Space":{"X":-4,"Y":4},"Vision":1,"Owner":-1},{"Space":{"X":-3,"Y":4},"Vision":1,"Owner":-1},{"Space":{"X":-2,"Y":4},"Vision":1,"Owner":-1},{"Space":{"X":-1,"Y":4},"Vision":1,"Owner":-1},{"Space":{"X":0,"Y":4},"Vision":1,"Owner":-1}],"units":[{"InternalID":33,"UnitID":11,"Type":2,"Kind":1,"Location":{"Space":{"X":4,"Y":0},"Zone":{"X":0,"Y":0}},"CurrentStamina":23,"CurrentOrder":null,"Builds":[],"GarrisonedIn":null,"Stance":3,"InterruptCurrent":false,"AttackBack":true,"TargetPriority":"","ActiveOrders":null,"Health":11,"MaxHealth":11}]}
2026/09/30 21:20:37 ai ai-1: submitting orders []
2026/09/30 21:20:37 ai ai-1: vars {}
2026/09/30 21:20:37 player action: submit-orders 0 2 map[orders:[]]
2026/09/30 21:20:37 Executing submit orders for: 1 []
2026/09/30 21:20:37 ai ai-0: submitting orders [{Subjects:[26] OrderType:2 TargetID:2628 ClearPreviousOrders:true} {Subjects:[27] OrderType:2 TargetID:2628 ClearPreviousOrders:true} {Subjects:[28] OrderType:2 TargetID:2628 ClearPreviousOrders:true} {Subjects:[29] OrderType:2 TargetID:2628 ClearPreviousOrders:true} {Subjects:[30] OrderType:2 TargetID:2628 ClearPreviousOrders:true}]
2026/09/30 21:20:37 ai ai-0: vars {"B":0,"Hv":5,"Pi":0,"aPowLocal":0,"aThreat":0,"a_engaged":0,"a_odds":1.3,"a_outnumbered":0,"army_target":50,"army_value":900,"assault":0,"bank_rate":28,"bar_barracks":0.17072129748186085,"bar_redoubt":1.1111111111111112,"barracks":0,"barracks_B":0,"barracks_P":0,"barracks_save":0,"barracks_spend":78.1,"barracks_want":0,"buffer_food":70,"buffer_gold":0,"buffer_stone":0,"buffer_wood":70,"builders":0,"committed":0,"eB":10.199999999999989,"eGrowth":0,"eH":3.0000000000000018,"eMil":17.29999999999999,"eP":4.100000000000002,"ePow":30.4,"ePowEst":39.80887463258725,"ePowSeen":39.80887463258725,"eTech":1,"eV":0,"es":18.29999999999999,"farm_want":0,"farm_wood_short":0,"farming":0,"fire_barracks":0,"fire_farm0":0,"fire_farm1":0,"fire_farm2":0,"fire_house":0,"fire_outpost":0,"fire_redoubt":0,"fire_smith":0,"fire_vc":0,"food_need":0,"food_over":0,"food_rate":0,"food_slots":1000,"food_workers":0,"free_room":45,"go":0,"gold_income":2,"gold_need":0,"gold_rate":0,"gold_surplus":138,"guaranteed":0,"guard_home":0,"headroom":-5,"hire_B":7430.7692307692305,"hire_P":11676.923076923076,"homePow":0,"house_builders":0,"house_urgency":0,"house_want":0,"income_proj":0,"left":0,"lf_food":0,"lf_gold":0,"lf_stone":0,"lf_wood":0,"lump_food":0,"lump_gold":0,"lump_stone":0,"lump_wood":0,"maturity":0,"mil":5,"myTech":1,"n_barracks":0,"n_redoubts":0,"needB":36.01634727094787,"needP":8.98365272905213,"outpost_want":0,"pikes":0,"planned_food":0,"planned_gold":0,"planned_stone":0,"planned_wood":0,"prod_rate":0,"proj_army":900,"raid_danger":0,"raid_fails":1,"raid_lost":0,"raid_pause":11,"raid_prev":0,"raid_size":0,"raid_wiped":0,"rate":6,"redoubt_H":0,"redoubt_gold_ok":0.7466666666666666,"redoubt_save":0,"redoubt_spend":30,"redoubt_want":0,"redoubts":0,"rf_food":0,"rf_gold":0,"rf_stone":0,"rf_wood":0,"sB4":1.646617965358697,"sP4":0.41072027285046825,"scale_l":0,"scale_r":0,"shareH":0.49769808577659314,"smith_want":0,"smiths":0,"spare":0,"spare_food":0.5,"stone_need":0,"stone_rate":0,"tH":50,"target_spend":400,"tech_food":50,"tech_gold":0,"tech_stone":0,"tech_wood":50,"threat_home":0,"turns_left":-50,"u_barracks":0.18008263250006906,"u_redoubt":0.4645182133914869,"unit_spend":120,"vB":1.132786885245902,"vH":1.1224043715846996,"vP":0.8005464480874318,"vc_want":0,"vcs":0,"vil_goal":50,"vil_rate":0,"vil_stamina":8,"vil_want":0,"vil_want_last":0,"vil_worth_now":0.6,"vils":0,"w_food":0,"w_gold":0,"w_stone":0,"w_wood":0,"wild_workers":0,"wood_need":0,"wood_rate":0,"workers":0}
2026/09/30 21:20:37 player action: submit-orders 0 1 map[orders:[{0 [26] 2 2628 true} {0 [27] 2 2628 true} {0 [28] 2 2628 true} {0 [29] 2 2628 true} {0 [30] 2 2628 true}]]
2026/09/30 21:20:37 Executing submit orders for: 0 [{0 [26] 2 2628 true} {0 [27] 2 2628 true} {0 [28] 2 2628 true} {0 [29] 2 2628 true} {0 [30] 2 2628 true}]
2026/09/30 21:20:37 Resolving active orders
2026/09/30 21:20:37 Moving unit 29 Heavy Infantry to zone(1, 0) in space (3, -1) tick=1
2026/09/30 21:20:37 Moving unit 30 Heavy Infantry to zone(1, 0) in space (3, -1) tick=1
2026/09/30 21:20:37 Moving unit 26 Heavy Infantry to zone(1, 0) in space (3, -1) tick=1
2026/09/30 21:20:37 Moving unit 28 Heavy Infantry to zone(1, 0) in space (3, -1) tick=1
2026/09/30 21:20:37 Moving unit 27 Heavy Infantry to zone(1, 0) in space (3, -1) tick=1
2026/09/30 21:20:37 state_hash turn=24 tick=1 hash=a834b15ee8e6571f
2026/09/30 21:20:37 Moving unit 29 Heavy Infantry to zone(-1, 0) in space (4, -1) tick=2
2026/09/30 21:20:37 Moving unit 30 Heavy Infantry to zone(-1, 0) in space (4, -1) tick=2
2026/09/30 21:20:37 Moving unit 26 Heavy Infantry to zone(-1, 0) in space (4, -1) tick=2
2026/09/30 21:20:37 Moving unit 28 Heavy Infantry to zone(-1, 0) in space (4, -1) tick=2
2026/09/30 21:20:37 Moving unit 27 Heavy Infantry to zone(-1, 0) in space (4, -1) tick=2
2026/09/30 21:20:37 state_hash turn=24 tick=2 hash=d5fc5a05ee3e640c
2026/09/30 21:20:37 Moving unit 29 Heavy Infantry to zone(0, 0) in space (4, -1) tick=3
2026/09/30 21:20:37 Moving unit 30 Heavy Infantry to zone(0, 0) in space (4, -1) tick=3
2026/09/30 21:20:37 Moving unit 26 Heavy Infantry to zone(0, 0) in space (4, -1) tick=3
2026/09/30 21:20:37 Moving unit 28 Heavy Infantry to zone(0, 0) in space (4, -1) tick=3
2026/09/30 21:20:37 Moving unit 27 Heavy Infantry to zone(0, 0) in space (4, -1) tick=3
2026/09/30 21:20:37 state_hash turn=24 tick=3 hash=95341c399885cc9d
2026/09/30 21:20:37 state_hash turn=24 tick=end hash=d29dda37faa9cf96
2026/09/30 21:20:37 ai ai-1: new turn data {"buildings":[],"enemy_buildings":[],"enemy_units":[],"foundations":[],"population":{"current":1,"limit":0},"resources":{"food":200,"gold":58,"stone":100,"wood":200},"spaces":[{"Space":{"X":0,"Y":-4},"Vision":1,"Owner":-1},{"Space":{"X":1,"Y":-4},"Vision":1,"Owner":-1},{"Space":{"X":2,"Y":-4},"Vision":1,"Owner":-1},{"Space":{"X":3,"Y":-4},"Vision":1,"Owner":-1},{"Space":{"X":4,"Y":-4},"Vision":1,"Owner":-1},{"Space":{"X":-1,"Y":-3},"Vision":1,"Owner":-1},{"Space":{"X":0,"Y":-3},"Vision":1,"Owner":-1},{"Space":{"X":1,"Y":-3},"Vision":1,"Owner":-1},{"Space":{"X":2,"Y":-3},"Vision":1,"Owner":-1},{"Space":{"X":3,"Y":-3},"Vision":1,"Owner":-1},{"Space":{"X":4,"Y":-3},"Vision":1,"Owner":-1},{"Space":{"X":-2,"Y":-2},"Vision":1,"Owner":-1},{"Space":{"X":-1,"Y":-2},"Vision":1,"Owner":-1},{"Space":{"X":0,"Y":-2},"Vision":1,"Owner":-1},{"Space":{"X":1,"Y":-2},"Vision":1,"Owner":-1},{"Space":{"X":2,"Y":-2},"Vision":1,"Owner":-1},{"Space":{"X":3,"Y":-2},"Vision":1,"Owner":-1},{"Space":{"X":4,"Y":-2},"Vision":1,"Owner":-1},{"Space":{"X":-3,"Y":-1},"Vision":1,"Owner":-1},{"Space":{"X":-2,"Y":-1},"Vision":1,"Owner":-1},{"Space":{"X":-1,"Y":-1},"Vision":1,"Owner":-1},{"Space":{"X":0,"Y":-1},"Vision":1,"Owner":-1},{"Space":{"X":1,"Y":-1},"Vision":1,"Owner":-1},{"Space":{"X":2,"Y":-1},"Vision":1,"Owner":-1},{"Space":{"X":3,"Y":-1},"Vision":1,"Owner":-1},{"Space":{"X":4,"Y":-1},"Vision":2,"Owner":0},{"Space":{"X":-4,"Y":0},"Vision":1,"Owner":-1},{"Space":{"X":-3,"Y":0},"Vision":1,"Owner":-1},{"Space":{"X":-2,"Y":0},"Vision":1,"Owner":-1},{"Space":{"X":-1,"Y":0},"Vision":1,"Owner":-1},{"Space":{"X":0,"Y":0},"Vision":1,"Owner":-1},{"Space":{"X":1,"Y":0},"Vision":1,"Owner":-1},{"Space":{"X":2,"Y":0},"Vision":1,"Owner":-1},{"Space":{"X":3,"Y":0},"Vision":2,"Owner":-1},{"Space":{"X":4,"Y":0},"Vision":3,"Owner":1},{"Space":{"X":-4,"Y":1},"Vision":1,"Owner":-1},{"Space":{"X":-3,"Y":1},"Vision":1,"Owner":-1},{"Space":{"X":-2,"Y":1},"Vision":1,"Owner":0},{"Space":{"X":-1,"Y":1},"Vision":1,"Owner":-1},{"Space":{"X":0,"Y":1},"Vision":1,"Owner":-1},{"Space":{"X":1,"Y":1},"Vision":1,"Owner":0},{"Space":{"X":2,"Y":1},"Vision":1,"Owner":0},{"Space":{"X":3,"Y":1},"Vision":2,"Owner":-1},{"Space":{"X":-4,"Y":2},"Vision":1,"Owner":0},{"Space":{"X":-3,"Y":2},"Vision":1,"Owner":-1},{"Space":{"X":-2,"Y":2},"Vision":1,"Owner":0},{"Space":{"X":-1,"Y":2},"Vision":1,"Owner":0},{"Space":{"X":0,"Y":2},"Vision":1,"Owner":-1},{"Space":{"X":1,"Y":2},"Vision":1,"Owner":-1},{"Space":{"X":2,"Y":2},"Vision":1,"Owner":-1},{"Space":{"X":-4,"Y":3},"Vision":1,"Owner":0},{"Space":{"X":-3,"Y":3},"Vision":1,"Owner":-1},{"Space":{"X":-2,"Y":3},"Vision":1,"Owner":0},{"Space":{"X":-1,"Y":3},"Vision":1,"Owner":-1},{"Space":{"X":0,"Y":3},"Vision":1,"Owner":0},{"Space":{"X":1,"Y":3},"Vision":1,"Owner":-1},{"Space":{"X":-4,"Y":4},"Vision":1,"Owner":-1},{"Space":{"X":-3,"Y":4},"Vision":1,"Owner":-1},{"Space":{"X":-2,"Y":4},"Vision":1,"Owner":-1},{"Space":{"X":-1,"Y":4},"Vision":1,"Owner":-1},{"Space":{"X":0,"Y":4},"Vision":1,"Owner":-1}],"units":[{"InternalID":33,"UnitID":11,"Type":2,"Kind":1,"Location":{"Space":{"X":4,"Y":0},"Zone":{"X":0,"Y":0}},"CurrentStamina":23,"CurrentOrder":null,"Builds":[],"GarrisonedIn":null,"Stance":3,"InterruptCurrent":false,"AttackBack":true,"TargetPriority":"","ActiveOrders":null,"Health":11,"MaxHealth":11}]}
2026/09/30 21:20:37 ai ai-1: submitting orders []
2026/09/30 21:20:37 ai ai-1: vars {}
2026/09/30 21:20:37 player action: submit-orders 0 2 map[orders:[]]
2026/09/30 21:20:37 Executing submit orders for: 1 []
2026/09/30 21:20:37 ai ai-0: new turn data {"buildings":[],"enemy_buildings":[],"enemy_units":[],"foundations":[],"population":{"current":5,"limit":0},"resources":{"food":200,"gold":140,"stone":100,"wood":200},"spaces":[{"Space":{"X":0,"Y":-4},"Vision":1,"Owner":-1},{"Space":{"X":1,"Y":-4},"Vision":1,"Owner":-1},{"Space":{"X":2,"Y":-4},"Vision":1,"Owner":-1},{"Space":{"X":3,"Y":-4},"Vision":1,"Owner":-1},{"Space":{"X":4,"Y":-4},"Vision":1,"Owner":-1},{"Space":{"X":-1,"Y":-3},"Vision":1,"Owner":-1},{"Space":{"X":0,"Y":-3},"Vision":1,"Owner":-1},{"Space":{"X":1,"Y":-3},"Vision":1,"Owner":-1},{"Space":{"X":2,"Y":-3},"Vision":1,"Owner":-1},{"Space":{"X":3,"Y":-3},"Vision":1,"Owner":-1},{"Space":{"X":4,"Y":-3},"Vision":1,"Owner":-1},{"Space":{"X":-2,"Y":-2},"Vision":1,"Owner":-1},{"Space":{"X":-1,"Y":-2},"Vision":1,"Owner":-1},{"Space":{"X":0,"Y":-2},"Vision":1,"Owner":-1},{"Space":{"X":1,"Y":-2},"Vision":1,"Owner":-1},{"Space":{"X":2,"Y":-2},"Vision":1,"Owner":-1},{"Space":{"X":3,"Y":-2},"Vision":1,"Owner":-1},{"Space":{"X":4,"Y":-2},"Vision":2,"Owner":-1},{"Space":{"X":-3,"Y":-1},"Vision":1,"Owner":-1},{"Space":{"X":-2,"Y":-1},"Vision":1,"Owner":-1},{"Space":{"X":-1,"Y":-1},"Vision":1,"Owner":-1},{"Space":{"X":0,"Y":-1},"Vision":1,"Owner":-1},{"Space":{"X":1,"Y":-1},"Vision":1,"Owner":-1},{"Space":{"X":2,"Y":-1},"Vision":1,"Owner":-1},{"Space":{"X":3,"Y":-1},"Vision":2,"Owner":-1},{"Space":{"X":4,"Y":-1},"Vision":3,"Owner":0},{"Space":{"X":-4,"Y":0},"Vision":1,"Owner":-1},{"Space":{"X":-3,"Y":0},"Vision":1,"Owner":-1},{"Space":{"X":-2,"Y":0},"Vision":1,"Owner":-1},{"Space":{"X":-1,"Y":0},"Vision":1,"Owner":-1},{"Space":{"X":0,"Y":0},"Vision":1,"Owner":-1},{"Space":{"X":1,"Y":0},"Vision":1,"Owner":-1},{"Space":{"X":2,"Y":0},"Vision":1,"Owner":-1},{"Space":{"X":3,"Y":0},"Vision":2,"Owner":-1},{"Space":{"X":4,"Y":0},"Vision":2,"Owner":1},{"Space":{"X":-4,"Y":1},"Vision":1,"Owner":-1},{"Space":{"X":-3,"Y":1},"Vision":1,"Owner":-1},{"Space":{"X":-2,"Y":1},"Vision":1,"Owner":-1},{"Space":{"X":-1,"Y":1},"Vision":1,"Owner":-1},{"Space":{"X":0,"Y":1},"Vision":1,"Owner":-1},{"Space":{"X":1,"Y":1},"Vision":1,"Owner":-1},{"Space":{"X":2,"Y":1},"Vision":1,"Owner":-1},{"Space":{"X":3,"Y":1},"Vision":1,"Owner":-1},{"Space":{"X":-4,"Y":2},"Vision":1,"Owner":-1},{"Space":{"X":-3,"Y":2},"Vision":1,"Owner":-1},{"Space":{"X":-2,"Y":2},"Vision":1,"Owner":-1},{"Space":{"X":-1,"Y":2},"Vision":1,"Owner":-1},{"Space":{"X":0,"Y":2},"Vision":1,"Owner":-1},{"Space":{"X":1,"Y":2},"Vision":1,"Owner":-1},{"Space":{"X":2,"Y":2},"Vision":1,"Owner":-1},{"Space":{"X":-4,"Y":3},"Vision":1,"Owner":-1},{"Space":{"X":-3,"Y":3},"Vision":1,"Owner":-1},{"Space":{"X":-2,"Y":3},"Vision":1,"Owner":-1},{"Space":{"X":-1,"Y":3},"Vision":1,"Owner":-1},{"Space":{"X":0,"Y":3},"Vision":1,"Owner":-1},{"Space":{"X":1,"Y":3},"Vision":1,"Owner":-1},{"Space":{"X":-4,"Y":4},"Vision":1,"Owner":-1},{"Space":{"X":-3,"Y":4},"Vision":1,"Owner":-1},{"Space":{"X":-2,"Y":4},"Vision":1,"Owner":-1},{"Space":{"X":-1,"Y":4},"Vision":1,"Owner":-1},{"Space":{"X":0,"Y":4},"Vision":1,"Owner":-1}],"units":[{"InternalID":26,"UnitID":13,"Type":2,"Kind":1,"Location":{"Space":{"X":4,"Y":-1},"Zone":{"X":0,"Y":0}},"CurrentStamina":8,"CurrentOrder":{"Kind":0,"TargetZone":{"Space":{"X":4,"Y":0},"Zone":{"X":0,"Y":0}},"TargetSpace":null,"TargetResource":null,"TargetUnit":null,"TargetBuilding":null},"Builds":[],"GarrisonedIn":null,"Stance":3,"InterruptCurrent":true,"AttackBack":true,"TargetPriority":"","ActiveOrders":[{"ID":864,"Kind":0}],"Health":10.275,"MaxHealth":50},{"InternalID":27,"UnitID":13,"Type":2,"Kind":1,"Location":{"Space":{"X":4,"Y":-1},"Zone":{"X":0,"Y":0}},"CurrentStamina":8,"CurrentOrder":{"Kind":0,"TargetZone":{"Space":{"X":4,"Y":0},"Zone":{"X":0,"Y":0}},"TargetSpace":null,"TargetResource":null,"TargetUnit":null,"TargetBuilding":null},"Builds":[],"GarrisonedIn":null,"Stance":3,"InterruptCurrent":true,"AttackBack":true,"TargetPriority":"","ActiveOrders":[{"ID":865,"Kind":0}],"Health":50,"MaxHealth":50},{"InternalID":28,"UnitID":13,"Type":2,"Kind":1,"Location":{"Space":{"X":4,"Y":-1},"Zone":{"X":0,"Y":0}},"CurrentStamina":8,"CurrentOrder":{"Kind":0,"TargetZone":{"Space":{"X":4,"Y":0},"Zone":{"X":0,"Y":0}},"TargetSpace":null,"TargetResource":null,"TargetUnit":null,"TargetBuilding":null},"Builds":[],"GarrisonedIn":null,"Stance":3,"InterruptCurrent":true,"AttackBack":true,"TargetPriority":"","ActiveOrders":[{"ID":866,"Kind":0}],"Health":50,"MaxHealth":50},{"InternalID":29,"UnitID":13,"Type":2,"Kind":1,"Location":{"Space":{"X":4,"Y":-1},"Zone":{"X":0,"Y":0}},"CurrentStamina":8,"CurrentOrder":{"Kind":0,"TargetZone":{"Space":{"X":4,"Y":0},"Zone":{"X":0,"Y":0}},"TargetSpace":null,"TargetResource":null,"TargetUnit":null,"TargetBuilding":null},"Builds":[],"GarrisonedIn":null,"Stance":3,"InterruptCurrent":true,"AttackBack":true,"TargetPriority":"","ActiveOrders":[{"ID":867,"Kind":0}],"Health":50,"MaxHealth":50},{"InternalID":30,"UnitID":13,"Type":2,"Kind":1,"Location":{"Space":{"X":4,"Y":-1},"Zone":{"X":0,"Y":0}},"CurrentStamina":8,"CurrentOrder":{"Kind":0,"TargetZone":{"Space":{"X":4,"Y":0},"Zone":{"X":0,"Y":0}},"TargetSpace":null,"TargetResource":null,"TargetUnit":null,"TargetBuilding":null},"Builds":[],"GarrisonedIn":null,"Stance":3,"InterruptCurrent":true,"AttackBack":true,"TargetPriority":"","ActiveOrders":[{"ID":868,"Kind":0}],"Health":50,"MaxHealth":50}]}
2026/09/30 21:20:37 ai ai-0: submitting orders []
2026/09/30 21:20:37 ai ai-0: vars {"B":0,"Hv":5,"Pi":0,"aPowLocal":0,"aThreat":0,"a_engaged":0,"a_odds":1.3,"a_outnumbered":0,"army_target":50,"army_value":900,"assault":0,"bank_rate":28,"bar_barracks":0.17072129748186085,"bar_redoubt":1.1111111111111112,"barracks":0,"barracks_B":0,"barracks_P":0,"barracks_save":0,"barracks_spend":78.1,"barracks_want":0,"buffer_food":70,"buffer_gold":0,"buffer_stone":0,"buffer_wood":70,"builders":0,"committed":0,"eB":9.899999999999988,"eGrowth":0,"eH":2.700000000000002,"eMil":16.39999999999999,"eP":3.8000000000000025,"ePow":28.3,"ePowEst":39.012697139935504,"ePowSeen":39.012697139935504,"eTech":1,"eV":0,"es":17.39999999999999,"farm_want":0,"farm_wood_short":0,"farming":0,"fire_barracks":0,"fire_farm0":0,"fire_farm1":0,"fire_farm2":0,"fire_house":0,"fire_outpost":0,"fire_redoubt":0,"fire_smith":0,"fire_vc":0,"food_need":0,"food_over":0,"food_rate":0,"food_slots":1000,"food_workers":0,"free_room":45,"go":0,"gold_income":2,"gold_need":0,"gold_rate":0,"gold_surplus":140,"guaranteed":0,"guard_home":0,"headroom":-5,"hire_B":7538.461538461538,"hire_P":11846.153846153846,"homePow":0,"house_builders":0,"house_urgency":0,"house_want":0,"income_proj":0,"left":0,"lf_food":0,"lf_gold":0,"lf_stone":0,"lf_wood":0,"lump_food":0,"lump_gold":0,"lump_stone":0,"lump_wood":0,"maturity":0,"mil":5,"myTech":1,"n_barracks":0,"n_redoubts":0,"needB":36.40593891809203,"needP":8.594061081907968,"outpost_want":0,"pikes":0,"planned_food":0,"planned_gold":0,"planned_stone":0,"planned_wood":0,"prod_rate":0,"proj_army":900,"raid_danger":0,"raid_fails":1,"raid_lost":0,"raid_pause":10,"raid_prev":0,"raid_size":0,"raid_wiped":0,"rate":6,"redoubt_H":0,"redoubt_gold_ok":0.7555555555555556,"redoubt_save":0,"redoubt_spend":30,"redoubt_want":0,"redoubts":0,"rf_food":0,"rf_gold":0,"rf_stone":0,"rf_wood":0,"sB4":1.717751526762348,"sP4":0.40549597080162225,"scale_l":0,"scale_r":0,"shareH":0.49607892739691367,"smith_want":0,"smiths":0,"spare":0,"spare_food":0.5,"stone_need":0,"stone_rate":0,"tH":50,"target_spend":400,"tech_food":50,"tech_gold":0,"tech_stone":0,"tech_wood":50,"threat_home":0,"turns_left":-50,"u_barracks":0.1806631246208248,"u_redoubt":0.4630069989037861,"unit_spend":120,"vB":1.1448275862068966,"vH":1.1270114942528735,"vP":0.7979885057471267,"vc_want":0,"vcs":0,"vil_goal":50,"vil_rate":0,"vil_stamina":8,"vil_want":0,"vil_want_last":0,"vil_worth_now":0.6,"vils":0,"w_food":0,"w_gold":0,"w_stone":0,"w_wood":0,"wild_workers":0,"wood_need":0,"wood_rate":0,"workers":0}
2026/09/30 21:20:37 player action: submit-orders 0 1 map[orders:[]]
2026/09/30 21:20:37 Executing submit orders for: 0 []
2026/09/30 21:20:37 Resolving active orders
2026/09/30 21:20:37 Moving unit 29 Heavy Infantry to zone(0, 1) in space (4, -1) tick=1
2026/09/30 21:20:37 Moving unit 30 Heavy Infantry to zone(0, 1) in space (4, -1) tick=1
2026/09/30 21:20:37 Moving unit 26 Heavy Infantry to zone(0, 1) in space (4, -1) tick=1
2026/09/30 21:20:37 Moving unit 28 Heavy Infantry to zone(0, 1) in space (4, -1) tick=1
2026/09/30 21:20:37 Moving unit 27 Heavy Infantry to zone(0, 1) in space (4, -1) tick=1
2026/09/30 21:20:37 state_hash turn=25 tick=1 hash=5f3716624d83efea
2026/09/30 21:20:37 Moving unit 29 Heavy Infantry to zone(0, -1) in space (4, 0) tick=2
2026/09/30 21:20:37 Moving unit 30 Heavy Infantry to zone(0, -1) in space (4, 0) tick=2
2026/09/30 21:20:37 Moving unit 26 Heavy Infantry to zone(0, -1) in space (4, 0) tick=2
2026/09/30 21:20:37 Moving unit 28 Heavy Infantry to zone(0, -1) in space (4, 0) tick=2
2026/09/30 21:20:37 Moving unit 27 Heavy Infantry to zone(0, -1) in space (4, 0) tick=2
2026/09/30 21:20:37 state_hash turn=25 tick=2 hash=a1b10fbb02990623
2026/09/30 21:20:37 Moving unit 29 Heavy Infantry to zone(0, 0) in space (4, 0) tick=3
2026/09/30 21:20:37 Moving unit 30 Heavy Infantry to zone(0, 0) in space (4, 0) tick=3
2026/09/30 21:20:37 Moving unit 26 Heavy Infantry to zone(0, 0) in space (4, 0) tick=3
2026/09/30 21:20:37 Moving unit 28 Heavy Infantry to zone(0, 0) in space (4, 0) tick=3
2026/09/30 21:20:37 Moving unit 27 Heavy Infantry to zone(0, 0) in space (4, 0) tick=3
2026/09/30 21:20:37 Moving unit 33 Blunt Infantry to zone(0, -1) in space (4, 0) tick=3
2026/09/30 21:20:37 state_hash turn=25 tick=3 hash=538078af393b4971
2026/09/30 21:20:37 Moving unit 33 Blunt Infantry to zone(0, 0) in space (4, 0) tick=4
2026/09/30 21:20:37 state_hash turn=25 tick=4 hash=2b6e85a46ca53d12
2026/09/30 21:20:37 combat turn=25 tick=5: 33 u11 (player 1, stamina 3) hits 26 u13 (player 0) for 0.71
2026/09/30 21:20:37 state_hash turn=25 tick=5 hash=f4c43b70bbc1d0e7
2026/09/30 21:20:37 combat turn=25 tick=6: 33 u11 (player 1, stamina 3) hits 26 u13 (player 0) for 0.71
2026/09/30 21:20:37 state_hash turn=25 tick=6 hash=e4502294ab6bca77
2026/09/30 21:20:37 combat turn=25 tick=7: 33 u11 (player 1, stamina 3) hits 26 u13 (player 0) for 0.71
2026/09/30 21:20:37 state_hash turn=25 tick=7 hash=a26b6a5ba560428e
2026/09/30 21:20:37 combat turn=25 tick=8: 33 u11 (player 1, stamina 3) hits 26 u13 (player 0) for 0.71
2026/09/30 21:20:37 state_hash turn=25 tick=8 hash=09b8afc8f22a45cc
2026/09/30 21:20:37 combat turn=25 tick=9: 33 u11 (player 1, stamina 3) hits 26 u13 (player 0) for 0.71
2026/09/30 21:20:37 state_hash turn=25 tick=9 hash=c062ba08b03fc270
2026/09/30 21:20:37 combat turn=25 tick=10: 33 u11 (player 1, stamina 3) hits 26 u13 (player 0) for 0.71
2026/09/30 21:20:37 state_hash turn=25 tick=10 hash=9d8d9ed34d1e6ffc
2026/09/30 21:20:37 combat turn=25 tick=11: 33 u11 (player 1, stamina 3) hits 26 u13 (player 0) for 0.71
2026/09/30 21:20:37 state_hash turn=25 tick=11 hash=a4a95ff505a3bf4f
2026/09/30 21:20:37 state_hash turn=25 tick=end hash=004d0a427b6c182a
2026/09/30 21:20:37 ai ai-0: new turn data {"buildings":[],"enemy_buildings":[],"enemy_units":[{"InternalID":33,"UnitID":11,"Type":2,"Kind":1,"Location":{"Space":{"X":4,"Y":0},"Zone":{"X":0,"Y":0}},"CurrentStamina":15,"CurrentOrder":null,"Builds":[],"GarrisonedIn":null,"Stance":0,"InterruptCurrent":false,"AttackBack":false,"TargetPriority":"","ActiveOrders":null,"Health":11,"MaxHealth":11}],"foundations":[],"population":{"current":5,"limit":0},"resources":{"food":200,"gold":140,"stone":100,"wood":200},"spaces":[{"Space":{"X":0,"Y":-4},"Vision":1,"Owner":-1},{"Space":{"X":1,"Y":-4},"Vision":1,"Owner":-1},{"Space":{"X":2,"Y":-4},"Vision":1,"Owner":-1},{"Space":{"X":3,"Y":-4},"Vision":1,"Owner":-1},{"Space":{"X":4,"Y":-4},"Vision":1,"Owner":-1},{"Space":{"X":-1,"Y":-3},"Vision":1,"Owner":-1},{"Space":{"X":0,"Y":-3},"Vision":1,"Owner":-1},{"Space":{"X":1,"Y":-3},"Vision":1,"Owner":-1},{"Space":{"X":2,"Y":-3},"Vision":1,"Owner":-1},{"Space":{"X":3,"Y":-3},"Vision":1,"Owner":-1},{"Space":{"X":4,"Y":-3},"Vision":1,"Owner":-1},{"Space":{"X":-2,"Y":-2},"Vision":1,"Owner":-1},{"Space":{"X":-1,"Y":-2},"Vision":1,"Owner":-1},{"Space":{"X":0,"Y":-2},"Vision":1,"Owner":-1},{"Space":{"X":1,"Y":-2},"Vision":1,"Owner":-1},{"Space":{"X":2,"Y":-2},"Vision":1,"Owner":-1},{"Space":{"X":3,"Y":-2},"Vision":1,"Owner":-1},{"Space":{"X":4,"Y":-2},"Vision":1,"Owner":-1},{"Space":{"X":-3,"Y":-1},"Vision":1,"Owner":-1},{"Space":{"X":-2,"Y":-1},"Vision":1,"Owner":-1},{"Space":{"X":-1,"Y":-1},"Vision":1,"Owner":-1},{"Space":{"X":0,"Y":-1},"Vision":1,"Owner":-1},{"Space":{"X":1,"Y":-1},"Vision":1,"Owner":-1},{"Space":{"X":2,"Y":-1},"Vision":1,"Owner":-1},{"Space":{"X":3,"Y":-1},"Vision":1,"Owner":-1},{"Space":{"X":4,"Y":-1},"Vision":2,"Owner":-1},{"Space":{"X":-4,"Y":0},"Vision":1,"Owner":-1},{"Space":{"X":-3,"Y":0},"Vision":1,"Owner":-1},{"Space":{"X":-2,"Y":0},"Vision":1,"Owner":-1},{"Space":{"X":-1,"Y":0},"Vision":1,"Owner":-1},{"Space":{"X":0,"Y":0},"Vision":1,"Owner":-1},{"Space":{"X":1,"Y":0},"Vision":1,"Owner":-1},{"Space":{"X":2,"Y":0},"Vision":1,"Owner":-1},{"Space":{"X":3,"Y":0},"Vision":2,"Owner":-1},{"Space":{"X":4,"Y":0},"Vision":3,"Owner":-1},{"Space":{"X":-4,"Y":1},"Vision":1,"Owner":-1},{"Space":{"X":-3,"Y":1},"Vision":1,"Owner":-1},{"Space":{"X":-2,"Y":1},"Vision":1,"Owner":-1},{"Space":{"X":-1,"Y":1},"Vision":1,"Owner":-1},{"Space":{"X":0,"Y":1},"Vision":1,"Owner":-1},{"Space":{"X":1,"Y":1},"Vision":1,"Owner":-1},{"Space":{"X":2,"Y":1},"Vision":1,"Owner":-1},{"Space":{"X":3,"Y":1},"Vision":2,"Owner":-1},{"Space":{"X":-4,"Y":2},"Vision":1,"Owner":-1},{"Space":{"X":-3,"Y":2},"Vision":1,"Owner":-1},{"Space":{"X":-2,"Y":2},"Vision":1,"Owner":-1},{"Space":{"X":-1,"Y":2},"Vision":1,"Owner":-1},{"Space":{"X":0,"Y":2},"Vision":1,"Owner":-1},{"Space":{"X":1,"Y":2},"Vision":1,"Owner":-1},{"Space":{"X":2,"Y":2},"Vision":1,"Owner":-1},{"Space":{"X":-4,"Y":3},"Vision":1,"Owner":-1},{"Space":{"X":-3,"Y":3},"Vision":1,"Owner":-1},{"Space":{"X":-2,"Y":3},"Vision":1,"Owner":-1},{"Space":{"X":-1,"Y":3},"Vision":1,"Owner":-1},{"Space":{"X":0,"Y":3},"Vision":1,"Owner":-1},{"Space":{"X":1,"Y":3},"Vision":1,"Owner":-1},{"Space":{"X":-4,"Y":4},"Vision":1,"Owner":-1},{"Space":{"X":-3,"Y":4},"Vision":1,"Owner":-1},{"Space":{"X":-2,"Y":4},"Vision":1,"Owner":-1},{"Space":{"X":-1,"Y":4},"Vision":1,"Owner":-1},{"Space":{"X":0,"Y":4},"Vision":1,"Owner":-1}],"units":[{"InternalID":26,"UnitID":13,"Type":2,"Kind":1,"Location":{"Space":{"X":4,"Y":0},"Zone":{"X":0,"Y":0}},"CurrentStamina":8,"CurrentOrder":{"Kind":6,"TargetZone":null,"TargetSpace":null,"TargetResource":null,"TargetUnit":null,"TargetBuilding":null},"Builds":[],"GarrisonedIn":null,"Stance":3,"InterruptCurrent":true,"AttackBack":true,"TargetPriority":"","ActiveOrders":[{"ID":875,"Kind":6}],"Health":5.2749,"MaxHealth":50},{"InternalID":27,"UnitID":13,"Type":2,"Kind":1,"Location":{"Space":{"X":4,"Y":0},"Zone":{"X":0,"Y":0}},"CurrentStamina":8,"CurrentOrder":{"Kind":4,"TargetZone":null,"TargetSpace":{"X":4,"Y":0},"TargetResource":null,"TargetUnit":null,"TargetBuilding":null},"Builds":[],"GarrisonedIn":null,"Stance":3,"InterruptCurrent":true,"AttackBack":true,"TargetPriority":"","ActiveOrders":[{"ID":873,"Kind":4}],"Health":50,"MaxHealth":50},{"InternalID":28,"UnitID":13,"Type":2,"Kind":1,"Location":{"Space":{"X":4,"Y":0},"Zone":{"X":0,"Y":0}},"CurrentStamina":8,"CurrentOrder":{"Kind":4,"TargetZone":null,"TargetSpace":{"X":4,"Y":0},"TargetResource":null,"TargetUnit":null,"TargetBuilding":null},"Builds":[],"GarrisonedIn":null,"Stance":3,"InterruptCurrent":true,"AttackBack":true,"TargetPriority":"","ActiveOrders":[{"ID":872,"Kind":4}],"Health":50,"MaxHealth":50},{"InternalID":29,"UnitID":13,"Type":2,"Kind":1,"Location":{"Space":{"X":4,"Y":0},"Zone":{"X":0,"Y":0}},"CurrentStamina":8,"CurrentOrder":{"Kind":4,"TargetZone":null,"TargetSpace":{"X":4,"Y":0},"TargetResource":null,"TargetUnit":null,"TargetBuilding":null},"Builds":[],"GarrisonedIn":null,"Stance":3,"InterruptCurrent":true,"AttackBack":true,"TargetPriority":"","ActiveOrders":[{"ID":869,"Kind":4}],"Health":50,"MaxHealth":50},{"InternalID":30,"UnitID":13,"Type":2,"Kind":1,"Location":{"Space":{"X":4,"Y":0},"Zone":{"X":0,"Y":0}},"CurrentStamina":8,"CurrentOrder":{"Kind":4,"TargetZone":null,"TargetSpace":{"X":4,"Y":0},"TargetResource":null,"TargetUnit":null,"TargetBuilding":null},"Builds":[],"GarrisonedIn":null,"Stance":3,"InterruptCurrent":true,"AttackBack":true,"TargetPriority":"","ActiveOrders":[{"ID":870,"Kind":4}],"Health":50,"MaxHealth":50}]}
2026/09/30 21:20:37 ai ai-1: new turn data {"buildings":[],"enemy_buildings":[],"enemy_units":[{"InternalID":26,"UnitID":13,"Type":2,"Kind":1,"Location":{"Space":{"X":4,"Y":0},"Zone":{"X":0,"Y":0}},"CurrentStamina":8,"CurrentOrder":null,"Builds":[],"GarrisonedIn":null,"Stance":0,"InterruptCurrent":false,"AttackBack":false,"TargetPriority":"","ActiveOrders":null,"Health":5.2749,"MaxHealth":50},{"InternalID":27,"UnitID":13,"Type":2,"Kind":1,"Location":{"Space":{"X":4,"Y":0},"Zone":{"X":0,"Y":0}},"CurrentStamina":8,"CurrentOrder":null,"Builds":[],"GarrisonedIn":null,"Stance":0,"InterruptCurrent":false,"AttackBack":false,"TargetPriority":"","ActiveOrders":null,"Health":50,"MaxHealth":50},{"InternalID":28,"UnitID":13,"Type":2,"Kind":1,"Location":{"Space":{"X":4,"Y":0},"Zone":{"X":0,"Y":0}},"CurrentStamina":8,"CurrentOrder":null,"Builds":[],"GarrisonedIn":null,"Stance":0,"InterruptCurrent":false,"AttackBack":false,"TargetPriority":"","ActiveOrders":null,"Health":50,"MaxHealth":50},{"InternalID":29,"UnitID":13,"Type":2,"Kind":1,"Location":{"Space":{"X":4,"Y":0},"Zone":{"X":0,"Y":0}},"CurrentStamina":8,"CurrentOrder":null,"Builds":[],"GarrisonedIn":null,"Stance":0,"InterruptCurrent":false,"AttackBack":false,"TargetPriority":"","ActiveOrders":null,"Health":50,"MaxHealth":50},{"InternalID":30,"UnitID":13,"Type":2,"Kind":1,"Location":{"Space":{"X":4,"Y":0},"Zone":{"X":0,"Y":0}},"CurrentStamina":8,"CurrentOrder":null,"Builds":[],"GarrisonedIn":null,"Stance":0,"InterruptCurrent":false,"AttackBack":false,"TargetPriority":"","ActiveOrders":null,"Health":50,"MaxHealth":50}],"foundations":[],"population":{"current":1,"limit":0},"resources":{"food":200,"gold":58,"stone":100,"wood":200},"spaces":[{"Space":{"X":0,"Y":-4},"Vision":1,"Owner":-1},{"Space":{"X":1,"Y":-4},"Vision":1,"Owner":-1},{"Space":{"X":2,"Y":-4},"Vision":1,"Owner":-1},{"Space":{"X":3,"Y":-4},"Vision":1,"Owner":-1},{"Space":{"X":4,"Y":-4},"Vision":1,"Owner":-1},{"Space":{"X":-1,"Y":-3},"Vision":1,"Owner":-1},{"Space":{"X":0,"Y":-3},"Vision":1,"Owner":-1},{"Space":{"X":1,"Y":-3},"Vision":1,"Owner":-1},{"Space":{"X":2,"Y":-3},"Vision":1,"Owner":-1},{"Space":{"X":3,"Y":-3},"Vision":1,"Owner":-1},{"Space":{"X":4,"Y":-3},"Vision":1,"Owner":-1},{"Space":{"X":-2,"Y":-2},"Vision":1,"Owner":-1},{"Space":{"X":-1,"Y":-2},"Vision":1,"Owner":-1},{"Space":{"X":0,"Y":-2},"Vision":1,"Owner":-1},{"Space":{"X":1,"Y":-2},"Vision":1,"Owner":-1},{"Space":{"X":2,"Y":-2},"Vision":1,"Owner":-1},{"Space":{"X":3,"Y":-2},"Vision":1,"Owner":-1},{"Space":{"X":4,"Y":-2},"Vision":1,"Owner":-1},{"Space":{"X":-3,"Y":-1},"Vision":1,"Owner":-1},{"Space":{"X":-2,"Y":-1},"Vision":1,"Owner":-1},{"Space":{"X":-1,"Y":-1},"Vision":1,"Owner":-1},{"Space":{"X":0,"Y":-1},"Vision":1,"Owner":-1},{"Space":{"X":1,"Y":-1},"Vision":1,"Owner":-1},{"Space":{"X":2,"Y":-1},"Vision":1,"Owner":-1},{"Space":{"X":3,"Y":-1},"Vision":1,"Owner":-1},{"Space":{"X":4,"Y":-1},"Vision":2,"Owner":-1},{"Space":{"X":-4,"Y":0},"Vision":1,"Owner":-1},{"Space":{"X":-3,"Y":0},"Vision":1,"Owner":-1},{"Space":{"X":-2,"Y":0},"Vision":1,"Owner":-1},{"Space":{"X":-1,"Y":0},"Vision":1,"Owner":-1},{"Space":{"X":0,"Y":0},"Vision":1,"Owner":-1},{"Space":{"X":1,"Y":0},"Vision":1,"Owner":-1},{"Space":{"X":2,"Y":0},"Vision":1,"Owner":-1},{"Space":{"X":3,"Y":0},"Vision":2,"Owner":-1},{"Space":{"X":4,"Y":0},"Vision":3,"Owner":-1},{"Space":{"X":-4,"Y":1},"Vision":1,"Owner":-1},{"Space":{"X":-3,"Y":1},"Vision":1,"Owner":-1},{"Space":{"X":-2,"Y":1},"Vision":1,"Owner":0},{"Space":{"X":-1,"Y":1},"Vision":1,"Owner":-1},{"Space":{"X":0,"Y":1},"Vision":1,"Owner":-1},{"Space":{"X":1,"Y":1},"Vision":1,"Owner":0},{"Space":{"X":2,"Y":1},"Vision":1,"Owner":0},{"Space":{"X":3,"Y":1},"Vision":2,"Owner":-1},{"Space":{"X":-4,"Y":2},"Vision":1,"Owner":0},{"Space":{"X":-3,"Y":2},"Vision":1,"Owner":-1},{"Space":{"X":-2,"Y":2},"Vision":1,"Owner":0},{"Space":{"X":-1,"Y":2},"Vision":1,"Owner":0},{"Space":{"X":0,"Y":2},"Vision":1,"Owner":-1},{"Space":{"X":1,"Y":2},"Vision":1,"Owner":-1},{"Space":{"X":2,"Y":2},"Vision":1,"Owner":-1},{"Space":{"X":-4,"Y":3},"Vision":1,"Owner":0},{"Space":{"X":-3,"Y":3},"Vision":1,"Owner":-1},{"Space":{"X":-2,"Y":3},"Vision":1,"Owner":0},{"Space":{"X":-1,"Y":3},"Vision":1,"Owner":-1},{"Space":{"X":0,"Y":3},"Vision":1,"Owner":0},{"Space":{"X":1,"Y":3},"Vision":1,"Owner":-1},{"Space":{"X":-4,"Y":4},"Vision":1,"Owner":-1},{"Space":{"X":-3,"Y":4},"Vision":1,"Owner":-1},{"Space":{"X":-2,"Y":4},"Vision":1,"Owner":-1},{"Space":{"X":-1,"Y":4},"Vision":1,"Owner":-1},{"Space":{"X":0,"Y":4},"Vision":1,"Owner":-1}],"units":[{"InternalID":33,"UnitID":11,"Type":2,"Kind":1,"Location":{"Space":{"X":4,"Y":0},"Zone":{"X":0,"Y":0}},"CurrentStamina":15,"CurrentOrder":{"Kind":4,"TargetZone":null,"TargetSpace":{"X":4,"Y":0},"TargetResource":null,"TargetUnit":null,"TargetBuilding":null},"Builds":[],"GarrisonedIn":null,"Stance":3,"InterruptCurrent":false,"AttackBack":true,"TargetPriority":"","ActiveOrders":[{"ID":874,"Kind":4}],"Health":11,"MaxHealth":11}]}
2026/09/30 21:20:37 ai ai-1: submitting orders []
2026/09/30 21:20:37 ai ai-1: vars {}
2026/09/30 21:20:37 player action: submit-orders 0 2 map[orders:[]]
2026/09/30 21:20:37 Executing submit orders for: 1 []
2026/09/30 21:20:37 ai ai-0: submitting orders [{Subjects:[26] OrderType:9 TargetID:33 ClearPreviousOrders:true} {Subjects:[27] OrderType:9 TargetID:33 ClearPreviousOrders:true} {Subjects:[28] OrderType:9 TargetID:33 ClearPreviousOrders:true} {Subjects:[29] OrderType:9 TargetID:33 ClearPreviousOrders:true} {Subjects:[30] OrderType:9 TargetID:33 ClearPreviousOrders:true} {Subjects:[26] OrderType:9 TargetID:33 ClearPreviousOrders:true} {Subjects:[27] OrderType:9 TargetID:33 ClearPreviousOrders:true} {Subjects:[28] OrderType:9 TargetID:33 ClearPreviousOrders:true} {Subjects:[29] OrderType:9 TargetID:33 ClearPreviousOrders:true} {Subjects:[30] OrderType:9 TargetID:33 ClearPreviousOrders:true}]
2026/09/30 21:20:37 ai ai-0: vars {"B":0,"Hv":5,"Pi":0,"aPowLocal":0,"aThreat":0,"a_engaged":0,"a_odds":1.3,"a_outnumbered":0,"army_target":50,"army_value":900,"assault":0,"bank_rate":28,"bar_barracks":0.17072129748186085,"bar_redoubt":1.1111111111111112,"barracks":0,"barracks_B":0,"barracks_P":0,"barracks_save":0,"barracks_spend":78.1,"barracks_want":0,"buffer_food":70,"buffer_gold":0,"buffer_stone":0,"buffer_wood":70,"builders":0,"committed":0,"eB":9.599999999999987,"eGrowth":0,"eH":2.400000000000002,"eMil":15.499999999999993,"eP":3.5000000000000027,"ePow":26.200000000000003,"ePowEst":38.232443197136796,"ePowSeen":38.232443197136796,"eTech":1,"eV":0,"es":16.499999999999993,"farm_want":0,"farm_wood_short":0,"farming":0,"fire_barracks":0,"fire_farm0":0,"fire_farm1":0,"fire_farm2":0,"fire_house":0,"fire_outpost":0,"fire_redoubt":0,"fire_smith":0,"fire_vc":0,"food_need":0,"food_over":0,"food_rate":0,"food_slots":1000,"food_workers":0,"free_room":45,"go":0,"gold_income":0,"gold_need":0,"gold_rate":0,"gold_surplus":140,"guaranteed":0,"guard_home":0,"headroom":-5,"hire_B":7538.461538461538,"hire_P":11846.153846153846,"homePow":0,"house_builders":0,"house_urgency":0,"house_want":0,"income_proj":0,"left":0,"lf_food":0,"lf_gold":0,"lf_stone":0,"lf_wood":0,"lump_food":0,"lump_gold":0,"lump_stone":0,"lump_wood":0,"maturity":0,"mil":5,"myTech":1,"n_barracks":0,"n_redoubts":0,"needB":36.819644416959164,"needP":8.180355583040841,"outpost_want":0,"pikes":0,"planned_food":0,"planned_gold":0,"planned_stone":0,"planned_wood":0,"prod_rate":0,"proj_army":900,"raid_danger":0,"raid_fails":1,"raid_lost":0,"raid_pause":9,"raid_prev":0,"raid_size":0,"raid_wiped":0,"rate":6,"redoubt_H":0,"redoubt_gold_ok":0.6222222222222222,"redoubt_save":0,"redoubt_spend":30,"redoubt_want":0,"redoubts":0,"rf_food":0,"rf_gold":0,"rf_stone":0,"rf_wood":0,"sB4":1.7993140507998087,"sP4":0.3997602088282104,"scale_l":0,"scale_r":0,"shareH":0.4943106641968774,"smith_want":0,"smiths":0,"spare":0,"spare_food":0.5,"stone_need":0,"stone_rate":0,"tH":50,"target_spend":400,"tech_food":50,"tech_gold":0,"tech_stone":0,"tech_wood":50,"threat_home":0,"turns_left":-50,"u_barracks":0.181297073015204,"u_redoubt":0.4613566199170856,"unit_spend":120,"vB":1.1581818181818182,"vH":1.1321212121212119,"vP":0.7951515151515152,"vc_want":0,"vcs":0,"vil_goal":50,"vil_rate":0,"vil_stamina":8,"vil_want":0,"vil_want_last":0,"vil_worth_now":0.6,"vils":0,"w_food":0,"w_gold":0,"w_stone":0,"w_wood":0,"wild_workers":0,"wood_need":0,"wood_rate":0,"workers":0}
2026/09/30 21:20:37 player action: set-unit-behavior 0 1 map[internal_ids:[26 27 28 29 30] interrupt_current:false]
2026/09/30 21:20:37 player action: submit-orders 0 1 map[orders:[{0 [26] 9 33 true} {0 [27] 9 33 true} {0 [28] 9 33 true} {0 [29] 9 33 true} {0 [30] 9 33 true} {0 [26] 9 33 true} {0 [27] 9 33 true} {0 [28] 9 33 true} {0 [29] 9 33 true} {0 [30] 9 33 true}]]
2026/09/30 21:20:37 Executing submit orders for: 0 [{0 [26] 9 33 true} {0 [27] 9 33 true} {0 [28] 9 33 true} {0 [29] 9 33 true} {0 [30] 9 33 true} {0 [26] 9 33 true} {0 [27] 9 33 true} {0 [28] 9 33 true} {0 [29] 9 33 true} {0 [30] 9 33 true}]
2026/09/30 21:20:37 Resolving active orders
2026/09/30 21:20:37 combat turn=26 tick=1: 26 u13 (player 0, stamina 3) hits 33 u11 (player 1) for 5.12
2026/09/30 21:20:37 combat turn=26 tick=1: 28 u13 (player 0, stamina 3) hits 33 u11 (player 1) for 5.12
2026/09/30 21:20:37 combat turn=26 tick=1: 27 u13 (player 0, stamina 3) hits 33 u11 (player 1) for 5.12
2026/09/30 21:20:37 combat turn=26 tick=1: 29 u13 (player 0, stamina 3) hits 33 u11 (player 1) for 5.12
2026/09/30 21:20:37 combat turn=26 tick=1: 30 u13 (player 0, stamina 3) hits 33 u11 (player 1) for 5.12
2026/09/30 21:20:37 combat turn=26 tick=1: 33 u11 (player 1, stamina 3) hits 26 u13 (player 0) for 0.71
2026/09/30 21:20:37 state_hash turn=26 tick=1 hash=90ae8e43b5864074
2026/09/30 21:20:37 state_hash turn=26 tick=end hash=2fd999c72f50e844
