2026/09/30 21:20:37 board: space (0,-4) terrain_id=1
2026/09/30 21:20:37 board:   zone (1,0) key=2932 resource_id=21 category=2 amount=500
2026/09/30 21:20:37 board: space (1,-4) terrain_id=1
2026/09/30 21:20:37 board:   zone (0,-1) key=5890 resource_id=35 category=2 amount=1400
2026/09/30 21:20:37 board: space (2,-4) terrain_id=1
2026/09/30 21:20:37 board:   zone (0,1) key=12256 resource_id=25 category=2 amount=350
2026/09/30 21:20:37 board: space (3,-4) terrain_id=3
2026/09/30 21:20:37 board:   zone (0,1) key=21331 resource_id=32 category=2 amount=1200
2026/09/30 21:20:37 board: space (4,-4) terrain_id=2
2026/09/30 21:20:37 board: space (-1,-3) terrain_id=1
2026/09/30 21:20:37 board:   zone (-1,1) key=2362 resource_id=25 category=2 amount=350
2026/09/30 21:20:37 board: space (0,-3) terrain_id=51
2026/09/30 21:20:37 board:   zone (0,-1) key=994 resource_id=42 category=3 amount=250
2026/09/30 21:20:37 board:   zone (-1,0) key=905 resource_id=36 category=2 amount=1800
2026/09/30 21:20:37 board: space (1,-3) terrain_id=1
2026/09/30 21:20:37 board:   zone (1,0) key=2634 resource_id=2 category=1 amount=150
2026/09/30 21:20:37 board: space (2,-3) terrain_id=8
2026/09/30 21:20:37 board:   zone (1,-1) key=6569 resource_id=26 category=2 amount=450
2026/09/30 21:20:37 board: space (3,-3) terrain_id=1
2026/09/30 21:20:37 board:   zone (-1,0) key=10442 resource_id=24 category=2 amount=500
2026/09/30 21:20:37 board:   zone (0,1) key=11638 resource_id=34 category=2 amount=2000
2026/09/30 21:20:37 board: space (4,-3) terrain_id=1
2026/09/30 21:20:37 board:   zone (-1,1) key=21752 resource_id=31 category=2 amount=2000
2026/09/30 21:20:37 board:   zone (0,1) key=20513 resource_id=26 category=2 amount=450
2026/09/30 21:20:37 board: space (-2,-2) terrain_id=1
2026/09/30 21:20:37 board:   zone (0,-1) key=1382 resource_id=26 category=2 amount=450
2026/09/30 21:20:37 board: space (-1,-2) terrain_id=1
2026/09/30 21:20:37 board:   zone (-1,0) key=408 resource_id=33 category=2 amount=1600
2026/09/30 21:20:37 board:   zone (-1,1) key=919 resource_id=41 category=3 amount=100
2026/09/30 21:20:37 board: space (0,-2) terrain_id=52
2026/09/30 21:20:37 board:   zone (1,-1) key=542 resource_id=24 category=2 amount=500
2026/09/30 21:20:37 board:   zone (0,1) key=416 resource_id=22 category=2 amount=300
2026/09/30 21:20:37 board: space (1,-2) terrain_id=8
2026/09/30 21:20:37 board:   zone (-1,1) key=1394 resource_id=36 category=2 amount=1800
2026/09/30 21:20:37 board: space (2,-2) terrain_id=1
2026/09/30 21:20:37 board:   zone (1,0) key=2352 resource_id=2 category=1 amount=150
2026/09/30 21:20:37 board: space (3,-2) terrain_id=1
2026/09/30 21:20:37 board:   zone (0,-1) key=5054 resource_id=2 category=1 amount=150
2026/09/30 21:20:37 board:   zone (-1,0) key=4853 resource_id=41 category=3 amount=100
2026/09/30 21:20:37 board:   zone (1,0) key=5259 resource_id=23 category=2 amount=400
2026/09/30 21:20:37 board:   zone (-1,1) key=6344 resource_id=21 category=2 amount=500
2026/09/30 21:20:37 board:   zone (0,1) key=5681 resource_id=1 category=1 amount=250
2026/09/30 21:20:37 board: space (4,-2) terrain_id=1
2026/09/30 21:20:37 board:   zone (1,-1) key=11642 resource_id=2 category=1 amount=150
2026/09/30 21:20:37 board:   zone (-1,1) key=11951 resource_id=33 category=2 amount=1600
2026/09/30 21:20:37 board: space (-3,-1) terrain_id=1
2026/09/30 21:20:37 board: space (-2,-1) terrain_id=1
2026/09/30 21:20:37 board: space (-1,-1) terrain_id=52
2026/09/30 21:20:37 board:   zone (-1,0) key=57 resource_id=1 category=1 amount=250
2026/09/30 21:20:37 board:   zone (1,0) key=111 resource_id=32 category=2 amount=1200
2026/09/30 21:20:37 board:   zone (-1,1) key=316 resource_id=22 category=2 amount=300
2026/09/30 21:20:37 board: space (0,-1) terrain_id=52
2026/09/30 21:20:37 board:   zone (0,-1) key=40 resource_id=23 category=2 amount=400
2026/09/30 21:20:37 board:   zone (0,1) key=115 resource_id=22 category=2 amount=300
2026/09/30 21:20:37 board: space (1,-1) terrain_id=1
2026/09/30 21:20:37 board: space (2,-1) terrain_id=1
2026/09/30 21:20:37 board:   zone (0,-1) key=670 resource_id=1 category=1 amount=250
2026/09/30 21:20:37 board:   zone (1,-1) key=1095 resource_id=25 category=2 amount=350
2026/09/30 21:20:37 board:   zone (0,1) key=913 resource_id=42 category=3 amount=250
2026/09/30 21:20:37 board: space (3,-1) terrain_id=1
2026/09/30 21:20:37 board:   zone (0,-1) key=1957 resource_id=43 category=3 amount=400
2026/09/30 21:20:37 board:   zone (0,1) key=2356 resource_id=1 category=1 amount=250
2026/09/30 21:20:37 board: space (4,-1) terrain_id=52
2026/09/30 21:20:37 board:   zone (-1,0) key=4467 resource_id=23 category=2 amount=400
2026/09/30 21:20:37 board: space (-4,0) terrain_id=53
2026/09/30 21:20:37 board:   zone (-1,1) key=2644 resource_id=32 category=2 amount=1200
2026/09/30 21:20:37 board: space (-3,0) terrain_id=54
2026/09/30 21:20:37 board:   zone (-1,0) key=530 resource_id=36 category=2 amount=1800
2026/09/30 21:20:37 board: space (-2,0) terrain_id=1
2026/09/30 21:20:37 board: space (-1,0) terrain_id=2
2026/09/30 21:20:37 board: space (0,0) terrain_id=2
2026/09/30 21:20:37 board:   zone (-1,0) key=5 resource_id=36 category=2 amount=1800
2026/09/30 21:20:37 board:   zone (0,1) key=65 resource_id=35 category=2 amount=1400
2026/09/30 21:20:37 board: space (1,0) terrain_id=2
2026/09/30 21:20:37 board:   zone (0,-1) key=59 resource_id=32 category=2 amount=1200
2026/09/30 21:20:37 board: space (2,0) terrain_id=2
2026/09/30 21:20:37 board: space (3,0) terrain_id=52
2026/09/30 21:20:37 board:   zone (1,-1) key=1610 resource_id=25 category=2 amount=350
2026/09/30 21:20:37 board: space (4,0) terrain_id=9
2026/09/30 21:20:37 board:   zone (0,-1) key=2930 resource_id=33 category=2 amount=1600
2026/09/30 21:20:37 board: space (-4,1) terrain_id=54
2026/09/30 21:20:37 board:   zone (1,-1) key=5900 resource_id=31 category=2 amount=2000
2026/09/30 21:20:37 board:   zone (-1,1) key=6121 resource_id=33 category=2 amount=1600
2026/09/30 21:20:37 board: space (-3,1) terrain_id=1
2026/09/30 21:20:37 board:   zone (0,-1) key=2084 resource_id=1 category=1 amount=250
2026/09/30 21:20:37 board:   zone (0,1) key=2495 resource_id=43 category=3 amount=400
2026/09/30 21:20:37 board: space (-2,1) terrain_id=1
2026/09/30 21:20:37 board:   zone (0,-1) key=745 resource_id=42 category=3 amount=250
2026/09/30 21:20:37 board:   zone (-1,1) key=1291 resource_id=25 category=2 amount=350
2026/09/30 21:20:37 board:   zone (0,1) key=1000 resource_id=1 category=1 amount=250
2026/09/30 21:20:37 board: space (-1,1) terrain_id=8
2026/09/30 21:20:37 board:   zone (1,0) key=259 resource_id=22 category=2 amount=300
2026/09/30 21:20:37 board: space (0,1) terrain_id=10
2026/09/30 21:20:37 board:   zone (1,-1) key=314 resource_id=35 category=2 amount=1400
2026/09/30 21:20:37 board:   zone (-1,1) key=367 resource_id=43 category=3 amount=400
2026/09/30 21:20:37 board: space (1,1) terrain_id=2
2026/09/30 21:20:37 board:   zone (1,0) key=471 resource_id=24 category=2 amount=500
2026/09/30 21:20:37 board: space (2,1) terrain_id=4
2026/09/30 21:20:37 board:   zone (-1,1) key=1969 resource_id=31 category=2 amount=2000
2026/09/30 21:20:37 board: space (3,1) terrain_id=11
2026/09/30 21:20:37 board: space (-4,2) terrain_id=1
2026/09/30 21:20:37 board:   zone (1,-1) key=11949 resource_id=33 category=2 amount=1600
2026/09/30 21:20:37 board:   zone (-1,1) key=12262 resource_id=2 category=1 amount=150
2026/09/30 21:20:37 board: space (-3,2) terrain_id=1
2026/09/30 21:20:37 board:   zone (0,-1) key=5257 resource_id=1 category=1 amount=250
2026/09/30 21:20:37 board:   zone (1,-1) key=6342 resource_id=21 category=2 amount=500
2026/09/30 21:20:37 board:   zone (-1,0) key=5052 resource_id=23 category=2 amount=400
2026/09/30 21:20:37 board:   zone (1,0) key=5466 resource_id=41 category=3 amount=100
2026/09/30 21:20:37 board:   zone (0,1) key=5896 resource_id=2 category=1 amount=150
2026/09/30 21:20:37 board: space (-2,2) terrain_id=1
2026/09/30 21:20:37 board:   zone (-1,0) key=2213 resource_id=2 category=1 amount=150
2026/09/30 21:20:37 board: space (-1,2) terrain_id=8
2026/09/30 21:20:37 board:   zone (1,-1) key=1392 resource_id=36 category=2 amount=1800
2026/09/30 21:20:37 board: space (0,2) terrain_id=53
2026/09/30 21:20:37 board:   zone (-1,0) key=467 resource_id=31 category=2 amount=2000
2026/09/30 21:20:37 board: space (1,2) terrain_id=53
2026/09/30 21:20:37 board: space (2,2) terrain_id=1
2026/09/30 21:20:37 board:   zone (0,-1) key=3574 resource_id=41 category=3 amount=100
2026/09/30 21:20:37 board:   zone (-1,1) key=4672 resource_id=22 category=2 amount=300
2026/09/30 21:20:37 board: space (-4,3) terrain_id=1
2026/09/30 21:20:37 board:   zone (0,-1) key=19705 resource_id=26 category=2 amount=450
2026/09/30 21:20:37 board:   zone (1,-1) key=21750 resource_id=31 category=2 amount=2000
2026/09/30 21:20:37 board: space (-3,3) terrain_id=1
2026/09/30 21:20:37 board:   zone (0,-1) key=11030 resource_id=34 category=2 amount=2000
2026/09/30 21:20:37 board:   zone (1,0) key=11331 resource_id=24 category=2 amount=500
2026/09/30 21:20:37 board: space (-2,3) terrain_id=2
2026/09/30 21:20:37 board:   zone (0,1) key=6338 resource_id=42 category=3 amount=250
2026/09/30 21:20:37 board: space (-1,3) terrain_id=11
2026/09/30 21:20:37 board: space (0,3) terrain_id=54
2026/09/30 21:20:37 board:   zone (1,-1) key=2360 resource_id=33 category=2 amount=1600
2026/09/30 21:20:37 board: space (1,3) terrain_id=1
2026/09/30 21:20:37 board:   zone (1,-1) key=4865 resource_id=31 category=2 amount=2000
2026/09/30 21:20:37 board: space (-4,4) terrain_id=2
2026/09/30 21:20:37 board: space (-3,4) terrain_id=4
2026/09/30 21:20:37 board:   zone (1,0) key=20916 resource_id=1 category=1 amount=250
2026/09/30 21:20:37 board: space (-2,4) terrain_id=4
2026/09/30 21:20:37 board: space (-1,4) terrain_id=54
2026/09/30 21:20:37 board: space (0,4) terrain_id=9
2026/09/30 21:20:37 board:   zone (1,-1) key=5267 resource_id=2 category=1 amount=150
2026/09/30 21:20:37 board:   zone (-1,1) key=5476 resource_id=21 category=2 amount=500
2026/09/30 21:20:37 state_hash turn=0 tick=end hash=c439882ca48dd7bd
2026/09/30 21:20:37 ai ai-0: new turn data {"buildings":[],"enemy_buildings":[],"enemy_units":[],"foundations":[],"population":{"current":30,"limit":0},"resources":{"food":200,"gold":2,"stone":100,"wood":200},"spaces":[{"Space":{"X":0,"Y":-4},"Vision":0,"Owner":-1},{"Space":{"X":1,"Y":-4},"Vision":0,"Owner":-1},{"Space":{"X":2,"Y":-4},"Vision":0,"Owner":-1},{"Space":{"X":3,"Y":-4},"Vision":0,"Owner":-1},{"Space":{"X":4,"Y":-4},"Vision":0,"Owner":-1},{"Space":{"X":-1,"Y":-3},"Vision":0,"Owner":-1},{"Space":{"X":0,"Y":-3},"Vision":0,"Owner":-1},{"Space":{"X":1,"Y":-3},"Vision":0,"Owner":-1},{"Space":{"X":2,"Y":-3},"Vision":0,"Owner":-1},{"Space":{"X":3,"Y":-3},"Vision":2,"Owner":-1},{"Space":{"X":4,"Y":-3},"Vision":2,"Owner":-1},{"Space":{"X":-2,"Y":-2},"Vision":0,"Owner":-1},{"Space":{"X":-1,"Y":-2},"Vision":0,"Owner":-1},{"Space":{"X":0,"Y":-2},"Vision":0,"Owner":-1},{"Space":{"X":1,"Y":-2},"Vision":0,"Owner":-1},{"Space":{"X":2,"Y":-2},"Vision":2,"Owner":-1},{"Space":{"X":3,"Y":-2},"Vision":3,"Owner":0},{"Space":{"X":4,"Y":-2},"Vision":2,"Owner":-1},{"Space":{"X":-3,"Y":-1},"Vision":0,"Owner":-1},{"Space":{"X":-2,"Y":-1},"Vision":0,"Owner":-1},{"Space":{"X":-1,"Y":-1},"Vision":0,"Owner":-1},{"Space":{"X":0,"Y":-1},"Vision":0,"Owner":-1},{"Space":{"X":1,"Y":-1},"Vision":0,"Owner":-1},{"Space":{"X":2,"Y":-1},"Vision":2,"Owner":-1},{"Space":{"X":3,"Y":-1},"Vision":2,"Owner":-1},{"Space":{"X":4,"Y":-1},"Vision":0,"Owner":-1},{"Space":{"X":-4,"Y":0},"Vision":0,"Owner":-1},{"Space":{"X":-3,"Y":0},"Vision":0,"Owner":-1},{"Space":{"X":-2,"Y":0},"Vision":0,"Owner":-1},{"Space":{"X":-1,"Y":0},"Vision":0,"Owner":-1},{"Space":{"X":0,"Y":0},"Vision":0,"Owner":-1},{"Space":{"X":1,"Y":0},"Vision":0,"Owner":-1},{"Space":{"X":2,"Y":0},"Vision":0,"Owner":-1},{"Space":{"X":3,"Y":0},"Vision":0,"Owner":-1},{"Space":{"X":4,"Y":0},"Vision":0,"Owner":-1},{"Space":{"X":-4,"Y":1},"Vision":0,"Owner":-1},{"Space":{"X":-3,"Y":1},"Vision":0,"Owner":-1},{"Space":{"X":-2,"Y":1},"Vision":0,"Owner":-1},{"Space":{"X":-1,"Y":1},"Vision":0,"Owner":-1},{"Space":{"X":0,"Y":1},"Vision":0,"Owner":-1},{"Space":{"X":1,"Y":1},"Vision":0,"Owner":-1},{"Space":{"X":2,"Y":1},"Vision":0,"Owner":-1},{"Space":{"X":3,"Y":1},"Vision":0,"Owner":-1},{"Space":{"X":-4,"Y":2},"Vision":0,"Owner":-1},{"Space":{"X":-3,"Y":2},"Vision":0,"Owner":-1},{"Space":{"X":-2,"Y":2},"Vision":0,"Owner":-1},{"Space":{"X":-1,"Y":2},"Vision":0,"Owner":-1},{"Space":{"X":0,"Y":2},"Vision":0,"Owner":-1},{"Space":{"X":1,"Y":2},"Vision":0,"Owner":-1},{"Space":{"X":2,"Y":2},"Vision":0,"Owner":-1},{"Space":{"X":-4,"Y":3},"Vision":0,"Owner":-1},{"Space":{"X":-3,"Y":3},"Vision":0,"Owner":-1},{"Space":{"X":-2,"Y":3},"Vision":0,"Owner":-1},{"Space":{"X":-1,"Y":3},"Vision":0,"Owner":-1},{"Space":{"X":0,"Y":3},"Vision":0,"Owner":-1},{"Space":{"X":1,"Y":3},"Vision":0,"Owner":-1},{"Space":{"X":-4,"Y":4},"Vision":0,"Owner":-1},{"Space":{"X":-3,"Y":4},"Vision":0,"Owner":-1},{"Space":{"X":-2,"Y":4},"Vision":0,"Owner":-1},{"Space":{"X":-1,"Y":4},"Vision":0,"Owner":-1},{"Space":{"X":0,"Y":4},"Vision":0,"Owner":-1}],"units":[{"InternalID":1,"UnitID":11,"Type":2,"Kind":1,"Location":{"Space":{"X":3,"Y":-2},"Zone":{"X":0,"Y":0}},"CurrentStamina":15,"CurrentOrder":null,"Builds":[],"GarrisonedIn":null,"Stance":3,"InterruptCurrent":false,"AttackBack":true,"TargetPriority":"","ActiveOrders":null,"Health":11,"MaxHealth":11},{"InternalID":2,"UnitID":11,"Type":2,"Kind":1,"Location":{"Space":{"X":3,"Y":-2},"Zone":{"X":0,"Y":0}},"CurrentStamina":15,"CurrentOrder":null,"Builds":[],"GarrisonedIn":null,"Stance":3,"InterruptCurrent":false,"AttackBack":true,"TargetPriority":"","ActiveOrders":null,"Health":11,"MaxHealth":11},{"InternalID":3,"UnitID":11,"Type":2,"Kind":1,"Location":{"Space":{"X":3,"Y":-2},"Zone":{"X":0,"Y":0}},"CurrentStamina":15,"CurrentOrder":null,"Builds":[],"GarrisonedIn":null,"Stance":3,"InterruptCurrent":false,"AttackBack":true,"TargetPriority":"","ActiveOrders":null,"Health":11,"MaxHealth":11},{"InternalID":4,"UnitID":11,"Type":2,"Kind":1,"Location":{"Space":{"X":3,"Y":-2},"Zone":{"X":0,"Y":0}},"CurrentStamina":15,"CurrentOrder":null,"Builds":[],"GarrisonedIn":null,"Stance":3,"InterruptCurrent":false,"AttackBack":true,"TargetPriority":"","ActiveOrders":null,"Health":11,"MaxHealth":11},{"InternalID":5,"UnitID":11,"Type":2,"Kind":1,"Location":{"Space":{"X":3,"Y":-2},"Zone":{"X":0,"Y":0}},"CurrentStamina":15,"CurrentOrder":null,"Builds":[],"GarrisonedIn":null,"Stance":3,"InterruptCurrent":false,"AttackBack":true,"TargetPriority":"","ActiveOrders":null,"Health":11,"MaxHealth":11},{"InternalID":6,"UnitID":11,"Type":2,"Kind":1,"Location":{"Space":{"X":3,"Y":-2},"Zone":{"X":0,"Y":0}},"CurrentStamina":15,"CurrentOrder":null,"Builds":[],"GarrisonedIn":null,"Stance":3,"InterruptCurrent":false,"AttackBack":true,"TargetPriority":"","ActiveOrders":null,"Health":11,"MaxHealth":11},{"InternalID":7,"UnitID":11,"Type":2,"Kind":1,"Location":{"Space":{"X":3,"Y":-2},"Zone":{"X":0,"Y":0}},"CurrentStamina":15,"CurrentOrder":null,"Builds":[],"GarrisonedIn":null,"Stance":3,"InterruptCurrent":false,"AttackBack":true,"TargetPriority":"","ActiveOrders":null,"Health":11,"MaxHealth":11},{"InternalID":8,"UnitID":11,"Type":2,"Kind":1,"Location":{"Space":{"X":3,"Y":-2},"Zone":{"X":0,"Y":0}},"CurrentStamina":15,"CurrentOrder":null,"Builds":[],"GarrisonedIn":null,"Stance":3,"InterruptCurrent":false,"AttackBack":true,"TargetPriority":"","ActiveOrders":null,"Health":11,"MaxHealth":11},{"InternalID":9,"UnitID":11,"Type":2,"Kind":1,"Location":{"Space":{"X":3,"Y":-2},"Zone":{"X":0,"Y":0}},"CurrentStamina":15,"CurrentOrder":null,"Builds":[],"GarrisonedIn":null,"Stance":3,"InterruptCurrent":false,"AttackBack":true,"TargetPriority":"","ActiveOrders":null,"Health":11,"MaxHealth":11},{"InternalID":10,"UnitID":11,"Type":2,"Kind":1,"Location":{"Space":{"X":3,"Y":-2},"Zone":{"X":0,"Y":0}},"CurrentStamina":15,"CurrentOrder":null,"Builds":[],"GarrisonedIn":null,"Stance":3,"InterruptCurrent":false,"AttackBack":true,"TargetPriority":"","ActiveOrders":null,"Health":11,"MaxHealth":11},{"InternalID":11,"UnitID":11,"Type":2,"Kind":1,"Location":{"Space":{"X":3,"Y":-2},"Zone":{"X":0,"Y":0}},"CurrentStamina":15,"CurrentOrder":null,"Builds":[],"GarrisonedIn":null,"Stance":3,"InterruptCurrent":false,"AttackBack":true,"TargetPriority":"","ActiveOrders":null,"Health":11,"MaxHealth":11},{"InternalID":12,"UnitID":11,"Type":2,"Kind":1,"Location":{"Space":{"X":3,"Y":-2},"Zone":{"X":0,"Y":0}},"CurrentStamina":15,"CurrentOrder":null,"Builds":[],"GarrisonedIn":null,"Stance":3,"InterruptCurrent":false,"AttackBack":true,"TargetPriority":"","ActiveOrders":null,"Health":11,"MaxHealth":11},{"InternalID":13,"UnitID":11,"Type":2,"Kind":1,"Location":{"Space":{"X":3,"Y":-2},"Zone":{"X":0,"Y":0}},"CurrentStamina":15,"CurrentOrder":null,"Builds":[],"GarrisonedIn":null,"Stance":3,"InterruptCurrent":false,"AttackBack":true,"TargetPriority":"","ActiveOrders":null,"Health":11,"MaxHealth":11},{"InternalID":14,"UnitID":11,"Type":2,"Kind":1,"Location":{"Space":{"X":3,"Y":-2},"Zone":{"X":0,"Y":0}},"CurrentStamina":15,"CurrentOrder":null,"Builds":[],"GarrisonedIn":null,"Stance":3,"InterruptCurrent":false,"AttackBack":true,"TargetPriority":"","ActiveOrders":null,"Health":11,"MaxHealth":11},{"InternalID":15,"UnitID":11,"Type":2,"Kind":1,"Location":{"Space":{"X":3,"Y":-2},"Zone":{"X":0,"Y":0}},"CurrentStamina":15,"CurrentOrder":null,"Builds":[],"GarrisonedIn":null,"Stance":3,"InterruptCurrent":false,"AttackBack":true,"TargetPriority":"","ActiveOrders":null,"Health":11,"MaxHealth":11},{"InternalID":16,"UnitID":11,"Type":2,"Kind":1,"Location":{"Space":{"X":3,"Y":-2},"Zone":{"X":0,"Y":0}},"CurrentStamina":15,"CurrentOrder":null,"Builds":[],"GarrisonedIn":null,"Stance":3,"InterruptCurrent":false,"AttackBack":true,"TargetPriority":"","ActiveOrders":null,"Health":11,"MaxHealth":11},{"InternalID":17,"UnitID":12,"Type":2,"Kind":1,"Location":{"Space":{"X":3,"Y":-2},"Zone":{"X":0,"Y":0}},"CurrentStamina":12,"CurrentOrder":null,"Builds":[],"GarrisonedIn":null,"Stance":3,"InterruptCurrent":false,"AttackBack":true,"TargetPriority":"","ActiveOrders":null,"Health":16,"MaxHealth":16},{"InternalID":18,"UnitID":12,"Type":2,"Kind":1,"Location":{"Space":{"X":3,"Y":-2},"Zone":{"X":0,"Y":0}},"CurrentStamina":12,"CurrentOrder":null,"Builds":[],"GarrisonedIn":null,"Stance":3,"InterruptCurrent":false,"AttackBack":true,"TargetPriority":"","ActiveOrders":null,"Health":16,"MaxHealth":16},{"InternalID":19,"UnitID":12,"Type":2,"Kind":1,"Location":{"Space":{"X":3,"Y":-2},"Zone":{"X":0,"Y":0}},"CurrentStamina":12,"CurrentOrder":null,"Builds":[],"GarrisonedIn":null,"Stance":3,"InterruptCurrent":false,"AttackBack":true,"TargetPriority":"","ActiveOrders":null,"Health":16,"MaxHealth":16},{"InternalID":20,"UnitID":12,"Type":2,"Kind":1,"Location":{"Space":{"X":3,"Y":-2},"Zone":{"X":0,"Y":0}},"CurrentStamina":12,"CurrentOrder":null,"Builds":[],"GarrisonedIn":null,"Stance":3,"InterruptCurrent":false,"AttackBack":true,"TargetPriority":"","ActiveOrders":null,"Health":16,"MaxHealth":16},{"InternalID":21,"UnitID":12,"Type":2,"Kind":1,"Location":{"Space":{"X":3,"Y":-2},"Zone":{"X":0,"Y":0}},"CurrentStamina":12,"CurrentOrder":null,"Builds":[],"GarrisonedIn":null,"Stance":3,"InterruptCurrent":false,"AttackBack":true,"TargetPriority":"","ActiveOrders":null,"Health":16,"MaxHealth":16},{"InternalID":22,"UnitID":12,"Type":2,"Kind":1,"Location":{"Space":{"X":3,"Y":-2},"Zone":{"X":0,"Y":0}},"CurrentStamina":12,"CurrentOrder":null,"Builds":[],"GarrisonedIn":null,"Stance":3,"InterruptCurrent":false,"AttackBack":true,"TargetPriority":"","ActiveOrders":null,"Health":16,"MaxHealth":16},{"InternalID":23,"UnitID":12,"Type":2,"Kind":1,"Location":{"Space":{"X":3,"Y":-2},"Zone":{"X":0,"Y":0}},"CurrentStamina":12,"CurrentOrder":null,"Builds":[],"GarrisonedIn":null,"Stance":3,"InterruptCurrent":false,"AttackBack":true,"TargetPriority":"","ActiveOrders":null,"Health":16,"MaxHealth":16},{"InternalID":24,"UnitID":12,"Type":2,"Kind":1,"Location":{"Space":{"X":3,"Y":-2},"Zone":{"X":0,"Y":0}},"CurrentStamina":12,"CurrentOrder":null,"Builds":[],"GarrisonedIn":null,"Stance":3,"InterruptCurrent":false,"AttackBack":true,"TargetPriority":"","ActiveOrders":null,"Health":16,"MaxHealth":16},{"InternalID":25,"UnitID":13,"Type":2,"Kind":1,"Location":{"Space":{"X":3,"Y":-2},"Zone":{"X":0,"Y":0}},"CurrentStamina":8,"CurrentOrder":null,"Builds":[],"GarrisonedIn":null,"Stance":3,"InterruptCurrent":false,"AttackBack":true,"TargetPriority":"","ActiveOrders":null,"Health":50,"MaxHealth":50},{"InternalID":26,"UnitID":13,"Type":2,"Kind":1,"Location":{"Space":{"X":3,"Y":-2},"Zone":{"X":0,"Y":0}},"CurrentStamina":8,"CurrentOrder":null,"Builds":[],"GarrisonedIn":null,"Stance":3,"InterruptCurrent":false,"AttackBack":true,"TargetPriority":"","ActiveOrders":null,"Health":50,"MaxHealth":50},{"InternalID":27,"UnitID":13,"Type":2,"Kind":1,"Location":{"Space":{"X":3,"Y":-2},"Zone":{"X":0,"Y":0}},"CurrentStamina":8,"CurrentOrder":null,"Builds":[],"GarrisonedIn":null,"Stance":3,"InterruptCurrent":false,"AttackBack":true,"TargetPriority":"","ActiveOrders":null,"Health":50,"MaxHealth":50},{"InternalID":28,"UnitID":13,"Type":2,"Kind":1,"Location":{"Space":{"X":3,"Y":-2},"Zone":{"X":0,"Y":0}},"CurrentStamina":8,"CurrentOrder":null,"Builds":[],"GarrisonedIn":null,"Stance":3,"InterruptCurrent":false,"AttackBack":true,"TargetPriority":"","ActiveOrders":null,"Health":50,"MaxHealth":50},{"InternalID":29,"UnitID":13,"Type":2,"Kind":1,"Location":{"Space":{"X":3,"Y":-2},"Zone":{"X":0,"Y":0}},"CurrentStamina":8,"CurrentOrder":null,"Builds":[],"GarrisonedIn":null,"Stance":3,"InterruptCurrent":false,"AttackBack":true,"TargetPriority":"","ActiveOrders":null,"Health":50,"MaxHealth":50},{"InternalID":30,"UnitID":13,"Type":2,"Kind":1,"Location":{"Space":{"X":3,"Y":-2},"Zone":{"X":0,"Y":0}},"CurrentStamina":8,"CurrentOrder":null,"Builds":[],"GarrisonedIn":null,"Stance":3,"InterruptCurrent":false,"AttackBack":true,"TargetPriority":"","ActiveOrders":null,"Health":50,"MaxHealth":50}]}
2026/09/30 21:20:37 ai ai-1: new turn data {"buildings":[],"enemy_buildings":[],"enemy_units":[],"foundations":[],"population":{"current":30,"limit":0},"resources":{"food":200,"gold":2,"stone":100,"wood":200},"spaces":[{"Space":{"X":0,"Y":-4},"Vision":0,"Owner":-1},{"Space":{"X":1,"Y":-4},"Vision":0,"Owner":-1},{"Space":{"X":2,"Y":-4},"Vision":0,"Owner":-1},{"Space":{"X":3,"Y":-4},"Vision":0,"Owner":-1},{"Space":{"X":4,"Y":-4},"Vision":0,"Owner":-1},{"Space":{"X":-1,"Y":-3},"Vision":0,"Owner":-1},{"Space":{"X":0,"Y":-3},"Vision":0,"Owner":-1},{"Space":{"X":1,"Y":-3},"Vision":0,"Owner":-1},{"Space":{"X":2,"Y":-3},"Vision":0,"Owner":-1},{"Space":{"X":3,"Y":-3},"Vision":0,"Owner":-1},{"Space":{"X":4,"Y":-3},"Vision":0,"Owner":-1},{"Space":{"X":-2,"Y":-2},"Vision":0,"Owner":-1},{"Space":{"X":-1,"Y":-2},"Vision":0,"Owner":-1},{"Space":{"X":0,"Y":-2},"Vision":0,"Owner":-1},{"Space":{"X":1,"Y":-2},"Vision":0,"Owner":-1},{"Space":{"X":2,"Y":-2},"Vision":0,"Owner":-1},{"Space":{"X":3,"Y":-2},"Vision":0,"Owner":-1},{"Space":{"X":4,"Y":-2},"Vision":0,"Owner":-1},{"Space":{"X":-3,"Y":-1},"Vision":0,"Owner":-1},{"Space":{"X":-2,"Y":-1},"Vision":0,"Owner":-1},{"Space":{"X":-1,"Y":-1},"Vision":0,"Owner":-1},{"Space":{"X":0,"Y":-1},"Vision":0,"Owner":-1},{"Space":{"X":1,"Y":-1},"Vision":0,"Owner":-1},{"Space":{"X":2,"Y":-1},"Vision":0,"Owner":-1},{"Space":{"X":3,"Y":-1},"Vision":0,"Owner":-1},{"Space":{"X":4,"Y":-1},"Vision":0,"Owner":-1},{"Space":{"X":-4,"Y":0},"Vision":0,"Owner":-1},{"Space":{"X":-3,"Y":0},"Vision":0,"Owner":-1},{"Space":{"X":-2,"Y":0},"Vision":0,"Owner":-1},{"Space":{"X":-1,"Y":0},"Vision":0,"Owner":-1},{"Space":{"X":0,"Y":0},"Vision":0,"Owner":-1},{"Space":{"X":1,"Y":0},"Vision":0,"Owner":-1},{"Space":{"X":2,"Y":0},"Vision":0,"Owner":-1},{"Space":{"X":3,"Y":0},"Vision":0,"Owner":-1},{"Space":{"X":4,"Y":0},"Vision":0,"Owner":-1},{"Space":{"X":-4,"Y":1},"Vision":0,"Owner":-1},{"Space":{"X":-3,"Y":1},"Vision":2,"Owner":-1},{"Space":{"X":-2,"Y":1},"Vision":2,"Owner":-1},{"Space":{"X":-1,"Y":1},"Vision":0,"Owner":-1},{"Space":{"X":0,"Y":1},"Vision":0,"Owner":-1},{"Space":{"X":1,"Y":1},"Vision":0,"Owner":-1},{"Space":{"X":2,"Y":1},"Vision":0,"Owner":-1},{"Space":{"X":3,"Y":1},"Vision":0,"Owner":-1},{"Space":{"X":-4,"Y":2},"Vision":2,"Owner":-1},{"Space":{"X":-3,"Y":2},"Vision":3,"Owner":1},{"Space":{"X":-2,"Y":2},"Vision":2,"Owner":-1},{"Space":{"X":-1,"Y":2},"Vision":0,"Owner":-1},{"Space":{"X":0,"Y":2},"Vision":0,"Owner":-1},{"Space":{"X":1,"Y":2},"Vision":0,"Owner":-1},{"Space":{"X":2,"Y":2},"Vision":0,"Owner":-1},{"Space":{"X":-4,"Y":3},"Vision":2,"Owner":-1},{"Space":{"X":-3,"Y":3},"Vision":2,"Owner":-1},{"Space":{"X":-2,"Y":3},"Vision":0,"Owner":-1},{"Space":{"X":-1,"Y":3},"Vision":0,"Owner":-1},{"Space":{"X":0,"Y":3},"Vision":0,"Owner":-1},{"Space":{"X":1,"Y":3},"Vision":0,"Owner":-1},{"Space":{"X":-4,"Y":4},"Vision":0,"Owner":-1},{"Space":{"X":-3,"Y":4},"Vision":0,"Owner":-1},{"Space":{"X":-2,"Y":4},"Vision":0,"Owner":-1},{"Space":{"X":-1,"Y":4},"Vision":0,"Owner":-1},{"Space":{"X":0,"Y":4},"Vision":0,"Owner":-1}],"units":[{"InternalID":31,"UnitID":11,"Type":2,"Kind":1,"Location":{"Space":{"X":-3,"Y":2},"Zone":{"X":0,"Y":0}},"CurrentStamina":15,"CurrentOrder":null,"Builds":[],"GarrisonedIn":null,"Stance":3,"InterruptCurrent":false,"AttackBack":true,"TargetPriority":"","ActiveOrders":null,"Health":11,"MaxHealth":11},{"InternalID":32,"UnitID":11,"Type":2,"Kind":1,"Location":{"Space":{"X":-3,"Y":2},"Zone":{"X":0,"Y":0}},"CurrentStamina":15,"CurrentOrder":null,"Builds":[],"GarrisonedIn":null,"Stance":3,"InterruptCurrent":false,"AttackBack":true,"TargetPriority":"","ActiveOrders":null,"Health":11,"MaxHealth":11},{"InternalID":33,"UnitID":11,"Type":2,"Kind":1,"Location":{"Space":{"X":-3,"Y":2},"Zone":{"X":0,"Y":0}},"CurrentStamina":15,"CurrentOrder":null,"Builds":[],"GarrisonedIn":null,"Stance":3,"InterruptCurrent":false,"AttackBack":true,"TargetPriority":"","ActiveOrders":null,"Health":11,"MaxHealth":11},{"InternalID":34,"UnitID":11,"Type":2,"Kind":1,"Location":{"Space":{"X":-3,"Y":2},"Zone":{"X":0,"Y":0}},"CurrentStamina":15,"CurrentOrder":null,"Builds":[],"GarrisonedIn":null,"Stance":3,"InterruptCurrent":false,"AttackBack":true,"TargetPriority":"","ActiveOrders":null,"Health":11,"MaxHealth":11},{"InternalID":35,"UnitID":11,"Type":2,"Kind":1,"Location":{"Space":{"X":-3,"Y":2},"Zone":{"X":0,"Y":0}},"CurrentStamina":15,"CurrentOrder":null,"Builds":[],"GarrisonedIn":null,"Stance":3,"InterruptCurrent":false,"AttackBack":true,"TargetPriority":"","ActiveOrders":null,"Health":11,"MaxHealth":11},{"InternalID":36,"UnitID":11,"Type":2,"Kind":1,"Location":{"Space":{"X":-3,"Y":2},"Zone":{"X":0,"Y":0}},"CurrentStamina":15,"CurrentOrder":null,"Builds":[],"GarrisonedIn":null,"Stance":3,"InterruptCurrent":false,"AttackBack":true,"TargetPriority":"","ActiveOrders":null,"Health":11,"MaxHealth":11},{"InternalID":37,"UnitID":11,"Type":2,"Kind":1,"Location":{"Space":{"X":-3,"Y":2},"Zone":{"X":0,"Y":0}},"CurrentStamina":15,"CurrentOrder":null,"Builds":[],"GarrisonedIn":null,"Stance":3,"InterruptCurrent":false,"AttackBack":true,"TargetPriority":"","ActiveOrders":null,"Health":11,"MaxHealth":11},{"InternalID":38,"UnitID":11,"Type":2,"Kind":1,"Location":{"Space":{"X":-3,"Y":2},"Zone":{"X":0,"Y":0}},"CurrentStamina":15,"CurrentOrder":null,"Builds":[],"GarrisonedIn":null,"Stance":3,"InterruptCurrent":false,"AttackBack":true,"TargetPriority":"","ActiveOrders":null,"Health":11,"MaxHealth":11},{"InternalID":39,"UnitID":11,"Type":2,"Kind":1,"Location":{"Space":{"X":-3,"Y":2},"Zone":{"X":0,"Y":0}},"CurrentStamina":15,"CurrentOrder":null,"Builds":[],"GarrisonedIn":null,"Stance":3,"InterruptCurrent":false,"AttackBack":true,"TargetPriority":"","ActiveOrders":null,"Health":11,"MaxHealth":11},{"InternalID":40,"UnitID":11,"Type":2,"Kind":1,"Location":{"Space":{"X":-3,"Y":2},"Zone":{"X":0,"Y":0}},"CurrentStamina":15,"CurrentOrder":null,"Builds":[],"GarrisonedIn":null,"Stance":3,"InterruptCurrent":false,"AttackBack":true,"TargetPriority":"","ActiveOrders":null,"Health":11,"MaxHealth":11},{"InternalID":41,"UnitID":11,"Type":2,"Kind":1,"Location":{"Space":{"X":-3,"Y":2},"Zone":{"X":0,"Y":0}},"CurrentStamina":15,"CurrentOrder":null,"Builds":[],"GarrisonedIn":null,"Stance":3,"InterruptCurrent":false,"AttackBack":true,"TargetPriority":"","ActiveOrders":null,"Health":11,"MaxHealth":11},{"InternalID":42,"UnitID":11,"Type":2,"Kind":1,"Location":{"Space":{"X":-3,"Y":2},"Zone":{"X":0,"Y":0}},"CurrentStamina":15,"CurrentOrder":null,"Builds":[],"GarrisonedIn":null,"Stance":3,"InterruptCurrent":false,"AttackBack":true,"TargetPriority":"","ActiveOrders":null,"Health":11,"MaxHealth":11},{"InternalID":43,"UnitID":11,"Type":2,"Kind":1,"Location":{"Space":{"X":-3,"Y":2},"Zone":{"X":0,"Y":0}},"CurrentStamina":15,"CurrentOrder":null,"Builds":[],"GarrisonedIn":null,"Stance":3,"InterruptCurrent":false,"AttackBack":true,"TargetPriority":"","ActiveOrders":null,"Health":11,"MaxHealth":11},{"InternalID":44,"UnitID":11,"Type":2,"Kind":1,"Location":{"Space":{"X":-3,"Y":2},"Zone":{"X":0,"Y":0}},"CurrentStamina":15,"CurrentOrder":null,"Builds":[],"GarrisonedIn":null,"Stance":3,"InterruptCurrent":false,"AttackBack":true,"TargetPriority":"","ActiveOrders":null,"Health":11,"MaxHealth":11},{"InternalID":45,"UnitID":11,"Type":2,"Kind":1,"Location":{"Space":{"X":-3,"Y":2},"Zone":{"X":0,"Y":0}},"CurrentStamina":15,"CurrentOrder":null,"Builds":[],"GarrisonedIn":null,"Stance":3,"InterruptCurrent":false,"AttackBack":true,"TargetPriority":"","ActiveOrders":null,"Health":11,"MaxHealth":11},{"InternalID":46,"UnitID":11,"Type":2,"Kind":1,"Location":{"Space":{"X":-3,"Y":2},"Zone":{"X":0,"Y":0}},"CurrentStamina":15,"CurrentOrder":null,"Builds":[],"GarrisonedIn":null,"Stance":3,"InterruptCurrent":false,"AttackBack":true,"TargetPriority":"","ActiveOrders":null,"Health":11,"MaxHealth":11},{"InternalID":47,"UnitID":12,"Type":2,"Kind":1,"Location":{"Space":{"X":-3,"Y":2},"Zone":{"X":0,"Y":0}},"CurrentStamina":12,"CurrentOrder":null,"Builds":[],"GarrisonedIn":null,"Stance":3,"InterruptCurrent":false,"AttackBack":true,"TargetPriority":"","ActiveOrders":null,"Health":16,"MaxHealth":16},{"InternalID":48,"UnitID":12,"Type":2,"Kind":1,"Location":{"Space":{"X":-3,"Y":2},"Zone":{"X":0,"Y":0}},"CurrentStamina":12,"CurrentOrder":null,"Builds":[],"GarrisonedIn":null,"Stance":3,"InterruptCurrent":false,"AttackBack":true,"TargetPriority":"","ActiveOrders":null,"Health":16,"MaxHealth":16},{"InternalID":49,"UnitID":12,"Type":2,"Kind":1,"Location":{"Space":{"X":-3,"Y":2},"Zone":{"X":0,"Y":0}},"CurrentStamina":12,"CurrentOrder":null,"Builds":[],"GarrisonedIn":null,"Stance":3,"InterruptCurrent":false,"AttackBack":true,"TargetPriority":"","ActiveOrders":null,"Health":16,"MaxHealth":16},{"InternalID":50,"UnitID":12,"Type":2,"Kind":1,"Location":{"Space":{"X":-3,"Y":2},"Zone":{"X":0,"Y":0}},"CurrentStamina":12,"CurrentOrder":null,"Builds":[],"GarrisonedIn":null,"Stance":3,"InterruptCurrent":false,"AttackBack":true,"TargetPriority":"","ActiveOrders":null,"Health":16,"MaxHealth":16},{"InternalID":51,"UnitID":12,"Type":2,"Kind":1,"Location":{"Space":{"X":-3,"Y":2},"Zone":{"X":0,"Y":0}},"CurrentStamina":12,"CurrentOrder":null,"Builds":[],"GarrisonedIn":null,"Stance":3,"InterruptCurrent":false,"AttackBack":true,"TargetPriority":"","ActiveOrders":null,"Health":16,"MaxHealth":16},{"InternalID":52,"UnitID":12,"Type":2,"Kind":1,"Location":{"Space":{"X":-3,"Y":2},"Zone":{"X":0,"Y":0}},"CurrentStamina":12,"CurrentOrder":null,"Builds":[],"GarrisonedIn":null,"Stance":3,"InterruptCurrent":false,"AttackBack":true,"TargetPriority":"","ActiveOrders":null,"Health":16,"MaxHealth":16},{"InternalID":53,"UnitID":12,"Type":2,"Kind":1,"Location":{"Space":{"X":-3,"Y":2},"Zone":{"X":0,"Y":0}},"CurrentStamina":12,"CurrentOrder":null,"Builds":[],"GarrisonedIn":null,"Stance":3,"InterruptCurrent":false,"AttackBack":true,"TargetPriority":"","ActiveOrders":null,"Health":16,"MaxHealth":16},{"InternalID":54,"UnitID":12,"Type":2,"Kind":1,"Location":{"Space":{"X":-3,"Y":2},"Zone":{"X":0,"Y":0}},"CurrentStamina":12,"CurrentOrder":null,"Builds":[],"GarrisonedIn":null,"Stance":3,"InterruptCurrent":false,"AttackBack":true,"TargetPriority":"","ActiveOrders":null,"Health":16,"MaxHealth":16},{"InternalID":55,"UnitID":13,"Type":2,"Kind":1,"Location":{"Space":{"X":-3,"Y":2},"Zone":{"X":0,"Y":0}},"CurrentStamina":8,"CurrentOrder":null,"Builds":[],"GarrisonedIn":null,"Stance":3,"InterruptCurrent":false,"AttackBack":true,"TargetPriority":"","ActiveOrders":null,"Health":50,"MaxHealth":50},{"InternalID":56,"UnitID":13,"Type":2,"Kind":1,"Location":{"Space":{"X":-3,"Y":2},"Zone":{"X":0,"Y":0}},"CurrentStamina":8,"CurrentOrder":null,"Builds":[],"GarrisonedIn":null,"Stance":3,"InterruptCurrent":false,"AttackBack":true,"TargetPriority":"","ActiveOrders":null,"Health":50,"MaxHealth":50},{"InternalID":57,"UnitID":13,"Type":2,"Kind":1,"Location":{"Space":{"X":-3,"Y":2},"Zone":{"X":0,"Y":0}},"CurrentStamina":8,"CurrentOrder":null,"Builds":[],"GarrisonedIn":null,"Stance":3,"InterruptCurrent":false,"AttackBack":true,"TargetPriority":"","ActiveOrders":null,"Health":50,"MaxHealth":50},{"InternalID":58,"UnitID":13,"Type":2,"Kind":1,"Location":{"Space":{"X":-3,"Y":2},"Zone":{"X":0,"Y":0}},"CurrentStamina":8,"CurrentOrder":null,"Builds":[],"GarrisonedIn":null,"Stance":3,"InterruptCurrent":false,"AttackBack":true,"TargetPriority":"","ActiveOrders":null,"Health":50,"MaxHealth":50},{"InternalID":59,"UnitID":13,"Type":2,"Kind":1,"Location":{"Space":{"X":-3,"Y":2},"Zone":{"X":0,"Y":0}},"CurrentStamina":8,"CurrentOrder":null,"Builds":[],"GarrisonedIn":null,"Stance":3,"InterruptCurrent":false,"AttackBack":true,"TargetPriority":"","ActiveOrders":null,"Health":50,"MaxHealth":50},{"InternalID":60,"UnitID":13,"Type":2,"Kind":1,"Location":{"Space":{"X":-3,"Y":2},"Zone":{"X":0,"Y":0}},"CurrentStamina":8,"CurrentOrder":null,"Builds":[],"GarrisonedIn":null,"Stance":3,"InterruptCurrent":false,"AttackBack":true,"TargetPriority":"","ActiveOrders":null,"Health":50,"MaxHealth":50}]}
2026/09/30 21:20:37 ai ai-1: submitting orders [{Subjects:[31] OrderType:2 TargetID:4465 ClearPreviousOrders:true}]
2026/09/30 21:20:37 ai ai-1: vars {}
2026/09/30 21:20:37 player action: submit-orders 0 2 map[orders:[{1 [31] 2 4465 true}]]
2026/09/30 21:20:37 Executing submit orders for: 1 [{1 [31] 2 4465 true}]
2026/09/30 21:20:37 ai ai-0: submitting orders [{Subjects:[1] OrderType:2 TargetID:666 ClearPreviousOrders:true} {Subjects:[2] OrderType:2 TargetID:105 ClearPreviousOrders:true} {Subjects:[3] OrderType:2 TargetID:21 ClearPreviousOrders:true} {Subjects:[4] OrderType:2 TargetID:5050 ClearPreviousOrders:true} {Subjects:[5] OrderType:2 TargetID:210 ClearPreviousOrders:true} {Subjects:[6] OrderType:2 TargetID:19306 ClearPreviousOrders:true} {Subjects:[7] OrderType:2 TargetID:666 ClearPreviousOrders:true} {Subjects:[8] OrderType:2 TargetID:666 ClearPreviousOrders:true} {Subjects:[9] OrderType:2 TargetID:666 ClearPreviousOrders:true} {Subjects:[10] OrderType:2 TargetID:666 ClearPreviousOrders:true} {Subjects:[11] OrderType:2 TargetID:666 ClearPreviousOrders:true} {Subjects:[12] OrderType:2 TargetID:666 ClearPreviousOrders:true} {Subjects:[13] OrderType:2 TargetID:666 ClearPreviousOrders:true} {Subjects:[14] OrderType:2 TargetID:666 ClearPreviousOrders:true} {Subjects:[15] OrderType:2 TargetID:666 ClearPreviousOrders:true} {Subjects:[16] OrderType:2 TargetID:666 ClearPreviousOrders:true} {Subjects:[17] OrderType:2 TargetID:666 ClearPreviousOrders:true} {Subjects:[18] OrderType:2 TargetID:666 ClearPreviousOrders:true} {Subjects:[19] OrderType:2 TargetID:666 ClearPreviousOrders:true} {Subjects:[20] OrderType:2 TargetID:666 ClearPreviousOrders:true} {Subjects:[21] OrderType:2 TargetID:666 ClearPreviousOrders:true} {Subjects:[22] OrderType:2 TargetID:666 ClearPreviousOrders:true} {Subjects:[23] OrderType:2 TargetID:666 ClearPreviousOrders:true} {Subjects:[24] OrderType:2 TargetID:666 ClearPreviousOrders:true} {Subjects:[25] OrderType:2 TargetID:666 ClearPreviousOrders:true} {Subjects:[26] OrderType:2 TargetID:666 ClearPreviousOrders:true} {Subjects:[27] OrderType:2 TargetID:666 ClearPreviousOrders:true} {Subjects:[28] OrderType:2 TargetID:666 ClearPreviousOrders:true} {Subjects:[29] OrderType:2 TargetID:666 ClearPreviousOrders:true} {Subjects:[30] OrderType:2 TargetID:666 ClearPreviousOrders:true}]
2026/09/30 21:20:37 ai ai-0: vars {"B":16,"Hv":6,"Pi":8,"aPowLocal":0,"aThreat":0,"a_engaged":0,"a_odds":1.3,"a_outnumbered":0,"army_target":50,"army_value":3080,"assault":0,"bank_rate":28,"bar_barracks":0.17072129748186085,"bar_redoubt":1.1111111111111112,"barracks":0,"barracks_B":0,"barracks_P":0,"barracks_save":0,"barracks_spend":78.1,"barracks_want":0,"buffer_food":70,"buffer_gold":0,"buffer_stone":0,"buffer_wood":70,"builders":0,"committed":0,"eB":0,"eGrowth":0,"eH":0,"eMil":0,"eP":0,"ePow":0,"ePowEst":0,"ePowSeen":0,"eTech":1,"eV":0,"es":1,"farm_want":0,"farm_wood_short":0,"farming":0,"fire_barracks":0,"fire_farm0":0,"fire_farm1":0,"fire_farm2":0,"fire_house":0,"fire_outpost":0,"fire_redoubt":0,"fire_smith":0,"fire_vc":0,"food_need":0,"food_over":0,"food_rate":0,"food_slots":1000,"food_workers":0,"free_room":20,"go":0,"gold_income":2,"gold_need":0,"gold_rate":0,"gold_surplus":2,"guaranteed":0,"guard_home":0,"headroom":-30,"hire_B":107.69230769230768,"hire_P":169.23076923076923,"homePow":0,"house_builders":0,"house_urgency":0,"house_want":0,"income_proj":0,"left":0,"lf_food":0,"lf_gold":0,"lf_stone":0,"lf_wood":0,"lump_food":0,"lump_gold":0,"lump_stone":0,"lump_wood":0,"maturity":0,"mil":30,"myTech":1,"n_barracks":0,"n_redoubts":0,"needB":19.99511837930193,"needP":0.00488162069807176,"outpost_want":0,"pikes":0,"planned_food":0,"planned_gold":0,"planned_stone":0,"planned_wood":0,"prod_rate":0,"proj_army":3080,"raid_danger":0,"raid_fails":0,"raid_lost":0,"raid_pause":0,"raid_prev":5,"raid_size":4.8,"raid_wiped":0,"rate":6,"redoubt_H":0,"redoubt_gold_ok":0.14222222222222222,"redoubt_save":0,"redoubt_spend":30,"redoubt_want":0,"redoubts":0,"rf_food":0,"rf_gold":0,"rf_stone":0,"rf_wood":0,"sB4":256,"sP4":0.0625,"scale_l":0,"scale_r":0,"shareH":0.2,"smith_want":0,"smiths":0,"spare":0,"spare_food":0.5,"stone_need":0,"stone_rate":0,"tH":26,"target_spend":400,"tech_food":50,"tech_gold":0,"tech_stone":0,"tech_wood":50,"threat_home":0,"turns_left":-300,"u_barracks":0.2868117797695263,"u_redoubt":0.18666666666666668,"unit_spend":120,"vB":4,"vH":1,"vP":0.5,"vc_want":0,"vcs":0,"vil_goal":50,"vil_rate":0,"vil_stamina":8,"vil_want":0,"vil_want_last":0,"vil_worth_now":0.6,"vils":0,"w_food":0,"w_gold":0,"w_stone":0,"w_wood":0,"wild_workers":0,"wood_need":0,"wood_rate":0,"workers":0}
2026/09/30 21:20:37 player action: set-unit-behavior 0 1 map[internal_ids:[7 8 9 10 11 12 13 14 15 16 17 18 19 20 21 22 23 24 25 26 27 28 29 30] interrupt_current:true]
2026/09/30 21:20:37 player action: set-unit-behavior 0 1 map[internal_ids:[1 2 3 4 5] interrupt_current:true]
2026/09/30 21:20:37 player action: submit-orders 0 1 map[orders:[{0 [1] 2 666 true} {0 [2] 2 105 true} {0 [3] 2 21 true} {0 [4] 2 5050 true} {0 [5] 2 210 true} {0 [6] 2 19306 true} {0 [7] 2 666 true} {0 [8] 2 666 true} {0 [9] 2 666 true} {0 [10] 2 666 true} {0 [11] 2 666 true} {0 [12] 2 666 true} {0 [13] 2 666 true} {0 [14] 2 666 true} {0 [15] 2 666 true} {0 [16] 2 666 true} {0 [17] 2 666 true} {0 [18] 2 666 true} {0 [19] 2 666 true} {0 [20] 2 666 true} {0 [21] 2 666 true} {0 [22] 2 666 true} {0 [23] 2 666 true} {0 [24] 2 666 true} {0 [25] 2 666 true} {0 [26] 2 666 true} {0 [27] 2 666 true} {0 [28] 2 666 true} {0 [29] 2 666 true} {0 [30] 2 666 true}]]
2026/09/30 21:20:37 Executing submit orders for: 0 [{0 [1] 2 666 true} {0 [2] 2 105 true} {0 [3] 2 21 true} {0 [4] 2 5050 true} {0 [5] 2 210 true} {0 [6] 2 19306 true} {0 [7] 2 666 true} {0 [8] 2 666 true} {0 [9] 2 666 true} {0 [10] 2 666 true} {0 [11] 2 666 true} {0 [12] 2 666 true} {0 [13] 2 666 true} {0 [14] 2 666 true} {0 [15] 2 666 true} {0 [16] 2 666 true} {0 [17] 2 666 true} {0 [18] 2 666 true} {0 [19] 2 666 true} {0 [20] 2 666 true} {0 [21] 2 666 true} {0 [22] 2 666 true} {0 [23] 2 666 true} {0 [24] 2 666 true} {0 [25] 2 666 true} {0 [26] 2 666 true} {0 [27] 2 666 true} {0 [28] 2 666 true} {0 [29] 2 666 true} {0 [30] 2 666 true}]
2026/09/30 21:20:37 Resolving active orders
2026/09/30 21:20:37 Moving unit 22 Piercing Infantry to zone(-1, 0) in space (3, -2) tick=1
2026/09/30 21:20:37 Moving unit 27 Heavy Infantry to zone(-1, 0) in space (3, -2) tick=1
2026/09/30 21:20:37 Moving unit 29 Heavy Infantry to zone(-1, 0) in space (3, -2) tick=1
2026/09/30 21:20:37 Moving unit 6 Blunt Infantry to zone(0, -1) in space (3, -2) tick=1
2026/09/30 21:20:37 Moving unit 9 Blunt Infantry to zone(-1, 0) in space (3, -2) tick=1
2026/09/30 21:20:37 Moving unit 15 Blunt Infantry to zone(-1, 0) in space (3, -2) tick=1
2026/09/30 21:20:37 Moving unit 7 Blunt Infantry to zone(-1, 0) in space (3, -2) tick=1
2026/09/30 21:20:37 Moving unit 10 Blunt Infantry to zone(-1, 0) in space (3, -2) tick=1
2026/09/30 21:20:37 Moving unit 12 Blunt Infantry to zone(-1, 0) in space (3, -2) tick=1
2026/09/30 21:20:37 Moving unit 19 Piercing Infantry to zone(-1, 0) in space (3, -2) tick=1
2026/09/30 21:20:37 Moving unit 20 Piercing Infantry to zone(-1, 0) in space (3, -2) tick=1
2026/09/30 21:20:37 Moving unit 23 Piercing Infantry to zone(-1, 0) in space (3, -2) tick=1
2026/09/30 21:20:37 Moving unit 25 Heavy Infantry to zone(-1, 0) in space (3, -2) tick=1
2026/09/30 21:20:37 Moving unit 30 Heavy Infantry to zone(-1, 0) in space (3, -2) tick=1
2026/09/30 21:20:37 Moving unit 4 Blunt Infantry to zone(-1, 0) in space (3, -2) tick=1
2026/09/30 21:20:37 Moving unit 16 Blunt Infantry to zone(-1, 0) in space (3, -2) tick=1
2026/09/30 21:20:37 Moving unit 18 Piercing Infantry to zone(-1, 0) in space (3, -2) tick=1
2026/09/30 21:20:37 Moving unit 24 Piercing Infantry to zone(-1, 0) in space (3, -2) tick=1
2026/09/30 21:20:37 Moving unit 26 Heavy Infantry to zone(-1, 0) in space (3, -2) tick=1
2026/09/30 21:20:37 Moving unit 14 Blunt Infantry to zone(-1, 0) in space (3, -2) tick=1
2026/09/30 21:20:37 Moving unit 1 Blunt Infantry to zone(-1, 0) in space (3, -2) tick=1
2026/09/30 21:20:37 Moving unit 3 Blunt Infantry to zone(-1, 1) in space (3, -2) tick=1
2026/09/30 21:20:37 Moving unit 8 Blunt Infantry to zone(-1, 0) in space (3, -2) tick=1
2026/09/30 21:20:37 Moving unit 11 Blunt Infantry to zone(-1, 0) in space (3, -2) tick=1
2026/09/30 21:20:37 Moving unit 5 Blunt Infantry to zone(0, 1) in space (3, -2) tick=1
2026/09/30 21:20:37 Moving unit 17 Piercing Infantry to zone(-1, 0) in space (3, -2) tick=1
2026/09/30 21:20:37 Moving unit 21 Piercing Infantry to zone(-1, 0) in space (3, -2) tick=1
2026/09/30 21:20:37 Moving unit 28 Heavy Infantry to zone(-1, 0) in space (3, -2) tick=1
2026/09/30 21:20:37 Moving unit 2 Blunt Infantry to zone(-1, 1) in space (3, -2) tick=1
2026/09/30 21:20:37 Moving unit 13 Blunt Infantry to zone(-1, 0) in space (3, -2) tick=1
2026/09/30 21:20:37 Moving unit 31 Blunt Infantry to zone(-1, 0) in space (-3, 2) tick=1
2026/09/30 21:20:37 state_hash turn=1 tick=1 hash=13582ba322d781f6
2026/09/30 21:20:37 Moving unit 29 Heavy Infantry to zone(1, 0) in space (2, -2) tick=2
2026/09/30 21:20:37 Moving unit 6 Blunt Infantry to zone(0, 1) in space (3, -3) tick=2
2026/09/30 21:20:37 Moving unit 9 Blunt Infantry to zone(1, 0) in space (2, -2) tick=2
2026/09/30 21:20:37 Moving unit 15 Blunt Infantry to zone(1, 0) in space (2, -2) tick=2
2026/09/30 21:20:37 Moving unit 7 Blunt Infantry to zone(1, 0) in space (2, -2) tick=2
2026/09/30 21:20:37 Moving unit 10 Blunt Infantry to zone(1, 0) in space (2, -2) tick=2
2026/09/30 21:20:37 Moving unit 12 Blunt Infantry to zone(1, 0) in space (2, -2) tick=2
2026/09/30 21:20:37 Moving unit 19 Piercing Infantry to zone(1, 0) in space (2, -2) tick=2
2026/09/30 21:20:37 Moving unit 20 Piercing Infantry to zone(1, 0) in space (2, -2) tick=2
2026/09/30 21:20:37 Moving unit 23 Piercing Infantry to zone(1, 0) in space (2, -2) tick=2
2026/09/30 21:20:37 Moving unit 25 Heavy Infantry to zone(1, 0) in space (2, -2) tick=2
2026/09/30 21:20:37 Moving unit 30 Heavy Infantry to zone(1, 0) in space (2, -2) tick=2
2026/09/30 21:20:37 Moving unit 4 Blunt Infantry to zone(1, 0) in space (2, -2) tick=2
2026/09/30 21:20:37 Moving unit 16 Blunt Infantry to zone(1, 0) in space (2, -2) tick=2
2026/09/30 21:20:37 Moving unit 18 Piercing Infantry to zone(1, 0) in space (2, -2) tick=2
2026/09/30 21:20:37 Moving unit 24 Piercing Infantry to zone(1, 0) in space (2, -2) tick=2
2026/09/30 21:20:37 Moving unit 26 Heavy Infantry to zone(1, 0) in space (2, -2) tick=2
2026/09/30 21:20:37 Moving unit 14 Blunt Infantry to zone(1, 0) in space (2, -2) tick=2
2026/09/30 21:20:37 Moving unit 1 Blunt Infantry to zone(1, 0) in space (2, -2) tick=2
2026/09/30 21:20:37 Moving unit 3 Blunt Infantry to zone(1, -1) in space (2, -1) tick=2
2026/09/30 21:20:37 Moving unit 8 Blunt Infantry to zone(1, 0) in space (2, -2) tick=2
2026/09/30 21:20:37 Moving unit 11 Blunt Infantry to zone(1, 0) in space (2, -2) tick=2
2026/09/30 21:20:37 Moving unit 5 Blunt Infantry to zone(0, -1) in space (3, -1) tick=2
2026/09/30 21:20:37 Moving unit 17 Piercing Infantry to zone(1, 0) in space (2, -2) tick=2
2026/09/30 21:20:37 Moving unit 21 Piercing Infantry to zone(1, 0) in space (2, -2) tick=2
2026/09/30 21:20:37 Moving unit 28 Heavy Infantry to zone(1, 0) in space (2, -2) tick=2
2026/09/30 21:20:37 Moving unit 2 Blunt Infantry to zone(1, -1) in space (2, -1) tick=2
2026/09/30 21:20:37 Moving unit 13 Blunt Infantry to zone(1, 0) in space (2, -2) tick=2
2026/09/30 21:20:37 Moving unit 22 Piercing Infantry to zone(1, 0) in space (2, -2) tick=2
2026/09/30 21:20:37 Moving unit 27 Heavy Infantry to zone(1, 0) in space (2, -2) tick=2
2026/09/30 21:20:37 Moving unit 31 Blunt Infantry to zone(1, 0) in space (-4, 2) tick=2
2026/09/30 21:20:37 state_hash turn=1 tick=2 hash=3fc9ab441dee82d8
2026/09/30 21:20:37 Moving unit 24 Piercing Infantry to zone(0, 0) in space (2, -2) tick=3
2026/09/30 21:20:37 Moving unit 26 Heavy Infantry to zone(0, 0) in space (2, -2) tick=3
2026/09/30 21:20:37 Moving unit 14 Blunt Infantry to zone(0, 0) in space (2, -2) tick=3
2026/09/30 21:20:37 Moving unit 1 Blunt Infantry to zone(0, 0) in space (2, -2) tick=3
2026/09/30 21:20:37 Moving unit 3 Blunt Infantry to zone(0, 0) in space (2, -1) tick=3
2026/09/30 21:20:37 Moving unit 8 Blunt Infantry to zone(0, 0) in space (2, -2) tick=3
2026/09/30 21:20:37 Moving unit 11 Blunt Infantry to zone(0, 0) in space (2, -2) tick=3
2026/09/30 21:20:37 Moving unit 5 Blunt Infantry to zone(0, 0) in space (3, -1) tick=3
2026/09/30 21:20:37 Moving unit 17 Piercing Infantry to zone(0, 0) in space (2, -2) tick=3
2026/09/30 21:20:37 Moving unit 21 Piercing Infantry to zone(0, 0) in space (2, -2) tick=3
2026/09/30 21:20:37 Moving unit 28 Heavy Infantry to zone(0, 0) in space (2, -2) tick=3
2026/09/30 21:20:37 Moving unit 2 Blunt Infantry to zone(0, 0) in space (2, -1) tick=3
2026/09/30 21:20:37 Moving unit 13 Blunt Infantry to zone(0, 0) in space (2, -2) tick=3
2026/09/30 21:20:37 Moving unit 22 Piercing Infantry to zone(0, 0) in space (2, -2) tick=3
2026/09/30 21:20:37 Moving unit 27 Heavy Infantry to zone(0, 0) in space (2, -2) tick=3
2026/09/30 21:20:37 Moving unit 29 Heavy Infantry to zone(0, 0) in space (2, -2) tick=3
2026/09/30 21:20:37 Moving unit 6 Blunt Infantry to zone(0, 0) in space (3, -3) tick=3
2026/09/30 21:20:37 Moving unit 9 Blunt Infantry to zone(0, 0) in space (2, -2) tick=3
2026/09/30 21:20:37 Moving unit 15 Blunt Infantry to zone(0, 0) in space (2, -2) tick=3
2026/09/30 21:20:37 Moving unit 7 Blunt Infantry to zone(0, 0) in space (2, -2) tick=3
2026/09/30 21:20:37 Moving unit 10 Blunt Infantry to zone(0, 0) in space (2, -2) tick=3
2026/09/30 21:20:37 Moving unit 12 Blunt Infantry to zone(0, 0) in space (2, -2) tick=3
2026/09/30 21:20:37 Moving unit 19 Piercing Infantry to zone(0, 0) in space (2, -2) tick=3
2026/09/30 21:20:37 Moving unit 20 Piercing Infantry to zone(0, 0) in space (2, -2) tick=3
2026/09/30 21:20:37 Moving unit 23 Piercing Infantry to zone(0, 0) in space (2, -2) tick=3
2026/09/30 21:20:37 Moving unit 25 Heavy Infantry to zone(0, 0) in space (2, -2) tick=3
2026/09/30 21:20:37 Moving unit 30 Heavy Infantry to zone(0, 0) in space (2, -2) tick=3
2026/09/30 21:20:37 Moving unit 4 Blunt Infantry to zone(0, 0) in space (2, -2) tick=3
2026/09/30 21:20:37 Moving unit 16 Blunt Infantry to zone(0, 0) in space (2, -2) tick=3
2026/09/30 21:20:37 Moving unit 18 Piercing Infantry to zone(0, 0) in space (2, -2) tick=3
2026/09/30 21:20:37 Moving unit 31 Blunt Infantry to zone(0, 0) in space (-4, 2) tick=3
2026/09/30 21:20:37 state_hash turn=1 tick=3 hash=32e28ce1c76f38cc
2026/09/30 21:20:37 Moving unit 24 Piercing Infantry to zone(-1, 0) in space (2, -2) tick=4
2026/09/30 21:20:37 Moving unit 14 Blunt Infantry to zone(-1, 0) in space (2, -2) tick=4
2026/09/30 21:20:37 Moving unit 1 Blunt Infantry to zone(-1, 0) in space (2, -2) tick=4
2026/09/30 21:20:37 Moving unit 3 Blunt Infantry to zone(-1, 1) in space (2, -1) tick=4
2026/09/30 21:20:37 Moving unit 8 Blunt Infantry to zone(-1, 0) in space (2, -2) tick=4
2026/09/30 21:20:37 Moving unit 11 Blunt Infantry to zone(-1, 0) in space (2, -2) tick=4
2026/09/30 21:20:37 Moving unit 5 Blunt Infantry to zone(-1, 1) in space (3, -1) tick=4
2026/09/30 21:20:37 Moving unit 17 Piercing Infantry to zone(-1, 0) in space (2, -2) tick=4
2026/09/30 21:20:37 Moving unit 21 Piercing Infantry to zone(-1, 0) in space (2, -2) tick=4
2026/09/30 21:20:37 Moving unit 2 Blunt Infantry to zone(-1, 0) in space (2, -1) tick=4
2026/09/30 21:20:37 Moving unit 13 Blunt Infantry to zone(-1, 0) in space (2, -2) tick=4
2026/09/30 21:20:37 Moving unit 22 Piercing Infantry to zone(-1, 0) in space (2, -2) tick=4
2026/09/30 21:20:37 Moving unit 6 Blunt Infantry to zone(0, -1) in space (3, -3) tick=4
2026/09/30 21:20:37 Moving unit 9 Blunt Infantry to zone(-1, 0) in space (2, -2) tick=4
2026/09/30 21:20:37 Moving unit 15 Blunt Infantry to zone(-1, 0) in space (2, -2) tick=4
2026/09/30 21:20:37 Moving unit 7 Blunt Infantry to zone(-1, 0) in space (2, -2) tick=4
2026/09/30 21:20:37 Moving unit 10 Blunt Infantry to zone(-1, 0) in space (2, -2) tick=4
2026/09/30 21:20:37 Moving unit 12 Blunt Infantry to zone(-1, 0) in space (2, -2) tick=4
2026/09/30 21:20:37 Moving unit 19 Piercing Infantry to zone(-1, 0) in space (2, -2) tick=4
2026/09/30 21:20:37 Moving unit 20 Piercing Infantry to zone(-1, 0) in space (2, -2) tick=4
2026/09/30 21:20:37 Moving unit 23 Piercing Infantry to zone(-1, 0) in space (2, -2) tick=4
2026/09/30 21:20:37 Moving unit 4 Blunt Infantry to zone(0, -1) in space (2, -2) tick=4
2026/09/30 21:20:37 Moving unit 16 Blunt Infantry to zone(-1, 0) in space (2, -2) tick=4
2026/09/30 21:20:37 Moving unit 18 Piercing Infantry to zone(-1, 0) in space (2, -2) tick=4
2026/09/30 21:20:37 Moving unit 31 Blunt Infantry to zone(0, -1) in space (-4, 2) tick=4
2026/09/30 21:20:37 state_hash turn=1 tick=4 hash=ccf25041e498023b
2026/09/30 21:20:37 Moving unit 6 Blunt Infantry to zone(0, 1) in space (3, -4) tick=5
2026/09/30 21:20:37 Moving unit 9 Blunt Infantry to zone(1, 0) in space (1, -2) tick=5
2026/09/30 21:20:37 Moving unit 15 Blunt Infantry to zone(1, 0) in space (1, -2) tick=5
2026/09/30 21:20:37 Moving unit 7 Blunt Infantry to zone(1, 0) in space (1, -2) tick=5
2026/09/30 21:20:37 Moving unit 10 Blunt Infantry to zone(1, 0) in space (1, -2) tick=5
2026/09/30 21:20:37 Moving unit 12 Blunt Infantry to zone(1, 0) in space (1, -2) tick=5
2026/09/30 21:20:37 Moving unit 4 Blunt Infantry to zone(0, 1) in space (2, -3) tick=5
2026/09/30 21:20:37 Moving unit 16 Blunt Infantry to zone(1, 0) in space (1, -2) tick=5
2026/09/30 21:20:37 Moving unit 14 Blunt Infantry to zone(1, 0) in space (1, -2) tick=5
2026/09/30 21:20:37 Moving unit 1 Blunt Infantry to zone(1, 0) in space (1, -2) tick=5
2026/09/30 21:20:37 Moving unit 3 Blunt Infantry to zone(1, -1) in space (1, 0) tick=5
2026/09/30 21:20:37 Moving unit 8 Blunt Infantry to zone(1, 0) in space (1, -2) tick=5
2026/09/30 21:20:37 Moving unit 11 Blunt Infantry to zone(1, 0) in space (1, -2) tick=5
2026/09/30 21:20:37 Moving unit 5 Blunt Infantry to zone(1, -1) in space (2, 0) tick=5
2026/09/30 21:20:37 Moving unit 2 Blunt Infantry to zone(1, 0) in space (1, -1) tick=5
2026/09/30 21:20:37 Moving unit 13 Blunt Infantry to zone(1, 0) in space (1, -2) tick=5
2026/09/30 21:20:37 state_hash turn=1 tick=5 hash=da38230ba23e2e6c
2026/09/30 21:20:37 state_hash turn=1 tick=end hash=02713efb588c7784
2026/09/30 21:20:37 ai ai-1: new turn data {"buildings":[],"enemy_buildings":[],"enemy_units":[],"foundations":[],"population":{"current":30,"limit":0},"resources":{"food":200,"gold":6,"stone":100,"wood":200},"spaces":[{"Space":{"X":0,"Y":-4},"Vision":0,"Owner":-1},{"Space":{"X":1,"Y":-4},"Vision":0,"Owner":-1},{"Space":{"X":2,"Y":-4},"Vision":0,"Owner":-1},{"Space":{"X":3,"Y":-4},"Vision":0,"Owner":-1},{"Space":{"X":4,"Y":-4},"Vision":0,"Owner":-1},{"Space":{"X":-1,"Y":-3},"Vision":0,"Owner":-1},{"Space":{"X":0,"Y":-3},"Vision":0,"Owner":-1},{"Space":{"X":1,"Y":-3},"Vision":0,"Owner":-1},{"Space":{"X":2,"Y":-3},"Vision":0,"Owner":-1},{"Space":{"X":3,"Y":-3},"Vision":0,"Owner":-1},{"Space":{"X":4,"Y":-3},"Vision":0,"Owner":-1},{"Space":{"X":-2,"Y":-2},"Vision":0,"Owner":-1},{"Space":{"X":-1,"Y":-2},"Vision":0,"Owner":-1},{"Space":{"X":0,"Y":-2},"Vision":0,"Owner":-1},{"Space":{"X":1,"Y":-2},"Vision":0,"Owner":-1},{"Space":{"X":2,"Y":-2},"Vision":0,"Owner":-1},{"Space":{"X":3,"Y":-2},"Vision":0,"Owner":-1},{"Space":{"X":4,"Y":-2},"Vision":0,"Owner":-1},{"Space":{"X":-3,"Y":-1},"Vision":0,"Owner":-1},{"Space":{"X":-2,"Y":-1},"Vision":0,"Owner":-1},{"Space":{"X":-1,"Y":-1},"Vision":0,"Owner":-1},{"Space":{"X":0,"Y":-1},"Vision":0,"Owner":-1},{"Space":{"X":1,"Y":-1},"Vision":0,"Owner":-1},{"Space":{"X":2,"Y":-1},"Vision":0,"Owner":-1},{"Space":{"X":3,"Y":-1},"Vision":0,"Owner":-1},{"Space":{"X":4,"Y":-1},"Vision":0,"Owner":-1},{"Space":{"X":-4,"Y":0},"Vision":0,"Owner":-1},{"Space":{"X":-3,"Y":0},"Vision":0,"Owner":-1},{"Space":{"X":-2,"Y":0},"Vision":0,"Owner":-1},{"Space":{"X":-1,"Y":0},"Vision":0,"Owner":-1},{"Space":{"X":0,"Y":0},"Vision":0,"Owner":-1},{"Space":{"X":1,"Y":0},"Vision":0,"Owner":-1},{"Space":{"X":2,"Y":0},"Vision":0,"Owner":-1},{"Space":{"X":3,"Y":0},"Vision":0,"Owner":-1},{"Space":{"X":4,"Y":0},"Vision":0,"Owner":-1},{"Space":{"X":-4,"Y":1},"Vision":3,"Owner":-1},{"Space":{"X":-3,"Y":1},"Vision":2,"Owner":-1},{"Space":{"X":-2,"Y":1},"Vision":2,"Owner":-1},{"Space":{"X":-1,"Y":1},"Vision":0,"Owner":-1},{"Space":{"X":0,"Y":1},"Vision":0,"Owner":-1},{"Space":{"X":1,"Y":1},"Vision":0,"Owner":-1},{"Space":{"X":2,"Y":1},"Vision":0,"Owner":-1},{"Space":{"X":3,"Y":1},"Vision":0,"Owner":-1},{"Space":{"X":-4,"Y":2},"Vision":3,"Owner":1},{"Space":{"X":-3,"Y":2},"Vision":3,"Owner":1},{"Space":{"X":-2,"Y":2},"Vision":2,"Owner":-1},{"Space":{"X":-1,"Y":2},"Vision":0,"Owner":-1},{"Space":{"X":0,"Y":2},"Vision":0,"Owner":-1},{"Space":{"X":1,"Y":2},"Vision":0,"Owner":-1},{"Space":{"X":2,"Y":2},"Vision":0,"Owner":-1},{"Space":{"X":-4,"Y":3},"Vision":2,"Owner":-1},{"Space":{"X":-3,"Y":3},"Vision":2,"Owner":-1},{"Space":{"X":-2,"Y":3},"Vision":0,"Owner":-1},{"Space":{"X":-1,"Y":3},"Vision":0,"Owner":-1},{"Space":{"X":0,"Y":3},"Vision":0,"Owner":-1},{"Space":{"X":1,"Y":3},"Vision":0,"Owner":-1},{"Space":{"X":-4,"Y":4},"Vision":0,"Owner":-1},{"Space":{"X":-3,"Y":4},"Vision":0,"Owner":-1},{"Space":{"X":-2,"Y":4},"Vision":0,"Owner":-1},{"Space":{"X":-1,"Y":4},"Vision":0,"Owner":-1},{"Space":{"X":0,"Y":4},"Vision":0,"Owner":-1}],"units":[{"InternalID":31,"UnitID":11,"Type":2,"Kind":1,"Location":{"Space":{"X":-4,"Y":2},"Zone":{"X":0,"Y":-1}},"CurrentStamina":21,"CurrentOrder":{"Kind":0,"TargetZone":{"Space":{"X":-4,"Y":1},"Zone":{"X":0,"Y":0}},"TargetSpace":null,"TargetResource":null,"TargetUnit":null,"TargetBuilding":null},"Builds":[],"GarrisonedIn":null,"Stance":3,"InterruptCurrent":false,"AttackBack":true,"TargetPriority":"","ActiveOrders":[{"ID":1,"Kind":0}],"Health":11,"MaxHealth":11},{"InternalID":32,"UnitID":11,"Type":2,"Kind":1,"Location":{"Space":{"X":-3,"Y":2},"Zone":{"X":0,"Y":0}},"CurrentStamina":23,"CurrentOrder":null,"Builds":[],"GarrisonedIn":null,"Stance":3,"InterruptCurrent":false,"AttackBack":true,"TargetPriority":"","ActiveOrders":null,"Health":11,"MaxHealth":11},{"InternalID":33,"UnitID":11,"Type":2,"Kind":1,"Location":{"Space":{"X":-3,"Y":2},"Zone":{"X":0,"Y":0}},"CurrentStamina":23,"CurrentOrder":null,"Builds":[],"GarrisonedIn":null,"Stance":3,"InterruptCurrent":false,"AttackBack":true,"TargetPriority":"","ActiveOrders":null,"Health":11,"MaxHealth":11},{"InternalID":34,"UnitID":11,"Type":2,"Kind":1,"Location":{"Space":{"X":-3,"Y":2},"Zone":{"X":0,"Y":0}},"CurrentStamina":23,"CurrentOrder":null,"Builds":[],"GarrisonedIn":null,"Stance":3,"InterruptCurrent":false,"AttackBack":true,"TargetPriority":"","ActiveOrders":null,"Health":11,"MaxHealth":11},{"InternalID":35,"UnitID":11,"Type":2,"Kind":1,"Location":{"Space":{"X":-3,"Y":2},"Zone":{"X":0,"Y":0}},"CurrentStamina":23,"CurrentOrder":null,"Builds":[],"GarrisonedIn":null,"Stance":3,"InterruptCurrent":false,"AttackBack":true,"TargetPriority":"","ActiveOrders":null,"Health":11,"MaxHealth":11},{"InternalID":36,"UnitID":11,"Type":2,"Kind":1,"Location":{"Space":{"X":-3,"Y":2},"Zone":{"X":0,"Y":0}},"CurrentStamina":23,"CurrentOrder":null,"Builds":[],"GarrisonedIn":null,"Stance":3,"InterruptCurrent":false,"AttackBack":true,"TargetPriority":"","ActiveOrders":null,"Health":11,"MaxHealth":11},{"InternalID":37,"UnitID":11,"Type":2,"Kind":1,"Location":{"Space":{"X":-3,"Y":2},"Zone":{"X":0,"Y":0}},"CurrentStamina":23,"CurrentOrder":null,"Builds":[],"GarrisonedIn":null,"Stance":3,"InterruptCurrent":false,"AttackBack":true,"TargetPriority":"","ActiveOrders":null,"Health":11,"MaxHealth":11},{"InternalID":38,"UnitID":11,"Type":2,"Kind":1,"Location":{"Space":{"X":-3,"Y":2},"Zone":{"X":0,"Y":0}},"CurrentStamina":23,"CurrentOrder":null,"Builds":[],"GarrisonedIn":null,"Stance":3,"InterruptCurrent":false,"AttackBack":true,"TargetPriority":"","ActiveOrders":null,"Health":11,"MaxHealth":11},{"InternalID":39,"UnitID":11,"Type":2,"Kind":1,"Location":{"Space":{"X":-3,"Y":2},"Zone":{"X":0,"Y":0}},"CurrentStamina":23,"CurrentOrder":null,"Builds":[],"GarrisonedIn":null,"Stance":3,"InterruptCurrent":false,"AttackBack":true,"TargetPriority":"","ActiveOrders":null,"Health":11,"MaxHealth":11},{"InternalID":40,"UnitID":11,"Type":2,"Kind":1,"Location":{"Space":{"X":-3,"Y":2},"Zone":{"X":0,"Y":0}},"CurrentStamina":23,"CurrentOrder":null,"Builds":[],"GarrisonedIn":null,"Stance":3,"InterruptCurrent":false,"AttackBack":true,"TargetPriority":"","ActiveOrders":null,"Health":11,"MaxHealth":11},{"InternalID":41,"UnitID":11,"Type":2,"Kind":1,"Location":{"Space":{"X":-3,"Y":2},"Zone":{"X":0,"Y":0}},"CurrentStamina":23,"CurrentOrder":null,"Builds":[],"GarrisonedIn":null,"Stance":3,"InterruptCurrent":false,"AttackBack":true,"TargetPriority":"","ActiveOrders":null,"Health":11,"MaxHealth":11},{"InternalID":42,"UnitID":11,"Type":2,"Kind":1,"Location":{"Space":{"X":-3,"Y":2},"Zone":{"X":0,"Y":0}},"CurrentStamina":23,"CurrentOrder":null,"Builds":[],"GarrisonedIn":null,"Stance":3,"InterruptCurrent":false,"AttackBack":true,"TargetPriority":"","ActiveOrders":null,"Health":11,"MaxHealth":11},{"InternalID":43,"UnitID":11,"Type":2,"Kind":1,"Location":{"Space":{"X":-3,"Y":2},"Zone":{"X":0,"Y":0}},"CurrentStamina":23,"CurrentOrder":null,"Builds":[],"GarrisonedIn":null,"Stance":3,"InterruptCurrent":false,"AttackBack":true,"TargetPriority":"","ActiveOrders":null,"Health":11,"MaxHealth":11},{"InternalID":44,"UnitID":11,"Type":2,"Kind":1,"Location":{"Space":{"X":-3,"Y":2},"Zone":{"X":0,"Y":0}},"CurrentStamina":23,"CurrentOrder":null,"Builds":[],"GarrisonedIn":null,"Stance":3,"InterruptCurrent":false,"AttackBack":true,"TargetPriority":"","ActiveOrders":null,"Health":11,"MaxHealth":11},{"InternalID":45,"UnitID":11,"Type":2,"Kind":1,"Location":{"Space":{"X":-3,"Y":2},"Zone":{"X":0,"Y":0}},"CurrentStamina":23,"CurrentOrder":null,"Builds":[],"GarrisonedIn":null,"Stance":3,"InterruptCurrent":false,"AttackBack":true,"TargetPriority":"","ActiveOrders":null,"Health":11,"MaxHealth":11},{"InternalID":46,"UnitID":11,"Type":2,"Kind":1,"Location":{"Space":{"X":-3,"Y":2},"Zone":{"X":0,"Y":0}},"CurrentStamina":23,"CurrentOrder":null,"Builds":[],"GarrisonedIn":null,"Stance":3,"InterruptCurrent":false,"AttackBack":true,"TargetPriority":"","ActiveOrders":null,"Health":11,"MaxHealth":11},{"InternalID":47,"UnitID":12,"Type":2,"Kind":1,"Location":{"Space":{"X":-3,"Y":2},"Zone":{"X":0,"Y":0}},"CurrentStamina":18,"CurrentOrder":null,"Builds":[],"GarrisonedIn":null,"Stance":3,"InterruptCurrent":false,"AttackBack":true,"TargetPriority":"","ActiveOrders":null,"Health":16,"MaxHealth":16},{"InternalID":48,"UnitID":12,"Type":2,"Kind":1,"Location":{"Space":{"X":-3,"Y":2},"Zone":{"X":0,"Y":0}},"CurrentStamina":18,"CurrentOrder":null,"Builds":[],"GarrisonedIn":null,"Stance":3,"InterruptCurrent":false,"AttackBack":true,"TargetPriority":"","ActiveOrders":null,"Health":16,"MaxHealth":16},{"InternalID":49,"UnitID":12,"Type":2,"Kind":1,"Location":{"Space":{"X":-3,"Y":2},"Zone":{"X":0,"Y":0}},"CurrentStamina":18,"CurrentOrder":null,"Builds":[],"GarrisonedIn":null,"Stance":3,"InterruptCurrent":false,"AttackBack":true,"TargetPriority":"","ActiveOrders":null,"Health":16,"MaxHealth":16},{"InternalID":50,"UnitID":12,"Type":2,"Kind":1,"Location":{"Space":{"X":-3,"Y":2},"Zone":{"X":0,"Y":0}},"CurrentStamina":18,"CurrentOrder":null,"Builds":[],"GarrisonedIn":null,"Stance":3,"InterruptCurrent":false,"AttackBack":true,"TargetPriority":"","ActiveOrders":null,"Health":16,"MaxHealth":16},{"InternalID":51,"UnitID":12,"Type":2,"Kind":1,"Location":{"Space":{"X":-3,"Y":2},"Zone":{"X":0,"Y":0}},"CurrentStamina":18,"CurrentOrder":null,"Builds":[],"GarrisonedIn":null,"Stance":3,"InterruptCurrent":false,"AttackBack":true,"TargetPriority":"","ActiveOrders":null,"Health":16,"MaxHealth":16},{"InternalID":52,"UnitID":12,"Type":2,"Kind":1,"Location":{"Space":{"X":-3,"Y":2},"Zone":{"X":0,"Y":0}},"CurrentStamina":18,"CurrentOrder":null,"Builds":[],"GarrisonedIn":null,"Stance":3,"InterruptCurrent":false,"AttackBack":true,"TargetPriority":"","ActiveOrders":null,"Health":16,"MaxHealth":16},{"InternalID":53,"UnitID":12,"Type":2,"Kind":1,"Location":{"Space":{"X":-3,"Y":2},"Zone":{"X":0,"Y":0}},"CurrentStamina":18,"CurrentOrder":null,"Builds":[],"GarrisonedIn":null,"Stance":3,"InterruptCurrent":false,"AttackBack":true,"TargetPriority":"","ActiveOrders":null,"Health":16,"MaxHealth":16},{"InternalID":54,"UnitID":12,"Type":2,"Kind":1,"Location":{"Space":{"X":-3,"Y":2},"Zone":{"X":0,"Y":0}},"CurrentStamina":18,"CurrentOrder":null,"Builds":[],"GarrisonedIn":null,"Stance":3,"InterruptCurrent":false,"AttackBack":true,"TargetPriority":"","ActiveOrders":null,"Health":16,"MaxHealth":16},{"InternalID":55,"UnitID":13,"Type":2,"Kind":1,"Location":{"Space":{"X":-3,"Y":2},"Zone":{"X":0,"Y":0}},"CurrentStamina":12,"CurrentOrder":null,"Builds":[],"GarrisonedIn":null,"Stance":3,"InterruptCurrent":false,"AttackBack":true,"TargetPriority":"","ActiveOrders":null,"Health":50,"MaxHealth":50},{"InternalID":56,"UnitID":13,"Type":2,"Kind":1,"Location":{"Space":{"X":-3,"Y":2},"Zone":{"X":0,"Y":0}},"CurrentStamina":12,"CurrentOrder":null,"Builds":[],"GarrisonedIn":null,"Stance":3,"InterruptCurrent":false,"AttackBack":true,"TargetPriority":"","ActiveOrders":null,"Health":50,"MaxHealth":50},{"InternalID":57,"UnitID":13,"Type":2,"Kind":1,"Location":{"Space":{"X":-3,"Y":2},"Zone":{"X":0,"Y":0}},"CurrentStamina":12,"CurrentOrder":null,"Builds":[],"GarrisonedIn":null,"Stance":3,"InterruptCurrent":false,"AttackBack":true,"TargetPriority":"","ActiveOrders":null,"Health":50,"MaxHealth":50},{"InternalID":58,"UnitID":13,"Type":2,"Kind":1,"Location":{"Space":{"X":-3,"Y":2},"Zone":{"X":0,"Y":0}},"CurrentStamina":12,"CurrentOrder":null,"Builds":[],"GarrisonedIn":null,"Stance":3,"InterruptCurrent":false,"AttackBack":true,"TargetPriority":"","ActiveOrders":null,"Health":50,"MaxHealth":50},{"InternalID":59,"UnitID":13,"Type":2,"Kind":1,"Location":{"Space":{"X":-3,"Y":2},"Zone":{"X":0,"Y":0}},"CurrentStamina":12,"CurrentOrder":null,"Builds":[],"GarrisonedIn":null,"Stance":3,"InterruptCurrent":false,"AttackBack":true,"TargetPriority":"","ActiveOrders":null,"Health":50,"MaxHealth":50},{"InternalID":60,"UnitID":13,"Type":2,"Kind":1,"Location":{"Space":{"X":-3,"Y":2},"Zone":{"X":0,"Y":0}},"CurrentStamina":12,"CurrentOrder":null,"Builds":[],"GarrisonedIn":null,"Stance":3,"InterruptCurrent":false,"AttackBack":true,"TargetPriority":"","ActiveOrders":null,"Health":50,"MaxHealth":50}]}
2026/09/30 21:20:37 ai ai-1: submitting orders []
2026/09/30 21:20:37 ai ai-1: vars {}
2026/09/30 21:20:37 player action: submit-orders 0 2 map[orders:[]]
2026/09/30 21:20:37 Executing submit orders for: 1 []
2026/09/30 21:20:37 ai ai-0: new turn data {"buildings":[],"enemy_buildings":[],"enemy_units":[],"foundations":[],"population":{"current":30,"limit":0},"resources":{"food":200,"gold":16,"stone":100,"wood":200},"spaces":[{"Space":{"X":0,"Y":-4},"Vision":0,"Owner":-1},{"Space":{"X":1,"Y":-4},"Vision":0,"Owner":-1},{"Space":{"X":2,"Y":-4},"Vision":2,"Owner":-1},{"Space":{"X":3,"Y":-4},"Vision":3,"Owner":0},{"Space":{"X":4,"Y":-4},"Vision":2,"Owner":-1},{"Space":{"X":-1,"Y":-3},"Vision":0,"Owner":-1},{"Space":{"X":0,"Y":-3},"Vision":0,"Owner":-1},{"Space":{"X":1,"Y":-3},"Vision":2,"Owner":-1},{"Space":{"X":2,"Y":-3},"Vision":3,"Owner":0},{"Space":{"X":3,"Y":-3},"Vision":3,"Owner":-1},{"Space":{"X":4,"Y":-3},"Vision":1,"Owner":-1},{"Space":{"X":-2,"Y":-2},"Vision":0,"Owner":-1},{"Space":{"X":-1,"Y":-2},"Vision":0,"Owner":-1},{"Space":{"X":0,"Y":-2},"Vision":2,"Owner":-1},{"Space":{"X":1,"Y":-2},"Vision":3,"Owner":0},{"Space":{"X":2,"Y":-2},"Vision":3,"Owner":0},{"Space":{"X":3,"Y":-2},"Vision":2,"Owner":-1},{"Space":{"X":4,"Y":-2},"Vision":1,"Owner":-1},{"Space":{"X":-3,"Y":-1},"Vision":0,"Owner":-1},{"Space":{"X":-2,"Y":-1},"Vision":0,"Owner":-1},{"Space":{"X":-1,"Y":-1},"Vision":0,"Owner":-1},{"Space":{"X":0,"Y":-1},"Vision":2,"Owner":-1},{"Space":{"X":1,"Y":-1},"Vision":3,"Owner":0},{"Space":{"X":2,"Y":-1},"Vision":3,"Owner":-1},{"Space":{"X":3,"Y":-1},"Vision":3,"Owner":-1},{"Space":{"X":4,"Y":-1},"Vision":1,"Owner":-1},{"Space":{"X":-4,"Y":0},"Vision":0,"Owner":-1},{"Space":{"X":-3,"Y":0},"Vision":0,"Owner":-1},{"Space":{"X":-2,"Y":0},"Vision":0,"Owner":-1},{"Space":{"X":-1,"Y":0},"Vision":0,"Owner":-1},{"Space":{"X":0,"Y":0},"Vision":2,"Owner":-1},{"Space":{"X":1,"Y":0},"Vision":3,"Owner":0},{"Space":{"X":2,"Y":0},"Vision":3,"Owner":0},{"Space":{"X":3,"Y":0},"Vision":2,"Owner":-1},{"Space":{"X":4,"Y":0},"Vision":0,"Owner":-1},{"Space":{"X":-4,"Y":1},"Vision":0,"Owner":-1},{"Space":{"X":-3,"Y":1},"Vision":0,"Owner":-1},{"Space":{"X":-2,"Y":1},"Vision":0,"Owner":-1},{"Space":{"X":-1,"Y":1},"Vision":0,"Owner":-1},{"Space":{"X":0,"Y":1},"Vision":2,"Owner":-1},{"Space":{"X":1,"Y":1},"Vision":2,"Owner":-1},{"Space":{"X":2,"Y":1},"Vision":2,"Owner":-1},{"Space":{"X":3,"Y":1},"Vision":0,"Owner":-1},{"Space":{"X":-4,"Y":2},"Vision":0,"Owner":-1},{"Space":{"X":-3,"Y":2},"Vision":0,"Owner":-1},{"Space":{"X":-2,"Y":2},"Vision":0,"Owner":-1},{"Space":{"X":-1,"Y":2},"Vision":0,"Owner":-1},{"Space":{"X":0,"Y":2},"Vision":0,"Owner":-1},{"Space":{"X":1,"Y":2},"Vision":0,"Owner":-1},{"Space":{"X":2,"Y":2},"Vision":0,"Owner":-1},{"Space":{"X":-4,"Y":3},"Vision":0,"Owner":-1},{"Space":{"X":-3,"Y":3},"Vision":0,"Owner":-1},{"Space":{"X":-2,"Y":3},"Vision":0,"Owner":-1},{"Space":{"X":-1,"Y":3},"Vision":0,"Owner":-1},{"Space":{"X":0,"Y":3},"Vision":0,"Owner":-1},{"Space":{"X":1,"Y":3},"Vision":0,"Owner":-1},{"Space":{"X":-4,"Y":4},"Vision":0,"Owner":-1},{"Space":{"X":-3,"Y":4},"Vision":0,"Owner":-1},{"Space":{"X":-2,"Y":4},"Vision":0,"Owner":-1},{"Space":{"X":-1,"Y":4},"Vision":0,"Owner":-1},{"Space":{"X":0,"Y":4},"Vision":0,"Owner":-1}],"units":[{"InternalID":1,"UnitID":11,"Type":2,"Kind":1,"Location":{"Space":{"X":1,"Y":-2},"Zone":{"X":1,"Y":0}},"CurrentStamina":15,"CurrentOrder":{"Kind":0,"TargetZone":{"Space":{"X":1,"Y":-2},"Zone":{"X":0,"Y":0}},"TargetSpace":null,"TargetResource":null,"TargetUnit":null,"TargetBuilding":null},"Builds":[],"GarrisonedIn":null,"Stance":3,"InterruptCurrent":true,"AttackBack":true,"TargetPriority":"","ActiveOrders":[{"ID":2,"Kind":0}],"Health":11,"MaxHealth":11},{"InternalID":2,"UnitID":11,"Type":2,"Kind":1,"Location":{"Space":{"X":1,"Y":-1},"Zone":{"X":1,"Y":0}},"CurrentStamina":15,"CurrentOrder":{"Kind":0,"TargetZone":{"Space":{"X":1,"Y":-1},"Zone":{"X":0,"Y":0}},"TargetSpace":null,"TargetResource":null,"TargetUnit":null,"TargetBuilding":null},"Builds":[],"GarrisonedIn":null,"Stance":3,"InterruptCurrent":true,"AttackBack":true,"TargetPriority":"","ActiveOrders":[{"ID":3,"Kind":0}],"Health":11,"MaxHealth":11},{"InternalID":3,"UnitID":11,"Type":2,"Kind":1,"Location":{"Space":{"X":1,"Y":0},"Zone":{"X":1,"Y":-1}},"CurrentStamina":15,"CurrentOrder":{"Kind":0,"TargetZone":{"Space":{"X":1,"Y":0},"Zone":{"X":0,"Y":0}},"TargetSpace":null,"TargetResource":null,"TargetUnit":null,"TargetBuilding":null},"Builds":[],"GarrisonedIn":null,"Stance":3,"InterruptCurrent":true,"AttackBack":true,"TargetPriority":"","ActiveOrders":[{"ID":4,"Kind":0}],"Health":11,"MaxHealth":11},{"InternalID":4,"UnitID":11,"Type":2,"Kind":1,"Location":{"Space":{"X":2,"Y":-3},"Zone":{"X":0,"Y":1}},"CurrentStamina":15,"CurrentOrder":{"Kind":0,"TargetZone":{"Space":{"X":2,"Y":-3},"Zone":{"X":0,"Y":0}},"TargetSpace":null,"TargetResource":null,"TargetUnit":null,"TargetBuilding":null},"Builds":[],"GarrisonedIn":null,"Stance":3,"InterruptCurrent":true,"AttackBack":true,"TargetPriority":"","ActiveOrders":[{"ID":5,"Kind":0}],"Health":11,"MaxHealth":11},{"InternalID":5,"UnitID":11,"Type":2,"Kind":1,"Location":{"Space":{"X":2,"Y":0},"Zone":{"X":1,"Y":-1}},"CurrentStamina":15,"CurrentOrder":{"Kind":0,"TargetZone":{"Space":{"X":2,"Y":0},"Zone":{"X":0,"Y":0}},"TargetSpace":null,"TargetResource":null,"TargetUnit":null,"TargetBuilding":null},"Builds":[],"GarrisonedIn":null,"Stance":3,"InterruptCurrent":true,"AttackBack":true,"TargetPriority":"","ActiveOrders":[{"ID":6,"Kind":0}],"Health":11,"MaxHealth":11},{"InternalID":6,"UnitID":11,"Type":2,"Kind":1,"Location":{"Space":{"X":3,"Y":-4},"Zone":{"X":0,"Y":1}},"CurrentStamina":15,"CurrentOrder":{"Kind":0,"TargetZone":{"Space":{"X":3,"Y":-4},"Zone":{"X":0,"Y":0}},"TargetSpace":null,"TargetResource":null,"TargetUnit":null,"TargetBuilding":null},"Builds":[],"GarrisonedIn":null,"Stance":3,"InterruptCurrent":false,"AttackBack":true,"TargetPriority":"","ActiveOrders":[{"ID":7,"Kind":0}],"Health":11,"MaxHealth":11},{"InternalID":7,"UnitID":11,"Type":2,"Kind":1,"Location":{"Space":{"X":1,"Y":-2},"Zone":{"X":1,"Y":0}},"CurrentStamina":15,"CurrentOrder":{"Kind":0,"TargetZone":{"Space":{"X":1,"Y":-2},"Zone":{"X":0,"Y":0}},"TargetSpace":null,"TargetResource":null,"TargetUnit":null,"TargetBuilding":null},"Builds":[],"GarrisonedIn":null,"Stance":3,"InterruptCurrent":true,"AttackBack":true,"TargetPriority":"","ActiveOrders":[{"ID":8,"Kind":0}],"Health":11,"MaxHealth":11},{"InternalID":8,"UnitID":11,"Type":2,"Kind":1,"Location":{"Space":{"X":1,"Y":-2},"Zone":{"X":1,"Y":0}},"CurrentStamina":15,"CurrentOrder":{"Kind":0,"TargetZone":{"Space":{"X":1,"Y":-2},"Zone":{"X":0,"Y":0}},"TargetSpace":null,"TargetResource":null,"TargetUnit":null,"TargetBuilding":null},"Builds":[],"GarrisonedIn":null,"Stance":3,"InterruptCurrent":true,"AttackBack":true,"TargetPriority":"","ActiveOrders":[{"ID":9,"Kind":0}],"Health":11,"MaxHealth":11},{"InternalID":9,"UnitID":11,"Type":2,"Kind":1,"Location":{"Space":{"X":1,"Y":-2},"Zone":{"X":1,"Y":0}},"CurrentStamina":15,"CurrentOrder":{"Kind":0,"TargetZone":{"Space":{"X":1,"Y":-2},"Zone":{"X":0,"Y":0}},"TargetSpace":null,"TargetResource":null,"TargetUnit":null,"TargetBuilding":null},"Builds":[],"GarrisonedIn":null,"Stance":3,"InterruptCurrent":true,"AttackBack":true,"TargetPriority":"","ActiveOrders":[{"ID":10,"Kind":0}],"Health":11,"MaxHealth":11},{"InternalID":10,"UnitID":11,"Type":2,"Kind":1,"Location":{"Space":{"X":1,"Y":-2},"Zone":{"X":1,"Y":0}},"CurrentStamina":15,"CurrentOrder":{"Kind":0,"TargetZone":{"Space":{"X":1,"Y":-2},"Zone":{"X":0,"Y":0}},"TargetSpace":null,"TargetResource":null,"TargetUnit":null,"TargetBuilding":null},"Builds":[],"GarrisonedIn":null,"Stance":3,"InterruptCurrent":true,"AttackBack":true,"TargetPriority":"","ActiveOrders":[{"ID":11,"Kind":0}],"Health":11,"MaxHealth":11},{"InternalID":11,"UnitID":11,"Type":2,"Kind":1,"Location":{"Space":{"X":1,"Y":-2},"Zone":{"X":1,"Y":0}},"CurrentStamina":15,"CurrentOrder":{"Kind":0,"TargetZone":{"Space":{"X":1,"Y":-2},"Zone":{"X":0,"Y":0}},"TargetSpace":null,"TargetResource":null,"TargetUnit":null,"TargetBuilding":null},"Builds":[],"GarrisonedIn":null,"Stance":3,"InterruptCurrent":true,"AttackBack":true,"TargetPriority":"","ActiveOrders":[{"ID":12,"Kind":0}],"Health":11,"MaxHealth":11},{"InternalID":12,"UnitID":11,"Type":2,"Kind":1,"Location":{"Space":{"X":1,"Y":-2},"Zone":{"X":1,"Y":0}},"CurrentStamina":15,"CurrentOrder":{"Kind":0,"TargetZone":{"Space":{"X":1,"Y":-2},"Zone":{"X":0,"Y":0}},"TargetSpace":null,"TargetResource":null,"TargetUnit":null,"TargetBuilding":null},"Builds":[],"GarrisonedIn":null,"Stance":3,"InterruptCurrent":true,"AttackBack":true,"TargetPriority":"","ActiveOrders":[{"ID":13,"Kind":0}],"Health":11,"MaxHealth":11},{"InternalID":13,"UnitID":11,"Type":2,"Kind":1,"Location":{"Space":{"X":1,"Y":-2},"Zone":{"X":1,"Y":0}},"CurrentStamina":15,"CurrentOrder":{"Kind":0,"TargetZone":{"Space":{"X":1,"Y":-2},"Zone":{"X":0,"Y":0}},"TargetSpace":null,"TargetResource":null,"TargetUnit":null,"TargetBuilding":null},"Builds":[],"GarrisonedIn":null,"Stance":3,"InterruptCurrent":true,"AttackBack":true,"TargetPriority":"","ActiveOrders":[{"ID":14,"Kind":0}],"Health":11,"MaxHealth":11},{"InternalID":14,"UnitID":11,"Type":2,"Kind":1,"Location":{"Space":{"X":1,"Y":-2},"Zone":{"X":1,"Y":0}},"CurrentStamina":15,"CurrentOrder":{"Kind":0,"TargetZone":{"Space":{"X":1,"Y":-2},"Zone":{"X":0,"Y":0}},"TargetSpace":null,"TargetResource":null,"TargetUnit":null,"TargetBuilding":null},"Builds":[],"GarrisonedIn":null,"Stance":3,"InterruptCurrent":true,"AttackBack":true,"TargetPriority":"","ActiveOrders":[{"ID":15,"Kind":0}],"Health":11,"MaxHealth":11},{"InternalID":15,"UnitID":11,"Type":2,"Kind":1,"Location":{"Space":{"X":1,"Y":-2},"Zone":{"X":1,"Y":0}},"CurrentStamina":15,"CurrentOrder":{"Kind":0,"TargetZone":{"Space":{"X":1,"Y":-2},"Zone":{"X":0,"Y":0}},"TargetSpace":null,"TargetResource":null,"TargetUnit":null,"TargetBuilding":null},"Builds":[],"GarrisonedIn":null,"Stance":3,"InterruptCurrent":true,"AttackBack":true,"TargetPriority":"","ActiveOrders":[{"ID":16,"Kind":0}],"Health":11,"MaxHealth":11},{"InternalID":16,"UnitID":11,"Type":2,"Kind":1,"Location":{"Space":{"X":1,"Y":-2},"Zone":{"X":1,"Y":0}},"CurrentStamina":15,"CurrentOrder":{"Kind":0,"TargetZone":{"Space":{"X":1,"Y":-2},"Zone":{"X":0,"Y":0}},"TargetSpace":null,"TargetResource":null,"TargetUnit":null,"TargetBuilding":null},"Builds":[],"GarrisonedIn":null,"Stance":3,"InterruptCurrent":true,"AttackBack":true,"TargetPriority":"","ActiveOrders":[{"ID":17,"Kind":0}],"Health":11,"MaxHealth":11},{"InternalID":17,"UnitID":12,"Type":2,"Kind":1,"Location":{"Space":{"X":2,"Y":-2},"Zone":{"X":-1,"Y":0}},"CurrentStamina":15,"CurrentOrder":{"Kind":0,"TargetZone":{"Space":{"X":1,"Y":-2},"Zone":{"X":0,"Y":0}},"TargetSpace":null,"TargetResource":null,"TargetUnit":null,"TargetBuilding":null},"Builds":[],"GarrisonedIn":null,"Stance":3,"InterruptCurrent":true,"AttackBack":true,"TargetPriority":"","ActiveOrders":[{"ID":18,"Kind":0}],"Health":16,"MaxHealth":16},{"InternalID":18,"UnitID":12,"Type":2,"Kind":1,"Location":{"Space":{"X":2,"Y":-2},"Zone":{"X":-1,"Y":0}},"CurrentStamina":15,"CurrentOrder":{"Kind":0,"TargetZone":{"Space":{"X":1,"Y":-2},"Zone":{"X":0,"Y":0}},"TargetSpace":null,"TargetResource":null,"TargetUnit":null,"TargetBuilding":null},"Builds":[],"GarrisonedIn":null,"Stance":3,"InterruptCurrent":true,"AttackBack":true,"TargetPriority":"","ActiveOrders":[{"ID":19,"Kind":0}],"Health":16,"MaxHealth":16},{"InternalID":19,"UnitID":12,"Type":2,"Kind":1,"Location":{"Space":{"X":2,"Y":-2},"Zone":{"X":-1,"Y":0}},"CurrentStamina":15,"CurrentOrder":{"Kind":0,"TargetZone":{"Space":{"X":1,"Y":-2},"Zone":{"X":0,"Y":0}},"TargetSpace":null,"TargetResource":null,"TargetUnit":null,"TargetBuilding":null},"Builds":[],"GarrisonedIn":null,"Stance":3,"InterruptCurrent":true,"AttackBack":true,"TargetPriority":"","ActiveOrders":[{"ID":20,"Kind":0}],"Health":16,"MaxHealth":16},{"InternalID":20,"UnitID":12,"Type":2,"Kind":1,"Location":{"Space":{"X":2,"Y":-2},"Zone":{"X":-1,"Y":0}},"CurrentStamina":15,"CurrentOrder":{"Kind":0,"TargetZone":{"Space":{"X":1,"Y":-2},"Zone":{"X":0,"Y":0}},"TargetSpace":null,"TargetResource":null,"TargetUnit":null,"TargetBuilding":null},"Builds":[],"GarrisonedIn":null,"Stance":3,"InterruptCurrent":true,"AttackBack":true,"TargetPriority":"","ActiveOrders":[{"ID":21,"Kind":0}],"Health":16,"MaxHealth":16},{"InternalID":21,"UnitID":12,"Type":2,"Kind":1,"Location":{"Space":{"X":2,"Y":-2},"Zone":{"X":-1,"Y":0}},"CurrentStamina":15,"CurrentOrder":{"Kind":0,"TargetZone":{"Space":{"X":1,"Y":-2},"Zone":{"X":0,"Y":0}},"TargetSpace":null,"TargetResource":null,"TargetUnit":null,"TargetBuilding":null},"Builds":[],"GarrisonedIn":null,"Stance":3,"InterruptCurrent":true,"AttackBack":true,"TargetPriority":"","ActiveOrders":[{"ID":22,"Kind":0}],"Health":16,"MaxHealth":16},{"InternalID":22,"UnitID":12,"Type":2,"Kind":1,"Location":{"Space":{"X":2,"Y":-2},"Zone":{"X":-1,"Y":0}},"CurrentStamina":15,"CurrentOrder":{"Kind":0,"TargetZone":{"Space":{"X":1,"Y":-2},"Zone":{"X":0,"Y":0}},"TargetSpace":null,"TargetResource":null,"TargetUnit":null,"TargetBuilding":null},"Builds":[],"GarrisonedIn":null,"Stance":3,"InterruptCurrent":true,"AttackBack":true,"TargetPriority":"","ActiveOrders":[{"ID":23,"Kind":0}],"Health":16,"MaxHealth":16},{"InternalID":23,"UnitID":12,"Type":2,"Kind":1,"Location":{"Space":{"X":2,"Y":-2},"Zone":{"X":-1,"Y":0}},"CurrentStamina":15,"CurrentOrder":{"Kind":0,"TargetZone":{"Space":{"X":1,"Y":-2},"Zone":{"X":0,"Y":0}},"TargetSpace":null,"TargetResource":null,"TargetUnit":null,"TargetBuilding":null},"Builds":[],"GarrisonedIn":null,"Stance":3,"InterruptCurrent":true,"AttackBack":true,"TargetPriority":"","ActiveOrders":[{"ID":24,"Kind":0}],"Health":16,"MaxHealth":16},{"InternalID":24,"UnitID":12,"Type":2,"Kind":1,"Location":{"Space":{"X":2,"Y":-2},"Zone":{"X":-1,"Y":0}},"CurrentStamina":15,"CurrentOrder":{"Kind":0,"TargetZone":{"Space":{"X":1,"Y":-2},"Zone":{"X":0,"Y":0}},"TargetSpace":null,"TargetResource":null,"TargetUnit":null,"TargetBuilding":null},"Builds":[],"GarrisonedIn":null,"Stance":3,"InterruptCurrent":true,"AttackBack":true,"TargetPriority":"","ActiveOrders":[{"ID":25,"Kind":0}],"Health":16,"MaxHealth":16},{"InternalID":25,"UnitID":13,"Type":2,"Kind":1,"Location":{"Space":{"X":2,"Y":-2},"Zone":{"X":0,"Y":0}},"CurrentStamina":8,"CurrentOrder":{"Kind":0,"TargetZone":{"Space":{"X":1,"Y":-2},"Zone":{"X":0,"Y":0}},"TargetSpace":null,"TargetResource":null,"TargetUnit":null,"TargetBuilding":null},"Builds":[],"GarrisonedIn":null,"Stance":3,"InterruptCurrent":true,"AttackBack":true,"TargetPriority":"","ActiveOrders":[{"ID":26,"Kind":0}],"Health":50,"MaxHealth":50},{"InternalID":26,"UnitID":13,"Type":2,"Kind":1,"Location":{"Space":{"X":2,"Y":-2},"Zone":{"X":0,"Y":0}},"CurrentStamina":8,"CurrentOrder":{"Kind":0,"TargetZone":{"Space":{"X":1,"Y":-2},"Zone":{"X":0,"Y":0}},"TargetSpace":null,"TargetResource":null,"TargetUnit":null,"TargetBuilding":null},"Builds":[],"GarrisonedIn":null,"Stance":3,"InterruptCurrent":true,"AttackBack":true,"TargetPriority":"","ActiveOrders":[{"ID":27,"Kind":0}],"Health":50,"MaxHealth":50},{"InternalID":27,"UnitID":13,"Type":2,"Kind":1,"Location":{"Space":{"X":2,"Y":-2},"Zone":{"X":0,"Y":0}},"CurrentStamina":8,"CurrentOrder":{"Kind":0,"TargetZone":{"Space":{"X":1,"Y":-2},"Zone":{"X":0,"Y":0}},"TargetSpace":null,"TargetResource":null,"TargetUnit":null,"TargetBuilding":null},"Builds":[],"GarrisonedIn":null,"Stance":3,"InterruptCurrent":true,"AttackBack":true,"TargetPriority":"","ActiveOrders":[{"ID":28,"Kind":0}],"Health":50,"MaxHealth":50},{"InternalID":28,"UnitID":13,"Type":2,"Kind":1,"Location":{"Space":{"X":2,"Y":-2},"Zone":{"X":0,"Y":0}},"CurrentStamina":8,"CurrentOrder":{"Kind":0,"TargetZone":{"Space":{"X":1,"Y":-2},"Zone":{"X":0,"Y":0}},"TargetSpace":null,"TargetResource":null,"TargetUnit":null,"TargetBuilding":null},"Builds":[],"GarrisonedIn":null,"Stance":3,"InterruptCurrent":true,"AttackBack":true,"TargetPriority":"","ActiveOrders":[{"ID":29,"Kind":0}],"Health":50,"MaxHealth":50},{"InternalID":29,"UnitID":13,"Type":2,"Kind":1,"Location":{"Space":{"X":2,"Y":-2},"Zone":{"X":0,"Y":0}},"CurrentStamina":8,"CurrentOrder":{"Kind":0,"TargetZone":{"Space":{"X":1,"Y":-2},"Zone":{"X":0,"Y":0}},"TargetSpace":null,"TargetResource":null,"TargetUnit":null,"TargetBuilding":null},"Builds":[],"GarrisonedIn":null,"Stance":3,"InterruptCurrent":true,"AttackBack":true,"TargetPriority":"","ActiveOrders":[{"ID":30,"Kind":0}],"Health":50,"MaxHealth":50},{"InternalID":30,"UnitID":13,"Type":2,"Kind":1,"Location":{"Space":{"X":2,"Y":-2},"Zone":{"X":0,"Y":0}},"CurrentStamina":8,"CurrentOrder":{"Kind":0,"TargetZone":{"Space":{"X":1,"Y":-2},"Zone":{"X":0,"Y":0}},"TargetSpace":null,"TargetResource":null,"TargetUnit":null,"TargetBuilding":null},"Builds":[],"GarrisonedIn":null,"Stance":3,"InterruptCurrent":true,"AttackBack":true,"TargetPriority":"","ActiveOrders":[{"ID":31,"Kind":0}],"Health":50,"MaxHealth":50}]}
2026/09/30 21:20:37 ai ai-0: submitting orders []
2026/09/30 21:20:37 ai ai-0: vars {"B":16,"Hv":6,"Pi":8,"aPowLocal":0,"aThreat":0,"a_engaged":0,"a_odds":1.3,"a_outnumbered":0,"army_target":50,"army_value":3080,"assault":0,"bank_rate":28,"bar_barracks":0.17072129748186085,"bar_redoubt":1.1111111111111112,"barracks":0,"barracks_B":0,"barracks_P":0,"barracks_save":0,"barracks_spend":78.1,"barracks_want":0,"buffer_food":70,"buffer_gold":0,"buffer_stone":0,"buffer_wood":70,"builders":0,"committed":0,"eB":0,"eGrowth":0,"eH":0,"eMil":0,"eP":0,"ePow":0,"ePowEst":0,"ePowSeen":0,"eTech":1,"eV":0,"es":1,"farm_want":0,"farm_wood_short":0,"farming":0,"fire_barracks":0,"fire_farm0":0,"fire_farm1":0,"fire_farm2":0,"fire_house":0,"fire_outpost":0,"fire_redoubt":0,"fire_smith":0,"fire_vc":0,"food_need":0,"food_over":0,"food_rate":0,"food_slots":1000,"food_workers":0,"free_room":20,"go":0,"gold_income":14,"gold_need":0,"gold_rate":0,"gold_surplus":16,"guaranteed":0,"guard_home":0,"headroom":-30,"hire_B":861.5384615384614,"hire_P":1353.8461538461538,"homePow":0,"house_builders":0,"house_urgency":0,"house_want":0,"income_proj":0,"left":0,"lf_food":0,"lf_gold":0,"lf_stone":0,"lf_wood":0,"lump_food":0,"lump_gold":0,"lump_stone":0,"lump_wood":0,"maturity":0,"mil":30,"myTech":1,"n_barracks":0,"n_redoubts":0,"needB":19.99511837930193,"needP":0.00488162069807176,"outpost_want":0,"pikes":0,"planned_food":0,"planned_gold":0,"planned_stone":0,"planned_wood":0,"prod_rate":0,"proj_army":3080,"raid_danger":0,"raid_fails":0,"raid_lost":0,"raid_pause":0,"raid_prev":5,"raid_size":4.8,"raid_wiped":0,"rate":6,"redoubt_H":0,"redoubt_gold_ok":1,"redoubt_save":0,"redoubt_spend":30,"redoubt_want":0,"redoubts":0,"rf_food":0,"rf_gold":0,"rf_stone":0,"rf_wood":0,"sB4":256,"sP4":0.0625,"scale_l":0,"scale_r":0,"shareH":0.2,"smith_want":0,"smiths":0,"spare":0,"spare_food":0.5,"stone_need":0,"stone_rate":0,"tH":26,"target_spend":400,"tech_food":50,"tech_gold":0,"tech_stone":0,"tech_wood":50,"threat_home":0,"turns_left":-300,"u_barracks":0.2868117797695263,"u_redoubt":0.18666666666666668,"unit_spend":120,"vB":4,"vH":1,"vP":0.5,"vc_want":0,"vcs":0,"vil_goal":50,"vil_rate":0,"vil_stamina":8,"vil_want":0,"vil_want_last":0,"vil_worth_now":0.6,"vils":0,"w_food":0,"w_gold":0,"w_stone":0,"w_wood":0,"wild_workers":0,"wood_need":0,"wood_rate":0,"workers":0}
2026/09/30 21:20:37 player action: submit-orders 0 1 map[orders:[]]
2026/09/30 21:20:37 Executing submit orders for: 0 []
2026/09/30 21:20:37 Resolving active orders
2026/09/30 21:20:37 Moving unit 6 Blunt Infantry to zone(0, 0) in space (3, -4) tick=1
2026/09/30 21:20:37 Moving unit 9 Blunt Infantry to zone(0, 0) in space (1, -2) tick=1
2026/09/30 21:20:37 Moving unit 15 Blunt Infantry to zone(0, 0) in space (1, -2) tick=1
2026/09/30 21:20:37 Moving unit 7 Blunt Infantry to zone(0, 0) in space (1, -2) tick=1
2026/09/30 21:20:37 Moving unit 10 Blunt Infantry to zone(0, 0) in space (1, -2) tick=1
2026/09/30 21:20:37 Moving unit 12 Blunt Infantry to zone(0, 0) in space (1, -2) tick=1
2026/09/30 21:20:37 Moving unit 19 Piercing Infantry to zone(1, 0) in space (1, -2) tick=1
2026/09/30 21:20:37 Moving unit 20 Piercing Infantry to zone(1, 0) in space (1, -2) tick=1
2026/09/30 21:20:37 Moving unit 23 Piercing Infantry to zone(1, 0) in space (1, -2) tick=1
2026/09/30 21:20:37 Moving unit 25 Heavy Infantry to zone(-1, 0) in space (2, -2) tick=1
2026/09/30 21:20:37 Moving unit 30 Heavy Infantry to zone(-1, 0) in space (2, -2) tick=1
2026/09/30 21:20:37 Moving unit 4 Blunt Infantry to zone(0, 0) in space (2, -3) tick=1
2026/09/30 21:20:37 Moving unit 16 Blunt Infantry to zone(0, 0) in space (1, -2) tick=1
2026/09/30 21:20:37 Moving unit 18 Piercing Infantry to zone(1, 0) in space (1, -2) tick=1
2026/09/30 21:20:37 Moving unit 24 Piercing Infantry to zone(1, 0) in space (1, -2) tick=1
2026/09/30 21:20:37 Moving unit 26 Heavy Infantry to zone(-1, 0) in space (2, -2) tick=1
2026/09/30 21:20:37 Moving unit 14 Blunt Infantry to zone(0, 0) in space (1, -2) tick=1
2026/09/30 21:20:37 Moving unit 1 Blunt Infantry to zone(0, 0) in space (1, -2) tick=1
2026/09/30 21:20:37 Moving unit 3 Blunt Infantry to zone(0, 0) in space (1, 0) tick=1
2026/09/30 21:20:37 Moving unit 8 Blunt Infantry to zone(0, 0) in space (1, -2) tick=1
2026/09/30 21:20:37 Moving unit 11 Blunt Infantry to zone(0, 0) in space (1, -2) tick=1
2026/09/30 21:20:37 Moving unit 5 Blunt Infantry to zone(0, 0) in space (2, 0) tick=1
2026/09/30 21:20:37 Moving unit 17 Piercing Infantry to zone(1, 0) in space (1, -2) tick=1
2026/09/30 21:20:37 Moving unit 21 Piercing Infantry to zone(1, 0) in space (1, -2) tick=1
2026/09/30 21:20:37 Moving unit 28 Heavy Infantry to zone(-1, 0) in space (2, -2) tick=1
2026/09/30 21:20:37 Moving unit 2 Blunt Infantry to zone(0, 0) in space (1, -1) tick=1
2026/09/30 21:20:37 Moving unit 13 Blunt Infantry to zone(0, 0) in space (1, -2) tick=1
2026/09/30 21:20:37 Moving unit 22 Piercing Infantry to zone(1, 0) in space (1, -2) tick=1
2026/09/30 21:20:37 Moving unit 27 Heavy Infantry to zone(-1, 0) in space (2, -2) tick=1
2026/09/30 21:20:37 Moving unit 29 Heavy Infantry to zone(-1, 0) in space (2, -2) tick=1
2026/09/30 21:20:37 Moving unit 31 Blunt Infantry to zone(0, 1) in space (-4, 1) tick=1
2026/09/30 21:20:37 state_hash turn=2 tick=1 hash=4ca87251d7755133
2026/09/30 21:20:37 Moving unit 29 Heavy Infantry to zone(1, 0) in space (1, -2) tick=2
2026/09/30 21:20:37 Moving unit 19 Piercing Infantry to zone(0, 0) in space (1, -2) tick=2
2026/09/30 21:20:37 Moving unit 20 Piercing Infantry to zone(0, 0) in space (1, -2) tick=2
2026/09/30 21:20:37 Moving unit 23 Piercing Infantry to zone(0, 0) in space (1, -2) tick=2
2026/09/30 21:20:37 Moving unit 25 Heavy Infantry to zone(1, 0) in space (1, -2) tick=2
2026/09/30 21:20:37 Moving unit 30 Heavy Infantry to zone(1, 0) in space (1, -2) tick=2
2026/09/30 21:20:37 Moving unit 18 Piercing Infantry to zone(0, 0) in space (1, -2) tick=2
2026/09/30 21:20:37 Moving unit 24 Piercing Infantry to zone(0, 0) in space (1, -2) tick=2
2026/09/30 21:20:37 Moving unit 26 Heavy Infantry to zone(1, 0) in space (1, -2) tick=2
2026/09/30 21:20:37 Moving unit 17 Piercing Infantry to zone(0, 0) in space (1, -2) tick=2
2026/09/30 21:20:37 Moving unit 21 Piercing Infantry to zone(0, 0) in space (1, -2) tick=2
2026/09/30 21:20:37 Moving unit 28 Heavy Infantry to zone(1, 0) in space (1, -2) tick=2
2026/09/30 21:20:37 Moving unit 22 Piercing Infantry to zone(0, 0) in space (1, -2) tick=2
2026/09/30 21:20:37 Moving unit 27 Heavy Infantry to zone(1, 0) in space (1, -2) tick=2
2026/09/30 21:20:37 Moving unit 31 Blunt Infantry to zone(0, 0) in space (-4, 1) tick=2
2026/09/30 21:20:37 state_hash turn=2 tick=2 hash=c077e9ceb15e4026
2026/09/30 21:20:37 Moving unit 26 Heavy Infantry to zone(0, 0) in space (1, -2) tick=3
2026/09/30 21:20:37 Moving unit 28 Heavy Infantry to zone(0, 0) in space (1, -2) tick=3
2026/09/30 21:20:37 Moving unit 27 Heavy Infantry to zone(0, 0) in space (1, -2) tick=3
2026/09/30 21:20:37 Moving unit 29 Heavy Infantry to zone(0, 0) in space (1, -2) tick=3
2026/09/30 21:20:37 Moving unit 25 Heavy Infantry to zone(0, 0) in space (1, -2) tick=3
2026/09/30 21:20:37 Moving unit 30 Heavy Infantry to zone(0, 0) in space (1, -2) tick=3
2026/09/30 21:20:37 state_hash turn=2 tick=3 hash=e252db548dd3488d
2026/09/30 21:20:37 state_hash turn=2 tick=end hash=f8d1fdf2228ae631
2026/09/30 21:20:37 ai ai-1: new turn data {"buildings":[],"enemy_buildings":[],"enemy_units":[],"foundations":[],"population":{"current":30,"limit":0},"resources":{"food":200,"gold":10,"stone":100,"wood":200},"spaces":[{"Space":{"X":0,"Y":-4},"Vision":0,"Owner":-1},{"Space":{"X":1,"Y":-4},"Vision":0,"Owner":-1},{"Space":{"X":2,"Y":-4},"Vision":0,"Owner":-1},{"Space":{"X":3,"Y":-4},"Vision":0,"Owner":-1},{"Space":{"X":4,"Y":-4},"Vision":0,"Owner":-1},{"Space":{"X":-1,"Y":-3},"Vision":0,"Owner":-1},{"Space":{"X":0,"Y":-3},"Vision":0,"Owner":-1},{"Space":{"X":1,"Y":-3},"Vision":0,"Owner":-1},{"Space":{"X":2,"Y":-3},"Vision":0,"Owner":-1},{"Space":{"X":3,"Y":-3},"Vision":0,"Owner":-1},{"Space":{"X":4,"Y":-3},"Vision":0,"Owner":-1},{"Space":{"X":-2,"Y":-2},"Vision":0,"Owner":-1},{"Space":{"X":-1,"Y":-2},"Vision":0,"Owner":-1},{"Space":{"X":0,"Y":-2},"Vision":0,"Owner":-1},{"Space":{"X":1,"Y":-2},"Vision":0,"Owner":-1},{"Space":{"X":2,"Y":-2},"Vision":0,"Owner":-1},{"Space":{"X":3,"Y":-2},"Vision":0,"Owner":-1},{"Space":{"X":4,"Y":-2},"Vision":0,"Owner":-1},{"Space":{"X":-3,"Y":-1},"Vision":0,"Owner":-1},{"Space":{"X":-2,"Y":-1},"Vision":0,"Owner":-1},{"Space":{"X":-1,"Y":-1},"Vision":0,"Owner":-1},{"Space":{"X":0,"Y":-1},"Vision":0,"Owner":-1},{"Space":{"X":1,"Y":-1},"Vision":0,"Owner":-1},{"Space":{"X":2,"Y":-1},"Vision":0,"Owner":-1},{"Space":{"X":3,"Y":-1},"Vision":0,"Owner":-1},{"Space":{"X":4,"Y":-1},"Vision":0,"Owner":-1},{"Space":{"X":-4,"Y":0},"Vision":2,"Owner":-1},{"Space":{"X":-3,"Y":0},"Vision":2,"Owner":-1},{"Space":{"X":-2,"Y":0},"Vision":0,"Owner":-1},{"Space":{"X":-1,"Y":0},"Vision":0,"Owner":-1},{"Space":{"X":0,"Y":0},"Vision":0,"Owner":-1},{"Space":{"X":1,"Y":0},"Vision":0,"Owner":-1},{"Space":{"X":2,"Y":0},"Vision":0,"Owner":-1},{"Space":{"X":3,"Y":0},"Vision":0,"Owner":-1},{"Space":{"X":4,"Y":0},"Vision":0,"Owner":-1},{"Space":{"X":-4,"Y":1},"Vision":3,"Owner":1},{"Space":{"X":-3,"Y":1},"Vision":2,"Owner":-1},{"Space":{"X":-2,"Y":1},"Vision":2,"Owner":-1},{"Space":{"X":-1,"Y":1},"Vision":0,"Owner":-1},{"Space":{"X":0,"Y":1},"Vision":0,"Owner":-1},{"Space":{"X":1,"Y":1},"Vision":0,"Owner":-1},{"Space":{"X":2,"Y":1},"Vision":0,"Owner":-1},{"Space":{"X":3,"Y":1},"Vision":0,"Owner":-1},{"Space":{"X":-4,"Y":2},"Vision":2,"Owner":-1},{"Space":{"X":-3,"Y":2},"Vision":3,"Owner":1},{"Space":{"X":-2,"Y":2},"Vision":2,"Owner":-1},{"Space":{"X":-1,"Y":2},"Vision":0,"Owner":-1},{"Space":{"X":0,"Y":2},"Vision":0,"Owner":-1},{"Space":{"X":1,"Y":2},"Vision":0,"Owner":-1},{"Space":{"X":2,"Y":2},"Vision":0,"Owner":-1},{"Space":{"X":-4,"Y":3},"Vision":2,"Owner":-1},{"Space":{"X":-3,"Y":3},"Vision":2,"Owner":-1},{"Space":{"X":-2,"Y":3},"Vision":0,"Owner":-1},{"Space":{"X":-1,"Y":3},"Vision":0,"Owner":-1},{"Space":{"X":0,"Y":3},"Vision":0,"Owner":-1},{"Space":{"X":1,"Y":3},"Vision":0,"Owner":-1},{"Space":{"X":-4,"Y":4},"Vision":0,"Owner":-1},{"Space":{"X":-3,"Y":4},"Vision":0,"Owner":-1},{"Space":{"X":-2,"Y":4},"Vision":0,"Owner":-1},{"Space":{"X":-1,"Y":4},"Vision":0,"Owner":-1},{"Space":{"X":0,"Y":4},"Vision":0,"Owner":-1}],"units":[{"InternalID":31,"UnitID":11,"Type":2,"Kind":1,"Location":{"Space":{"X":-4,"Y":1},"Zone":{"X":0,"Y":0}},"CurrentStamina":23,"CurrentOrder":null,"Builds":[],"GarrisonedIn":null,"Stance":3,"InterruptCurrent":false,"AttackBack":true,"TargetPriority":"","ActiveOrders":null,"Health":11,"MaxHealth":11},{"InternalID":32,"UnitID":11,"Type":2,"Kind":1,"Location":{"Space":{"X":-3,"Y":2},"Zone":{"X":0,"Y":0}},"CurrentStamina":23,"CurrentOrder":null,"Builds":[],"GarrisonedIn":null,"Stance":3,"InterruptCurrent":false,"AttackBack":true,"TargetPriority":"","ActiveOrders":null,"Health":11,"MaxHealth":11},{"InternalID":33,"UnitID":11,"Type":2,"Kind":1,"Location":{"Space":{"X":-3,"Y":2},"Zone":{"X":0,"Y":0}},"CurrentStamina":23,"CurrentOrder":null,"Builds":[],"GarrisonedIn":null,"Stance":3,"InterruptCurrent":false,"AttackBack":true,"TargetPriority":"","ActiveOrders":null,"Health":11,"MaxHealth":11},{"InternalID":34,"UnitID":11,"Type":2,"Kind":1,"Location":{"Space":{"X":-3,"Y":2},"Zone":{"X":0,"Y":0}},"CurrentStamina":23,"CurrentOrder":null,"Builds":[],"GarrisonedIn":null,"Stance":3,"InterruptCurrent":false,"AttackBack":true,"TargetPriority":"","ActiveOrders":null,"Health":11,"MaxHealth":11},{"InternalID":35,"UnitID":11,"Type":2,"Kind":1,"Location":{"Space":{"X":-3,"Y":2},"Zone":{"X":0,"Y":0}},"CurrentStamina":23,"CurrentOrder":null,"Builds":[],"GarrisonedIn":null,"Stance":3,"InterruptCurrent":false,"AttackBack":true,"TargetPriority":"","ActiveOrders":null,"Health":11,"MaxHealth":11},{"InternalID":36,"UnitID":11,"Type":2,"Kind":1,"Location":{"Space":{"X":-3,"Y":2},"Zone":{"X":0,"Y":0}},"CurrentStamina":23,"CurrentOrder":null,"Builds":[],"GarrisonedIn":null,"Stance":3,"InterruptCurrent":false,"AttackBack":true,"TargetPriority":"","ActiveOrders":null,"Health":11,"MaxHealth":11},{"InternalID":37,"UnitID":11,"Type":2,"Kind":1,"Location":{"Space":{"X":-3,"Y":2},"Zone":{"X":0,"Y":0}},"CurrentStamina":23,"CurrentOrder":null,"Builds":[],"GarrisonedIn":null,"Stance":3,"InterruptCurrent":false,"AttackBack":true,"TargetPriority":"","ActiveOrders":null,"Health":11,"MaxHealth":11},{"InternalID":38,"UnitID":11,"Type":2,"Kind":1,"Location":{"Space":{"X":-3,"Y":2},"Zone":{"X":0,"Y":0}},"CurrentStamina":23,"CurrentOrder":null,"Builds":[],"GarrisonedIn":null,"Stance":3,"InterruptCurrent":false,"AttackBack":true,"TargetPriority":"","ActiveOrders":null,"Health":11,"MaxHealth":11},{"InternalID":39,"UnitID":11,"Type":2,"Kind":1,"Location":{"Space":{"X":-3,"Y":2},"Zone":{"X":0,"Y":0}},"CurrentStamina":23,"CurrentOrder":null,"Builds":[],"GarrisonedIn":null,"Stance":3,"InterruptCurrent":false,"AttackBack":true,"TargetPriority":"","ActiveOrders":null,"Health":11,"MaxHealth":11},{"InternalID":40,"UnitID":11,"Type":2,"Kind":1,"Location":{"Space":{"X":-3,"Y":2},"Zone":{"X":0,"Y":0}},"CurrentStamina":23,"CurrentOrder":null,"Builds":[],"GarrisonedIn":null,"Stance":3,"InterruptCurrent":false,"AttackBack":true,"TargetPriority":"","ActiveOrders":null,"Health":11,"MaxHealth":11},{"InternalID":41,"UnitID":11,"Type":2,"Kind":1,"Location":{"Space":{"X":-3,"Y":2},"Zone":{"X":0,"Y":0}},"CurrentStamina":23,"CurrentOrder":null,"Builds":[],"GarrisonedIn":null,"Stance":3,"InterruptCurrent":false,"AttackBack":true,"TargetPriority":"","ActiveOrders":null,"Health":11,"MaxHealth":11},{"InternalID":42,"UnitID":11,"Type":2,"Kind":1,"Location":{"Space":{"X":-3,"Y":2},"Zone":{"X":0,"Y":0}},"CurrentStamina":23,"CurrentOrder":null,"Builds":[],"GarrisonedIn":null,"Stance":3,"InterruptCurrent":false,"AttackBack":true,"TargetPriority":"","ActiveOrders":null,"Health":11,"MaxHealth":11},{"InternalID":43,"UnitID":11,"Type":2,"Kind":1,"Location":{"Space":{"X":-3,"Y":2},"Zone":{"X":0,"Y":0}},"CurrentStamina":23,"CurrentOrder":null,"Builds":[],"GarrisonedIn":null,"Stance":3,"InterruptCurrent":false,"AttackBack":true,"TargetPriority":"","ActiveOrders":null,"Health":11,"MaxHealth":11},{"InternalID":44,"UnitID":11,"Type":2,"Kind":1,"Location":{"Space":{"X":-3,"Y":2},"Zone":{"X":0,"Y":0}},"CurrentStamina":23,"CurrentOrder":null,"Builds":[],"GarrisonedIn":null,"Stance":3,"InterruptCurrent":false,"AttackBack":true,"TargetPriority":"","ActiveOrders":null,"Health":11,"MaxHealth":11},{"InternalID":45,"UnitID":11,"Type":2,"Kind":1,"Location":{"Space":{"X":-3,"Y":2},"Zone":{"X":0,"Y":0}},"CurrentStamina":23,"CurrentOrder":null,"Builds":[],"GarrisonedIn":null,"Stance":3,"InterruptCurrent":false,"AttackBack":true,"TargetPriority":"","ActiveOrders":null,"Health":11,"MaxHealth":11},{"InternalID":46,"UnitID":11,"Type":2,"Kind":1,"Location":{"Space":{"X":-3,"Y":2},"Zone":{"X":0,"Y":0}},"CurrentStamina":23,"CurrentOrder":null,"Builds":[],"GarrisonedIn":null,"Stance":3,"InterruptCurrent":false,"AttackBack":true,"TargetPriority":"","ActiveOrders":null,"Health":11,"MaxHealth":11},{"InternalID":47,"UnitID":12,"Type":2,"Kind":1,"Location":{"Space":{"X":-3,"Y":2},"Zone":{"X":0,"Y":0}},"CurrentStamina":18,"CurrentOrder":null,"Builds":[],"GarrisonedIn":null,"Stance":3,"InterruptCurrent":false,"AttackBack":true,"TargetPriority":"","ActiveOrders":null,"Health":16,"MaxHealth":16},{"InternalID":48,"UnitID":12,"Type":2,"Kind":1,"Location":{"Space":{"X":-3,"Y":2},"Zone":{"X":0,"Y":0}},"CurrentStamina":18,"CurrentOrder":null,"Builds":[],"GarrisonedIn":null,"Stance":3,"InterruptCurrent":false,"AttackBack":true,"TargetPriority":"","ActiveOrders":null,"Health":16,"MaxHealth":16},{"InternalID":49,"UnitID":12,"Type":2,"Kind":1,"Location":{"Space":{"X":-3,"Y":2},"Zone":{"X":0,"Y":0}},"CurrentStamina":18,"CurrentOrder":null,"Builds":[],"GarrisonedIn":null,"Stance":3,"InterruptCurrent":false,"AttackBack":true,"TargetPriority":"","ActiveOrders":null,"Health":16,"MaxHealth":16},{"InternalID":50,"UnitID":12,"Type":2,"Kind":1,"Location":{"Space":{"X":-3,"Y":2},"Zone":{"X":0,"Y":0}},"CurrentStamina":18,"CurrentOrder":null,"Builds":[],"GarrisonedIn":null,"Stance":3,"InterruptCurrent":false,"AttackBack":true,"TargetPriority":"","ActiveOrders":null,"Health":16,"MaxHealth":16},{"InternalID":51,"UnitID":12,"Type":2,"Kind":1,"Location":{"Space":{"X":-3,"Y":2},"Zone":{"X":0,"Y":0}},"CurrentStamina":18,"CurrentOrder":null,"Builds":[],"GarrisonedIn":null,"Stance":3,"InterruptCurrent":false,"AttackBack":true,"TargetPriority":"","ActiveOrders":null,"Health":16,"MaxHealth":16},{"InternalID":52,"UnitID":12,"Type":2,"Kind":1,"Location":{"Space":{"X":-3,"Y":2},"Zone":{"X":0,"Y":0}},"CurrentStamina":18,"CurrentOrder":null,"Builds":[],"GarrisonedIn":null,"Stance":3,"InterruptCurrent":false,"AttackBack":true,"TargetPriority":"","ActiveOrders":null,"Health":16,"MaxHealth":16},{"InternalID":53,"UnitID":12,"Type":2,"Kind":1,"Location":{"Space":{"X":-3,"Y":2},"Zone":{"X":0,"Y":0}},"CurrentStamina":18,"CurrentOrder":null,"Builds":[],"GarrisonedIn":null,"Stance":3,"InterruptCurrent":false,"AttackBack":true,"TargetPriority":"","ActiveOrders":null,"Health":16,"MaxHealth":16},{"InternalID":54,"UnitID":12,"Type":2,"Kind":1,"Location":{"Space":{"X":-3,"Y":2},"Zone":{"X":0,"Y":0}},"CurrentStamina":18,"CurrentOrder":null,"Builds":[],"GarrisonedIn":null,"Stance":3,"InterruptCurrent":false,"AttackBack":true,"TargetPriority":"","ActiveOrders":null,"Health":16,"MaxHealth":16},{"InternalID":55,"UnitID":13,"Type":2,"Kind":1,"Location":{"Space":{"X":-3,"Y":2},"Zone":{"X":0,"Y":0}},"CurrentStamina":12,"CurrentOrder":null,"Builds":[],"GarrisonedIn":null,"Stance":3,"InterruptCurrent":false,"AttackBack":true,"TargetPriority":"","ActiveOrders":null,"Health":50,"MaxHealth":50},{"InternalID":56,"UnitID":13,"Type":2,"Kind":1,"Location":{"Space":{"X":-3,"Y":2},"Zone":{"X":0,"Y":0}},"CurrentStamina":12,"CurrentOrder":null,"Builds":[],"GarrisonedIn":null,"Stance":3,"InterruptCurrent":false,"AttackBack":true,"TargetPriority":"","ActiveOrders":null,"Health":50,"MaxHealth":50},{"InternalID":57,"UnitID":13,"Type":2,"Kind":1,"Location":{"Space":{"X":-3,"Y":2},"Zone":{"X":0,"Y":0}},"CurrentStamina":12,"CurrentOrder":null,"Builds":[],"GarrisonedIn":null,"Stance":3,"InterruptCurrent":false,"AttackBack":true,"TargetPriority":"","ActiveOrders":null,"Health":50,"MaxHealth":50},{"InternalID":58,"UnitID":13,"Type":2,"Kind":1,"Location":{"Space":{"X":-3,"Y":2},"Zone":{"X":0,"Y":0}},"CurrentStamina":12,"CurrentOrder":null,"Builds":[],"GarrisonedIn":null,"Stance":3,"InterruptCurrent":false,"AttackBack":true,"TargetPriority":"","ActiveOrders":null,"Health":50,"MaxHealth":50},{"InternalID":59,"UnitID":13,"Type":2,"Kind":1,"Location":{"Space":{"X":-3,"Y":2},"Zone":{"X":0,"Y":0}},"CurrentStamina":12,"CurrentOrder":null,"Builds":[],"GarrisonedIn":null,"Stance":3,"InterruptCurrent":false,"AttackBack":true,"TargetPriority":"","ActiveOrders":null,"Health":50,"MaxHealth":50},{"InternalID":60,"UnitID":13,"Type":2,"Kind":1,"Location":{"Space":{"X":-3,"Y":2},"Zone":{"X":0,"Y":0}},"CurrentStamina":12,"CurrentOrder":null,"Builds":[],"GarrisonedIn":null,"Stance":3,"InterruptCurrent":false,"AttackBack":true,"TargetPriority":"","ActiveOrders":null,"Health":50,"MaxHealth":50}]}
2026/09/30 21:20:37 ai ai-0: new turn data {"buildings":[],"enemy_buildings":[],"enemy_units":[],"foundations":[],"population":{"current":30,"limit":0},"resources":{"food":200,"gold":28,"stone":100,"wood":200},"spaces":[{"Space":{"X":0,"Y":-4},"Vision":0,"Owner":-1},{"Space":{"X":1,"Y":-4},"Vision":0,"Owner":-1},{"Space":{"X":2,"Y":-4},"Vision":2,"Owner":-1},{"Space":{"X":3,"Y":-4},"Vision":3,"Owner":0},{"Space":{"X":4,"Y":-4},"Vision":2,"Owner":-1},{"Space":{"X":-1,"Y":-3},"Vision":0,"Owner":-1},{"Space":{"X":0,"Y":-3},"Vision":0,"Owner":-1},{"Space":{"X":1,"Y":-3},"Vision":2,"Owner":-1},{"Space":{"X":2,"Y":-3},"Vision":3,"Owner":0},{"Space":{"X":3,"Y":-3},"Vision":2,"Owner":-1},{"Space":{"X":4,"Y":-3},"Vision":1,"Owner":-1},{"Space":{"X":-2,"Y":-2},"Vision":0,"Owner":-1},{"Space":{"X":-1,"Y":-2},"Vision":0,"Owner":-1},{"Space":{"X":0,"Y":-2},"Vision":2,"Owner":-1},{"Space":{"X":1,"Y":-2},"Vision":3,"Owner":0},{"Space":{"X":2,"Y":-2},"Vision":2,"Owner":-1},{"Space":{"X":3,"Y":-2},"Vision":1,"Owner":-1},{"Space":{"X":4,"Y":-2},"Vision":1,"Owner":-1},{"Space":{"X":-3,"Y":-1},"Vision":0,"Owner":-1},{"Space":{"X":-2,"Y":-1},"Vision":0,"Owner":-1},{"Space":{"X":-1,"Y":-1},"Vision":0,"Owner":-1},{"Space":{"X":0,"Y":-1},"Vision":2,"Owner":-1},{"Space":{"X":1,"Y":-1},"Vision":3,"Owner":0},{"Space":{"X":2,"Y":-1},"Vision":2,"Owner":-1},{"Space":{"X":3,"Y":-1},"Vision":2,"Owner":-1},{"Space":{"X":4,"Y":-1},"Vision":1,"Owner":-1},{"Space":{"X":-4,"Y":0},"Vision":0,"Owner":-1},{"Space":{"X":-3,"Y":0},"Vision":0,"Owner":-1},{"Space":{"X":-2,"Y":0},"Vision":0,"Owner":-1},{"Space":{"X":-1,"Y":0},"Vision":0,"Owner":-1},{"Space":{"X":0,"Y":0},"Vision":2,"Owner":-1},{"Space":{"X":1,"Y":0},"Vision":3,"Owner":0},{"Space":{"X":2,"Y":0},"Vision":3,"Owner":0},{"Space":{"X":3,"Y":0},"Vision":2,"Owner":-1},{"Space":{"X":4,"Y":0},"Vision":0,"Owner":-1},{"Space":{"X":-4,"Y":1},"Vision":0,"Owner":-1},{"Space":{"X":-3,"Y":1},"Vision":0,"Owner":-1},{"Space":{"X":-2,"Y":1},"Vision":0,"Owner":-1},{"Space":{"X":-1,"Y":1},"Vision":0,"Owner":-1},{"Space":{"X":0,"Y":1},"Vision":2,"Owner":-1},{"Space":{"X":1,"Y":1},"Vision":2,"Owner":-1},{"Space":{"X":2,"Y":1},"Vision":2,"Owner":-1},{"Space":{"X":3,"Y":1},"Vision":0,"Owner":-1},{"Space":{"X":-4,"Y":2},"Vision":0,"Owner":-1},{"Space":{"X":-3,"Y":2},"Vision":0,"Owner":-1},{"Space":{"X":-2,"Y":2},"Vision":0,"Owner":-1},{"Space":{"X":-1,"Y":2},"Vision":0,"Owner":-1},{"Space":{"X":0,"Y":2},"Vision":0,"Owner":-1},{"Space":{"X":1,"Y":2},"Vision":0,"Owner":-1},{"Space":{"X":2,"Y":2},"Vision":0,"Owner":-1},{"Space":{"X":-4,"Y":3},"Vision":0,"Owner":-1},{"Space":{"X":-3,"Y":3},"Vision":0,"Owner":-1},{"Space":{"X":-2,"Y":3},"Vision":0,"Owner":-1},{"Space":{"X":-1,"Y":3},"Vision":0,"Owner":-1},{"Space":{"X":0,"Y":3},"Vision":0,"Owner":-1},{"Space":{"X":1,"Y":3},"Vision":0,"Owner":-1},{"Space":{"X":-4,"Y":4},"Vision":0,"Owner":-1},{"Space":{"X":-3,"Y":4},"Vision":0,"Owner":-1},{"Space":{"X":-2,"Y":4},"Vision":0,"Owner":-1},{"Space":{"X":-1,"Y":4},"Vision":0,"Owner":-1},{"Space":{"X":0,"Y":4},"Vision":0,"Owner":-1}],"units":[{"InternalID":1,"UnitID":11,"Type":2,"Kind":1,"Location":{"Space":{"X":1,"Y":-2},"Zone":{"X":0,"Y":0}},"CurrentStamina":23,"CurrentOrder":null,"Builds":[],"GarrisonedIn":null,"Stance":3,"InterruptCurrent":true,"AttackBack":true,"TargetPriority":"","ActiveOrders":null,"Health":11,"MaxHealth":11},{"InternalID":2,"UnitID":11,"Type":2,"Kind":1,"Location":{"Space":{"X":1,"Y":-1},"Zone":{"X":0,"Y":0}},"CurrentStamina":23,"CurrentOrder":null,"Builds":[],"GarrisonedIn":null,"Stance":3,"InterruptCurrent":true,"AttackBack":true,"TargetPriority":"","ActiveOrders":null,"Health":11,"MaxHealth":11},{"InternalID":3,"UnitID":11,"Type":2,"Kind":1,"Location":{"Space":{"X":1,"Y":0},"Zone":{"X":0,"Y":0}},"CurrentStamina":23,"CurrentOrder":null,"Builds":[],"GarrisonedIn":null,"Stance":3,"InterruptCurrent":true,"AttackBack":true,"TargetPriority":"","ActiveOrders":null,"Health":11,"MaxHealth":11},{"InternalID":4,"UnitID":11,"Type":2,"Kind":1,"Location":{"Space":{"X":2,"Y":-3},"Zone":{"X":0,"Y":0}},"CurrentStamina":23,"CurrentOrder":null,"Builds":[],"GarrisonedIn":null,"Stance":3,"InterruptCurrent":true,"AttackBack":true,"TargetPriority":"","ActiveOrders":null,"Health":11,"MaxHealth":11},{"InternalID":5,"UnitID":11,"Type":2,"Kind":1,"Location":{"Space":{"X":2,"Y":0},"Zone":{"X":0,"Y":0}},"CurrentStamina":23,"CurrentOrder":null,"Builds":[],"GarrisonedIn":null,"Stance":3,"InterruptCurrent":true,"AttackBack":true,"TargetPriority":"","ActiveOrders":null,"Health":11,"MaxHealth":11},{"InternalID":6,"UnitID":11,"Type":2,"Kind":1,"Location":{"Space":{"X":3,"Y":-4},"Zone":{"X":0,"Y":0}},"CurrentStamina":23,"CurrentOrder":null,"Builds":[],"GarrisonedIn":null,"Stance":3,"InterruptCurrent":false,"AttackBack":true,"TargetPriority":"","ActiveOrders":null,"Health":11,"MaxHealth":11},{"InternalID":7,"UnitID":11,"Type":2,"Kind":1,"Location":{"Space":{"X":1,"Y":-2},"Zone":{"X":0,"Y":0}},"CurrentStamina":23,"CurrentOrder":null,"Builds":[],"GarrisonedIn":null,"Stance":3,"InterruptCurrent":true,"AttackBack":true,"TargetPriority":"","ActiveOrders":null,"Health":11,"MaxHealth":11},{"InternalID":8,"UnitID":11,"Type":2,"Kind":1,"Location":{"Space":{"X":1,"Y":-2},"Zone":{"X":0,"Y":0}},"CurrentStamina":23,"CurrentOrder":null,"Builds":[],"GarrisonedIn":null,"Stance":3,"InterruptCurrent":true,"AttackBack":true,"TargetPriority":"","ActiveOrders":null,"Health":11,"MaxHealth":11},{"InternalID":9,"UnitID":11,"Type":2,"Kind":1,"Location":{"Space":{"X":1,"Y":-2},"Zone":{"X":0,"Y":0}},"CurrentStamina":23,"CurrentOrder":null,"Builds":[],"GarrisonedIn":null,"Stance":3,"InterruptCurrent":true,"AttackBack":true,"TargetPriority":"","ActiveOrders":null,"Health":11,"MaxHealth":11},{"InternalID":10,"UnitID":11,"Type":2,"Kind":1,"Location":{"Space":{"X":1,"Y":-2},"Zone":{"X":0,"Y":0}},"CurrentStamina":23,"CurrentOrder":null,"Builds":[],"GarrisonedIn":null,"Stance":3,"InterruptCurrent":true,"AttackBack":true,"TargetPriority":"","ActiveOrders":null,"Health":11,"MaxHealth":11},{"InternalID":11,"UnitID":11,"Type":2,"Kind":1,"Location":{"Space":{"X":1,"Y":-2},"Zone":{"X":0,"Y":0}},"CurrentStamina":23,"CurrentOrder":null,"Builds":[],"GarrisonedIn":null,"Stance":3,"InterruptCurrent":true,"AttackBack":true,"TargetPriority":"","ActiveOrders":null,"Health":11,"MaxHealth":11},{"InternalID":12,"UnitID":11,"Type":2,"Kind":1,"Location":{"Space":{"X":1,"Y":-2},"Zone":{"X":0,"Y":0}},"CurrentStamina":23,"CurrentOrder":null,"Builds":[],"GarrisonedIn":null,"Stance":3,"InterruptCurrent":true,"AttackBack":true,"TargetPriority":"","ActiveOrders":null,"Health":11,"MaxHealth":11},{"InternalID":13,"UnitID":11,"Type":2,"Kind":1,"Location":{"Space":{"X":1,"Y":-2},"Zone":{"X":0,"Y":0}},"CurrentStamina":23,"CurrentOrder":null,"Builds":[],"GarrisonedIn":null,"Stance":3,"InterruptCurrent":true,"AttackBack":true,"TargetPriority":"","ActiveOrders":null,"Health":11,"MaxHealth":11},{"InternalID":14,"UnitID":11,"Type":2,"Kind":1,"Location":{"Space":{"X":1,"Y":-2},"Zone":{"X":0,"Y":0}},"CurrentStamina":23,"CurrentOrder":null,"Builds":[],"GarrisonedIn":null,"Stance":3,"InterruptCurrent":true,"AttackBack":true,"TargetPriority":"","ActiveOrders":null,"Health":11,"MaxHealth":11},{"InternalID":15,"UnitID":11,"Type":2,"Kind":1,"Location":{"Space":{"X":1,"Y":-2},"Zone":{"X":0,"Y":0}},"CurrentStamina":23,"CurrentOrder":null,"Builds":[],"GarrisonedIn":null,"Stance":3,"InterruptCurrent":true,"AttackBack":true,"TargetPriority":"","ActiveOrders":null,"Health":11,"MaxHealth":11},{"InternalID":16,"UnitID":11,"Type":2,"Kind":1,"Location":{"Space":{"X":1,"Y":-2},"Zone":{"X":0,"Y":0}},"CurrentStamina":23,"CurrentOrder":null,"Builds":[],"GarrisonedIn":null,"Stance":3,"InterruptCurrent":true,"AttackBack":true,"TargetPriority":"","ActiveOrders":null,"Health":11,"MaxHealth":11},{"InternalID":17,"UnitID":12,"Type":2,"Kind":1,"Location":{"Space":{"X":1,"Y":-2},"Zone":{"X":0,"Y":0}},"CurrentStamina":18,"CurrentOrder":null,"Builds":[],"GarrisonedIn":null,"Stance":3,"InterruptCurrent":true,"AttackBack":true,"TargetPriority":"","ActiveOrders":null,"Health":16,"MaxHealth":16},{"InternalID":18,"UnitID":12,"Type":2,"Kind":1,"Location":{"Space":{"X":1,"Y":-2},"Zone":{"X":0,"Y":0}},"CurrentStamina":18,"CurrentOrder":null,"Builds":[],"GarrisonedIn":null,"Stance":3,"InterruptCurrent":true,"AttackBack":true,"TargetPriority":"","ActiveOrders":null,"Health":16,"MaxHealth":16},{"InternalID":19,"UnitID":12,"Type":2,"Kind":1,"Location":{"Space":{"X":1,"Y":-2},"Zone":{"X":0,"Y":0}},"CurrentStamina":18,"CurrentOrder":null,"Builds":[],"GarrisonedIn":null,"Stance":3,"InterruptCurrent":true,"AttackBack":true,"TargetPriority":"","ActiveOrders":null,"Health":16,"MaxHealth":16},{"InternalID":20,"UnitID":12,"Type":2,"Kind":1,"Location":{"Space":{"X":1,"Y":-2},"Zone":{"X":0,"Y":0}},"CurrentStamina":18,"CurrentOrder":null,"Builds":[],"GarrisonedIn":null,"Stance":3,"InterruptCurrent":true,"AttackBack":true,"TargetPriority":"","ActiveOrders":null,"Health":16,"MaxHealth":16},{"InternalID":21,"UnitID":12,"Type":2,"Kind":1,"Location":{"Space":{"X":1,"Y":-2},"Zone":{"X":0,"Y":0}},"CurrentStamina":18,"CurrentOrder":null,"Builds":[],"GarrisonedIn":null,"Stance":3,"InterruptCurrent":true,"AttackBack":true,"TargetPriority":"","ActiveOrders":null,"Health":16,"MaxHealth":16},{"InternalID":22,"UnitID":12,"Type":2,"Kind":1,"Location":{"Space":{"X":1,"Y":-2},"Zone":{"X":0,"Y":0}},"CurrentStamina":18,"CurrentOrder":null,"Builds":[],"GarrisonedIn":null,"Stance":3,"InterruptCurrent":true,"AttackBack":true,"TargetPriority":"","ActiveOrders":null,"Health":16,"MaxHealth":16},{"InternalID":23,"UnitID":12,"Type":2,"Kind":1,"Location":{"Space":{"X":1,"Y":-2},"Zone":{"X":0,"Y":0}},"CurrentStamina":18,"CurrentOrder":null,"Builds":[],"GarrisonedIn":null,"Stance":3,"InterruptCurrent":true,"AttackBack":true,"TargetPriority":"","ActiveOrders":null,"Health":16,"MaxHealth":16},{"InternalID":24,"UnitID":12,"Type":2,"Kind":1,"Location":{"Space":{"X":1,"Y":-2},"Zone":{"X":0,"Y":0}},"CurrentStamina":18,"CurrentOrder":null,"Builds":[],"GarrisonedIn":null,"Stance":3,"InterruptCurrent":true,"AttackBack":true,"TargetPriority":"","ActiveOrders":null,"Health":16,"MaxHealth":16},{"InternalID":25,"UnitID":13,"Type":2,"Kind":1,"Location":{"Space":{"X":1,"Y":-2},"Zone":{"X":0,"Y":0}},"CurrentStamina":8,"CurrentOrder":null,"Builds":[],"GarrisonedIn":null,"Stance":3,"InterruptCurrent":true,"AttackBack":true,"TargetPriority":"","ActiveOrders":null,"Health":50,"MaxHealth":50},{"InternalID":26,"UnitID":13,"Type":2,"Kind":1,"Location":{"Space":{"X":1,"Y":-2},"Zone":{"X":0,"Y":0}},"CurrentStamina":8,"CurrentOrder":null,"Builds":[],"GarrisonedIn":null,"Stance":3,"InterruptCurrent":true,"AttackBack":true,"TargetPriority":"","ActiveOrders":null,"Health":50,"MaxHealth":50},{"InternalID":27,"UnitID":13,"Type":2,"Kind":1,"Location":{"Space":{"X":1,"Y":-2},"Zone":{"X":0,"Y":0}},"CurrentStamina":8,"CurrentOrder":null,"Builds":[],"GarrisonedIn":null,"Stance":3,"InterruptCurrent":true,"AttackBack":true,"TargetPriority":"","ActiveOrders":null,"Health":50,"MaxHealth":50},{"InternalID":28,"UnitID":13,"Type":2,"Kind":1,"Location":{"Space":{"X":1,"Y":-2},"Zone":{"X":0,"Y":0}},"CurrentStamina":8,"CurrentOrder":null,"Builds":[],"GarrisonedIn":null,"Stance":3,"InterruptCurrent":true,"AttackBack":true,"TargetPriority":"","ActiveOrders":null,"Health":50,"MaxHealth":50},{"InternalID":29,"UnitID":13,"Type":2,"Kind":1,"Location":{"Space":{"X":1,"Y":-2},"Zone":{"X":0,"Y":0}},"CurrentStamina":8,"CurrentOrder":null,"Builds":[],"GarrisonedIn":null,"Stance":3,"InterruptCurrent":true,"AttackBack":true,"TargetPriority":"","ActiveOrders":null,"Health":50,"MaxHealth":50},{"InternalID":30,"UnitID":13,"Type":2,"Kind":1,"Location":{"Space":{"X":1,"Y":-2},"Zone":{"X":0,"Y":0}},"CurrentStamina":8,"CurrentOrder":null,"Builds":[],"GarrisonedIn":null,"Stance":3,"InterruptCurrent":true,"AttackBack":true,"TargetPriority":"","ActiveOrders":null,"Health":50,"MaxHealth":50}]}
2026/09/30 21:20:37 ai ai-1: submitting orders [{Subjects:[31] OrderType:2 TargetID:990 ClearPreviousOrders:true}]
2026/09/30 21:20:37 ai ai-1: vars {}
2026/09/30 21:20:37 player action: submit-orders 0 2 map[orders:[{1 [31] 2 990 true}]]
2026/09/30 21:20:37 Executing submit orders for: 1 [{1 [31] 2 990 true}]
2026/09/30 21:20:37 ai ai-0: submitting orders [{Subjects:[1] OrderType:2 TargetID:351 ClearPreviousOrders:true} {Subjects:[2] OrderType:2 TargetID:36 ClearPreviousOrders:true} {Subjects:[3] OrderType:2 TargetID:3 ClearPreviousOrders:true} {Subjects:[4] OrderType:2 TargetID:820 ClearPreviousOrders:true} {Subjects:[5] OrderType:2 TargetID:406 ClearPreviousOrders:true} {Subjects:[6] OrderType:2 TargetID:5460 ClearPreviousOrders:true} {Subjects:[7] OrderType:2 TargetID:351 ClearPreviousOrders:true} {Subjects:[8] OrderType:2 TargetID:351 ClearPreviousOrders:true} {Subjects:[9] OrderType:2 TargetID:351 ClearPreviousOrders:true} {Subjects:[10] OrderType:2 TargetID:351 ClearPreviousOrders:true} {Subjects:[11] OrderType:2 TargetID:351 ClearPreviousOrders:true} {Subjects:[12] OrderType:2 TargetID:351 ClearPreviousOrders:true} {Subjects:[13] OrderType:2 TargetID:351 ClearPreviousOrders:true} {Subjects:[14] OrderType:2 TargetID:351 ClearPreviousOrders:true} {Subjects:[15] OrderType:2 TargetID:351 ClearPreviousOrders:true} {Subjects:[16] OrderType:2 TargetID:351 ClearPreviousOrders:true} {Subjects:[17] OrderType:2 TargetID:351 ClearPreviousOrders:true} {Subjects:[18] OrderType:2 TargetID:351 ClearPreviousOrders:true} {Subjects:[19] OrderType:2 TargetID:351 ClearPreviousOrders:true} {Subjects:[20] OrderType:2 TargetID:351 ClearPreviousOrders:true} {Subjects:[21] OrderType:2 TargetID:351 ClearPreviousOrders:true} {Subjects:[22] OrderType:2 TargetID:351 ClearPreviousOrders:true} {Subjects:[23] OrderType:2 TargetID:351 ClearPreviousOrders:true} {Subjects:[24] OrderType:2 TargetID:351 ClearPreviousOrders:true} {Subjects:[25] OrderType:2 TargetID:351 ClearPreviousOrders:true} {Subjects:[26] OrderType:2 TargetID:351 ClearPreviousOrders:true} {Subjects:[27] OrderType:2 TargetID:351 ClearPreviousOrders:true} {Subjects:[28] OrderType:2 TargetID:351 ClearPreviousOrders:true} {Subjects:[29] OrderType:2 TargetID:351 ClearPreviousOrders:true} {Subjects:[30] OrderType:2 TargetID:351 ClearPreviousOrders:true}]
2026/09/30 21:20:37 ai ai-0: vars {"B":16,"Hv":6,"Pi":8,"aPowLocal":0,"aThreat":0,"a_engaged":0,"a_odds":1.3,"a_outnumbered":0,"army_target":50,"army_value":3080,"assault":0,"bank_rate":28,"bar_barracks":0.17072129748186085,"bar_redoubt":1.1111111111111112,"barracks":0,"barracks_B":0,"barracks_P":0,"barracks_save":0,"barracks_spend":78.1,"barracks_want":0,"buffer_food":70,"buffer_gold":0,"buffer_stone":0,"buffer_wood":70,"builders":0,"committed":0,"eB":0,"eGrowth":0,"eH":0,"eMil":0,"eP":0,"ePow":0,"ePowEst":0,"ePowSeen":0,"eTech":1,"eV":0,"es":1,"farm_want":0,"farm_wood_short":0,"farming":0,"fire_barracks":0,"fire_farm0":0,"fire_farm1":0,"fire_farm2":0,"fire_house":0,"fire_outpost":0,"fire_redoubt":0,"fire_smith":0,"fire_vc":0,"food_need":0,"food_over":0,"food_rate":0,"food_slots":1000,"food_workers":0,"free_room":20,"go":0,"gold_income":12,"gold_need":0,"gold_rate":0,"gold_surplus":28,"guaranteed":0,"guard_home":0,"headroom":-30,"hire_B":1507.6923076923076,"hire_P":2369.230769230769,"homePow":0,"house_builders":0,"house_urgency":0,"house_want":0,"income_proj":0,"left":0,"lf_food":0,"lf_gold":0,"lf_stone":0,"lf_wood":0,"lump_food":0,"lump_gold":0,"lump_stone":0,"lump_wood":0,"maturity":0,"mil":30,"myTech":1,"n_barracks":0,"n_redoubts":0,"needB":19.99511837930193,"needP":0.00488162069807176,"outpost_want":0,"pikes":0,"planned_food":0,"planned_gold":0,"planned_stone":0,"planned_wood":0,"prod_rate":0,"proj_army":3080,"raid_danger":0,"raid_fails":0,"raid_lost":0,"raid_pause":0,"raid_prev":5,"raid_size":4.8,"raid_wiped":0,"rate":6,"redoubt_H":0,"redoubt_gold_ok":0.9244444444444445,"redoubt_save":0,"redoubt_spend":30,"redoubt_want":0,"redoubts":0,"rf_food":0,"rf_gold":0,"rf_stone":0,"rf_wood":0,"sB4":256,"sP4":0.0625,"scale_l":0,"scale_r":0,"shareH":0.2,"smith_want":0,"smiths":0,"spare":0,"spare_food":0.5,"stone_need":0,"stone_rate":0,"tH":26,"target_spend":400,"tech_food":50,"tech_gold":0,"tech_stone":0,"tech_wood":50,"threat_home":0,"turns_left":-300,"u_barracks":0.2868117797695263,"u_redoubt":0.18666666666666668,"unit_spend":120,"vB":4,"vH":1,"vP":0.5,"vc_want":0,"vcs":0,"vil_goal":50,"vil_rate":0,"vil_stamina":8,"vil_want":0,"vil_want_last":0,"vil_worth_now":0.6,"vils":0,"w_food":0,"w_gold":0,"w_stone":0,"w_wood":0,"wild_workers":0,"wood_need":0,"wood_rate":0,"workers":0}
2026/09/30 21:20:37 player action: submit-orders 0 1 map[orders:[{0 [1] 2 351 true} {0 [2] 2 36 true} {0 [3] 2 3 true} {0 [4] 2 820 true} {0 [5] 2 406 true} {0 [6] 2 5460 true} {0 [7] 2 351 true} {0 [8] 2 351 true} {0 [9] 2 351 true} {0 [10] 2 351 true} {0 [11] 2 351 true} {0 [12] 2 351 true} {0 [13] 2 351 true} {0 [14] 2 351 true} {0 [15] 2 351 true} {0 [16] 2 351 true} {0 [17] 2 351 true} {0 [18] 2 351 true} {0 [19] 2 351 true} {0 [20] 2 351 true} {0 [21] 2 351 true} {0 [22] 2 351 true} {0 [23] 2 351 true} {0 [24] 2 351 true} {0 [25] 2 351 true} {0 [26] 2 351 true} {0 [27] 2 351 true} {0 [28] 2 351 true} {0 [29] 2 351 true} {0 [30] 2 351 true}]]
2026/09/30 21:20:37 Executing submit orders for: 0 [{0 [1] 2 351 true} {0 [2] 2 36 true} {0 [3] 2 3 true} {0 [4] 2 820 true} {0 [5] 2 406 true} {0 [6] 2 5460 true} {0 [7] 2 351 true} {0 [8] 2 351 true} {0 [9] 2 351 true} {0 [10] 2 351 true} {0 [11] 2 351 true} {0 [12] 2 351 true} {0 [13] 2 351 true} {0 [14] 2 351 true} {0 [15] 2 351 true} {0 [16] 2 351 true} {0 [17] 2 351 true} {0 [18] 2 351 true} {0 [19] 2 351 true} {0 [20] 2 351 true} {0 [21] 2 351 true} {0 [22] 2 351 true} {0 [23] 2 351 true} {0 [24] 2 351 true} {0 [25] 2 351 true} {0 [26] 2 351 true} {0 [27] 2 351 true} {0 [28] 2 351 true} {0 [29] 2 351 true} {0 [30] 2 351 true}]
2026/09/30 21:20:37 Resolving active orders
2026/09/30 21:20:37 Moving unit 29 Heavy Infantry to zone(-1, 0) in space (1, -2) tick=1
2026/09/30 21:20:37 Moving unit 6 Blunt Infantry to zone(-1, 0) in space (3, -4) tick=1
2026/09/30 21:20:37 Moving unit 9 Blunt Infantry to zone(-1, 0) in space (1, -2) tick=1
2026/09/30 21:20:37 Moving unit 15 Blunt Infantry to zone(-1, 0) in space (1, -2) tick=1
2026/09/30 21:20:37 Moving unit 7 Blunt Infantry to zone(-1, 0) in space (1, -2) tick=1
2026/09/30 21:20:37 Moving unit 10 Blunt Infantry to zone(-1, 0) in space (1, -2) tick=1
2026/09/30 21:20:37 Moving unit 12 Blunt Infantry to zone(-1, 0) in space (1, -2) tick=1
2026/09/30 21:20:37 Moving unit 19 Piercing Infantry to zone(-1, 0) in space (1, -2) tick=1
2026/09/30 21:20:37 Moving unit 20 Piercing Infantry to zone(-1, 0) in space (1, -2) tick=1
2026/09/30 21:20:37 Moving unit 23 Piercing Infantry to zone(-1, 0) in space (1, -2) tick=1
2026/09/30 21:20:37 Moving unit 25 Heavy Infantry to zone(-1, 0) in space (1, -2) tick=1
2026/09/30 21:20:37 Moving unit 30 Heavy Infantry to zone(-1, 0) in space (1, -2) tick=1
2026/09/30 21:20:37 Moving unit 4 Blunt Infantry to zone(-1, 0) in space (2, -3) tick=1
2026/09/30 21:20:37 Moving unit 16 Blunt Infantry to zone(-1, 0) in space (1, -2) tick=1
2026/09/30 21:20:37 Moving unit 18 Piercing Infantry to zone(-1, 0) in space (1, -2) tick=1
2026/09/30 21:20:37 Moving unit 24 Piercing Infantry to zone(-1, 0) in space (1, -2) tick=1
2026/09/30 21:20:37 Moving unit 26 Heavy Infantry to zone(-1, 0) in space (1, -2) tick=1
2026/09/30 21:20:37 Moving unit 14 Blunt Infantry to zone(-1, 0) in space (1, -2) tick=1
2026/09/30 21:20:37 Moving unit 1 Blunt Infantry to zone(-1, 0) in space (1, -2) tick=1
2026/09/30 21:20:37 Moving unit 3 Blunt Infantry to zone(-1, 0) in space (1, 0) tick=1
2026/09/30 21:20:37 Moving unit 8 Blunt Infantry to zone(-1, 0) in space (1, -2) tick=1
2026/09/30 21:20:37 Moving unit 11 Blunt Infantry to zone(-1, 0) in space (1, -2) tick=1
2026/09/30 21:20:37 Moving unit 5 Blunt Infantry to zone(-1, 1) in space (2, 0) tick=1
2026/09/30 21:20:37 Moving unit 17 Piercing Infantry to zone(-1, 0) in space (1, -2) tick=1
2026/09/30 21:20:37 Moving unit 21 Piercing Infantry to zone(-1, 0) in space (1, -2) tick=1
2026/09/30 21:20:37 Moving unit 28 Heavy Infantry to zone(-1, 0) in space (1, -2) tick=1
2026/09/30 21:20:37 Moving unit 2 Blunt Infantry to zone(-1, 0) in space (1, -1) tick=1
2026/09/30 21:20:37 Moving unit 13 Blunt Infantry to zone(-1, 0) in space (1, -2) tick=1
2026/09/30 21:20:37 Moving unit 22 Piercing Infantry to zone(-1, 0) in space (1, -2) tick=1
2026/09/30 21:20:37 Moving unit 27 Heavy Infantry to zone(-1, 0) in space (1, -2) tick=1
2026/09/30 21:20:37 Moving unit 31 Blunt Infantry to zone(1, -1) in space (-4, 1) tick=1
2026/09/30 21:20:37 state_hash turn=3 tick=1 hash=c5729c773bf1468e
2026/09/30 21:20:37 Moving unit 4 Blunt Infantry to zone(1, 0) in space (1, -3) tick=2
2026/09/30 21:20:37 Moving unit 16 Blunt Infantry to zone(1, 0) in space (0, -2) tick=2
2026/09/30 21:20:37 Moving unit 18 Piercing Infantry to zone(1, 0) in space (0, -2) tick=2
2026/09/30 21:20:37 Moving unit 24 Piercing Infantry to zone(1, 0) in space (0, -2) tick=2
2026/09/30 21:20:37 Moving unit 14 Blunt Infantry to zone(1, 0) in space (0, -2) tick=2
2026/09/30 21:20:37 Moving unit 1 Blunt Infantry to zone(1, 0) in space (0, -2) tick=2
2026/09/30 21:20:37 Moving unit 3 Blunt Infantry to zone(1, 0) in space (0, 0) tick=2
2026/09/30 21:20:37 Moving unit 8 Blunt Infantry to zone(1, 0) in space (0, -2) tick=2
2026/09/30 21:20:37 Moving unit 11 Blunt Infantry to zone(1, 0) in space (0, -2) tick=2
2026/09/30 21:20:37 Moving unit 5 Blunt Infantry to zone(1, -1) in space (1, 1) tick=2
2026/09/30 21:20:37 Moving unit 17 Piercing Infantry to zone(1, 0) in space (0, -2) tick=2
2026/09/30 21:20:37 Moving unit 21 Piercing Infantry to zone(1, 0) in space (0, -2) tick=2
2026/09/30 21:20:37 Moving unit 2 Blunt Infantry to zone(1, 0) in space (0, -1) tick=2
2026/09/30 21:20:37 Moving unit 13 Blunt Infantry to zone(1, 0) in space (0, -2) tick=2
2026/09/30 21:20:37 Moving unit 22 Piercing Infantry to zone(1, 0) in space (0, -2) tick=2
2026/09/30 21:20:37 Moving unit 6 Blunt Infantry to zone(1, 0) in space (2, -4) tick=2
2026/09/30 21:20:37 Moving unit 9 Blunt Infantry to zone(1, 0) in space (0, -2) tick=2
2026/09/30 21:20:37 Moving unit 15 Blunt Infantry to zone(1, 0) in space (0, -2) tick=2
2026/09/30 21:20:37 Moving unit 7 Blunt Infantry to zone(1, 0) in space (0, -2) tick=2
2026/09/30 21:20:37 Moving unit 10 Blunt Infantry to zone(1, 0) in space (0, -2) tick=2
2026/09/30 21:20:37 Moving unit 12 Blunt Infantry to zone(1, 0) in space (0, -2) tick=2
2026/09/30 21:20:37 Moving unit 19 Piercing Infantry to zone(1, 0) in space (0, -2) tick=2
2026/09/30 21:20:37 Moving unit 20 Piercing Infantry to zone(1, 0) in space (0, -2) tick=2
2026/09/30 21:20:37 Moving unit 23 Piercing Infantry to zone(1, 0) in space (0, -2) tick=2
2026/09/30 21:20:37 Moving unit 31 Blunt Infantry to zone(-1, 1) in space (-3, 0) tick=2
2026/09/30 21:20:37 state_hash turn=3 tick=2 hash=3fc8c7077dd70ad9
2026/09/30 21:20:37 Moving unit 7 Blunt Infantry to zone(0, 0) in space (0, -2) tick=3
2026/09/30 21:20:37 Moving unit 10 Blunt Infantry to zone(0, 0) in space (0, -2) tick=3
2026/09/30 21:20:37 Moving unit 12 Blunt Infantry to zone(0, 0) in space (0, -2) tick=3
2026/09/30 21:20:37 Moving unit 19 Piercing Infantry to zone(0, 0) in space (0, -2) tick=3
2026/09/30 21:20:37 Moving unit 20 Piercing Infantry to zone(0, 0) in space (0, -2) tick=3
2026/09/30 21:20:37 Moving unit 23 Piercing Infantry to zone(0, 0) in space (0, -2) tick=3
2026/09/30 21:20:37 Moving unit 4 Blunt Infantry to zone(0, 0) in space (1, -3) tick=3
2026/09/30 21:20:37 Moving unit 16 Blunt Infantry to zone(0, 0) in space (0, -2) tick=3
2026/09/30 21:20:37 Moving unit 18 Piercing Infantry to zone(0, 0) in space (0, -2) tick=3
2026/09/30 21:20:37 Moving unit 24 Piercing Infantry to zone(0, 0) in space (0, -2) tick=3
2026/09/30 21:20:37 Moving unit 14 Blunt Infantry to zone(0, 0) in space (0, -2) tick=3
2026/09/30 21:20:37 Moving unit 1 Blunt Infantry to zone(0, 0) in space (0, -2) tick=3
2026/09/30 21:20:37 Moving unit 3 Blunt Infantry to zone(0, 0) in space (0, 0) tick=3
2026/09/30 21:20:37 Moving unit 8 Blunt Infantry to zone(0, 0) in space (0, -2) tick=3
2026/09/30 21:20:37 Moving unit 11 Blunt Infantry to zone(0, 0) in space (0, -2) tick=3
2026/09/30 21:20:37 Moving unit 5 Blunt Infantry to zone(0, 0) in space (1, 1) tick=3
2026/09/30 21:20:37 Moving unit 17 Piercing Infantry to zone(0, 0) in space (0, -2) tick=3
2026/09/30 21:20:37 Moving unit 21 Piercing Infantry to zone(0, 0) in space (0, -2) tick=3
2026/09/30 21:20:37 Moving unit 2 Blunt Infantry to zone(0, 0) in space (0, -1) tick=3
2026/09/30 21:20:37 Moving unit 13 Blunt Infantry to zone(0, 0) in space (0, -2) tick=3
2026/09/30 21:20:37 Moving unit 22 Piercing Infantry to zone(0, 0) in space (0, -2) tick=3
2026/09/30 21:20:37 Moving unit 6 Blunt Infantry to zone(0, 0) in space (2, -4) tick=3
2026/09/30 21:20:37 Moving unit 9 Blunt Infantry to zone(0, 0) in space (0, -2) tick=3
2026/09/30 21:20:37 Moving unit 15 Blunt Infantry to zone(0, 0) in space (0, -2) tick=3
2026/09/30 21:20:37 Moving unit 31 Blunt Infantry to zone(0, 0) in space (-3, 0) tick=3
2026/09/30 21:20:37 state_hash turn=3 tick=3 hash=343c3f090caa3b5e
2026/09/30 21:20:37 Moving unit 14 Blunt Infantry to zone(-1, 0) in space (0, -2) tick=4
2026/09/30 21:20:37 Moving unit 1 Blunt Infantry to zone(-1, 0) in space (0, -2) tick=4
2026/09/30 21:20:37 Moving unit 3 Blunt Infantry to zone(-1, 0) in space (0, 0) tick=4
2026/09/30 21:20:37 Moving unit 8 Blunt Infantry to zone(-1, 0) in space (0, -2) tick=4
2026/09/30 21:20:37 Moving unit 11 Blunt Infantry to zone(-1, 0) in space (0, -2) tick=4
2026/09/30 21:20:37 Moving unit 5 Blunt Infantry to zone(-1, 1) in space (1, 1) tick=4
2026/09/30 21:20:37 Moving unit 17 Piercing Infantry to zone(-1, 0) in space (0, -2) tick=4
2026/09/30 21:20:37 Moving unit 21 Piercing Infantry to zone(-1, 0) in space (0, -2) tick=4
2026/09/30 21:20:37 Moving unit 2 Blunt Infantry to zone(-1, 0) in space (0, -1) tick=4
2026/09/30 21:20:37 Moving unit 13 Blunt Infantry to zone(-1, 0) in space (0, -2) tick=4
2026/09/30 21:20:37 Moving unit 22 Piercing Infantry to zone(-1, 0) in space (0, -2) tick=4
2026/09/30 21:20:37 Moving unit 6 Blunt Infantry to zone(-1, 0) in space (2, -4) tick=4
2026/09/30 21:20:37 Moving unit 9 Blunt Infantry to zone(-1, 0) in space (0, -2) tick=4
2026/09/30 21:20:37 Moving unit 15 Blunt Infantry to zone(-1, 0) in space (0, -2) tick=4
2026/09/30 21:20:37 Moving unit 7 Blunt Infantry to zone(-1, 0) in space (0, -2) tick=4
2026/09/30 21:20:37 Moving unit 10 Blunt Infantry to zone(-1, 0) in space (0, -2) tick=4
2026/09/30 21:20:37 Moving unit 12 Blunt Infantry to zone(-1, 0) in space (0, -2) tick=4
2026/09/30 21:20:37 Moving unit 19 Piercing Infantry to zone(-1, 0) in space (0, -2) tick=4
2026/09/30 21:20:37 Moving unit 20 Piercing Infantry to zone(-1, 0) in space (0, -2) tick=4
2026/09/30 21:20:37 Moving unit 23 Piercing Infantry to zone(-1, 0) in space (0, -2) tick=4
2026/09/30 21:20:37 Moving unit 4 Blunt Infantry to zone(-1, 0) in space (1, -3) tick=4
2026/09/30 21:20:37 Moving unit 16 Blunt Infantry to zone(-1, 0) in space (0, -2) tick=4
2026/09/30 21:20:37 Moving unit 18 Piercing Infantry to zone(-1, 0) in space (0, -2) tick=4
2026/09/30 21:20:37 Moving unit 24 Piercing Infantry to zone(-1, 0) in space (0, -2) tick=4
2026/09/30 21:20:37 Moving unit 31 Blunt Infantry to zone(0, -1) in space (-3, 0) tick=4
2026/09/30 21:20:37 state_hash turn=3 tick=4 hash=dab815006ecd8145
2026/09/30 21:20:37 Moving unit 6 Blunt Infantry to zone(1, 0) in space (1, -4) tick=5
2026/09/30 21:20:37 Moving unit 9 Blunt Infantry to zone(1, 0) in space (-1, -2) tick=5
2026/09/30 21:20:37 Moving unit 15 Blunt Infantry to zone(1, 0) in space (-1, -2) tick=5
2026/09/30 21:20:37 Moving unit 7 Blunt Infantry to zone(1, 0) in space (-1, -2) tick=5
2026/09/30 21:20:37 Moving unit 10 Blunt Infantry to zone(1, 0) in space (-1, -2) tick=5
2026/09/30 21:20:37 Moving unit 12 Blunt Infantry to zone(1, 0) in space (-1, -2) tick=5
2026/09/30 21:20:37 Moving unit 4 Blunt Infantry to zone(1, 0) in space (0, -3) tick=5
2026/09/30 21:20:37 Moving unit 16 Blunt Infantry to zone(1, 0) in space (-1, -2) tick=5
2026/09/30 21:20:37 Moving unit 14 Blunt Infantry to zone(1, 0) in space (-1, -2) tick=5
2026/09/30 21:20:37 Moving unit 1 Blunt Infantry to zone(1, 0) in space (-1, -2) tick=5
2026/09/30 21:20:37 Moving unit 3 Blunt Infantry to zone(1, 0) in space (-1, 0) tick=5
2026/09/30 21:20:37 Moving unit 8 Blunt Infantry to zone(1, 0) in space (-1, -2) tick=5
2026/09/30 21:20:37 Moving unit 11 Blunt Infantry to zone(1, 0) in space (-1, -2) tick=5
2026/09/30 21:20:37 Moving unit 5 Blunt Infantry to zone(1, -1) in space (0, 2) tick=5
2026/09/30 21:20:37 Moving unit 2 Blunt Infantry to zone(1, 0) in space (-1, -1) tick=5
2026/09/30 21:20:37 Moving unit 13 Blunt Infantry to zone(1, 0) in space (-1, -2) tick=5
2026/09/30 21:20:37 Moving unit 31 Blunt Infantry to zone(0, 1) in space (-3, -1) tick=5
2026/09/30 21:20:37 state_hash turn=3 tick=5 hash=029810c3bb73bf18
2026/09/30 21:20:37 Moving unit 11 Blunt Infantry to zone(0, 0) in space (-1, -2) tick=6
2026/09/30 21:20:37 Moving unit 5 Blunt Infantry to zone(0, 0) in space (0, 2) tick=6
2026/09/30 21:20:37 Moving unit 13 Blunt Infantry to zone(0, 0) in space (-1, -2) tick=6
2026/09/30 21:20:37 Moving unit 6 Blunt Infantry to zone(0, 0) in space (1, -4) tick=6
2026/09/30 21:20:37 Moving unit 9 Blunt Infantry to zone(0, 0) in space (-1, -2) tick=6
2026/09/30 21:20:37 Moving unit 15 Blunt Infantry to zone(0, 0) in space (-1, -2) tick=6
2026/09/30 21:20:37 Moving unit 7 Blunt Infantry to zone(0, 0) in space (-1, -2) tick=6
2026/09/30 21:20:37 Moving unit 10 Blunt Infantry to zone(0, 0) in space (-1, -2) tick=6
2026/09/30 21:20:37 Moving unit 12 Blunt Infantry to zone(0, 0) in space (-1, -2) tick=6
2026/09/30 21:20:37 Moving unit 4 Blunt Infantry to zone(0, 0) in space (0, -3) tick=6
2026/09/30 21:20:37 Moving unit 16 Blunt Infantry to zone(0, 0) in space (-1, -2) tick=6
2026/09/30 21:20:37 Moving unit 14 Blunt Infantry to zone(0, 0) in space (-1, -2) tick=6
2026/09/30 21:20:37 Moving unit 1 Blunt Infantry to zone(0, 0) in space (-1, -2) tick=6
2026/09/30 21:20:37 Moving unit 3 Blunt Infantry to zone(0, 0) in space (-1, 0) tick=6
2026/09/30 21:20:37 Moving unit 8 Blunt Infantry to zone(0, 0) in space (-1, -2) tick=6
2026/09/30 21:20:37 Moving unit 31 Blunt Infantry to zone(0, 0) in space (-3, -1) tick=6
2026/09/30 21:20:37 state_hash turn=3 tick=6 hash=746a113cb6e24790
2026/09/30 21:20:37 state_hash turn=3 tick=end hash=d4a1800ce26570b6
2026/09/30 21:20:37 ai ai-1: new turn data {"buildings":[],"enemy_buildings":[],"enemy_units":[],"foundations":[],"population":{"current":30,"limit":0},"resources":{"food":200,"gold":14,"stone":100,"wood":200},"spaces":[{"Space":{"X":0,"Y":-4},"Vision":0,"Owner":-1},{"Space":{"X":1,"Y":-4},"Vision":0,"Owner":-1},{"Space":{"X":2,"Y":-4},"Vision":0,"Owner":-1},{"Space":{"X":3,"Y":-4},"Vision":0,"Owner":-1},{"Space":{"X":4,"Y":-4},"Vision":0,"Owner":-1},{"Space":{"X":-1,"Y":-3},"Vision":0,"Owner":-1},{"Space":{"X":0,"Y":-3},"Vision":0,"Owner":-1},{"Space":{"X":1,"Y":-3},"Vision":0,"Owner":-1},{"Space":{"X":2,"Y":-3},"Vision":0,"Owner":-1},{"Space":{"X":3,"Y":-3},"Vision":0,"Owner":-1},{"Space":{"X":4,"Y":-3},"Vision":0,"Owner":-1},{"Space":{"X":-2,"Y":-2},"Vision":2,"Owner":-1},{"Space":{"X":-1,"Y":-2},"Vision":0,"Owner":-1},{"Space":{"X":0,"Y":-2},"Vision":0,"Owner":-1},{"Space":{"X":1,"Y":-2},"Vision":0,"Owner":-1},{"Space":{"X":2,"Y":-2},"Vision":0,"Owner":-1},{"Space":{"X":3,"Y":-2},"Vision":0,"Owner":-1},{"Space":{"X":4,"Y":-2},"Vision":0,"Owner":-1},{"Space":{"X":-3,"Y":-1},"Vision":3,"Owner":1},{"Space":{"X":-2,"Y":-1},"Vision":2,"Owner":-1},{"Space":{"X":-1,"Y":-1},"Vision":0,"Owner":-1},{"Space":{"X":0,"Y":-1},"Vision":0,"Owner":-1},{"Space":{"X":1,"Y":-1},"Vision":0,"Owner":-1},{"Space":{"X":2,"Y":-1},"Vision":0,"Owner":-1},{"Space":{"X":3,"Y":-1},"Vision":0,"Owner":-1},{"Space":{"X":4,"Y":-1},"Vision":0,"Owner":-1},{"Space":{"X":-4,"Y":0},"Vision":2,"Owner":-1},{"Space":{"X":-3,"Y":0},"Vision":2,"Owner":-1},{"Space":{"X":-2,"Y":0},"Vision":1,"Owner":-1},{"Space":{"X":-1,"Y":0},"Vision":0,"Owner":-1},{"Space":{"X":0,"Y":0},"Vision":0,"Owner":-1},{"Space":{"X":1,"Y":0},"Vision":0,"Owner":-1},{"Space":{"X":2,"Y":0},"Vision":0,"Owner":-1},{"Space":{"X":3,"Y":0},"Vision":0,"Owner":-1},{"Space":{"X":4,"Y":0},"Vision":0,"Owner":-1},{"Space":{"X":-4,"Y":1},"Vision":1,"Owner":-1},{"Space":{"X":-3,"Y":1},"Vision":2,"Owner":-1},{"Space":{"X":-2,"Y":1},"Vision":2,"Owner":-1},{"Space":{"X":-1,"Y":1},"Vision":0,"Owner":-1},{"Space":{"X":0,"Y":1},"Vision":0,"Owner":-1},{"Space":{"X":1,"Y":1},"Vision":0,"Owner":-1},{"Space":{"X":2,"Y":1},"Vision":0,"Owner":-1},{"Space":{"X":3,"Y":1},"Vision":0,"Owner":-1},{"Space":{"X":-4,"Y":2},"Vision":2,"Owner":-1},{"Space":{"X":-3,"Y":2},"Vision":3,"Owner":1},{"Space":{"X":-2,"Y":2},"Vision":2,"Owner":-1},{"Space":{"X":-1,"Y":2},"Vision":0,"Owner":-1},{"Space":{"X":0,"Y":2},"Vision":0,"Owner":-1},{"Space":{"X":1,"Y":2},"Vision":0,"Owner":-1},{"Space":{"X":2,"Y":2},"Vision":0,"Owner":-1},{"Space":{"X":-4,"Y":3},"Vision":2,"Owner":-1},{"Space":{"X":-3,"Y":3},"Vision":2,"Owner":-1},{"Space":{"X":-2,"Y":3},"Vision":0,"Owner":-1},{"Space":{"X":-1,"Y":3},"Vision":0,"Owner":-1},{"Space":{"X":0,"Y":3},"Vision":0,"Owner":-1},{"Space":{"X":1,"Y":3},"Vision":0,"Owner":-1},{"Space":{"X":-4,"Y":4},"Vision":0,"Owner":-1},{"Space":{"X":-3,"Y":4},"Vision":0,"Owner":-1},{"Space":{"X":-2,"Y":4},"Vision":0,"Owner":-1},{"Space":{"X":-1,"Y":4},"Vision":0,"Owner":-1},{"Space":{"X":0,"Y":4},"Vision":0,"Owner":-1}],"units":[{"InternalID":31,"UnitID":11,"Type":2,"Kind":1,"Location":{"Space":{"X":-3,"Y":-1},"Zone":{"X":0,"Y":0}},"CurrentStamina":16,"CurrentOrder":null,"Builds":[],"GarrisonedIn":null,"Stance":3,"InterruptCurrent":false,"AttackBack":true,"TargetPriority":"","ActiveOrders":null,"Health":11,"MaxHealth":11},{"InternalID":32,"UnitID":11,"Type":2,"Kind":1,"Location":{"Space":{"X":-3,"Y":2},"Zone":{"X":0,"Y":0}},"CurrentStamina":23,"CurrentOrder":null,"Builds":[],"GarrisonedIn":null,"Stance":3,"InterruptCurrent":false,"AttackBack":true,"TargetPriority":"","ActiveOrders":null,"Health":11,"MaxHealth":11},{"InternalID":33,"UnitID":11,"Type":2,"Kind":1,"Location":{"Space":{"X":-3,"Y":2},"Zone":{"X":0,"Y":0}},"CurrentStamina":23,"CurrentOrder":null,"Builds":[],"GarrisonedIn":null,"Stance":3,"InterruptCurrent":false,"AttackBack":true,"TargetPriority":"","ActiveOrders":null,"Health":11,"MaxHealth":11},{"InternalID":34,"UnitID":11,"Type":2,"Kind":1,"Location":{"Space":{"X":-3,"Y":2},"Zone":{"X":0,"Y":0}},"CurrentStamina":23,"CurrentOrder":null,"Builds":[],"GarrisonedIn":null,"Stance":3,"InterruptCurrent":false,"AttackBack":true,"TargetPriority":"","ActiveOrders":null,"Health":11,"MaxHealth":11},{"InternalID":35,"UnitID":11,"Type":2,"Kind":1,"Location":{"Space":{"X":-3,"Y":2},"Zone":{"X":0,"Y":0}},"CurrentStamina":23,"CurrentOrder":null,"Builds":[],"GarrisonedIn":null,"Stance":3,"InterruptCurrent":false,"AttackBack":true,"TargetPriority":"","ActiveOrders":null,"Health":11,"MaxHealth":11},{"InternalID":36,"UnitID":11,"Type":2,"Kind":1,"Location":{"Space":{"X":-3,"Y":2},"Zone":{"X":0,"Y":0}},"CurrentStamina":23,"CurrentOrder":null,"Builds":[],"GarrisonedIn":null,"Stance":3,"InterruptCurrent":false,"AttackBack":true,"TargetPriority":"","ActiveOrders":null,"Health":11,"MaxHealth":11},{"InternalID":37,"UnitID":11,"Type":2,"Kind":1,"Location":{"Space":{"X":-3,"Y":2},"Zone":{"X":0,"Y":0}},"CurrentStamina":23,"CurrentOrder":null,"Builds":[],"GarrisonedIn":null,"Stance":3,"InterruptCurrent":false,"AttackBack":true,"TargetPriority":"","ActiveOrders":null,"Health":11,"MaxHealth":11},{"InternalID":38,"UnitID":11,"Type":2,"Kind":1,"Location":{"Space":{"X":-3,"Y":2},"Zone":{"X":0,"Y":0}},"CurrentStamina":23,"CurrentOrder":null,"Builds":[],"GarrisonedIn":null,"Stance":3,"InterruptCurrent":false,"AttackBack":true,"TargetPriority":"","ActiveOrders":null,"Health":11,"MaxHealth":11},{"InternalID":39,"UnitID":11,"Type":2,"Kind":1,"Location":{"Space":{"X":-3,"Y":2},"Zone":{"X":0,"Y":0}},"CurrentStamina":23,"CurrentOrder":null,"Builds":[],"GarrisonedIn":null,"Stance":3,"InterruptCurrent":false,"AttackBack":true,"TargetPriority":"","ActiveOrders":null,"Health":11,"MaxHealth":11},{"InternalID":40,"UnitID":11,"Type":2,"Kind":1,"Location":{"Space":{"X":-3,"Y":2},"Zone":{"X":0,"Y":0}},"CurrentStamina":23,"CurrentOrder":null,"Builds":[],"GarrisonedIn":null,"Stance":3,"InterruptCurrent":false,"AttackBack":true,"TargetPriority":"","ActiveOrders":null,"Health":11,"MaxHealth":11},{"InternalID":41,"UnitID":11,"Type":2,"Kind":1,"Location":{"Space":{"X":-3,"Y":2},"Zone":{"X":0,"Y":0}},"CurrentStamina":23,"CurrentOrder":null,"Builds":[],"GarrisonedIn":null,"Stance":3,"InterruptCurrent":false,"AttackBack":true,"TargetPriority":"","ActiveOrders":null,"Health":11,"MaxHealth":11},{"InternalID":42,"UnitID":11,"Type":2,"Kind":1,"Location":{"Space":{"X":-3,"Y":2},"Zone":{"X":0,"Y":0}},"CurrentStamina":23,"CurrentOrder":null,"Builds":[],"GarrisonedIn":null,"Stance":3,"InterruptCurrent":false,"AttackBack":true,"TargetPriority":"","ActiveOrders":null,"Health":11,"MaxHealth":11},{"InternalID":43,"UnitID":11,"Type":2,"Kind":1,"Location":{"Space":{"X":-3,"Y":2},"Zone":{"X":0,"Y":0}},"CurrentStamina":23,"CurrentOrder":null,"Builds":[],"GarrisonedIn":null,"Stance":3,"InterruptCurrent":false,"AttackBack":true,"TargetPriority":"","ActiveOrders":null,"Health":11,"MaxHealth":11},{"InternalID":44,"UnitID":11,"Type":2,"Kind":1,"Location":{"Space":{"X":-3,"Y":2},"Zone":{"X":0,"Y":0}},"CurrentStamina":23,"CurrentOrder":null,"Builds":[],"GarrisonedIn":null,"Stance":3,"InterruptCurrent":false,"AttackBack":true,"TargetPriority":"","ActiveOrders":null,"Health":11,"MaxHealth":11},{"InternalID":45,"UnitID":11,"Type":2,"Kind":1,"Location":{"Space":{"X":-3,"Y":2},"Zone":{"X":0,"Y":0}},"CurrentStamina":23,"CurrentOrder":null,"Builds":[],"GarrisonedIn":null,"Stance":3,"InterruptCurrent":false,"AttackBack":true,"TargetPriority":"","ActiveOrders":null,"Health":11,"MaxHealth":11},{"InternalID":46,"UnitID":11,"Type":2,"Kind":1,"Location":{"Space":{"X":-3,"Y":2},"Zone":{"X":0,"Y":0}},"CurrentStamina":23,"CurrentOrder":null,"Builds":[],"GarrisonedIn":null,"Stance":3,"InterruptCurrent":false,"AttackBack":true,"TargetPriority":"","ActiveOrders":null,"Health":11,"MaxHealth":11},{"InternalID":47,"UnitID":12,"Type":2,"Kind":1,"Location":{"Space":{"X":-3,"Y":2},"Zone":{"X":0,"Y":0}},"CurrentStamina":18,"CurrentOrder":null,"Builds":[],"GarrisonedIn":null,"Stance":3,"InterruptCurrent":false,"AttackBack":true,"TargetPriority":"","ActiveOrders":null,"Health":16,"MaxHealth":16},{"InternalID":48,"UnitID":12,"Type":2,"Kind":1,"Location":{"Space":{"X":-3,"Y":2},"Zone":{"X":0,"Y":0}},"CurrentStamina":18,"CurrentOrder":null,"Builds":[],"GarrisonedIn":null,"Stance":3,"InterruptCurrent":false,"AttackBack":true,"TargetPriority":"","ActiveOrders":null,"Health":16,"MaxHealth":16},{"InternalID":49,"UnitID":12,"Type":2,"Kind":1,"Location":{"Space":{"X":-3,"Y":2},"Zone":{"X":0,"Y":0}},"CurrentStamina":18,"CurrentOrder":null,"Builds":[],"GarrisonedIn":null,"Stance":3,"InterruptCurrent":false,"AttackBack":true,"TargetPriority":"","ActiveOrders":null,"Health":16,"MaxHealth":16},{"InternalID":50,"UnitID":12,"Type":2,"Kind":1,"Location":{"Space":{"X":-3,"Y":2},"Zone":{"X":0,"Y":0}},"CurrentStamina":18,"CurrentOrder":null,"Builds":[],"GarrisonedIn":null,"Stance":3,"InterruptCurrent":false,"AttackBack":true,"TargetPriority":"","ActiveOrders":null,"Health":16,"MaxHealth":16},{"InternalID":51,"UnitID":12,"Type":2,"Kind":1,"Location":{"Space":{"X":-3,"Y":2},"Zone":{"X":0,"Y":0}},"CurrentStamina":18,"CurrentOrder":null,"Builds":[],"GarrisonedIn":null,"Stance":3,"InterruptCurrent":false,"AttackBack":true,"TargetPriority":"","ActiveOrders":null,"Health":16,"MaxHealth":16},{"InternalID":52,"UnitID":12,"Type":2,"Kind":1,"Location":{"Space":{"X":-3,"Y":2},"Zone":{"X":0,"Y":0}},"CurrentStamina":18,"CurrentOrder":null,"Builds":[],"GarrisonedIn":null,"Stance":3,"InterruptCurrent":false,"AttackBack":true,"TargetPriority":"","ActiveOrders":null,"Health":16,"MaxHealth":16},{"InternalID":53,"UnitID":12,"Type":2,"Kind":1,"Location":{"Space":{"X":-3,"Y":2},"Zone":{"X":0,"Y":0}},"CurrentStamina":18,"CurrentOrder":null,"Builds":[],"GarrisonedIn":null,"Stance":3,"InterruptCurrent":false,"AttackBack":true,"TargetPriority":"","ActiveOrders":null,"Health":16,"MaxHealth":16},{"InternalID":54,"UnitID":12,"Type":2,"Kind":1,"Location":{"Space":{"X":-3,"Y":2},"Zone":{"X":0,"Y":0}},"CurrentStamina":18,"CurrentOrder":null,"Builds":[],"GarrisonedIn":null,"Stance":3,"InterruptCurrent":false,"AttackBack":true,"TargetPriority":"","ActiveOrders":null,"Health":16,"MaxHealth":16},{"InternalID":55,"UnitID":13,"Type":2,"Kind":1,"Location":{"Space":{"X":-3,"Y":2},"Zone":{"X":0,"Y":0}},"CurrentStamina":12,"CurrentOrder":null,"Builds":[],"GarrisonedIn":null,"Stance":3,"InterruptCurrent":false,"AttackBack":true,"TargetPriority":"","ActiveOrders":null,"Health":50,"MaxHealth":50},{"InternalID":56,"UnitID":13,"Type":2,"Kind":1,"Location":{"Space":{"X":-3,"Y":2},"Zone":{"X":0,"Y":0}},"CurrentStamina":12,"CurrentOrder":null,"Builds":[],"GarrisonedIn":null,"Stance":3,"InterruptCurrent":false,"AttackBack":true,"TargetPriority":"","ActiveOrders":null,"Health":50,"MaxHealth":50},{"InternalID":57,"UnitID":13,"Type":2,"Kind":1,"Location":{"Space":{"X":-3,"Y":2},"Zone":{"X":0,"Y":0}},"CurrentStamina":12,"CurrentOrder":null,"Builds":[],"GarrisonedIn":null,"Stance":3,"InterruptCurrent":false,"AttackBack":true,"TargetPriority":"","ActiveOrders":null,"Health":50,"MaxHealth":50},{"InternalID":58,"UnitID":13,"Type":2,"Kind":1,"Location":{"Space":{"X":-3,"Y":2},"Zone":{"X":0,"Y":0}},"CurrentStamina":12,"CurrentOrder":null,"Builds":[],"GarrisonedIn":null,"Stance":3,"InterruptCurrent":false,"AttackBack":true,"TargetPriority":"","ActiveOrders":null,"Health":50,"MaxHealth":50},{"InternalID":59,"UnitID":13,"Type":2,"Kind":1,"Location":{"Space":{"X":-3,"Y":2},"Zone":{"X":0,"Y":0}},"CurrentStamina":12,"CurrentOrder":null,"Builds":[],"GarrisonedIn":null,"Stance":3,"InterruptCurrent":false,"AttackBack":true,"TargetPriority":"","ActiveOrders":null,"Health":50,"MaxHealth":50},{"InternalID":60,"UnitID":13,"Type":2,"Kind":1,"Location":{"Space":{"X":-3,"Y":2},"Zone":{"X":0,"Y":0}},"CurrentStamina":12,"CurrentOrder":null,"Builds":[],"GarrisonedIn":null,"Stance":3,"InterruptCurrent":false,"AttackBack":true,"TargetPriority":"","ActiveOrders":null,"Health":50,"MaxHealth":50}]}
2026/09/30 21:20:37 ai ai-1: submitting orders [{Subjects:[31] OrderType:2 TargetID:1378 ClearPreviousOrders:true}]
2026/09/30 21:20:37 ai ai-1: vars {}
2026/09/30 21:20:37 player action: submit-orders 0 2 map[orders:[{1 [31] 2 1378 true}]]
2026/09/30 21:20:37 Executing submit orders for: 1 [{1 [31] 2 1378 true}]
2026/09/30 21:20:37 ai ai-0: new turn data {"buildings":[],"enemy_buildings":[],"enemy_units":[],"foundations":[],"population":{"current":30,"limit":0},"resources":{"food":200,"gold":44,"stone":100,"wood":200},"spaces":[{"Space":{"X":0,"Y":-4},"Vision":2,"Owner":-1},{"Space":{"X":1,"Y":-4},"Vision":3,"Owner":0},{"Space":{"X":2,"Y":-4},"Vision":2,"Owner":-1},{"Space":{"X":3,"Y":-4},"Vision":1,"Owner":-1},{"Space":{"X":4,"Y":-4},"Vision":1,"Owner":-1},{"Space":{"X":-1,"Y":-3},"Vision":2,"Owner":-1},{"Space":{"X":0,"Y":-3},"Vision":3,"Owner":0},{"Space":{"X":1,"Y":-3},"Vision":2,"Owner":-1},{"Space":{"X":2,"Y":-3},"Vision":2,"Owner":-1},{"Space":{"X":3,"Y":-3},"Vision":1,"Owner":-1},{"Space":{"X":4,"Y":-3},"Vision":1,"Owner":-1},{"Space":{"X":-2,"Y":-2},"Vision":2,"Owner":-1},{"Space":{"X":-1,"Y":-2},"Vision":3,"Owner":0},{"Space":{"X":0,"Y":-2},"Vision":3,"Owner":0},{"Space":{"X":1,"Y":-2},"Vision":3,"Owner":0},{"Space":{"X":2,"Y":-2},"Vision":2,"Owner":-1},{"Space":{"X":3,"Y":-2},"Vision":1,"Owner":-1},{"Space":{"X":4,"Y":-2},"Vision":1,"Owner":-1},{"Space":{"X":-3,"Y":-1},"Vision":0,"Owner":-1},{"Space":{"X":-2,"Y":-1},"Vision":2,"Owner":-1},{"Space":{"X":-1,"Y":-1},"Vision":3,"Owner":0},{"Space":{"X":0,"Y":-1},"Vision":3,"Owner":-1},{"Space":{"X":1,"Y":-1},"Vision":2,"Owner":-1},{"Space":{"X":2,"Y":-1},"Vision":1,"Owner":-1},{"Space":{"X":3,"Y":-1},"Vision":1,"Owner":-1},{"Space":{"X":4,"Y":-1},"Vision":1,"Owner":-1},{"Space":{"X":-4,"Y":0},"Vision":0,"Owner":-1},{"Space":{"X":-3,"Y":0},"Vision":0,"Owner":-1},{"Space":{"X":-2,"Y":0},"Vision":2,"Owner":-1},{"Space":{"X":-1,"Y":0},"Vision":3,"Owner":0},{"Space":{"X":0,"Y":0},"Vision":2,"Owner":-1},{"Space":{"X":1,"Y":0},"Vision":1,"Owner":-1},{"Space":{"X":2,"Y":0},"Vision":1,"Owner":-1},{"Space":{"X":3,"Y":0},"Vision":1,"Owner":-1},{"Space":{"X":4,"Y":0},"Vision":0,"Owner":-1},{"Space":{"X":-4,"Y":1},"Vision":0,"Owner":-1},{"Space":{"X":-3,"Y":1},"Vision":0,"Owner":-1},{"Space":{"X":-2,"Y":1},"Vision":2,"Owner":-1},{"Space":{"X":-1,"Y":1},"Vision":2,"Owner":-1},{"Space":{"X":0,"Y":1},"Vision":2,"Owner":-1},{"Space":{"X":1,"Y":1},"Vision":2,"Owner":-1},{"Space":{"X":2,"Y":1},"Vision":1,"Owner":-1},{"Space":{"X":3,"Y":1},"Vision":0,"Owner":-1},{"Space":{"X":-4,"Y":2},"Vision":0,"Owner":-1},{"Space":{"X":-3,"Y":2},"Vision":0,"Owner":-1},{"Space":{"X":-2,"Y":2},"Vision":0,"Owner":-1},{"Space":{"X":-1,"Y":2},"Vision":2,"Owner":-1},{"Space":{"X":0,"Y":2},"Vision":3,"Owner":0},{"Space":{"X":1,"Y":2},"Vision":2,"Owner":-1},{"Space":{"X":2,"Y":2},"Vision":0,"Owner":-1},{"Space":{"X":-4,"Y":3},"Vision":0,"Owner":-1},{"Space":{"X":-3,"Y":3},"Vision":0,"Owner":-1},{"Space":{"X":-2,"Y":3},"Vision":0,"Owner":-1},{"Space":{"X":-1,"Y":3},"Vision":2,"Owner":-1},{"Space":{"X":0,"Y":3},"Vision":2,"Owner":-1},{"Space":{"X":1,"Y":3},"Vision":0,"Owner":-1},{"Space":{"X":-4,"Y":4},"Vision":0,"Owner":-1},{"Space":{"X":-3,"Y":4},"Vision":0,"Owner":-1},{"Space":{"X":-2,"Y":4},"Vision":0,"Owner":-1},{"Space":{"X":-1,"Y":4},"Vision":0,"Owner":-1},{"Space":{"X":0,"Y":4},"Vision":0,"Owner":-1}],"units":[{"InternalID":1,"UnitID":11,"Type":2,"Kind":1,"Location":{"Space":{"X":-1,"Y":-2},"Zone":{"X":0,"Y":0}},"CurrentStamina":17,"CurrentOrder":null,"Builds":[],"GarrisonedIn":null,"Stance":3,"InterruptCurrent":true,"AttackBack":true,"TargetPriority":"","ActiveOrders":null,"Health":11,"MaxHealth":11},{"InternalID":2,"UnitID":11,"Type":2,"Kind":1,"Location":{"Space":{"X":-1,"Y":-1},"Zone":{"X":1,"Y":0}},"CurrentStamina":15,"CurrentOrder":{"Kind":0,"TargetZone":{"Space":{"X":-1,"Y":-1},"Zone":{"X":0,"Y":0}},"TargetSpace":null,"TargetResource":null,"TargetUnit":null,"TargetBuilding":null},"Builds":[],"GarrisonedIn":null,"Stance":3,"InterruptCurrent":true,"AttackBack":true,"TargetPriority":"","ActiveOrders":[{"ID":34,"Kind":0}],"Health":11,"MaxHealth":11},{"InternalID":3,"UnitID":11,"Type":2,"Kind":1,"Location":{"Space":{"X":-1,"Y":0},"Zone":{"X":0,"Y":0}},"CurrentStamina":22,"CurrentOrder":null,"Builds":[],"GarrisonedIn":null,"Stance":3,"InterruptCurrent":true,"AttackBack":true,"TargetPriority":"","ActiveOrders":null,"Health":11,"MaxHealth":11},{"InternalID":4,"UnitID":11,"Type":2,"Kind":1,"Location":{"Space":{"X":0,"Y":-3},"Zone":{"X":0,"Y":0}},"CurrentStamina":18,"CurrentOrder":null,"Builds":[],"GarrisonedIn":null,"Stance":3,"InterruptCurrent":true,"AttackBack":true,"TargetPriority":"","ActiveOrders":null,"Health":11,"MaxHealth":11},{"InternalID":5,"UnitID":11,"Type":2,"Kind":1,"Location":{"Space":{"X":0,"Y":2},"Zone":{"X":0,"Y":0}},"CurrentStamina":18,"CurrentOrder":null,"Builds":[],"GarrisonedIn":null,"Stance":3,"InterruptCurrent":true,"AttackBack":true,"TargetPriority":"","ActiveOrders":null,"Health":11,"MaxHealth":11},{"InternalID":6,"UnitID":11,"Type":2,"Kind":1,"Location":{"Space":{"X":1,"Y":-4},"Zone":{"X":0,"Y":0}},"CurrentStamina":22,"CurrentOrder":null,"Builds":[],"GarrisonedIn":null,"Stance":3,"InterruptCurrent":false,"AttackBack":true,"TargetPriority":"","ActiveOrders":null,"Health":11,"MaxHealth":11},{"InternalID":7,"UnitID":11,"Type":2,"Kind":1,"Location":{"Space":{"X":-1,"Y":-2},"Zone":{"X":0,"Y":0}},"CurrentStamina":17,"CurrentOrder":null,"Builds":[],"GarrisonedIn":null,"Stance":3,"InterruptCurrent":true,"AttackBack":true,"TargetPriority":"","ActiveOrders":null,"Health":11,"MaxHealth":11},{"InternalID":8,"UnitID":11,"Type":2,"Kind":1,"Location":{"Space":{"X":-1,"Y":-2},"Zone":{"X":0,"Y":0}},"CurrentStamina":17,"CurrentOrder":null,"Builds":[],"GarrisonedIn":null,"Stance":3,"InterruptCurrent":true,"AttackBack":true,"TargetPriority":"","ActiveOrders":null,"Health":11,"MaxHealth":11},{"InternalID":9,"UnitID":11,"Type":2,"Kind":1,"Location":{"Space":{"X":-1,"Y":-2},"Zone":{"X":0,"Y":0}},"CurrentStamina":17,"CurrentOrder":null,"Builds":[],"GarrisonedIn":null,"Stance":3,"InterruptCurrent":true,"AttackBack":true,"TargetPriority":"","ActiveOrders":null,"Health":11,"MaxHealth":11},{"InternalID":10,"UnitID":11,"Type":2,"Kind":1,"Location":{"Space":{"X":-1,"Y":-2},"Zone":{"X":0,"Y":0}},"CurrentStamina":17,"CurrentOrder":null,"Builds":[],"GarrisonedIn":null,"Stance":3,"InterruptCurrent":true,"AttackBack":true,"TargetPriority":"","ActiveOrders":null,"Health":11,"MaxHealth":11},{"InternalID":11,"UnitID":11,"Type":2,"Kind":1,"Location":{"Space":{"X":-1,"Y":-2},"Zone":{"X":0,"Y":0}},"CurrentStamina":17,"CurrentOrder":null,"Builds":[],"GarrisonedIn":null,"Stance":3,"InterruptCurrent":true,"AttackBack":true,"TargetPriority":"","ActiveOrders":null,"Health":11,"MaxHealth":11},{"InternalID":12,"UnitID":11,"Type":2,"Kind":1,"Location":{"Space":{"X":-1,"Y":-2},"Zone":{"X":0,"Y":0}},"CurrentStamina":17,"CurrentOrder":null,"Builds":[],"GarrisonedIn":null,"Stance":3,"InterruptCurrent":true,"AttackBack":true,"TargetPriority":"","ActiveOrders":null,"Health":11,"MaxHealth":11},{"InternalID":13,"UnitID":11,"Type":2,"Kind":1,"Location":{"Space":{"X":-1,"Y":-2},"Zone":{"X":0,"Y":0}},"CurrentStamina":17,"CurrentOrder":null,"Builds":[],"GarrisonedIn":null,"Stance":3,"InterruptCurrent":true,"AttackBack":true,"TargetPriority":"","ActiveOrders":null,"Health":11,"MaxHealth":11},{"InternalID":14,"UnitID":11,"Type":2,"Kind":1,"Location":{"Space":{"X":-1,"Y":-2},"Zone":{"X":0,"Y":0}},"CurrentStamina":17,"CurrentOrder":null,"Builds":[],"GarrisonedIn":null,"Stance":3,"InterruptCurrent":true,"AttackBack":true,"TargetPriority":"","ActiveOrders":null,"Health":11,"MaxHealth":11},{"InternalID":15,"UnitID":11,"Type":2,"Kind":1,"Location":{"Space":{"X":-1,"Y":-2},"Zone":{"X":0,"Y":0}},"CurrentStamina":17,"CurrentOrder":null,"Builds":[],"GarrisonedIn":null,"Stance":3,"InterruptCurrent":true,"AttackBack":true,"TargetPriority":"","ActiveOrders":null,"Health":11,"MaxHealth":11},{"InternalID":16,"UnitID":11,"Type":2,"Kind":1,"Location":{"Space":{"X":-1,"Y":-2},"Zone":{"X":0,"Y":0}},"CurrentStamina":17,"CurrentOrder":null,"Builds":[],"GarrisonedIn":null,"Stance":3,"InterruptCurrent":true,"AttackBack":true,"TargetPriority":"","ActiveOrders":null,"Health":11,"MaxHealth":11},{"InternalID":17,"UnitID":12,"Type":2,"Kind":1,"Location":{"Space":{"X":0,"Y":-2},"Zone":{"X":-1,"Y":0}},"CurrentStamina":16,"CurrentOrder":{"Kind":0,"TargetZone":{"Space":{"X":-1,"Y":-2},"Zone":{"X":0,"Y":0}},"TargetSpace":null,"TargetResource":null,"TargetUnit":null,"TargetBuilding":null},"Builds":[],"GarrisonedIn":null,"Stance":3,"InterruptCurrent":true,"AttackBack":true,"TargetPriority":"","ActiveOrders":[{"ID":49,"Kind":0}],"Health":16,"MaxHealth":16},{"InternalID":18,"UnitID":12,"Type":2,"Kind":1,"Location":{"Space":{"X":0,"Y":-2},"Zone":{"X":-1,"Y":0}},"CurrentStamina":16,"CurrentOrder":{"Kind":0,"TargetZone":{"Space":{"X":-1,"Y":-2},"Zone":{"X":0,"Y":0}},"TargetSpace":null,"TargetResource":null,"TargetUnit":null,"TargetBuilding":null},"Builds":[],"GarrisonedIn":null,"Stance":3,"InterruptCurrent":true,"AttackBack":true,"TargetPriority":"","ActiveOrders":[{"ID":50,"Kind":0}],"Health":16,"MaxHealth":16},{"InternalID":19,"UnitID":12,"Type":2,"Kind":1,"Location":{"Space":{"X":0,"Y":-2},"Zone":{"X":-1,"Y":0}},"CurrentStamina":16,"CurrentOrder":{"Kind":0,"TargetZone":{"Space":{"X":-1,"Y":-2},"Zone":{"X":0,"Y":0}},"TargetSpace":null,"TargetResource":null,"TargetUnit":null,"TargetBuilding":null},"Builds":[],"GarrisonedIn":null,"Stance":3,"InterruptCurrent":true,"AttackBack":true,"TargetPriority":"","ActiveOrders":[{"ID":51,"Kind":0}],"Health":16,"MaxHealth":16},{"InternalID":20,"UnitID":12,"Type":2,"Kind":1,"Location":{"Space":{"X":0,"Y":-2},"Zone":{"X":-1,"Y":0}},"CurrentStamina":16,"CurrentOrder":{"Kind":0,"TargetZone":{"Space":{"X":-1,"Y":-2},"Zone":{"X":0,"Y":0}},"TargetSpace":null,"TargetResource":null,"TargetUnit":null,"TargetBuilding":null},"Builds":[],"GarrisonedIn":null,"Stance":3,"InterruptCurrent":true,"AttackBack":true,"TargetPriority":"","ActiveOrders":[{"ID":52,"Kind":0}],"Health":16,"MaxHealth":16},{"InternalID":21,"UnitID":12,"Type":2,"Kind":1,"Location":{"Space":{"X":0,"Y":-2},"Zone":{"X":-1,"Y":0}},"CurrentStamina":16,"CurrentOrder":{"Kind":0,"TargetZone":{"Space":{"X":-1,"Y":-2},"Zone":{"X":0,"Y":0}},"TargetSpace":null,"TargetResource":null,"TargetUnit":null,"TargetBuilding":null},"Builds":[],"GarrisonedIn":null,"Stance":3,"InterruptCurrent":true,"AttackBack":true,"TargetPriority":"","ActiveOrders":[{"ID":53,"Kind":0}],"Health":16,"MaxHealth":16},{"InternalID":22,"UnitID":12,"Type":2,"Kind":1,"Location":{"Space":{"X":0,"Y":-2},"Zone":{"X":-1,"Y":0}},"CurrentStamina":16,"CurrentOrder":{"Kind":0,"TargetZone":{"Space":{"X":-1,"Y":-2},"Zone":{"X":0,"Y":0}},"TargetSpace":null,"TargetResource":null,"TargetUnit":null,"TargetBuilding":null},"Builds":[],"GarrisonedIn":null,"Stance":3,"InterruptCurrent":true,"AttackBack":true,"TargetPriority":"","ActiveOrders":[{"ID":54,"Kind":0}],"Health":16,"MaxHealth":16},{"InternalID":23,"UnitID":12,"Type":2,"Kind":1,"Location":{"Space":{"X":0,"Y":-2},"Zone":{"X":-1,"Y":0}},"CurrentStamina":16,"CurrentOrder":{"Kind":0,"TargetZone":{"Space":{"X":-1,"Y":-2},"Zone":{"X":0,"Y":0}},"TargetSpace":null,"TargetResource":null,"TargetUnit":null,"TargetBuilding":null},"Builds":[],"GarrisonedIn":null,"Stance":3,"InterruptCurrent":true,"AttackBack":true,"TargetPriority":"","ActiveOrders":[{"ID":55,"Kind":0}],"Health":16,"MaxHealth":16},{"InternalID":24,"UnitID":12,"Type":2,"Kind":1,"Location":{"Space":{"X":0,"Y":-2},"Zone":{"X":-1,"Y":0}},"CurrentStamina":16,"CurrentOrder":{"Kind":0,"TargetZone":{"Space":{"X":-1,"Y":-2},"Zone":{"X":0,"Y":0}},"TargetSpace":null,"TargetResource":null,"TargetUnit":null,"TargetBuilding":null},"Builds":[],"GarrisonedIn":null,"Stance":3,"InterruptCurrent":true,"AttackBack":true,"TargetPriority":"","ActiveOrders":[{"ID":56,"Kind":0}],"Health":16,"MaxHealth":16},{"InternalID":25,"UnitID":13,"Type":2,"Kind":1,"Location":{"Space":{"X":1,"Y":-2},"Zone":{"X":-1,"Y":0}},"CurrentStamina":12,"CurrentOrder":{"Kind":0,"TargetZone":{"Space":{"X":-1,"Y":-2},"Zone":{"X":0,"Y":0}},"TargetSpace":null,"TargetResource":null,"TargetUnit":null,"TargetBuilding":null},"Builds":[],"GarrisonedIn":null,"Stance":3,"InterruptCurrent":true,"AttackBack":true,"TargetPriority":"","ActiveOrders":[{"ID":57,"Kind":0}],"Health":50,"MaxHealth":50},{"InternalID":26,"UnitID":13,"Type":2,"Kind":1,"Location":{"Space":{"X":1,"Y":-2},"Zone":{"X":-1,"Y":0}},"CurrentStamina":12,"CurrentOrder":{"Kind":0,"TargetZone":{"Space":{"X":-1,"Y":-2},"Zone":{"X":0,"Y":0}},"TargetSpace":null,"TargetResource":null,"TargetUnit":null,"TargetBuilding":null},"Builds":[],"GarrisonedIn":null,"Stance":3,"InterruptCurrent":true,"AttackBack":true,"TargetPriority":"","ActiveOrders":[{"ID":58,"Kind":0}],"Health":50,"MaxHealth":50},{"InternalID":27,"UnitID":13,"Type":2,"Kind":1,"Location":{"Space":{"X":1,"Y":-2},"Zone":{"X":-1,"Y":0}},"CurrentStamina":12,"CurrentOrder":{"Kind":0,"TargetZone":{"Space":{"X":-1,"Y":-2},"Zone":{"X":0,"Y":0}},"TargetSpace":null,"TargetResource":null,"TargetUnit":null,"TargetBuilding":null},"Builds":[],"GarrisonedIn":null,"Stance":3,"InterruptCurrent":true,"AttackBack":true,"TargetPriority":"","ActiveOrders":[{"ID":59,"Kind":0}],"Health":50,"MaxHealth":50},{"InternalID":28,"UnitID":13,"Type":2,"Kind":1,"Location":{"Space":{"X":1,"Y":-2},"Zone":{"X":-1,"Y":0}},"CurrentStamina":12,"CurrentOrder":{"Kind":0,"TargetZone":{"Space":{"X":-1,"Y":-2},"Zone":{"X":0,"Y":0}},"TargetSpace":null,"TargetResource":null,"TargetUnit":null,"TargetBuilding":null},"Builds":[],"GarrisonedIn":null,"Stance":3,"InterruptCurrent":true,"AttackBack":true,"TargetPriority":"","ActiveOrders":[{"ID":60,"Kind":0}],"Health":50,"MaxHealth":50},{"InternalID":29,"UnitID":13,"Type":2,"Kind":1,"Location":{"Space":{"X":1,"Y":-2},"Zone":{"X":-1,"Y":0}},"CurrentStamina":12,"CurrentOrder":{"Kind":0,"TargetZone":{"Space":{"X":-1,"Y":-2},"Zone":{"X":0,"Y":0}},"TargetSpace":null,"TargetResource":null,"TargetUnit":null,"TargetBuilding":null},"Builds":[],"GarrisonedIn":null,"Stance":3,"InterruptCurrent":true,"AttackBack":true,"TargetPriority":"","ActiveOrders":[{"ID":61,"Kind":0}],"Health":50,"MaxHealth":50},{"InternalID":30,"UnitID":13,"Type":2,"Kind":1,"Location":{"Space":{"X":1,"Y":-2},"Zone":{"X":-1,"Y":0}},"CurrentStamina":12,"CurrentOrder":{"Kind":0,"TargetZone":{"Space":{"X":-1,"Y":-2},"Zone":{"X":0,"Y":0}},"TargetSpace":null,"TargetResource":null,"TargetUnit":null,"TargetBuilding":null},"Builds":[],"GarrisonedIn":null,"Stance":3,"InterruptCurrent":true,"AttackBack":true,"TargetPriority":"","ActiveOrders":[{"ID":62,"Kind":0}],"Health":50,"MaxHealth":50}]}
2026/09/30 21:20:37 ai ai-0: submitting orders [{Subjects:[1] OrderType:2 TargetID:990 ClearPreviousOrders:true} {Subjects:[3] OrderType:2 TargetID:465 ClearPreviousOrders:true} {Subjects:[4] OrderType:2 TargetID:990 ClearPreviousOrders:true} {Subjects:[5] OrderType:2 TargetID:2080 ClearPreviousOrders:true} {Subjects:[6] OrderType:2 TargetID:990 ClearPreviousOrders:true} {Subjects:[7] OrderType:2 TargetID:990 ClearPreviousOrders:true} {Subjects:[8] OrderType:2 TargetID:990 ClearPreviousOrders:true} {Subjects:[9] OrderType:2 TargetID:990 ClearPreviousOrders:true} {Subjects:[10] OrderType:2 TargetID:990 ClearPreviousOrders:true} {Subjects:[11] OrderType:2 TargetID:990 ClearPreviousOrders:true} {Subjects:[12] OrderType:2 TargetID:990 ClearPreviousOrders:true} {Subjects:[13] OrderType:2 TargetID:990 ClearPreviousOrders:true} {Subjects:[14] OrderType:2 TargetID:990 ClearPreviousOrders:true} {Subjects:[15] OrderType:2 TargetID:990 ClearPreviousOrders:true} {Subjects:[16] OrderType:2 TargetID:990 ClearPreviousOrders:true}]
2026/09/30 21:20:37 ai ai-0: vars {"B":16,"Hv":6,"Pi":8,"aPowLocal":0,"aThreat":0,"a_engaged":0,"a_odds":1.3,"a_outnumbered":0,"army_target":50,"army_value":3080,"assault":0,"bank_rate":28,"bar_barracks":0.17072129748186085,"bar_redoubt":1.1111111111111112,"barracks":0,"barracks_B":0,"barracks_P":0,"barracks_save":0,"barracks_spend":78.1,"barracks_want":0,"buffer_food":70,"buffer_gold":0,"buffer_stone":0,"buffer_wood":70,"builders":0,"committed":0,"eB":0,"eGrowth":0,"eH":0,"eMil":0,"eP":0,"ePow":0,"ePowEst":0,"ePowSeen":0,"eTech":1,"eV":0,"es":1,"farm_want":0,"farm_wood_short":0,"farming":0,"fire_barracks":0,"fire_farm0":0,"fire_farm1":0,"fire_farm2":0,"fire_house":0,"fire_outpost":0,"fire_redoubt":0,"fire_smith":0,"fire_vc":0,"food_need":0,"food_over":0,"food_rate":0,"food_slots":1000,"food_workers":0,"free_room":20,"go":0,"gold_income":16,"gold_need":0,"gold_rate":0,"gold_surplus":44,"guaranteed":0,"guard_home":0,"headroom":-30,"hire_B":2369.230769230769,"hire_P":3723.0769230769233,"homePow":0,"house_builders":0,"house_urgency":0,"house_want":0,"income_proj":0,"left":0,"lf_food":0,"lf_gold":0,"lf_stone":0,"lf_wood":0,"lump_food":0,"lump_gold":0,"lump_stone":0,"lump_wood":0,"maturity":0,"mil":30,"myTech":1,"n_barracks":0,"n_redoubts":0,"needB":19.99511837930193,"needP":0.00488162069807176,"outpost_want":0,"pikes":0,"planned_food":0,"planned_gold":0,"planned_stone":0,"planned_wood":0,"prod_rate":0,"proj_army":3080,"raid_danger":0,"raid_fails":0,"raid_lost":0,"raid_pause":0,"raid_prev":5,"raid_size":4.8,"raid_wiped":0,"rate":6,"redoubt_H":0,"redoubt_gold_ok":1,"redoubt_save":0,"redoubt_spend":30,"redoubt_want":0,"redoubts":0,"rf_food":0,"rf_gold":0,"rf_stone":0,"rf_wood":0,"sB4":256,"sP4":0.0625,"scale_l":0,"scale_r":0,"shareH":0.2,"smith_want":0,"smiths":0,"spare":0,"spare_food":0.5,"stone_need":0,"stone_rate":0,"tH":26,"target_spend":400,"tech_food":50,"tech_gold":0,"tech_stone":0,"tech_wood":50,"threat_home":0,"turns_left":-300,"u_barracks":0.2868117797695263,"u_redoubt":0.18666666666666668,"unit_spend":120,"vB":4,"vH":1,"vP":0.5,"vc_want":0,"vcs":0,"vil_goal":50,"vil_rate":0,"vil_stamina":8,"vil_want":0,"vil_want_last":0,"vil_worth_now":0.6,"vils":0,"w_food":0,"w_gold":0,"w_stone":0,"w_wood":0,"wild_workers":0,"wood_need":0,"wood_rate":0,"workers":0}
2026/09/30 21:20:37 player action: submit-orders 0 1 map[orders:[{0 [1] 2 990 true} {0 [3] 2 465 true} {0 [4] 2 990 true} {0 [5] 2 2080 true} {0 [6] 2 990 true} {0 [7] 2 990 true} {0 [8] 2 990 true} {0 [9] 2 990 true} {0 [10] 2 990 true} {0 [11] 2 990 true} {0 [12] 2 990 true} {0 [13] 2 990 true} {0 [14] 2 990 true} {0 [15] 2 990 true} {0 [16] 2 990 true}]]
2026/09/30 21:20:37 Executing submit orders for: 0 [{0 [1] 2 990 true} {0 [3] 2 465 true} {0 [4] 2 990 true} {0 [5] 2 2080 true} {0 [6] 2 990 true} {0 [7] 2 990 true} {0 [8] 2 990 true} {0 [9] 2 990 true} {0 [10] 2 990 true} {0 [11] 2 990 true} {0 [12] 2 990 true} {0 [13] 2 990 true} {0 [14] 2 990 true} {0 [15] 2 990 true} {0 [16] 2 990 true}]
2026/09/30 21:20:37 Resolving active orders
2026/09/30 21:20:37 Moving unit 5 Blunt Infantry to zone(-1, 0) in space (0, 2) tick=1
2026/09/30 21:20:37 Moving unit 17 Piercing Infantry to zone(1, 0) in space (-1, -2) tick=1
2026/09/30 21:20:37 Moving unit 21 Piercing Infantry to zone(1, 0) in space (-1, -2) tick=1
2026/09/30 21:20:37 Moving unit 28 Heavy Infantry to zone(1, 0) in space (0, -2) tick=1
2026/09/30 21:20:37 Moving unit 2 Blunt Infantry to zone(0, 0) in space (-1, -1) tick=1
2026/09/30 21:20:37 Moving unit 13 Blunt Infantry to zone(-1, 1) in space (-1, -2) tick=1
2026/09/30 21:20:37 Moving unit 22 Piercing Infantry to zone(1, 0) in space (-1, -2) tick=1
2026/09/30 21:20:37 Moving unit 27 Heavy Infantry to zone(1, 0) in space (0, -2) tick=1
2026/09/30 21:20:37 Moving unit 29 Heavy Infantry to zone(1, 0) in space (0, -2) tick=1
2026/09/30 21:20:37 Moving unit 6 Blunt Infantry to zone(-1, 0) in space (1, -4) tick=1
2026/09/30 21:20:37 Moving unit 9 Blunt Infantry to zone(-1, 1) in space (-1, -2) tick=1
2026/09/30 21:20:37 Moving unit 15 Blunt Infantry to zone(-1, 1) in space (-1, -2) tick=1
2026/09/30 21:20:37 Moving unit 7 Blunt Infantry to zone(-1, 1) in space (-1, -2) tick=1
2026/09/30 21:20:37 Moving unit 10 Blunt Infantry to zone(-1, 1) in space (-1, -2) tick=1
2026/09/30 21:20:37 Moving unit 12 Blunt Infantry to zone(-1, 1) in space (-1, -2) tick=1
2026/09/30 21:20:37 Moving unit 19 Piercing Infantry to zone(1, 0) in space (-1, -2) tick=1
2026/09/30 21:20:37 Moving unit 20 Piercing Infantry to zone(1, 0) in space (-1, -2) tick=1
2026/09/30 21:20:37 Moving unit 23 Piercing Infantry to zone(1, 0) in space (-1, -2) tick=1
2026/09/30 21:20:37 Moving unit 25 Heavy Infantry to zone(1, 0) in space (0, -2) tick=1
2026/09/30 21:20:37 Moving unit 30 Heavy Infantry to zone(1, 0) in space (0, -2) tick=1
2026/09/30 21:20:37 Moving unit 4 Blunt Infantry to zone(-1, 1) in space (0, -3) tick=1
2026/09/30 21:20:37 Moving unit 16 Blunt Infantry to zone(-1, 1) in space (-1, -2) tick=1
2026/09/30 21:20:37 Moving unit 18 Piercing Infantry to zone(1, 0) in space (-1, -2) tick=1
2026/09/30 21:20:37 Moving unit 24 Piercing Infantry to zone(1, 0) in space (-1, -2) tick=1
2026/09/30 21:20:37 Moving unit 26 Heavy Infantry to zone(1, 0) in space (0, -2) tick=1
2026/09/30 21:20:37 Moving unit 14 Blunt Infantry to zone(-1, 1) in space (-1, -2) tick=1
2026/09/30 21:20:37 Moving unit 1 Blunt Infantry to zone(-1, 1) in space (-1, -2) tick=1
2026/09/30 21:20:37 Moving unit 3 Blunt Infantry to zone(-1, 0) in space (-1, 0) tick=1
2026/09/30 21:20:37 Moving unit 8 Blunt Infantry to zone(-1, 1) in space (-1, -2) tick=1
2026/09/30 21:20:37 Moving unit 11 Blunt Infantry to zone(-1, 1) in space (-1, -2) tick=1
2026/09/30 21:20:37 Moving unit 31 Blunt Infantry to zone(1, -1) in space (-3, -1) tick=1
2026/09/30 21:20:37 state_hash turn=4 tick=1 hash=1ecfba5cd203f759
2026/09/30 21:20:37 Moving unit 4 Blunt Infantry to zone(1, -1) in space (-1, -2) tick=2
2026/09/30 21:20:37 Moving unit 16 Blunt Infantry to zone(1, -1) in space (-2, -1) tick=2
2026/09/30 21:20:37 Moving unit 18 Piercing Infantry to zone(0, 0) in space (-1, -2) tick=2
2026/09/30 21:20:37 Moving unit 24 Piercing Infantry to zone(0, 0) in space (-1, -2) tick=2
2026/09/30 21:20:37 Moving unit 26 Heavy Infantry to zone(0, 0) in space (0, -2) tick=2
2026/09/30 21:20:37 Moving unit 14 Blunt Infantry to zone(1, -1) in space (-2, -1) tick=2
2026/09/30 21:20:37 Moving unit 1 Blunt Infantry to zone(1, -1) in space (-2, -1) tick=2
2026/09/30 21:20:37 Moving unit 3 Blunt Infantry to zone(1, 0) in space (-2, 0) tick=2
2026/09/30 21:20:37 Moving unit 8 Blunt Infantry to zone(1, -1) in space (-2, -1) tick=2
2026/09/30 21:20:37 Moving unit 11 Blunt Infantry to zone(1, -1) in space (-2, -1) tick=2
2026/09/30 21:20:37 Moving unit 5 Blunt Infantry to zone(1, 0) in space (-1, 2) tick=2
2026/09/30 21:20:37 Moving unit 17 Piercing Infantry to zone(0, 0) in space (-1, -2) tick=2
2026/09/30 21:20:37 Moving unit 21 Piercing Infantry to zone(0, 0) in space (-1, -2) tick=2
2026/09/30 21:20:37 Moving unit 28 Heavy Infantry to zone(0, 0) in space (0, -2) tick=2
2026/09/30 21:20:37 Moving unit 13 Blunt Infantry to zone(1, -1) in space (-2, -1) tick=2
2026/09/30 21:20:37 Moving unit 22 Piercing Infantry to zone(0, 0) in space (-1, -2) tick=2
2026/09/30 21:20:37 Moving unit 27 Heavy Infantry to zone(0, 0) in space (0, -2) tick=2
2026/09/30 21:20:37 Moving unit 29 Heavy Infantry to zone(0, 0) in space (0, -2) tick=2
2026/09/30 21:20:37 Moving unit 6 Blunt Infantry to zone(1, 0) in space (0, -4) tick=2
2026/09/30 21:20:37 Moving unit 9 Blunt Infantry to zone(1, -1) in space (-2, -1) tick=2
2026/09/30 21:20:37 Moving unit 15 Blunt Infantry to zone(1, -1) in space (-2, -1) tick=2
2026/09/30 21:20:37 Moving unit 7 Blunt Infantry to zone(1, -1) in space (-2, -1) tick=2
2026/09/30 21:20:37 Moving unit 10 Blunt Infantry to zone(1, -1) in space (-2, -1) tick=2
2026/09/30 21:20:37 Moving unit 12 Blunt Infantry to zone(1, -1) in space (-2, -1) tick=2
2026/09/30 21:20:37 Moving unit 19 Piercing Infantry to zone(0, 0) in space (-1, -2) tick=2
2026/09/30 21:20:37 Moving unit 20 Piercing Infantry to zone(0, 0) in space (-1, -2) tick=2
2026/09/30 21:20:37 Moving unit 23 Piercing Infantry to zone(0, 0) in space (-1, -2) tick=2
2026/09/30 21:20:37 Moving unit 25 Heavy Infantry to zone(0, 0) in space (0, -2) tick=2
2026/09/30 21:20:37 Moving unit 30 Heavy Infantry to zone(0, 0) in space (0, -2) tick=2
2026/09/30 21:20:37 Moving unit 31 Blunt Infantry to zone(-1, 1) in space (-2, -2) tick=2
2026/09/30 21:20:37 state_hash turn=4 tick=2 hash=39ee33de20e3e876
2026/09/30 21:20:37 Moving unit 4 Blunt Infantry to zone(0, 0) in space (-1, -2) tick=3
2026/09/30 21:20:37 Moving unit 16 Blunt Infantry to zone(0, 0) in space (-2, -1) tick=3
2026/09/30 21:20:37 Moving unit 14 Blunt Infantry to zone(0, 0) in space (-2, -1) tick=3
2026/09/30 21:20:37 Moving unit 1 Blunt Infantry to zone(0, 0) in space (-2, -1) tick=3
2026/09/30 21:20:37 Moving unit 3 Blunt Infantry to zone(0, 0) in space (-2, 0) tick=3
2026/09/30 21:20:37 Moving unit 8 Blunt Infantry to zone(0, 0) in space (-2, -1) tick=3
2026/09/30 21:20:37 Moving unit 11 Blunt Infantry to zone(0, 0) in space (-2, -1) tick=3
2026/09/30 21:20:37 Moving unit 5 Blunt Infantry to zone(0, 0) in space (-1, 2) tick=3
2026/09/30 21:20:37 Moving unit 13 Blunt Infantry to zone(0, 0) in space (-2, -1) tick=3
2026/09/30 21:20:37 Moving unit 6 Blunt Infantry to zone(0, 0) in space (0, -4) tick=3
2026/09/30 21:20:37 Moving unit 9 Blunt Infantry to zone(0, 0) in space (-2, -1) tick=3
2026/09/30 21:20:37 Moving unit 15 Blunt Infantry to zone(0, 0) in space (-2, -1) tick=3
2026/09/30 21:20:37 Moving unit 7 Blunt Infantry to zone(0, 0) in space (-2, -1) tick=3
2026/09/30 21:20:37 Moving unit 10 Blunt Infantry to zone(0, 0) in space (-2, -1) tick=3
2026/09/30 21:20:37 Moving unit 12 Blunt Infantry to zone(0, 0) in space (-2, -1) tick=3
2026/09/30 21:20:37 Moving unit 31 Blunt Infantry to zone(0, 0) in space (-2, -2) tick=3
2026/09/30 21:20:37 state_hash turn=4 tick=3 hash=d0556b542793bf93
2026/09/30 21:20:37 Moving unit 1 Blunt Infantry to zone(-1, 0) in space (-2, -1) tick=4
2026/09/30 21:20:37 Moving unit 3 Blunt Infantry to zone(-1, 0) in space (-2, 0) tick=4
2026/09/30 21:20:37 Moving unit 8 Blunt Infantry to zone(-1, 0) in space (-2, -1) tick=4
2026/09/30 21:20:37 Moving unit 11 Blunt Infantry to zone(-1, 0) in space (-2, -1) tick=4
2026/09/30 21:20:37 Moving unit 5 Blunt Infantry to zone(-1, 0) in space (-1, 2) tick=4
2026/09/30 21:20:37 Moving unit 13 Blunt Infantry to zone(-1, 0) in space (-2, -1) tick=4
2026/09/30 21:20:37 Moving unit 6 Blunt Infantry to zone(-1, 1) in space (0, -4) tick=4
2026/09/30 21:20:37 Moving unit 9 Blunt Infantry to zone(-1, 0) in space (-2, -1) tick=4
2026/09/30 21:20:37 Moving unit 15 Blunt Infantry to zone(-1, 0) in space (-2, -1) tick=4
2026/09/30 21:20:37 Moving unit 7 Blunt Infantry to zone(-1, 0) in space (-2, -1) tick=4
2026/09/30 21:20:37 Moving unit 10 Blunt Infantry to zone(-1, 0) in space (-2, -1) tick=4
2026/09/30 21:20:37 Moving unit 12 Blunt Infantry to zone(-1, 0) in space (-2, -1) tick=4
2026/09/30 21:20:37 Moving unit 4 Blunt Infantry to zone(-1, 1) in space (-1, -2) tick=4
2026/09/30 21:20:37 Moving unit 16 Blunt Infantry to zone(-1, 0) in space (-2, -1) tick=4
2026/09/30 21:20:37 Moving unit 14 Blunt Infantry to zone(-1, 0) in space (-2, -1) tick=4
2026/09/30 21:20:37 Moving unit 31 Blunt Infantry to zone(1, -1) in space (-2, -2) tick=4
2026/09/30 21:20:37 state_hash turn=4 tick=4 hash=4b803e491ef07d8a
2026/09/30 21:20:37 Moving unit 6 Blunt Infantry to zone(1, -1) in space (-1, -3) tick=5
2026/09/30 21:20:37 Moving unit 9 Blunt Infantry to zone(1, 0) in space (-3, -1) tick=5
2026/09/30 21:20:37 Moving unit 15 Blunt Infantry to zone(1, 0) in space (-3, -1) tick=5
2026/09/30 21:20:37 Moving unit 7 Blunt Infantry to zone(1, 0) in space (-3, -1) tick=5
2026/09/30 21:20:37 Moving unit 10 Blunt Infantry to zone(1, 0) in space (-3, -1) tick=5
2026/09/30 21:20:37 Moving unit 12 Blunt Infantry to zone(1, 0) in space (-3, -1) tick=5
2026/09/30 21:20:37 Moving unit 4 Blunt Infantry to zone(1, -1) in space (-2, -1) tick=5
2026/09/30 21:20:37 Moving unit 16 Blunt Infantry to zone(1, 0) in space (-3, -1) tick=5
2026/09/30 21:20:37 Moving unit 14 Blunt Infantry to zone(1, 0) in space (-3, -1) tick=5
2026/09/30 21:20:37 Moving unit 1 Blunt Infantry to zone(1, 0) in space (-3, -1) tick=5
2026/09/30 21:20:37 Moving unit 3 Blunt Infantry to zone(1, 0) in space (-3, 0) tick=5
2026/09/30 21:20:37 Moving unit 8 Blunt Infantry to zone(1, 0) in space (-3, -1) tick=5
2026/09/30 21:20:37 Moving unit 11 Blunt Infantry to zone(1, 0) in space (-3, -1) tick=5
2026/09/30 21:20:37 Moving unit 5 Blunt Infantry to zone(1, 0) in space (-2, 2) tick=5
2026/09/30 21:20:37 Moving unit 13 Blunt Infantry to zone(1, 0) in space (-3, -1) tick=5
2026/09/30 21:20:37 Moving unit 31 Blunt Infantry to zone(-1, 1) in space (-1, -3) tick=5
2026/09/30 21:20:37 state_hash turn=4 tick=5 hash=fe320c6380424acd
2026/09/30 21:20:37 Moving unit 6 Blunt Infantry to zone(0, 0) in space (-1, -3) tick=6
2026/09/30 21:20:37 Moving unit 9 Blunt Infantry to zone(0, 0) in space (-3, -1) tick=6
2026/09/30 21:20:37 Moving unit 15 Blunt Infantry to zone(0, 0) in space (-3, -1) tick=6
2026/09/30 21:20:37 Moving unit 7 Blunt Infantry to zone(0, 0) in space (-3, -1) tick=6
2026/09/30 21:20:37 Moving unit 10 Blunt Infantry to zone(0, 0) in space (-3, -1) tick=6
2026/09/30 21:20:37 Moving unit 12 Blunt Infantry to zone(0, 0) in space (-3, -1) tick=6
2026/09/30 21:20:37 Moving unit 4 Blunt Infantry to zone(0, 0) in space (-2, -1) tick=6
2026/09/30 21:20:37 Moving unit 16 Blunt Infantry to zone(0, 0) in space (-3, -1) tick=6
2026/09/30 21:20:37 Moving unit 14 Blunt Infantry to zone(0, 0) in space (-3, -1) tick=6
2026/09/30 21:20:37 Moving unit 1 Blunt Infantry to zone(0, 0) in space (-3, -1) tick=6
2026/09/30 21:20:37 Moving unit 3 Blunt Infantry to zone(0, 0) in space (-3, 0) tick=6
2026/09/30 21:20:37 Moving unit 8 Blunt Infantry to zone(0, 0) in space (-3, -1) tick=6
2026/09/30 21:20:37 Moving unit 11 Blunt Infantry to zone(0, 0) in space (-3, -1) tick=6
2026/09/30 21:20:37 Moving unit 5 Blunt Infantry to zone(0, 0) in space (-2, 2) tick=6
2026/09/30 21:20:37 Moving unit 13 Blunt Infantry to zone(0, 0) in space (-3, -1) tick=6
2026/09/30 21:20:37 Moving unit 31 Blunt Infantry to zone(0, 0) in space (-1, -3) tick=6
2026/09/30 21:20:37 state_hash turn=4 tick=6 hash=169d9e56f0b9378e
2026/09/30 21:20:37 Moving unit 4 Blunt Infantry to zone(-1, 0) in space (-2, -1) tick=7
2026/09/30 21:20:37 Moving unit 6 Blunt Infantry to zone(-1, 1) in space (-1, -3) tick=7
2026/09/30 21:20:37 state_hash turn=4 tick=7 hash=a1b7060c18ec05d2
2026/09/30 21:20:37 state_hash turn=4 tick=end hash=4ecda55485053956
2026/09/30 21:20:37 ai ai-1: new turn data {"buildings":[],"enemy_buildings":[],"enemy_units":[{"InternalID":6,"UnitID":11,"Type":2,"Kind":1,"Location":{"Space":{"X":-1,"Y":-3},"Zone":{"X":-1,"Y":1}},"CurrentStamina":20,"CurrentOrder":null,"Builds":[],"GarrisonedIn":null,"Stance":0,"InterruptCurrent":false,"AttackBack":false,"TargetPriority":"","ActiveOrders":null,"Health":11,"MaxHealth":11}],"foundations":[],"population":{"current":30,"limit":0},"resources":{"food":200,"gold":16,"stone":100,"wood":200},"spaces":[{"Space":{"X":0,"Y":-4},"Vision":2,"Owner":-1},{"Space":{"X":1,"Y":-4},"Vision":0,"Owner":-1},{"Space":{"X":2,"Y":-4},"Vision":0,"Owner":-1},{"Space":{"X":3,"Y":-4},"Vision":0,"Owner":-1},{"Space":{"X":4,"Y":-4},"Vision":0,"Owner":-1},{"Space":{"X":-1,"Y":-3},"Vision":3,"Owner":-1},{"Space":{"X":0,"Y":-3},"Vision":2,"Owner":-1},{"Space":{"X":1,"Y":-3},"Vision":0,"Owner":-1},{"Space":{"X":2,"Y":-3},"Vision":0,"Owner":-1},{"Space":{"X":3,"Y":-3},"Vision":0,"Owner":-1},{"Space":{"X":4,"Y":-3},"Vision":0,"Owner":-1},{"Space":{"X":-2,"Y":-2},"Vision":2,"Owner":-1},{"Space":{"X":-1,"Y":-2},"Vision":2,"Owner":0},{"Space":{"X":0,"Y":-2},"Vision":0,"Owner":-1},{"Space":{"X":1,"Y":-2},"Vision":0,"Owner":-1},{"Space":{"X":2,"Y":-2},"Vision":0,"Owner":-1},{"Space":{"X":3,"Y":-2},"Vision":0,"Owner":-1},{"Space":{"X":4,"Y":-2},"Vision":0,"Owner":-1},{"Space":{"X":-3,"Y":-1},"Vision":1,"Owner":0},{"Space":{"X":-2,"Y":-1},"Vision":1,"Owner":0},{"Space":{"X":-1,"Y":-1},"Vision":0,"Owner":-1},{"Space":{"X":0,"Y":-1},"Vision":0,"Owner":-1},{"Space":{"X":1,"Y":-1},"Vision":0,"Owner":-1},{"Space":{"X":2,"Y":-1},"Vision":0,"Owner":-1},{"Space":{"X":3,"Y":-1},"Vision":0,"Owner":-1},{"Space":{"X":4,"Y":-1},"Vision":0,"Owner":-1},{"Space":{"X":-4,"Y":0},"Vision":1,"Owner":-1},{"Space":{"X":-3,"Y":0},"Vision":1,"Owner":0},{"Space":{"X":-2,"Y":0},"Vision":1,"Owner":-1},{"Space":{"X":-1,"Y":0},"Vision":0,"Owner":-1},{"Space":{"X":0,"Y":0},"Vision":0,"Owner":-1},{"Space":{"X":1,"Y":0},"Vision":0,"Owner":-1},{"Space":{"X":2,"Y":0},"Vision":0,"Owner":-1},{"Space":{"X":3,"Y":0},"Vision":0,"Owner":-1},{"Space":{"X":4,"Y":0},"Vision":0,"Owner":-1},{"Space":{"X":-4,"Y":1},"Vision":1,"Owner":-1},{"Space":{"X":-3,"Y":1},"Vision":2,"Owner":-1},{"Space":{"X":-2,"Y":1},"Vision":2,"Owner":-1},{"Space":{"X":-1,"Y":1},"Vision":0,"Owner":-1},{"Space":{"X":0,"Y":1},"Vision":0,"Owner":-1},{"Space":{"X":1,"Y":1},"Vision":0,"Owner":-1},{"Space":{"X":2,"Y":1},"Vision":0,"Owner":-1},{"Space":{"X":3,"Y":1},"Vision":0,"Owner":-1},{"Space":{"X":-4,"Y":2},"Vision":2,"Owner":-1},{"Space":{"X":-3,"Y":2},"Vision":3,"Owner":1},{"Space":{"X":-2,"Y":2},"Vision":2,"Owner":0},{"Space":{"X":-1,"Y":2},"Vision":0,"Owner":-1},{"Space":{"X":0,"Y":2},"Vision":0,"Owner":-1},{"Space":{"X":1,"Y":2},"Vision":0,"Owner":-1},{"Space":{"X":2,"Y":2},"Vision":0,"Owner":-1},{"Space":{"X":-4,"Y":3},"Vision":2,"Owner":-1},{"Space":{"X":-3,"Y":3},"Vision":2,"Owner":-1},{"Space":{"X":-2,"Y":3},"Vision":0,"Owner":-1},{"Space":{"X":-1,"Y":3},"Vision":0,"Owner":-1},{"Space":{"X":0,"Y":3},"Vision":0,"Owner":-1},{"Space":{"X":1,"Y":3},"Vision":0,"Owner":-1},{"Space":{"X":-4,"Y":4},"Vision":0,"Owner":-1},{"Space":{"X":-3,"Y":4},"Vision":0,"Owner":-1},{"Space":{"X":-2,"Y":4},"Vision":0,"Owner":-1},{"Space":{"X":-1,"Y":4},"Vision":0,"Owner":-1},{"Space":{"X":0,"Y":4},"Vision":0,"Owner":-1}],"units":[{"InternalID":31,"UnitID":11,"Type":2,"Kind":1,"Location":{"Space":{"X":-1,"Y":-3},"Zone":{"X":0,"Y":0}},"CurrentStamina":15,"CurrentOrder":{"Kind":4,"TargetZone":null,"TargetSpace":{"X":-1,"Y":-3},"TargetResource":null,"TargetUnit":null,"TargetBuilding":null},"Builds":[],"GarrisonedIn":null,"Stance":3,"InterruptCurrent":false,"AttackBack":true,"TargetPriority":"","ActiveOrders":[{"ID":79,"Kind":4}],"Health":11,"MaxHealth":11},{"InternalID":32,"UnitID":11,"Type":2,"Kind":1,"Location":{"Space":{"X":-3,"Y":2},"Zone":{"X":0,"Y":0}},"CurrentStamina":23,"CurrentOrder":null,"Builds":[],"GarrisonedIn":null,"Stance":3,"InterruptCurrent":false,"AttackBack":true,"TargetPriority":"","ActiveOrders":null,"Health":11,"MaxHealth":11},{"InternalID":33,"UnitID":11,"Type":2,"Kind":1,"Location":{"Space":{"X":-3,"Y":2},"Zone":{"X":0,"Y":0}},"CurrentStamina":23,"CurrentOrder":null,"Builds":[],"GarrisonedIn":null,"Stance":3,"InterruptCurrent":false,"AttackBack":true,"TargetPriority":"","ActiveOrders":null,"Health":11,"MaxHealth":11},{"InternalID":34,"UnitID":11,"Type":2,"Kind":1,"Location":{"Space":{"X":-3,"Y":2},"Zone":{"X":0,"Y":0}},"CurrentStamina":23,"CurrentOrder":null,"Builds":[],"GarrisonedIn":null,"Stance":3,"InterruptCurrent":false,"AttackBack":true,"TargetPriority":"","ActiveOrders":null,"Health":11,"MaxHealth":11},{"InternalID":35,"UnitID":11,"Type":2,"Kind":1,"Location":{"Space":{"X":-3,"Y":2},"Zone":{"X":0,"Y":0}},"CurrentStamina":23,"CurrentOrder":null,"Builds":[],"GarrisonedIn":null,"Stance":3,"InterruptCurrent":false,"AttackBack":true,"TargetPriority":"","ActiveOrders":null,"Health":11,"MaxHealth":11},{"InternalID":36,"UnitID":11,"Type":2,"Kind":1,"Location":{"Space":{"X":-3,"Y":2},"Zone":{"X":0,"Y":0}},"CurrentStamina":23,"CurrentOrder":null,"Builds":[],"GarrisonedIn":null,"Stance":3,"InterruptCurrent":false,"AttackBack":true,"TargetPriority":"","ActiveOrders":null,"Health":11,"MaxHealth":11},{"InternalID":37,"UnitID":11,"Type":2,"Kind":1,"Location":{"Space":{"X":-3,"Y":2},"Zone":{"X":0,"Y":0}},"CurrentStamina":23,"CurrentOrder":null,"Builds":[],"GarrisonedIn":null,"Stance":3,"InterruptCurrent":false,"AttackBack":true,"TargetPriority":"","ActiveOrders":null,"Health":11,"MaxHealth":11},{"InternalID":38,"UnitID":11,"Type":2,"Kind":1,"Location":{"Space":{"X":-3,"Y":2},"Zone":{"X":0,"Y":0}},"CurrentStamina":23,"CurrentOrder":null,"Builds":[],"GarrisonedIn":null,"Stance":3,"InterruptCurrent":false,"AttackBack":true,"TargetPriority":"","ActiveOrders":null,"Health":11,"MaxHealth":11},{"InternalID":39,"UnitID":11,"Type":2,"Kind":1,"Location":{"Space":{"X":-3,"Y":2},"Zone":{"X":0,"Y":0}},"CurrentStamina":23,"CurrentOrder":null,"Builds":[],"GarrisonedIn":null,"Stance":3,"InterruptCurrent":false,"AttackBack":true,"TargetPriority":"","ActiveOrders":null,"Health":11,"MaxHealth":11},{"InternalID":40,"UnitID":11,"Type":2,"Kind":1,"Location":{"Space":{"X":-3,"Y":2},"Zone":{"X":0,"Y":0}},"CurrentStamina":23,"CurrentOrder":null,"Builds":[],"GarrisonedIn":null,"Stance":3,"InterruptCurrent":false,"AttackBack":true,"TargetPriority":"","ActiveOrders":null,"Health":11,"MaxHealth":11},{"InternalID":41,"UnitID":11,"Type":2,"Kind":1,"Location":{"Space":{"X":-3,"Y":2},"Zone":{"X":0,"Y":0}},"CurrentStamina":23,"CurrentOrder":null,"Builds":[],"GarrisonedIn":null,"Stance":3,"InterruptCurrent":false,"AttackBack":true,"TargetPriority":"","ActiveOrders":null,"Health":11,"MaxHealth":11},{"InternalID":42,"UnitID":11,"Type":2,"Kind":1,"Location":{"Space":{"X":-3,"Y":2},"Zone":{"X":0,"Y":0}},"CurrentStamina":23,"CurrentOrder":null,"Builds":[],"GarrisonedIn":null,"Stance":3,"InterruptCurrent":false,"AttackBack":true,"TargetPriority":"","ActiveOrders":null,"Health":11,"MaxHealth":11},{"InternalID":43,"UnitID":11,"Type":2,"Kind":1,"Location":{"Space":{"X":-3,"Y":2},"Zone":{"X":0,"Y":0}},"CurrentStamina":23,"CurrentOrder":null,"Builds":[],"GarrisonedIn":null,"Stance":3,"InterruptCurrent":false,"AttackBack":true,"TargetPriority":"","ActiveOrders":null,"Health":11,"MaxHealth":11},{"InternalID":44,"UnitID":11,"Type":2,"Kind":1,"Location":{"Space":{"X":-3,"Y":2},"Zone":{"X":0,"Y":0}},"CurrentStamina":23,"CurrentOrder":null,"Builds":[],"GarrisonedIn":null,"Stance":3,"InterruptCurrent":false,"AttackBack":true,"TargetPriority":"","ActiveOrders":null,"Health":11,"MaxHealth":11},{"InternalID":45,"UnitID":11,"Type":2,"Kind":1,"Location":{"Space":{"X":-3,"Y":2},"Zone":{"X":0,"Y":0}},"CurrentStamina":23,"CurrentOrder":null,"Builds":[],"GarrisonedIn":null,"Stance":3,"InterruptCurrent":false,"AttackBack":true,"TargetPriority":"","ActiveOrders":null,"Health":11,"MaxHealth":11},{"InternalID":46,"UnitID":11,"Type":2,"Kind":1,"Location":{"Space":{"X":-3,"Y":2},"Zone":{"X":0,"Y":0}},"CurrentStamina":23,"CurrentOrder":null,"Builds":[],"GarrisonedIn":null,"Stance":3,"InterruptCurrent":false,"AttackBack":true,"TargetPriority":"","ActiveOrders":null,"Health":11,"MaxHealth":11},{"InternalID":47,"UnitID":12,"Type":2,"Kind":1,"Location":{"Space":{"X":-3,"Y":2},"Zone":{"X":0,"Y":0}},"CurrentStamina":18,"CurrentOrder":null,"Builds":[],"GarrisonedIn":null,"Stance":3,"InterruptCurrent":false,"AttackBack":true,"TargetPriority":"","ActiveOrders":null,"Health":16,"MaxHealth":16},{"InternalID":48,"UnitID":12,"Type":2,"Kind":1,"Location":{"Space":{"X":-3,"Y":2},"Zone":{"X":0,"Y":0}},"CurrentStamina":18,"CurrentOrder":null,"Builds":[],"GarrisonedIn":null,"Stance":3,"InterruptCurrent":false,"AttackBack":true,"TargetPriority":"","ActiveOrders":null,"Health":16,"MaxHealth":16},{"InternalID":49,"UnitID":12,"Type":2,"Kind":1,"Location":{"Space":{"X":-3,"Y":2},"Zone":{"X":0,"Y":0}},"CurrentStamina":18,"CurrentOrder":null,"Builds":[],"GarrisonedIn":null,"Stance":3,"InterruptCurrent":false,"AttackBack":true,"TargetPriority":"","ActiveOrders":null,"Health":16,"MaxHealth":16},{"InternalID":50,"UnitID":12,"Type":2,"Kind":1,"Location":{"Space":{"X":-3,"Y":2},"Zone":{"X":0,"Y":0}},"CurrentStamina":18,"CurrentOrder":null,"Builds":[],"GarrisonedIn":null,"Stance":3,"InterruptCurrent":false,"AttackBack":true,"TargetPriority":"","ActiveOrders":null,"Health":16,"MaxHealth":16},{"InternalID":51,"UnitID":12,"Type":2,"Kind":1,"Location":{"Space":{"X":-3,"Y":2},"Zone":{"X":0,"Y":0}},"CurrentStamina":18,"CurrentOrder":null,"Builds":[],"GarrisonedIn":null,"Stance":3,"InterruptCurrent":false,"AttackBack":true,"TargetPriority":"","ActiveOrders":null,"Health":16,"MaxHealth":16},{"InternalID":52,"UnitID":12,"Type":2,"Kind":1,"Location":{"Space":{"X":-3,"Y":2},"Zone":{"X":0,"Y":0}},"CurrentStamina":18,"CurrentOrder":null,"Builds":[],"GarrisonedIn":null,"Stance":3,"InterruptCurrent":false,"AttackBack":true,"TargetPriority":"","ActiveOrders":null,"Health":16,"MaxHealth":16},{"InternalID":53,"UnitID":12,"Type":2,"Kind":1,"Location":{"Space":{"X":-3,"Y":2},"Zone":{"X":0,"Y":0}},"CurrentStamina":18,"CurrentOrder":null,"Builds":[],"GarrisonedIn":null,"Stance":3,"InterruptCurrent":false,"AttackBack":true,"TargetPriority":"","ActiveOrders":null,"Health":16,"MaxHealth":16},{"InternalID":54,"UnitID":12,"Type":2,"Kind":1,"Location":{"Space":{"X":-3,"Y":2},"Zone":{"X":0,"Y":0}},"CurrentStamina":18,"CurrentOrder":null,"Builds":[],"GarrisonedIn":null,"Stance":3,"InterruptCurrent":false,"AttackBack":true,"TargetPriority":"","ActiveOrders":null,"Health":16,"MaxHealth":16},{"InternalID":55,"UnitID":13,"Type":2,"Kind":1,"Location":{"Space":{"X":-3,"Y":2},"Zone":{"X":0,"Y":0}},"CurrentStamina":12,"CurrentOrder":null,"Builds":[],"GarrisonedIn":null,"Stance":3,"InterruptCurrent":false,"AttackBack":true,"TargetPriority":"","ActiveOrders":null,"Health":50,"MaxHealth":50},{"InternalID":56,"UnitID":13,"Type":2,"Kind":1,"Location":{"Space":{"X":-3,"Y":2},"Zone":{"X":0,"Y":0}},"CurrentStamina":12,"CurrentOrder":null,"Builds":[],"GarrisonedIn":null,"Stance":3,"InterruptCurrent":false,"AttackBack":true,"TargetPriority":"","ActiveOrders":null,"Health":50,"MaxHealth":50},{"InternalID":57,"UnitID":13,"Type":2,"Kind":1,"Location":{"Space":{"X":-3,"Y":2},"Zone":{"X":0,"Y":0}},"CurrentStamina":12,"CurrentOrder":null,"Builds":[],"GarrisonedIn":null,"Stance":3,"InterruptCurrent":false,"AttackBack":true,"TargetPriority":"","ActiveOrders":null,"Health":50,"MaxHealth":50},{"InternalID":58,"UnitID":13,"Type":2,"Kind":1,"Location":{"Space":{"X":-3,"Y":2},"Zone":{"X":0,"Y":0}},"CurrentStamina":12,"CurrentOrder":null,"Builds":[],"GarrisonedIn":null,"Stance":3,"InterruptCurrent":false,"AttackBack":true,"TargetPriority":"","ActiveOrders":null,"Health":50,"MaxHealth":50},{"InternalID":59,"UnitID":13,"Type":2,"Kind":1,"Location":{"Space":{"X":-3,"Y":2},"Zone":{"X":0,"Y":0}},"CurrentStamina":12,"CurrentOrder":null,"Builds":[],"GarrisonedIn":null,"Stance":3,"InterruptCurrent":false,"AttackBack":true,"TargetPriority":"","ActiveOrders":null,"Health":50,"MaxHealth":50},{"InternalID":60,"UnitID":13,"Type":2,"Kind":1,"Location":{"Space":{"X":-3,"Y":2},"Zone":{"X":0,"Y":0}},"CurrentStamina":12,"CurrentOrder":null,"Builds":[],"GarrisonedIn":null,"Stance":3,"InterruptCurrent":false,"AttackBack":true,"TargetPriority":"","ActiveOrders":null,"Health":50,"MaxHealth":50}]}
2026/09/30 21:20:37 ai ai-1: submitting orders []
2026/09/30 21:20:37 ai ai-1: vars {}
2026/09/30 21:20:37 player action: submit-orders 0 2 map[orders:[]]
2026/09/30 21:20:37 Executing submit orders for: 1 []
2026/09/30 21:20:37 ai ai-0: new turn data {"buildings":[],"enemy_buildings":[],"enemy_units":[{"InternalID":31,"UnitID":11,"Type":2,"Kind":1,"Location":{"Space":{"X":-1,"Y":-3},"Zone":{"X":0,"Y":0}},"CurrentStamina":15,"CurrentOrder":null,"Builds":[],"GarrisonedIn":null,"Stance":0,"InterruptCurrent":false,"AttackBack":false,"TargetPriority":"","ActiveOrders":null,"Health":11,"MaxHealth":11}],"foundations":[],"population":{"current":30,"limit":0},"resources":{"food":200,"gold":58,"stone":100,"wood":200},"spaces":[{"Space":{"X":0,"Y":-4},"Vision":2,"Owner":-1},{"Space":{"X":1,"Y":-4},"Vision":1,"Owner":-1},{"Space":{"X":2,"Y":-4},"Vision":1,"Owner":-1},{"Space":{"X":3,"Y":-4},"Vision":1,"Owner":-1},{"Space":{"X":4,"Y":-4},"Vision":1,"Owner":-1},{"Space":{"X":-1,"Y":-3},"Vision":3,"Owner":-1},{"Space":{"X":0,"Y":-3},"Vision":2,"Owner":-1},{"Space":{"X":1,"Y":-3},"Vision":2,"Owner":-1},{"Space":{"X":2,"Y":-3},"Vision":1,"Owner":-1},{"Space":{"X":3,"Y":-3},"Vision":1,"Owner":-1},{"Space":{"X":4,"Y":-3},"Vision":1,"Owner":-1},{"Space":{"X":-2,"Y":-2},"Vision":3,"Owner":-1},{"Space":{"X":-1,"Y":-2},"Vision":3,"Owner":0},{"Space":{"X":0,"Y":-2},"Vision":3,"Owner":0},{"Space":{"X":1,"Y":-2},"Vision":2,"Owner":-1},{"Space":{"X":2,"Y":-2},"Vision":1,"Owner":-1},{"Space":{"X":3,"Y":-2},"Vision":1,"Owner":-1},{"Space":{"X":4,"Y":-2},"Vision":1,"Owner":-1},{"Space":{"X":-3,"Y":-1},"Vision":3,"Owner":0},{"Space":{"X":-2,"Y":-1},"Vision":3,"Owner":0},{"Space":{"X":-1,"Y":-1},"Vision":3,"Owner":0},{"Space":{"X":0,"Y":-1},"Vision":2,"Owner":-1},{"Space":{"X":1,"Y":-1},"Vision":1,"Owner":-1},{"Space":{"X":2,"Y":-1},"Vision":1,"Owner":-1},{"Space":{"X":3,"Y":-1},"Vision":1,"Owner":-1},{"Space":{"X":4,"Y":-1},"Vision":1,"Owner":-1},{"Space":{"X":-4,"Y":0},"Vision":2,"Owner":-1},{"Space":{"X":-3,"Y":0},"Vision":3,"Owner":0},{"Space":{"X":-2,"Y":0},"Vision":2,"Owner":-1},{"Space":{"X":-1,"Y":0},"Vision":2,"Owner":-1},{"Space":{"X":0,"Y":0},"Vision":1,"Owner":-1},{"Space":{"X":1,"Y":0},"Vision":1,"Owner":-1},{"Space":{"X":2,"Y":0},"Vision":1,"Owner":-1},{"Space":{"X":3,"Y":0},"Vision":1,"Owner":-1},{"Space":{"X":4,"Y":0},"Vision":0,"Owner":-1},{"Space":{"X":-4,"Y":1},"Vision":2,"Owner":-1},{"Space":{"X":-3,"Y":1},"Vision":2,"Owner":-1},{"Space":{"X":-2,"Y":1},"Vision":2,"Owner":-1},{"Space":{"X":-1,"Y":1},"Vision":2,"Owner":-1},{"Space":{"X":0,"Y":1},"Vision":1,"Owner":-1},{"Space":{"X":1,"Y":1},"Vision":1,"Owner":-1},{"Space":{"X":2,"Y":1},"Vision":1,"Owner":-1},{"Space":{"X":3,"Y":1},"Vision":0,"Owner":-1},{"Space":{"X":-4,"Y":2},"Vision":0,"Owner":-1},{"Space":{"X":-3,"Y":2},"Vision":2,"Owner":1},{"Space":{"X":-2,"Y":2},"Vision":3,"Owner":0},{"Space":{"X":-1,"Y":2},"Vision":2,"Owner":-1},{"Space":{"X":0,"Y":2},"Vision":1,"Owner":-1},{"Space":{"X":1,"Y":2},"Vision":1,"Owner":-1},{"Space":{"X":2,"Y":2},"Vision":0,"Owner":-1},{"Space":{"X":-4,"Y":3},"Vision":0,"Owner":-1},{"Space":{"X":-3,"Y":3},"Vision":2,"Owner":-1},{"Space":{"X":-2,"Y":3},"Vision":2,"Owner":-1},{"Space":{"X":-1,"Y":3},"Vision":1,"Owner":-1},{"Space":{"X":0,"Y":3},"Vision":1,"Owner":-1},{"Space":{"X":1,"Y":3},"Vision":0,"Owner":-1},{"Space":{"X":-4,"Y":4},"Vision":0,"Owner":-1},{"Space":{"X":-3,"Y":4},"Vision":0,"Owner":-1},{"Space":{"X":-2,"Y":4},"Vision":0,"Owner":-1},{"Space":{"X":-1,"Y":4},"Vision":0,"Owner":-1},{"Space":{"X":0,"Y":4},"Vision":0,"Owner":-1}],"units":[{"InternalID":1,"UnitID":11,"Type":2,"Kind":1,"Location":{"Space":{"X":-3,"Y":-1},"Zone":{"X":0,"Y":0}},"CurrentStamina":16,"CurrentOrder":null,"Builds":[],"GarrisonedIn":null,"Stance":3,"InterruptCurrent":true,"AttackBack":true,"TargetPriority":"","ActiveOrders":null,"Health":11,"MaxHealth":11},{"InternalID":2,"UnitID":11,"Type":2,"Kind":1,"Location":{"Space":{"X":-1,"Y":-1},"Zone":{"X":0,"Y":0}},"CurrentStamina":23,"CurrentOrder":null,"Builds":[],"GarrisonedIn":null,"Stance":3,"InterruptCurrent":true,"AttackBack":true,"TargetPriority":"","ActiveOrders":null,"Health":11,"MaxHealth":11},{"InternalID":3,"UnitID":11,"Type":2,"Kind":1,"Location":{"Space":{"X":-3,"Y":0},"Zone":{"X":0,"Y":0}},"CurrentStamina":17,"CurrentOrder":null,"Builds":[],"GarrisonedIn":null,"Stance":3,"InterruptCurrent":true,"AttackBack":true,"TargetPriority":"","ActiveOrders":null,"Health":11,"MaxHealth":11},{"InternalID":4,"UnitID":11,"Type":2,"Kind":1,"Location":{"Space":{"X":-2,"Y":-1},"Zone":{"X":-1,"Y":0}},"CurrentStamina":15,"CurrentOrder":{"Kind":0,"TargetZone":{"Space":{"X":-3,"Y":-1},"Zone":{"X":0,"Y":0}},"TargetSpace":null,"TargetResource":null,"TargetUnit":null,"TargetBuilding":null},"Builds":[],"GarrisonedIn":null,"Stance":3,"InterruptCurrent":true,"AttackBack":true,"TargetPriority":"","ActiveOrders":[{"ID":66,"Kind":0}],"Health":11,"MaxHealth":11},{"InternalID":5,"UnitID":11,"Type":2,"Kind":1,"Location":{"Space":{"X":-2,"Y":2},"Zone":{"X":0,"Y":0}},"CurrentStamina":16,"CurrentOrder":null,"Builds":[],"GarrisonedIn":null,"Stance":3,"InterruptCurrent":true,"AttackBack":true,"TargetPriority":"","ActiveOrders":null,"Health":11,"MaxHealth":11},{"InternalID":6,"UnitID":11,"Type":2,"Kind":1,"Location":{"Space":{"X":-1,"Y":-3},"Zone":{"X":-1,"Y":1}},"CurrentStamina":20,"CurrentOrder":{"Kind":0,"TargetZone":{"Space":{"X":-3,"Y":-1},"Zone":{"X":0,"Y":0}},"TargetSpace":null,"TargetResource":null,"TargetUnit":null,"TargetBuilding":null},"Builds":[],"GarrisonedIn":null,"Stance":3,"InterruptCurrent":false,"AttackBack":true,"TargetPriority":"","ActiveOrders":[{"ID":68,"Kind":0}],"Health":11,"MaxHealth":11},{"InternalID":7,"UnitID":11,"Type":2,"Kind":1,"Location":{"Space":{"X":-3,"Y":-1},"Zone":{"X":0,"Y":0}},"CurrentStamina":16,"CurrentOrder":null,"Builds":[],"GarrisonedIn":null,"Stance":3,"InterruptCurrent":true,"AttackBack":true,"TargetPriority":"","ActiveOrders":null,"Health":11,"MaxHealth":11},{"InternalID":8,"UnitID":11,"Type":2,"Kind":1,"Location":{"Space":{"X":-3,"Y":-1},"Zone":{"X":0,"Y":0}},"CurrentStamina":16,"CurrentOrder":null,"Builds":[],"GarrisonedIn":null,"Stance":3,"InterruptCurrent":true,"AttackBack":true,"TargetPriority":"","ActiveOrders":null,"Health":11,"MaxHealth":11},{"InternalID":9,"UnitID":11,"Type":2,"Kind":1,"Location":{"Space":{"X":-3,"Y":-1},"Zone":{"X":0,"Y":0}},"CurrentStamina":16,"CurrentOrder":null,"Builds":[],"GarrisonedIn":null,"Stance":3,"InterruptCurrent":true,"AttackBack":true,"TargetPriority":"","ActiveOrders":null,"Health":11,"MaxHealth":11},{"InternalID":10,"UnitID":11,"Type":2,"Kind":1,"Location":{"Space":{"X":-3,"Y":-1},"Zone":{"X":0,"Y":0}},"CurrentStamina":16,"CurrentOrder":null,"Builds":[],"GarrisonedIn":null,"Stance":3,"InterruptCurrent":true,"AttackBack":true,"TargetPriority":"","ActiveOrders":null,"Health":11,"MaxHealth":11},{"InternalID":11,"UnitID":11,"Type":2,"Kind":1,"Location":{"Space":{"X":-3,"Y":-1},"Zone":{"X":0,"Y":0}},"CurrentStamina":16,"CurrentOrder":null,"Builds":[],"GarrisonedIn":null,"Stance":3,"InterruptCurrent":true,"AttackBack":true,"TargetPriority":"","ActiveOrders":null,"Health":11,"MaxHealth":11},{"InternalID":12,"UnitID":11,"Type":2,"Kind":1,"Location":{"Space":{"X":-3,"Y":-1},"Zone":{"X":0,"Y":0}},"CurrentStamina":16,"CurrentOrder":null,"Builds":[],"GarrisonedIn":null,"Stance":3,"InterruptCurrent":true,"AttackBack":true,"TargetPriority":"","ActiveOrders":null,"Health":11,"MaxHealth":11},{"InternalID":13,"UnitID":11,"Type":2,"Kind":1,"Location":{"Space":{"X":-3,"Y":-1},"Zone":{"X":0,"Y":0}},"CurrentStamina":16,"CurrentOrder":null,"Builds":[],"GarrisonedIn":null,"Stance":3,"InterruptCurrent":true,"AttackBack":true,"TargetPriority":"","ActiveOrders":null,"Health":11,"MaxHealth":11},{"InternalID":14,"UnitID":11,"Type":2,"Kind":1,"Location":{"Space":{"X":-3,"Y":-1},"Zone":{"X":0,"Y":0}},"CurrentStamina":16,"CurrentOrder":null,"Builds":[],"GarrisonedIn":null,"Stance":3,"InterruptCurrent":true,"AttackBack":true,"TargetPriority":"","ActiveOrders":null,"Health":11,"MaxHealth":11},{"InternalID":15,"UnitID":11,"Type":2,"Kind":1,"Location":{"Space":{"X":-3,"Y":-1},"Zone":{"X":0,"Y":0}},"CurrentStamina":16,"CurrentOrder":null,"Builds":[],"GarrisonedIn":null,"Stance":3,"InterruptCurrent":true,"AttackBack":true,"TargetPriority":"","ActiveOrders":null,"Health":11,"MaxHealth":11},{"InternalID":16,"UnitID":11,"Type":2,"Kind":1,"Location":{"Space":{"X":-3,"Y":-1},"Zone":{"X":0,"Y":0}},"CurrentStamina":16,"CurrentOrder":null,"Builds":[],"GarrisonedIn":null,"Stance":3,"InterruptCurrent":true,"AttackBack":true,"TargetPriority":"","ActiveOrders":null,"Health":11,"MaxHealth":11},{"InternalID":17,"UnitID":12,"Type":2,"Kind":1,"Location":{"Space":{"X":-1,"Y":-2},"Zone":{"X":0,"Y":0}},"CurrentStamina":18,"CurrentOrder":null,"Builds":[],"GarrisonedIn":null,"Stance":3,"InterruptCurrent":true,"AttackBack":true,"TargetPriority":"","ActiveOrders":null,"Health":16,"MaxHealth":16},{"InternalID":18,"UnitID":12,"Type":2,"Kind":1,"Location":{"Space":{"X":-1,"Y":-2},"Zone":{"X":0,"Y":0}},"CurrentStamina":18,"CurrentOrder":null,"Builds":[],"GarrisonedIn":null,"Stance":3,"InterruptCurrent":true,"AttackBack":true,"TargetPriority":"","ActiveOrders":null,"Health":16,"MaxHealth":16},{"InternalID":19,"UnitID":12,"Type":2,"Kind":1,"Location":{"Space":{"X":-1,"Y":-2},"Zone":{"X":0,"Y":0}},"CurrentStamina":18,"CurrentOrder":null,"Builds":[],"GarrisonedIn":null,"Stance":3,"InterruptCurrent":true,"AttackBack":true,"TargetPriority":"","ActiveOrders":null,"Health":16,"MaxHealth":16},{"InternalID":20,"UnitID":12,"Type":2,"Kind":1,"Location":{"Space":{"X":-1,"Y":-2},"Zone":{"X":0,"Y":0}},"CurrentStamina":18,"CurrentOrder":null,"Builds":[],"GarrisonedIn":null,"Stance":3,"InterruptCurrent":true,"AttackBack":true,"TargetPriority":"","ActiveOrders":null,"Health":16,"MaxHealth":16},{"InternalID":21,"UnitID":12,"Type":2,"Kind":1,"Location":{"Space":{"X":-1,"Y":-2},"Zone":{"X":0,"Y":0}},"CurrentStamina":18,"CurrentOrder":null,"Builds":[],"GarrisonedIn":null,"Stance":3,"InterruptCurrent":true,"AttackBack":true,"TargetPriority":"","ActiveOrders":null,"Health":16,"MaxHealth":16},{"InternalID":22,"UnitID":12,"Type":2,"Kind":1,"Location":{"Space":{"X":-1,"Y":-2},"Zone":{"X":0,"Y":0}},"CurrentStamina":18,"CurrentOrder":null,"Builds":[],"GarrisonedIn":null,"Stance":3,"InterruptCurrent":true,"AttackBack":true,"TargetPriority":"","ActiveOrders":null,"Health":16,"MaxHealth":16},{"InternalID":23,"UnitID":12,"Type":2,"Kind":1,"Location":{"Space":{"X":-1,"Y":-2},"Zone":{"X":0,"Y":0}},"CurrentStamina":18,"CurrentOrder":null,"Builds":[],"GarrisonedIn":null,"Stance":3,"InterruptCurrent":true,"AttackBack":true,"TargetPriority":"","ActiveOrders":null,"Health":16,"MaxHealth":16},{"InternalID":24,"UnitID":12,"Type":2,"Kind":1,"Location":{"Space":{"X":-1,"Y":-2},"Zone":{"X":0,"Y":0}},"CurrentStamina":18,"CurrentOrder":null,"Builds":[],"GarrisonedIn":null,"Stance":3,"InterruptCurrent":true,"AttackBack":true,"TargetPriority":"","ActiveOrders":null,"Health":16,"MaxHealth":16},{"InternalID":25,"UnitID":13,"Type":2,"Kind":1,"Location":{"Space":{"X":0,"Y":-2},"Zone":{"X":0,"Y":0}},"CurrentStamina":9,"CurrentOrder":{"Kind":0,"TargetZone":{"Space":{"X":-1,"Y":-2},"Zone":{"X":0,"Y":0}},"TargetSpace":null,"TargetResource":null,"TargetUnit":null,"TargetBuilding":null},"Builds":[],"GarrisonedIn":null,"Stance":3,"InterruptCurrent":true,"AttackBack":true,"TargetPriority":"","ActiveOrders":[{"ID":57,"Kind":0}],"Health":50,"MaxHealth":50},{"InternalID":26,"UnitID":13,"Type":2,"Kind":1,"Location":{"Space":{"X":0,"Y":-2},"Zone":{"X":0,"Y":0}},"CurrentStamina":9,"CurrentOrder":{"Kind":0,"TargetZone":{"Space":{"X":-1,"Y":-2},"Zone":{"X":0,"Y":0}},"TargetSpace":null,"TargetResource":null,"TargetUnit":null,"TargetBuilding":null},"Builds":[],"GarrisonedIn":null,"Stance":3,"InterruptCurrent":true,"AttackBack":true,"TargetPriority":"","ActiveOrders":[{"ID":58,"Kind":0}],"Health":50,"MaxHealth":50},{"InternalID":27,"UnitID":13,"Type":2,"Kind":1,"Location":{"Space":{"X":0,"Y":-2},"Zone":{"X":0,"Y":0}},"CurrentStamina":9,"CurrentOrder":{"Kind":0,"TargetZone":{"Space":{"X":-1,"Y":-2},"Zone":{"X":0,"Y":0}},"TargetSpace":null,"TargetResource":null,"TargetUnit":null,"TargetBuilding":null},"Builds":[],"GarrisonedIn":null,"Stance":3,"InterruptCurrent":true,"AttackBack":true,"TargetPriority":"","ActiveOrders":[{"ID":59,"Kind":0}],"Health":50,"MaxHealth":50},{"InternalID":28,"UnitID":13,"Type":2,"Kind":1,"Location":{"Space":{"X":0,"Y":-2},"Zone":{"X":0,"Y":0}},"CurrentStamina":9,"CurrentOrder":{"Kind":0,"TargetZone":{"Space":{"X":-1,"Y":-2},"Zone":{"X":0,"Y":0}},"TargetSpace":null,"TargetResource":null,"TargetUnit":null,"TargetBuilding":null},"Builds":[],"GarrisonedIn":null,"Stance":3,"InterruptCurrent":true,"AttackBack":true,"TargetPriority":"","ActiveOrders":[{"ID":60,"Kind":0}],"Health":50,"MaxHealth":50},{"InternalID":29,"UnitID":13,"Type":2,"Kind":1,"Location":{"Space":{"X":0,"Y":-2},"Zone":{"X":0,"Y":0}},"CurrentStamina":9,"CurrentOrder":{"Kind":0,"TargetZone":{"Space":{"X":-1,"Y":-2},"Zone":{"X":0,"Y":0}},"TargetSpace":null,"TargetResource":null,"TargetUnit":null,"TargetBuilding":null},"Builds":[],"GarrisonedIn":null,"Stance":3,"InterruptCurrent":true,"AttackBack":true,"TargetPriority":"","ActiveOrders":[{"ID":61,"Kind":0}],"Health":50,"MaxHealth":50},{"InternalID":30,"UnitID":13,"Type":2,"Kind":1,"Location":{"Space":{"X":0,"Y":-2},"Zone":{"X":0,"Y":0}},"CurrentStamina":9,"CurrentOrder":{"Kind":0,"TargetZone":{"Space":{"X":-1,"Y":-2},"Zone":{"X":0,"Y":0}},"TargetSpace":null,"TargetResource":null,"TargetUnit":null,"TargetBuilding":null},"Builds":[],"GarrisonedIn":null,"Stance":3,"InterruptCurrent":true,"AttackBack":true,"TargetPriority":"","ActiveOrders":[{"ID":62,"Kind":0}],"Health":50,"MaxHealth":50}]}
2026/09/30 21:20:37 ai ai-0: submitting orders [{Subjects:[1] OrderType:2 TargetID:9870 ClearPreviousOrders:true} {Subjects:[2] OrderType:2 TargetID:9870 ClearPreviousOrders:true} {Subjects:[3] OrderType:2 TargetID:9870 ClearPreviousOrders:true} {Subjects:[5] OrderType:2 TargetID:990 ClearPreviousOrders:true} {Subjects:[7] OrderType:2 TargetID:9870 ClearPreviousOrders:true} {Subjects:[8] OrderType:2 TargetID:9870 ClearPreviousOrders:true} {Subjects:[9] OrderType:2 TargetID:9870 ClearPreviousOrders:true} {Subjects:[10] OrderType:2 TargetID:9870 ClearPreviousOrders:true} {Subjects:[11] OrderType:2 TargetID:9870 ClearPreviousOrders:true} {Subjects:[12] OrderType:2 TargetID:9870 ClearPreviousOrders:true} {Subjects:[13] OrderType:2 TargetID:9870 ClearPreviousOrders:true} {Subjects:[14] OrderType:2 TargetID:9870 ClearPreviousOrders:true} {Subjects:[15] OrderType:2 TargetID:9870 ClearPreviousOrders:true} {Subjects:[16] OrderType:2 TargetID:9870 ClearPreviousOrders:true} {Subjects:[17] OrderType:2 TargetID:9870 ClearPreviousOrders:true} {Subjects:[18] OrderType:2 TargetID:9870 ClearPreviousOrders:true} {Subjects:[19] OrderType:2 TargetID:9870 ClearPreviousOrders:true} {Subjects:[20] OrderType:2 TargetID:9870 ClearPreviousOrders:true} {Subjects:[21] OrderType:2 TargetID:9870 ClearPreviousOrders:true} {Subjects:[22] OrderType:2 TargetID:9870 ClearPreviousOrders:true} {Subjects:[23] OrderType:2 TargetID:9870 ClearPreviousOrders:true} {Subjects:[24] OrderType:2 TargetID:9870 ClearPreviousOrders:true} {Subjects:[1] OrderType:9 TargetID:31 ClearPreviousOrders:true} {Subjects:[2] OrderType:9 TargetID:31 ClearPreviousOrders:true} {Subjects:[3] OrderType:9 TargetID:31 ClearPreviousOrders:true} {Subjects:[4] OrderType:9 TargetID:31 ClearPreviousOrders:true} {Subjects:[5] OrderType:2 TargetID:351 ClearPreviousOrders:true} {Subjects:[6] OrderType:9 TargetID:31 ClearPreviousOrders:true} {Subjects:[7] OrderType:9 TargetID:31 ClearPreviousOrders:true} {Subjects:[8] OrderType:9 TargetID:31 ClearPreviousOrders:true} {Subjects:[9] OrderType:9 TargetID:31 ClearPreviousOrders:true} {Subjects:[10] OrderType:9 TargetID:31 ClearPreviousOrders:true} {Subjects:[11] OrderType:9 TargetID:31 ClearPreviousOrders:true} {Subjects:[12] OrderType:9 TargetID:31 ClearPreviousOrders:true} {Subjects:[13] OrderType:9 TargetID:31 ClearPreviousOrders:true} {Subjects:[14] OrderType:9 TargetID:31 ClearPreviousOrders:true} {Subjects:[15] OrderType:9 TargetID:31 ClearPreviousOrders:true} {Subjects:[16] OrderType:9 TargetID:31 ClearPreviousOrders:true} {Subjects:[17] OrderType:9 TargetID:31 ClearPreviousOrders:true} {Subjects:[18] OrderType:9 TargetID:31 ClearPreviousOrders:true} {Subjects:[19] OrderType:9 TargetID:31 ClearPreviousOrders:true} {Subjects:[20] OrderType:9 TargetID:31 ClearPreviousOrders:true} {Subjects:[21] OrderType:9 TargetID:31 ClearPreviousOrders:true} {Subjects:[22] OrderType:9 TargetID:31 ClearPreviousOrders:true} {Subjects:[23] OrderType:9 TargetID:31 ClearPreviousOrders:true} {Subjects:[24] OrderType:9 TargetID:31 ClearPreviousOrders:true} {Subjects:[25] OrderType:9 TargetID:31 ClearPreviousOrders:true} {Subjects:[26] OrderType:9 TargetID:31 ClearPreviousOrders:true} {Subjects:[27] OrderType:9 TargetID:31 ClearPreviousOrders:true} {Subjects:[28] OrderType:9 TargetID:31 ClearPreviousOrders:true} {Subjects:[29] OrderType:9 TargetID:31 ClearPreviousOrders:true} {Subjects:[30] OrderType:9 TargetID:31 ClearPreviousOrders:true} {Subjects:[6] OrderType:9 TargetID:31 ClearPreviousOrders:true}]
2026/09/30 21:20:37 ai ai-0: vars {"B":16,"Hv":6,"Pi":8,"aPowLocal":0,"aThreat":0,"a_engaged":0,"a_odds":1.3,"a_outnumbered":0,"army_target":50,"army_value":3080,"assault":0,"bank_rate":28,"bar_barracks":0.17072129748186085,"bar_redoubt":1.1111111111111112,"barracks":0,"barracks_B":0,"barracks_P":0,"barracks_save":0,"barracks_spend":78.1,"barracks_want":0,"buffer_food":70,"buffer_gold":0,"buffer_stone":0,"buffer_wood":70,"builders":0,"committed":0,"eB":1,"eGrowth":0,"eH":0,"eMil":1,"eP":0,"ePow":1,"ePowEst":1,"ePowSeen":1,"eTech":1,"eV":0,"es":2,"farm_want":0,"farm_wood_short":0,"farming":0,"fire_barracks":0,"fire_farm0":0,"fire_farm1":0,"fire_farm2":0,"fire_house":0,"fire_outpost":0,"fire_redoubt":0,"fire_smith":0,"fire_vc":0,"food_need":0,"food_over":0,"food_rate":0,"food_slots":1000,"food_workers":0,"free_room":20,"go":0,"gold_income":14,"gold_need":0,"gold_rate":0,"gold_surplus":58,"guaranteed":0,"guard_home":0,"headroom":-30,"hire_B":3123.076923076923,"hire_P":4907.692307692308,"homePow":0,"house_builders":0,"house_urgency":0,"house_want":0,"income_proj":0,"left":0,"lf_food":0,"lf_gold":0,"lf_stone":0,"lf_wood":0,"lump_food":0,"lump_gold":0,"lump_stone":0,"lump_wood":0,"maturity":0,"mil":30,"myTech":1,"n_barracks":0,"n_redoubts":0,"needB":19.92217898832685,"needP":0.07782101167315175,"outpost_want":0,"pikes":0,"planned_food":0,"planned_gold":0,"planned_stone":0,"planned_wood":0,"prod_rate":0,"proj_army":3080,"raid_danger":1,"raid_fails":0,"raid_lost":0,"raid_pause":0,"raid_prev":5,"raid_size":4.8,"raid_wiped":0,"rate":6,"redoubt_H":0,"redoubt_gold_ok":1,"redoubt_save":0,"redoubt_spend":30,"redoubt_want":0,"redoubts":0,"rf_food":0,"rf_gold":0,"rf_stone":0,"rf_wood":0,"sB4":39.0625,"sP4":0.152587890625,"scale_l":0,"scale_r":0,"shareH":0.3150684931506849,"smith_want":0,"smiths":0,"spare":0,"spare_food":0.5,"stone_need":0,"stone_rate":0,"tH":26,"target_spend":400,"tech_food":50,"tech_gold":0,"tech_stone":0,"tech_wood":50,"threat_home":0,"turns_left":-300,"u_barracks":0.24555803062459444,"u_redoubt":0.29406392694063926,"unit_spend":120,"vB":2.5,"vH":1.15,"vP":0.625,"vc_want":0,"vcs":0,"vil_goal":50,"vil_rate":0,"vil_stamina":8,"vil_want":0,"vil_want_last":0,"vil_worth_now":0.6,"vils":0,"w_food":0,"w_gold":0,"w_stone":0,"w_wood":0,"wild_workers":0,"wood_need":0,"wood_rate":0,"workers":0}
2026/09/30 21:20:37 player action: submit-orders 0 1 map[orders:[{0 [1] 2 9870 true} {0 [2] 2 9870 true} {0 [3] 2 9870 true} {0 [5] 2 990 true} {0 [7] 2 9870 true} {0 [8] 2 9870 true} {0 [9] 2 9870 true} {0 [10] 2 9870 true} {0 [11] 2 9870 true} {0 [12] 2 9870 true} {0 [13] 2 9870 true} {0 [14] 2 9870 true} {0 [15] 2 9870 true} {0 [16] 2 9870 true} {0 [17] 2 9870 true} {0 [18] 2 9870 true} {0 [19] 2 9870 true} {0 [20] 2 9870 true} {0 [21] 2 9870 true} {0 [22] 2 9870 true} {0 [23] 2 9870 true} {0 [24] 2 9870 true} {0 [1] 9 31 true} {0 [2] 9 31 true} {0 [3] 9 31 true} {0 [4] 9 31 true} {0 [5] 2 351 true} {0 [6] 9 31 true} {0 [7] 9 31 true} {0 [8] 9 31 true} {0 [9] 9 31 true} {0 [10] 9 31 true} {0 [11] 9 31 true} {0 [12] 9 31 true} {0 [13] 9 31 true} {0 [14] 9 31 true} {0 [15] 9 31 true} {0 [16] 9 31 true} {0 [17] 9 31 true} {0 [18] 9 31 true} {0 [19] 9 31 true} {0 [20] 9 31 true} {0 [21] 9 31 true} {0 [22] 9 31 true} {0 [23] 9 31 true} {0 [24] 9 31 true} {0 [25] 9 31 true} {0 [26] 9 31 true} {0 [27] 9 31 true} {0 [28] 9 31 true} {0 [29] 9 31 true} {0 [30] 9 31 true} {0 [6] 9 31 true}]]
2026/09/30 21:20:37 Executing submit orders for: 0 [{0 [1] 2 9870 true} {0 [2] 2 9870 true} {0 [3] 2 9870 true} {0 [5] 2 990 true} {0 [7] 2 9870 true} {0 [8] 2 9870 true} {0 [9] 2 9870 true} {0 [10] 2 9870 true} {0 [11] 2 9870 true} {0 [12] 2 9870 true} {0 [13] 2 9870 true} {0 [14] 2 9870 true} {0 [15] 2 9870 true} {0 [16] 2 9870 true} {0 [17] 2 9870 true} {0 [18] 2 9870 true} {0 [19] 2 9870 true} {0 [20] 2 9870 true} {0 [21] 2 9870 true} {0 [22] 2 9870 true} {0 [23] 2 9870 true} {0 [24] 2 9870 true} {0 [1] 9 31 true} {0 [2] 9 31 true} {0 [3] 9 31 true} {0 [4] 9 31 true} {0 [5] 2 351 true} {0 [6] 9 31 true} {0 [7] 9 31 true} {0 [8] 9 31 true} {0 [9] 9 31 true} {0 [10] 9 31 true} {0 [11] 9 31 true} {0 [12] 9 31 true} {0 [13] 9 31 true} {0 [14] 9 31 true} {0 [15] 9 31 true} {0 [16] 9 31 true} {0 [17] 9 31 true} {0 [18] 9 31 true} {0 [19] 9 31 true} {0 [20] 9 31 true} {0 [21] 9 31 true} {0 [22] 9 31 true} {0 [23] 9 31 true} {0 [24] 9 31 true} {0 [25] 9 31 true} {0 [26] 9 31 true} {0 [27] 9 31 true} {0 [28] 9 31 true} {0 [29] 9 31 true} {0 [30] 9 31 true} {0 [6] 9 31 true}]
2026/09/30 21:20:37 Resolving active orders
2026/09/30 21:20:37 Moving unit 5 Blunt Infantry to zone(0, -1) in space (-2, 2) tick=1
2026/09/30 21:20:37 Moving unit 17 Piercing Infantry to zone(0, -1) in space (-1, -2) tick=1
2026/09/30 21:20:37 Moving unit 21 Piercing Infantry to zone(0, -1) in space (-1, -2) tick=1
2026/09/30 21:20:37 Moving unit 28 Heavy Infantry to zone(-1, 0) in space (0, -2) tick=1
2026/09/30 21:20:37 Moving unit 2 Blunt Infantry to zone(0, -1) in space (-1, -1) tick=1
2026/09/30 21:20:37 Moving unit 13 Blunt Infantry to zone(1, -1) in space (-3, -1) tick=1
2026/09/30 21:20:37 Moving unit 22 Piercing Infantry to zone(0, -1) in space (-1, -2) tick=1
2026/09/30 21:20:37 Moving unit 27 Heavy Infantry to zone(-1, 0) in space (0, -2) tick=1
2026/09/30 21:20:37 Moving unit 29 Heavy Infantry to zone(-1, 0) in space (0, -2) tick=1
2026/09/30 21:20:37 Moving unit 6 Blunt Infantry to zone(0, 0) in space (-1, -3) tick=1
2026/09/30 21:20:37 Moving unit 9 Blunt Infantry to zone(1, -1) in space (-3, -1) tick=1
2026/09/30 21:20:37 Moving unit 15 Blunt Infantry to zone(1, -1) in space (-3, -1) tick=1
2026/09/30 21:20:37 Moving unit 7 Blunt Infantry to zone(1, -1) in space (-3, -1) tick=1
2026/09/30 21:20:37 Moving unit 10 Blunt Infantry to zone(1, -1) in space (-3, -1) tick=1
2026/09/30 21:20:37 Moving unit 12 Blunt Infantry to zone(1, -1) in space (-3, -1) tick=1
2026/09/30 21:20:37 Moving unit 19 Piercing Infantry to zone(0, -1) in space (-1, -2) tick=1
2026/09/30 21:20:37 Moving unit 20 Piercing Infantry to zone(0, -1) in space (-1, -2) tick=1
2026/09/30 21:20:37 Moving unit 23 Piercing Infantry to zone(0, -1) in space (-1, -2) tick=1
2026/09/30 21:20:37 Moving unit 25 Heavy Infantry to zone(-1, 0) in space (0, -2) tick=1
2026/09/30 21:20:37 Moving unit 30 Heavy Infantry to zone(-1, 0) in space (0, -2) tick=1
2026/09/30 21:20:37 Moving unit 4 Blunt Infantry to zone(0, -1) in space (-2, -1) tick=1
2026/09/30 21:20:37 Moving unit 16 Blunt Infantry to zone(1, -1) in space (-3, -1) tick=1
2026/09/30 21:20:37 Moving unit 18 Piercing Infantry to zone(0, -1) in space (-1, -2) tick=1
2026/09/30 21:20:37 Moving unit 24 Piercing Infantry to zone(0, -1) in space (-1, -2) tick=1
2026/09/30 21:20:37 Moving unit 26 Heavy Infantry to zone(-1, 0) in space (0, -2) tick=1
2026/09/30 21:20:37 Moving unit 14 Blunt Infantry to zone(1, -1) in space (-3, -1) tick=1
2026/09/30 21:20:37 Moving unit 1 Blunt Infantry to zone(1, -1) in space (-3, -1) tick=1
2026/09/30 21:20:37 Moving unit 3 Blunt Infantry to zone(1, -1) in space (-3, 0) tick=1
2026/09/30 21:20:37 Moving unit 8 Blunt Infantry to zone(1, -1) in space (-3, -1) tick=1
2026/09/30 21:20:37 Moving unit 11 Blunt Infantry to zone(1, -1) in space (-3, -1) tick=1
2026/09/30 21:20:37 Moving unit 31 Blunt Infantry to zone(-1, 1) in space (-1, -3) tick=1
2026/09/30 21:20:37 state_hash turn=5 tick=1 hash=54fa76f4a12c1182
2026/09/30 21:20:37 Moving unit 7 Blunt Infantry to zone(-1, 1) in space (-2, -2) tick=2
2026/09/30 21:20:37 Moving unit 10 Blunt Infantry to zone(-1, 1) in space (-2, -2) tick=2
2026/09/30 21:20:37 Moving unit 12 Blunt Infantry to zone(-1, 1) in space (-2, -2) tick=2
2026/09/30 21:20:37 Moving unit 19 Piercing Infantry to zone(0, 1) in space (-1, -3) tick=2
2026/09/30 21:20:37 Moving unit 20 Piercing Infantry to zone(0, 1) in space (-1, -3) tick=2
2026/09/30 21:20:37 Moving unit 23 Piercing Infantry to zone(0, 1) in space (-1, -3) tick=2
2026/09/30 21:20:37 Moving unit 25 Heavy Infantry to zone(1, 0) in space (-1, -2) tick=2
2026/09/30 21:20:37 Moving unit 30 Heavy Infantry to zone(1, 0) in space (-1, -2) tick=2
2026/09/30 21:20:37 Moving unit 4 Blunt Infantry to zone(0, 1) in space (-2, -2) tick=2
2026/09/30 21:20:37 Moving unit 16 Blunt Infantry to zone(-1, 1) in space (-2, -2) tick=2
2026/09/30 21:20:37 Moving unit 18 Piercing Infantry to zone(0, 1) in space (-1, -3) tick=2
2026/09/30 21:20:37 Moving unit 24 Piercing Infantry to zone(0, 1) in space (-1, -3) tick=2
2026/09/30 21:20:37 Moving unit 26 Heavy Infantry to zone(1, 0) in space (-1, -2) tick=2
2026/09/30 21:20:37 Moving unit 14 Blunt Infantry to zone(-1, 1) in space (-2, -2) tick=2
2026/09/30 21:20:37 Moving unit 1 Blunt Infantry to zone(-1, 1) in space (-2, -2) tick=2
2026/09/30 21:20:37 Moving unit 3 Blunt Infantry to zone(-1, 1) in space (-2, -1) tick=2
2026/09/30 21:20:37 Moving unit 8 Blunt Infantry to zone(-1, 1) in space (-2, -2) tick=2
2026/09/30 21:20:37 Moving unit 11 Blunt Infantry to zone(-1, 1) in space (-2, -2) tick=2
2026/09/30 21:20:37 Moving unit 5 Blunt Infantry to zone(0, 1) in space (-2, 1) tick=2
2026/09/30 21:20:37 Moving unit 17 Piercing Infantry to zone(0, 1) in space (-1, -3) tick=2
2026/09/30 21:20:37 Moving unit 21 Piercing Infantry to zone(0, 1) in space (-1, -3) tick=2
2026/09/30 21:20:37 Moving unit 28 Heavy Infantry to zone(1, 0) in space (-1, -2) tick=2
2026/09/30 21:20:37 Moving unit 2 Blunt Infantry to zone(0, 1) in space (-1, -2) tick=2
2026/09/30 21:20:37 Moving unit 13 Blunt Infantry to zone(-1, 1) in space (-2, -2) tick=2
2026/09/30 21:20:37 Moving unit 22 Piercing Infantry to zone(0, 1) in space (-1, -3) tick=2
2026/09/30 21:20:37 Moving unit 27 Heavy Infantry to zone(1, 0) in space (-1, -2) tick=2
2026/09/30 21:20:37 Moving unit 29 Heavy Infantry to zone(1, 0) in space (-1, -2) tick=2
2026/09/30 21:20:37 Moving unit 6 Blunt Infantry to zone(-1, 1) in space (-1, -3) tick=2
2026/09/30 21:20:37 Moving unit 9 Blunt Infantry to zone(-1, 1) in space (-2, -2) tick=2
2026/09/30 21:20:37 Moving unit 15 Blunt Infantry to zone(-1, 1) in space (-2, -2) tick=2
2026/09/30 21:20:37 Moving unit 31 Blunt Infantry to zone(0, 0) in space (-1, -3) tick=2
2026/09/30 21:20:37 state_hash turn=5 tick=2 hash=8baca0b00490bc2b
2026/09/30 21:20:37 Moving unit 20 Piercing Infantry to zone(0, 0) in space (-1, -3) tick=3
2026/09/30 21:20:37 Moving unit 23 Piercing Infantry to zone(0, 0) in space (-1, -3) tick=3
2026/09/30 21:20:37 Moving unit 25 Heavy Infantry to zone(0, 0) in space (-1, -2) tick=3
2026/09/30 21:20:37 Moving unit 30 Heavy Infantry to zone(0, 0) in space (-1, -2) tick=3
2026/09/30 21:20:37 Moving unit 4 Blunt Infantry to zone(0, 0) in space (-2, -2) tick=3
2026/09/30 21:20:37 Moving unit 16 Blunt Infantry to zone(0, 0) in space (-2, -2) tick=3
2026/09/30 21:20:37 Moving unit 18 Piercing Infantry to zone(0, 0) in space (-1, -3) tick=3
2026/09/30 21:20:37 Moving unit 24 Piercing Infantry to zone(0, 0) in space (-1, -3) tick=3
2026/09/30 21:20:37 Moving unit 26 Heavy Infantry to zone(0, 0) in space (-1, -2) tick=3
2026/09/30 21:20:37 Moving unit 14 Blunt Infantry to zone(0, 0) in space (-2, -2) tick=3
2026/09/30 21:20:37 Moving unit 1 Blunt Infantry to zone(0, 0) in space (-2, -2) tick=3
2026/09/30 21:20:37 Moving unit 3 Blunt Infantry to zone(0, 0) in space (-2, -1) tick=3
2026/09/30 21:20:37 Moving unit 8 Blunt Infantry to zone(0, 0) in space (-2, -2) tick=3
2026/09/30 21:20:37 Moving unit 11 Blunt Infantry to zone(0, 0) in space (-2, -2) tick=3
2026/09/30 21:20:37 Moving unit 5 Blunt Infantry to zone(0, 0) in space (-2, 1) tick=3
2026/09/30 21:20:37 Moving unit 17 Piercing Infantry to zone(0, 0) in space (-1, -3) tick=3
2026/09/30 21:20:37 Moving unit 21 Piercing Infantry to zone(0, 0) in space (-1, -3) tick=3
2026/09/30 21:20:37 Moving unit 28 Heavy Infantry to zone(0, 0) in space (-1, -2) tick=3
2026/09/30 21:20:37 Moving unit 2 Blunt Infantry to zone(0, 0) in space (-1, -2) tick=3
2026/09/30 21:20:37 Moving unit 13 Blunt Infantry to zone(0, 0) in space (-2, -2) tick=3
2026/09/30 21:20:37 Moving unit 22 Piercing Infantry to zone(0, 0) in space (-1, -3) tick=3
2026/09/30 21:20:37 Moving unit 27 Heavy Infantry to zone(0, 0) in space (-1, -2) tick=3
2026/09/30 21:20:37 Moving unit 29 Heavy Infantry to zone(0, 0) in space (-1, -2) tick=3
2026/09/30 21:20:37 Moving unit 6 Blunt Infantry to zone(0, 0) in space (-1, -3) tick=3
2026/09/30 21:20:37 Moving unit 9 Blunt Infantry to zone(0, 0) in space (-2, -2) tick=3
2026/09/30 21:20:37 Moving unit 15 Blunt Infantry to zone(0, 0) in space (-2, -2) tick=3
2026/09/30 21:20:37 Moving unit 7 Blunt Infantry to zone(0, 0) in space (-2, -2) tick=3
2026/09/30 21:20:37 Moving unit 10 Blunt Infantry to zone(0, 0) in space (-2, -2) tick=3
2026/09/30 21:20:37 Moving unit 12 Blunt Infantry to zone(0, 0) in space (-2, -2) tick=3
2026/09/30 21:20:37 Moving unit 19 Piercing Infantry to zone(0, 0) in space (-1, -3) tick=3
2026/09/30 21:20:37 Moving unit 31 Blunt Infantry to zone(-1, 1) in space (-1, -3) tick=3
2026/09/30 21:20:37 state_hash turn=5 tick=3 hash=14ab3a2585d16a79
2026/09/30 21:20:37 Moving unit 6 Blunt Infantry to zone(-1, 1) in space (-1, -3) tick=4
2026/09/30 21:20:37 Moving unit 9 Blunt Infantry to zone(1, -1) in space (-2, -2) tick=4
2026/09/30 21:20:37 Moving unit 15 Blunt Infantry to zone(1, -1) in space (-2, -2) tick=4
2026/09/30 21:20:37 Moving unit 7 Blunt Infantry to zone(1, -1) in space (-2, -2) tick=4
2026/09/30 21:20:37 Moving unit 10 Blunt Infantry to zone(1, -1) in space (-2, -2) tick=4
2026/09/30 21:20:37 Moving unit 12 Blunt Infantry to zone(1, -1) in space (-2, -2) tick=4
2026/09/30 21:20:37 Moving unit 19 Piercing Infantry to zone(-1, 1) in space (-1, -3) tick=4
2026/09/30 21:20:37 Moving unit 20 Piercing Infantry to zone(-1, 1) in space (-1, -3) tick=4
2026/09/30 21:20:37 Moving unit 23 Piercing Infantry to zone(-1, 1) in space (-1, -3) tick=4
2026/09/30 21:20:37 Moving unit 4 Blunt Infantry to zone(1, -1) in space (-2, -2) tick=4
2026/09/30 21:20:37 Moving unit 16 Blunt Infantry to zone(1, -1) in space (-2, -2) tick=4
2026/09/30 21:20:37 Moving unit 18 Piercing Infantry to zone(-1, 1) in space (-1, -3) tick=4
2026/09/30 21:20:37 Moving unit 24 Piercing Infantry to zone(-1, 1) in space (-1, -3) tick=4
2026/09/30 21:20:37 Moving unit 14 Blunt Infantry to zone(1, -1) in space (-2, -2) tick=4
2026/09/30 21:20:37 Moving unit 1 Blunt Infantry to zone(1, -1) in space (-2, -2) tick=4
2026/09/30 21:20:37 Moving unit 3 Blunt Infantry to zone(0, -1) in space (-2, -1) tick=4
2026/09/30 21:20:37 Moving unit 8 Blunt Infantry to zone(1, -1) in space (-2, -2) tick=4
2026/09/30 21:20:37 Moving unit 11 Blunt Infantry to zone(1, -1) in space (-2, -2) tick=4
2026/09/30 21:20:37 Moving unit 5 Blunt Infantry to zone(0, -1) in space (-2, 1) tick=4
2026/09/30 21:20:37 Moving unit 17 Piercing Infantry to zone(-1, 1) in space (-1, -3) tick=4
2026/09/30 21:20:37 Moving unit 21 Piercing Infantry to zone(-1, 1) in space (-1, -3) tick=4
2026/09/30 21:20:37 Moving unit 2 Blunt Infantry to zone(0, -1) in space (-1, -2) tick=4
2026/09/30 21:20:37 Moving unit 13 Blunt Infantry to zone(1, -1) in space (-2, -2) tick=4
2026/09/30 21:20:37 Moving unit 22 Piercing Infantry to zone(-1, 1) in space (-1, -3) tick=4
2026/09/30 21:20:37 Moving unit 31 Blunt Infantry to zone(0, 0) in space (-1, -3) tick=4
2026/09/30 21:20:37 state_hash turn=5 tick=4 hash=a702f85149a25a9c
2026/09/30 21:20:37 Moving unit 2 Blunt Infantry to zone(0, 1) in space (-1, -3) tick=5
2026/09/30 21:20:37 Moving unit 13 Blunt Infantry to zone(-1, 1) in space (-1, -3) tick=5
2026/09/30 21:20:37 Moving unit 22 Piercing Infantry to zone(0, 0) in space (-1, -3) tick=5
2026/09/30 21:20:37 Moving unit 6 Blunt Infantry to zone(0, 0) in space (-1, -3) tick=5
2026/09/30 21:20:37 Moving unit 9 Blunt Infantry to zone(-1, 1) in space (-1, -3) tick=5
2026/09/30 21:20:37 Moving unit 15 Blunt Infantry to zone(-1, 1) in space (-1, -3) tick=5
2026/09/30 21:20:37 Moving unit 7 Blunt Infantry to zone(-1, 1) in space (-1, -3) tick=5
2026/09/30 21:20:37 Moving unit 10 Blunt Infantry to zone(-1, 1) in space (-1, -3) tick=5
2026/09/30 21:20:37 Moving unit 12 Blunt Infantry to zone(-1, 1) in space (-1, -3) tick=5
2026/09/30 21:20:37 Moving unit 19 Piercing Infantry to zone(0, 0) in space (-1, -3) tick=5
2026/09/30 21:20:37 Moving unit 20 Piercing Infantry to zone(0, 0) in space (-1, -3) tick=5
2026/09/30 21:20:37 Moving unit 23 Piercing Infantry to zone(0, 0) in space (-1, -3) tick=5
2026/09/30 21:20:37 Moving unit 4 Blunt Infantry to zone(-1, 1) in space (-1, -3) tick=5
2026/09/30 21:20:37 Moving unit 16 Blunt Infantry to zone(-1, 1) in space (-1, -3) tick=5
2026/09/30 21:20:37 Moving unit 18 Piercing Infantry to zone(0, 0) in space (-1, -3) tick=5
2026/09/30 21:20:37 Moving unit 24 Piercing Infantry to zone(0, 0) in space (-1, -3) tick=5
2026/09/30 21:20:37 Moving unit 14 Blunt Infantry to zone(-1, 1) in space (-1, -3) tick=5
2026/09/30 21:20:37 Moving unit 1 Blunt Infantry to zone(-1, 1) in space (-1, -3) tick=5
2026/09/30 21:20:37 Moving unit 3 Blunt Infantry to zone(0, 1) in space (-2, -2) tick=5
2026/09/30 21:20:37 Moving unit 8 Blunt Infantry to zone(-1, 1) in space (-1, -3) tick=5
2026/09/30 21:20:37 Moving unit 11 Blunt Infantry to zone(-1, 1) in space (-1, -3) tick=5
2026/09/30 21:20:37 Moving unit 5 Blunt Infantry to zone(0, 1) in space (-2, 0) tick=5
2026/09/30 21:20:37 Moving unit 17 Piercing Infantry to zone(0, 0) in space (-1, -3) tick=5
2026/09/30 21:20:37 Moving unit 21 Piercing Infantry to zone(0, 0) in space (-1, -3) tick=5
2026/09/30 21:20:37 Moving unit 31 Blunt Infantry to zone(-1, 1) in space (-1, -3) tick=5
2026/09/30 21:20:37 state_hash turn=5 tick=5 hash=1e647a3b5de465c1
2026/09/30 21:20:37 combat turn=5 tick=6: 10 u11 (player 0, stamina 1) hits 31 u11 (player 1) for 0.60
2026/09/30 21:20:37 combat turn=5 tick=6: 12 u11 (player 0, stamina 1) hits 31 u11 (player 1) for 0.60
2026/09/30 21:20:37 Moving unit 19 Piercing Infantry to zone(-1, 1) in space (-1, -3) tick=6
2026/09/30 21:20:37 Moving unit 20 Piercing Infantry to zone(-1, 1) in space (-1, -3) tick=6
2026/09/30 21:20:37 Moving unit 23 Piercing Infantry to zone(-1, 1) in space (-1, -3) tick=6
2026/09/30 21:20:37 combat turn=5 tick=6: 16 u11 (player 0, stamina 1) hits 31 u11 (player 1) for 0.60
2026/09/30 21:20:37 Moving unit 18 Piercing Infantry to zone(-1, 1) in space (-1, -3) tick=6
2026/09/30 21:20:37 Moving unit 24 Piercing Infantry to zone(-1, 1) in space (-1, -3) tick=6
2026/09/30 21:20:37 combat turn=5 tick=6: 14 u11 (player 0, stamina 1) hits 31 u11 (player 1) for 0.60
2026/09/30 21:20:37 combat turn=5 tick=6: 1 u11 (player 0, stamina 1) hits 31 u11 (player 1) for 0.60
2026/09/30 21:20:37 Moving unit 3 Blunt Infantry to zone(0, 0) in space (-2, -2) tick=6
2026/09/30 21:20:37 combat turn=5 tick=6: 8 u11 (player 0, stamina 1) hits 31 u11 (player 1) for 0.60
2026/09/30 21:20:37 combat turn=5 tick=6: 11 u11 (player 0, stamina 1) hits 31 u11 (player 1) for 0.60
2026/09/30 21:20:37 Moving unit 5 Blunt Infantry to zone(0, 0) in space (-2, 0) tick=6
2026/09/30 21:20:37 Moving unit 17 Piercing Infantry to zone(-1, 1) in space (-1, -3) tick=6
2026/09/30 21:20:37 Moving unit 21 Piercing Infantry to zone(-1, 1) in space (-1, -3) tick=6
2026/09/30 21:20:37 Moving unit 2 Blunt Infantry to zone(-1, 1) in space (-1, -3) tick=6
2026/09/30 21:20:37 combat turn=5 tick=6: 13 u11 (player 0, stamina 1) hits 31 u11 (player 1) for 0.60
2026/09/30 21:20:37 Moving unit 22 Piercing Infantry to zone(-1, 1) in space (-1, -3) tick=6
2026/09/30 21:20:37 Moving unit 6 Blunt Infantry to zone(-1, 1) in space (-1, -3) tick=6
2026/09/30 21:20:37 combat turn=5 tick=6: 9 u11 (player 0, stamina 1) hits 31 u11 (player 1) for 0.60
2026/09/30 21:20:37 combat turn=5 tick=6: 15 u11 (player 0, stamina 1) hits 31 u11 (player 1) for 0.60
2026/09/30 21:20:37 combat turn=5 tick=6: 7 u11 (player 0, stamina 1) hits 31 u11 (player 1) for 0.60
2026/09/30 21:20:37 combat turn=5 tick=6: 31 u11 (player 1, stamina 3) hits 1 u11 (player 0) for 1.80
2026/09/30 21:20:37 state_hash turn=5 tick=6 hash=097177a67c9c3730
2026/09/30 21:20:37 combat turn=5 tick=7: 18 u12 (player 0, stamina 3) hits 31 u11 (player 1) for 2.70
2026/09/30 21:20:37 combat turn=5 tick=7: 24 u12 (player 0, stamina 3) hits 31 u11 (player 1) for 2.70
2026/09/30 21:20:37 combat turn=5 tick=7: 17 u12 (player 0, stamina 3) hits 31 u11 (player 1) for 2.70
2026/09/30 21:20:37 combat turn=5 tick=7: 21 u12 (player 0, stamina 3) hits 31 u11 (player 1) for 2.70
2026/09/30 21:20:37 combat turn=5 tick=7: 2 u11 (player 0, stamina 3) hits 31 u11 (player 1) for 1.80
2026/09/30 21:20:37 combat turn=5 tick=7: 22 u12 (player 0, stamina 3) hits 31 u11 (player 1) for 2.70
2026/09/30 21:20:37 combat turn=5 tick=7: 6 u11 (player 0, stamina 3) hits 31 u11 (player 1) for 1.80
2026/09/30 21:20:37 combat turn=5 tick=7: 19 u12 (player 0, stamina 3) hits 31 u11 (player 1) for 2.70
2026/09/30 21:20:37 combat turn=5 tick=7: 20 u12 (player 0, stamina 3) hits 31 u11 (player 1) for 2.70
2026/09/30 21:20:37 combat turn=5 tick=7: 23 u12 (player 0, stamina 3) hits 31 u11 (player 1) for 2.70
2026/09/30 21:20:37 combat turn=5 tick=7: 31 u11 (player 1, stamina 3) hits 1 u11 (player 0) for 1.80
2026/09/30 21:20:37 state_hash turn=5 tick=7 hash=be72cacea7c7188b
2026/09/30 21:20:37 state_hash turn=5 tick=end hash=0663c439b3331565
2026/09/30 21:20:37 ai ai-1: new turn data {"buildings":[],"enemy_buildings":[],"enemy_units":[],"foundations":[],"population":{"current":29,"limit":0},"resources":{"food":200,"gold":18,"stone":100,"wood":200},"spaces":[{"Space":{"X":0,"Y":-4},"Vision":1,"Owner":-1},{"Space":{"X":1,"Y":-4},"Vision":0,"Owner":-1},{"Space":{"X":2,"Y":-4},"Vision":0,"Owner":-1},{"Space":{"X":3,"Y":-4},"Vision":0,"Owner":-1},{"Space":{"X":4,"Y":-4},"Vision":0,"Owner":-1},{"Space":{"X":-1,"Y":-3},"Vision":1,"Owner":0},{"Space":{"X":0,"Y":-3},"Vision":1,"Owner":-1},{"Space":{"X":1,"Y":-3},"Vision":0,"Owner":-1},{"Space":{"X":2,"Y":-3},"Vision":0,"Owner":-1},{"Space":{"X":3,"Y":-3},"Vision":0,"Owner":-1},{"Space":{"X":4,"Y":-3},"Vision":0,"Owner":-1},{"Space":{"X":-2,"Y":-2},"Vision":1,"Owner":0},{"Space":{"X":-1,"Y":-2},"Vision":1,"Owner":0},{"Space":{"X":0,"Y":-2},"Vision":0,"Owner":-1},{"Space":{"X":1,"Y":-2},"Vision":0,"Owner":-1},{"Space":{"X":2,"Y":-2},"Vision":0,"Owner":-1},{"Space":{"X":3,"Y":-2},"Vision":0,"Owner":-1},{"Space":{"X":4,"Y":-2},"Vision":0,"Owner":-1},{"Space":{"X":-3,"Y":-1},"Vision":1,"Owner":0},{"Space":{"X":-2,"Y":-1},"Vision":1,"Owner":0},{"Space":{"X":-1,"Y":-1},"Vision":0,"Owner":-1},{"Space":{"X":0,"Y":-1},"Vision":0,"Owner":-1},{"Space":{"X":1,"Y":-1},"Vision":0,"Owner":-1},{"Space":{"X":2,"Y":-1},"Vision":0,"Owner":-1},{"Space":{"X":3,"Y":-1},"Vision":0,"Owner":-1},{"Space":{"X":4,"Y":-1},"Vision":0,"Owner":-1},{"Space":{"X":-4,"Y":0},"Vision":1,"Owner":-1},{"Space":{"X":-3,"Y":0},"Vision":1,"Owner":0},{"Space":{"X":-2,"Y":0},"Vision":1,"Owner":-1},{"Space":{"X":-1,"Y":0},"Vision":0,"Owner":-1},{"Space":{"X":0,"Y":0},"Vision":0,"Owner":-1},{"Space":{"X":1,"Y":0},"Vision":0,"Owner":-1},{"Space":{"X":2,"Y":0},"Vision":0,"Owner":-1},{"Space":{"X":3,"Y":0},"Vision":0,"Owner":-1},{"Space":{"X":4,"Y":0},"Vision":0,"Owner":-1},{"Space":{"X":-4,"Y":1},"Vision":1,"Owner":-1},{"Space":{"X":-3,"Y":1},"Vision":2,"Owner":-1},{"Space":{"X":-2,"Y":1},"Vision":2,"Owner":-1},{"Space":{"X":-1,"Y":1},"Vision":0,"Owner":-1},{"Space":{"X":0,"Y":1},"Vision":0,"Owner":-1},{"Space":{"X":1,"Y":1},"Vision":0,"Owner":-1},{"Space":{"X":2,"Y":1},"Vision":0,"Owner":-1},{"Space":{"X":3,"Y":1},"Vision":0,"Owner":-1},{"Space":{"X":-4,"Y":2},"Vision":2,"Owner":-1},{"Space":{"X":-3,"Y":2},"Vision":3,"Owner":1},{"Space":{"X":-2,"Y":2},"Vision":2,"Owner":-1},{"Space":{"X":-1,"Y":2},"Vision":0,"Owner":-1},{"Space":{"X":0,"Y":2},"Vision":0,"Owner":-1},{"Space":{"X":1,"Y":2},"Vision":0,"Owner":-1},{"Space":{"X":2,"Y":2},"Vision":0,"Owner":-1},{"Space":{"X":-4,"Y":3},"Vision":2,"Owner":-1},{"Space":{"X":-3,"Y":3},"Vision":2,"Owner":-1},{"Space":{"X":-2,"Y":3},"Vision":0,"Owner":-1},{"Space":{"X":-1,"Y":3},"Vision":0,"Owner":-1},{"Space":{"X":0,"Y":3},"Vision":0,"Owner":-1},{"Space":{"X":1,"Y":3},"Vision":0,"Owner":-1},{"Space":{"X":-4,"Y":4},"Vision":0,"Owner":-1},{"Space":{"X":-3,"Y":4},"Vision":0,"Owner":-1},{"Space":{"X":-2,"Y":4},"Vision":0,"Owner":-1},{"Space":{"X":-1,"Y":4},"Vision":0,"Owner":-1},{"Space":{"X":0,"Y":4},"Vision":0,"Owner":-1}],"units":[{"InternalID":32,"UnitID":11,"Type":2,"Kind":1,"Location":{"Space":{"X":-3,"Y":2},"Zone":{"X":0,"Y":0}},"CurrentStamina":23,"CurrentOrder":null,"Builds":[],"GarrisonedIn":null,"Stance":3,"InterruptCurrent":false,"AttackBack":true,"TargetPriority":"","ActiveOrders":null,"Health":11,"MaxHealth":11},{"InternalID":33,"UnitID":11,"Type":2,"Kind":1,"Location":{"Space":{"X":-3,"Y":2},"Zone":{"X":0,"Y":0}},"CurrentStamina":23,"CurrentOrder":null,"Builds":[],"GarrisonedIn":null,"Stance":3,"InterruptCurrent":false,"AttackBack":true,"TargetPriority":"","ActiveOrders":null,"Health":11,"MaxHealth":11},{"InternalID":34,"UnitID":11,"Type":2,"Kind":1,"Location":{"Space":{"X":-3,"Y":2},"Zone":{"X":0,"Y":0}},"CurrentStamina":23,"CurrentOrder":null,"Builds":[],"GarrisonedIn":null,"Stance":3,"InterruptCurrent":false,"AttackBack":true,"TargetPriority":"","ActiveOrders":null,"Health":11,"MaxHealth":11},{"InternalID":35,"UnitID":11,"Type":2,"Kind":1,"Location":{"Space":{"X":-3,"Y":2},"Zone":{"X":0,"Y":0}},"CurrentStamina":23,"CurrentOrder":null,"Builds":[],"GarrisonedIn":null,"Stance":3,"InterruptCurrent":false,"AttackBack":true,"TargetPriority":"","ActiveOrders":null,"Health":11,"MaxHealth":11},{"InternalID":36,"UnitID":11,"Type":2,"Kind":1,"Location":{"Space":{"X":-3,"Y":2},"Zone":{"X":0,"Y":0}},"CurrentStamina":23,"CurrentOrder":null,"Builds":[],"GarrisonedIn":null,"Stance":3,"InterruptCurrent":false,"AttackBack":true,"TargetPriority":"","ActiveOrders":null,"Health":11,"MaxHealth":11},{"InternalID":37,"UnitID":11,"Type":2,"Kind":1,"Location":{"Space":{"X":-3,"Y":2},"Zone":{"X":0,"Y":0}},"CurrentStamina":23,"CurrentOrder":null,"Builds":[],"GarrisonedIn":null,"Stance":3,"InterruptCurrent":false,"AttackBack":true,"TargetPriority":"","ActiveOrders":null,"Health":11,"MaxHealth":11},{"InternalID":38,"UnitID":11,"Type":2,"Kind":1,"Location":{"Space":{"X":-3,"Y":2},"Zone":{"X":0,"Y":0}},"CurrentStamina":23,"CurrentOrder":null,"Builds":[],"GarrisonedIn":null,"Stance":3,"InterruptCurrent":false,"AttackBack":true,"TargetPriority":"","ActiveOrders":null,"Health":11,"MaxHealth":11},{"InternalID":39,"UnitID":11,"Type":2,"Kind":1,"Location":{"Space":{"X":-3,"Y":2},"Zone":{"X":0,"Y":0}},"CurrentStamina":23,"CurrentOrder":null,"Builds":[],"GarrisonedIn":null,"Stance":3,"InterruptCurrent":false,"AttackBack":true,"TargetPriority":"","ActiveOrders":null,"Health":11,"MaxHealth":11},{"InternalID":40,"UnitID":11,"Type":2,"Kind":1,"Location":{"Space":{"X":-3,"Y":2},"Zone":{"X":0,"Y":0}},"CurrentStamina":23,"CurrentOrder":null,"Builds":[],"GarrisonedIn":null,"Stance":3,"InterruptCurrent":false,"AttackBack":true,"TargetPriority":"","ActiveOrders":null,"Health":11,"MaxHealth":11},{"InternalID":41,"UnitID":11,"Type":2,"Kind":1,"Location":{"Space":{"X":-3,"Y":2},"Zone":{"X":0,"Y":0}},"CurrentStamina":23,"CurrentOrder":null,"Builds":[],"GarrisonedIn":null,"Stance":3,"InterruptCurrent":false,"AttackBack":true,"TargetPriority":"","ActiveOrders":null,"Health":11,"MaxHealth":11},{"InternalID":42,"UnitID":11,"Type":2,"Kind":1,"Location":{"Space":{"X":-3,"Y":2},"Zone":{"X":0,"Y":0}},"CurrentStamina":23,"CurrentOrder":null,"Builds":[],"GarrisonedIn":null,"Stance":3,"InterruptCurrent":false,"AttackBack":true,"TargetPriority":"","ActiveOrders":null,"Health":11,"MaxHealth":11},{"InternalID":43,"UnitID":11,"Type":2,"Kind":1,"Location":{"Space":{"X":-3,"Y":2},"Zone":{"X":0,"Y":0}},"CurrentStamina":23,"CurrentOrder":null,"Builds":[],"GarrisonedIn":null,"Stance":3,"InterruptCurrent":false,"AttackBack":true,"TargetPriority":"","ActiveOrders":null,"Health":11,"MaxHealth":11},{"InternalID":44,"UnitID":11,"Type":2,"Kind":1,"Location":{"Space":{"X":-3,"Y":2},"Zone":{"X":0,"Y":0}},"CurrentStamina":23,"CurrentOrder":null,"Builds":[],"GarrisonedIn":null,"Stance":3,"InterruptCurrent":false,"AttackBack":true,"TargetPriority":"","ActiveOrders":null,"Health":11,"MaxHealth":11},{"InternalID":45,"UnitID":11,"Type":2,"Kind":1,"Location":{"Space":{"X":-3,"Y":2},"Zone":{"X":0,"Y":0}},"CurrentStamina":23,"CurrentOrder":null,"Builds":[],"GarrisonedIn":null,"Stance":3,"InterruptCurrent":false,"AttackBack":true,"TargetPriority":"","ActiveOrders":null,"Health":11,"MaxHealth":11},{"InternalID":46,"UnitID":11,"Type":2,"Kind":1,"Location":{"Space":{"X":-3,"Y":2},"Zone":{"X":0,"Y":0}},"CurrentStamina":23,"CurrentOrder":null,"Builds":[],"GarrisonedIn":null,"Stance":3,"InterruptCurrent":false,"AttackBack":true,"TargetPriority":"","ActiveOrders":null,"Health":11,"MaxHealth":11},{"InternalID":47,"UnitID":12,"Type":2,"Kind":1,"Location":{"Space":{"X":-3,"Y":2},"Zone":{"X":0,"Y":0}},"CurrentStamina":18,"CurrentOrder":null,"Builds":[],"GarrisonedIn":null,"Stance":3,"InterruptCurrent":false,"AttackBack":true,"TargetPriority":"","ActiveOrders":null,"Health":16,"MaxHealth":16},{"InternalID":48,"UnitID":12,"Type":2,"Kind":1,"Location":{"Space":{"X":-3,"Y":2},"Zone":{"X":0,"Y":0}},"CurrentStamina":18,"CurrentOrder":null,"Builds":[],"GarrisonedIn":null,"Stance":3,"InterruptCurrent":false,"AttackBack":true,"TargetPriority":"","ActiveOrders":null,"Health":16,"MaxHealth":16},{"InternalID":49,"UnitID":12,"Type":2,"Kind":1,"Location":{"Space":{"X":-3,"Y":2},"Zone":{"X":0,"Y":0}},"CurrentStamina":18,"CurrentOrder":null,"Builds":[],"GarrisonedIn":null,"Stance":3,"InterruptCurrent":false,"AttackBack":true,"TargetPriority":"","ActiveOrders":null,"Health":16,"MaxHealth":16},{"InternalID":50,"UnitID":12,"Type":2,"Kind":1,"Location":{"Space":{"X":-3,"Y":2},"Zone":{"X":0,"Y":0}},"CurrentStamina":18,"CurrentOrder":null,"Builds":[],"GarrisonedIn":null,"Stance":3,"InterruptCurrent":false,"AttackBack":true,"TargetPriority":"","ActiveOrders":null,"Health":16,"MaxHealth":16},{"InternalID":51,"UnitID":12,"Type":2,"Kind":1,"Location":{"Space":{"X":-3,"Y":2},"Zone":{"X":0,"Y":0}},"CurrentStamina":18,"CurrentOrder":null,"Builds":[],"GarrisonedIn":null,"Stance":3,"InterruptCurrent":false,"AttackBack":true,"TargetPriority":"","ActiveOrders":null,"Health":16,"MaxHealth":16},{"InternalID":52,"UnitID":12,"Type":2,"Kind":1,"Location":{"Space":{"X":-3,"Y":2},"Zone":{"X":0,"Y":0}},"CurrentStamina":18,"CurrentOrder":null,"Builds":[],"GarrisonedIn":null,"Stance":3,"InterruptCurrent":false,"AttackBack":true,"TargetPriority":"","ActiveOrders":null,"Health":16,"MaxHealth":16},{"InternalID":53,"UnitID":12,"Type":2,"Kind":1,"Location":{"Space":{"X":-3,"Y":2},"Zone":{"X":0,"Y":0}},"CurrentStamina":18,"CurrentOrder":null,"Builds":[],"GarrisonedIn":null,"Stance":3,"InterruptCurrent":false,"AttackBack":true,"TargetPriority":"","ActiveOrders":null,"Health":16,"MaxHealth":16},{"InternalID":54,"UnitID":12,"Type":2,"Kind":1,"Location":{"Space":{"X":-3,"Y":2},"Zone":{"X":0,"Y":0}},"CurrentStamina":18,"CurrentOrder":null,"Builds":[],"GarrisonedIn":null,"Stance":3,"InterruptCurrent":false,"AttackBack":true,"TargetPriority":"","ActiveOrders":null,"Health":16,"MaxHealth":16},{"InternalID":55,"UnitID":13,"Type":2,"Kind":1,"Location":{"Space":{"X":-3,"Y":2},"Zone":{"X":0,"Y":0}},"CurrentStamina":12,"CurrentOrder":null,"Builds":[],"GarrisonedIn":null,"Stance":3,"InterruptCurrent":false,"AttackBack":true,"TargetPriority":"","ActiveOrders":null,"Health":50,"MaxHealth":50},{"InternalID":56,"UnitID":13,"Type":2,"Kind":1,"Location":{"Space":{"X":-3,"Y":2},"Zone":{"X":0,"Y":0}},"CurrentStamina":12,"CurrentOrder":null,"Builds":[],"GarrisonedIn":null,"Stance":3,"InterruptCurrent":false,"AttackBack":true,"TargetPriority":"","ActiveOrders":null,"Health":50,"MaxHealth":50},{"InternalID":57,"UnitID":13,"Type":2,"Kind":1,"Location":{"Space":{"X":-3,"Y":2},"Zone":{"X":0,"Y":0}},"CurrentStamina":12,"CurrentOrder":null,"Builds":[],"GarrisonedIn":null,"Stance":3,"InterruptCurrent":false,"AttackBack":true,"TargetPriority":"","ActiveOrders":null,"Health":50,"MaxHealth":50},{"InternalID":58,"UnitID":13,"Type":2,"Kind":1,"Location":{"Space":{"X":-3,"Y":2},"Zone":{"X":0,"Y":0}},"CurrentStamina":12,"CurrentOrder":null,"Builds":[],"GarrisonedIn":null,"Stance":3,"InterruptCurrent":false,"AttackBack":true,"TargetPriority":"","ActiveOrders":null,"Health":50,"MaxHealth":50},{"InternalID":59,"UnitID":13,"Type":2,"Kind":1,"Location":{"Space":{"X":-3,"Y":2},"Zone":{"X":0,"Y":0}},"CurrentStamina":12,"CurrentOrder":null,"Builds":[],"GarrisonedIn":null,"Stance":3,"InterruptCurrent":false,"AttackBack":true,"TargetPriority":"","ActiveOrders":null,"Health":50,"MaxHealth":50},{"InternalID":60,"UnitID":13,"Type":2,"Kind":1,"Location":{"Space":{"X":-3,"Y":2},"Zone":{"X":0,"Y":0}},"CurrentStamina":12,"CurrentOrder":null,"Builds":[],"GarrisonedIn":null,"Stance":3,"InterruptCurrent":false,"AttackBack":true,"TargetPriority":"","ActiveOrders":null,"Health":50,"MaxHealth":50}]}
2026/09/30 21:20:37 ai ai-1: submitting orders [{Subjects:[32] OrderType:2 TargetID:32896 ClearPreviousOrders:true}]
2026/09/30 21:20:37 ai ai-1: vars {}
2026/09/30 21:20:37 player action: submit-orders 0 2 map[orders:[{1 [32] 2 32896 true}]]
2026/09/30 21:20:37 Executing submit orders for: 1 [{1 [32] 2 32896 true}]
2026/09/30 21:20:37 ai ai-0: new turn data {"buildings":[],"enemy_buildings":[],"enemy_units":[],"foundations":[],"population":{"current":30,"limit":0},"resources":{"food":200,"gold":66,"stone":100,"wood":200},"spaces":[{"Space":{"X":0,"Y":-4},"Vision":2,"Owner":-1},{"Space":{"X":1,"Y":-4},"Vision":1,"Owner":-1},{"Space":{"X":2,"Y":-4},"Vision":1,"Owner":-1},{"Space":{"X":3,"Y":-4},"Vision":1,"Owner":-1},{"Space":{"X":4,"Y":-4},"Vision":1,"Owner":-1},{"Space":{"X":-1,"Y":-3},"Vision":3,"Owner":0},{"Space":{"X":0,"Y":-3},"Vision":2,"Owner":-1},{"Space":{"X":1,"Y":-3},"Vision":1,"Owner":-1},{"Space":{"X":2,"Y":-3},"Vision":1,"Owner":-1},{"Space":{"X":3,"Y":-3},"Vision":1,"Owner":-1},{"Space":{"X":4,"Y":-3},"Vision":1,"Owner":-1},{"Space":{"X":-2,"Y":-2},"Vision":3,"Owner":0},{"Space":{"X":-1,"Y":-2},"Vision":3,"Owner":0},{"Space":{"X":0,"Y":-2},"Vision":2,"Owner":-1},{"Space":{"X":1,"Y":-2},"Vision":1,"Owner":-1},{"Space":{"X":2,"Y":-2},"Vision":1,"Owner":-1},{"Space":{"X":3,"Y":-2},"Vision":1,"Owner":-1},{"Space":{"X":4,"Y":-2},"Vision":1,"Owner":-1},{"Space":{"X":-3,"Y":-1},"Vision":2,"Owner":-1},{"Space":{"X":-2,"Y":-1},"Vision":2,"Owner":-1},{"Space":{"X":-1,"Y":-1},"Vision":2,"Owner":-1},{"Space":{"X":0,"Y":-1},"Vision":1,"Owner":-1},{"Space":{"X":1,"Y":-1},"Vision":1,"Owner":-1},{"Space":{"X":2,"Y":-1},"Vision":1,"Owner":-1},{"Space":{"X":3,"Y":-1},"Vision":1,"Owner":-1},{"Space":{"X":4,"Y":-1},"Vision":1,"Owner":-1},{"Space":{"X":-4,"Y":0},"Vision":1,"Owner":-1},{"Space":{"X":-3,"Y":0},"Vision":2,"Owner":-1},{"Space":{"X":-2,"Y":0},"Vision":3,"Owner":0},{"Space":{"X":-1,"Y":0},"Vision":2,"Owner":-1},{"Space":{"X":0,"Y":0},"Vision":1,"Owner":-1},{"Space":{"X":1,"Y":0},"Vision":1,"Owner":-1},{"Space":{"X":2,"Y":0},"Vision":1,"Owner":-1},{"Space":{"X":3,"Y":0},"Vision":1,"Owner":-1},{"Space":{"X":4,"Y":0},"Vision":0,"Owner":-1},{"Space":{"X":-4,"Y":1},"Vision":1,"Owner":-1},{"Space":{"X":-3,"Y":1},"Vision":2,"Owner":-1},{"Space":{"X":-2,"Y":1},"Vision":2,"Owner":-1},{"Space":{"X":-1,"Y":1},"Vision":1,"Owner":-1},{"Space":{"X":0,"Y":1},"Vision":1,"Owner":-1},{"Space":{"X":1,"Y":1},"Vision":1,"Owner":-1},{"Space":{"X":2,"Y":1},"Vision":1,"Owner":-1},{"Space":{"X":3,"Y":1},"Vision":0,"Owner":-1},{"Space":{"X":-4,"Y":2},"Vision":0,"Owner":-1},{"Space":{"X":-3,"Y":2},"Vision":1,"Owner":1},{"Space":{"X":-2,"Y":2},"Vision":1,"Owner":-1},{"Space":{"X":-1,"Y":2},"Vision":1,"Owner":-1},{"Space":{"X":0,"Y":2},"Vision":1,"Owner":-1},{"Space":{"X":1,"Y":2},"Vision":1,"Owner":-1},{"Space":{"X":2,"Y":2},"Vision":0,"Owner":-1},{"Space":{"X":-4,"Y":3},"Vision":0,"Owner":-1},{"Space":{"X":-3,"Y":3},"Vision":1,"Owner":-1},{"Space":{"X":-2,"Y":3},"Vision":1,"Owner":-1},{"Space":{"X":-1,"Y":3},"Vision":1,"Owner":-1},{"Space":{"X":0,"Y":3},"Vision":1,"Owner":-1},{"Space":{"X":1,"Y":3},"Vision":0,"Owner":-1},{"Space":{"X":-4,"Y":4},"Vision":0,"Owner":-1},{"Space":{"X":-3,"Y":4},"Vision":0,"Owner":-1},{"Space":{"X":-2,"Y":4},"Vision":0,"Owner":-1},{"Space":{"X":-1,"Y":4},"Vision":0,"Owner":-1},{"Space":{"X":0,"Y":4},"Vision":0,"Owner":-1}],"units":[{"InternalID":1,"UnitID":11,"Type":2,"Kind":1,"Location":{"Space":{"X":-1,"Y":-3},"Zone":{"X":-1,"Y":1}},"CurrentStamina":15,"CurrentOrder":null,"Builds":[],"GarrisonedIn":null,"Stance":3,"InterruptCurrent":true,"AttackBack":true,"TargetPriority":"","ActiveOrders":null,"Health":7.4,"MaxHealth":11},{"InternalID":2,"UnitID":11,"Type":2,"Kind":1,"Location":{"Space":{"X":-1,"Y":-3},"Zone":{"X":-1,"Y":1}},"CurrentStamina":18,"CurrentOrder":null,"Builds":[],"GarrisonedIn":null,"Stance":3,"InterruptCurrent":true,"AttackBack":true,"TargetPriority":"","ActiveOrders":null,"Health":11,"MaxHealth":11},{"InternalID":3,"UnitID":11,"Type":2,"Kind":1,"Location":{"Space":{"X":-2,"Y":-2},"Zone":{"X":0,"Y":0}},"CurrentStamina":15,"CurrentOrder":null,"Builds":[],"GarrisonedIn":null,"Stance":3,"InterruptCurrent":true,"AttackBack":true,"TargetPriority":"","ActiveOrders":null,"Health":11,"MaxHealth":11},{"InternalID":4,"UnitID":11,"Type":2,"Kind":1,"Location":{"Space":{"X":-1,"Y":-3},"Zone":{"X":-1,"Y":1}},"CurrentStamina":15,"CurrentOrder":null,"Builds":[],"GarrisonedIn":null,"Stance":3,"InterruptCurrent":true,"AttackBack":true,"TargetPriority":"","ActiveOrders":null,"Health":11,"MaxHealth":11},{"InternalID":5,"UnitID":11,"Type":2,"Kind":1,"Location":{"Space":{"X":-2,"Y":0},"Zone":{"X":0,"Y":0}},"CurrentStamina":15,"CurrentOrder":{"Kind":0,"TargetZone":{"Space":{"X":-1,"Y":-2},"Zone":{"X":0,"Y":0}},"TargetSpace":null,"TargetResource":null,"TargetUnit":null,"TargetBuilding":null},"Builds":[],"GarrisonedIn":null,"Stance":3,"InterruptCurrent":true,"AttackBack":true,"TargetPriority":"","ActiveOrders":[{"ID":106,"Kind":0}],"Health":11,"MaxHealth":11},{"InternalID":6,"UnitID":11,"Type":2,"Kind":1,"Location":{"Space":{"X":-1,"Y":-3},"Zone":{"X":-1,"Y":1}},"CurrentStamina":23,"CurrentOrder":null,"Builds":[],"GarrisonedIn":null,"Stance":3,"InterruptCurrent":false,"AttackBack":true,"TargetPriority":"","ActiveOrders":null,"Health":11,"MaxHealth":11},{"InternalID":7,"UnitID":11,"Type":2,"Kind":1,"Location":{"Space":{"X":-1,"Y":-3},"Zone":{"X":-1,"Y":1}},"CurrentStamina":15,"CurrentOrder":null,"Builds":[],"GarrisonedIn":null,"Stance":3,"InterruptCurrent":true,"AttackBack":true,"TargetPriority":"","ActiveOrders":null,"Health":11,"MaxHealth":11},{"InternalID":8,"UnitID":11,"Type":2,"Kind":1,"Location":{"Space":{"X":-1,"Y":-3},"Zone":{"X":-1,"Y":1}},"CurrentStamina":15,"CurrentOrder":null,"Builds":[],"GarrisonedIn":null,"Stance":3,"InterruptCurrent":true,"AttackBack":true,"TargetPriority":"","ActiveOrders":null,"Health":11,"MaxHealth":11},{"InternalID":9,"UnitID":11,"Type":2,"Kind":1,"Location":{"Space":{"X":-1,"Y":-3},"Zone":{"X":-1,"Y":1}},"CurrentStamina":15,"CurrentOrder":null,"Builds":[],"GarrisonedIn":null,"Stance":3,"InterruptCurrent":true,"AttackBack":true,"TargetPriority":"","ActiveOrders":null,"Health":11,"MaxHealth":11},{"InternalID":10,"UnitID":11,"Type":2,"Kind":1,"Location":{"Space":{"X":-1,"Y":-3},"Zone":{"X":-1,"Y":1}},"CurrentStamina":15,"CurrentOrder":null,"Builds":[],"GarrisonedIn":null,"Stance":3,"InterruptCurrent":true,"AttackBack":true,"TargetPriority":"","ActiveOrders":null,"Health":11,"MaxHealth":11},{"InternalID":11,"UnitID":11,"Type":2,"Kind":1,"Location":{"Space":{"X":-1,"Y":-3},"Zone":{"X":-1,"Y":1}},"CurrentStamina":15,"CurrentOrder":null,"Builds":[],"GarrisonedIn":null,"Stance":3,"InterruptCurrent":true,"AttackBack":true,"TargetPriority":"","ActiveOrders":null,"Health":11,"MaxHealth":11},{"InternalID":12,"UnitID":11,"Type":2,"Kind":1,"Location":{"Space":{"X":-1,"Y":-3},"Zone":{"X":-1,"Y":1}},"CurrentStamina":15,"CurrentOrder":null,"Builds":[],"GarrisonedIn":null,"Stance":3,"InterruptCurrent":true,"AttackBack":true,"TargetPriority":"","ActiveOrders":null,"Health":11,"MaxHealth":11},{"InternalID":13,"UnitID":11,"Type":2,"Kind":1,"Location":{"Space":{"X":-1,"Y":-3},"Zone":{"X":-1,"Y":1}},"CurrentStamina":15,"CurrentOrder":null,"Builds":[],"GarrisonedIn":null,"Stance":3,"InterruptCurrent":true,"AttackBack":true,"TargetPriority":"","ActiveOrders":null,"Health":11,"MaxHealth":11},{"InternalID":14,"UnitID":11,"Type":2,"Kind":1,"Location":{"Space":{"X":-1,"Y":-3},"Zone":{"X":-1,"Y":1}},"CurrentStamina":15,"CurrentOrder":null,"Builds":[],"GarrisonedIn":null,"Stance":3,"InterruptCurrent":true,"AttackBack":true,"TargetPriority":"","ActiveOrders":null,"Health":11,"MaxHealth":11},{"InternalID":15,"UnitID":11,"Type":2,"Kind":1,"Location":{"Space":{"X":-1,"Y":-3},"Zone":{"X":-1,"Y":1}},"CurrentStamina":15,"CurrentOrder":null,"Builds":[],"GarrisonedIn":null,"Stance":3,"InterruptCurrent":true,"AttackBack":true,"TargetPriority":"","ActiveOrders":null,"Health":11,"MaxHealth":11},{"InternalID":16,"UnitID":11,"Type":2,"Kind":1,"Location":{"Space":{"X":-1,"Y":-3},"Zone":{"X":-1,"Y":1}},"CurrentStamina":15,"CurrentOrder":null,"Builds":[],"GarrisonedIn":null,"Stance":3,"InterruptCurrent":true,"AttackBack":true,"TargetPriority":"","ActiveOrders":null,"Health":11,"MaxHealth":11},{"InternalID":17,"UnitID":12,"Type":2,"Kind":1,"Location":{"Space":{"X":-1,"Y":-3},"Zone":{"X":-1,"Y":1}},"CurrentStamina":16,"CurrentOrder":null,"Builds":[],"GarrisonedIn":null,"Stance":3,"InterruptCurrent":true,"AttackBack":true,"TargetPriority":"","ActiveOrders":null,"Health":16,"MaxHealth":16},{"InternalID":18,"UnitID":12,"Type":2,"Kind":1,"Location":{"Space":{"X":-1,"Y":-3},"Zone":{"X":-1,"Y":1}},"CurrentStamina":16,"CurrentOrder":null,"Builds":[],"GarrisonedIn":null,"Stance":3,"InterruptCurrent":true,"AttackBack":true,"TargetPriority":"","ActiveOrders":null,"Health":16,"MaxHealth":16},{"InternalID":19,"UnitID":12,"Type":2,"Kind":1,"Location":{"Space":{"X":-1,"Y":-3},"Zone":{"X":-1,"Y":1}},"CurrentStamina":16,"CurrentOrder":null,"Builds":[],"GarrisonedIn":null,"Stance":3,"InterruptCurrent":true,"AttackBack":true,"TargetPriority":"","ActiveOrders":null,"Health":16,"MaxHealth":16},{"InternalID":20,"UnitID":12,"Type":2,"Kind":1,"Location":{"Space":{"X":-1,"Y":-3},"Zone":{"X":-1,"Y":1}},"CurrentStamina":16,"CurrentOrder":null,"Builds":[],"GarrisonedIn":null,"Stance":3,"InterruptCurrent":true,"AttackBack":true,"TargetPriority":"","ActiveOrders":null,"Health":16,"MaxHealth":16},{"InternalID":21,"UnitID":12,"Type":2,"Kind":1,"Location":{"Space":{"X":-1,"Y":-3},"Zone":{"X":-1,"Y":1}},"CurrentStamina":16,"CurrentOrder":null,"Builds":[],"GarrisonedIn":null,"Stance":3,"InterruptCurrent":true,"AttackBack":true,"TargetPriority":"","ActiveOrders":null,"Health":16,"MaxHealth":16},{"InternalID":22,"UnitID":12,"Type":2,"Kind":1,"Location":{"Space":{"X":-1,"Y":-3},"Zone":{"X":-1,"Y":1}},"CurrentStamina":16,"CurrentOrder":null,"Builds":[],"GarrisonedIn":null,"Stance":3,"InterruptCurrent":true,"AttackBack":true,"TargetPriority":"","ActiveOrders":null,"Health":16,"MaxHealth":16},{"InternalID":23,"UnitID":12,"Type":2,"Kind":1,"Location":{"Space":{"X":-1,"Y":-3},"Zone":{"X":-1,"Y":1}},"CurrentStamina":16,"CurrentOrder":null,"Builds":[],"GarrisonedIn":null,"Stance":3,"InterruptCurrent":true,"AttackBack":true,"TargetPriority":"","ActiveOrders":null,"Health":16,"MaxHealth":16},{"InternalID":24,"UnitID":12,"Type":2,"Kind":1,"Location":{"Space":{"X":-1,"Y":-3},"Zone":{"X":-1,"Y":1}},"CurrentStamina":16,"CurrentOrder":null,"Builds":[],"GarrisonedIn":null,"Stance":3,"InterruptCurrent":true,"AttackBack":true,"TargetPriority":"","ActiveOrders":null,"Health":16,"MaxHealth":16},{"InternalID":25,"UnitID":13,"Type":2,"Kind":1,"Location":{"Space":{"X":-1,"Y":-2},"Zone":{"X":0,"Y":0}},"CurrentStamina":8,"CurrentOrder":null,"Builds":[],"GarrisonedIn":null,"Stance":3,"InterruptCurrent":true,"AttackBack":true,"TargetPriority":"","ActiveOrders":null,"Health":50,"MaxHealth":50},{"InternalID":26,"UnitID":13,"Type":2,"Kind":1,"Location":{"Space":{"X":-1,"Y":-2},"Zone":{"X":0,"Y":0}},"CurrentStamina":8,"CurrentOrder":null,"Builds":[],"GarrisonedIn":null,"Stance":3,"InterruptCurrent":true,"AttackBack":true,"TargetPriority":"","ActiveOrders":null,"Health":50,"MaxHealth":50},{"InternalID":27,"UnitID":13,"Type":2,"Kind":1,"Location":{"Space":{"X":-1,"Y":-2},"Zone":{"X":0,"Y":0}},"CurrentStamina":8,"CurrentOrder":null,"Builds":[],"GarrisonedIn":null,"Stance":3,"InterruptCurrent":true,"AttackBack":true,"TargetPriority":"","ActiveOrders":null,"Health":50,"MaxHealth":50},{"InternalID":28,"UnitID":13,"Type":2,"Kind":1,"Location":{"Space":{"X":-1,"Y":-2},"Zone":{"X":0,"Y":0}},"CurrentStamina":8,"CurrentOrder":null,"Builds":[],"GarrisonedIn":null,"Stance":3,"InterruptCurrent":true,"AttackBack":true,"TargetPriority":"","ActiveOrders":null,"Health":50,"MaxHealth":50},{"InternalID":29,"UnitID":13,"Type":2,"Kind":1,"Location":{"Space":{"X":-1,"Y":-2},"Zone":{"X":0,"Y":0}},"CurrentStamina":8,"CurrentOrder":null,"Builds":[],"GarrisonedIn":null,"Stance":3,"InterruptCurrent":true,"AttackBack":true,"TargetPriority":"","ActiveOrders":null,"Health":50,"MaxHealth":50},{"InternalID":30,"UnitID":13,"Type":2,"Kind":1,"Location":{"Space":{"X":-1,"Y":-2},"Zone":{"X":0,"Y":0}},"CurrentStamina":8,"CurrentOrder":null,"Builds":[],"GarrisonedIn":null,"Stance":3,"InterruptCurrent":true,"AttackBack":true,"TargetPriority":"","ActiveOrders":null,"Health":50,"MaxHealth":50}]}
2026/09/30 21:20:37 ai ai-0: submitting orders [{Subjects:[1] OrderType:2 TargetID:9870 ClearPreviousOrders:true} {Subjects:[2] OrderType:2 TargetID:9870 ClearPreviousOrders:true} {Subjects:[3] OrderType:2 TargetID:9870 ClearPreviousOrders:true} {Subjects:[4] OrderType:2 TargetID:9870 ClearPreviousOrders:true} {Subjects:[6] OrderType:2 TargetID:9870 ClearPreviousOrders:true} {Subjects:[7] OrderType:2 TargetID:9870 ClearPreviousOrders:true} {Subjects:[8] OrderType:2 TargetID:9870 ClearPreviousOrders:true} {Subjects:[9] OrderType:2 TargetID:9870 ClearPreviousOrders:true} {Subjects:[10] OrderType:2 TargetID:9870 ClearPreviousOrders:true} {Subjects:[11] OrderType:2 TargetID:9870 ClearPreviousOrders:true} {Subjects:[12] OrderType:2 TargetID:9870 ClearPreviousOrders:true} {Subjects:[13] OrderType:2 TargetID:9870 ClearPreviousOrders:true} {Subjects:[14] OrderType:2 TargetID:9870 ClearPreviousOrders:true} {Subjects:[15] OrderType:2 TargetID:9870 ClearPreviousOrders:true} {Subjects:[16] OrderType:2 TargetID:9870 ClearPreviousOrders:true} {Subjects:[17] OrderType:2 TargetID:9870 ClearPreviousOrders:true} {Subjects:[18] OrderType:2 TargetID:9870 ClearPreviousOrders:true} {Subjects:[19] OrderType:2 TargetID:9870 ClearPreviousOrders:true} {Subjects:[20] OrderType:2 TargetID:9870 ClearPreviousOrders:true} {Subjects:[21] OrderType:2 TargetID:9870 ClearPreviousOrders:true} {Subjects:[22] OrderType:2 TargetID:9870 ClearPreviousOrders:true} {Subjects:[23] OrderType:2 TargetID:9870 ClearPreviousOrders:true} {Subjects:[24] OrderType:2 TargetID:9870 ClearPreviousOrders:true} {Subjects:[25] OrderType:2 TargetID:9870 ClearPreviousOrders:true} {Subjects:[26] OrderType:2 TargetID:9870 ClearPreviousOrders:true} {Subjects:[27] OrderType:2 TargetID:9870 ClearPreviousOrders:true} {Subjects:[28] OrderType:2 TargetID:9870 ClearPreviousOrders:true} {Subjects:[29] OrderType:2 TargetID:9870 ClearPreviousOrders:true} {Subjects:[30] OrderType:2 TargetID:9870 ClearPreviousOrders:true}]
2026/09/30 21:20:37 ai ai-0: vars {"B":16,"Hv":6,"Pi":8,"aPowLocal":0,"aThreat":0,"a_engaged":0,"a_odds":1.3,"a_outnumbered":0,"army_target":50,"army_value":3080,"assault":0,"bank_rate":28,"bar_barracks":0.17072129748186085,"bar_redoubt":1.1111111111111112,"barracks":0,"barracks_B":0,"barracks_P":0,"barracks_save":0,"barracks_spend":78.1,"barracks_want":0,"buffer_food":70,"buffer_gold":0,"buffer_stone":0,"buffer_wood":70,"builders":0,"committed":0,"eB":0.7,"eGrowth":0,"eH":0,"eMil":0.7,"eP":0,"ePow":0.7,"ePowEst":0.98,"ePowSeen":0.98,"eTech":1,"eV":0,"es":1.7,"farm_want":0,"farm_wood_short":0,"farming":0,"fire_barracks":0,"fire_farm0":0,"fire_farm1":0,"fire_farm2":0,"fire_house":0,"fire_outpost":0,"fire_redoubt":0,"fire_smith":0,"fire_vc":0,"food_need":0,"food_over":0,"food_rate":0,"food_slots":1000,"food_workers":0,"free_room":20,"go":0,"gold_income":8,"gold_need":0,"gold_rate":0,"gold_surplus":66,"guaranteed":0,"guard_home":0,"headroom":-30,"hire_B":3553.846153846154,"hire_P":5584.615384615385,"homePow":0,"house_builders":0,"house_urgency":0,"house_want":0,"income_proj":0,"left":0,"lf_food":0,"lf_gold":0,"lf_stone":0,"lf_wood":0,"lump_food":0,"lump_gold":0,"lump_stone":0,"lump_wood":0,"maturity":0,"mil":30,"myTech":1,"n_barracks":0,"n_redoubts":0,"needB":19.95486091670646,"needP":0.0451390832935382,"outpost_want":0,"pikes":0,"planned_food":0,"planned_gold":0,"planned_stone":0,"planned_wood":0,"prod_rate":0,"proj_army":3080,"raid_danger":0,"raid_fails":0,"raid_lost":0,"raid_pause":0,"raid_prev":5,"raid_size":4.8,"raid_wiped":0,"rate":6,"redoubt_H":0,"redoubt_gold_ok":0.8266666666666667,"redoubt_save":0,"redoubt_spend":30,"redoubt_want":0,"redoubts":0,"rf_food":0,"rf_gold":0,"rf_stone":0,"rf_wood":0,"sB4":58.42459980124762,"sP4":0.13215992272901422,"scale_l":0,"scale_r":0,"shareH":0.28895612708018154,"smith_want":0,"smiths":0,"spare":0,"spare_food":0.5,"stone_need":0,"stone_rate":0,"tH":26,"target_spend":400,"tech_food":50,"tech_gold":0,"tech_stone":0,"tech_wood":50,"threat_home":0,"turns_left":-300,"u_barracks":0.25491969835793754,"u_redoubt":0.2696923852748361,"unit_spend":120,"vB":2.7647058823529416,"vH":1.1235294117647059,"vP":0.6029411764705882,"vc_want":0,"vcs":0,"vil_goal":50,"vil_rate":0,"vil_stamina":8,"vil_want":0,"vil_want_last":0,"vil_worth_now":0.6,"vils":0,"w_food":0,"w_gold":0,"w_stone":0,"w_wood":0,"wild_workers":0,"wood_need":0,"wood_rate":0,"workers":0}
2026/09/30 21:20:37 player action: submit-orders 0 1 map[orders:[{0 [1] 2 9870 true} {0 [2] 2 9870 true} {0 [3] 2 9870 true} {0 [4] 2 9870 true} {0 [6] 2 9870 true} {0 [7] 2 9870 true} {0 [8] 2 9870 true} {0 [9] 2 9870 true} {0 [10] 2 9870 true} {0 [11] 2 9870 true} {0 [12] 2 9870 true} {0 [13] 2 9870 true} {0 [14] 2 9870 true} {0 [15] 2 9870 true} {0 [16] 2 9870 true} {0 [17] 2 9870 true} {0 [18] 2 9870 true} {0 [19] 2 9870 true} {0 [20] 2 9870 true} {0 [21] 2 9870 true} {0 [22] 2 9870 true} {0 [23] 2 9870 true} {0 [24] 2 9870 true} {0 [25] 2 9870 true} {0 [26] 2 9870 true} {0 [27] 2 9870 true} {0 [28] 2 9870 true} {0 [29] 2 9870 true} {0 [30] 2 9870 true}]]
2026/09/30 21:20:37 Executing submit orders for: 0 [{0 [1] 2 9870 true} {0 [2] 2 9870 true} {0 [3] 2 9870 true} {0 [4] 2 9870 true} {0 [6] 2 9870 true} {0 [7] 2 9870 true} {0 [8] 2 9870 true} {0 [9] 2 9870 true} {0 [10] 2 9870 true} {0 [11] 2 9870 true} {0 [12] 2 9870 true} {0 [13] 2 9870 true} {0 [14] 2 9870 true} {0 [15] 2 9870 true} {0 [16] 2 9870 true} {0 [17] 2 9870 true} {0 [18] 2 9870 true} {0 [19] 2 9870 true} {0 [20] 2 9870 true} {0 [21] 2 9870 true} {0 [22] 2 9870 true} {0 [23] 2 9870 true} {0 [24] 2 9870 true} {0 [25] 2 9870 true} {0 [26] 2 9870 true} {0 [27] 2 9870 true} {0 [28] 2 9870 true} {0 [29] 2 9870 true} {0 [30] 2 9870 true}]
2026/09/30 21:20:37 Resolving active orders
2026/09/30 21:20:37 Moving unit 7 Blunt Infantry to zone(1, -1) in space (-2, -2) tick=1
2026/09/30 21:20:37 Moving unit 10 Blunt Infantry to zone(1, -1) in space (-2, -2) tick=1
2026/09/30 21:20:37 Moving unit 12 Blunt Infantry to zone(1, -1) in space (-2, -2) tick=1
2026/09/30 21:20:37 Moving unit 19 Piercing Infantry to zone(1, -1) in space (-2, -2) tick=1
2026/09/30 21:20:37 Moving unit 20 Piercing Infantry to zone(1, -1) in space (-2, -2) tick=1
2026/09/30 21:20:37 Moving unit 23 Piercing Infantry to zone(1, -1) in space (-2, -2) tick=1
2026/09/30 21:20:37 Moving unit 25 Heavy Infantry to zone(-1, 1) in space (-1, -2) tick=1
2026/09/30 21:20:37 Moving unit 30 Heavy Infantry to zone(-1, 1) in space (-1, -2) tick=1
2026/09/30 21:20:37 Moving unit 4 Blunt Infantry to zone(1, -1) in space (-2, -2) tick=1
2026/09/30 21:20:37 Moving unit 16 Blunt Infantry to zone(1, -1) in space (-2, -2) tick=1
2026/09/30 21:20:37 Moving unit 18 Piercing Infantry to zone(1, -1) in space (-2, -2) tick=1
2026/09/30 21:20:37 Moving unit 24 Piercing Infantry to zone(1, -1) in space (-2, -2) tick=1
2026/09/30 21:20:37 Moving unit 26 Heavy Infantry to zone(-1, 1) in space (-1, -2) tick=1
2026/09/30 21:20:37 Moving unit 14 Blunt Infantry to zone(1, -1) in space (-2, -2) tick=1
2026/09/30 21:20:37 Moving unit 1 Blunt Infantry to zone(1, -1) in space (-2, -2) tick=1
2026/09/30 21:20:37 Moving unit 3 Blunt Infantry to zone(0, 1) in space (-2, -2) tick=1
2026/09/30 21:20:37 Moving unit 8 Blunt Infantry to zone(1, -1) in space (-2, -2) tick=1
2026/09/30 21:20:37 Moving unit 11 Blunt Infantry to zone(1, -1) in space (-2, -2) tick=1
2026/09/30 21:20:37 Moving unit 5 Blunt Infantry to zone(0, -1) in space (-2, 0) tick=1
2026/09/30 21:20:37 Moving unit 17 Piercing Infantry to zone(1, -1) in space (-2, -2) tick=1
2026/09/30 21:20:37 Moving unit 21 Piercing Infantry to zone(1, -1) in space (-2, -2) tick=1
2026/09/30 21:20:37 Moving unit 28 Heavy Infantry to zone(-1, 1) in space (-1, -2) tick=1
2026/09/30 21:20:37 Moving unit 2 Blunt Infantry to zone(1, -1) in space (-2, -2) tick=1
2026/09/30 21:20:37 Moving unit 13 Blunt Infantry to zone(1, -1) in space (-2, -2) tick=1
2026/09/30 21:20:37 Moving unit 22 Piercing Infantry to zone(1, -1) in space (-2, -2) tick=1
2026/09/30 21:20:37 Moving unit 27 Heavy Infantry to zone(-1, 1) in space (-1, -2) tick=1
2026/09/30 21:20:37 Moving unit 29 Heavy Infantry to zone(-1, 1) in space (-1, -2) tick=1
2026/09/30 21:20:37 Moving unit 6 Blunt Infantry to zone(1, -1) in space (-2, -2) tick=1
2026/09/30 21:20:37 Moving unit 9 Blunt Infantry to zone(1, -1) in space (-2, -2) tick=1
2026/09/30 21:20:37 Moving unit 15 Blunt Infantry to zone(1, -1) in space (-2, -2) tick=1
2026/09/30 21:20:37 Moving unit 32 Blunt Infantry to zone(0, 1) in space (-3, 2) tick=1
2026/09/30 21:20:37 state_hash turn=6 tick=1 hash=719e1c47399e53c9
2026/09/30 21:20:37 Moving unit 2 Blunt Infantry to zone(0, 0) in space (-2, -2) tick=2
2026/09/30 21:20:37 Moving unit 13 Blunt Infantry to zone(0, 0) in space (-2, -2) tick=2
2026/09/30 21:20:37 Moving unit 22 Piercing Infantry to zone(0, 0) in space (-2, -2) tick=2
2026/09/30 21:20:37 Moving unit 27 Heavy Infantry to zone(1, -1) in space (-2, -1) tick=2
2026/09/30 21:20:37 Moving unit 29 Heavy Infantry to zone(1, -1) in space (-2, -1) tick=2
2026/09/30 21:20:37 Moving unit 6 Blunt Infantry to zone(0, 0) in space (-2, -2) tick=2
2026/09/30 21:20:37 Moving unit 9 Blunt Infantry to zone(0, 0) in space (-2, -2) tick=2
2026/09/30 21:20:37 Moving unit 15 Blunt Infantry to zone(0, 0) in space (-2, -2) tick=2
2026/09/30 21:20:37 Moving unit 7 Blunt Infantry to zone(0, 0) in space (-2, -2) tick=2
2026/09/30 21:20:37 Moving unit 10 Blunt Infantry to zone(0, 0) in space (-2, -2) tick=2
2026/09/30 21:20:37 Moving unit 12 Blunt Infantry to zone(0, 0) in space (-2, -2) tick=2
2026/09/30 21:20:37 Moving unit 19 Piercing Infantry to zone(0, 0) in space (-2, -2) tick=2
2026/09/30 21:20:37 Moving unit 20 Piercing Infantry to zone(0, 0) in space (-2, -2) tick=2
2026/09/30 21:20:37 Moving unit 23 Piercing Infantry to zone(0, 0) in space (-2, -2) tick=2
2026/09/30 21:20:37 Moving unit 25 Heavy Infantry to zone(1, -1) in space (-2, -1) tick=2
2026/09/30 21:20:37 Moving unit 30 Heavy Infantry to zone(1, -1) in space (-2, -1) tick=2
2026/09/30 21:20:37 Moving unit 4 Blunt Infantry to zone(0, 0) in space (-2, -2) tick=2
2026/09/30 21:20:37 Moving unit 16 Blunt Infantry to zone(0, 0) in space (-2, -2) tick=2
2026/09/30 21:20:37 Moving unit 18 Piercing Infantry to zone(0, 0) in space (-2, -2) tick=2
2026/09/30 21:20:37 Moving unit 24 Piercing Infantry to zone(0, 0) in space (-2, -2) tick=2
2026/09/30 21:20:37 Moving unit 26 Heavy Infantry to zone(1, -1) in space (-2, -1) tick=2
2026/09/30 21:20:37 Moving unit 14 Blunt Infantry to zone(0, 0) in space (-2, -2) tick=2
2026/09/30 21:20:37 Moving unit 1 Blunt Infantry to zone(0, 0) in space (-2, -2) tick=2
2026/09/30 21:20:37 Moving unit 3 Blunt Infantry to zone(0, -1) in space (-2, -1) tick=2
2026/09/30 21:20:37 Moving unit 8 Blunt Infantry to zone(0, 0) in space (-2, -2) tick=2
2026/09/30 21:20:37 Moving unit 11 Blunt Infantry to zone(0, 0) in space (-2, -2) tick=2
2026/09/30 21:20:37 Moving unit 5 Blunt Infantry to zone(0, 1) in space (-2, -1) tick=2
2026/09/30 21:20:37 Moving unit 17 Piercing Infantry to zone(0, 0) in space (-2, -2) tick=2
2026/09/30 21:20:37 Moving unit 21 Piercing Infantry to zone(0, 0) in space (-2, -2) tick=2
2026/09/30 21:20:37 Moving unit 28 Heavy Infantry to zone(1, -1) in space (-2, -1) tick=2
2026/09/30 21:20:37 Moving unit 32 Blunt Infantry to zone(0, -1) in space (-3, 3) tick=2
2026/09/30 21:20:37 state_hash turn=6 tick=2 hash=0e0553e4280f078e
2026/09/30 21:20:37 Moving unit 4 Blunt Infantry to zone(0, 1) in space (-2, -2) tick=3
2026/09/30 21:20:37 Moving unit 16 Blunt Infantry to zone(0, 1) in space (-2, -2) tick=3
2026/09/30 21:20:37 Moving unit 18 Piercing Infantry to zone(0, 1) in space (-2, -2) tick=3
2026/09/30 21:20:37 Moving unit 24 Piercing Infantry to zone(0, 1) in space (-2, -2) tick=3
2026/09/30 21:20:37 Moving unit 26 Heavy Infantry to zone(0, 0) in space (-2, -1) tick=3
2026/09/30 21:20:37 Moving unit 14 Blunt Infantry to zone(0, 1) in space (-2, -2) tick=3
2026/09/30 21:20:37 Moving unit 1 Blunt Infantry to zone(0, 1) in space (-2, -2) tick=3
2026/09/30 21:20:37 Moving unit 3 Blunt Infantry to zone(0, 0) in space (-2, -1) tick=3
2026/09/30 21:20:37 Moving unit 8 Blunt Infantry to zone(0, 1) in space (-2, -2) tick=3
2026/09/30 21:20:37 Moving unit 11 Blunt Infantry to zone(0, 1) in space (-2, -2) tick=3
2026/09/30 21:20:37 Moving unit 5 Blunt Infantry to zone(0, 0) in space (-2, -1) tick=3
2026/09/30 21:20:37 Moving unit 17 Piercing Infantry to zone(0, 1) in space (-2, -2) tick=3
2026/09/30 21:20:37 Moving unit 21 Piercing Infantry to zone(0, 1) in space (-2, -2) tick=3
2026/09/30 21:20:37 Moving unit 28 Heavy Infantry to zone(0, 0) in space (-2, -1) tick=3
2026/09/30 21:20:37 Moving unit 2 Blunt Infantry to zone(0, 1) in space (-2, -2) tick=3
2026/09/30 21:20:37 Moving unit 13 Blunt Infantry to zone(0, 1) in space (-2, -2) tick=3
2026/09/30 21:20:37 Moving unit 22 Piercing Infantry to zone(0, 1) in space (-2, -2) tick=3
2026/09/30 21:20:37 Moving unit 27 Heavy Infantry to zone(0, 0) in space (-2, -1) tick=3
2026/09/30 21:20:37 Moving unit 29 Heavy Infantry to zone(0, 0) in space (-2, -1) tick=3
2026/09/30 21:20:37 Moving unit 6 Blunt Infantry to zone(0, 1) in space (-2, -2) tick=3
2026/09/30 21:20:37 Moving unit 9 Blunt Infantry to zone(0, 1) in space (-2, -2) tick=3
2026/09/30 21:20:37 Moving unit 15 Blunt Infantry to zone(0, 1) in space (-2, -2) tick=3
2026/09/30 21:20:37 Moving unit 7 Blunt Infantry to zone(0, 1) in space (-2, -2) tick=3
2026/09/30 21:20:37 Moving unit 10 Blunt Infantry to zone(0, 1) in space (-2, -2) tick=3
2026/09/30 21:20:37 Moving unit 12 Blunt Infantry to zone(0, 1) in space (-2, -2) tick=3
2026/09/30 21:20:37 Moving unit 19 Piercing Infantry to zone(0, 1) in space (-2, -2) tick=3
2026/09/30 21:20:37 Moving unit 20 Piercing Infantry to zone(0, 1) in space (-2, -2) tick=3
2026/09/30 21:20:37 Moving unit 23 Piercing Infantry to zone(0, 1) in space (-2, -2) tick=3
2026/09/30 21:20:37 Moving unit 25 Heavy Infantry to zone(0, 0) in space (-2, -1) tick=3
2026/09/30 21:20:37 Moving unit 30 Heavy Infantry to zone(0, 0) in space (-2, -1) tick=3
2026/09/30 21:20:37 Moving unit 32 Blunt Infantry to zone(0, 0) in space (-3, 3) tick=3
2026/09/30 21:20:37 state_hash turn=6 tick=3 hash=efb3fbc778cf88be
2026/09/30 21:20:37 Moving unit 2 Blunt Infantry to zone(0, -1) in space (-2, -1) tick=4
2026/09/30 21:20:37 Moving unit 13 Blunt Infantry to zone(0, -1) in space (-2, -1) tick=4
2026/09/30 21:20:37 Moving unit 22 Piercing Infantry to zone(0, -1) in space (-2, -1) tick=4
2026/09/30 21:20:37 Moving unit 6 Blunt Infantry to zone(0, -1) in space (-2, -1) tick=4
2026/09/30 21:20:37 Moving unit 9 Blunt Infantry to zone(0, -1) in space (-2, -1) tick=4
2026/09/30 21:20:37 Moving unit 15 Blunt Infantry to zone(0, -1) in space (-2, -1) tick=4
2026/09/30 21:20:37 Moving unit 7 Blunt Infantry to zone(0, -1) in space (-2, -1) tick=4
2026/09/30 21:20:37 Moving unit 10 Blunt Infantry to zone(0, -1) in space (-2, -1) tick=4
2026/09/30 21:20:37 Moving unit 12 Blunt Infantry to zone(0, -1) in space (-2, -1) tick=4
2026/09/30 21:20:37 Moving unit 19 Piercing Infantry to zone(0, -1) in space (-2, -1) tick=4
2026/09/30 21:20:37 Moving unit 20 Piercing Infantry to zone(0, -1) in space (-2, -1) tick=4
2026/09/30 21:20:37 Moving unit 23 Piercing Infantry to zone(0, -1) in space (-2, -1) tick=4
2026/09/30 21:20:37 Moving unit 4 Blunt Infantry to zone(0, -1) in space (-2, -1) tick=4
2026/09/30 21:20:37 Moving unit 16 Blunt Infantry to zone(0, -1) in space (-2, -1) tick=4
2026/09/30 21:20:37 Moving unit 18 Piercing Infantry to zone(0, -1) in space (-2, -1) tick=4
2026/09/30 21:20:37 Moving unit 24 Piercing Infantry to zone(0, -1) in space (-2, -1) tick=4
2026/09/30 21:20:37 Moving unit 14 Blunt Infantry to zone(0, -1) in space (-2, -1) tick=4
2026/09/30 21:20:37 Moving unit 1 Blunt Infantry to zone(0, -1) in space (-2, -1) tick=4
2026/09/30 21:20:37 Moving unit 3 Blunt Infantry to zone(0, 1) in space (-2, -1) tick=4
2026/09/30 21:20:37 Moving unit 8 Blunt Infantry to zone(0, -1) in space (-2, -1) tick=4
2026/09/30 21:20:37 Moving unit 11 Blunt Infantry to zone(0, -1) in space (-2, -1) tick=4
2026/09/30 21:20:37 Moving unit 5 Blunt Infantry to zone(1, -1) in space (-2, -1) tick=4
2026/09/30 21:20:37 Moving unit 17 Piercing Infantry to zone(0, -1) in space (-2, -1) tick=4
2026/09/30 21:20:37 Moving unit 21 Piercing Infantry to zone(0, -1) in space (-2, -1) tick=4
2026/09/30 21:20:37 Moving unit 32 Blunt Infantry to zone(-1, 1) in space (-3, 3) tick=4
2026/09/30 21:20:37 state_hash turn=6 tick=4 hash=a3d6a5166762366e
2026/09/30 21:20:37 Moving unit 4 Blunt Infantry to zone(0, 0) in space (-2, -1) tick=5
2026/09/30 21:20:37 Moving unit 16 Blunt Infantry to zone(0, 0) in space (-2, -1) tick=5
2026/09/30 21:20:37 Moving unit 18 Piercing Infantry to zone(0, 0) in space (-2, -1) tick=5
2026/09/30 21:20:37 Moving unit 24 Piercing Infantry to zone(0, 0) in space (-2, -1) tick=5
2026/09/30 21:20:37 Moving unit 14 Blunt Infantry to zone(0, 0) in space (-2, -1) tick=5
2026/09/30 21:20:37 Moving unit 1 Blunt Infantry to zone(0, 0) in space (-2, -1) tick=5
2026/09/30 21:20:37 Moving unit 3 Blunt Infantry to zone(0, -1) in space (-2, 0) tick=5
2026/09/30 21:20:37 Moving unit 8 Blunt Infantry to zone(0, 0) in space (-2, -1) tick=5
2026/09/30 21:20:37 Moving unit 11 Blunt Infantry to zone(0, 0) in space (-2, -1) tick=5
2026/09/30 21:20:37 Moving unit 5 Blunt Infantry to zone(-1, 1) in space (-1, -2) tick=5
2026/09/30 21:20:37 Moving unit 17 Piercing Infantry to zone(0, 0) in space (-2, -1) tick=5
2026/09/30 21:20:37 Moving unit 21 Piercing Infantry to zone(0, 0) in space (-2, -1) tick=5
2026/09/30 21:20:37 Moving unit 2 Blunt Infantry to zone(0, 0) in space (-2, -1) tick=5
2026/09/30 21:20:37 Moving unit 13 Blunt Infantry to zone(0, 0) in space (-2, -1) tick=5
2026/09/30 21:20:37 Moving unit 22 Piercing Infantry to zone(0, 0) in space (-2, -1) tick=5
2026/09/30 21:20:37 Moving unit 6 Blunt Infantry to zone(0, 0) in space (-2, -1) tick=5
2026/09/30 21:20:37 Moving unit 9 Blunt Infantry to zone(0, 0) in space (-2, -1) tick=5
2026/09/30 21:20:37 Moving unit 15 Blunt Infantry to zone(0, 0) in space (-2, -1) tick=5
2026/09/30 21:20:37 Moving unit 7 Blunt Infantry to zone(0, 0) in space (-2, -1) tick=5
2026/09/30 21:20:37 Moving unit 10 Blunt Infantry to zone(0, 0) in space (-2, -1) tick=5
2026/09/30 21:20:37 Moving unit 12 Blunt Infantry to zone(0, 0) in space (-2, -1) tick=5
2026/09/30 21:20:37 Moving unit 19 Piercing Infantry to zone(0, 0) in space (-2, -1) tick=5
2026/09/30 21:20:37 Moving unit 20 Piercing Infantry to zone(0, 0) in space (-2, -1) tick=5
2026/09/30 21:20:37 Moving unit 23 Piercing Infantry to zone(0, 0) in space (-2, -1) tick=5
2026/09/30 21:20:37 Moving unit 32 Blunt Infantry to zone(1, -1) in space (-4, 4) tick=5
2026/09/30 21:20:37 state_hash turn=6 tick=5 hash=0c222d1e3761dab0
2026/09/30 21:20:37 Moving unit 17 Piercing Infantry to zone(0, 1) in space (-2, -1) tick=6
2026/09/30 21:20:37 Moving unit 21 Piercing Infantry to zone(0, 1) in space (-2, -1) tick=6
2026/09/30 21:20:37 Moving unit 2 Blunt Infantry to zone(0, 1) in space (-2, -1) tick=6
2026/09/30 21:20:37 Moving unit 22 Piercing Infantry to zone(0, 1) in space (-2, -1) tick=6
2026/09/30 21:20:37 Moving unit 6 Blunt Infantry to zone(0, 1) in space (-2, -1) tick=6
2026/09/30 21:20:37 Moving unit 19 Piercing Infantry to zone(0, 1) in space (-2, -1) tick=6
2026/09/30 21:20:37 Moving unit 20 Piercing Infantry to zone(0, 1) in space (-2, -1) tick=6
2026/09/30 21:20:37 Moving unit 23 Piercing Infantry to zone(0, 1) in space (-2, -1) tick=6
2026/09/30 21:20:37 Moving unit 18 Piercing Infantry to zone(0, 1) in space (-2, -1) tick=6
2026/09/30 21:20:37 Moving unit 24 Piercing Infantry to zone(0, 1) in space (-2, -1) tick=6
2026/09/30 21:20:37 Moving unit 32 Blunt Infantry to zone(0, 0) in space (-4, 4) tick=6
2026/09/30 21:20:37 state_hash turn=6 tick=6 hash=e28f89db6c12fc23
2026/09/30 21:20:37 Moving unit 6 Blunt Infantry to zone(0, -1) in space (-2, 0) tick=7
2026/09/30 21:20:37 state_hash turn=6 tick=7 hash=f34e1fcf1954c0c1
2026/09/30 21:20:37 Moving unit 6 Blunt Infantry to zone(0, 0) in space (-2, 0) tick=8
2026/09/30 21:20:37 state_hash turn=6 tick=8 hash=b8f934df3a01b694
2026/09/30 21:20:37 state_hash turn=6 tick=end hash=7a9ddf04168da6a1
2026/09/30 21:20:37 ai ai-1: new turn data {"buildings":[],"enemy_buildings":[],"enemy_units":[],"foundations":[],"population":{"current":29,"limit":0},"resources":{"food":200,"gold":22,"stone":100,"wood":200},"spaces":[{"Space":{"X":0,"Y":-4},"Vision":1,"Owner":-1},{"Space":{"X":1,"Y":-4},"Vision":0,"Owner":-1},{"Space":{"X":2,"Y":-4},"Vision":0,"Owner":-1},{"Space":{"X":3,"Y":-4},"Vision":0,"Owner":-1},{"Space":{"X":4,"Y":-4},"Vision":0,"Owner":-1},{"Space":{"X":-1,"Y":-3},"Vision":1,"Owner":0},{"Space":{"X":0,"Y":-3},"Vision":1,"Owner":-1},{"Space":{"X":1,"Y":-3},"Vision":0,"Owner":-1},{"Space":{"X":2,"Y":-3},"Vision":0,"Owner":-1},{"Space":{"X":3,"Y":-3},"Vision":0,"Owner":-1},{"Space":{"X":4,"Y":-3},"Vision":0,"Owner":-1},{"Space":{"X":-2,"Y":-2},"Vision":1,"Owner":0},{"Space":{"X":-1,"Y":-2},"Vision":1,"Owner":0},{"Space":{"X":0,"Y":-2},"Vision":0,"Owner":-1},{"Space":{"X":1,"Y":-2},"Vision":0,"Owner":-1},{"Space":{"X":2,"Y":-2},"Vision":0,"Owner":-1},{"Space":{"X":3,"Y":-2},"Vision":0,"Owner":-1},{"Space":{"X":4,"Y":-2},"Vision":0,"Owner":-1},{"Space":{"X":-3,"Y":-1},"Vision":1,"Owner":0},{"Space":{"X":-2,"Y":-1},"Vision":1,"Owner":0},{"Space":{"X":-1,"Y":-1},"Vision":0,"Owner":-1},{"Space":{"X":0,"Y":-1},"Vision":0,"Owner":-1},{"Space":{"X":1,"Y":-1},"Vision":0,"Owner":-1},{"Space":{"X":2,"Y":-1},"Vision":0,"Owner":-1},{"Space":{"X":3,"Y":-1},"Vision":0,"Owner":-1},{"Space":{"X":4,"Y":-1},"Vision":0,"Owner":-1},{"Space":{"X":-4,"Y":0},"Vision":1,"Owner":-1},{"Space":{"X":-3,"Y":0},"Vision":1,"Owner":0},{"Space":{"X":-2,"Y":0},"Vision":1,"Owner":-1},{"Space":{"X":-1,"Y":0},"Vision":0,"Owner":-1},{"Space":{"X":0,"Y":0},"Vision":0,"Owner":-1},{"Space":{"X":1,"Y":0},"Vision":0,"Owner":-1},{"Space":{"X":2,"Y":0},"Vision":0,"Owner":-1},{"Space":{"X":3,"Y":0},"Vision":0,"Owner":-1},{"Space":{"X":4,"Y":0},"Vision":0,"Owner":-1},{"Space":{"X":-4,"Y":1},"Vision":1,"Owner":-1},{"Space":{"X":-3,"Y":1},"Vision":2,"Owner":-1},{"Space":{"X":-2,"Y":1},"Vision":2,"Owner":-1},{"Space":{"X":-1,"Y":1},"Vision":0,"Owner":-1},{"Space":{"X":0,"Y":1},"Vision":0,"Owner":-1},{"Space":{"X":1,"Y":1},"Vision":0,"Owner":-1},{"Space":{"X":2,"Y":1},"Vision":0,"Owner":-1},{"Space":{"X":3,"Y":1},"Vision":0,"Owner":-1},{"Space":{"X":-4,"Y":2},"Vision":2,"Owner":-1},{"Space":{"X":-3,"Y":2},"Vision":3,"Owner":1},{"Space":{"X":-2,"Y":2},"Vision":2,"Owner":-1},{"Space":{"X":-1,"Y":2},"Vision":0,"Owner":-1},{"Space":{"X":0,"Y":2},"Vision":0,"Owner":-1},{"Space":{"X":1,"Y":2},"Vision":0,"Owner":-1},{"Space":{"X":2,"Y":2},"Vision":0,"Owner":-1},{"Space":{"X":-4,"Y":3},"Vision":2,"Owner":-1},{"Space":{"X":-3,"Y":3},"Vision":2,"Owner":-1},{"Space":{"X":-2,"Y":3},"Vision":1,"Owner":-1},{"Space":{"X":-1,"Y":3},"Vision":0,"Owner":-1},{"Space":{"X":0,"Y":3},"Vision":0,"Owner":-1},{"Space":{"X":1,"Y":3},"Vision":0,"Owner":-1},{"Space":{"X":-4,"Y":4},"Vision":3,"Owner":1},{"Space":{"X":-3,"Y":4},"Vision":2,"Owner":-1},{"Space":{"X":-2,"Y":4},"Vision":0,"Owner":-1},{"Space":{"X":-1,"Y":4},"Vision":0,"Owner":-1},{"Space":{"X":0,"Y":4},"Vision":0,"Owner":-1}],"units":[{"InternalID":32,"UnitID":11,"Type":2,"Kind":1,"Location":{"Space":{"X":-4,"Y":4},"Zone":{"X":0,"Y":0}},"CurrentStamina":22,"CurrentOrder":null,"Builds":[],"GarrisonedIn":null,"Stance":3,"InterruptCurrent":false,"AttackBack":true,"TargetPriority":"","ActiveOrders":null,"Health":11,"MaxHealth":11},{"InternalID":33,"UnitID":11,"Type":2,"Kind":1,"Location":{"Space":{"X":-3,"Y":2},"Zone":{"X":0,"Y":0}},"CurrentStamina":23,"CurrentOrder":null,"Builds":[],"GarrisonedIn":null,"Stance":3,"InterruptCurrent":false,"AttackBack":true,"TargetPriority":"","ActiveOrders":null,"Health":11,"MaxHealth":11},{"InternalID":34,"UnitID":11,"Type":2,"Kind":1,"Location":{"Space":{"X":-3,"Y":2},"Zone":{"X":0,"Y":0}},"CurrentStamina":23,"CurrentOrder":null,"Builds":[],"GarrisonedIn":null,"Stance":3,"InterruptCurrent":false,"AttackBack":true,"TargetPriority":"","ActiveOrders":null,"Health":11,"MaxHealth":11},{"InternalID":35,"UnitID":11,"Type":2,"Kind":1,"Location":{"Space":{"X":-3,"Y":2},"Zone":{"X":0,"Y":0}},"CurrentStamina":23,"CurrentOrder":null,"Builds":[],"GarrisonedIn":null,"Stance":3,"InterruptCurrent":false,"AttackBack":true,"TargetPriority":"","ActiveOrders":null,"Health":11,"MaxHealth":11},{"InternalID":36,"UnitID":11,"Type":2,"Kind":1,"Location":{"Space":{"X":-3,"Y":2},"Zone":{"X":0,"Y":0}},"CurrentStamina":23,"CurrentOrder":null,"Builds":[],"GarrisonedIn":null,"Stance":3,"InterruptCurrent":false,"AttackBack":true,"TargetPriority":"","ActiveOrders":null,"Health":11,"MaxHealth":11},{"InternalID":37,"UnitID":11,"Type":2,"Kind":1,"Location":{"Space":{"X":-3,"Y":2},"Zone":{"X":0,"Y":0}},"CurrentStamina":23,"CurrentOrder":null,"Builds":[],"GarrisonedIn":null,"Stance":3,"InterruptCurrent":false,"AttackBack":true,"TargetPriority":"","ActiveOrders":null,"Health":11,"MaxHealth":11},{"InternalID":38,"UnitID":11,"Type":2,"Kind":1,"Location":{"Space":{"X":-3,"Y":2},"Zone":{"X":0,"Y":0}},"CurrentStamina":23,"CurrentOrder":null,"Builds":[],"GarrisonedIn":null,"Stance":3,"InterruptCurrent":false,"AttackBack":true,"TargetPriority":"","ActiveOrders":null,"Health":11,"MaxHealth":11},{"InternalID":39,"UnitID":11,"Type":2,"Kind":1,"Location":{"Space":{"X":-3,"Y":2},"Zone":{"X":0,"Y":0}},"CurrentStamina":23,"CurrentOrder":null,"Builds":[],"GarrisonedIn":null,"Stance":3,"InterruptCurrent":false,"AttackBack":true,"TargetPriority":"","ActiveOrders":null,"Health":11,"MaxHealth":11},{"InternalID":40,"UnitID":11,"Type":2,"Kind":1,"Location":{"Space":{"X":-3,"Y":2},"Zone":{"X":0,"Y":0}},"CurrentStamina":23,"CurrentOrder":null,"Builds":[],"GarrisonedIn":null,"Stance":3,"InterruptCurrent":false,"AttackBack":true,"TargetPriority":"","ActiveOrders":null,"Health":11,"MaxHealth":11},{"InternalID":41,"UnitID":11,"Type":2,"Kind":1,"Location":{"Space":{"X":-3,"Y":2},"Zone":{"X":0,"Y":0}},"CurrentStamina":23,"CurrentOrder":null,"Builds":[],"GarrisonedIn":null,"Stance":3,"InterruptCurrent":false,"AttackBack":true,"TargetPriority":"","ActiveOrders":null,"Health":11,"MaxHealth":11},{"InternalID":42,"UnitID":11,"Type":2,"Kind":1,"Location":{"Space":{"X":-3,"Y":2},"Zone":{"X":0,"Y":0}},"CurrentStamina":23,"CurrentOrder":null,"Builds":[],"GarrisonedIn":null,"Stance":3,"InterruptCurrent":false,"AttackBack":true,"TargetPriority":"","ActiveOrders":null,"Health":11,"MaxHealth":11},{"InternalID":43,"UnitID":11,"Type":2,"Kind":1,"Location":{"Space":{"X":-3,"Y":2},"Zone":{"X":0,"Y":0}},"CurrentStamina":23,"CurrentOrder":null,"Builds":[],"GarrisonedIn":null,"Stance":3,"InterruptCurrent":false,"AttackBack":true,"TargetPriority":"","ActiveOrders":null,"Health":11,"MaxHealth":11},{"InternalID":44,"UnitID":11,"Type":2,"Kind":1,"Location":{"Space":{"X":-3,"Y":2},"Zone":{"X":0,"Y":0}},"CurrentStamina":23,"CurrentOrder":null,"Builds":[],"GarrisonedIn":null,"Stance":3,"InterruptCurrent":false,"AttackBack":true,"TargetPriority":"","ActiveOrders":null,"Health":11,"MaxHealth":11},{"InternalID":45,"UnitID":11,"Type":2,"Kind":1,"Location":{"Space":{"X":-3,"Y":2},"Zone":{"X":0,"Y":0}},"CurrentStamina":23,"CurrentOrder":null,"Builds":[],"GarrisonedIn":null,"Stance":3,"InterruptCurrent":false,"AttackBack":true,"TargetPriority":"","ActiveOrders":null,"Health":11,"MaxHealth":11},{"InternalID":46,"UnitID":11,"Type":2,"Kind":1,"Location":{"Space":{"X":-3,"Y":2},"Zone":{"X":0,"Y":0}},"CurrentStamina":23,"CurrentOrder":null,"Builds":[],"GarrisonedIn":null,"Stance":3,"InterruptCurrent":false,"AttackBack":true,"TargetPriority":"","ActiveOrders":null,"Health":11,"MaxHealth":11},{"InternalID":47,"UnitID":12,"Type":2,"Kind":1,"Location":{"Space":{"X":-3,"Y":2},"Zone":{"X":0,"Y":0}},"CurrentStamina":18,"CurrentOrder":null,"Builds":[],"GarrisonedIn":null,"Stance":3,"InterruptCurrent":false,"AttackBack":true,"TargetPriority":"","ActiveOrders":null,"Health":16,"MaxHealth":16},{"InternalID":48,"UnitID":12,"Type":2,"Kind":1,"Location":{"Space":{"X":-3,"Y":2},"Zone":{"X":0,"Y":0}},"CurrentStamina":18,"CurrentOrder":null,"Builds":[],"GarrisonedIn":null,"Stance":3,"InterruptCurrent":false,"AttackBack":true,"TargetPriority":"","ActiveOrders":null,"Health":16,"MaxHealth":16},{"InternalID":49,"UnitID":12,"Type":2,"Kind":1,"Location":{"Space":{"X":-3,"Y":2},"Zone":{"X":0,"Y":0}},"CurrentStamina":18,"CurrentOrder":null,"Builds":[],"GarrisonedIn":null,"Stance":3,"InterruptCurrent":false,"AttackBack":true,"TargetPriority":"","ActiveOrders":null,"Health":16,"MaxHealth":16},{"InternalID":50,"UnitID":12,"Type":2,"Kind":1,"Location":{"Space":{"X":-3,"Y":2},"Zone":{"X":0,"Y":0}},"CurrentStamina":18,"CurrentOrder":null,"Builds":[],"GarrisonedIn":null,"Stance":3,"InterruptCurrent":false,"AttackBack":true,"TargetPriority":"","ActiveOrders":null,"Health":16,"MaxHealth":16},{"InternalID":51,"UnitID":12,"Type":2,"Kind":1,"Location":{"Space":{"X":-3,"Y":2},"Zone":{"X":0,"Y":0}},"CurrentStamina":18,"CurrentOrder":null,"Builds":[],"GarrisonedIn":null,"Stance":3,"InterruptCurrent":false,"AttackBack":true,"TargetPriority":"","ActiveOrders":null,"Health":16,"MaxHealth":16},{"InternalID":52,"UnitID":12,"Type":2,"Kind":1,"Location":{"Space":{"X":-3,"Y":2},"Zone":{"X":0,"Y":0}},"CurrentStamina":18,"CurrentOrder":null,"Builds":[],"GarrisonedIn":null,"Stance":3,"InterruptCurrent":false,"AttackBack":true,"TargetPriority":"","ActiveOrders":null,"Health":16,"MaxHealth":16},{"InternalID":53,"UnitID":12,"Type":2,"Kind":1,"Location":{"Space":{"X":-3,"Y":2},"Zone":{"X":0,"Y":0}},"CurrentStamina":18,"CurrentOrder":null,"Builds":[],"GarrisonedIn":null,"Stance":3,"InterruptCurrent":false,"AttackBack":true,"TargetPriority":"","ActiveOrders":null,"Health":16,"MaxHealth":16},{"InternalID":54,"UnitID":12,"Type":2,"Kind":1,"Location":{"Space":{"X":-3,"Y":2},"Zone":{"X":0,"Y":0}},"CurrentStamina":18,"CurrentOrder":null,"Builds":[],"GarrisonedIn":null,"Stance":3,"InterruptCurrent":false,"AttackBack":true,"TargetPriority":"","ActiveOrders":null,"Health":16,"MaxHealth":16},{"InternalID":55,"UnitID":13,"Type":2,"Kind":1,"Location":{"Space":{"X":-3,"Y":2},"Zone":{"X":0,"Y":0}},"CurrentStamina":12,"CurrentOrder":null,"Builds":[],"GarrisonedIn":null,"Stance":3,"InterruptCurrent":false,"AttackBack":true,"TargetPriority":"","ActiveOrders":null,"Health":50,"MaxHealth":50},{"InternalID":56,"UnitID":13,"Type":2,"Kind":1,"Location":{"Space":{"X":-3,"Y":2},"Zone":{"X":0,"Y":0}},"CurrentStamina":12,"CurrentOrder":null,"Builds":[],"GarrisonedIn":null,"Stance":3,"InterruptCurrent":false,"AttackBack":true,"TargetPriority":"","ActiveOrders":null,"Health":50,"MaxHealth":50},{"InternalID":57,"UnitID":13,"Type":2,"Kind":1,"Location":{"Space":{"X":-3,"Y":2},"Zone":{"X":0,"Y":0}},"CurrentStamina":12,"CurrentOrder":null,"Builds":[],"GarrisonedIn":null,"Stance":3,"InterruptCurrent":false,"AttackBack":true,"TargetPriority":"","ActiveOrders":null,"Health":50,"MaxHealth":50},{"InternalID":58,"UnitID":13,"Type":2,"Kind":1,"Location":{"Space":{"X":-3,"Y":2},"Zone":{"X":0,"Y":0}},"CurrentStamina":12,"CurrentOrder":null,"Builds":[],"GarrisonedIn":null,"Stance":3,"InterruptCurrent":false,"AttackBack":true,"TargetPriority":"","ActiveOrders":null,"Health":50,"MaxHealth":50},{"InternalID":59,"UnitID":13,"Type":2,"Kind":1,"Location":{"Space":{"X":-3,"Y":2},"Zone":{"X":0,"Y":0}},"CurrentStamina":12,"CurrentOrder":null,"Builds":[],"GarrisonedIn":null,"Stance":3,"InterruptCurrent":false,"AttackBack":true,"TargetPriority":"","ActiveOrders":null,"Health":50,"MaxHealth":50},{"InternalID":60,"UnitID":13,"Type":2,"Kind":1,"Location":{"Space":{"X":-3,"Y":2},"Zone":{"X":0,"Y":0}},"CurrentStamina":12,"CurrentOrder":null,"Builds":[],"GarrisonedIn":null,"Stance":3,"InterruptCurrent":false,"AttackBack":true,"TargetPriority":"","ActiveOrders":null,"Health":50,"MaxHealth":50}]}
2026/09/30 21:20:37 ai ai-1: submitting orders [{Subjects:[32] OrderType:2 TargetID:11026 ClearPreviousOrders:true}]
2026/09/30 21:20:37 ai ai-1: vars {}
2026/09/30 21:20:37 player action: submit-orders 0 2 map[orders:[{1 [32] 2 11026 true}]]
2026/09/30 21:20:37 Executing submit orders for: 1 [{1 [32] 2 11026 true}]
2026/09/30 21:20:37 ai ai-0: new turn data {"buildings":[],"enemy_buildings":[],"enemy_units":[],"foundations":[],"population":{"current":30,"limit":0},"resources":{"food":200,"gold":72,"stone":100,"wood":200},"spaces":[{"Space":{"X":0,"Y":-4},"Vision":1,"Owner":-1},{"Space":{"X":1,"Y":-4},"Vision":1,"Owner":-1},{"Space":{"X":2,"Y":-4},"Vision":1,"Owner":-1},{"Space":{"X":3,"Y":-4},"Vision":1,"Owner":-1},{"Space":{"X":4,"Y":-4},"Vision":1,"Owner":-1},{"Space":{"X":-1,"Y":-3},"Vision":2,"Owner":-1},{"Space":{"X":0,"Y":-3},"Vision":2,"Owner":-1},{"Space":{"X":1,"Y":-3},"Vision":1,"Owner":-1},{"Space":{"X":2,"Y":-3},"Vision":1,"Owner":-1},{"Space":{"X":3,"Y":-3},"Vision":1,"Owner":-1},{"Space":{"X":4,"Y":-3},"Vision":1,"Owner":-1},{"Space":{"X":-2,"Y":-2},"Vision":2,"Owner":-1},{"Space":{"X":-1,"Y":-2},"Vision":3,"Owner":0},{"Space":{"X":0,"Y":-2},"Vision":2,"Owner":-1},{"Space":{"X":1,"Y":-2},"Vision":1,"Owner":-1},{"Space":{"X":2,"Y":-2},"Vision":1,"Owner":-1},{"Space":{"X":3,"Y":-2},"Vision":1,"Owner":-1},{"Space":{"X":4,"Y":-2},"Vision":1,"Owner":-1},{"Space":{"X":-3,"Y":-1},"Vision":2,"Owner":-1},{"Space":{"X":-2,"Y":-1},"Vision":3,"Owner":0},{"Space":{"X":-1,"Y":-1},"Vision":2,"Owner":-1},{"Space":{"X":0,"Y":-1},"Vision":1,"Owner":-1},{"Space":{"X":1,"Y":-1},"Vision":1,"Owner":-1},{"Space":{"X":2,"Y":-1},"Vision":1,"Owner":-1},{"Space":{"X":3,"Y":-1},"Vision":1,"Owner":-1},{"Space":{"X":4,"Y":-1},"Vision":1,"Owner":-1},{"Space":{"X":-4,"Y":0},"Vision":1,"Owner":-1},{"Space":{"X":-3,"Y":0},"Vision":2,"Owner":-1},{"Space":{"X":-2,"Y":0},"Vision":3,"Owner":0},{"Space":{"X":-1,"Y":0},"Vision":2,"Owner":-1},{"Space":{"X":0,"Y":0},"Vision":1,"Owner":-1},{"Space":{"X":1,"Y":0},"Vision":1,"Owner":-1},{"Space":{"X":2,"Y":0},"Vision":1,"Owner":-1},{"Space":{"X":3,"Y":0},"Vision":1,"Owner":-1},{"Space":{"X":4,"Y":0},"Vision":0,"Owner":-1},{"Space":{"X":-4,"Y":1},"Vision":1,"Owner":-1},{"Space":{"X":-3,"Y":1},"Vision":2,"Owner":-1},{"Space":{"X":-2,"Y":1},"Vision":2,"Owner":-1},{"Space":{"X":-1,"Y":1},"Vision":1,"Owner":-1},{"Space":{"X":0,"Y":1},"Vision":1,"Owner":-1},{"Space":{"X":1,"Y":1},"Vision":1,"Owner":-1},{"Space":{"X":2,"Y":1},"Vision":1,"Owner":-1},{"Space":{"X":3,"Y":1},"Vision":0,"Owner":-1},{"Space":{"X":-4,"Y":2},"Vision":0,"Owner":-1},{"Space":{"X":-3,"Y":2},"Vision":1,"Owner":1},{"Space":{"X":-2,"Y":2},"Vision":1,"Owner":-1},{"Space":{"X":-1,"Y":2},"Vision":1,"Owner":-1},{"Space":{"X":0,"Y":2},"Vision":1,"Owner":-1},{"Space":{"X":1,"Y":2},"Vision":1,"Owner":-1},{"Space":{"X":2,"Y":2},"Vision":0,"Owner":-1},{"Space":{"X":-4,"Y":3},"Vision":0,"Owner":-1},{"Space":{"X":-3,"Y":3},"Vision":1,"Owner":-1},{"Space":{"X":-2,"Y":3},"Vision":1,"Owner":-1},{"Space":{"X":-1,"Y":3},"Vision":1,"Owner":-1},{"Space":{"X":0,"Y":3},"Vision":1,"Owner":-1},{"Space":{"X":1,"Y":3},"Vision":0,"Owner":-1},{"Space":{"X":-4,"Y":4},"Vision":0,"Owner":-1},{"Space":{"X":-3,"Y":4},"Vision":0,"Owner":-1},{"Space":{"X":-2,"Y":4},"Vision":0,"Owner":-1},{"Space":{"X":-1,"Y":4},"Vision":0,"Owner":-1},{"Space":{"X":0,"Y":4},"Vision":0,"Owner":-1}],"units":[{"InternalID":1,"UnitID":11,"Type":2,"Kind":1,"Location":{"Space":{"X":-2,"Y":-1},"Zone":{"X":0,"Y":0}},"CurrentStamina":15,"CurrentOrder":{"Kind":0,"TargetZone":{"Space":{"X":-4,"Y":2},"Zone":{"X":0,"Y":0}},"TargetSpace":null,"TargetResource":null,"TargetUnit":null,"TargetBuilding":null},"Builds":[],"GarrisonedIn":null,"Stance":3,"InterruptCurrent":true,"AttackBack":true,"TargetPriority":"","ActiveOrders":[{"ID":156,"Kind":0}],"Health":7.4,"MaxHealth":11},{"InternalID":2,"UnitID":11,"Type":2,"Kind":1,"Location":{"Space":{"X":-2,"Y":-1},"Zone":{"X":0,"Y":1}},"CurrentStamina":17,"CurrentOrder":{"Kind":0,"TargetZone":{"Space":{"X":-4,"Y":2},"Zone":{"X":0,"Y":0}},"TargetSpace":null,"TargetResource":null,"TargetUnit":null,"TargetBuilding":null},"Builds":[],"GarrisonedIn":null,"Stance":3,"InterruptCurrent":true,"AttackBack":true,"TargetPriority":"","ActiveOrders":[{"ID":157,"Kind":0}],"Health":11,"MaxHealth":11},{"InternalID":3,"UnitID":11,"Type":2,"Kind":1,"Location":{"Space":{"X":-2,"Y":0},"Zone":{"X":0,"Y":-1}},"CurrentStamina":15,"CurrentOrder":{"Kind":0,"TargetZone":{"Space":{"X":-4,"Y":2},"Zone":{"X":0,"Y":0}},"TargetSpace":null,"TargetResource":null,"TargetUnit":null,"TargetBuilding":null},"Builds":[],"GarrisonedIn":null,"Stance":3,"InterruptCurrent":true,"AttackBack":true,"TargetPriority":"","ActiveOrders":[{"ID":158,"Kind":0}],"Health":11,"MaxHealth":11},{"InternalID":4,"UnitID":11,"Type":2,"Kind":1,"Location":{"Space":{"X":-2,"Y":-1},"Zone":{"X":0,"Y":0}},"CurrentStamina":15,"CurrentOrder":{"Kind":0,"TargetZone":{"Space":{"X":-4,"Y":2},"Zone":{"X":0,"Y":0}},"TargetSpace":null,"TargetResource":null,"TargetUnit":null,"TargetBuilding":null},"Builds":[],"GarrisonedIn":null,"Stance":3,"InterruptCurrent":true,"AttackBack":true,"TargetPriority":"","ActiveOrders":[{"ID":159,"Kind":0}],"Health":11,"MaxHealth":11},{"InternalID":5,"UnitID":11,"Type":2,"Kind":1,"Location":{"Space":{"X":-1,"Y":-2},"Zone":{"X":-1,"Y":1}},"CurrentStamina":15,"CurrentOrder":{"Kind":0,"TargetZone":{"Space":{"X":-1,"Y":-2},"Zone":{"X":0,"Y":0}},"TargetSpace":null,"TargetResource":null,"TargetUnit":null,"TargetBuilding":null},"Builds":[],"GarrisonedIn":null,"Stance":3,"InterruptCurrent":true,"AttackBack":true,"TargetPriority":"","ActiveOrders":[{"ID":106,"Kind":0}],"Health":11,"MaxHealth":11},{"InternalID":6,"UnitID":11,"Type":2,"Kind":1,"Location":{"Space":{"X":-2,"Y":0},"Zone":{"X":0,"Y":0}},"CurrentStamina":15,"CurrentOrder":{"Kind":0,"TargetZone":{"Space":{"X":-4,"Y":2},"Zone":{"X":0,"Y":0}},"TargetSpace":null,"TargetResource":null,"TargetUnit":null,"TargetBuilding":null},"Builds":[],"GarrisonedIn":null,"Stance":3,"InterruptCurrent":false,"AttackBack":true,"TargetPriority":"","ActiveOrders":[{"ID":160,"Kind":0}],"Health":11,"MaxHealth":11},{"InternalID":7,"UnitID":11,"Type":2,"Kind":1,"Location":{"Space":{"X":-2,"Y":-1},"Zone":{"X":0,"Y":0}},"CurrentStamina":15,"CurrentOrder":{"Kind":0,"TargetZone":{"Space":{"X":-4,"Y":2},"Zone":{"X":0,"Y":0}},"TargetSpace":null,"TargetResource":null,"TargetUnit":null,"TargetBuilding":null},"Builds":[],"GarrisonedIn":null,"Stance":3,"InterruptCurrent":true,"AttackBack":true,"TargetPriority":"","ActiveOrders":[{"ID":161,"Kind":0}],"Health":11,"MaxHealth":11},{"InternalID":8,"UnitID":11,"Type":2,"Kind":1,"Location":{"Space":{"X":-2,"Y":-1},"Zone":{"X":0,"Y":0}},"CurrentStamina":15,"CurrentOrder":{"Kind":0,"TargetZone":{"Space":{"X":-4,"Y":2},"Zone":{"X":0,"Y":0}},"TargetSpace":null,"TargetResource":null,"TargetUnit":null,"TargetBuilding":null},"Builds":[],"GarrisonedIn":null,"Stance":3,"InterruptCurrent":true,"AttackBack":true,"TargetPriority":"","ActiveOrders":[{"ID":162,"Kind":0}],"Health":11,"MaxHealth":11},{"InternalID":9,"UnitID":11,"Type":2,"Kind":1,"Location":{"Space":{"X":-2,"Y":-1},"Zone":{"X":0,"Y":0}},"CurrentStamina":15,"CurrentOrder":{"Kind":0,"TargetZone":{"Space":{"X":-4,"Y":2},"Zone":{"X":0,"Y":0}},"TargetSpace":null,"TargetResource":null,"TargetUnit":null,"TargetBuilding":null},"Builds":[],"GarrisonedIn":null,"Stance":3,"InterruptCurrent":true,"AttackBack":true,"TargetPriority":"","ActiveOrders":[{"ID":163,"Kind":0}],"Health":11,"MaxHealth":11},{"InternalID":10,"UnitID":11,"Type":2,"Kind":1,"Location":{"Space":{"X":-2,"Y":-1},"Zone":{"X":0,"Y":0}},"CurrentStamina":15,"CurrentOrder":{"Kind":0,"TargetZone":{"Space":{"X":-4,"Y":2},"Zone":{"X":0,"Y":0}},"TargetSpace":null,"TargetResource":null,"TargetUnit":null,"TargetBuilding":null},"Builds":[],"GarrisonedIn":null,"Stance":3,"InterruptCurrent":true,"AttackBack":true,"TargetPriority":"","ActiveOrders":[{"ID":164,"Kind":0}],"Health":11,"MaxHealth":11},{"InternalID":11,"UnitID":11,"Type":2,"Kind":1,"Location":{"Space":{"X":-2,"Y":-1},"Zone":{"X":0,"Y":0}},"CurrentStamina":15,"CurrentOrder":{"Kind":0,"TargetZone":{"Space":{"X":-4,"Y":2},"Zone":{"X":0,"Y":0}},"TargetSpace":null,"TargetResource":null,"TargetUnit":null,"TargetBuilding":null},"Builds":[],"GarrisonedIn":null,"Stance":3,"InterruptCurrent":true,"AttackBack":true,"TargetPriority":"","ActiveOrders":[{"ID":165,"Kind":0}],"Health":11,"MaxHealth":11},{"InternalID":12,"UnitID":11,"Type":2,"Kind":1,"Location":{"Space":{"X":-2,"Y":-1},"Zone":{"X":0,"Y":0}},"CurrentStamina":15,"CurrentOrder":{"Kind":0,"TargetZone":{"Space":{"X":-4,"Y":2},"Zone":{"X":0,"Y":0}},"TargetSpace":null,"TargetResource":null,"TargetUnit":null,"TargetBuilding":null},"Builds":[],"GarrisonedIn":null,"Stance":3,"InterruptCurrent":true,"AttackBack":true,"TargetPriority":"","ActiveOrders":[{"ID":166,"Kind":0}],"Health":11,"MaxHealth":11},{"InternalID":13,"UnitID":11,"Type":2,"Kind":1,"Location":{"Space":{"X":-2,"Y":-1},"Zone":{"X":0,"Y":0}},"CurrentStamina":15,"CurrentOrder":{"Kind":0,"TargetZone":{"Space":{"X":-4,"Y":2},"Zone":{"X":0,"Y":0}},"TargetSpace":null,"TargetResource":null,"TargetUnit":null,"TargetBuilding":null},"Builds":[],"GarrisonedIn":null,"Stance":3,"InterruptCurrent":true,"AttackBack":true,"TargetPriority":"","ActiveOrders":[{"ID":167,"Kind":0}],"Health":11,"MaxHealth":11},{"InternalID":14,"UnitID":11,"Type":2,"Kind":1,"Location":{"Space":{"X":-2,"Y":-1},"Zone":{"X":0,"Y":0}},"CurrentStamina":15,"CurrentOrder":{"Kind":0,"TargetZone":{"Space":{"X":-4,"Y":2},"Zone":{"X":0,"Y":0}},"TargetSpace":null,"TargetResource":null,"TargetUnit":null,"TargetBuilding":null},"Builds":[],"GarrisonedIn":null,"Stance":3,"InterruptCurrent":true,"AttackBack":true,"TargetPriority":"","ActiveOrders":[{"ID":168,"Kind":0}],"Health":11,"MaxHealth":11},{"InternalID":15,"UnitID":11,"Type":2,"Kind":1,"Location":{"Space":{"X":-2,"Y":-1},"Zone":{"X":0,"Y":0}},"CurrentStamina":15,"CurrentOrder":{"Kind":0,"TargetZone":{"Space":{"X":-4,"Y":2},"Zone":{"X":0,"Y":0}},"TargetSpace":null,"TargetResource":null,"TargetUnit":null,"TargetBuilding":null},"Builds":[],"GarrisonedIn":null,"Stance":3,"InterruptCurrent":true,"AttackBack":true,"TargetPriority":"","ActiveOrders":[{"ID":169,"Kind":0}],"Health":11,"MaxHealth":11},{"InternalID":16,"UnitID":11,"Type":2,"Kind":1,"Location":{"Space":{"X":-2,"Y":-1},"Zone":{"X":0,"Y":0}},"CurrentStamina":15,"CurrentOrder":{"Kind":0,"TargetZone":{"Space":{"X":-4,"Y":2},"Zone":{"X":0,"Y":0}},"TargetSpace":null,"TargetResource":null,"TargetUnit":null,"TargetBuilding":null},"Builds":[],"GarrisonedIn":null,"Stance":3,"InterruptCurrent":true,"AttackBack":true,"TargetPriority":"","ActiveOrders":[{"ID":170,"Kind":0}],"Health":11,"MaxHealth":11},{"InternalID":17,"UnitID":12,"Type":2,"Kind":1,"Location":{"Space":{"X":-2,"Y":-1},"Zone":{"X":0,"Y":1}},"CurrentStamina":12,"CurrentOrder":{"Kind":0,"TargetZone":{"Space":{"X":-4,"Y":2},"Zone":{"X":0,"Y":0}},"TargetSpace":null,"TargetResource":null,"TargetUnit":null,"TargetBuilding":null},"Builds":[],"GarrisonedIn":null,"Stance":3,"InterruptCurrent":true,"AttackBack":true,"TargetPriority":"","ActiveOrders":[{"ID":171,"Kind":0}],"Health":16,"MaxHealth":16},{"InternalID":18,"UnitID":12,"Type":2,"Kind":1,"Location":{"Space":{"X":-2,"Y":-1},"Zone":{"X":0,"Y":1}},"CurrentStamina":12,"CurrentOrder":{"Kind":0,"TargetZone":{"Space":{"X":-4,"Y":2},"Zone":{"X":0,"Y":0}},"TargetSpace":null,"TargetResource":null,"TargetUnit":null,"TargetBuilding":null},"Builds":[],"GarrisonedIn":null,"Stance":3,"InterruptCurrent":true,"AttackBack":true,"TargetPriority":"","ActiveOrders":[{"ID":172,"Kind":0}],"Health":16,"MaxHealth":16},{"InternalID":19,"UnitID":12,"Type":2,"Kind":1,"Location":{"Space":{"X":-2,"Y":-1},"Zone":{"X":0,"Y":1}},"CurrentStamina":12,"CurrentOrder":{"Kind":0,"TargetZone":{"Space":{"X":-4,"Y":2},"Zone":{"X":0,"Y":0}},"TargetSpace":null,"TargetResource":null,"TargetUnit":null,"TargetBuilding":null},"Builds":[],"GarrisonedIn":null,"Stance":3,"InterruptCurrent":true,"AttackBack":true,"TargetPriority":"","ActiveOrders":[{"ID":173,"Kind":0}],"Health":16,"MaxHealth":16},{"InternalID":20,"UnitID":12,"Type":2,"Kind":1,"Location":{"Space":{"X":-2,"Y":-1},"Zone":{"X":0,"Y":1}},"CurrentStamina":12,"CurrentOrder":{"Kind":0,"TargetZone":{"Space":{"X":-4,"Y":2},"Zone":{"X":0,"Y":0}},"TargetSpace":null,"TargetResource":null,"TargetUnit":null,"TargetBuilding":null},"Builds":[],"GarrisonedIn":null,"Stance":3,"InterruptCurrent":true,"AttackBack":true,"TargetPriority":"","ActiveOrders":[{"ID":174,"Kind":0}],"Health":16,"MaxHealth":16},{"InternalID":21,"UnitID":12,"Type":2,"Kind":1,"Location":{"Space":{"X":-2,"Y":-1},"Zone":{"X":0,"Y":1}},"CurrentStamina":12,"CurrentOrder":{"Kind":0,"TargetZone":{"Space":{"X":-4,"Y":2},"Zone":{"X":0,"Y":0}},"TargetSpace":null,"TargetResource":null,"TargetUnit":null,"TargetBuilding":null},"Builds":[],"GarrisonedIn":null,"Stance":3,"InterruptCurrent":true,"AttackBack":true,"TargetPriority":"","ActiveOrders":[{"ID":175,"Kind":0}],"Health":16,"MaxHealth":16},{"InternalID":22,"UnitID":12,"Type":2,"Kind":1,"Location":{"Space":{"X":-2,"Y":-1},"Zone":{"X":0,"Y":1}},"CurrentStamina":12,"CurrentOrder":{"Kind":0,"TargetZone":{"Space":{"X":-4,"Y":2},"Zone":{"X":0,"Y":0}},"TargetSpace":null,"TargetResource":null,"TargetUnit":null,"TargetBuilding":null},"Builds":[],"GarrisonedIn":null,"Stance":3,"InterruptCurrent":true,"AttackBack":true,"TargetPriority":"","ActiveOrders":[{"ID":176,"Kind":0}],"Health":16,"MaxHealth":16},{"InternalID":23,"UnitID":12,"Type":2,"Kind":1,"Location":{"Space":{"X":-2,"Y":-1},"Zone":{"X":0,"Y":1}},"CurrentStamina":12,"CurrentOrder":{"Kind":0,"TargetZone":{"Space":{"X":-4,"Y":2},"Zone":{"X":0,"Y":0}},"TargetSpace":null,"TargetResource":null,"TargetUnit":null,"TargetBuilding":null},"Builds":[],"GarrisonedIn":null,"Stance":3,"InterruptCurrent":true,"AttackBack":true,"TargetPriority":"","ActiveOrders":[{"ID":177,"Kind":0}],"Health":16,"MaxHealth":16},{"InternalID":24,"UnitID":12,"Type":2,"Kind":1,"Location":{"Space":{"X":-2,"Y":-1},"Zone":{"X":0,"Y":1}},"CurrentStamina":12,"CurrentOrder":{"Kind":0,"TargetZone":{"Space":{"X":-4,"Y":2},"Zone":{"X":0,"Y":0}},"TargetSpace":null,"TargetResource":null,"TargetUnit":null,"TargetBuilding":null},"Builds":[],"GarrisonedIn":null,"Stance":3,"InterruptCurrent":true,"AttackBack":true,"TargetPriority":"","ActiveOrders":[{"ID":178,"Kind":0}],"Health":16,"MaxHealth":16},{"InternalID":25,"UnitID":13,"Type":2,"Kind":1,"Location":{"Space":{"X":-2,"Y":-1},"Zone":{"X":0,"Y":0}},"CurrentStamina":8,"CurrentOrder":{"Kind":0,"TargetZone":{"Space":{"X":-4,"Y":2},"Zone":{"X":0,"Y":0}},"TargetSpace":null,"TargetResource":null,"TargetUnit":null,"TargetBuilding":null},"Builds":[],"GarrisonedIn":null,"Stance":3,"InterruptCurrent":true,"AttackBack":true,"TargetPriority":"","ActiveOrders":[{"ID":179,"Kind":0}],"Health":50,"MaxHealth":50},{"InternalID":26,"UnitID":13,"Type":2,"Kind":1,"Location":{"Space":{"X":-2,"Y":-1},"Zone":{"X":0,"Y":0}},"CurrentStamina":8,"CurrentOrder":{"Kind":0,"TargetZone":{"Space":{"X":-4,"Y":2},"Zone":{"X":0,"Y":0}},"TargetSpace":null,"TargetResource":null,"TargetUnit":null,"TargetBuilding":null},"Builds":[],"GarrisonedIn":null,"Stance":3,"InterruptCurrent":true,"AttackBack":true,"TargetPriority":"","ActiveOrders":[{"ID":180,"Kind":0}],"Health":50,"MaxHealth":50},{"InternalID":27,"UnitID":13,"Type":2,"Kind":1,"Location":{"Space":{"X":-2,"Y":-1},"Zone":{"X":0,"Y":0}},"CurrentStamina":8,"CurrentOrder":{"Kind":0,"TargetZone":{"Space":{"X":-4,"Y":2},"Zone":{"X":0,"Y":0}},"TargetSpace":null,"TargetResource":null,"TargetUnit":null,"TargetBuilding":null},"Builds":[],"GarrisonedIn":null,"Stance":3,"InterruptCurrent":true,"AttackBack":true,"TargetPriority":"","ActiveOrders":[{"ID":181,"Kind":0}],"Health":50,"MaxHealth":50},{"InternalID":28,"UnitID":13,"Type":2,"Kind":1,"Location":{"Space":{"X":-2,"Y":-1},"Zone":{"X":0,"Y":0}},"CurrentStamina":8,"CurrentOrder":{"Kind":0,"TargetZone":{"Space":{"X":-4,"Y":2},"Zone":{"X":0,"Y":0}},"TargetSpace":null,"TargetResource":null,"TargetUnit":null,"TargetBuilding":null},"Builds":[],"GarrisonedIn":null,"Stance":3,"InterruptCurrent":true,"AttackBack":true,"TargetPriority":"","ActiveOrders":[{"ID":182,"Kind":0}],"Health":50,"MaxHealth":50},{"InternalID":29,"UnitID":13,"Type":2,"Kind":1,"Location":{"Space":{"X":-2,"Y":-1},"Zone":{"X":0,"Y":0}},"CurrentStamina":8,"CurrentOrder":{"Kind":0,"TargetZone":{"Space":{"X":-4,"Y":2},"Zone":{"X":0,"Y":0}},"TargetSpace":null,"TargetResource":null,"TargetUnit":null,"TargetBuilding":null},"Builds":[],"GarrisonedIn":null,"Stance":3,"InterruptCurrent":true,"AttackBack":true,"TargetPriority":"","ActiveOrders":[{"ID":183,"Kind":0}],"Health":50,"MaxHealth":50},{"InternalID":30,"UnitID":13,"Type":2,"Kind":1,"Location":{"Space":{"X":-2,"Y":-1},"Zone":{"X":0,"Y":0}},"CurrentStamina":8,"CurrentOrder":{"Kind":0,"TargetZone":{"Space":{"X":-4,"Y":2},"Zone":{"X":0,"Y":0}},"TargetSpace":null,"TargetResource":null,"TargetUnit":null,"TargetBuilding":null},"Builds":[],"GarrisonedIn":null,"Stance":3,"InterruptCurrent":true,"AttackBack":true,"TargetPriority":"","ActiveOrders":[{"ID":184,"Kind":0}],"Health":50,"MaxHealth":50}]}
2026/09/30 21:20:37 ai ai-0: submitting orders []
2026/09/30 21:20:37 ai ai-0: vars {"B":16,"Hv":6,"Pi":8,"aPowLocal":0,"aThreat":0,"a_engaged":0,"a_odds":1.3,"a_outnumbered":0,"army_target":50,"army_value":3080,"assault":0,"bank_rate":28,"bar_barracks":0.17072129748186085,"bar_redoubt":1.1111111111111112,"barracks":0,"barracks_B":0,"barracks_P":0,"barracks_save":0,"barracks_spend":78.1,"barracks_want":0,"buffer_food":70,"buffer_gold":0,"buffer_stone":0,"buffer_wood":70,"builders":0,"committed":0,"eB":0.39999999999999997,"eGrowth":0,"eH":0,"eMil":0.39999999999999997,"eP":0,"ePow":0.39999999999999997,"ePowEst":0.9603999999999999,"ePowSeen":0.9603999999999999,"eTech":1,"eV":0,"es":1.4,"farm_want":0,"farm_wood_short":0,"farming":0,"fire_barracks":0,"fire_farm0":0,"fire_farm1":0,"fire_farm2":0,"fire_house":0,"fire_outpost":0,"fire_redoubt":0,"fire_smith":0,"fire_vc":0,"food_need":0,"food_over":0,"food_rate":0,"food_slots":1000,"food_workers":0,"free_room":20,"go":0,"gold_income":6,"gold_need":0,"gold_rate":0,"gold_surplus":72,"guaranteed":0,"guard_home":0,"headroom":-30,"hire_B":3876.9230769230767,"hire_P":6092.3076923076915,"homePow":0,"house_builders":0,"house_urgency":0,"house_want":0,"income_proj":0,"left":0,"lf_food":0,"lf_gold":0,"lf_stone":0,"lf_wood":0,"lump_food":0,"lump_gold":0,"lump_stone":0,"lump_wood":0,"maturity":0,"mil":30,"myTech":1,"n_barracks":0,"n_redoubts":0,"needB":19.97816742853244,"needP":0.021832571467558164,"outpost_want":0,"pikes":0,"planned_food":0,"planned_gold":0,"planned_stone":0,"planned_wood":0,"prod_rate":0,"proj_army":3080,"raid_danger":0,"raid_fails":0,"raid_lost":0,"raid_pause":0,"raid_prev":5,"raid_size":4.8,"raid_wiped":0,"rate":6,"redoubt_H":0,"redoubt_gold_ok":0.7200000000000001,"redoubt_save":0,"redoubt_spend":30,"redoubt_want":0,"redoubts":0,"rf_food":0,"rf_gold":0,"rf_stone":0,"rf_wood":0,"sB4":97.5660141607664,"sP4":0.10662224073302796,"scale_l":0,"scale_r":0,"shareH":0.25675675675675674,"smith_want":0,"smiths":0,"spare":0,"spare_food":0.5,"stone_need":0,"stone_rate":0,"tH":26,"target_spend":400,"tech_food":50,"tech_gold":0,"tech_stone":0,"tech_wood":50,"threat_home":0,"turns_left":-300,"u_barracks":0.2664636467453369,"u_redoubt":0.2396396396396396,"unit_spend":120,"vB":3.1428571428571432,"vH":1.0857142857142859,"vP":0.5714285714285715,"vc_want":0,"vcs":0,"vil_goal":50,"vil_rate":0,"vil_stamina":8,"vil_want":0,"vil_want_last":0,"vil_worth_now":0.6,"vils":0,"w_food":0,"w_gold":0,"w_stone":0,"w_wood":0,"wild_workers":0,"wood_need":0,"wood_rate":0,"workers":0}
2026/09/30 21:20:37 player action: submit-orders 0 1 map[orders:[]]
2026/09/30 21:20:37 Executing submit orders for: 0 []
2026/09/30 21:20:37 Resolving active orders
2026/09/30 21:20:37 Moving unit 4 Blunt Infantry to zone(0, 1) in space (-2, -1) tick=1
2026/09/30 21:20:37 Moving unit 16 Blunt Infantry to zone(0, 1) in space (-2, -1) tick=1
2026/09/30 21:20:37 Moving unit 18 Piercing Infantry to zone(0, -1) in space (-2, 0) tick=1
2026/09/30 21:20:37 Moving unit 24 Piercing Infantry to zone(0, -1) in space (-2, 0) tick=1
2026/09/30 21:20:37 Moving unit 26 Heavy Infantry to zone(0, 1) in space (-2, -1) tick=1
2026/09/30 21:20:37 Moving unit 14 Blunt Infantry to zone(0, 1) in space (-2, -1) tick=1
2026/09/30 21:20:37 Moving unit 1 Blunt Infantry to zone(0, 1) in space (-2, -1) tick=1
2026/09/30 21:20:37 Moving unit 3 Blunt Infantry to zone(0, 0) in space (-2, 0) tick=1
2026/09/30 21:20:37 Moving unit 8 Blunt Infantry to zone(0, 1) in space (-2, -1) tick=1
2026/09/30 21:20:37 Moving unit 11 Blunt Infantry to zone(0, 1) in space (-2, -1) tick=1
2026/09/30 21:20:37 Moving unit 5 Blunt Infantry to zone(0, 0) in space (-1, -2) tick=1
2026/09/30 21:20:37 Moving unit 17 Piercing Infantry to zone(0, -1) in space (-2, 0) tick=1
2026/09/30 21:20:37 Moving unit 21 Piercing Infantry to zone(0, -1) in space (-2, 0) tick=1
2026/09/30 21:20:37 Moving unit 28 Heavy Infantry to zone(0, 1) in space (-2, -1) tick=1
2026/09/30 21:20:37 Moving unit 2 Blunt Infantry to zone(0, -1) in space (-2, 0) tick=1
2026/09/30 21:20:37 Moving unit 13 Blunt Infantry to zone(0, 1) in space (-2, -1) tick=1
2026/09/30 21:20:37 Moving unit 22 Piercing Infantry to zone(0, -1) in space (-2, 0) tick=1
2026/09/30 21:20:37 Moving unit 27 Heavy Infantry to zone(0, 1) in space (-2, -1) tick=1
2026/09/30 21:20:37 Moving unit 29 Heavy Infantry to zone(0, 1) in space (-2, -1) tick=1
2026/09/30 21:20:37 Moving unit 6 Blunt Infantry to zone(-1, 1) in space (-2, 0) tick=1
2026/09/30 21:20:37 Moving unit 9 Blunt Infantry to zone(0, 1) in space (-2, -1) tick=1
2026/09/30 21:20:37 Moving unit 15 Blunt Infantry to zone(0, 1) in space (-2, -1) tick=1
2026/09/30 21:20:37 Moving unit 7 Blunt Infantry to zone(0, 1) in space (-2, -1) tick=1
2026/09/30 21:20:37 Moving unit 10 Blunt Infantry to zone(0, 1) in space (-2, -1) tick=1
2026/09/30 21:20:37 Moving unit 12 Blunt Infantry to zone(0, 1) in space (-2, -1) tick=1
2026/09/30 21:20:37 Moving unit 19 Piercing Infantry to zone(0, -1) in space (-2, 0) tick=1
2026/09/30 21:20:37 Moving unit 20 Piercing Infantry to zone(0, -1) in space (-2, 0) tick=1
2026/09/30 21:20:37 Moving unit 23 Piercing Infantry to zone(0, -1) in space (-2, 0) tick=1
2026/09/30 21:20:37 Moving unit 25 Heavy Infantry to zone(0, 1) in space (-2, -1) tick=1
2026/09/30 21:20:37 Moving unit 30 Heavy Infantry to zone(0, 1) in space (-2, -1) tick=1
2026/09/30 21:20:37 Moving unit 32 Blunt Infantry to zone(1, 0) in space (-4, 4) tick=1
2026/09/30 21:20:37 state_hash turn=7 tick=1 hash=a0d37f55572e88b9
2026/09/30 21:20:37 Moving unit 4 Blunt Infantry to zone(0, -1) in space (-2, 0) tick=2
2026/09/30 21:20:37 Moving unit 16 Blunt Infantry to zone(0, -1) in space (-2, 0) tick=2
2026/09/30 21:20:37 Moving unit 18 Piercing Infantry to zone(0, 0) in space (-2, 0) tick=2
2026/09/30 21:20:37 Moving unit 24 Piercing Infantry to zone(0, 0) in space (-2, 0) tick=2
2026/09/30 21:20:37 Moving unit 26 Heavy Infantry to zone(0, -1) in space (-2, 0) tick=2
2026/09/30 21:20:37 Moving unit 14 Blunt Infantry to zone(0, -1) in space (-2, 0) tick=2
2026/09/30 21:20:37 Moving unit 1 Blunt Infantry to zone(0, -1) in space (-2, 0) tick=2
2026/09/30 21:20:37 Moving unit 3 Blunt Infantry to zone(-1, 1) in space (-2, 0) tick=2
2026/09/30 21:20:37 Moving unit 8 Blunt Infantry to zone(0, -1) in space (-2, 0) tick=2
2026/09/30 21:20:37 Moving unit 11 Blunt Infantry to zone(0, -1) in space (-2, 0) tick=2
2026/09/30 21:20:37 Moving unit 17 Piercing Infantry to zone(0, 0) in space (-2, 0) tick=2
2026/09/30 21:20:37 Moving unit 21 Piercing Infantry to zone(0, 0) in space (-2, 0) tick=2
2026/09/30 21:20:37 Moving unit 28 Heavy Infantry to zone(0, -1) in space (-2, 0) tick=2
2026/09/30 21:20:37 Moving unit 2 Blunt Infantry to zone(0, 0) in space (-2, 0) tick=2
2026/09/30 21:20:37 Moving unit 13 Blunt Infantry to zone(0, -1) in space (-2, 0) tick=2
2026/09/30 21:20:37 Moving unit 22 Piercing Infantry to zone(0, 0) in space (-2, 0) tick=2
2026/09/30 21:20:37 Moving unit 27 Heavy Infantry to zone(0, -1) in space (-2, 0) tick=2
2026/09/30 21:20:37 Moving unit 29 Heavy Infantry to zone(0, -1) in space (-2, 0) tick=2
2026/09/30 21:20:37 Moving unit 6 Blunt Infantry to zone(1, -1) in space (-3, 1) tick=2
2026/09/30 21:20:37 Moving unit 9 Blunt Infantry to zone(0, -1) in space (-2, 0) tick=2
2026/09/30 21:20:37 Moving unit 15 Blunt Infantry to zone(0, -1) in space (-2, 0) tick=2
2026/09/30 21:20:37 Moving unit 7 Blunt Infantry to zone(0, -1) in space (-2, 0) tick=2
2026/09/30 21:20:37 Moving unit 10 Blunt Infantry to zone(0, -1) in space (-2, 0) tick=2
2026/09/30 21:20:37 Moving unit 12 Blunt Infantry to zone(0, -1) in space (-2, 0) tick=2
2026/09/30 21:20:37 Moving unit 19 Piercing Infantry to zone(0, 0) in space (-2, 0) tick=2
2026/09/30 21:20:37 Moving unit 20 Piercing Infantry to zone(0, 0) in space (-2, 0) tick=2
2026/09/30 21:20:37 Moving unit 23 Piercing Infantry to zone(0, 0) in space (-2, 0) tick=2
2026/09/30 21:20:37 Moving unit 25 Heavy Infantry to zone(0, -1) in space (-2, 0) tick=2
2026/09/30 21:20:37 Moving unit 30 Heavy Infantry to zone(0, -1) in space (-2, 0) tick=2
2026/09/30 21:20:37 Moving unit 32 Blunt Infantry to zone(-1, 0) in space (-3, 4) tick=2
2026/09/30 21:20:37 state_hash turn=7 tick=2 hash=d1b695e293766478
2026/09/30 21:20:37 Moving unit 27 Heavy Infantry to zone(0, 0) in space (-2, 0) tick=3
2026/09/30 21:20:37 Moving unit 29 Heavy Infantry to zone(0, 0) in space (-2, 0) tick=3
2026/09/30 21:20:37 Moving unit 6 Blunt Infantry to zone(0, 0) in space (-3, 1) tick=3
2026/09/30 21:20:37 Moving unit 9 Blunt Infantry to zone(0, 0) in space (-2, 0) tick=3
2026/09/30 21:20:37 Moving unit 15 Blunt Infantry to zone(0, 0) in space (-2, 0) tick=3
2026/09/30 21:20:37 Moving unit 7 Blunt Infantry to zone(0, 0) in space (-2, 0) tick=3
2026/09/30 21:20:37 Moving unit 10 Blunt Infantry to zone(0, 0) in space (-2, 0) tick=3
2026/09/30 21:20:37 Moving unit 12 Blunt Infantry to zone(0, 0) in space (-2, 0) tick=3
2026/09/30 21:20:37 Moving unit 19 Piercing Infantry to zone(-1, 1) in space (-2, 0) tick=3
2026/09/30 21:20:37 Moving unit 20 Piercing Infantry to zone(-1, 1) in space (-2, 0) tick=3
2026/09/30 21:20:37 Moving unit 23 Piercing Infantry to zone(-1, 1) in space (-2, 0) tick=3
2026/09/30 21:20:37 Moving unit 25 Heavy Infantry to zone(0, 0) in space (-2, 0) tick=3
2026/09/30 21:20:37 Moving unit 30 Heavy Infantry to zone(0, 0) in space (-2, 0) tick=3
2026/09/30 21:20:37 Moving unit 4 Blunt Infantry to zone(0, 0) in space (-2, 0) tick=3
2026/09/30 21:20:37 Moving unit 16 Blunt Infantry to zone(0, 0) in space (-2, 0) tick=3
2026/09/30 21:20:37 Moving unit 18 Piercing Infantry to zone(-1, 1) in space (-2, 0) tick=3
2026/09/30 21:20:37 Moving unit 24 Piercing Infantry to zone(-1, 1) in space (-2, 0) tick=3
2026/09/30 21:20:37 Moving unit 26 Heavy Infantry to zone(0, 0) in space (-2, 0) tick=3
2026/09/30 21:20:37 Moving unit 14 Blunt Infantry to zone(0, 0) in space (-2, 0) tick=3
2026/09/30 21:20:37 Moving unit 1 Blunt Infantry to zone(0, 0) in space (-2, 0) tick=3
2026/09/30 21:20:37 Moving unit 3 Blunt Infantry to zone(1, -1) in space (-3, 1) tick=3
2026/09/30 21:20:37 Moving unit 8 Blunt Infantry to zone(0, 0) in space (-2, 0) tick=3
2026/09/30 21:20:37 Moving unit 11 Blunt Infantry to zone(0, 0) in space (-2, 0) tick=3
2026/09/30 21:20:37 Moving unit 17 Piercing Infantry to zone(-1, 1) in space (-2, 0) tick=3
2026/09/30 21:20:37 Moving unit 21 Piercing Infantry to zone(-1, 1) in space (-2, 0) tick=3
2026/09/30 21:20:37 Moving unit 28 Heavy Infantry to zone(0, 0) in space (-2, 0) tick=3
2026/09/30 21:20:37 Moving unit 2 Blunt Infantry to zone(-1, 1) in space (-2, 0) tick=3
2026/09/30 21:20:37 Moving unit 13 Blunt Infantry to zone(0, 0) in space (-2, 0) tick=3
2026/09/30 21:20:37 Moving unit 22 Piercing Infantry to zone(-1, 1) in space (-2, 0) tick=3
2026/09/30 21:20:37 Moving unit 32 Blunt Infantry to zone(0, 0) in space (-3, 4) tick=3
2026/09/30 21:20:37 state_hash turn=7 tick=3 hash=d92267743f691a42
2026/09/30 21:20:37 Moving unit 6 Blunt Infantry to zone(-1, 1) in space (-3, 1) tick=4
2026/09/30 21:20:37 Moving unit 9 Blunt Infantry to zone(-1, 1) in space (-2, 0) tick=4
2026/09/30 21:20:37 Moving unit 15 Blunt Infantry to zone(-1, 1) in space (-2, 0) tick=4
2026/09/30 21:20:37 Moving unit 7 Blunt Infantry to zone(-1, 1) in space (-2, 0) tick=4
2026/09/30 21:20:37 Moving unit 10 Blunt Infantry to zone(-1, 1) in space (-2, 0) tick=4
2026/09/30 21:20:37 Moving unit 12 Blunt Infantry to zone(-1, 1) in space (-2, 0) tick=4
2026/09/30 21:20:37 Moving unit 4 Blunt Infantry to zone(-1, 1) in space (-2, 0) tick=4
2026/09/30 21:20:37 Moving unit 16 Blunt Infantry to zone(-1, 1) in space (-2, 0) tick=4
2026/09/30 21:20:37 Moving unit 14 Blunt Infantry to zone(-1, 1) in space (-2, 0) tick=4
2026/09/30 21:20:37 Moving unit 1 Blunt Infantry to zone(-1, 1) in space (-2, 0) tick=4
2026/09/30 21:20:37 Moving unit 3 Blunt Infantry to zone(0, 0) in space (-3, 1) tick=4
2026/09/30 21:20:37 Moving unit 8 Blunt Infantry to zone(-1, 1) in space (-2, 0) tick=4
2026/09/30 21:20:37 Moving unit 11 Blunt Infantry to zone(-1, 1) in space (-2, 0) tick=4
2026/09/30 21:20:37 Moving unit 2 Blunt Infantry to zone(1, -1) in space (-3, 1) tick=4
2026/09/30 21:20:37 Moving unit 13 Blunt Infantry to zone(-1, 1) in space (-2, 0) tick=4
2026/09/30 21:20:37 Moving unit 32 Blunt Infantry to zone(1, 0) in space (-3, 4) tick=4
2026/09/30 21:20:37 state_hash turn=7 tick=4 hash=dd6095d3537d95bb
2026/09/30 21:20:37 Moving unit 6 Blunt Infantry to zone(1, -1) in space (-4, 2) tick=5
2026/09/30 21:20:37 Moving unit 9 Blunt Infantry to zone(1, -1) in space (-3, 1) tick=5
2026/09/30 21:20:37 Moving unit 15 Blunt Infantry to zone(1, -1) in space (-3, 1) tick=5
2026/09/30 21:20:37 Moving unit 7 Blunt Infantry to zone(1, -1) in space (-3, 1) tick=5
2026/09/30 21:20:37 Moving unit 10 Blunt Infantry to zone(1, -1) in space (-3, 1) tick=5
2026/09/30 21:20:37 Moving unit 12 Blunt Infantry to zone(1, -1) in space (-3, 1) tick=5
2026/09/30 21:20:37 Moving unit 4 Blunt Infantry to zone(1, -1) in space (-3, 1) tick=5
2026/09/30 21:20:37 Moving unit 16 Blunt Infantry to zone(1, -1) in space (-3, 1) tick=5
2026/09/30 21:20:37 Moving unit 14 Blunt Infantry to zone(1, -1) in space (-3, 1) tick=5
2026/09/30 21:20:37 Moving unit 1 Blunt Infantry to zone(1, -1) in space (-3, 1) tick=5
2026/09/30 21:20:37 Moving unit 3 Blunt Infantry to zone(-1, 1) in space (-3, 1) tick=5
2026/09/30 21:20:37 Moving unit 8 Blunt Infantry to zone(1, -1) in space (-3, 1) tick=5
2026/09/30 21:20:37 Moving unit 11 Blunt Infantry to zone(1, -1) in space (-3, 1) tick=5
2026/09/30 21:20:37 Moving unit 2 Blunt Infantry to zone(0, 0) in space (-3, 1) tick=5
2026/09/30 21:20:37 Moving unit 13 Blunt Infantry to zone(1, -1) in space (-3, 1) tick=5
2026/09/30 21:20:37 Moving unit 32 Blunt Infantry to zone(-1, 0) in space (-2, 4) tick=5
2026/09/30 21:20:37 state_hash turn=7 tick=5 hash=cb1724393e6f1695
2026/09/30 21:20:37 Moving unit 2 Blunt Infantry to zone(-1, 1) in space (-3, 1) tick=6
2026/09/30 21:20:37 Moving unit 32 Blunt Infantry to zone(0, 0) in space (-2, 4) tick=6
2026/09/30 21:20:37 state_hash turn=7 tick=6 hash=89282a6535debdc2
2026/09/30 21:20:37 state_hash turn=7 tick=end hash=1dbfbc3d751fc94c
2026/09/30 21:20:37 ai ai-1: new turn data {"buildings":[],"enemy_buildings":[],"enemy_units":[],"foundations":[],"population":{"current":29,"limit":0},"resources":{"food":200,"gold":26,"stone":100,"wood":200},"spaces":[{"Space":{"X":0,"Y":-4},"Vision":1,"Owner":-1},{"Space":{"X":1,"Y":-4},"Vision":0,"Owner":-1},{"Space":{"X":2,"Y":-4},"Vision":0,"Owner":-1},{"Space":{"X":3,"Y":-4},"Vision":0,"Owner":-1},{"Space":{"X":4,"Y":-4},"Vision":0,"Owner":-1},{"Space":{"X":-1,"Y":-3},"Vision":1,"Owner":0},{"Space":{"X":0,"Y":-3},"Vision":1,"Owner":-1},{"Space":{"X":1,"Y":-3},"Vision":0,"Owner":-1},{"Space":{"X":2,"Y":-3},"Vision":0,"Owner":-1},{"Space":{"X":3,"Y":-3},"Vision":0,"Owner":-1},{"Space":{"X":4,"Y":-3},"Vision":0,"Owner":-1},{"Space":{"X":-2,"Y":-2},"Vision":1,"Owner":0},{"Space":{"X":-1,"Y":-2},"Vision":1,"Owner":0},{"Space":{"X":0,"Y":-2},"Vision":0,"Owner":-1},{"Space":{"X":1,"Y":-2},"Vision":0,"Owner":-1},{"Space":{"X":2,"Y":-2},"Vision":0,"Owner":-1},{"Space":{"X":3,"Y":-2},"Vision":0,"Owner":-1},{"Space":{"X":4,"Y":-2},"Vision":0,"Owner":-1},{"Space":{"X":-3,"Y":-1},"Vision":1,"Owner":0},{"Space":{"X":-2,"Y":-1},"Vision":1,"Owner":0},{"Space":{"X":-1,"Y":-1},"Vision":0,"Owner":-1},{"Space":{"X":0,"Y":-1},"Vision":0,"Owner":-1},{"Space":{"X":1,"Y":-1},"Vision":0,"Owner":-1},{"Space":{"X":2,"Y":-1},"Vision":0,"Owner":-1},{"Space":{"X":3,"Y":-1},"Vision":0,"Owner":-1},{"Space":{"X":4,"Y":-1},"Vision":0,"Owner":-1},{"Space":{"X":-4,"Y":0},"Vision":1,"Owner":-1},{"Space":{"X":-3,"Y":0},"Vision":1,"Owner":0},{"Space":{"X":-2,"Y":0},"Vision":1,"Owner":-1},{"Space":{"X":-1,"Y":0},"Vision":0,"Owner":-1},{"Space":{"X":0,"Y":0},"Vision":0,"Owner":-1},{"Space":{"X":1,"Y":0},"Vision":0,"Owner":-1},{"Space":{"X":2,"Y":0},"Vision":0,"Owner":-1},{"Space":{"X":3,"Y":0},"Vision":0,"Owner":-1},{"Space":{"X":4,"Y":0},"Vision":0,"Owner":-1},{"Space":{"X":-4,"Y":1},"Vision":1,"Owner":-1},{"Space":{"X":-3,"Y":1},"Vision":2,"Owner":0},{"Space":{"X":-2,"Y":1},"Vision":2,"Owner":-1},{"Space":{"X":-1,"Y":1},"Vision":0,"Owner":-1},{"Space":{"X":0,"Y":1},"Vision":0,"Owner":-1},{"Space":{"X":1,"Y":1},"Vision":0,"Owner":-1},{"Space":{"X":2,"Y":1},"Vision":0,"Owner":-1},{"Space":{"X":3,"Y":1},"Vision":0,"Owner":-1},{"Space":{"X":-4,"Y":2},"Vision":2,"Owner":0},{"Space":{"X":-3,"Y":2},"Vision":3,"Owner":1},{"Space":{"X":-2,"Y":2},"Vision":2,"Owner":-1},{"Space":{"X":-1,"Y":2},"Vision":0,"Owner":-1},{"Space":{"X":0,"Y":2},"Vision":0,"Owner":-1},{"Space":{"X":1,"Y":2},"Vision":0,"Owner":-1},{"Space":{"X":2,"Y":2},"Vision":0,"Owner":-1},{"Space":{"X":-4,"Y":3},"Vision":2,"Owner":-1},{"Space":{"X":-3,"Y":3},"Vision":2,"Owner":-1},{"Space":{"X":-2,"Y":3},"Vision":2,"Owner":-1},{"Space":{"X":-1,"Y":3},"Vision":2,"Owner":-1},{"Space":{"X":0,"Y":3},"Vision":0,"Owner":-1},{"Space":{"X":1,"Y":3},"Vision":0,"Owner":-1},{"Space":{"X":-4,"Y":4},"Vision":1,"Owner":-1},{"Space":{"X":-3,"Y":4},"Vision":2,"Owner":-1},{"Space":{"X":-2,"Y":4},"Vision":3,"Owner":1},{"Space":{"X":-1,"Y":4},"Vision":2,"Owner":-1},{"Space":{"X":0,"Y":4},"Vision":0,"Owner":-1}],"units":[{"InternalID":32,"UnitID":11,"Type":2,"Kind":1,"Location":{"Space":{"X":-2,"Y":4},"Zone":{"X":0,"Y":0}},"CurrentStamina":21,"CurrentOrder":null,"Builds":[],"GarrisonedIn":null,"Stance":3,"InterruptCurrent":false,"AttackBack":true,"TargetPriority":"","ActiveOrders":null,"Health":11,"MaxHealth":11},{"InternalID":33,"UnitID":11,"Type":2,"Kind":1,"Location":{"Space":{"X":-3,"Y":2},"Zone":{"X":0,"Y":0}},"CurrentStamina":23,"CurrentOrder":null,"Builds":[],"GarrisonedIn":null,"Stance":3,"InterruptCurrent":false,"AttackBack":true,"TargetPriority":"","ActiveOrders":null,"Health":11,"MaxHealth":11},{"InternalID":34,"UnitID":11,"Type":2,"Kind":1,"Location":{"Space":{"X":-3,"Y":2},"Zone":{"X":0,"Y":0}},"CurrentStamina":23,"CurrentOrder":null,"Builds":[],"GarrisonedIn":null,"Stance":3,"InterruptCurrent":false,"AttackBack":true,"TargetPriority":"","ActiveOrders":null,"Health":11,"MaxHealth":11},{"InternalID":35,"UnitID":11,"Type":2,"Kind":1,"Location":{"Space":{"X":-3,"Y":2},"Zone":{"X":0,"Y":0}},"CurrentStamina":23,"CurrentOrder":null,"Builds":[],"GarrisonedIn":null,"Stance":3,"InterruptCurrent":false,"AttackBack":true,"TargetPriority":"","ActiveOrders":null,"Health":11,"MaxHealth":11},{"InternalID":36,"UnitID":11,"Type":2,"Kind":1,"Location":{"Space":{"X":-3,"Y":2},"Zone":{"X":0,"Y":0}},"CurrentStamina":23,"CurrentOrder":null,"Builds":[],"GarrisonedIn":null,"Stance":3,"InterruptCurrent":false,"AttackBack":true,"TargetPriority":"","ActiveOrders":null,"Health":11,"MaxHealth":11},{"InternalID":37,"UnitID":11,"Type":2,"Kind":1,"Location":{"Space":{"X":-3,"Y":2},"Zone":{"X":0,"Y":0}},"CurrentStamina":23,"CurrentOrder":null,"Builds":[],"GarrisonedIn":null,"Stance":3,"InterruptCurrent":false,"AttackBack":true,"TargetPriority":"","ActiveOrders":null,"Health":11,"MaxHealth":11},{"InternalID":38,"UnitID":11,"Type":2,"Kind":1,"Location":{"Space":{"X":-3,"Y":2},"Zone":{"X":0,"Y":0}},"CurrentStamina":23,"CurrentOrder":null,"Builds":[],"GarrisonedIn":null,"Stance":3,"InterruptCurrent":false,"AttackBack":true,"TargetPriority":"","ActiveOrders":null,"Health":11,"MaxHealth":11},{"InternalID":39,"UnitID":11,"Type":2,"Kind":1,"Location":{"Space":{"X":-3,"Y":2},"Zone":{"X":0,"Y":0}},"CurrentStamina":23,"CurrentOrder":null,"Builds":[],"GarrisonedIn":null,"Stance":3,"InterruptCurrent":false,"AttackBack":true,"TargetPriority":"","ActiveOrders":null,"Health":11,"MaxHealth":11},{"InternalID":40,"UnitID":11,"Type":2,"Kind":1,"Location":{"Space":{"X":-3,"Y":2},"Zone":{"X":0,"Y":0}},"CurrentStamina":23,"CurrentOrder":null,"Builds":[],"GarrisonedIn":null,"Stance":3,"InterruptCurrent":false,"AttackBack":true,"TargetPriority":"","ActiveOrders":null,"Health":11,"MaxHealth":11},{"InternalID":41,"UnitID":11,"Type":2,"Kind":1,"Location":{"Space":{"X":-3,"Y":2},"Zone":{"X":0,"Y":0}},"CurrentStamina":23,"CurrentOrder":null,"Builds":[],"GarrisonedIn":null,"Stance":3,"InterruptCurrent":false,"AttackBack":true,"TargetPriority":"","ActiveOrders":null,"Health":11,"MaxHealth":11},{"InternalID":42,"UnitID":11,"Type":2,"Kind":1,"Location":{"Space":{"X":-3,"Y":2},"Zone":{"X":0,"Y":0}},"CurrentStamina":23,"CurrentOrder":null,"Builds":[],"GarrisonedIn":null,"Stance":3,"InterruptCurrent":false,"AttackBack":true,"TargetPriority":"","ActiveOrders":null,"Health":11,"MaxHealth":11},{"InternalID":43,"UnitID":11,"Type":2,"Kind":1,"Location":{"Space":{"X":-3,"Y":2},"Zone":{"X":0,"Y":0}},"CurrentStamina":23,"CurrentOrder":null,"Builds":[],"GarrisonedIn":null,"Stance":3,"InterruptCurrent":false,"AttackBack":true,"TargetPriority":"","ActiveOrders":null,"Health":11,"MaxHealth":11},{"InternalID":44,"UnitID":11,"Type":2,"Kind":1,"Location":{"Space":{"X":-3,"Y":2},"Zone":{"X":0,"Y":0}},"CurrentStamina":23,"CurrentOrder":null,"Builds":[],"GarrisonedIn":null,"Stance":3,"InterruptCurrent":false,"AttackBack":true,"TargetPriority":"","ActiveOrders":null,"Health":11,"MaxHealth":11},{"InternalID":45,"UnitID":11,"Type":2,"Kind":1,"Location":{"Space":{"X":-3,"Y":2},"Zone":{"X":0,"Y":0}},"CurrentStamina":23,"CurrentOrder":null,"Builds":[],"GarrisonedIn":null,"Stance":3,"InterruptCurrent":false,"AttackBack":true,"TargetPriority":"","ActiveOrders":null,"Health":11,"MaxHealth":11},{"InternalID":46,"UnitID":11,"Type":2,"Kind":1,"Location":{"Space":{"X":-3,"Y":2},"Zone":{"X":0,"Y":0}},"CurrentStamina":23,"CurrentOrder":null,"Builds":[],"GarrisonedIn":null,"Stance":3,"InterruptCurrent":false,"AttackBack":true,"TargetPriority":"","ActiveOrders":null,"Health":11,"MaxHealth":11},{"InternalID":47,"UnitID":12,"Type":2,"Kind":1,"Location":{"Space":{"X":-3,"Y":2},"Zone":{"X":0,"Y":0}},"CurrentStamina":18,"CurrentOrder":null,"Builds":[],"GarrisonedIn":null,"Stance":3,"InterruptCurrent":false,"AttackBack":true,"TargetPriority":"","ActiveOrders":null,"Health":16,"MaxHealth":16},{"InternalID":48,"UnitID":12,"Type":2,"Kind":1,"Location":{"Space":{"X":-3,"Y":2},"Zone":{"X":0,"Y":0}},"CurrentStamina":18,"CurrentOrder":null,"Builds":[],"GarrisonedIn":null,"Stance":3,"InterruptCurrent":false,"AttackBack":true,"TargetPriority":"","ActiveOrders":null,"Health":16,"MaxHealth":16},{"InternalID":49,"UnitID":12,"Type":2,"Kind":1,"Location":{"Space":{"X":-3,"Y":2},"Zone":{"X":0,"Y":0}},"CurrentStamina":18,"CurrentOrder":null,"Builds":[],"GarrisonedIn":null,"Stance":3,"InterruptCurrent":false,"AttackBack":true,"TargetPriority":"","ActiveOrders":null,"Health":16,"MaxHealth":16},{"InternalID":50,"UnitID":12,"Type":2,"Kind":1,"Location":{"Space":{"X":-3,"Y":2},"Zone":{"X":0,"Y":0}},"CurrentStamina":18,"CurrentOrder":null,"Builds":[],"GarrisonedIn":null,"Stance":3,"InterruptCurrent":false,"AttackBack":true,"TargetPriority":"","ActiveOrders":null,"Health":16,"MaxHealth":16},{"InternalID":51,"UnitID":12,"Type":2,"Kind":1,"Location":{"Space":{"X":-3,"Y":2},"Zone":{"X":0,"Y":0}},"CurrentStamina":18,"CurrentOrder":null,"Builds":[],"GarrisonedIn":null,"Stance":3,"InterruptCurrent":false,"AttackBack":true,"TargetPriority":"","ActiveOrders":null,"Health":16,"MaxHealth":16},{"InternalID":52,"UnitID":12,"Type":2,"Kind":1,"Location":{"Space":{"X":-3,"Y":2},"Zone":{"X":0,"Y":0}},"CurrentStamina":18,"CurrentOrder":null,"Builds":[],"GarrisonedIn":null,"Stance":3,"InterruptCurrent":false,"AttackBack":true,"TargetPriority":"","ActiveOrders":null,"Health":16,"MaxHealth":16},{"InternalID":53,"UnitID":12,"Type":2,"Kind":1,"Location":{"Space":{"X":-3,"Y":2},"Zone":{"X":0,"Y":0}},"CurrentStamina":18,"CurrentOrder":null,"Builds":[],"GarrisonedIn":null,"Stance":3,"InterruptCurrent":false,"AttackBack":true,"TargetPriority":"","ActiveOrders":null,"Health":16,"MaxHealth":16},{"InternalID":54,"UnitID":12,"Type":2,"Kind":1,"Location":{"Space":{"X":-3,"Y":2},"Zone":{"X":0,"Y":0}},"CurrentStamina":18,"CurrentOrder":null,"Builds":[],"GarrisonedIn":null,"Stance":3,"InterruptCurrent":false,"AttackBack":true,"TargetPriority":"","ActiveOrders":null,"Health":16,"MaxHealth":16},{"InternalID":55,"UnitID":13,"Type":2,"Kind":1,"Location":{"Space":{"X":-3,"Y":2},"Zone":{"X":0,"Y":0}},"CurrentStamina":12,"CurrentOrder":null,"Builds":[],"GarrisonedIn":null,"Stance":3,"InterruptCurrent":false,"AttackBack":true,"TargetPriority":"","ActiveOrders":null,"Health":50,"MaxHealth":50},{"InternalID":56,"UnitID":13,"Type":2,"Kind":1,"Location":{"Space":{"X":-3,"Y":2},"Zone":{"X":0,"Y":0}},"CurrentStamina":12,"CurrentOrder":null,"Builds":[],"GarrisonedIn":null,"Stance":3,"InterruptCurrent":false,"AttackBack":true,"TargetPriority":"","ActiveOrders":null,"Health":50,"MaxHealth":50},{"InternalID":57,"UnitID":13,"Type":2,"Kind":1,"Location":{"Space":{"X":-3,"Y":2},"Zone":{"X":0,"Y":0}},"CurrentStamina":12,"CurrentOrder":null,"Builds":[],"GarrisonedIn":null,"Stance":3,"InterruptCurrent":false,"AttackBack":true,"TargetPriority":"","ActiveOrders":null,"Health":50,"MaxHealth":50},{"InternalID":58,"UnitID":13,"Type":2,"Kind":1,"Location":{"Space":{"X":-3,"Y":2},"Zone":{"X":0,"Y":0}},"CurrentStamina":12,"CurrentOrder":null,"Builds":[],"GarrisonedIn":null,"Stance":3,"InterruptCurrent":false,"AttackBack":true,"TargetPriority":"","ActiveOrders":null,"Health":50,"MaxHealth":50},{"InternalID":59,"UnitID":13,"Type":2,"Kind":1,"Location":{"Space":{"X":-3,"Y":2},"Zone":{"X":0,"Y":0}},"CurrentStamina":12,"CurrentOrder":null,"Builds":[],"GarrisonedIn":null,"Stance":3,"InterruptCurrent":false,"AttackBack":true,"TargetPriority":"","ActiveOrders":null,"Health":50,"MaxHealth":50},{"InternalID":60,"UnitID":13,"Type":2,"Kind":1,"Location":{"Space":{"X":-3,"Y":2},"Zone":{"X":0,"Y":0}},"CurrentStamina":12,"CurrentOrder":null,"Builds":[],"GarrisonedIn":null,"Stance":3,"InterruptCurrent":false,"AttackBack":true,"TargetPriority":"","ActiveOrders":null,"Health":50,"MaxHealth":50}]}
2026/09/30 21:20:37 ai ai-1: submitting orders [{Subjects:[32] OrderType:2 TargetID:741 ClearPreviousOrders:true}]
2026/09/30 21:20:37 ai ai-1: vars {}
2026/09/30 21:20:37 player action: submit-orders 0 2 map[orders:[{1 [32] 2 741 true}]]
2026/09/30 21:20:37 Executing submit orders for: 1 [{1 [32] 2 741 true}]
2026/09/30 21:20:37 ai ai-0: new turn data {"buildings":[],"enemy_buildings":[],"enemy_units":[],"foundations":[],"population":{"current":30,"limit":0},"resources":{"food":200,"gold":80,"stone":100,"wood":200},"spaces":[{"Space":{"X":0,"Y":-4},"Vision":1,"Owner":-1},{"Space":{"X":1,"Y":-4},"Vision":1,"Owner":-1},{"Space":{"X":2,"Y":-4},"Vision":1,"Owner":-1},{"Space":{"X":3,"Y":-4},"Vision":1,"Owner":-1},{"Space":{"X":4,"Y":-4},"Vision":1,"Owner":-1},{"Space":{"X":-1,"Y":-3},"Vision":2,"Owner":-1},{"Space":{"X":0,"Y":-3},"Vision":2,"Owner":-1},{"Space":{"X":1,"Y":-3},"Vision":1,"Owner":-1},{"Space":{"X":2,"Y":-3},"Vision":1,"Owner":-1},{"Space":{"X":3,"Y":-3},"Vision":1,"Owner":-1},{"Space":{"X":4,"Y":-3},"Vision":1,"Owner":-1},{"Space":{"X":-2,"Y":-2},"Vision":2,"Owner":-1},{"Space":{"X":-1,"Y":-2},"Vision":3,"Owner":0},{"Space":{"X":0,"Y":-2},"Vision":2,"Owner":-1},{"Space":{"X":1,"Y":-2},"Vision":1,"Owner":-1},{"Space":{"X":2,"Y":-2},"Vision":1,"Owner":-1},{"Space":{"X":3,"Y":-2},"Vision":1,"Owner":-1},{"Space":{"X":4,"Y":-2},"Vision":1,"Owner":-1},{"Space":{"X":-3,"Y":-1},"Vision":1,"Owner":-1},{"Space":{"X":-2,"Y":-1},"Vision":2,"Owner":-1},{"Space":{"X":-1,"Y":-1},"Vision":2,"Owner":-1},{"Space":{"X":0,"Y":-1},"Vision":1,"Owner":-1},{"Space":{"X":1,"Y":-1},"Vision":1,"Owner":-1},{"Space":{"X":2,"Y":-1},"Vision":1,"Owner":-1},{"Space":{"X":3,"Y":-1},"Vision":1,"Owner":-1},{"Space":{"X":4,"Y":-1},"Vision":1,"Owner":-1},{"Space":{"X":-4,"Y":0},"Vision":1,"Owner":-1},{"Space":{"X":-3,"Y":0},"Vision":2,"Owner":-1},{"Space":{"X":-2,"Y":0},"Vision":3,"Owner":0},{"Space":{"X":-1,"Y":0},"Vision":2,"Owner":-1},{"Space":{"X":0,"Y":0},"Vision":1,"Owner":-1},{"Space":{"X":1,"Y":0},"Vision":1,"Owner":-1},{"Space":{"X":2,"Y":0},"Vision":1,"Owner":-1},{"Space":{"X":3,"Y":0},"Vision":1,"Owner":-1},{"Space":{"X":4,"Y":0},"Vision":0,"Owner":-1},{"Space":{"X":-4,"Y":1},"Vision":2,"Owner":-1},{"Space":{"X":-3,"Y":1},"Vision":3,"Owner":0},{"Space":{"X":-2,"Y":1},"Vision":2,"Owner":-1},{"Space":{"X":-1,"Y":1},"Vision":1,"Owner":-1},{"Space":{"X":0,"Y":1},"Vision":1,"Owner":-1},{"Space":{"X":1,"Y":1},"Vision":1,"Owner":-1},{"Space":{"X":2,"Y":1},"Vision":1,"Owner":-1},{"Space":{"X":3,"Y":1},"Vision":0,"Owner":-1},{"Space":{"X":-4,"Y":2},"Vision":3,"Owner":0},{"Space":{"X":-3,"Y":2},"Vision":2,"Owner":1},{"Space":{"X":-2,"Y":2},"Vision":1,"Owner":-1},{"Space":{"X":-1,"Y":2},"Vision":1,"Owner":-1},{"Space":{"X":0,"Y":2},"Vision":1,"Owner":-1},{"Space":{"X":1,"Y":2},"Vision":1,"Owner":-1},{"Space":{"X":2,"Y":2},"Vision":0,"Owner":-1},{"Space":{"X":-4,"Y":3},"Vision":2,"Owner":-1},{"Space":{"X":-3,"Y":3},"Vision":1,"Owner":-1},{"Space":{"X":-2,"Y":3},"Vision":1,"Owner":-1},{"Space":{"X":-1,"Y":3},"Vision":1,"Owner":-1},{"Space":{"X":0,"Y":3},"Vision":1,"Owner":-1},{"Space":{"X":1,"Y":3},"Vision":0,"Owner":-1},{"Space":{"X":-4,"Y":4},"Vision":0,"Owner":-1},{"Space":{"X":-3,"Y":4},"Vision":0,"Owner":-1},{"Space":{"X":-2,"Y":4},"Vision":0,"Owner":-1},{"Space":{"X":-1,"Y":4},"Vision":0,"Owner":-1},{"Space":{"X":0,"Y":4},"Vision":0,"Owner":-1}],"units":[{"InternalID":1,"UnitID":11,"Type":2,"Kind":1,"Location":{"Space":{"X":-3,"Y":1},"Zone":{"X":1,"Y":-1}},"CurrentStamina":15,"CurrentOrder":{"Kind":0,"TargetZone":{"Space":{"X":-4,"Y":2},"Zone":{"X":0,"Y":0}},"TargetSpace":null,"TargetResource":null,"TargetUnit":null,"TargetBuilding":null},"Builds":[],"GarrisonedIn":null,"Stance":3,"InterruptCurrent":true,"AttackBack":true,"TargetPriority":"","ActiveOrders":[{"ID":156,"Kind":0}],"Health":7.4,"MaxHealth":11},{"InternalID":2,"UnitID":11,"Type":2,"Kind":1,"Location":{"Space":{"X":-3,"Y":1},"Zone":{"X":-1,"Y":1}},"CurrentStamina":16,"CurrentOrder":{"Kind":0,"TargetZone":{"Space":{"X":-4,"Y":2},"Zone":{"X":0,"Y":0}},"TargetSpace":null,"TargetResource":null,"TargetUnit":null,"TargetBuilding":null},"Builds":[],"GarrisonedIn":null,"Stance":3,"InterruptCurrent":true,"AttackBack":true,"TargetPriority":"","ActiveOrders":[{"ID":157,"Kind":0}],"Health":11,"MaxHealth":11},{"InternalID":3,"UnitID":11,"Type":2,"Kind":1,"Location":{"Space":{"X":-3,"Y":1},"Zone":{"X":-1,"Y":1}},"CurrentStamina":20,"CurrentOrder":{"Kind":0,"TargetZone":{"Space":{"X":-4,"Y":2},"Zone":{"X":0,"Y":0}},"TargetSpace":null,"TargetResource":null,"TargetUnit":null,"TargetBuilding":null},"Builds":[],"GarrisonedIn":null,"Stance":3,"InterruptCurrent":true,"AttackBack":true,"TargetPriority":"","ActiveOrders":[{"ID":158,"Kind":0}],"Health":11,"MaxHealth":11},{"InternalID":4,"UnitID":11,"Type":2,"Kind":1,"Location":{"Space":{"X":-3,"Y":1},"Zone":{"X":1,"Y":-1}},"CurrentStamina":15,"CurrentOrder":{"Kind":0,"TargetZone":{"Space":{"X":-4,"Y":2},"Zone":{"X":0,"Y":0}},"TargetSpace":null,"TargetResource":null,"TargetUnit":null,"TargetBuilding":null},"Builds":[],"GarrisonedIn":null,"Stance":3,"InterruptCurrent":true,"AttackBack":true,"TargetPriority":"","ActiveOrders":[{"ID":159,"Kind":0}],"Health":11,"MaxHealth":11},{"InternalID":5,"UnitID":11,"Type":2,"Kind":1,"Location":{"Space":{"X":-1,"Y":-2},"Zone":{"X":0,"Y":0}},"CurrentStamina":23,"CurrentOrder":null,"Builds":[],"GarrisonedIn":null,"Stance":3,"InterruptCurrent":true,"AttackBack":true,"TargetPriority":"","ActiveOrders":null,"Health":11,"MaxHealth":11},{"InternalID":6,"UnitID":11,"Type":2,"Kind":1,"Location":{"Space":{"X":-4,"Y":2},"Zone":{"X":1,"Y":-1}},"CurrentStamina":15,"CurrentOrder":{"Kind":0,"TargetZone":{"Space":{"X":-4,"Y":2},"Zone":{"X":0,"Y":0}},"TargetSpace":null,"TargetResource":null,"TargetUnit":null,"TargetBuilding":null},"Builds":[],"GarrisonedIn":null,"Stance":3,"InterruptCurrent":false,"AttackBack":true,"TargetPriority":"","ActiveOrders":[{"ID":160,"Kind":0}],"Health":11,"MaxHealth":11},{"InternalID":7,"UnitID":11,"Type":2,"Kind":1,"Location":{"Space":{"X":-3,"Y":1},"Zone":{"X":1,"Y":-1}},"CurrentStamina":15,"CurrentOrder":{"Kind":0,"TargetZone":{"Space":{"X":-4,"Y":2},"Zone":{"X":0,"Y":0}},"TargetSpace":null,"TargetResource":null,"TargetUnit":null,"TargetBuilding":null},"Builds":[],"GarrisonedIn":null,"Stance":3,"InterruptCurrent":true,"AttackBack":true,"TargetPriority":"","ActiveOrders":[{"ID":161,"Kind":0}],"Health":11,"MaxHealth":11},{"InternalID":8,"UnitID":11,"Type":2,"Kind":1,"Location":{"Space":{"X":-3,"Y":1},"Zone":{"X":1,"Y":-1}},"CurrentStamina":15,"CurrentOrder":{"Kind":0,"TargetZone":{"Space":{"X":-4,"Y":2},"Zone":{"X":0,"Y":0}},"TargetSpace":null,"TargetResource":null,"TargetUnit":null,"TargetBuilding":null},"Builds":[],"GarrisonedIn":null,"Stance":3,"InterruptCurrent":true,"AttackBack":true,"TargetPriority":"","ActiveOrders":[{"ID":162,"Kind":0}],"Health":11,"MaxHealth":11},{"InternalID":9,"UnitID":11,"Type":2,"Kind":1,"Location":{"Space":{"X":-3,"Y":1},"Zone":{"X":1,"Y":-1}},"CurrentStamina":15,"CurrentOrder":{"Kind":0,"TargetZone":{"Space":{"X":-4,"Y":2},"Zone":{"X":0,"Y":0}},"TargetSpace":null,"TargetResource":null,"TargetUnit":null,"TargetBuilding":null},"Builds":[],"GarrisonedIn":null,"Stance":3,"InterruptCurrent":true,"AttackBack":true,"TargetPriority":"","ActiveOrders":[{"ID":163,"Kind":0}],"Health":11,"MaxHealth":11},{"InternalID":10,"UnitID":11,"Type":2,"Kind":1,"Location":{"Space":{"X":-3,"Y":1},"Zone":{"X":1,"Y":-1}},"CurrentStamina":15,"CurrentOrder":{"Kind":0,"TargetZone":{"Space":{"X":-4,"Y":2},"Zone":{"X":0,"Y":0}},"TargetSpace":null,"TargetResource":null,"TargetUnit":null,"TargetBuilding":null},"Builds":[],"GarrisonedIn":null,"Stance":3,"InterruptCurrent":true,"AttackBack":true,"TargetPriority":"","ActiveOrders":[{"ID":164,"Kind":0}],"Health":11,"MaxHealth":11},{"InternalID":11,"UnitID":11,"Type":2,"Kind":1,"Location":{"Space":{"X":-3,"Y":1},"Zone":{"X":1,"Y":-1}},"CurrentStamina":15,"CurrentOrder":{"Kind":0,"TargetZone":{"Space":{"X":-4,"Y":2},"Zone":{"X":0,"Y":0}},"TargetSpace":null,"TargetResource":null,"TargetUnit":null,"TargetBuilding":null},"Builds":[],"GarrisonedIn":null,"Stance":3,"InterruptCurrent":true,"AttackBack":true,"TargetPriority":"","ActiveOrders":[{"ID":165,"Kind":0}],"Health":11,"MaxHealth":11},{"InternalID":12,"UnitID":11,"Type":2,"Kind":1,"Location":{"Space":{"X":-3,"Y":1},"Zone":{"X":1,"Y":-1}},"CurrentStamina":15,"CurrentOrder":{"Kind":0,"TargetZone":{"Space":{"X":-4,"Y":2},"Zone":{"X":0,"Y":0}},"TargetSpace":null,"TargetResource":null,"TargetUnit":null,"TargetBuilding":null},"Builds":[],"GarrisonedIn":null,"Stance":3,"InterruptCurrent":true,"AttackBack":true,"TargetPriority":"","ActiveOrders":[{"ID":166,"Kind":0}],"Health":11,"MaxHealth":11},{"InternalID":13,"UnitID":11,"Type":2,"Kind":1,"Location":{"Space":{"X":-3,"Y":1},"Zone":{"X":1,"Y":-1}},"CurrentStamina":15,"CurrentOrder":{"Kind":0,"TargetZone":{"Space":{"X":-4,"Y":2},"Zone":{"X":0,"Y":0}},"TargetSpace":null,"TargetResource":null,"TargetUnit":null,"TargetBuilding":null},"Builds":[],"GarrisonedIn":null,"Stance":3,"InterruptCurrent":true,"AttackBack":true,"TargetPriority":"","ActiveOrders":[{"ID":167,"Kind":0}],"Health":11,"MaxHealth":11},{"InternalID":14,"UnitID":11,"Type":2,"Kind":1,"Location":{"Space":{"X":-3,"Y":1},"Zone":{"X":1,"Y":-1}},"CurrentStamina":15,"CurrentOrder":{"Kind":0,"TargetZone":{"Space":{"X":-4,"Y":2},"Zone":{"X":0,"Y":0}},"TargetSpace":null,"TargetResource":null,"TargetUnit":null,"TargetBuilding":null},"Builds":[],"GarrisonedIn":null,"Stance":3,"InterruptCurrent":true,"AttackBack":true,"TargetPriority":"","ActiveOrders":[{"ID":168,"Kind":0}],"Health":11,"MaxHealth":11},{"InternalID":15,"UnitID":11,"Type":2,"Kind":1,"Location":{"Space":{"X":-3,"Y":1},"Zone":{"X":1,"Y":-1}},"CurrentStamina":15,"CurrentOrder":{"Kind":0,"TargetZone":{"Space":{"X":-4,"Y":2},"Zone":{"X":0,"Y":0}},"TargetSpace":null,"TargetResource":null,"TargetUnit":null,"TargetBuilding":null},"Builds":[],"GarrisonedIn":null,"Stance":3,"InterruptCurrent":true,"AttackBack":true,"TargetPriority":"","ActiveOrders":[{"ID":169,"Kind":0}],"Health":11,"MaxHealth":11},{"InternalID":16,"UnitID":11,"Type":2,"Kind":1,"Location":{"Space":{"X":-3,"Y":1},"Zone":{"X":1,"Y":-1}},"CurrentStamina":15,"CurrentOrder":{"Kind":0,"TargetZone":{"Space":{"X":-4,"Y":2},"Zone":{"X":0,"Y":0}},"TargetSpace":null,"TargetResource":null,"TargetUnit":null,"TargetBuilding":null},"Builds":[],"GarrisonedIn":null,"Stance":3,"InterruptCurrent":true,"AttackBack":true,"TargetPriority":"","ActiveOrders":[{"ID":170,"Kind":0}],"Health":11,"MaxHealth":11},{"InternalID":17,"UnitID":12,"Type":2,"Kind":1,"Location":{"Space":{"X":-2,"Y":0},"Zone":{"X":-1,"Y":1}},"CurrentStamina":16,"CurrentOrder":{"Kind":0,"TargetZone":{"Space":{"X":-4,"Y":2},"Zone":{"X":0,"Y":0}},"TargetSpace":null,"TargetResource":null,"TargetUnit":null,"TargetBuilding":null},"Builds":[],"GarrisonedIn":null,"Stance":3,"InterruptCurrent":true,"AttackBack":true,"TargetPriority":"","ActiveOrders":[{"ID":171,"Kind":0}],"Health":16,"MaxHealth":16},{"InternalID":18,"UnitID":12,"Type":2,"Kind":1,"Location":{"Space":{"X":-2,"Y":0},"Zone":{"X":-1,"Y":1}},"CurrentStamina":16,"CurrentOrder":{"Kind":0,"TargetZone":{"Space":{"X":-4,"Y":2},"Zone":{"X":0,"Y":0}},"TargetSpace":null,"TargetResource":null,"TargetUnit":null,"TargetBuilding":null},"Builds":[],"GarrisonedIn":null,"Stance":3,"InterruptCurrent":true,"AttackBack":true,"TargetPriority":"","ActiveOrders":[{"ID":172,"Kind":0}],"Health":16,"MaxHealth":16},{"InternalID":19,"UnitID":12,"Type":2,"Kind":1,"Location":{"Space":{"X":-2,"Y":0},"Zone":{"X":-1,"Y":1}},"CurrentStamina":16,"CurrentOrder":{"Kind":0,"TargetZone":{"Space":{"X":-4,"Y":2},"Zone":{"X":0,"Y":0}},"TargetSpace":null,"TargetResource":null,"TargetUnit":null,"TargetBuilding":null},"Builds":[],"GarrisonedIn":null,"Stance":3,"InterruptCurrent":true,"AttackBack":true,"TargetPriority":"","ActiveOrders":[{"ID":173,"Kind":0}],"Health":16,"MaxHealth":16},{"InternalID":20,"UnitID":12,"Type":2,"Kind":1,"Location":{"Space":{"X":-2,"Y":0},"Zone":{"X":-1,"Y":1}},"CurrentStamina":16,"CurrentOrder":{"Kind":0,"TargetZone":{"Space":{"X":-4,"Y":2},"Zone":{"X":0,"Y":0}},"TargetSpace":null,"TargetResource":null,"TargetUnit":null,"TargetBuilding":null},"Builds":[],"GarrisonedIn":null,"Stance":3,"InterruptCurrent":true,"AttackBack":true,"TargetPriority":"","ActiveOrders":[{"ID":174,"Kind":0}],"Health":16,"MaxHealth":16},{"InternalID":21,"UnitID":12,"Type":2,"Kind":1,"Location":{"Space":{"X":-2,"Y":0},"Zone":{"X":-1,"Y":1}},"CurrentStamina":16,"CurrentOrder":{"Kind":0,"TargetZone":{"Space":{"X":-4,"Y":2},"Zone":{"X":0,"Y":0}},"TargetSpace":null,"TargetResource":null,"TargetUnit":null,"TargetBuilding":null},"Builds":[],"GarrisonedIn":null,"Stance":3,"InterruptCurrent":true,"AttackBack":true,"TargetPriority":"","ActiveOrders":[{"ID":175,"Kind":0}],"Health":16,"MaxHealth":16},{"InternalID":22,"UnitID":12,"Type":2,"Kind":1,"Location":{"Space":{"X":-2,"Y":0},"Zone":{"X":-1,"Y":1}},"CurrentStamina":16,"CurrentOrder":{"Kind":0,"TargetZone":{"Space":{"X":-4,"Y":2},"Zone":{"X":0,"Y":0}},"TargetSpace":null,"TargetResource":null,"TargetUnit":null,"TargetBuilding":null},"Builds":[],"GarrisonedIn":null,"Stance":3,"InterruptCurrent":true,"AttackBack":true,"TargetPriority":"","ActiveOrders":[{"ID":176,"Kind":0}],"Health":16,"MaxHealth":16},{"InternalID":23,"UnitID":12,"Type":2,"Kind":1,"Location":{"Space":{"X":-2,"Y":0},"Zone":{"X":-1,"Y":1}},"CurrentStamina":16,"CurrentOrder":{"Kind":0,"TargetZone":{"Space":{"X":-4,"Y":2},"Zone":{"X":0,"Y":0}},"TargetSpace":null,"TargetResource":null,"TargetUnit":null,"TargetBuilding":null},"Builds":[],"GarrisonedIn":null,"Stance":3,"InterruptCurrent":true,"AttackBack":true,"TargetPriority":"","ActiveOrders":[{"ID":177,"Kind":0}],"Health":16,"MaxHealth":16},{"InternalID":24,"UnitID":12,"Type":2,"Kind":1,"Location":{"Space":{"X":-2,"Y":0},"Zone":{"X":-1,"Y":1}},"CurrentStamina":16,"CurrentOrder":{"Kind":0,"TargetZone":{"Space":{"X":-4,"Y":2},"Zone":{"X":0,"Y":0}},"TargetSpace":null,"TargetResource":null,"TargetUnit":null,"TargetBuilding":null},"Builds":[],"GarrisonedIn":null,"Stance":3,"InterruptCurrent":true,"AttackBack":true,"TargetPriority":"","ActiveOrders":[{"ID":178,"Kind":0}],"Health":16,"MaxHealth":16},{"InternalID":25,"UnitID":13,"Type":2,"Kind":1,"Location":{"Space":{"X":-2,"Y":0},"Zone":{"X":0,"Y":0}},"CurrentStamina":8,"CurrentOrder":{"Kind":0,"TargetZone":{"Space":{"X":-4,"Y":2},"Zone":{"X":0,"Y":0}},"TargetSpace":null,"TargetResource":null,"TargetUnit":null,"TargetBuilding":null},"Builds":[],"GarrisonedIn":null,"Stance":3,"InterruptCurrent":true,"AttackBack":true,"TargetPriority":"","ActiveOrders":[{"ID":179,"Kind":0}],"Health":50,"MaxHealth":50},{"InternalID":26,"UnitID":13,"Type":2,"Kind":1,"Location":{"Space":{"X":-2,"Y":0},"Zone":{"X":0,"Y":0}},"CurrentStamina":8,"CurrentOrder":{"Kind":0,"TargetZone":{"Space":{"X":-4,"Y":2},"Zone":{"X":0,"Y":0}},"TargetSpace":null,"TargetResource":null,"TargetUnit":null,"TargetBuilding":null},"Builds":[],"GarrisonedIn":null,"Stance":3,"InterruptCurrent":true,"AttackBack":true,"TargetPriority":"","ActiveOrders":[{"ID":180,"Kind":0}],"Health":50,"MaxHealth":50},{"InternalID":27,"UnitID":13,"Type":2,"Kind":1,"Location":{"Space":{"X":-2,"Y":0},"Zone":{"X":0,"Y":0}},"CurrentStamina":8,"CurrentOrder":{"Kind":0,"TargetZone":{"Space":{"X":-4,"Y":2},"Zone":{"X":0,"Y":0}},"TargetSpace":null,"TargetResource":null,"TargetUnit":null,"TargetBuilding":null},"Builds":[],"GarrisonedIn":null,"Stance":3,"InterruptCurrent":true,"AttackBack":true,"TargetPriority":"","ActiveOrders":[{"ID":181,"Kind":0}],"Health":50,"MaxHealth":50},{"InternalID":28,"UnitID":13,"Type":2,"Kind":1,"Location":{"Space":{"X":-2,"Y":0},"Zone":{"X":0,"Y":0}},"CurrentStamina":8,"CurrentOrder":{"Kind":0,"TargetZone":{"Space":{"X":-4,"Y":2},"Zone":{"X":0,"Y":0}},"TargetSpace":null,"TargetResource":null,"TargetUnit":null,"TargetBuilding":null},"Builds":[],"GarrisonedIn":null,"Stance":3,"InterruptCurrent":true,"AttackBack":true,"TargetPriority":"","ActiveOrders":[{"ID":182,"Kind":0}],"Health":50,"MaxHealth":50},{"InternalID":29,"UnitID":13,"Type":2,"Kind":1,"Location":{"Space":{"X":-2,"Y":0},"Zone":{"X":0,"Y":0}},"CurrentStamina":8,"CurrentOrder":{"Kind":0,"TargetZone":{"Space":{"X":-4,"Y":2},"Zone":{"X":0,"Y":0}},"TargetSpace":null,"TargetResource":null,"TargetUnit":null,"TargetBuilding":null},"Builds":[],"GarrisonedIn":null,"Stance":3,"InterruptCurrent":true,"AttackBack":true,"TargetPriority":"","ActiveOrders":[{"ID":183,"Kind":0}],"Health":50,"MaxHealth":50},{"InternalID":30,"UnitID":13,"Type":2,"Kind":1,"Location":{"Space":{"X":-2,"Y":0},"Zone":{"X":0,"Y":0}},"CurrentStamina":8,"CurrentOrder":{"Kind":0,"TargetZone":{"Space":{"X":-4,"Y":2},"Zone":{"X":0,"Y":0}},"TargetSpace":null,"TargetResource":null,"TargetUnit":null,"TargetBuilding":null},"Builds":[],"GarrisonedIn":null,"Stance":3,"InterruptCurrent":true,"AttackBack":true,"TargetPriority":"","ActiveOrders":[{"ID":184,"Kind":0}],"Health":50,"MaxHealth":50}]}
2026/09/30 21:20:37 ai ai-0: submitting orders [{Subjects:[5] OrderType:2 TargetID:32896 ClearPreviousOrders:true}]
2026/09/30 21:20:37 ai ai-0: vars {"B":16,"Hv":6,"Pi":8,"aPowLocal":0,"aThreat":0,"a_engaged":0,"a_odds":1.3,"a_outnumbered":0,"army_target":50,"army_value":3080,"assault":0,"bank_rate":28,"bar_barracks":0.17072129748186085,"bar_redoubt":1.1111111111111112,"barracks":0,"barracks_B":0,"barracks_P":0,"barracks_save":0,"barracks_spend":78.1,"barracks_want":0,"buffer_food":70,"buffer_gold":0,"buffer_stone":0,"buffer_wood":70,"builders":0,"committed":0,"eB":0.09999999999999998,"eGrowth":0,"eH":0,"eMil":0.09999999999999998,"eP":0,"ePow":0.09999999999999998,"ePowEst":0.9411919999999999,"ePowSeen":0.9411919999999999,"eTech":1,"eV":0,"es":1.1,"farm_want":0,"farm_wood_short":0,"farming":0,"fire_barracks":0,"fire_farm0":0,"fire_farm1":0,"fire_farm2":0,"fire_house":0,"fire_outpost":0,"fire_redoubt":0,"fire_smith":0,"fire_vc":0,"food_need":0,"food_over":0,"food_rate":0,"food_slots":1000,"food_workers":0,"free_room":20,"go":0,"gold_income":8,"gold_need":0,"gold_rate":0,"gold_surplus":80,"guaranteed":0,"guard_home":0,"headroom":-30,"hire_B":4307.692307692308,"hire_P":6769.230769230769,"homePow":0,"house_builders":0,"house_urgency":0,"house_want":0,"income_proj":0,"left":0,"lf_food":0,"lf_gold":0,"lf_stone":0,"lf_wood":0,"lump_food":0,"lump_gold":0,"lump_stone":0,"lump_wood":0,"maturity":0,"mil":30,"myTech":1,"n_barracks":0,"n_redoubts":0,"needB":19.99226611026673,"needP":0.007733889733270015,"outpost_want":0,"pikes":0,"planned_food":0,"planned_gold":0,"planned_stone":0,"planned_wood":0,"prod_rate":0,"proj_army":3080,"raid_danger":0,"raid_fails":0,"raid_lost":0,"raid_pause":0,"raid_prev":5,"raid_size":4.8,"raid_wiped":0,"rate":6,"redoubt_H":0,"redoubt_gold_ok":0.8888888888888888,"redoubt_save":0,"redoubt_spend":30,"redoubt_want":0,"redoubts":0,"rf_food":0,"rf_gold":0,"rf_stone":0,"rf_wood":0,"sB4":193.0032784645856,"sP4":0.07466217514172523,"scale_l":0,"scale_r":0,"shareH":0.21606118546845124,"smith_want":0,"smiths":0,"spare":0,"spare_food":0.5,"stone_need":0,"stone_rate":0,"tH":26,"target_spend":400,"tech_food":50,"tech_gold":0,"tech_stone":0,"tech_wood":50,"threat_home":0,"turns_left":-300,"u_barracks":0.2810536082827576,"u_redoubt":0.20165710643722115,"unit_spend":120,"vB":3.7272727272727266,"vH":1.0272727272727271,"vP":0.5227272727272726,"vc_want":0,"vcs":0,"vil_goal":50,"vil_rate":0,"vil_stamina":8,"vil_want":0,"vil_want_last":0,"vil_worth_now":0.6,"vils":0,"w_food":0,"w_gold":0,"w_stone":0,"w_wood":0,"wild_workers":0,"wood_need":0,"wood_rate":0,"workers":0}
2026/09/30 21:20:37 player action: submit-orders 0 1 map[orders:[{0 [5] 2 32896 true}]]
2026/09/30 21:20:37 Executing submit orders for: 0 [{0 [5] 2 32896 true}]
2026/09/30 21:20:37 Resolving active orders
2026/09/30 21:20:37 Moving unit 2 Blunt Infantry to zone(1, -1) in space (-4, 2) tick=1
2026/09/30 21:20:37 Moving unit 13 Blunt Infantry to zone(0, 0) in space (-3, 1) tick=1
2026/09/30 21:20:37 Moving unit 22 Piercing Infantry to zone(1, -1) in space (-3, 1) tick=1
2026/09/30 21:20:37 Moving unit 27 Heavy Infantry to zone(-1, 1) in space (-2, 0) tick=1
2026/09/30 21:20:37 Moving unit 29 Heavy Infantry to zone(-1, 1) in space (-2, 0) tick=1
2026/09/30 21:20:37 Moving unit 6 Blunt Infantry to zone(0, 0) in space (-4, 2) tick=1
2026/09/30 21:20:37 Moving unit 9 Blunt Infantry to zone(0, 0) in space (-3, 1) tick=1
2026/09/30 21:20:37 Moving unit 15 Blunt Infantry to zone(0, 0) in space (-3, 1) tick=1
2026/09/30 21:20:37 Moving unit 7 Blunt Infantry to zone(0, 0) in space (-3, 1) tick=1
2026/09/30 21:20:37 Moving unit 10 Blunt Infantry to zone(0, 0) in space (-3, 1) tick=1
2026/09/30 21:20:37 Moving unit 12 Blunt Infantry to zone(0, 0) in space (-3, 1) tick=1
2026/09/30 21:20:37 Moving unit 19 Piercing Infantry to zone(1, -1) in space (-3, 1) tick=1
2026/09/30 21:20:37 Moving unit 20 Piercing Infantry to zone(1, -1) in space (-3, 1) tick=1
2026/09/30 21:20:37 Moving unit 23 Piercing Infantry to zone(1, -1) in space (-3, 1) tick=1
2026/09/30 21:20:37 Moving unit 25 Heavy Infantry to zone(-1, 1) in space (-2, 0) tick=1
2026/09/30 21:20:37 Moving unit 30 Heavy Infantry to zone(-1, 1) in space (-2, 0) tick=1
2026/09/30 21:20:37 Moving unit 4 Blunt Infantry to zone(0, 0) in space (-3, 1) tick=1
2026/09/30 21:20:37 Moving unit 16 Blunt Infantry to zone(0, 0) in space (-3, 1) tick=1
2026/09/30 21:20:37 Moving unit 18 Piercing Infantry to zone(1, -1) in space (-3, 1) tick=1
2026/09/30 21:20:37 Moving unit 24 Piercing Infantry to zone(1, -1) in space (-3, 1) tick=1
2026/09/30 21:20:37 Moving unit 26 Heavy Infantry to zone(-1, 1) in space (-2, 0) tick=1
2026/09/30 21:20:37 Moving unit 14 Blunt Infantry to zone(0, 0) in space (-3, 1) tick=1
2026/09/30 21:20:37 Moving unit 1 Blunt Infantry to zone(0, 0) in space (-3, 1) tick=1
2026/09/30 21:20:37 Moving unit 3 Blunt Infantry to zone(1, -1) in space (-4, 2) tick=1
2026/09/30 21:20:37 Moving unit 8 Blunt Infantry to zone(0, 0) in space (-3, 1) tick=1
2026/09/30 21:20:37 Moving unit 11 Blunt Infantry to zone(0, 0) in space (-3, 1) tick=1
2026/09/30 21:20:37 Moving unit 5 Blunt Infantry to zone(-1, 1) in space (-1, -2) tick=1
2026/09/30 21:20:37 Moving unit 17 Piercing Infantry to zone(1, -1) in space (-3, 1) tick=1
2026/09/30 21:20:37 Moving unit 21 Piercing Infantry to zone(1, -1) in space (-3, 1) tick=1
2026/09/30 21:20:37 Moving unit 28 Heavy Infantry to zone(-1, 1) in space (-2, 0) tick=1
2026/09/30 21:20:37 Moving unit 32 Blunt Infantry to zone(1, -1) in space (-2, 4) tick=1
2026/09/30 21:20:37 state_hash turn=8 tick=1 hash=37b6adb8551ae236
2026/09/30 21:20:37 Moving unit 4 Blunt Infantry to zone(-1, 1) in space (-3, 1) tick=2
2026/09/30 21:20:37 Moving unit 16 Blunt Infantry to zone(-1, 1) in space (-3, 1) tick=2
2026/09/30 21:20:37 Moving unit 18 Piercing Infantry to zone(0, 0) in space (-3, 1) tick=2
2026/09/30 21:20:37 Moving unit 24 Piercing Infantry to zone(0, 0) in space (-3, 1) tick=2
2026/09/30 21:20:37 Moving unit 26 Heavy Infantry to zone(1, -1) in space (-3, 1) tick=2
2026/09/30 21:20:37 Moving unit 14 Blunt Infantry to zone(-1, 1) in space (-3, 1) tick=2
2026/09/30 21:20:37 Moving unit 1 Blunt Infantry to zone(-1, 1) in space (-3, 1) tick=2
2026/09/30 21:20:37 Moving unit 3 Blunt Infantry to zone(0, 0) in space (-4, 2) tick=2
2026/09/30 21:20:37 Moving unit 8 Blunt Infantry to zone(-1, 1) in space (-3, 1) tick=2
2026/09/30 21:20:37 Moving unit 11 Blunt Infantry to zone(-1, 1) in space (-3, 1) tick=2
2026/09/30 21:20:37 Moving unit 5 Blunt Infantry to zone(1, -1) in space (-2, -1) tick=2
2026/09/30 21:20:37 Moving unit 17 Piercing Infantry to zone(0, 0) in space (-3, 1) tick=2
2026/09/30 21:20:37 Moving unit 21 Piercing Infantry to zone(0, 0) in space (-3, 1) tick=2
2026/09/30 21:20:37 Moving unit 28 Heavy Infantry to zone(1, -1) in space (-3, 1) tick=2
2026/09/30 21:20:37 Moving unit 2 Blunt Infantry to zone(0, 0) in space (-4, 2) tick=2
2026/09/30 21:20:37 Moving unit 13 Blunt Infantry to zone(-1, 1) in space (-3, 1) tick=2
2026/09/30 21:20:37 Moving unit 22 Piercing Infantry to zone(0, 0) in space (-3, 1) tick=2
2026/09/30 21:20:37 Moving unit 27 Heavy Infantry to zone(1, -1) in space (-3, 1) tick=2
2026/09/30 21:20:37 Moving unit 29 Heavy Infantry to zone(1, -1) in space (-3, 1) tick=2
2026/09/30 21:20:37 Moving unit 9 Blunt Infantry to zone(-1, 1) in space (-3, 1) tick=2
2026/09/30 21:20:37 Moving unit 15 Blunt Infantry to zone(-1, 1) in space (-3, 1) tick=2
2026/09/30 21:20:37 Moving unit 7 Blunt Infantry to zone(-1, 1) in space (-3, 1) tick=2
2026/09/30 21:20:37 Moving unit 10 Blunt Infantry to zone(-1, 1) in space (-3, 1) tick=2
2026/09/30 21:20:37 Moving unit 12 Blunt Infantry to zone(-1, 1) in space (-3, 1) tick=2
2026/09/30 21:20:37 Moving unit 19 Piercing Infantry to zone(0, 0) in space (-3, 1) tick=2
2026/09/30 21:20:37 Moving unit 20 Piercing Infantry to zone(0, 0) in space (-3, 1) tick=2
2026/09/30 21:20:37 Moving unit 23 Piercing Infantry to zone(0, 0) in space (-3, 1) tick=2
2026/09/30 21:20:37 Moving unit 25 Heavy Infantry to zone(1, -1) in space (-3, 1) tick=2
2026/09/30 21:20:37 Moving unit 30 Heavy Infantry to zone(1, -1) in space (-3, 1) tick=2
2026/09/30 21:20:37 Moving unit 32 Blunt Infantry to zone(-1, 1) in space (-1, 3) tick=2
2026/09/30 21:20:37 state_hash turn=8 tick=2 hash=f3b0ec976bff0985
2026/09/30 21:20:37 Moving unit 26 Heavy Infantry to zone(0, 0) in space (-3, 1) tick=3
2026/09/30 21:20:37 Moving unit 14 Blunt Infantry to zone(1, -1) in space (-4, 2) tick=3
2026/09/30 21:20:37 Moving unit 1 Blunt Infantry to zone(1, -1) in space (-4, 2) tick=3
2026/09/30 21:20:37 Moving unit 8 Blunt Infantry to zone(1, -1) in space (-4, 2) tick=3
2026/09/30 21:20:37 Moving unit 11 Blunt Infantry to zone(1, -1) in space (-4, 2) tick=3
2026/09/30 21:20:37 Moving unit 5 Blunt Infantry to zone(0, 0) in space (-2, -1) tick=3
2026/09/30 21:20:37 Moving unit 17 Piercing Infantry to zone(-1, 1) in space (-3, 1) tick=3
2026/09/30 21:20:37 Moving unit 21 Piercing Infantry to zone(-1, 1) in space (-3, 1) tick=3
2026/09/30 21:20:37 Moving unit 28 Heavy Infantry to zone(0, 0) in space (-3, 1) tick=3
2026/09/30 21:20:37 Moving unit 13 Blunt Infantry to zone(1, -1) in space (-4, 2) tick=3
2026/09/30 21:20:37 Moving unit 22 Piercing Infantry to zone(-1, 1) in space (-3, 1) tick=3
2026/09/30 21:20:37 Moving unit 27 Heavy Infantry to zone(0, 0) in space (-3, 1) tick=3
2026/09/30 21:20:37 Moving unit 29 Heavy Infantry to zone(0, 0) in space (-3, 1) tick=3
2026/09/30 21:20:37 Moving unit 9 Blunt Infantry to zone(1, -1) in space (-4, 2) tick=3
2026/09/30 21:20:37 Moving unit 15 Blunt Infantry to zone(1, -1) in space (-4, 2) tick=3
2026/09/30 21:20:37 Moving unit 7 Blunt Infantry to zone(1, -1) in space (-4, 2) tick=3
2026/09/30 21:20:37 Moving unit 10 Blunt Infantry to zone(1, -1) in space (-4, 2) tick=3
2026/09/30 21:20:37 Moving unit 12 Blunt Infantry to zone(1, -1) in space (-4, 2) tick=3
2026/09/30 21:20:37 Moving unit 19 Piercing Infantry to zone(-1, 1) in space (-3, 1) tick=3
2026/09/30 21:20:37 Moving unit 20 Piercing Infantry to zone(-1, 1) in space (-3, 1) tick=3
2026/09/30 21:20:37 Moving unit 23 Piercing Infantry to zone(-1, 1) in space (-3, 1) tick=3
2026/09/30 21:20:37 Moving unit 25 Heavy Infantry to zone(0, 0) in space (-3, 1) tick=3
2026/09/30 21:20:37 Moving unit 30 Heavy Infantry to zone(0, 0) in space (-3, 1) tick=3
2026/09/30 21:20:37 Moving unit 4 Blunt Infantry to zone(1, -1) in space (-4, 2) tick=3
2026/09/30 21:20:37 Moving unit 16 Blunt Infantry to zone(1, -1) in space (-4, 2) tick=3
2026/09/30 21:20:37 Moving unit 18 Piercing Infantry to zone(-1, 1) in space (-3, 1) tick=3
2026/09/30 21:20:37 Moving unit 24 Piercing Infantry to zone(-1, 1) in space (-3, 1) tick=3
2026/09/30 21:20:37 Moving unit 32 Blunt Infantry to zone(0, 0) in space (-1, 3) tick=3
2026/09/30 21:20:37 state_hash turn=8 tick=3 hash=c33b8af1bbe5a37b
2026/09/30 21:20:37 Moving unit 4 Blunt Infantry to zone(0, 0) in space (-4, 2) tick=4
2026/09/30 21:20:37 Moving unit 16 Blunt Infantry to zone(0, 0) in space (-4, 2) tick=4
2026/09/30 21:20:37 Moving unit 18 Piercing Infantry to zone(1, -1) in space (-4, 2) tick=4
2026/09/30 21:20:37 Moving unit 24 Piercing Infantry to zone(1, -1) in space (-4, 2) tick=4
2026/09/30 21:20:37 Moving unit 14 Blunt Infantry to zone(0, 0) in space (-4, 2) tick=4
2026/09/30 21:20:37 Moving unit 1 Blunt Infantry to zone(0, 0) in space (-4, 2) tick=4
2026/09/30 21:20:37 Moving unit 8 Blunt Infantry to zone(0, 0) in space (-4, 2) tick=4
2026/09/30 21:20:37 Moving unit 11 Blunt Infantry to zone(0, 0) in space (-4, 2) tick=4
2026/09/30 21:20:37 Moving unit 5 Blunt Infantry to zone(0, 1) in space (-2, -1) tick=4
2026/09/30 21:20:37 Moving unit 17 Piercing Infantry to zone(1, -1) in space (-4, 2) tick=4
2026/09/30 21:20:37 Moving unit 21 Piercing Infantry to zone(1, -1) in space (-4, 2) tick=4
2026/09/30 21:20:37 Moving unit 13 Blunt Infantry to zone(0, 0) in space (-4, 2) tick=4
2026/09/30 21:20:37 Moving unit 22 Piercing Infantry to zone(1, -1) in space (-4, 2) tick=4
2026/09/30 21:20:37 Moving unit 9 Blunt Infantry to zone(0, 0) in space (-4, 2) tick=4
2026/09/30 21:20:37 Moving unit 15 Blunt Infantry to zone(0, 0) in space (-4, 2) tick=4
2026/09/30 21:20:37 Moving unit 7 Blunt Infantry to zone(0, 0) in space (-4, 2) tick=4
2026/09/30 21:20:37 Moving unit 10 Blunt Infantry to zone(0, 0) in space (-4, 2) tick=4
2026/09/30 21:20:37 Moving unit 12 Blunt Infantry to zone(0, 0) in space (-4, 2) tick=4
2026/09/30 21:20:37 Moving unit 19 Piercing Infantry to zone(1, -1) in space (-4, 2) tick=4
2026/09/30 21:20:37 Moving unit 20 Piercing Infantry to zone(1, -1) in space (-4, 2) tick=4
2026/09/30 21:20:37 Moving unit 23 Piercing Infantry to zone(1, -1) in space (-4, 2) tick=4
2026/09/30 21:20:37 Moving unit 32 Blunt Infantry to zone(0, -1) in space (-1, 3) tick=4
2026/09/30 21:20:37 state_hash turn=8 tick=4 hash=cfbed31fc661edb1
2026/09/30 21:20:37 Moving unit 18 Piercing Infantry to zone(0, 0) in space (-4, 2) tick=5
2026/09/30 21:20:37 Moving unit 24 Piercing Infantry to zone(0, 0) in space (-4, 2) tick=5
2026/09/30 21:20:37 Moving unit 5 Blunt Infantry to zone(0, -1) in space (-2, 0) tick=5
2026/09/30 21:20:37 Moving unit 17 Piercing Infantry to zone(0, 0) in space (-4, 2) tick=5
2026/09/30 21:20:37 Moving unit 21 Piercing Infantry to zone(0, 0) in space (-4, 2) tick=5
2026/09/30 21:20:37 Moving unit 22 Piercing Infantry to zone(0, 0) in space (-4, 2) tick=5
2026/09/30 21:20:37 Moving unit 19 Piercing Infantry to zone(0, 0) in space (-4, 2) tick=5
2026/09/30 21:20:37 Moving unit 20 Piercing Infantry to zone(0, 0) in space (-4, 2) tick=5
2026/09/30 21:20:37 Moving unit 23 Piercing Infantry to zone(0, 0) in space (-4, 2) tick=5
2026/09/30 21:20:37 Moving unit 32 Blunt Infantry to zone(0, 1) in space (-1, 2) tick=5
2026/09/30 21:20:37 state_hash turn=8 tick=5 hash=426cd8000640af0a
2026/09/30 21:20:37 Moving unit 5 Blunt Infantry to zone(0, 0) in space (-2, 0) tick=6
2026/09/30 21:20:37 Moving unit 32 Blunt Infantry to zone(0, 0) in space (-1, 2) tick=6
2026/09/30 21:20:37 state_hash turn=8 tick=6 hash=f7140cdfdf3fa5ff
2026/09/30 21:20:37 Moving unit 5 Blunt Infantry to zone(-1, 1) in space (-2, 0) tick=7
2026/09/30 21:20:37 state_hash turn=8 tick=7 hash=99655c900e619fe0
2026/09/30 21:20:37 Moving unit 5 Blunt Infantry to zone(1, -1) in space (-3, 1) tick=8
2026/09/30 21:20:37 state_hash turn=8 tick=8 hash=fecb3d01018e56ad
2026/09/30 21:20:37 state_hash turn=8 tick=end hash=90f938b0a0fbf13b
2026/09/30 21:20:37 ai ai-1: new turn data {"buildings":[],"enemy_buildings":[],"enemy_units":[],"foundations":[],"population":{"current":29,"limit":0},"resources":{"food":200,"gold":30,"stone":100,"wood":200},"spaces":[{"Space":{"X":0,"Y":-4},"Vision":1,"Owner":-1},{"Space":{"X":1,"Y":-4},"Vision":0,"Owner":-1},{"Space":{"X":2,"Y":-4},"Vision":0,"Owner":-1},{"Space":{"X":3,"Y":-4},"Vision":0,"Owner":-1},{"Space":{"X":4,"Y":-4},"Vision":0,"Owner":-1},{"Space":{"X":-1,"Y":-3},"Vision":1,"Owner":0},{"Space":{"X":0,"Y":-3},"Vision":1,"Owner":-1},{"Space":{"X":1,"Y":-3},"Vision":0,"Owner":-1},{"Space":{"X":2,"Y":-3},"Vision":0,"Owner":-1},{"Space":{"X":3,"Y":-3},"Vision":0,"Owner":-1},{"Space":{"X":4,"Y":-3},"Vision":0,"Owner":-1},{"Space":{"X":-2,"Y":-2},"Vision":1,"Owner":0},{"Space":{"X":-1,"Y":-2},"Vision":1,"Owner":0},{"Space":{"X":0,"Y":-2},"Vision":0,"Owner":-1},{"Space":{"X":1,"Y":-2},"Vision":0,"Owner":-1},{"Space":{"X":2,"Y":-2},"Vision":0,"Owner":-1},{"Space":{"X":3,"Y":-2},"Vision":0,"Owner":-1},{"Space":{"X":4,"Y":-2},"Vision":0,"Owner":-1},{"Space":{"X":-3,"Y":-1},"Vision":1,"Owner":0},{"Space":{"X":-2,"Y":-1},"Vision":1,"Owner":0},{"Space":{"X":-1,"Y":-1},"Vision":0,"Owner":-1},{"Space":{"X":0,"Y":-1},"Vision":0,"Owner":-1},{"Space":{"X":1,"Y":-1},"Vision":0,"Owner":-1},{"Space":{"X":2,"Y":-1},"Vision":0,"Owner":-1},{"Space":{"X":3,"Y":-1},"Vision":0,"Owner":-1},{"Space":{"X":4,"Y":-1},"Vision":0,"Owner":-1},{"Space":{"X":-4,"Y":0},"Vision":1,"Owner":-1},{"Space":{"X":-3,"Y":0},"Vision":1,"Owner":0},{"Space":{"X":-2,"Y":0},"Vision":1,"Owner":-1},{"Space":{"X":-1,"Y":0},"Vision":0,"Owner":-1},{"Space":{"X":0,"Y":0},"Vision":0,"Owner":-1},{"Space":{"X":1,"Y":0},"Vision":0,"Owner":-1},{"Space":{"X":2,"Y":0},"Vision":0,"Owner":-1},{"Space":{"X":3,"Y":0},"Vision":0,"Owner":-1},{"Space":{"X":4,"Y":0},"Vision":0,"Owner":-1},{"Space":{"X":-4,"Y":1},"Vision":1,"Owner":-1},{"Space":{"X":-3,"Y":1},"Vision":2,"Owner":0},{"Space":{"X":-2,"Y":1},"Vision":2,"Owner":-1},{"Space":{"X":-1,"Y":1},"Vision":2,"Owner":-1},{"Space":{"X":0,"Y":1},"Vision":2,"Owner":-1},{"Space":{"X":1,"Y":1},"Vision":0,"Owner":-1},{"Space":{"X":2,"Y":1},"Vision":0,"Owner":-1},{"Space":{"X":3,"Y":1},"Vision":0,"Owner":-1},{"Space":{"X":-4,"Y":2},"Vision":2,"Owner":0},{"Space":{"X":-3,"Y":2},"Vision":3,"Owner":1},{"Space":{"X":-2,"Y":2},"Vision":2,"Owner":-1},{"Space":{"X":-1,"Y":2},"Vision":3,"Owner":1},{"Space":{"X":0,"Y":2},"Vision":2,"Owner":-1},{"Space":{"X":1,"Y":2},"Vision":0,"Owner":-1},{"Space":{"X":2,"Y":2},"Vision":0,"Owner":-1},{"Space":{"X":-4,"Y":3},"Vision":2,"Owner":-1},{"Space":{"X":-3,"Y":3},"Vision":2,"Owner":-1},{"Space":{"X":-2,"Y":3},"Vision":2,"Owner":-1},{"Space":{"X":-1,"Y":3},"Vision":2,"Owner":-1},{"Space":{"X":0,"Y":3},"Vision":1,"Owner":-1},{"Space":{"X":1,"Y":3},"Vision":0,"Owner":-1},{"Space":{"X":-4,"Y":4},"Vision":1,"Owner":-1},{"Space":{"X":-3,"Y":4},"Vision":1,"Owner":-1},{"Space":{"X":-2,"Y":4},"Vision":1,"Owner":-1},{"Space":{"X":-1,"Y":4},"Vision":1,"Owner":-1},{"Space":{"X":0,"Y":4},"Vision":0,"Owner":-1}],"units":[{"InternalID":32,"UnitID":11,"Type":2,"Kind":1,"Location":{"Space":{"X":-1,"Y":2},"Zone":{"X":0,"Y":0}},"CurrentStamina":20,"CurrentOrder":null,"Builds":[],"GarrisonedIn":null,"Stance":3,"InterruptCurrent":false,"AttackBack":true,"TargetPriority":"","ActiveOrders":null,"Health":11,"MaxHealth":11},{"InternalID":33,"UnitID":11,"Type":2,"Kind":1,"Location":{"Space":{"X":-3,"Y":2},"Zone":{"X":0,"Y":0}},"CurrentStamina":23,"CurrentOrder":null,"Builds":[],"GarrisonedIn":null,"Stance":3,"InterruptCurrent":false,"AttackBack":true,"TargetPriority":"","ActiveOrders":null,"Health":11,"MaxHealth":11},{"InternalID":34,"UnitID":11,"Type":2,"Kind":1,"Location":{"Space":{"X":-3,"Y":2},"Zone":{"X":0,"Y":0}},"CurrentStamina":23,"CurrentOrder":null,"Builds":[],"GarrisonedIn":null,"Stance":3,"InterruptCurrent":false,"AttackBack":true,"TargetPriority":"","ActiveOrders":null,"Health":11,"MaxHealth":11},{"InternalID":35,"UnitID":11,"Type":2,"Kind":1,"Location":{"Space":{"X":-3,"Y":2},"Zone":{"X":0,"Y":0}},"CurrentStamina":23,"CurrentOrder":null,"Builds":[],"GarrisonedIn":null,"Stance":3,"InterruptCurrent":false,"AttackBack":true,"TargetPriority":"","ActiveOrders":null,"Health":11,"MaxHealth":11},{"InternalID":36,"UnitID":11,"Type":2,"Kind":1,"Location":{"Space":{"X":-3,"Y":2},"Zone":{"X":0,"Y":0}},"CurrentStamina":23,"CurrentOrder":null,"Builds":[],"GarrisonedIn":null,"Stance":3,"InterruptCurrent":false,"AttackBack":true,"TargetPriority":"","ActiveOrders":null,"Health":11,"MaxHealth":11},{"InternalID":37,"UnitID":11,"Type":2,"Kind":1,"Location":{"Space":{"X":-3,"Y":2},"Zone":{"X":0,"Y":0}},"CurrentStamina":23,"CurrentOrder":null,"Builds":[],"GarrisonedIn":null,"Stance":3,"InterruptCurrent":false,"AttackBack":true,"TargetPriority":"","ActiveOrders":null,"Health":11,"MaxHealth":11},{"InternalID":38,"UnitID":11,"Type":2,"Kind":1,"Location":{"Space":{"X":-3,"Y":2},"Zone":{"X":0,"Y":0}},"CurrentStamina":23,"CurrentOrder":null,"Builds":[],"GarrisonedIn":null,"Stance":3,"InterruptCurrent":false,"AttackBack":true,"TargetPriority":"","ActiveOrders":null,"Health":11,"MaxHealth":11},{"InternalID":39,"UnitID":11,"Type":2,"Kind":1,"Location":{"Space":{"X":-3,"Y":2},"Zone":{"X":0,"Y":0}},"CurrentStamina":23,"CurrentOrder":null,"Builds":[],"GarrisonedIn":null,"Stance":3,"InterruptCurrent":false,"AttackBack":true,"TargetPriority":"","ActiveOrders":null,"Health":11,"MaxHealth":11},{"InternalID":40,"UnitID":11,"Type":2,"Kind":1,"Location":{"Space":{"X":-3,"Y":2},"Zone":{"X":0,"Y":0}},"CurrentStamina":23,"CurrentOrder":null,"Builds":[],"GarrisonedIn":null,"Stance":3,"InterruptCurrent":false,"AttackBack":true,"TargetPriority":"","ActiveOrders":null,"Health":11,"MaxHealth":11},{"InternalID":41,"UnitID":11,"Type":2,"Kind":1,"Location":{"Space":{"X":-3,"Y":2},"Zone":{"X":0,"Y":0}},"CurrentStamina":23,"CurrentOrder":null,"Builds":[],"GarrisonedIn":null,"Stance":3,"InterruptCurrent":false,"AttackBack":true,"TargetPriority":"","ActiveOrders":null,"Health":11,"MaxHealth":11},{"InternalID":42,"UnitID":11,"Type":2,"Kind":1,"Location":{"Space":{"X":-3,"Y":2},"Zone":{"X":0,"Y":0}},"CurrentStamina":23,"CurrentOrder":null,"Builds":[],"GarrisonedIn":null,"Stance":3,"InterruptCurrent":false,"AttackBack":true,"TargetPriority":"","ActiveOrders":null,"Health":11,"MaxHealth":11},{"InternalID":43,"UnitID":11,"Type":2,"Kind":1,"Location":{"Space":{"X":-3,"Y":2},"Zone":{"X":0,"Y":0}},"CurrentStamina":23,"CurrentOrder":null,"Builds":[],"GarrisonedIn":null,"Stance":3,"InterruptCurrent":false,"AttackBack":true,"TargetPriority":"","ActiveOrders":null,"Health":11,"MaxHealth":11},{"InternalID":44,"UnitID":11,"Type":2,"Kind":1,"Location":{"Space":{"X":-3,"Y":2},"Zone":{"X":0,"Y":0}},"CurrentStamina":23,"CurrentOrder":null,"Builds":[],"GarrisonedIn":null,"Stance":3,"InterruptCurrent":false,"AttackBack":true,"TargetPriority":"","ActiveOrders":null,"Health":11,"MaxHealth":11},{"InternalID":45,"UnitID":11,"Type":2,"Kind":1,"Location":{"Space":{"X":-3,"Y":2},"Zone":{"X":0,"Y":0}},"CurrentStamina":23,"CurrentOrder":null,"Builds":[],"GarrisonedIn":null,"Stance":3,"InterruptCurrent":false,"AttackBack":true,"TargetPriority":"","ActiveOrders":null,"Health":11,"MaxHealth":11},{"InternalID":46,"UnitID":11,"Type":2,"Kind":1,"Location":{"Space":{"X":-3,"Y":2},"Zone":{"X":0,"Y":0}},"CurrentStamina":23,"CurrentOrder":null,"Builds":[],"GarrisonedIn":null,"Stance":3,"InterruptCurrent":false,"AttackBack":true,"TargetPriority":"","ActiveOrders":null,"Health":11,"MaxHealth":11},{"InternalID":47,"UnitID":12,"Type":2,"Kind":1,"Location":{"Space":{"X":-3,"Y":2},"Zone":{"X":0,"Y":0}},"CurrentStamina":18,"CurrentOrder":null,"Builds":[],"GarrisonedIn":null,"Stance":3,"InterruptCurrent":false,"AttackBack":true,"TargetPriority":"","ActiveOrders":null,"Health":16,"MaxHealth":16},{"InternalID":48,"UnitID":12,"Type":2,"Kind":1,"Location":{"Space":{"X":-3,"Y":2},"Zone":{"X":0,"Y":0}},"CurrentStamina":18,"CurrentOrder":null,"Builds":[],"GarrisonedIn":null,"Stance":3,"InterruptCurrent":false,"AttackBack":true,"TargetPriority":"","ActiveOrders":null,"Health":16,"MaxHealth":16},{"InternalID":49,"UnitID":12,"Type":2,"Kind":1,"Location":{"Space":{"X":-3,"Y":2},"Zone":{"X":0,"Y":0}},"CurrentStamina":18,"CurrentOrder":null,"Builds":[],"GarrisonedIn":null,"Stance":3,"InterruptCurrent":false,"AttackBack":true,"TargetPriority":"","ActiveOrders":null,"Health":16,"MaxHealth":16},{"InternalID":50,"UnitID":12,"Type":2,"Kind":1,"Location":{"Space":{"X":-3,"Y":2},"Zone":{"X":0,"Y":0}},"CurrentStamina":18,"CurrentOrder":null,"Builds":[],"GarrisonedIn":null,"Stance":3,"InterruptCurrent":false,"AttackBack":true,"TargetPriority":"","ActiveOrders":null,"Health":16,"MaxHealth":16},{"InternalID":51,"UnitID":12,"Type":2,"Kind":1,"Location":{"Space":{"X":-3,"Y":2},"Zone":{"X":0,"Y":0}},"CurrentStamina":18,"CurrentOrder":null,"Builds":[],"GarrisonedIn":null,"Stance":3,"InterruptCurrent":false,"AttackBack":true,"TargetPriority":"","ActiveOrders":null,"Health":16,"MaxHealth":16},{"InternalID":52,"UnitID":12,"Type":2,"Kind":1,"Location":{"Space":{"X":-3,"Y":2},"Zone":{"X":0,"Y":0}},"CurrentStamina":18,"CurrentOrder":null,"Builds":[],"GarrisonedIn":null,"Stance":3,"InterruptCurrent":false,"AttackBack":true,"TargetPriority":"","ActiveOrders":null,"Health":16,"MaxHealth":16},{"InternalID":53,"UnitID":12,"Type":2,"Kind":1,"Location":{"Space":{"X":-3,"Y":2},"Zone":{"X":0,"Y":0}},"CurrentStamina":18,"CurrentOrder":null,"Builds":[],"GarrisonedIn":null,"Stance":3,"InterruptCurrent":false,"AttackBack":true,"TargetPriority":"","ActiveOrders":null,"Health":16,"MaxHealth":16},{"InternalID":54,"UnitID":12,"Type":2,"Kind":1,"Location":{"Space":{"X":-3,"Y":2},"Zone":{"X":0,"Y":0}},"CurrentStamina":18,"CurrentOrder":null,"Builds":[],"GarrisonedIn":null,"Stance":3,"InterruptCurrent":false,"AttackBack":true,"TargetPriority":"","ActiveOrders":null,"Health":16,"MaxHealth":16},{"InternalID":55,"UnitID":13,"Type":2,"Kind":1,"Location":{"Space":{"X":-3,"Y":2},"Zone":{"X":0,"Y":0}},"CurrentStamina":12,"CurrentOrder":null,"Builds":[],"GarrisonedIn":null,"Stance":3,"InterruptCurrent":false,"AttackBack":true,"TargetPriority":"","ActiveOrders":null,"Health":50,"MaxHealth":50},{"InternalID":56,"UnitID":13,"Type":2,"Kind":1,"Location":{"Space":{"X":-3,"Y":2},"Zone":{"X":0,"Y":0}},"CurrentStamina":12,"CurrentOrder":null,"Builds":[],"GarrisonedIn":null,"Stance":3,"InterruptCurrent":false,"AttackBack":true,"TargetPriority":"","ActiveOrders":null,"Health":50,"MaxHealth":50},{"InternalID":57,"UnitID":13,"Type":2,"Kind":1,"Location":{"Space":{"X":-3,"Y":2},"Zone":{"X":0,"Y":0}},"CurrentStamina":12,"CurrentOrder":null,"Builds":[],"GarrisonedIn":null,"Stance":3,"InterruptCurrent":false,"AttackBack":true,"TargetPriority":"","ActiveOrders":null,"Health":50,"MaxHealth":50},{"InternalID":58,"UnitID":13,"Type":2,"Kind":1,"Location":{"Space":{"X":-3,"Y":2},"Zone":{"X":0,"Y":0}},"CurrentStamina":12,"CurrentOrder":null,"Builds":[],"GarrisonedIn":null,"Stance":3,"InterruptCurrent":false,"AttackBack":true,"TargetPriority":"","ActiveOrders":null,"Health":50,"MaxHealth":50},{"InternalID":59,"UnitID":13,"Type":2,"Kind":1,"Location":{"Space":{"X":-3,"Y":2},"Zone":{"X":0,"Y":0}},"CurrentStamina":12,"CurrentOrder":null,"Builds":[],"GarrisonedIn":null,"Stance":3,"InterruptCurrent":false,"AttackBack":true,"TargetPriority":"","ActiveOrders":null,"Health":50,"MaxHealth":50},{"InternalID":60,"UnitID":13,"Type":2,"Kind":1,"Location":{"Space":{"X":-3,"Y":2},"Zone":{"X":0,"Y":0}},"CurrentStamina":12,"CurrentOrder":null,"Builds":[],"GarrisonedIn":null,"Stance":3,"InterruptCurrent":false,"AttackBack":true,"TargetPriority":"","ActiveOrders":null,"Health":50,"MaxHealth":50}]}
2026/09/30 21:20:37 ai ai-1: submitting orders [{Subjects:[32] OrderType:2 TargetID:3 ClearPreviousOrders:true}]
2026/09/30 21:20:37 ai ai-1: vars {}
2026/09/30 21:20:37 player action: submit-orders 0 2 map[orders:[{1 [32] 2 3 true}]]
2026/09/30 21:20:37 Executing submit orders for: 1 [{1 [32] 2 3 true}]
2026/09/30 21:20:37 ai ai-0: new turn data {"buildings":[],"enemy_buildings":[],"enemy_units":[],"foundations":[],"population":{"current":30,"limit":0},"resources":{"food":200,"gold":84,"stone":100,"wood":200},"spaces":[{"Space":{"X":0,"Y":-4},"Vision":1,"Owner":-1},{"Space":{"X":1,"Y":-4},"Vision":1,"Owner":-1},{"Space":{"X":2,"Y":-4},"Vision":1,"Owner":-1},{"Space":{"X":3,"Y":-4},"Vision":1,"Owner":-1},{"Space":{"X":4,"Y":-4},"Vision":1,"Owner":-1},{"Space":{"X":-1,"Y":-3},"Vision":1,"Owner":-1},{"Space":{"X":0,"Y":-3},"Vision":1,"Owner":-1},{"Space":{"X":1,"Y":-3},"Vision":1,"Owner":-1},{"Space":{"X":2,"Y":-3},"Vision":1,"Owner":-1},{"Space":{"X":3,"Y":-3},"Vision":1,"Owner":-1},{"Space":{"X":4,"Y":-3},"Vision":1,"Owner":-1},{"Space":{"X":-2,"Y":-2},"Vision":1,"Owner":-1},{"Space":{"X":-1,"Y":-2},"Vision":1,"Owner":-1},{"Space":{"X":0,"Y":-2},"Vision":1,"Owner":-1},{"Space":{"X":1,"Y":-2},"Vision":1,"Owner":-1},{"Space":{"X":2,"Y":-2},"Vision":1,"Owner":-1},{"Space":{"X":3,"Y":-2},"Vision":1,"Owner":-1},{"Space":{"X":4,"Y":-2},"Vision":1,"Owner":-1},{"Space":{"X":-3,"Y":-1},"Vision":1,"Owner":-1},{"Space":{"X":-2,"Y":-1},"Vision":1,"Owner":-1},{"Space":{"X":-1,"Y":-1},"Vision":1,"Owner":-1},{"Space":{"X":0,"Y":-1},"Vision":1,"Owner":-1},{"Space":{"X":1,"Y":-1},"Vision":1,"Owner":-1},{"Space":{"X":2,"Y":-1},"Vision":1,"Owner":-1},{"Space":{"X":3,"Y":-1},"Vision":1,"Owner":-1},{"Space":{"X":4,"Y":-1},"Vision":1,"Owner":-1},{"Space":{"X":-4,"Y":0},"Vision":1,"Owner":-1},{"Space":{"X":-3,"Y":0},"Vision":2,"Owner":-1},{"Space":{"X":-2,"Y":0},"Vision":3,"Owner":-1},{"Space":{"X":-1,"Y":0},"Vision":1,"Owner":-1},{"Space":{"X":0,"Y":0},"Vision":1,"Owner":-1},{"Space":{"X":1,"Y":0},"Vision":1,"Owner":-1},{"Space":{"X":2,"Y":0},"Vision":1,"Owner":-1},{"Space":{"X":3,"Y":0},"Vision":1,"Owner":-1},{"Space":{"X":4,"Y":0},"Vision":0,"Owner":-1},{"Space":{"X":-4,"Y":1},"Vision":2,"Owner":-1},{"Space":{"X":-3,"Y":1},"Vision":3,"Owner":0},{"Space":{"X":-2,"Y":1},"Vision":2,"Owner":-1},{"Space":{"X":-1,"Y":1},"Vision":1,"Owner":-1},{"Space":{"X":0,"Y":1},"Vision":1,"Owner":-1},{"Space":{"X":1,"Y":1},"Vision":1,"Owner":-1},{"Space":{"X":2,"Y":1},"Vision":1,"Owner":-1},{"Space":{"X":3,"Y":1},"Vision":0,"Owner":-1},{"Space":{"X":-4,"Y":2},"Vision":3,"Owner":0},{"Space":{"X":-3,"Y":2},"Vision":2,"Owner":1},{"Space":{"X":-2,"Y":2},"Vision":1,"Owner":-1},{"Space":{"X":-1,"Y":2},"Vision":1,"Owner":-1},{"Space":{"X":0,"Y":2},"Vision":1,"Owner":-1},{"Space":{"X":1,"Y":2},"Vision":1,"Owner":-1},{"Space":{"X":2,"Y":2},"Vision":0,"Owner":-1},{"Space":{"X":-4,"Y":3},"Vision":2,"Owner":-1},{"Space":{"X":-3,"Y":3},"Vision":1,"Owner":-1},{"Space":{"X":-2,"Y":3},"Vision":1,"Owner":-1},{"Space":{"X":-1,"Y":3},"Vision":1,"Owner":-1},{"Space":{"X":0,"Y":3},"Vision":1,"Owner":-1},{"Space":{"X":1,"Y":3},"Vision":0,"Owner":-1},{"Space":{"X":-4,"Y":4},"Vision":0,"Owner":-1},{"Space":{"X":-3,"Y":4},"Vision":0,"Owner":-1},{"Space":{"X":-2,"Y":4},"Vision":0,"Owner":-1},{"Space":{"X":-1,"Y":4},"Vision":0,"Owner":-1},{"Space":{"X":0,"Y":4},"Vision":0,"Owner":-1}],"units":[{"InternalID":1,"UnitID":11,"Type":2,"Kind":1,"Location":{"Space":{"X":-4,"Y":2},"Zone":{"X":0,"Y":0}},"CurrentStamina":21,"CurrentOrder":null,"Builds":[],"GarrisonedIn":null,"Stance":3,"InterruptCurrent":true,"AttackBack":true,"TargetPriority":"","ActiveOrders":null,"Health":7.4,"MaxHealth":11},{"InternalID":2,"UnitID":11,"Type":2,"Kind":1,"Location":{"Space":{"X":-4,"Y":2},"Zone":{"X":0,"Y":0}},"CurrentStamina":23,"CurrentOrder":null,"Builds":[],"GarrisonedIn":null,"Stance":3,"InterruptCurrent":true,"AttackBack":true,"TargetPriority":"","ActiveOrders":null,"Health":11,"MaxHealth":11},{"InternalID":3,"UnitID":11,"Type":2,"Kind":1,"Location":{"Space":{"X":-4,"Y":2},"Zone":{"X":0,"Y":0}},"CurrentStamina":23,"CurrentOrder":null,"Builds":[],"GarrisonedIn":null,"Stance":3,"InterruptCurrent":true,"AttackBack":true,"TargetPriority":"","ActiveOrders":null,"Health":11,"MaxHealth":11},{"InternalID":4,"UnitID":11,"Type":2,"Kind":1,"Location":{"Space":{"X":-4,"Y":2},"Zone":{"X":0,"Y":0}},"CurrentStamina":21,"CurrentOrder":null,"Builds":[],"GarrisonedIn":null,"Stance":3,"InterruptCurrent":true,"AttackBack":true,"TargetPriority":"","ActiveOrders":null,"Health":11,"MaxHealth":11},{"InternalID":5,"UnitID":11,"Type":2,"Kind":1,"Location":{"Space":{"X":-3,"Y":1},"Zone":{"X":1,"Y":-1}},"CurrentStamina":15,"CurrentOrder":{"Kind":0,"TargetZone":{"Space":{"X":-4,"Y":4},"Zone":{"X":0,"Y":0}},"TargetSpace":null,"TargetResource":null,"TargetUnit":null,"TargetBuilding":null},"Builds":[],"GarrisonedIn":null,"Stance":3,"InterruptCurrent":true,"AttackBack":true,"TargetPriority":"","ActiveOrders":[{"ID":187,"Kind":0}],"Health":11,"MaxHealth":11},{"InternalID":6,"UnitID":11,"Type":2,"Kind":1,"Location":{"Space":{"X":-4,"Y":2},"Zone":{"X":0,"Y":0}},"CurrentStamina":23,"CurrentOrder":null,"Builds":[],"GarrisonedIn":null,"Stance":3,"InterruptCurrent":false,"AttackBack":true,"TargetPriority":"","ActiveOrders":null,"Health":11,"MaxHealth":11},{"InternalID":7,"UnitID":11,"Type":2,"Kind":1,"Location":{"Space":{"X":-4,"Y":2},"Zone":{"X":0,"Y":0}},"CurrentStamina":21,"CurrentOrder":null,"Builds":[],"GarrisonedIn":null,"Stance":3,"InterruptCurrent":true,"AttackBack":true,"TargetPriority":"","ActiveOrders":null,"Health":11,"MaxHealth":11},{"InternalID":8,"UnitID":11,"Type":2,"Kind":1,"Location":{"Space":{"X":-4,"Y":2},"Zone":{"X":0,"Y":0}},"CurrentStamina":21,"CurrentOrder":null,"Builds":[],"GarrisonedIn":null,"Stance":3,"InterruptCurrent":true,"AttackBack":true,"TargetPriority":"","ActiveOrders":null,"Health":11,"MaxHealth":11},{"InternalID":9,"UnitID":11,"Type":2,"Kind":1,"Location":{"Space":{"X":-4,"Y":2},"Zone":{"X":0,"Y":0}},"CurrentStamina":21,"CurrentOrder":null,"Builds":[],"GarrisonedIn":null,"Stance":3,"InterruptCurrent":true,"AttackBack":true,"TargetPriority":"","ActiveOrders":null,"Health":11,"MaxHealth":11},{"InternalID":10,"UnitID":11,"Type":2,"Kind":1,"Location":{"Space":{"X":-4,"Y":2},"Zone":{"X":0,"Y":0}},"CurrentStamina":21,"CurrentOrder":null,"Builds":[],"GarrisonedIn":null,"Stance":3,"InterruptCurrent":true,"AttackBack":true,"TargetPriority":"","ActiveOrders":null,"Health":11,"MaxHealth":11},{"InternalID":11,"UnitID":11,"Type":2,"Kind":1,"Location":{"Space":{"X":-4,"Y":2},"Zone":{"X":0,"Y":0}},"CurrentStamina":21,"CurrentOrder":null,"Builds":[],"GarrisonedIn":null,"Stance":3,"InterruptCurrent":true,"AttackBack":true,"TargetPriority":"","ActiveOrders":null,"Health":11,"MaxHealth":11},{"InternalID":12,"UnitID":11,"Type":2,"Kind":1,"Location":{"Space":{"X":-4,"Y":2},"Zone":{"X":0,"Y":0}},"CurrentStamina":21,"CurrentOrder":null,"Builds":[],"GarrisonedIn":null,"Stance":3,"InterruptCurrent":true,"AttackBack":true,"TargetPriority":"","ActiveOrders":null,"Health":11,"MaxHealth":11},{"InternalID":13,"UnitID":11,"Type":2,"Kind":1,"Location":{"Space":{"X":-4,"Y":2},"Zone":{"X":0,"Y":0}},"CurrentStamina":21,"CurrentOrder":null,"Builds":[],"GarrisonedIn":null,"Stance":3,"InterruptCurrent":true,"AttackBack":true,"TargetPriority":"","ActiveOrders":null,"Health":11,"MaxHealth":11},{"InternalID":14,"UnitID":11,"Type":2,"Kind":1,"Location":{"Space":{"X":-4,"Y":2},"Zone":{"X":0,"Y":0}},"CurrentStamina":21,"CurrentOrder":null,"Builds":[],"GarrisonedIn":null,"Stance":3,"InterruptCurrent":true,"AttackBack":true,"TargetPriority":"","ActiveOrders":null,"Health":11,"MaxHealth":11},{"InternalID":15,"UnitID":11,"Type":2,"Kind":1,"Location":{"Space":{"X":-4,"Y":2},"Zone":{"X":0,"Y":0}},"CurrentStamina":21,"CurrentOrder":null,"Builds":[],"GarrisonedIn":null,"Stance":3,"InterruptCurrent":true,"AttackBack":true,"TargetPriority":"","ActiveOrders":null,"Health":11,"MaxHealth":11},{"InternalID":16,"UnitID":11,"Type":2,"Kind":1,"Location":{"Space":{"X":-4,"Y":2},"Zone":{"X":0,"Y":0}},"CurrentStamina":21,"CurrentOrder":null,"Builds":[],"GarrisonedIn":null,"Stance":3,"InterruptCurrent":true,"AttackBack":true,"TargetPriority":"","ActiveOrders":null,"Health":11,"MaxHealth":11},{"InternalID":17,"UnitID":12,"Type":2,"Kind":1,"Location":{"Space":{"X":-4,"Y":2},"Zone":{"X":0,"Y":0}},"CurrentStamina":13,"CurrentOrder":null,"Builds":[],"GarrisonedIn":null,"Stance":3,"InterruptCurrent":true,"AttackBack":true,"TargetPriority":"","ActiveOrders":null,"Health":16,"MaxHealth":16},{"InternalID":18,"UnitID":12,"Type":2,"Kind":1,"Location":{"Space":{"X":-4,"Y":2},"Zone":{"X":0,"Y":0}},"CurrentStamina":13,"CurrentOrder":null,"Builds":[],"GarrisonedIn":null,"Stance":3,"InterruptCurrent":true,"AttackBack":true,"TargetPriority":"","ActiveOrders":null,"Health":16,"MaxHealth":16},{"InternalID":19,"UnitID":12,"Type":2,"Kind":1,"Location":{"Space":{"X":-4,"Y":2},"Zone":{"X":0,"Y":0}},"CurrentStamina":13,"CurrentOrder":null,"Builds":[],"GarrisonedIn":null,"Stance":3,"InterruptCurrent":true,"AttackBack":true,"TargetPriority":"","ActiveOrders":null,"Health":16,"MaxHealth":16},{"InternalID":20,"UnitID":12,"Type":2,"Kind":1,"Location":{"Space":{"X":-4,"Y":2},"Zone":{"X":0,"Y":0}},"CurrentStamina":13,"CurrentOrder":null,"Builds":[],"GarrisonedIn":null,"Stance":3,"InterruptCurrent":true,"AttackBack":true,"TargetPriority":"","ActiveOrders":null,"Health":16,"MaxHealth":16},{"InternalID":21,"UnitID":12,"Type":2,"Kind":1,"Location":{"Space":{"X":-4,"Y":2},"Zone":{"X":0,"Y":0}},"CurrentStamina":13,"CurrentOrder":null,"Builds":[],"GarrisonedIn":null,"Stance":3,"InterruptCurrent":true,"AttackBack":true,"TargetPriority":"","ActiveOrders":null,"Health":16,"MaxHealth":16},{"InternalID":22,"UnitID":12,"Type":2,"Kind":1,"Location":{"Space":{"X":-4,"Y":2},"Zone":{"X":0,"Y":0}},"CurrentStamina":13,"CurrentOrder":null,"Builds":[],"GarrisonedIn":null,"Stance":3,"InterruptCurrent":true,"AttackBack":true,"TargetPriority":"","ActiveOrders":null,"Health":16,"MaxHealth":16},{"InternalID":23,"UnitID":12,"Type":2,"Kind":1,"Location":{"Space":{"X":-4,"Y":2},"Zone":{"X":0,"Y":0}},"CurrentStamina":13,"CurrentOrder":null,"Builds":[],"GarrisonedIn":null,"Stance":3,"InterruptCurrent":true,"AttackBack":true,"TargetPriority":"","ActiveOrders":null,"Health":16,"MaxHealth":16},{"InternalID":24,"UnitID":12,"Type":2,"Kind":1,"Location":{"Space":{"X":-4,"Y":2},"Zone":{"X":0,"Y":0}},"CurrentStamina":13,"CurrentOrder":null,"Builds":[],"GarrisonedIn":null,"Stance":3,"InterruptCurrent":true,"AttackBack":true,"TargetPriority":"","ActiveOrders":null,"Health":16,"MaxHealth":16},{"InternalID":25,"UnitID":13,"Type":2,"Kind":1,"Location":{"Space":{"X":-3,"Y":1},"Zone":{"X":0,"Y":0}},"CurrentStamina":8,"CurrentOrder":{"Kind":0,"TargetZone":{"Space":{"X":-4,"Y":2},"Zone":{"X":0,"Y":0}},"TargetSpace":null,"TargetResource":null,"TargetUnit":null,"TargetBuilding":null},"Builds":[],"GarrisonedIn":null,"Stance":3,"InterruptCurrent":true,"AttackBack":true,"TargetPriority":"","ActiveOrders":[{"ID":179,"Kind":0}],"Health":50,"MaxHealth":50},{"InternalID":26,"UnitID":13,"Type":2,"Kind":1,"Location":{"Space":{"X":-3,"Y":1},"Zone":{"X":0,"Y":0}},"CurrentStamina":8,"CurrentOrder":{"Kind":0,"TargetZone":{"Space":{"X":-4,"Y":2},"Zone":{"X":0,"Y":0}},"TargetSpace":null,"TargetResource":null,"TargetUnit":null,"TargetBuilding":null},"Builds":[],"GarrisonedIn":null,"Stance":3,"InterruptCurrent":true,"AttackBack":true,"TargetPriority":"","ActiveOrders":[{"ID":180,"Kind":0}],"Health":50,"MaxHealth":50},{"InternalID":27,"UnitID":13,"Type":2,"Kind":1,"Location":{"Space":{"X":-3,"Y":1},"Zone":{"X":0,"Y":0}},"CurrentStamina":8,"CurrentOrder":{"Kind":0,"TargetZone":{"Space":{"X":-4,"Y":2},"Zone":{"X":0,"Y":0}},"TargetSpace":null,"TargetResource":null,"TargetUnit":null,"TargetBuilding":null},"Builds":[],"GarrisonedIn":null,"Stance":3,"InterruptCurrent":true,"AttackBack":true,"TargetPriority":"","ActiveOrders":[{"ID":181,"Kind":0}],"Health":50,"MaxHealth":50},{"InternalID":28,"UnitID":13,"Type":2,"Kind":1,"Location":{"Space":{"X":-3,"Y":1},"Zone":{"X":0,"Y":0}},"CurrentStamina":8,"CurrentOrder":{"Kind":0,"TargetZone":{"Space":{"X":-4,"Y":2},"Zone":{"X":0,"Y":0}},"TargetSpace":null,"TargetResource":null,"TargetUnit":null,"TargetBuilding":null},"Builds":[],"GarrisonedIn":null,"Stance":3,"InterruptCurrent":true,"AttackBack":true,"TargetPriority":"","ActiveOrders":[{"ID":182,"Kind":0}],"Health":50,"MaxHealth":50},{"InternalID":29,"UnitID":13,"Type":2,"Kind":1,"Location":{"Space":{"X":-3,"Y":1},"Zone":{"X":0,"Y":0}},"CurrentStamina":8,"CurrentOrder":{"Kind":0,"TargetZone":{"Space":{"X":-4,"Y":2},"Zone":{"X":0,"Y":0}},"TargetSpace":null,"TargetResource":null,"TargetUnit":null,"TargetBuilding":null},"Builds":[],"GarrisonedIn":null,"Stance":3,"InterruptCurrent":true,"AttackBack":true,"TargetPriority":"","ActiveOrders":[{"ID":183,"Kind":0}],"Health":50,"MaxHealth":50},{"InternalID":30,"UnitID":13,"Type":2,"Kind":1,"Location":{"Space":{"X":-3,"Y":1},"Zone":{"X":0,"Y":0}},"CurrentStamina":8,"CurrentOrder":{"Kind":0,"TargetZone":{"Space":{"X":-4,"Y":2},"Zone":{"X":0,"Y":0}},"TargetSpace":null,"TargetResource":null,"TargetUnit":null,"TargetBuilding":null},"Builds":[],"GarrisonedIn":null,"Stance":3,"InterruptCurrent":true,"AttackBack":true,"TargetPriority":"","ActiveOrders":[{"ID":184,"Kind":0}],"Health":50,"MaxHealth":50}]}
2026/09/30 21:20:37 ai ai-0: submitting orders [{Subjects:[1] OrderType:2 TargetID:32896 ClearPreviousOrders:true} {Subjects:[2] OrderType:2 TargetID:32896 ClearPreviousOrders:true} {Subjects:[3] OrderType:2 TargetID:32896 ClearPreviousOrders:true} {Subjects:[4] OrderType:2 TargetID:32896 ClearPreviousOrders:true} {Subjects:[6] OrderType:2 TargetID:32896 ClearPreviousOrders:true} {Subjects:[7] OrderType:2 TargetID:32896 ClearPreviousOrders:true} {Subjects:[8] OrderType:2 TargetID:32896 ClearPreviousOrders:true} {Subjects:[9] OrderType:2 TargetID:32896 ClearPreviousOrders:true} {Subjects:[10] OrderType:2 TargetID:32896 ClearPreviousOrders:true} {Subjects:[11] OrderType:2 TargetID:32896 ClearPreviousOrders:true} {Subjects:[12] OrderType:2 TargetID:32896 ClearPreviousOrders:true} {Subjects:[13] OrderType:2 TargetID:32896 ClearPreviousOrders:true} {Subjects:[14] OrderType:2 TargetID:32896 ClearPreviousOrders:true} {Subjects:[15] OrderType:2 TargetID:32896 ClearPreviousOrders:true} {Subjects:[16] OrderType:2 TargetID:32896 ClearPreviousOrders:true} {Subjects:[17] OrderType:2 TargetID:32896 ClearPreviousOrders:true} {Subjects:[18] OrderType:2 TargetID:32896 ClearPreviousOrders:true} {Subjects:[19] OrderType:2 TargetID:32896 ClearPreviousOrders:true} {Subjects:[20] OrderType:2 TargetID:32896 ClearPreviousOrders:true} {Subjects:[21] OrderType:2 TargetID:32896 ClearPreviousOrders:true} {Subjects:[22] OrderType:2 TargetID:32896 ClearPreviousOrders:true} {Subjects:[23] OrderType:2 TargetID:32896 ClearPreviousOrders:true} {Subjects:[24] OrderType:2 TargetID:32896 ClearPreviousOrders:true}]
2026/09/30 21:20:37 ai ai-0: vars {"B":16,"Hv":6,"Pi":8,"aPowLocal":0,"aThreat":0,"a_engaged":0,"a_odds":1.3,"a_outnumbered":0,"army_target":50,"army_value":3080,"assault":0,"bank_rate":28,"bar_barracks":0.17072129748186085,"bar_redoubt":1.1111111111111112,"barracks":0,"barracks_B":0,"barracks_P":0,"barracks_save":0,"barracks_spend":78.1,"barracks_want":0,"buffer_food":70,"buffer_gold":0,"buffer_stone":0,"buffer_wood":70,"builders":0,"committed":0,"eB":0,"eGrowth":0,"eH":0,"eMil":0,"eP":0,"ePow":0,"ePowEst":0.9223681599999999,"ePowSeen":0.9223681599999999,"eTech":1,"eV":0,"es":1,"farm_want":0,"farm_wood_short":0,"farming":0,"fire_barracks":0,"fire_farm0":0,"fire_farm1":0,"fire_farm2":0,"fire_house":0,"fire_outpost":0,"fire_redoubt":0,"fire_smith":0,"fire_vc":0,"food_need":0,"food_over":0,"food_rate":0,"food_slots":1000,"food_workers":0,"free_room":20,"go":0,"gold_income":4,"gold_need":0,"gold_rate":0,"gold_surplus":84,"guaranteed":0,"guard_home":0,"headroom":-30,"hire_B":4523.076923076923,"hire_P":7107.692307692308,"homePow":0,"house_builders":0,"house_urgency":0,"house_want":0,"income_proj":0,"left":0,"lf_food":0,"lf_gold":0,"lf_stone":0,"lf_wood":0,"lump_food":0,"lump_gold":0,"lump_stone":0,"lump_wood":0,"maturity":0,"mil":30,"myTech":1,"n_barracks":0,"n_redoubts":0,"needB":19.99511837930193,"needP":0.00488162069807176,"outpost_want":0,"pikes":0,"planned_food":0,"planned_gold":0,"planned_stone":0,"planned_wood":0,"prod_rate":0,"proj_army":3080,"raid_danger":0,"raid_fails":0,"raid_lost":0,"raid_pause":0,"raid_prev":5,"raid_size":4.8,"raid_wiped":0,"rate":6,"redoubt_H":0,"redoubt_gold_ok":0.64,"redoubt_save":0,"redoubt_spend":30,"redoubt_want":0,"redoubts":0,"rf_food":0,"rf_gold":0,"rf_stone":0,"rf_wood":0,"sB4":256,"sP4":0.0625,"scale_l":0,"scale_r":0,"shareH":0.2,"smith_want":0,"smiths":0,"spare":0,"spare_food":0.5,"stone_need":0,"stone_rate":0,"tH":26,"target_spend":400,"tech_food":50,"tech_gold":0,"tech_stone":0,"tech_wood":50,"threat_home":0,"turns_left":-300,"u_barracks":0.2868117797695263,"u_redoubt":0.18666666666666668,"unit_spend":120,"vB":4,"vH":1,"vP":0.5,"vc_want":0,"vcs":0,"vil_goal":50,"vil_rate":0,"vil_stamina":8,"vil_want":0,"vil_want_last":0,"vil_worth_now":0.6,"vils":0,"w_food":0,"w_gold":0,"w_stone":0,"w_wood":0,"wild_workers":0,"wood_need":0,"wood_rate":0,"workers":0}
2026/09/30 21:20:37 player action: submit-orders 0 1 map[orders:[{0 [1] 2 32896 true} {0 [2] 2 32896 true} {0 [3] 2 32896 true} {0 [4] 2 32896 true} {0 [6] 2 32896 true} {0 [7] 2 32896 true} {0 [8] 2 32896 true} {0 [9] 2 32896 true} {0 [10] 2 32896 true} {0 [11] 2 32896 true} {0 [12] 2 32896 true} {0 [13] 2 32896 true} {0 [14] 2 32896 true} {0 [15] 2 32896 true} {0 [16] 2 32896 true} {0 [17] 2 32896 true} {0 [18] 2 32896 true} {0 [19] 2 32896 true} {0 [20] 2 32896 true} {0 [21] 2 32896 true} {0 [22] 2 32896 true} {0 [23] 2 32896 true} {0 [24] 2 32896 true}]]
2026/09/30 21:20:37 Executing submit orders for: 0 [{0 [1] 2 32896 true} {0 [2] 2 32896 true} {0 [3] 2 32896 true} {0 [4] 2 32896 true} {0 [6] 2 32896 true} {0 [7] 2 32896 true} {0 [8] 2 32896 true} {0 [9] 2 32896 true} {0 [10] 2 32896 true} {0 [11] 2 32896 true} {0 [12] 2 32896 true} {0 [13] 2 32896 true} {0 [14] 2 32896 true} {0 [15] 2 32896 true} {0 [16] 2 32896 true} {0 [17] 2 32896 true} {0 [18] 2 32896 true} {0 [19] 2 32896 true} {0 [20] 2 32896 true} {0 [21] 2 32896 true} {0 [22] 2 32896 true} {0 [23] 2 32896 true} {0 [24] 2 32896 true}]
2026/09/30 21:20:37 Resolving active orders
2026/09/30 21:20:37 Moving unit 6 Blunt Infantry to zone(0, 1) in space (-4, 2) tick=1
2026/09/30 21:20:37 Moving unit 9 Blunt Infantry to zone(0, 1) in space (-4, 2) tick=1
2026/09/30 21:20:37 Moving unit 15 Blunt Infantry to zone(0, 1) in space (-4, 2) tick=1
2026/09/30 21:20:37 Moving unit 7 Blunt Infantry to zone(0, 1) in space (-4, 2) tick=1
2026/09/30 21:20:37 Moving unit 10 Blunt Infantry to zone(0, 1) in space (-4, 2) tick=1
2026/09/30 21:20:37 Moving unit 12 Blunt Infantry to zone(0, 1) in space (-4, 2) tick=1
2026/09/30 21:20:37 Moving unit 19 Piercing Infantry to zone(0, 1) in space (-4, 2) tick=1
2026/09/30 21:20:37 Moving unit 20 Piercing Infantry to zone(0, 1) in space (-4, 2) tick=1
2026/09/30 21:20:37 Moving unit 23 Piercing Infantry to zone(0, 1) in space (-4, 2) tick=1
2026/09/30 21:20:37 Moving unit 25 Heavy Infantry to zone(-1, 1) in space (-3, 1) tick=1
2026/09/30 21:20:37 Moving unit 30 Heavy Infantry to zone(-1, 1) in space (-3, 1) tick=1
2026/09/30 21:20:37 Moving unit 4 Blunt Infantry to zone(0, 1) in space (-4, 2) tick=1
2026/09/30 21:20:37 Moving unit 16 Blunt Infantry to zone(0, 1) in space (-4, 2) tick=1
2026/09/30 21:20:37 Moving unit 18 Piercing Infantry to zone(0, 1) in space (-4, 2) tick=1
2026/09/30 21:20:37 Moving unit 24 Piercing Infantry to zone(0, 1) in space (-4, 2) tick=1
2026/09/30 21:20:37 Moving unit 26 Heavy Infantry to zone(-1, 1) in space (-3, 1) tick=1
2026/09/30 21:20:37 Moving unit 14 Blunt Infantry to zone(0, 1) in space (-4, 2) tick=1
2026/09/30 21:20:37 Moving unit 1 Blunt Infantry to zone(0, 1) in space (-4, 2) tick=1
2026/09/30 21:20:37 Moving unit 3 Blunt Infantry to zone(0, 1) in space (-4, 2) tick=1
2026/09/30 21:20:37 Moving unit 8 Blunt Infantry to zone(0, 1) in space (-4, 2) tick=1
2026/09/30 21:20:37 Moving unit 11 Blunt Infantry to zone(0, 1) in space (-4, 2) tick=1
2026/09/30 21:20:37 Moving unit 5 Blunt Infantry to zone(0, 0) in space (-3, 1) tick=1
2026/09/30 21:20:37 Moving unit 17 Piercing Infantry to zone(0, 1) in space (-4, 2) tick=1
2026/09/30 21:20:37 Moving unit 21 Piercing Infantry to zone(0, 1) in space (-4, 2) tick=1
2026/09/30 21:20:37 Moving unit 28 Heavy Infantry to zone(-1, 1) in space (-3, 1) tick=1
2026/09/30 21:20:37 Moving unit 2 Blunt Infantry to zone(0, 1) in space (-4, 2) tick=1
2026/09/30 21:20:37 Moving unit 13 Blunt Infantry to zone(0, 1) in space (-4, 2) tick=1
2026/09/30 21:20:37 Moving unit 22 Piercing Infantry to zone(0, 1) in space (-4, 2) tick=1
2026/09/30 21:20:37 Moving unit 27 Heavy Infantry to zone(-1, 1) in space (-3, 1) tick=1
2026/09/30 21:20:37 Moving unit 29 Heavy Infantry to zone(-1, 1) in space (-3, 1) tick=1
2026/09/30 21:20:37 Moving unit 32 Blunt Infantry to zone(0, -1) in space (-1, 2) tick=1
2026/09/30 21:20:37 state_hash turn=9 tick=1 hash=e13d9f787b825b01
2026/09/30 21:20:37 Moving unit 21 Piercing Infantry to zone(0, -1) in space (-4, 3) tick=2
2026/09/30 21:20:37 Moving unit 28 Heavy Infantry to zone(1, -1) in space (-4, 2) tick=2
2026/09/30 21:20:37 Moving unit 2 Blunt Infantry to zone(0, -1) in space (-4, 3) tick=2
2026/09/30 21:20:37 Moving unit 13 Blunt Infantry to zone(0, -1) in space (-4, 3) tick=2
2026/09/30 21:20:37 Moving unit 22 Piercing Infantry to zone(0, -1) in space (-4, 3) tick=2
2026/09/30 21:20:37 Moving unit 27 Heavy Infantry to zone(1, -1) in space (-4, 2) tick=2
2026/09/30 21:20:37 Moving unit 29 Heavy Infantry to zone(1, -1) in space (-4, 2) tick=2
2026/09/30 21:20:37 Moving unit 6 Blunt Infantry to zone(0, -1) in space (-4, 3) tick=2
2026/09/30 21:20:37 Moving unit 9 Blunt Infantry to zone(0, -1) in space (-4, 3) tick=2
2026/09/30 21:20:37 Moving unit 15 Blunt Infantry to zone(0, -1) in space (-4, 3) tick=2
2026/09/30 21:20:37 Moving unit 7 Blunt Infantry to zone(0, -1) in space (-4, 3) tick=2
2026/09/30 21:20:37 Moving unit 10 Blunt Infantry to zone(0, -1) in space (-4, 3) tick=2
2026/09/30 21:20:37 Moving unit 12 Blunt Infantry to zone(0, -1) in space (-4, 3) tick=2
2026/09/30 21:20:37 Moving unit 19 Piercing Infantry to zone(0, -1) in space (-4, 3) tick=2
2026/09/30 21:20:37 Moving unit 20 Piercing Infantry to zone(0, -1) in space (-4, 3) tick=2
2026/09/30 21:20:37 Moving unit 23 Piercing Infantry to zone(0, -1) in space (-4, 3) tick=2
2026/09/30 21:20:37 Moving unit 25 Heavy Infantry to zone(1, -1) in space (-4, 2) tick=2
2026/09/30 21:20:37 Moving unit 30 Heavy Infantry to zone(1, -1) in space (-4, 2) tick=2
2026/09/30 21:20:37 Moving unit 4 Blunt Infantry to zone(0, -1) in space (-4, 3) tick=2
2026/09/30 21:20:37 Moving unit 16 Blunt Infantry to zone(0, -1) in space (-4, 3) tick=2
2026/09/30 21:20:37 Moving unit 18 Piercing Infantry to zone(0, -1) in space (-4, 3) tick=2
2026/09/30 21:20:37 Moving unit 24 Piercing Infantry to zone(0, -1) in space (-4, 3) tick=2
2026/09/30 21:20:37 Moving unit 26 Heavy Infantry to zone(1, -1) in space (-4, 2) tick=2
2026/09/30 21:20:37 Moving unit 14 Blunt Infantry to zone(0, -1) in space (-4, 3) tick=2
2026/09/30 21:20:37 Moving unit 1 Blunt Infantry to zone(0, -1) in space (-4, 3) tick=2
2026/09/30 21:20:37 Moving unit 3 Blunt Infantry to zone(0, -1) in space (-4, 3) tick=2
2026/09/30 21:20:37 Moving unit 8 Blunt Infantry to zone(0, -1) in space (-4, 3) tick=2
2026/09/30 21:20:37 Moving unit 11 Blunt Infantry to zone(0, -1) in space (-4, 3) tick=2
2026/09/30 21:20:37 Moving unit 5 Blunt Infantry to zone(0, 1) in space (-3, 1) tick=2
2026/09/30 21:20:37 Moving unit 17 Piercing Infantry to zone(0, -1) in space (-4, 3) tick=2
2026/09/30 21:20:37 Moving unit 32 Blunt Infantry to zone(0, 1) in space (-1, 1) tick=2
2026/09/30 21:20:37 state_hash turn=9 tick=2 hash=43c0d7454ebab29a
2026/09/30 21:20:37 Moving unit 30 Heavy Infantry to zone(0, 0) in space (-4, 2) tick=3
2026/09/30 21:20:37 Moving unit 4 Blunt Infantry to zone(0, 0) in space (-4, 3) tick=3
2026/09/30 21:20:37 Moving unit 16 Blunt Infantry to zone(0, 0) in space (-4, 3) tick=3
2026/09/30 21:20:37 Moving unit 18 Piercing Infantry to zone(0, 0) in space (-4, 3) tick=3
2026/09/30 21:20:37 Moving unit 24 Piercing Infantry to zone(0, 0) in space (-4, 3) tick=3
2026/09/30 21:20:37 Moving unit 26 Heavy Infantry to zone(0, 0) in space (-4, 2) tick=3
2026/09/30 21:20:37 Moving unit 14 Blunt Infantry to zone(0, 0) in space (-4, 3) tick=3
2026/09/30 21:20:37 Moving unit 1 Blunt Infantry to zone(0, 0) in space (-4, 3) tick=3
2026/09/30 21:20:37 Moving unit 3 Blunt Infantry to zone(0, 0) in space (-4, 3) tick=3
2026/09/30 21:20:37 Moving unit 8 Blunt Infantry to zone(0, 0) in space (-4, 3) tick=3
2026/09/30 21:20:37 Moving unit 11 Blunt Infantry to zone(0, 0) in space (-4, 3) tick=3
2026/09/30 21:20:37 Moving unit 5 Blunt Infantry to zone(0, -1) in space (-3, 2) tick=3
2026/09/30 21:20:37 Moving unit 17 Piercing Infantry to zone(0, 0) in space (-4, 3) tick=3
2026/09/30 21:20:37 Moving unit 21 Piercing Infantry to zone(0, 0) in space (-4, 3) tick=3
2026/09/30 21:20:37 Moving unit 28 Heavy Infantry to zone(0, 0) in space (-4, 2) tick=3
2026/09/30 21:20:37 Moving unit 2 Blunt Infantry to zone(0, 0) in space (-4, 3) tick=3
2026/09/30 21:20:37 Moving unit 13 Blunt Infantry to zone(0, 0) in space (-4, 3) tick=3
2026/09/30 21:20:37 Moving unit 22 Piercing Infantry to zone(0, 0) in space (-4, 3) tick=3
2026/09/30 21:20:37 Moving unit 27 Heavy Infantry to zone(0, 0) in space (-4, 2) tick=3
2026/09/30 21:20:37 Moving unit 29 Heavy Infantry to zone(0, 0) in space (-4, 2) tick=3
2026/09/30 21:20:37 Moving unit 6 Blunt Infantry to zone(0, 0) in space (-4, 3) tick=3
2026/09/30 21:20:37 Moving unit 9 Blunt Infantry to zone(0, 0) in space (-4, 3) tick=3
2026/09/30 21:20:37 Moving unit 15 Blunt Infantry to zone(0, 0) in space (-4, 3) tick=3
2026/09/30 21:20:37 Moving unit 7 Blunt Infantry to zone(0, 0) in space (-4, 3) tick=3
2026/09/30 21:20:37 Moving unit 10 Blunt Infantry to zone(0, 0) in space (-4, 3) tick=3
2026/09/30 21:20:37 Moving unit 12 Blunt Infantry to zone(0, 0) in space (-4, 3) tick=3
2026/09/30 21:20:37 Moving unit 19 Piercing Infantry to zone(0, 0) in space (-4, 3) tick=3
2026/09/30 21:20:37 Moving unit 20 Piercing Infantry to zone(0, 0) in space (-4, 3) tick=3
2026/09/30 21:20:37 Moving unit 23 Piercing Infantry to zone(0, 0) in space (-4, 3) tick=3
2026/09/30 21:20:37 Moving unit 25 Heavy Infantry to zone(0, 0) in space (-4, 2) tick=3
2026/09/30 21:20:37 Moving unit 32 Blunt Infantry to zone(0, 0) in space (-1, 1) tick=3
2026/09/30 21:20:37 state_hash turn=9 tick=3 hash=80b279a9449f91c4
2026/09/30 21:20:37 Moving unit 4 Blunt Infantry to zone(0, 1) in space (-4, 3) tick=4
2026/09/30 21:20:37 Moving unit 16 Blunt Infantry to zone(0, 1) in space (-4, 3) tick=4
2026/09/30 21:20:37 Moving unit 18 Piercing Infantry to zone(0, 1) in space (-4, 3) tick=4
2026/09/30 21:20:37 Moving unit 24 Piercing Infantry to zone(0, 1) in space (-4, 3) tick=4
2026/09/30 21:20:37 Moving unit 14 Blunt Infantry to zone(0, 1) in space (-4, 3) tick=4
2026/09/30 21:20:37 Moving unit 1 Blunt Infantry to zone(0, 1) in space (-4, 3) tick=4
2026/09/30 21:20:37 Moving unit 3 Blunt Infantry to zone(0, 1) in space (-4, 3) tick=4
2026/09/30 21:20:37 Moving unit 8 Blunt Infantry to zone(0, 1) in space (-4, 3) tick=4
2026/09/30 21:20:37 Moving unit 11 Blunt Infantry to zone(0, 1) in space (-4, 3) tick=4
2026/09/30 21:20:37 Moving unit 5 Blunt Infantry to zone(0, 0) in space (-3, 2) tick=4
2026/09/30 21:20:37 Moving unit 17 Piercing Infantry to zone(0, 1) in space (-4, 3) tick=4
2026/09/30 21:20:37 Moving unit 21 Piercing Infantry to zone(0, 1) in space (-4, 3) tick=4
2026/09/30 21:20:37 Moving unit 2 Blunt Infantry to zone(0, 1) in space (-4, 3) tick=4
2026/09/30 21:20:37 Moving unit 13 Blunt Infantry to zone(0, 1) in space (-4, 3) tick=4
2026/09/30 21:20:37 Moving unit 22 Piercing Infantry to zone(0, 1) in space (-4, 3) tick=4
2026/09/30 21:20:37 Moving unit 6 Blunt Infantry to zone(0, 1) in space (-4, 3) tick=4
2026/09/30 21:20:37 Moving unit 9 Blunt Infantry to zone(0, 1) in space (-4, 3) tick=4
2026/09/30 21:20:37 Moving unit 15 Blunt Infantry to zone(0, 1) in space (-4, 3) tick=4
2026/09/30 21:20:37 Moving unit 7 Blunt Infantry to zone(0, 1) in space (-4, 3) tick=4
2026/09/30 21:20:37 Moving unit 10 Blunt Infantry to zone(0, 1) in space (-4, 3) tick=4
2026/09/30 21:20:37 Moving unit 12 Blunt Infantry to zone(0, 1) in space (-4, 3) tick=4
2026/09/30 21:20:37 Moving unit 19 Piercing Infantry to zone(0, 1) in space (-4, 3) tick=4
2026/09/30 21:20:37 Moving unit 20 Piercing Infantry to zone(0, 1) in space (-4, 3) tick=4
2026/09/30 21:20:37 Moving unit 23 Piercing Infantry to zone(0, 1) in space (-4, 3) tick=4
2026/09/30 21:20:37 Moving unit 33 Blunt Infantry to zone(0, -1) in space (-3, 2) tick=4
2026/09/30 21:20:37 Moving unit 53 Piercing Infantry to zone(0, -1) in space (-3, 2) tick=4
2026/09/30 21:20:37 Moving unit 35 Blunt Infantry to zone(0, -1) in space (-3, 2) tick=4
2026/09/30 21:20:37 Moving unit 42 Blunt Infantry to zone(0, -1) in space (-3, 2) tick=4
2026/09/30 21:20:37 Moving unit 49 Piercing Infantry to zone(0, -1) in space (-3, 2) tick=4
2026/09/30 21:20:37 Moving unit 32 Blunt Infantry to zone(0, -1) in space (-1, 1) tick=4
2026/09/30 21:20:37 Moving unit 36 Blunt Infantry to zone(0, -1) in space (-3, 2) tick=4
2026/09/30 21:20:37 Moving unit 39 Blunt Infantry to zone(0, -1) in space (-3, 2) tick=4
2026/09/30 21:20:37 Moving unit 48 Piercing Infantry to zone(0, -1) in space (-3, 2) tick=4
2026/09/30 21:20:37 Moving unit 51 Piercing Infantry to zone(0, -1) in space (-3, 2) tick=4
2026/09/30 21:20:37 Moving unit 34 Blunt Infantry to zone(0, -1) in space (-3, 2) tick=4
2026/09/30 21:20:37 Moving unit 47 Piercing Infantry to zone(0, -1) in space (-3, 2) tick=4
2026/09/30 21:20:37 Moving unit 52 Piercing Infantry to zone(0, -1) in space (-3, 2) tick=4
2026/09/30 21:20:37 Moving unit 54 Piercing Infantry to zone(0, -1) in space (-3, 2) tick=4
2026/09/30 21:20:37 Moving unit 55 Heavy Infantry to zone(0, -1) in space (-3, 2) tick=4
2026/09/30 21:20:37 Moving unit 56 Heavy Infantry to zone(0, -1) in space (-3, 2) tick=4
2026/09/30 21:20:37 Moving unit 37 Blunt Infantry to zone(0, -1) in space (-3, 2) tick=4
2026/09/30 21:20:37 Moving unit 41 Blunt Infantry to zone(0, -1) in space (-3, 2) tick=4
2026/09/30 21:20:37 Moving unit 44 Blunt Infantry to zone(0, -1) in space (-3, 2) tick=4
2026/09/30 21:20:37 Moving unit 57 Heavy Infantry to zone(0, -1) in space (-3, 2) tick=4
2026/09/30 21:20:37 Moving unit 59 Heavy Infantry to zone(0, -1) in space (-3, 2) tick=4
2026/09/30 21:20:37 Moving unit 40 Blunt Infantry to zone(0, -1) in space (-3, 2) tick=4
2026/09/30 21:20:37 Moving unit 46 Blunt Infantry to zone(0, -1) in space (-3, 2) tick=4
2026/09/30 21:20:37 Moving unit 50 Piercing Infantry to zone(0, -1) in space (-3, 2) tick=4
2026/09/30 21:20:37 Moving unit 60 Heavy Infantry to zone(0, -1) in space (-3, 2) tick=4
2026/09/30 21:20:37 Moving unit 38 Blunt Infantry to zone(0, -1) in space (-3, 2) tick=4
2026/09/30 21:20:37 Moving unit 43 Blunt Infantry to zone(0, -1) in space (-3, 2) tick=4
2026/09/30 21:20:37 Moving unit 45 Blunt Infantry to zone(0, -1) in space (-3, 2) tick=4
2026/09/30 21:20:37 Moving unit 58 Heavy Infantry to zone(0, -1) in space (-3, 2) tick=4
2026/09/30 21:20:37 state_hash turn=9 tick=4 hash=a90a967a708de58c
2026/09/30 21:20:37 Moving unit 14 Blunt Infantry to zone(0, -1) in space (-4, 4) tick=5
2026/09/30 21:20:37 Moving unit 1 Blunt Infantry to zone(0, -1) in space (-4, 4) tick=5
2026/09/30 21:20:37 Moving unit 3 Blunt Infantry to zone(0, -1) in space (-4, 4) tick=5
2026/09/30 21:20:37 Moving unit 8 Blunt Infantry to zone(0, -1) in space (-4, 4) tick=5
2026/09/30 21:20:37 Moving unit 11 Blunt Infantry to zone(0, -1) in space (-4, 4) tick=5
2026/09/30 21:20:37 Moving unit 5 Blunt Infantry to zone(0, -1) in space (-3, 2) tick=5
2026/09/30 21:20:37 Moving unit 2 Blunt Infantry to zone(0, -1) in space (-4, 4) tick=5
2026/09/30 21:20:37 Moving unit 13 Blunt Infantry to zone(0, -1) in space (-4, 4) tick=5
2026/09/30 21:20:37 Moving unit 6 Blunt Infantry to zone(0, -1) in space (-4, 4) tick=5
2026/09/30 21:20:37 Moving unit 9 Blunt Infantry to zone(0, -1) in space (-4, 4) tick=5
2026/09/30 21:20:37 Moving unit 15 Blunt Infantry to zone(0, -1) in space (-4, 4) tick=5
2026/09/30 21:20:37 Moving unit 7 Blunt Infantry to zone(0, -1) in space (-4, 4) tick=5
2026/09/30 21:20:37 Moving unit 10 Blunt Infantry to zone(0, -1) in space (-4, 4) tick=5
2026/09/30 21:20:37 Moving unit 12 Blunt Infantry to zone(0, -1) in space (-4, 4) tick=5
2026/09/30 21:20:37 Moving unit 4 Blunt Infantry to zone(0, -1) in space (-4, 4) tick=5
2026/09/30 21:20:37 Moving unit 16 Blunt Infantry to zone(0, -1) in space (-4, 4) tick=5
2026/09/30 21:20:37 Moving unit 33 Blunt Infantry to zone(0, 0) in space (-3, 2) tick=5
2026/09/30 21:20:37 Moving unit 53 Piercing Infantry to zone(0, 0) in space (-3, 2) tick=5
2026/09/30 21:20:37 Moving unit 35 Blunt Infantry to zone(0, 0) in space (-3, 2) tick=5
2026/09/30 21:20:37 Moving unit 42 Blunt Infantry to zone(0, 0) in space (-3, 2) tick=5
2026/09/30 21:20:37 Moving unit 49 Piercing Infantry to zone(0, 0) in space (-3, 2) tick=5
2026/09/30 21:20:37 Moving unit 32 Blunt Infantry to zone(0, 1) in space (-1, 0) tick=5
2026/09/30 21:20:37 Moving unit 36 Blunt Infantry to zone(0, 0) in space (-3, 2) tick=5
2026/09/30 21:20:37 Moving unit 39 Blunt Infantry to zone(0, 0) in space (-3, 2) tick=5
2026/09/30 21:20:37 Moving unit 48 Piercing Infantry to zone(0, 0) in space (-3, 2) tick=5
2026/09/30 21:20:37 Moving unit 51 Piercing Infantry to zone(0, 0) in space (-3, 2) tick=5
2026/09/30 21:20:37 Moving unit 34 Blunt Infantry to zone(0, 0) in space (-3, 2) tick=5
2026/09/30 21:20:37 Moving unit 47 Piercing Infantry to zone(0, 0) in space (-3, 2) tick=5
2026/09/30 21:20:37 Moving unit 52 Piercing Infantry to zone(0, 0) in space (-3, 2) tick=5
2026/09/30 21:20:37 Moving unit 54 Piercing Infantry to zone(0, 0) in space (-3, 2) tick=5
2026/09/30 21:20:37 Moving unit 55 Heavy Infantry to zone(0, 0) in space (-3, 2) tick=5
2026/09/30 21:20:37 Moving unit 56 Heavy Infantry to zone(0, 0) in space (-3, 2) tick=5
2026/09/30 21:20:37 Moving unit 37 Blunt Infantry to zone(0, 0) in space (-3, 2) tick=5
2026/09/30 21:20:37 Moving unit 41 Blunt Infantry to zone(0, 0) in space (-3, 2) tick=5
2026/09/30 21:20:37 Moving unit 44 Blunt Infantry to zone(0, 0) in space (-3, 2) tick=5
2026/09/30 21:20:37 Moving unit 57 Heavy Infantry to zone(0, 0) in space (-3, 2) tick=5
2026/09/30 21:20:37 Moving unit 59 Heavy Infantry to zone(0, 0) in space (-3, 2) tick=5
2026/09/30 21:20:37 Moving unit 40 Blunt Infantry to zone(0, 0) in space (-3, 2) tick=5
2026/09/30 21:20:37 Moving unit 46 Blunt Infantry to zone(0, 0) in space (-3, 2) tick=5
2026/09/30 21:20:37 Moving unit 50 Piercing Infantry to zone(0, 0) in space (-3, 2) tick=5
2026/09/30 21:20:37 Moving unit 60 Heavy Infantry to zone(0, 0) in space (-3, 2) tick=5
2026/09/30 21:20:37 Moving unit 38 Blunt Infantry to zone(0, 0) in space (-3, 2) tick=5
2026/09/30 21:20:37 Moving unit 43 Blunt Infantry to zone(0, 0) in space (-3, 2) tick=5
2026/09/30 21:20:37 Moving unit 45 Blunt Infantry to zone(0, 0) in space (-3, 2) tick=5
2026/09/30 21:20:37 Moving unit 58 Heavy Infantry to zone(0, 0) in space (-3, 2) tick=5
2026/09/30 21:20:37 state_hash turn=9 tick=5 hash=54c41e5759ac7695
2026/09/30 21:20:37 Moving unit 4 Blunt Infantry to zone(0, 0) in space (-4, 4) tick=6
2026/09/30 21:20:37 Moving unit 16 Blunt Infantry to zone(0, 0) in space (-4, 4) tick=6
2026/09/30 21:20:37 Moving unit 14 Blunt Infantry to zone(0, 0) in space (-4, 4) tick=6
2026/09/30 21:20:37 Moving unit 1 Blunt Infantry to zone(0, 0) in space (-4, 4) tick=6
2026/09/30 21:20:37 Moving unit 3 Blunt Infantry to zone(0, 0) in space (-4, 4) tick=6
2026/09/30 21:20:37 Moving unit 8 Blunt Infantry to zone(0, 0) in space (-4, 4) tick=6
2026/09/30 21:20:37 Moving unit 11 Blunt Infantry to zone(0, 0) in space (-4, 4) tick=6
2026/09/30 21:20:37 Moving unit 5 Blunt Infantry to zone(0, 0) in space (-3, 2) tick=6
2026/09/30 21:20:37 Moving unit 2 Blunt Infantry to zone(0, 0) in space (-4, 4) tick=6
2026/09/30 21:20:37 Moving unit 13 Blunt Infantry to zone(0, 0) in space (-4, 4) tick=6
2026/09/30 21:20:37 Moving unit 6 Blunt Infantry to zone(0, 0) in space (-4, 4) tick=6
2026/09/30 21:20:37 Moving unit 9 Blunt Infantry to zone(0, 0) in space (-4, 4) tick=6
2026/09/30 21:20:37 Moving unit 15 Blunt Infantry to zone(0, 0) in space (-4, 4) tick=6
2026/09/30 21:20:37 Moving unit 7 Blunt Infantry to zone(0, 0) in space (-4, 4) tick=6
2026/09/30 21:20:37 Moving unit 10 Blunt Infantry to zone(0, 0) in space (-4, 4) tick=6
2026/09/30 21:20:37 Moving unit 12 Blunt Infantry to zone(0, 0) in space (-4, 4) tick=6
2026/09/30 21:20:37 Moving unit 58 Heavy Infantry to zone(0, -1) in space (-3, 2) tick=6
2026/09/30 21:20:37 Moving unit 33 Blunt Infantry to zone(0, -1) in space (-3, 2) tick=6
2026/09/30 21:20:37 Moving unit 53 Piercing Infantry to zone(0, -1) in space (-3, 2) tick=6
2026/09/30 21:20:37 Moving unit 35 Blunt Infantry to zone(0, -1) in space (-3, 2) tick=6
2026/09/30 21:20:37 Moving unit 42 Blunt Infantry to zone(0, -1) in space (-3, 2) tick=6
2026/09/30 21:20:37 Moving unit 49 Piercing Infantry to zone(0, -1) in space (-3, 2) tick=6
2026/09/30 21:20:37 Moving unit 32 Blunt Infantry to zone(0, 0) in space (-1, 0) tick=6
2026/09/30 21:20:37 Moving unit 36 Blunt Infantry to zone(0, -1) in space (-3, 2) tick=6
2026/09/30 21:20:37 Moving unit 39 Blunt Infantry to zone(0, -1) in space (-3, 2) tick=6
2026/09/30 21:20:37 Moving unit 48 Piercing Infantry to zone(0, -1) in space (-3, 2) tick=6
2026/09/30 21:20:37 Moving unit 51 Piercing Infantry to zone(0, -1) in space (-3, 2) tick=6
2026/09/30 21:20:37 Moving unit 34 Blunt Infantry to zone(0, -1) in space (-3, 2) tick=6
2026/09/30 21:20:37 Moving unit 47 Piercing Infantry to zone(0, -1) in space (-3, 2) tick=6
2026/09/30 21:20:37 Moving unit 52 Piercing Infantry to zone(0, -1) in space (-3, 2) tick=6
2026/09/30 21:20:37 Moving unit 54 Piercing Infantry to zone(0, -1) in space (-3, 2) tick=6
2026/09/30 21:20:37 Moving unit 55 Heavy Infantry to zone(0, -1) in space (-3, 2) tick=6
2026/09/30 21:20:37 Moving unit 56 Heavy Infantry to zone(0, -1) in space (-3, 2) tick=6
2026/09/30 21:20:37 Moving unit 37 Blunt Infantry to zone(0, -1) in space (-3, 2) tick=6
2026/09/30 21:20:37 Moving unit 41 Blunt Infantry to zone(0, -1) in space (-3, 2) tick=6
2026/09/30 21:20:37 Moving unit 44 Blunt Infantry to zone(0, -1) in space (-3, 2) tick=6
2026/09/30 21:20:37 Moving unit 57 Heavy Infantry to zone(0, -1) in space (-3, 2) tick=6
2026/09/30 21:20:37 Moving unit 59 Heavy Infantry to zone(0, -1) in space (-3, 2) tick=6
2026/09/30 21:20:37 Moving unit 40 Blunt Infantry to zone(0, -1) in space (-3, 2) tick=6
2026/09/30 21:20:37 Moving unit 46 Blunt Infantry to zone(0, -1) in space (-3, 2) tick=6
2026/09/30 21:20:37 Moving unit 50 Piercing Infantry to zone(0, -1) in space (-3, 2) tick=6
2026/09/30 21:20:37 Moving unit 60 Heavy Infantry to zone(0, -1) in space (-3, 2) tick=6
2026/09/30 21:20:37 Moving unit 38 Blunt Infantry to zone(0, -1) in space (-3, 2) tick=6
2026/09/30 21:20:37 Moving unit 43 Blunt Infantry to zone(0, -1) in space (-3, 2) tick=6
2026/09/30 21:20:37 Moving unit 45 Blunt Infantry to zone(0, -1) in space (-3, 2) tick=6
2026/09/30 21:20:37 state_hash turn=9 tick=6 hash=fea74f9ff597e50a
2026/09/30 21:20:37 Moving unit 5 Blunt Infantry to zone(0, -1) in space (-3, 2) tick=7
2026/09/30 21:20:37 Moving unit 40 Blunt Infantry to zone(0, 0) in space (-3, 2) tick=7
2026/09/30 21:20:37 Moving unit 46 Blunt Infantry to zone(0, 0) in space (-3, 2) tick=7
2026/09/30 21:20:37 Moving unit 50 Piercing Infantry to zone(0, 0) in space (-3, 2) tick=7
2026/09/30 21:20:37 Moving unit 60 Heavy Infantry to zone(0, 0) in space (-3, 2) tick=7
2026/09/30 21:20:37 Moving unit 38 Blunt Infantry to zone(0, 0) in space (-3, 2) tick=7
2026/09/30 21:20:37 Moving unit 43 Blunt Infantry to zone(0, 0) in space (-3, 2) tick=7
2026/09/30 21:20:37 Moving unit 45 Blunt Infantry to zone(0, 0) in space (-3, 2) tick=7
2026/09/30 21:20:37 Moving unit 58 Heavy Infantry to zone(0, 0) in space (-3, 2) tick=7
2026/09/30 21:20:37 Moving unit 33 Blunt Infantry to zone(0, 0) in space (-3, 2) tick=7
2026/09/30 21:20:37 Moving unit 53 Piercing Infantry to zone(0, 0) in space (-3, 2) tick=7
2026/09/30 21:20:37 Moving unit 35 Blunt Infantry to zone(0, 0) in space (-3, 2) tick=7
2026/09/30 21:20:37 Moving unit 42 Blunt Infantry to zone(0, 0) in space (-3, 2) tick=7
2026/09/30 21:20:37 Moving unit 49 Piercing Infantry to zone(0, 0) in space (-3, 2) tick=7
2026/09/30 21:20:37 Moving unit 36 Blunt Infantry to zone(0, 0) in space (-3, 2) tick=7
2026/09/30 21:20:37 Moving unit 39 Blunt Infantry to zone(0, 0) in space (-3, 2) tick=7
2026/09/30 21:20:37 Moving unit 48 Piercing Infantry to zone(0, 0) in space (-3, 2) tick=7
2026/09/30 21:20:37 Moving unit 51 Piercing Infantry to zone(0, 0) in space (-3, 2) tick=7
2026/09/30 21:20:37 Moving unit 34 Blunt Infantry to zone(0, 0) in space (-3, 2) tick=7
2026/09/30 21:20:37 Moving unit 47 Piercing Infantry to zone(0, 0) in space (-3, 2) tick=7
2026/09/30 21:20:37 Moving unit 52 Piercing Infantry to zone(0, 0) in space (-3, 2) tick=7
2026/09/30 21:20:37 Moving unit 54 Piercing Infantry to zone(0, 0) in space (-3, 2) tick=7
2026/09/30 21:20:37 Moving unit 55 Heavy Infantry to zone(0, 0) in space (-3, 2) tick=7
2026/09/30 21:20:37 Moving unit 56 Heavy Infantry to zone(0, 0) in space (-3, 2) tick=7
2026/09/30 21:20:37 Moving unit 37 Blunt Infantry to zone(0, 0) in space (-3, 2) tick=7
2026/09/30 21:20:37 Moving unit 41 Blunt Infantry to zone(0, 0) in space (-3, 2) tick=7
2026/09/30 21:20:37 Moving unit 44 Blunt Infantry to zone(0, 0) in space (-3, 2) tick=7
2026/09/30 21:20:37 Moving unit 57 Heavy Infantry to zone(0, 0) in space (-3, 2) tick=7
2026/09/30 21:20:37 Moving unit 59 Heavy Infantry to zone(0, 0) in space (-3, 2) tick=7
2026/09/30 21:20:37 state_hash turn=9 tick=7 hash=e6c6eaee221ae538
2026/09/30 21:20:37 Moving unit 5 Blunt Infantry to zone(0, 0) in space (-3, 2) tick=8
2026/09/30 21:20:37 Moving unit 47 Piercing Infantry to zone(0, -1) in space (-3, 2) tick=8
2026/09/30 21:20:37 Moving unit 52 Piercing Infantry to zone(0, -1) in space (-3, 2) tick=8
2026/09/30 21:20:37 Moving unit 54 Piercing Infantry to zone(0, -1) in space (-3, 2) tick=8
2026/09/30 21:20:37 Moving unit 55 Heavy Infantry to zone(0, -1) in space (-3, 2) tick=8
2026/09/30 21:20:37 Moving unit 56 Heavy Infantry to zone(0, -1) in space (-3, 2) tick=8
2026/09/30 21:20:37 Moving unit 37 Blunt Infantry to zone(0, -1) in space (-3, 2) tick=8
2026/09/30 21:20:37 Moving unit 41 Blunt Infantry to zone(0, -1) in space (-3, 2) tick=8
2026/09/30 21:20:37 Moving unit 44 Blunt Infantry to zone(0, -1) in space (-3, 2) tick=8
2026/09/30 21:20:37 Moving unit 57 Heavy Infantry to zone(0, -1) in space (-3, 2) tick=8
2026/09/30 21:20:37 Moving unit 59 Heavy Infantry to zone(0, -1) in space (-3, 2) tick=8
2026/09/30 21:20:37 Moving unit 40 Blunt Infantry to zone(0, -1) in space (-3, 2) tick=8
2026/09/30 21:20:37 Moving unit 46 Blunt Infantry to zone(0, -1) in space (-3, 2) tick=8
2026/09/30 21:20:37 Moving unit 50 Piercing Infantry to zone(0, -1) in space (-3, 2) tick=8
2026/09/30 21:20:37 Moving unit 60 Heavy Infantry to zone(0, -1) in space (-3, 2) tick=8
2026/09/30 21:20:37 Moving unit 38 Blunt Infantry to zone(0, -1) in space (-3, 2) tick=8
2026/09/30 21:20:37 Moving unit 43 Blunt Infantry to zone(0, -1) in space (-3, 2) tick=8
2026/09/30 21:20:37 Moving unit 45 Blunt Infantry to zone(0, -1) in space (-3, 2) tick=8
2026/09/30 21:20:37 Moving unit 58 Heavy Infantry to zone(0, -1) in space (-3, 2) tick=8
2026/09/30 21:20:37 Moving unit 33 Blunt Infantry to zone(0, -1) in space (-3, 2) tick=8
2026/09/30 21:20:37 Moving unit 53 Piercing Infantry to zone(0, -1) in space (-3, 2) tick=8
2026/09/30 21:20:37 Moving unit 35 Blunt Infantry to zone(0, -1) in space (-3, 2) tick=8
2026/09/30 21:20:37 Moving unit 42 Blunt Infantry to zone(0, -1) in space (-3, 2) tick=8
2026/09/30 21:20:37 Moving unit 49 Piercing Infantry to zone(0, -1) in space (-3, 2) tick=8
2026/09/30 21:20:37 Moving unit 36 Blunt Infantry to zone(0, -1) in space (-3, 2) tick=8
2026/09/30 21:20:37 Moving unit 39 Blunt Infantry to zone(0, -1) in space (-3, 2) tick=8
2026/09/30 21:20:37 Moving unit 48 Piercing Infantry to zone(0, -1) in space (-3, 2) tick=8
2026/09/30 21:20:37 Moving unit 51 Piercing Infantry to zone(0, -1) in space (-3, 2) tick=8
2026/09/30 21:20:37 Moving unit 34 Blunt Infantry to zone(0, -1) in space (-3, 2) tick=8
2026/09/30 21:20:37 state_hash turn=9 tick=8 hash=9c349224846e1b9e
2026/09/30 21:20:37 Moving unit 5 Blunt Infantry to zone(0, -1) in space (-3, 2) tick=9
2026/09/30 21:20:37 Moving unit 39 Blunt Infantry to zone(0, 0) in space (-3, 2) tick=9
2026/09/30 21:20:37 Moving unit 48 Piercing Infantry to zone(0, 0) in space (-3, 2) tick=9
2026/09/30 21:20:37 Moving unit 51 Piercing Infantry to zone(0, 0) in space (-3, 2) tick=9
2026/09/30 21:20:37 Moving unit 34 Blunt Infantry to zone(0, 0) in space (-3, 2) tick=9
2026/09/30 21:20:37 Moving unit 47 Piercing Infantry to zone(0, 0) in space (-3, 2) tick=9
2026/09/30 21:20:37 Moving unit 52 Piercing Infantry to zone(0, 0) in space (-3, 2) tick=9
2026/09/30 21:20:37 Moving unit 54 Piercing Infantry to zone(0, 0) in space (-3, 2) tick=9
2026/09/30 21:20:37 Moving unit 55 Heavy Infantry to zone(0, 0) in space (-3, 2) tick=9
2026/09/30 21:20:37 Moving unit 56 Heavy Infantry to zone(0, 0) in space (-3, 2) tick=9
2026/09/30 21:20:37 Moving unit 37 Blunt Infantry to zone(0, 0) in space (-3, 2) tick=9
2026/09/30 21:20:37 Moving unit 41 Blunt Infantry to zone(0, 0) in space (-3, 2) tick=9
2026/09/30 21:20:37 Moving unit 44 Blunt Infantry to zone(0, 0) in space (-3, 2) tick=9
2026/09/30 21:20:37 Moving unit 57 Heavy Infantry to zone(0, 0) in space (-3, 2) tick=9
2026/09/30 21:20:37 Moving unit 59 Heavy Infantry to zone(0, 0) in space (-3, 2) tick=9
2026/09/30 21:20:37 Moving unit 40 Blunt Infantry to zone(0, 0) in space (-3, 2) tick=9
2026/09/30 21:20:37 Moving unit 46 Blunt Infantry to zone(0, 0) in space (-3, 2) tick=9
2026/09/30 21:20:37 Moving unit 50 Piercing Infantry to zone(0, 0) in space (-3, 2) tick=9
2026/09/30 21:20:37 Moving unit 60 Heavy Infantry to zone(0, 0) in space (-3, 2) tick=9
2026/09/30 21:20:37 Moving unit 38 Blunt Infantry to zone(0, 0) in space (-3, 2) tick=9
2026/09/30 21:20:37 Moving unit 43 Blunt Infantry to zone(0, 0) in space (-3, 2) tick=9
2026/09/30 21:20:37 Moving unit 45 Blunt Infantry to zone(0, 0) in space (-3, 2) tick=9
2026/09/30 21:20:37 Moving unit 58 Heavy Infantry to zone(0, 0) in space (-3, 2) tick=9
2026/09/30 21:20:37 Moving unit 33 Blunt Infantry to zone(0, 0) in space (-3, 2) tick=9
2026/09/30 21:20:37 Moving unit 53 Piercing Infantry to zone(0, 0) in space (-3, 2) tick=9
2026/09/30 21:20:37 Moving unit 35 Blunt Infantry to zone(0, 0) in space (-3, 2) tick=9
2026/09/30 21:20:37 Moving unit 42 Blunt Infantry to zone(0, 0) in space (-3, 2) tick=9
2026/09/30 21:20:37 Moving unit 49 Piercing Infantry to zone(0, 0) in space (-3, 2) tick=9
2026/09/30 21:20:37 Moving unit 36 Blunt Infantry to zone(0, 0) in space (-3, 2) tick=9
2026/09/30 21:20:37 state_hash turn=9 tick=9 hash=7b343d765c6eee1a
2026/09/30 21:20:37 Moving unit 5 Blunt Infantry to zone(0, 0) in space (-3, 2) tick=10
2026/09/30 21:20:37 Moving unit 42 Blunt Infantry to zone(0, -1) in space (-3, 2) tick=10
2026/09/30 21:20:37 Moving unit 49 Piercing Infantry to zone(0, -1) in space (-3, 2) tick=10
2026/09/30 21:20:37 Moving unit 36 Blunt Infantry to zone(0, -1) in space (-3, 2) tick=10
2026/09/30 21:20:37 Moving unit 39 Blunt Infantry to zone(0, -1) in space (-3, 2) tick=10
2026/09/30 21:20:37 Moving unit 48 Piercing Infantry to zone(0, -1) in space (-3, 2) tick=10
2026/09/30 21:20:37 Moving unit 51 Piercing Infantry to zone(0, -1) in space (-3, 2) tick=10
2026/09/30 21:20:37 Moving unit 34 Blunt Infantry to zone(0, -1) in space (-3, 2) tick=10
2026/09/30 21:20:37 Moving unit 47 Piercing Infantry to zone(0, -1) in space (-3, 2) tick=10
2026/09/30 21:20:37 Moving unit 52 Piercing Infantry to zone(0, -1) in space (-3, 2) tick=10
2026/09/30 21:20:37 Moving unit 54 Piercing Infantry to zone(0, -1) in space (-3, 2) tick=10
2026/09/30 21:20:37 Moving unit 55 Heavy Infantry to zone(0, -1) in space (-3, 2) tick=10
2026/09/30 21:20:37 Moving unit 56 Heavy Infantry to zone(0, -1) in space (-3, 2) tick=10
2026/09/30 21:20:37 Moving unit 37 Blunt Infantry to zone(0, -1) in space (-3, 2) tick=10
2026/09/30 21:20:37 Moving unit 41 Blunt Infantry to zone(0, -1) in space (-3, 2) tick=10
2026/09/30 21:20:37 Moving unit 44 Blunt Infantry to zone(0, -1) in space (-3, 2) tick=10
2026/09/30 21:20:37 Moving unit 57 Heavy Infantry to zone(0, -1) in space (-3, 2) tick=10
2026/09/30 21:20:37 Moving unit 59 Heavy Infantry to zone(0, -1) in space (-3, 2) tick=10
2026/09/30 21:20:37 Moving unit 40 Blunt Infantry to zone(0, -1) in space (-3, 2) tick=10
2026/09/30 21:20:37 Moving unit 46 Blunt Infantry to zone(0, -1) in space (-3, 2) tick=10
2026/09/30 21:20:37 Moving unit 50 Piercing Infantry to zone(0, -1) in space (-3, 2) tick=10
2026/09/30 21:20:37 Moving unit 60 Heavy Infantry to zone(0, -1) in space (-3, 2) tick=10
2026/09/30 21:20:37 Moving unit 38 Blunt Infantry to zone(0, -1) in space (-3, 2) tick=10
2026/09/30 21:20:37 Moving unit 43 Blunt Infantry to zone(0, -1) in space (-3, 2) tick=10
2026/09/30 21:20:37 Moving unit 45 Blunt Infantry to zone(0, -1) in space (-3, 2) tick=10
2026/09/30 21:20:37 Moving unit 58 Heavy Infantry to zone(0, -1) in space (-3, 2) tick=10
2026/09/30 21:20:37 Moving unit 33 Blunt Infantry to zone(0, -1) in space (-3, 2) tick=10
2026/09/30 21:20:37 Moving unit 53 Piercing Infantry to zone(0, -1) in space (-3, 2) tick=10
2026/09/30 21:20:37 Moving unit 35 Blunt Infantry to zone(0, -1) in space (-3, 2) tick=10
2026/09/30 21:20:37 state_hash turn=9 tick=10 hash=311f6e20ade0ad18
2026/09/30 21:20:37 Moving unit 42 Blunt Infantry to zone(0, 0) in space (-3, 2) tick=11
2026/09/30 21:20:37 Moving unit 49 Piercing Infantry to zone(0, 0) in space (-3, 2) tick=11
2026/09/30 21:20:37 Moving unit 36 Blunt Infantry to zone(0, 0) in space (-3, 2) tick=11
2026/09/30 21:20:37 Moving unit 39 Blunt Infantry to zone(0, 0) in space (-3, 2) tick=11
2026/09/30 21:20:37 Moving unit 48 Piercing Infantry to zone(0, 0) in space (-3, 2) tick=11
2026/09/30 21:20:37 Moving unit 51 Piercing Infantry to zone(0, 0) in space (-3, 2) tick=11
2026/09/30 21:20:37 Moving unit 34 Blunt Infantry to zone(0, 0) in space (-3, 2) tick=11
2026/09/30 21:20:37 Moving unit 47 Piercing Infantry to zone(0, 0) in space (-3, 2) tick=11
2026/09/30 21:20:37 Moving unit 52 Piercing Infantry to zone(0, 0) in space (-3, 2) tick=11
2026/09/30 21:20:37 Moving unit 54 Piercing Infantry to zone(0, 0) in space (-3, 2) tick=11
2026/09/30 21:20:37 Moving unit 55 Heavy Infantry to zone(0, 0) in space (-3, 2) tick=11
2026/09/30 21:20:37 Moving unit 56 Heavy Infantry to zone(0, 0) in space (-3, 2) tick=11
2026/09/30 21:20:37 Moving unit 37 Blunt Infantry to zone(0, 0) in space (-3, 2) tick=11
2026/09/30 21:20:37 Moving unit 41 Blunt Infantry to zone(0, 0) in space (-3, 2) tick=11
2026/09/30 21:20:37 Moving unit 44 Blunt Infantry to zone(0, 0) in space (-3, 2) tick=11
2026/09/30 21:20:37 Moving unit 57 Heavy Infantry to zone(0, 0) in space (-3, 2) tick=11
2026/09/30 21:20:37 Moving unit 59 Heavy Infantry to zone(0, 0) in space (-3, 2) tick=11
2026/09/30 21:20:37 Moving unit 40 Blunt Infantry to zone(0, 0) in space (-3, 2) tick=11
2026/09/30 21:20:37 Moving unit 46 Blunt Infantry to zone(0, 0) in space (-3, 2) tick=11
2026/09/30 21:20:37 Moving unit 50 Piercing Infantry to zone(0, 0) in space (-3, 2) tick=11
2026/09/30 21:20:37 Moving unit 60 Heavy Infantry to zone(0, 0) in space (-3, 2) tick=11
2026/09/30 21:20:37 Moving unit 38 Blunt Infantry to zone(0, 0) in space (-3, 2) tick=11
2026/09/30 21:20:37 Moving unit 43 Blunt Infantry to zone(0, 0) in space (-3, 2) tick=11
2026/09/30 21:20:37 Moving unit 45 Blunt Infantry to zone(0, 0) in space (-3, 2) tick=11
2026/09/30 21:20:37 Moving unit 58 Heavy Infantry to zone(0, 0) in space (-3, 2) tick=11
2026/09/30 21:20:37 Moving unit 33 Blunt Infantry to zone(0, 0) in space (-3, 2) tick=11
2026/09/30 21:20:37 Moving unit 53 Piercing Infantry to zone(0, 0) in space (-3, 2) tick=11
2026/09/30 21:20:37 Moving unit 35 Blunt Infantry to zone(0, 0) in space (-3, 2) tick=11
2026/09/30 21:20:37 state_hash turn=9 tick=11 hash=34ce14bf3d21797c
2026/09/30 21:20:37 combat turn=9 tick=12: 51 u12 (player 1, stamina 3) hits 5 u11 (player 0) for 2.70
2026/09/30 21:20:37 combat turn=9 tick=12: 34 u11 (player 1, stamina 3) hits 5 u11 (player 0) for 1.80
2026/09/30 21:20:37 combat turn=9 tick=12: 47 u12 (player 1, stamina 3) hits 5 u11 (player 0) for 2.70
2026/09/30 21:20:37 combat turn=9 tick=12: 52 u12 (player 1, stamina 3) hits 5 u11 (player 0) for 2.70
2026/09/30 21:20:37 combat turn=9 tick=12: 54 u12 (player 1, stamina 3) hits 5 u11 (player 0) for 2.70
2026/09/30 21:20:37 combat turn=9 tick=12: 55 u13 (player 1, stamina 3) hits 5 u11 (player 0) for 5.12
2026/09/30 21:20:37 combat turn=9 tick=12: 56 u13 (player 1, stamina 3) hits 5 u11 (player 0) for 5.12
2026/09/30 21:20:37 combat turn=9 tick=12: 37 u11 (player 1, stamina 3) hits 5 u11 (player 0) for 1.80
2026/09/30 21:20:37 combat turn=9 tick=12: 41 u11 (player 1, stamina 3) hits 5 u11 (player 0) for 1.80
2026/09/30 21:20:37 combat turn=9 tick=12: 44 u11 (player 1, stamina 3) hits 5 u11 (player 0) for 1.80
2026/09/30 21:20:37 combat turn=9 tick=12: 57 u13 (player 1, stamina 3) hits 5 u11 (player 0) for 5.12
2026/09/30 21:20:37 combat turn=9 tick=12: 59 u13 (player 1, stamina 3) hits 5 u11 (player 0) for 5.12
2026/09/30 21:20:37 combat turn=9 tick=12: 40 u11 (player 1, stamina 3) hits 5 u11 (player 0) for 1.80
2026/09/30 21:20:37 combat turn=9 tick=12: 46 u11 (player 1, stamina 3) hits 5 u11 (player 0) for 1.80
2026/09/30 21:20:37 combat turn=9 tick=12: 50 u12 (player 1, stamina 3) hits 5 u11 (player 0) for 2.70
2026/09/30 21:20:37 combat turn=9 tick=12: 60 u13 (player 1, stamina 3) hits 5 u11 (player 0) for 5.12
2026/09/30 21:20:37 combat turn=9 tick=12: 38 u11 (player 1, stamina 3) hits 5 u11 (player 0) for 1.80
2026/09/30 21:20:37 combat turn=9 tick=12: 43 u11 (player 1, stamina 3) hits 5 u11 (player 0) for 1.80
2026/09/30 21:20:37 combat turn=9 tick=12: 45 u11 (player 1, stamina 3) hits 5 u11 (player 0) for 1.80
2026/09/30 21:20:37 combat turn=9 tick=12: 58 u13 (player 1, stamina 3) hits 5 u11 (player 0) for 5.12
2026/09/30 21:20:37 combat turn=9 tick=12: 33 u11 (player 1, stamina 3) hits 5 u11 (player 0) for 1.80
2026/09/30 21:20:37 combat turn=9 tick=12: 53 u12 (player 1, stamina 3) hits 5 u11 (player 0) for 2.70
2026/09/30 21:20:37 combat turn=9 tick=12: 35 u11 (player 1, stamina 3) hits 5 u11 (player 0) for 1.80
2026/09/30 21:20:37 combat turn=9 tick=12: 42 u11 (player 1, stamina 3) hits 5 u11 (player 0) for 1.80
2026/09/30 21:20:37 combat turn=9 tick=12: 49 u12 (player 1, stamina 3) hits 5 u11 (player 0) for 2.70
2026/09/30 21:20:37 combat turn=9 tick=12: 36 u11 (player 1, stamina 3) hits 5 u11 (player 0) for 1.80
2026/09/30 21:20:37 combat turn=9 tick=12: 39 u11 (player 1, stamina 3) hits 5 u11 (player 0) for 1.80
2026/09/30 21:20:37 combat turn=9 tick=12: 48 u12 (player 1, stamina 3) hits 5 u11 (player 0) for 2.70
2026/09/30 21:20:37 state_hash turn=9 tick=12 hash=4d3f1fdddce8d538
2026/09/30 21:20:37 state_hash turn=9 tick=end hash=579e26b0e6e66faa
2026/09/30 21:20:37 ai ai-1: new turn data {"buildings":[],"enemy_buildings":[],"enemy_units":[],"foundations":[],"population":{"current":29,"limit":0},"resources":{"food":200,"gold":34,"stone":100,"wood":200},"spaces":[{"Space":{"X":0,"Y":-4},"Vision":1,"Owner":-1},{"Space":{"X":1,"Y":-4},"Vision":0,"Owner":-1},{"Space":{"X":2,"Y":-4},"Vision":0,"Owner":-1},{"Space":{"X":3,"Y":-4},"Vision":0,"Owner":-1},{"Space":{"X":4,"Y":-4},"Vision":0,"Owner":-1},{"Space":{"X":-1,"Y":-3},"Vision":1,"Owner":0},{"Space":{"X":0,"Y":-3},"Vision":1,"Owner":-1},{"Space":{"X":1,"Y":-3},"Vision":0,"Owner":-1},{"Space":{"X":2,"Y":-3},"Vision":0,"Owner":-1},{"Space":{"X":3,"Y":-3},"Vision":0,"Owner":-1},{"Space":{"X":4,"Y":-3},"Vision":0,"Owner":-1},{"Space":{"X":-2,"Y":-2},"Vision":1,"Owner":0},{"Space":{"X":-1,"Y":-2},"Vision":1,"Owner":0},{"Space":{"X":0,"Y":-2},"Vision":0,"Owner":-1},{"Space":{"X":1,"Y":-2},"Vision":0,"Owner":-1},{"Space":{"X":2,"Y":-2},"Vision":0,"Owner":-1},{"Space":{"X":3,"Y":-2},"Vision":0,"Owner":-1},{"Space":{"X":4,"Y":-2},"Vision":0,"Owner":-1},{"Space":{"X":-3,"Y":-1},"Vision":1,"Owner":0},{"Space":{"X":-2,"Y":-1},"Vision":1,"Owner":0},{"Space":{"X":-1,"Y":-1},"Vision":2,"Owner":-1},{"Space":{"X":0,"Y":-1},"Vision":2,"Owner":-1},{"Space":{"X":1,"Y":-1},"Vision":0,"Owner":-1},{"Space":{"X":2,"Y":-1},"Vision":0,"Owner":-1},{"Space":{"X":3,"Y":-1},"Vision":0,"Owner":-1},{"Space":{"X":4,"Y":-1},"Vision":0,"Owner":-1},{"Space":{"X":-4,"Y":0},"Vision":1,"Owner":-1},{"Space":{"X":-3,"Y":0},"Vision":1,"Owner":0},{"Space":{"X":-2,"Y":0},"Vision":2,"Owner":-1},{"Space":{"X":-1,"Y":0},"Vision":3,"Owner":1},{"Space":{"X":0,"Y":0},"Vision":2,"Owner":-1},{"Space":{"X":1,"Y":0},"Vision":0,"Owner":-1},{"Space":{"X":2,"Y":0},"Vision":0,"Owner":-1},{"Space":{"X":3,"Y":0},"Vision":0,"Owner":-1},{"Space":{"X":4,"Y":0},"Vision":0,"Owner":-1},{"Space":{"X":-4,"Y":1},"Vision":1,"Owner":-1},{"Space":{"X":-3,"Y":1},"Vision":2,"Owner":-1},{"Space":{"X":-2,"Y":1},"Vision":2,"Owner":-1},{"Space":{"X":-1,"Y":1},"Vision":2,"Owner":-1},{"Space":{"X":0,"Y":1},"Vision":1,"Owner":-1},{"Space":{"X":1,"Y":1},"Vision":0,"Owner":-1},{"Space":{"X":2,"Y":1},"Vision":0,"Owner":-1},{"Space":{"X":3,"Y":1},"Vision":0,"Owner":-1},{"Space":{"X":-4,"Y":2},"Vision":2,"Owner":0},{"Space":{"X":-3,"Y":2},"Vision":3,"Owner":1},{"Space":{"X":-2,"Y":2},"Vision":2,"Owner":-1},{"Space":{"X":-1,"Y":2},"Vision":1,"Owner":-1},{"Space":{"X":0,"Y":2},"Vision":1,"Owner":-1},{"Space":{"X":1,"Y":2},"Vision":0,"Owner":-1},{"Space":{"X":2,"Y":2},"Vision":0,"Owner":-1},{"Space":{"X":-4,"Y":3},"Vision":2,"Owner":0},{"Space":{"X":-3,"Y":3},"Vision":2,"Owner":-1},{"Space":{"X":-2,"Y":3},"Vision":1,"Owner":-1},{"Space":{"X":-1,"Y":3},"Vision":1,"Owner":-1},{"Space":{"X":0,"Y":3},"Vision":1,"Owner":-1},{"Space":{"X":1,"Y":3},"Vision":0,"Owner":-1},{"Space":{"X":-4,"Y":4},"Vision":1,"Owner":-1},{"Space":{"X":-3,"Y":4},"Vision":1,"Owner":-1},{"Space":{"X":-2,"Y":4},"Vision":1,"Owner":-1},{"Space":{"X":-1,"Y":4},"Vision":1,"Owner":-1},{"Space":{"X":0,"Y":4},"Vision":0,"Owner":-1}],"units":[{"InternalID":32,"UnitID":11,"Type":2,"Kind":1,"Location":{"Space":{"X":-1,"Y":0},"Zone":{"X":0,"Y":0}},"CurrentStamina":19,"CurrentOrder":null,"Builds":[],"GarrisonedIn":null,"Stance":3,"InterruptCurrent":false,"AttackBack":true,"TargetPriority":"","ActiveOrders":null,"Health":11,"MaxHealth":11},{"InternalID":33,"UnitID":11,"Type":2,"Kind":1,"Location":{"Space":{"X":-3,"Y":2},"Zone":{"X":0,"Y":0}},"CurrentStamina":23,"CurrentOrder":null,"Builds":[],"GarrisonedIn":null,"Stance":3,"InterruptCurrent":false,"AttackBack":true,"TargetPriority":"","ActiveOrders":null,"Health":11,"MaxHealth":11},{"InternalID":34,"UnitID":11,"Type":2,"Kind":1,"Location":{"Space":{"X":-3,"Y":2},"Zone":{"X":0,"Y":0}},"CurrentStamina":23,"CurrentOrder":null,"Builds":[],"GarrisonedIn":null,"Stance":3,"InterruptCurrent":false,"AttackBack":true,"TargetPriority":"","ActiveOrders":null,"Health":11,"MaxHealth":11},{"InternalID":35,"UnitID":11,"Type":2,"Kind":1,"Location":{"Space":{"X":-3,"Y":2},"Zone":{"X":0,"Y":0}},"CurrentStamina":23,"CurrentOrder":null,"Builds":[],"GarrisonedIn":null,"Stance":3,"InterruptCurrent":false,"AttackBack":true,"TargetPriority":"","ActiveOrders":null,"Health":11,"MaxHealth":11},{"InternalID":36,"UnitID":11,"Type":2,"Kind":1,"Location":{"Space":{"X":-3,"Y":2},"Zone":{"X":0,"Y":0}},"CurrentStamina":23,"CurrentOrder":null,"Builds":[],"GarrisonedIn":null,"Stance":3,"InterruptCurrent":false,"AttackBack":true,"TargetPriority":"","ActiveOrders":null,"Health":11,"MaxHealth":11},{"InternalID":37,"UnitID":11,"Type":2,"Kind":1,"Location":{"Space":{"X":-3,"Y":2},"Zone":{"X":0,"Y":0}},"CurrentStamina":23,"CurrentOrder":null,"Builds":[],"GarrisonedIn":null,"Stance":3,"InterruptCurrent":false,"AttackBack":true,"TargetPriority":"","ActiveOrders":null,"Health":11,"MaxHealth":11},{"InternalID":38,"UnitID":11,"Type":2,"Kind":1,"Location":{"Space":{"X":-3,"Y":2},"Zone":{"X":0,"Y":0}},"CurrentStamina":23,"CurrentOrder":null,"Builds":[],"GarrisonedIn":null,"Stance":3,"InterruptCurrent":false,"AttackBack":true,"TargetPriority":"","ActiveOrders":null,"Health":11,"MaxHealth":11},{"InternalID":39,"UnitID":11,"Type":2,"Kind":1,"Location":{"Space":{"X":-3,"Y":2},"Zone":{"X":0,"Y":0}},"CurrentStamina":23,"CurrentOrder":null,"Builds":[],"GarrisonedIn":null,"Stance":3,"InterruptCurrent":false,"AttackBack":true,"TargetPriority":"","ActiveOrders":null,"Health":11,"MaxHealth":11},{"InternalID":40,"UnitID":11,"Type":2,"Kind":1,"Location":{"Space":{"X":-3,"Y":2},"Zone":{"X":0,"Y":0}},"CurrentStamina":23,"CurrentOrder":null,"Builds":[],"GarrisonedIn":null,"Stance":3,"InterruptCurrent":false,"AttackBack":true,"TargetPriority":"","ActiveOrders":null,"Health":11,"MaxHealth":11},{"InternalID":41,"UnitID":11,"Type":2,"Kind":1,"Location":{"Space":{"X":-3,"Y":2},"Zone":{"X":0,"Y":0}},"CurrentStamina":23,"CurrentOrder":null,"Builds":[],"GarrisonedIn":null,"Stance":3,"InterruptCurrent":false,"AttackBack":true,"TargetPriority":"","ActiveOrders":null,"Health":11,"MaxHealth":11},{"InternalID":42,"UnitID":11,"Type":2,"Kind":1,"Location":{"Space":{"X":-3,"Y":2},"Zone":{"X":0,"Y":0}},"CurrentStamina":23,"CurrentOrder":null,"Builds":[],"GarrisonedIn":null,"Stance":3,"InterruptCurrent":false,"AttackBack":true,"TargetPriority":"","ActiveOrders":null,"Health":11,"MaxHealth":11},{"InternalID":43,"UnitID":11,"Type":2,"Kind":1,"Location":{"Space":{"X":-3,"Y":2},"Zone":{"X":0,"Y":0}},"CurrentStamina":23,"CurrentOrder":null,"Builds":[],"GarrisonedIn":null,"Stance":3,"InterruptCurrent":false,"AttackBack":true,"TargetPriority":"","ActiveOrders":null,"Health":11,"MaxHealth":11},{"InternalID":44,"UnitID":11,"Type":2,"Kind":1,"Location":{"Space":{"X":-3,"Y":2},"Zone":{"X":0,"Y":0}},"CurrentStamina":23,"CurrentOrder":null,"Builds":[],"GarrisonedIn":null,"Stance":3,"InterruptCurrent":false,"AttackBack":true,"TargetPriority":"","ActiveOrders":null,"Health":11,"MaxHealth":11},{"InternalID":45,"UnitID":11,"Type":2,"Kind":1,"Location":{"Space":{"X":-3,"Y":2},"Zone":{"X":0,"Y":0}},"CurrentStamina":23,"CurrentOrder":null,"Builds":[],"GarrisonedIn":null,"Stance":3,"InterruptCurrent":false,"AttackBack":true,"TargetPriority":"","ActiveOrders":null,"Health":11,"MaxHealth":11},{"InternalID":46,"UnitID":11,"Type":2,"Kind":1,"Location":{"Space":{"X":-3,"Y":2},"Zone":{"X":0,"Y":0}},"CurrentStamina":23,"CurrentOrder":null,"Builds":[],"GarrisonedIn":null,"Stance":3,"InterruptCurrent":false,"AttackBack":true,"TargetPriority":"","ActiveOrders":null,"Health":11,"MaxHealth":11},{"InternalID":47,"UnitID":12,"Type":2,"Kind":1,"Location":{"Space":{"X":-3,"Y":2},"Zone":{"X":0,"Y":0}},"CurrentStamina":18,"CurrentOrder":null,"Builds":[],"GarrisonedIn":null,"Stance":3,"InterruptCurrent":false,"AttackBack":true,"TargetPriority":"","ActiveOrders":null,"Health":16,"MaxHealth":16},{"InternalID":48,"UnitID":12,"Type":2,"Kind":1,"Location":{"Space":{"X":-3,"Y":2},"Zone":{"X":0,"Y":0}},"CurrentStamina":18,"CurrentOrder":null,"Builds":[],"GarrisonedIn":null,"Stance":3,"InterruptCurrent":false,"AttackBack":true,"TargetPriority":"","ActiveOrders":null,"Health":16,"MaxHealth":16},{"InternalID":49,"UnitID":12,"Type":2,"Kind":1,"Location":{"Space":{"X":-3,"Y":2},"Zone":{"X":0,"Y":0}},"CurrentStamina":18,"CurrentOrder":null,"Builds":[],"GarrisonedIn":null,"Stance":3,"InterruptCurrent":false,"AttackBack":true,"TargetPriority":"","ActiveOrders":null,"Health":16,"MaxHealth":16},{"InternalID":50,"UnitID":12,"Type":2,"Kind":1,"Location":{"Space":{"X":-3,"Y":2},"Zone":{"X":0,"Y":0}},"CurrentStamina":18,"CurrentOrder":null,"Builds":[],"GarrisonedIn":null,"Stance":3,"InterruptCurrent":false,"AttackBack":true,"TargetPriority":"","ActiveOrders":null,"Health":16,"MaxHealth":16},{"InternalID":51,"UnitID":12,"Type":2,"Kind":1,"Location":{"Space":{"X":-3,"Y":2},"Zone":{"X":0,"Y":0}},"CurrentStamina":18,"CurrentOrder":null,"Builds":[],"GarrisonedIn":null,"Stance":3,"InterruptCurrent":false,"AttackBack":true,"TargetPriority":"","ActiveOrders":null,"Health":16,"MaxHealth":16},{"InternalID":52,"UnitID":12,"Type":2,"Kind":1,"Location":{"Space":{"X":-3,"Y":2},"Zone":{"X":0,"Y":0}},"CurrentStamina":18,"CurrentOrder":null,"Builds":[],"GarrisonedIn":null,"Stance":3,"InterruptCurrent":false,"AttackBack":true,"TargetPriority":"","ActiveOrders":null,"Health":16,"MaxHealth":16},{"InternalID":53,"UnitID":12,"Type":2,"Kind":1,"Location":{"Space":{"X":-3,"Y":2},"Zone":{"X":0,"Y":0}},"CurrentStamina":18,"CurrentOrder":null,"Builds":[],"GarrisonedIn":null,"Stance":3,"InterruptCurrent":false,"AttackBack":true,"TargetPriority":"","ActiveOrders":null,"Health":16,"MaxHealth":16},{"InternalID":54,"UnitID":12,"Type":2,"Kind":1,"Location":{"Space":{"X":-3,"Y":2},"Zone":{"X":0,"Y":0}},"CurrentStamina":18,"CurrentOrder":null,"Builds":[],"GarrisonedIn":null,"Stance":3,"InterruptCurrent":false,"AttackBack":true,"TargetPriority":"","ActiveOrders":null,"Health":16,"MaxHealth":16},{"InternalID":55,"UnitID":13,"Type":2,"Kind":1,"Location":{"Space":{"X":-3,"Y":2},"Zone":{"X":0,"Y":0}},"CurrentStamina":9,"CurrentOrder":null,"Builds":[],"GarrisonedIn":null,"Stance":3,"InterruptCurrent":false,"AttackBack":true,"TargetPriority":"","ActiveOrders":null,"Health":50,"MaxHealth":50},{"InternalID":56,"UnitID":13,"Type":2,"Kind":1,"Location":{"Space":{"X":-3,"Y":2},"Zone":{"X":0,"Y":0}},"CurrentStamina":9,"CurrentOrder":null,"Builds":[],"GarrisonedIn":null,"Stance":3,"InterruptCurrent":false,"AttackBack":true,"TargetPriority":"","ActiveOrders":null,"Health":50,"MaxHealth":50},{"InternalID":57,"UnitID":13,"Type":2,"Kind":1,"Location":{"Space":{"X":-3,"Y":2},"Zone":{"X":0,"Y":0}},"CurrentStamina":9,"CurrentOrder":null,"Builds":[],"GarrisonedIn":null,"Stance":3,"InterruptCurrent":false,"AttackBack":true,"TargetPriority":"","ActiveOrders":null,"Health":50,"MaxHealth":50},{"InternalID":58,"UnitID":13,"Type":2,"Kind":1,"Location":{"Space":{"X":-3,"Y":2},"Zone":{"X":0,"Y":0}},"CurrentStamina":9,"CurrentOrder":null,"Builds":[],"GarrisonedIn":null,"Stance":3,"InterruptCurrent":false,"AttackBack":true,"TargetPriority":"","ActiveOrders":null,"Health":50,"MaxHealth":50},{"InternalID":59,"UnitID":13,"Type":2,"Kind":1,"Location":{"Space":{"X":-3,"Y":2},"Zone":{"X":0,"Y":0}},"CurrentStamina":9,"CurrentOrder":null,"Builds":[],"GarrisonedIn":null,"Stance":3,"InterruptCurrent":false,"AttackBack":true,"TargetPriority":"","ActiveOrders":null,"Health":50,"MaxHealth":50},{"InternalID":60,"UnitID":13,"Type":2,"Kind":1,"Location":{"Space":{"X":-3,"Y":2},"Zone":{"X":0,"Y":0}},"CurrentStamina":9,"CurrentOrder":null,"Builds":[],"GarrisonedIn":null,"Stance":3,"InterruptCurrent":false,"AttackBack":true,"TargetPriority":"","ActiveOrders":null,"Health":50,"MaxHealth":50}]}
2026/09/30 21:20:37 ai ai-1: submitting orders [{Subjects:[32] OrderType:2 TargetID:171 ClearPreviousOrders:true}]
2026/09/30 21:20:37 ai ai-1: vars {}
2026/09/30 21:20:37 player action: submit-orders 0 2 map[orders:[{1 [32] 2 171 true}]]
2026/09/30 21:20:37 Executing submit orders for: 1 [{1 [32] 2 171 true}]
2026/09/30 21:20:37 ai ai-0: new turn data {"buildings":[],"enemy_buildings":[],"enemy_units":[],"foundations":[],"population":{"current":29,"limit":0},"resources":{"food":200,"gold":90,"stone":100,"wood":200},"spaces":[{"Space":{"X":0,"Y":-4},"Vision":1,"Owner":-1},{"Space":{"X":1,"Y":-4},"Vision":1,"Owner":-1},{"Space":{"X":2,"Y":-4},"Vision":1,"Owner":-1},{"Space":{"X":3,"Y":-4},"Vision":1,"Owner":-1},{"Space":{"X":4,"Y":-4},"Vision":1,"Owner":-1},{"Space":{"X":-1,"Y":-3},"Vision":1,"Owner":-1},{"Space":{"X":0,"Y":-3},"Vision":1,"Owner":-1},{"Space":{"X":1,"Y":-3},"Vision":1,"Owner":-1},{"Space":{"X":2,"Y":-3},"Vision":1,"Owner":-1},{"Space":{"X":3,"Y":-3},"Vision":1,"Owner":-1},{"Space":{"X":4,"Y":-3},"Vision":1,"Owner":-1},{"Space":{"X":-2,"Y":-2},"Vision":1,"Owner":-1},{"Space":{"X":-1,"Y":-2},"Vision":1,"Owner":-1},{"Space":{"X":0,"Y":-2},"Vision":1,"Owner":-1},{"Space":{"X":1,"Y":-2},"Vision":1,"Owner":-1},{"Space":{"X":2,"Y":-2},"Vision":1,"Owner":-1},{"Space":{"X":3,"Y":-2},"Vision":1,"Owner":-1},{"Space":{"X":4,"Y":-2},"Vision":1,"Owner":-1},{"Space":{"X":-3,"Y":-1},"Vision":1,"Owner":-1},{"Space":{"X":-2,"Y":-1},"Vision":1,"Owner":-1},{"Space":{"X":-1,"Y":-1},"Vision":1,"Owner":-1},{"Space":{"X":0,"Y":-1},"Vision":1,"Owner":-1},{"Space":{"X":1,"Y":-1},"Vision":1,"Owner":-1},{"Space":{"X":2,"Y":-1},"Vision":1,"Owner":-1},{"Space":{"X":3,"Y":-1},"Vision":1,"Owner":-1},{"Space":{"X":4,"Y":-1},"Vision":1,"Owner":-1},{"Space":{"X":-4,"Y":0},"Vision":1,"Owner":-1},{"Space":{"X":-3,"Y":0},"Vision":1,"Owner":-1},{"Space":{"X":-2,"Y":0},"Vision":1,"Owner":-1},{"Space":{"X":-1,"Y":0},"Vision":1,"Owner":-1},{"Space":{"X":0,"Y":0},"Vision":1,"Owner":-1},{"Space":{"X":1,"Y":0},"Vision":1,"Owner":-1},{"Space":{"X":2,"Y":0},"Vision":1,"Owner":-1},{"Space":{"X":3,"Y":0},"Vision":1,"Owner":-1},{"Space":{"X":4,"Y":0},"Vision":0,"Owner":-1},{"Space":{"X":-4,"Y":1},"Vision":2,"Owner":-1},{"Space":{"X":-3,"Y":1},"Vision":2,"Owner":-1},{"Space":{"X":-2,"Y":1},"Vision":1,"Owner":-1},{"Space":{"X":-1,"Y":1},"Vision":1,"Owner":-1},{"Space":{"X":0,"Y":1},"Vision":1,"Owner":-1},{"Space":{"X":1,"Y":1},"Vision":1,"Owner":-1},{"Space":{"X":2,"Y":1},"Vision":1,"Owner":-1},{"Space":{"X":3,"Y":1},"Vision":0,"Owner":-1},{"Space":{"X":-4,"Y":2},"Vision":3,"Owner":0},{"Space":{"X":-3,"Y":2},"Vision":2,"Owner":1},{"Space":{"X":-2,"Y":2},"Vision":1,"Owner":-1},{"Space":{"X":-1,"Y":2},"Vision":1,"Owner":-1},{"Space":{"X":0,"Y":2},"Vision":1,"Owner":-1},{"Space":{"X":1,"Y":2},"Vision":1,"Owner":-1},{"Space":{"X":2,"Y":2},"Vision":0,"Owner":-1},{"Space":{"X":-4,"Y":3},"Vision":3,"Owner":0},{"Space":{"X":-3,"Y":3},"Vision":2,"Owner":-1},{"Space":{"X":-2,"Y":3},"Vision":1,"Owner":-1},{"Space":{"X":-1,"Y":3},"Vision":1,"Owner":-1},{"Space":{"X":0,"Y":3},"Vision":1,"Owner":-1},{"Space":{"X":1,"Y":3},"Vision":0,"Owner":-1},{"Space":{"X":-4,"Y":4},"Vision":3,"Owner":0},{"Space":{"X":-3,"Y":4},"Vision":2,"Owner":-1},{"Space":{"X":-2,"Y":4},"Vision":0,"Owner":-1},{"Space":{"X":-1,"Y":4},"Vision":0,"Owner":-1},{"Space":{"X":0,"Y":4},"Vision":0,"Owner":-1}],"units":[{"InternalID":1,"UnitID":11,"Type":2,"Kind":1,"Location":{"Space":{"X":-4,"Y":4},"Zone":{"X":0,"Y":0}},"CurrentStamina":20,"CurrentOrder":null,"Builds":[],"GarrisonedIn":null,"Stance":3,"InterruptCurrent":true,"AttackBack":true,"TargetPriority":"","ActiveOrders":null,"Health":7.4,"MaxHealth":11},{"InternalID":2,"UnitID":11,"Type":2,"Kind":1,"Location":{"Space":{"X":-4,"Y":4},"Zone":{"X":0,"Y":0}},"CurrentStamina":22,"CurrentOrder":null,"Builds":[],"GarrisonedIn":null,"Stance":3,"InterruptCurrent":true,"AttackBack":true,"TargetPriority":"","ActiveOrders":null,"Health":11,"MaxHealth":11},{"InternalID":3,"UnitID":11,"Type":2,"Kind":1,"Location":{"Space":{"X":-4,"Y":4},"Zone":{"X":0,"Y":0}},"CurrentStamina":22,"CurrentOrder":null,"Builds":[],"GarrisonedIn":null,"Stance":3,"InterruptCurrent":true,"AttackBack":true,"TargetPriority":"","ActiveOrders":null,"Health":11,"MaxHealth":11},{"InternalID":4,"UnitID":11,"Type":2,"Kind":1,"Location":{"Space":{"X":-4,"Y":4},"Zone":{"X":0,"Y":0}},"CurrentStamina":20,"CurrentOrder":null,"Builds":[],"GarrisonedIn":null,"Stance":3,"InterruptCurrent":true,"AttackBack":true,"TargetPriority":"","ActiveOrders":null,"Health":11,"MaxHealth":11},{"InternalID":6,"UnitID":11,"Type":2,"Kind":1,"Location":{"Space":{"X":-4,"Y":4},"Zone":{"X":0,"Y":0}},"CurrentStamina":22,"CurrentOrder":null,"Builds":[],"GarrisonedIn":null,"Stance":3,"InterruptCurrent":false,"AttackBack":true,"TargetPriority":"","ActiveOrders":null,"Health":11,"MaxHealth":11},{"InternalID":7,"UnitID":11,"Type":2,"Kind":1,"Location":{"Space":{"X":-4,"Y":4},"Zone":{"X":0,"Y":0}},"CurrentStamina":20,"CurrentOrder":null,"Builds":[],"GarrisonedIn":null,"Stance":3,"InterruptCurrent":true,"AttackBack":true,"TargetPriority":"","ActiveOrders":null,"Health":11,"MaxHealth":11},{"InternalID":8,"UnitID":11,"Type":2,"Kind":1,"Location":{"Space":{"X":-4,"Y":4},"Zone":{"X":0,"Y":0}},"CurrentStamina":20,"CurrentOrder":null,"Builds":[],"GarrisonedIn":null,"Stance":3,"InterruptCurrent":true,"AttackBack":true,"TargetPriority":"","ActiveOrders":null,"Health":11,"MaxHealth":11},{"InternalID":9,"UnitID":11,"Type":2,"Kind":1,"Location":{"Space":{"X":-4,"Y":4},"Zone":{"X":0,"Y":0}},"CurrentStamina":20,"CurrentOrder":null,"Builds":[],"GarrisonedIn":null,"Stance":3,"InterruptCurrent":true,"AttackBack":true,"TargetPriority":"","ActiveOrders":null,"Health":11,"MaxHealth":11},{"InternalID":10,"UnitID":11,"Type":2,"Kind":1,"Location":{"Space":{"X":-4,"Y":4},"Zone":{"X":0,"Y":0}},"CurrentStamina":20,"CurrentOrder":null,"Builds":[],"GarrisonedIn":null,"Stance":3,"InterruptCurrent":true,"AttackBack":true,"TargetPriority":"","ActiveOrders":null,"Health":11,"MaxHealth":11},{"InternalID":11,"UnitID":11,"Type":2,"Kind":1,"Location":{"Space":{"X":-4,"Y":4},"Zone":{"X":0,"Y":0}},"CurrentStamina":20,"CurrentOrder":null,"Builds":[],"GarrisonedIn":null,"Stance":3,"InterruptCurrent":true,"AttackBack":true,"TargetPriority":"","ActiveOrders":null,"Health":11,"MaxHealth":11},{"InternalID":12,"UnitID":11,"Type":2,"Kind":1,"Location":{"Space":{"X":-4,"Y":4},"Zone":{"X":0,"Y":0}},"CurrentStamina":20,"CurrentOrder":null,"Builds":[],"GarrisonedIn":null,"Stance":3,"InterruptCurrent":true,"AttackBack":true,"TargetPriority":"","ActiveOrders":null,"Health":11,"MaxHealth":11},{"InternalID":13,"UnitID":11,"Type":2,"Kind":1,"Location":{"Space":{"X":-4,"Y":4},"Zone":{"X":0,"Y":0}},"CurrentStamina":20,"CurrentOrder":null,"Builds":[],"GarrisonedIn":null,"Stance":3,"InterruptCurrent":true,"AttackBack":true,"TargetPriority":"","ActiveOrders":null,"Health":11,"MaxHealth":11},{"InternalID":14,"UnitID":11,"Type":2,"Kind":1,"Location":{"Space":{"X":-4,"Y":4},"Zone":{"X":0,"Y":0}},"CurrentStamina":20,"CurrentOrder":null,"Builds":[],"GarrisonedIn":null,"Stance":3,"InterruptCurrent":true,"AttackBack":true,"TargetPriority":"","ActiveOrders":null,"Health":11,"MaxHealth":11},{"InternalID":15,"UnitID":11,"Type":2,"Kind":1,"Location":{"Space":{"X":-4,"Y":4},"Zone":{"X":0,"Y":0}},"CurrentStamina":20,"CurrentOrder":null,"Builds":[],"GarrisonedIn":null,"Stance":3,"InterruptCurrent":true,"AttackBack":true,"TargetPriority":"","ActiveOrders":null,"Health":11,"MaxHealth":11},{"InternalID":16,"UnitID":11,"Type":2,"Kind":1,"Location":{"Space":{"X":-4,"Y":4},"Zone":{"X":0,"Y":0}},"CurrentStamina":20,"CurrentOrder":null,"Builds":[],"GarrisonedIn":null,"Stance":3,"InterruptCurrent":true,"AttackBack":true,"TargetPriority":"","ActiveOrders":null,"Health":11,"MaxHealth":11},{"InternalID":17,"UnitID":12,"Type":2,"Kind":1,"Location":{"Space":{"X":-4,"Y":3},"Zone":{"X":0,"Y":1}},"CurrentStamina":16,"CurrentOrder":{"Kind":0,"TargetZone":{"Space":{"X":-4,"Y":4},"Zone":{"X":0,"Y":0}},"TargetSpace":null,"TargetResource":null,"TargetUnit":null,"TargetBuilding":null},"Builds":[],"GarrisonedIn":null,"Stance":3,"InterruptCurrent":true,"AttackBack":true,"TargetPriority":"","ActiveOrders":[{"ID":204,"Kind":0}],"Health":16,"MaxHealth":16},{"InternalID":18,"UnitID":12,"Type":2,"Kind":1,"Location":{"Space":{"X":-4,"Y":3},"Zone":{"X":0,"Y":1}},"CurrentStamina":16,"CurrentOrder":{"Kind":0,"TargetZone":{"Space":{"X":-4,"Y":4},"Zone":{"X":0,"Y":0}},"TargetSpace":null,"TargetResource":null,"TargetUnit":null,"TargetBuilding":null},"Builds":[],"GarrisonedIn":null,"Stance":3,"InterruptCurrent":true,"AttackBack":true,"TargetPriority":"","ActiveOrders":[{"ID":205,"Kind":0}],"Health":16,"MaxHealth":16},{"InternalID":19,"UnitID":12,"Type":2,"Kind":1,"Location":{"Space":{"X":-4,"Y":3},"Zone":{"X":0,"Y":1}},"CurrentStamina":16,"CurrentOrder":{"Kind":0,"TargetZone":{"Space":{"X":-4,"Y":4},"Zone":{"X":0,"Y":0}},"TargetSpace":null,"TargetResource":null,"TargetUnit":null,"TargetBuilding":null},"Builds":[],"GarrisonedIn":null,"Stance":3,"InterruptCurrent":true,"AttackBack":true,"TargetPriority":"","ActiveOrders":[{"ID":206,"Kind":0}],"Health":16,"MaxHealth":16},{"InternalID":20,"UnitID":12,"Type":2,"Kind":1,"Location":{"Space":{"X":-4,"Y":3},"Zone":{"X":0,"Y":1}},"CurrentStamina":16,"CurrentOrder":{"Kind":0,"TargetZone":{"Space":{"X":-4,"Y":4},"Zone":{"X":0,"Y":0}},"TargetSpace":null,"TargetResource":null,"TargetUnit":null,"TargetBuilding":null},"Builds":[],"GarrisonedIn":null,"Stance":3,"InterruptCurrent":true,"AttackBack":true,"TargetPriority":"","ActiveOrders":[{"ID":207,"Kind":0}],"Health":16,"MaxHealth":16},{"InternalID":21,"UnitID":12,"Type":2,"Kind":1,"Location":{"Space":{"X":-4,"Y":3},"Zone":{"X":0,"Y":1}},"CurrentStamina":16,"CurrentOrder":{"Kind":0,"TargetZone":{"Space":{"X":-4,"Y":4},"Zone":{"X":0,"Y":0}},"TargetSpace":null,"TargetResource":null,"TargetUnit":null,"TargetBuilding":null},"Builds":[],"GarrisonedIn":null,"Stance":3,"InterruptCurrent":true,"AttackBack":true,"TargetPriority":"","ActiveOrders":[{"ID":208,"Kind":0}],"Health":16,"MaxHealth":16},{"InternalID":22,"UnitID":12,"Type":2,"Kind":1,"Location":{"Space":{"X":-4,"Y":3},"Zone":{"X":0,"Y":1}},"CurrentStamina":16,"CurrentOrder":{"Kind":0,"TargetZone":{"Space":{"X":-4,"Y":4},"Zone":{"X":0,"Y":0}},"TargetSpace":null,"TargetResource":null,"TargetUnit":null,"TargetBuilding":null},"Builds":[],"GarrisonedIn":null,"Stance":3,"InterruptCurrent":true,"AttackBack":true,"TargetPriority":"","ActiveOrders":[{"ID":209,"Kind":0}],"Health":16,"MaxHealth":16},{"InternalID":23,"UnitID":12,"Type":2,"Kind":1,"Location":{"Space":{"X":-4,"Y":3},"Zone":{"X":0,"Y":1}},"CurrentStamina":16,"CurrentOrder":{"Kind":0,"TargetZone":{"Space":{"X":-4,"Y":4},"Zone":{"X":0,"Y":0}},"TargetSpace":null,"TargetResource":null,"TargetUnit":null,"TargetBuilding":null},"Builds":[],"GarrisonedIn":null,"Stance":3,"InterruptCurrent":true,"AttackBack":true,"TargetPriority":"","ActiveOrders":[{"ID":210,"Kind":0}],"Health":16,"MaxHealth":16},{"InternalID":24,"UnitID":12,"Type":2,"Kind":1,"Location":{"Space":{"X":-4,"Y":3},"Zone":{"X":0,"Y":1}},"CurrentStamina":16,"CurrentOrder":{"Kind":0,"TargetZone":{"Space":{"X":-4,"Y":4},"Zone":{"X":0,"Y":0}},"TargetSpace":null,"TargetResource":null,"TargetUnit":null,"TargetBuilding":null},"Builds":[],"GarrisonedIn":null,"Stance":3,"InterruptCurrent":true,"AttackBack":true,"TargetPriority":"","ActiveOrders":[{"ID":211,"Kind":0}],"Health":16,"MaxHealth":16},{"InternalID":25,"UnitID":13,"Type":2,"Kind":1,"Location":{"Space":{"X":-4,"Y":2},"Zone":{"X":0,"Y":0}},"CurrentStamina":8,"CurrentOrder":null,"Builds":[],"GarrisonedIn":null,"Stance":3,"InterruptCurrent":true,"AttackBack":true,"TargetPriority":"","ActiveOrders":null,"Health":50,"MaxHealth":50},{"InternalID":26,"UnitID":13,"Type":2,"Kind":1,"Location":{"Space":{"X":-4,"Y":2},"Zone":{"X":0,"Y":0}},"CurrentStamina":8,"CurrentOrder":null,"Builds":[],"GarrisonedIn":null,"Stance":3,"InterruptCurrent":true,"AttackBack":true,"TargetPriority":"","ActiveOrders":null,"Health":50,"MaxHealth":50},{"InternalID":27,"UnitID":13,"Type":2,"Kind":1,"Location":{"Space":{"X":-4,"Y":2},"Zone":{"X":0,"Y":0}},"CurrentStamina":8,"CurrentOrder":null,"Builds":[],"GarrisonedIn":null,"Stance":3,"InterruptCurrent":true,"AttackBack":true,"TargetPriority":"","ActiveOrders":null,"Health":50,"MaxHealth":50},{"InternalID":28,"UnitID":13,"Type":2,"Kind":1,"Location":{"Space":{"X":-4,"Y":2},"Zone":{"X":0,"Y":0}},"CurrentStamina":8,"CurrentOrder":null,"Builds":[],"GarrisonedIn":null,"Stance":3,"InterruptCurrent":true,"AttackBack":true,"TargetPriority":"","ActiveOrders":null,"Health":50,"MaxHealth":50},{"InternalID":29,"UnitID":13,"Type":2,"Kind":1,"Location":{"Space":{"X":-4,"Y":2},"Zone":{"X":0,"Y":0}},"CurrentStamina":8,"CurrentOrder":null,"Builds":[],"GarrisonedIn":null,"Stance":3,"InterruptCurrent":true,"AttackBack":true,"TargetPriority":"","ActiveOrders":null,"Health":50,"MaxHealth":50},{"InternalID":30,"UnitID":13,"Type":2,"Kind":1,"Location":{"Space":{"X":-4,"Y":2},"Zone":{"X":0,"Y":0}},"CurrentStamina":8,"CurrentOrder":null,"Builds":[],"GarrisonedIn":null,"Stance":3,"InterruptCurrent":true,"AttackBack":true,"TargetPriority":"","ActiveOrders":null,"Health":50,"MaxHealth":50}]}
2026/09/30 21:20:37 ai ai-0: submitting orders [{Subjects:[1] OrderType:2 TargetID:11026 ClearPreviousOrders:true} {Subjects:[2] OrderType:2 TargetID:11026 ClearPreviousOrders:true} {Subjects:[3] OrderType:2 TargetID:11026 ClearPreviousOrders:true} {Subjects:[4] OrderType:2 TargetID:11026 ClearPreviousOrders:true} {Subjects:[7] OrderType:2 TargetID:11026 ClearPreviousOrders:true} {Subjects:[6] OrderType:2 TargetID:11026 ClearPreviousOrders:true} {Subjects:[8] OrderType:2 TargetID:11026 ClearPreviousOrders:true} {Subjects:[9] OrderType:2 TargetID:11026 ClearPreviousOrders:true} {Subjects:[10] OrderType:2 TargetID:11026 ClearPreviousOrders:true} {Subjects:[11] OrderType:2 TargetID:11026 ClearPreviousOrders:true} {Subjects:[12] OrderType:2 TargetID:11026 ClearPreviousOrders:true} {Subjects:[13] OrderType:2 TargetID:11026 ClearPreviousOrders:true} {Subjects:[14] OrderType:2 TargetID:11026 ClearPreviousOrders:true} {Subjects:[15] OrderType:2 TargetID:11026 ClearPreviousOrders:true} {Subjects:[16] OrderType:2 TargetID:11026 ClearPreviousOrders:true} {Subjects:[25] OrderType:2 TargetID:11026 ClearPreviousOrders:true} {Subjects:[26] OrderType:2 TargetID:11026 ClearPreviousOrders:true} {Subjects:[27] OrderType:2 TargetID:11026 ClearPreviousOrders:true} {Subjects:[28] OrderType:2 TargetID:11026 ClearPreviousOrders:true} {Subjects:[29] OrderType:2 TargetID:11026 ClearPreviousOrders:true} {Subjects:[30] OrderType:2 TargetID:11026 ClearPreviousOrders:true}]
2026/09/30 21:20:37 ai ai-0: vars {"B":15,"Hv":6,"Pi":8,"aPowLocal":0,"aThreat":0,"a_engaged":0,"a_odds":1.3,"a_outnumbered":0,"army_target":50,"army_value":3010,"assault":0,"bank_rate":28,"bar_barracks":0.17072129748186085,"bar_redoubt":1.1111111111111112,"barracks":0,"barracks_B":0,"barracks_P":0,"barracks_save":0,"barracks_spend":78.1,"barracks_want":0,"buffer_food":70,"buffer_gold":0,"buffer_stone":0,"buffer_wood":70,"builders":0,"committed":0,"eB":0,"eGrowth":0,"eH":0,"eMil":0,"eP":0,"ePow":0,"ePowEst":0.9039207967999998,"ePowSeen":0.9039207967999998,"eTech":1,"eV":0,"es":1,"farm_want":0,"farm_wood_short":0,"farming":0,"fire_barracks":0,"fire_farm0":0,"fire_farm1":0,"fire_farm2":0,"fire_house":0,"fire_outpost":0,"fire_redoubt":0,"fire_smith":0,"fire_vc":0,"food_need":0,"food_over":0,"food_rate":0,"food_slots":1000,"food_workers":0,"free_room":21,"go":0,"gold_income":6,"gold_need":0,"gold_rate":0,"gold_surplus":90,"guaranteed":0,"guard_home":0,"headroom":-29,"hire_B":4846.153846153846,"hire_P":7615.384615384615,"homePow":0,"house_builders":0,"house_urgency":0,"house_want":0,"income_proj":0,"left":0,"lf_food":0,"lf_gold":0,"lf_stone":0,"lf_wood":0,"lump_food":0,"lump_gold":0,"lump_stone":0,"lump_wood":0,"maturity":0,"mil":29,"myTech":1,"n_barracks":0,"n_redoubts":0,"needB":20.994874298267025,"needP":0.005125701732975348,"outpost_want":0,"pikes":0,"planned_food":0,"planned_gold":0,"planned_stone":0,"planned_wood":0,"prod_rate":0,"proj_army":3010,"raid_danger":0,"raid_fails":0,"raid_lost":1,"raid_pause":0,"raid_prev":5,"raid_size":4.5,"raid_wiped":0,"rate":6,"redoubt_H":0,"redoubt_gold_ok":0.8,"redoubt_save":0,"redoubt_spend":30,"redoubt_want":0,"redoubts":0,"rf_food":0,"rf_gold":0,"rf_stone":0,"rf_wood":0,"sB4":256,"sP4":0.0625,"scale_l":0,"scale_r":0,"shareH":0.2,"smith_want":0,"smiths":0,"spare":0,"spare_food":0.5,"stone_need":0,"stone_rate":0,"tH":27,"target_spend":400,"tech_food":50,"tech_gold":0,"tech_stone":0,"tech_wood":50,"threat_home":0,"turns_left":-290,"u_barracks":0.2868117797695263,"u_redoubt":0.18666666666666668,"unit_spend":120,"vB":4,"vH":1,"vP":0.5,"vc_want":0,"vcs":0,"vil_goal":50,"vil_rate":0,"vil_stamina":8,"vil_want":0,"vil_want_last":0,"vil_worth_now":0.6,"vils":0,"w_food":0,"w_gold":0,"w_stone":0,"w_wood":0,"wild_workers":0,"wood_need":0,"wood_rate":0,"workers":0}
2026/09/30 21:20:37 player action: submit-orders 0 1 map[orders:[{0 [1] 2 11026 true} {0 [2] 2 11026 true} {0 [3] 2 11026 true} {0 [4] 2 11026 true} {0 [7] 2 11026 true} {0 [6] 2 11026 true} {0 [8] 2 11026 true} {0 [9] 2 11026 true} {0 [10] 2 11026 true} {0 [11] 2 11026 true} {0 [12] 2 11026 true} {0 [13] 2 11026 true} {0 [14] 2 11026 true} {0 [15] 2 11026 true} {0 [16] 2 11026 true} {0 [25] 2 11026 true} {0 [26] 2 11026 true} {0 [27] 2 11026 true} {0 [28] 2 11026 true} {0 [29] 2 11026 true} {0 [30] 2 11026 true}]]
2026/09/30 21:20:37 Executing submit orders for: 0 [{0 [1] 2 11026 true} {0 [2] 2 11026 true} {0 [3] 2 11026 true} {0 [4] 2 11026 true} {0 [7] 2 11026 true} {0 [6] 2 11026 true} {0 [8] 2 11026 true} {0 [9] 2 11026 true} {0 [10] 2 11026 true} {0 [11] 2 11026 true} {0 [12] 2 11026 true} {0 [13] 2 11026 true} {0 [14] 2 11026 true} {0 [15] 2 11026 true} {0 [16] 2 11026 true} {0 [25] 2 11026 true} {0 [26] 2 11026 true} {0 [27] 2 11026 true} {0 [28] 2 11026 true} {0 [29] 2 11026 true} {0 [30] 2 11026 true}]
2026/09/30 21:20:38 Resolving active orders
2026/09/30 21:20:38 Moving unit 8 Blunt Infantry to zone(1, 0) in space (-4, 4) tick=1
2026/09/30 21:20:38 Moving unit 11 Blunt Infantry to zone(1, 0) in space (-4, 4) tick=1
2026/09/30 21:20:38 Moving unit 17 Piercing Infantry to zone(0, -1) in space (-4, 4) tick=1
2026/09/30 21:20:38 Moving unit 21 Piercing Infantry to zone(0, -1) in space (-4, 4) tick=1
2026/09/30 21:20:38 Moving unit 28 Heavy Infantry to zone(1, 0) in space (-4, 2) tick=1
2026/09/30 21:20:38 Moving unit 2 Blunt Infantry to zone(1, 0) in space (-4, 4) tick=1
2026/09/30 21:20:38 Moving unit 13 Blunt Infantry to zone(1, 0) in space (-4, 4) tick=1
2026/09/30 21:20:38 Moving unit 22 Piercing Infantry to zone(0, -1) in space (-4, 4) tick=1
2026/09/30 21:20:38 Moving unit 27 Heavy Infantry to zone(1, 0) in space (-4, 2) tick=1
2026/09/30 21:20:38 Moving unit 29 Heavy Infantry to zone(1, 0) in space (-4, 2) tick=1
2026/09/30 21:20:38 Moving unit 6 Blunt Infantry to zone(1, 0) in space (-4, 4) tick=1
2026/09/30 21:20:38 Moving unit 9 Blunt Infantry to zone(1, 0) in space (-4, 4) tick=1
2026/09/30 21:20:38 Moving unit 15 Blunt Infantry to zone(1, 0) in space (-4, 4) tick=1
2026/09/30 21:20:38 Moving unit 7 Blunt Infantry to zone(1, 0) in space (-4, 4) tick=1
2026/09/30 21:20:38 Moving unit 10 Blunt Infantry to zone(1, 0) in space (-4, 4) tick=1
2026/09/30 21:20:38 Moving unit 12 Blunt Infantry to zone(1, 0) in space (-4, 4) tick=1
2026/09/30 21:20:38 Moving unit 19 Piercing Infantry to zone(0, -1) in space (-4, 4) tick=1
2026/09/30 21:20:38 Moving unit 20 Piercing Infantry to zone(0, -1) in space (-4, 4) tick=1
2026/09/30 21:20:38 Moving unit 23 Piercing Infantry to zone(0, -1) in space (-4, 4) tick=1
2026/09/30 21:20:38 Moving unit 25 Heavy Infantry to zone(1, 0) in space (-4, 2) tick=1
2026/09/30 21:20:38 Moving unit 30 Heavy Infantry to zone(1, 0) in space (-4, 2) tick=1
2026/09/30 21:20:38 Moving unit 4 Blunt Infantry to zone(1, 0) in space (-4, 4) tick=1
2026/09/30 21:20:38 Moving unit 16 Blunt Infantry to zone(1, 0) in space (-4, 4) tick=1
2026/09/30 21:20:38 Moving unit 18 Piercing Infantry to zone(0, -1) in space (-4, 4) tick=1
2026/09/30 21:20:38 Moving unit 24 Piercing Infantry to zone(0, -1) in space (-4, 4) tick=1
2026/09/30 21:20:38 Moving unit 26 Heavy Infantry to zone(1, 0) in space (-4, 2) tick=1
2026/09/30 21:20:38 Moving unit 14 Blunt Infantry to zone(1, 0) in space (-4, 4) tick=1
2026/09/30 21:20:38 Moving unit 1 Blunt Infantry to zone(1, 0) in space (-4, 4) tick=1
2026/09/30 21:20:38 Moving unit 3 Blunt Infantry to zone(1, 0) in space (-4, 4) tick=1
2026/09/30 21:20:38 Moving unit 32 Blunt Infantry to zone(0, -1) in space (-1, 0) tick=1
2026/09/30 21:20:38 state_hash turn=10 tick=1 hash=444d089954980552
2026/09/30 21:20:38 Moving unit 28 Heavy Infantry to zone(-1, 0) in space (-3, 2) tick=2
2026/09/30 21:20:38 Moving unit 2 Blunt Infantry to zone(-1, 0) in space (-3, 4) tick=2
2026/09/30 21:20:38 Moving unit 13 Blunt Infantry to zone(-1, 0) in space (-3, 4) tick=2
2026/09/30 21:20:38 Moving unit 22 Piercing Infantry to zone(0, 0) in space (-4, 4) tick=2
2026/09/30 21:20:38 Moving unit 27 Heavy Infantry to zone(-1, 0) in space (-3, 2) tick=2
2026/09/30 21:20:38 Moving unit 29 Heavy Infantry to zone(-1, 0) in space (-3, 2) tick=2
2026/09/30 21:20:38 Moving unit 6 Blunt Infantry to zone(-1, 0) in space (-3, 4) tick=2
2026/09/30 21:20:38 Moving unit 9 Blunt Infantry to zone(-1, 0) in space (-3, 4) tick=2
2026/09/30 21:20:38 Moving unit 15 Blunt Infantry to zone(-1, 0) in space (-3, 4) tick=2
2026/09/30 21:20:38 Moving unit 7 Blunt Infantry to zone(-1, 0) in space (-3, 4) tick=2
2026/09/30 21:20:38 Moving unit 10 Blunt Infantry to zone(-1, 0) in space (-3, 4) tick=2
2026/09/30 21:20:38 Moving unit 12 Blunt Infantry to zone(-1, 0) in space (-3, 4) tick=2
2026/09/30 21:20:38 Moving unit 19 Piercing Infantry to zone(0, 0) in space (-4, 4) tick=2
2026/09/30 21:20:38 Moving unit 20 Piercing Infantry to zone(0, 0) in space (-4, 4) tick=2
2026/09/30 21:20:38 Moving unit 23 Piercing Infantry to zone(0, 0) in space (-4, 4) tick=2
2026/09/30 21:20:38 Moving unit 25 Heavy Infantry to zone(-1, 0) in space (-3, 2) tick=2
2026/09/30 21:20:38 Moving unit 30 Heavy Infantry to zone(-1, 0) in space (-3, 2) tick=2
2026/09/30 21:20:38 Moving unit 4 Blunt Infantry to zone(-1, 0) in space (-3, 4) tick=2
2026/09/30 21:20:38 Moving unit 16 Blunt Infantry to zone(-1, 0) in space (-3, 4) tick=2
2026/09/30 21:20:38 Moving unit 18 Piercing Infantry to zone(0, 0) in space (-4, 4) tick=2
2026/09/30 21:20:38 Moving unit 24 Piercing Infantry to zone(0, 0) in space (-4, 4) tick=2
2026/09/30 21:20:38 Moving unit 26 Heavy Infantry to zone(-1, 0) in space (-3, 2) tick=2
2026/09/30 21:20:38 Moving unit 14 Blunt Infantry to zone(-1, 0) in space (-3, 4) tick=2
2026/09/30 21:20:38 Moving unit 1 Blunt Infantry to zone(-1, 0) in space (-3, 4) tick=2
2026/09/30 21:20:38 Moving unit 3 Blunt Infantry to zone(-1, 0) in space (-3, 4) tick=2
2026/09/30 21:20:38 Moving unit 8 Blunt Infantry to zone(-1, 0) in space (-3, 4) tick=2
2026/09/30 21:20:38 Moving unit 11 Blunt Infantry to zone(-1, 0) in space (-3, 4) tick=2
2026/09/30 21:20:38 Moving unit 17 Piercing Infantry to zone(0, 0) in space (-4, 4) tick=2
2026/09/30 21:20:38 Moving unit 21 Piercing Infantry to zone(0, 0) in space (-4, 4) tick=2
2026/09/30 21:20:38 Moving unit 32 Blunt Infantry to zone(0, 1) in space (-1, -1) tick=2
2026/09/30 21:20:38 state_hash turn=10 tick=2 hash=15f6a9150d2f7e6a
2026/09/30 21:20:38 Moving unit 25 Heavy Infantry to zone(0, 0) in space (-3, 2) tick=3
2026/09/30 21:20:38 Moving unit 30 Heavy Infantry to zone(0, 0) in space (-3, 2) tick=3
2026/09/30 21:20:38 Moving unit 4 Blunt Infantry to zone(0, 0) in space (-3, 4) tick=3
2026/09/30 21:20:38 Moving unit 16 Blunt Infantry to zone(0, 0) in space (-3, 4) tick=3
2026/09/30 21:20:38 Moving unit 26 Heavy Infantry to zone(0, 0) in space (-3, 2) tick=3
2026/09/30 21:20:38 Moving unit 14 Blunt Infantry to zone(0, 0) in space (-3, 4) tick=3
2026/09/30 21:20:38 Moving unit 1 Blunt Infantry to zone(0, 0) in space (-3, 4) tick=3
2026/09/30 21:20:38 Moving unit 3 Blunt Infantry to zone(0, 0) in space (-3, 4) tick=3
2026/09/30 21:20:38 Moving unit 8 Blunt Infantry to zone(0, 0) in space (-3, 4) tick=3
2026/09/30 21:20:38 Moving unit 11 Blunt Infantry to zone(0, 0) in space (-3, 4) tick=3
2026/09/30 21:20:38 Moving unit 28 Heavy Infantry to zone(0, 0) in space (-3, 2) tick=3
2026/09/30 21:20:38 Moving unit 2 Blunt Infantry to zone(0, 0) in space (-3, 4) tick=3
2026/09/30 21:20:38 Moving unit 13 Blunt Infantry to zone(0, 0) in space (-3, 4) tick=3
2026/09/30 21:20:38 Moving unit 27 Heavy Infantry to zone(0, 0) in space (-3, 2) tick=3
2026/09/30 21:20:38 Moving unit 29 Heavy Infantry to zone(0, 0) in space (-3, 2) tick=3
2026/09/30 21:20:38 Moving unit 6 Blunt Infantry to zone(0, 0) in space (-3, 4) tick=3
2026/09/30 21:20:38 Moving unit 9 Blunt Infantry to zone(0, 0) in space (-3, 4) tick=3
2026/09/30 21:20:38 Moving unit 15 Blunt Infantry to zone(0, 0) in space (-3, 4) tick=3
2026/09/30 21:20:38 Moving unit 7 Blunt Infantry to zone(0, 0) in space (-3, 4) tick=3
2026/09/30 21:20:38 Moving unit 10 Blunt Infantry to zone(0, 0) in space (-3, 4) tick=3
2026/09/30 21:20:38 Moving unit 12 Blunt Infantry to zone(0, 0) in space (-3, 4) tick=3
2026/09/30 21:20:38 Moving unit 59 Heavy Infantry to zone(-1, 0) in space (-3, 2) tick=3
2026/09/30 21:20:38 Moving unit 40 Blunt Infantry to zone(-1, 0) in space (-3, 2) tick=3
2026/09/30 21:20:38 Moving unit 46 Blunt Infantry to zone(-1, 0) in space (-3, 2) tick=3
2026/09/30 21:20:38 Moving unit 50 Piercing Infantry to zone(-1, 0) in space (-3, 2) tick=3
2026/09/30 21:20:38 Moving unit 60 Heavy Infantry to zone(-1, 0) in space (-3, 2) tick=3
2026/09/30 21:20:38 Moving unit 38 Blunt Infantry to zone(-1, 0) in space (-3, 2) tick=3
2026/09/30 21:20:38 Moving unit 43 Blunt Infantry to zone(-1, 0) in space (-3, 2) tick=3
2026/09/30 21:20:38 Moving unit 45 Blunt Infantry to zone(-1, 0) in space (-3, 2) tick=3
2026/09/30 21:20:38 Moving unit 58 Heavy Infantry to zone(-1, 0) in space (-3, 2) tick=3
2026/09/30 21:20:38 Moving unit 33 Blunt Infantry to zone(-1, 0) in space (-3, 2) tick=3
2026/09/30 21:20:38 Moving unit 53 Piercing Infantry to zone(-1, 0) in space (-3, 2) tick=3
2026/09/30 21:20:38 Moving unit 35 Blunt Infantry to zone(-1, 0) in space (-3, 2) tick=3
2026/09/30 21:20:38 Moving unit 42 Blunt Infantry to zone(-1, 0) in space (-3, 2) tick=3
2026/09/30 21:20:38 Moving unit 49 Piercing Infantry to zone(-1, 0) in space (-3, 2) tick=3
2026/09/30 21:20:38 Moving unit 32 Blunt Infantry to zone(0, 0) in space (-1, -1) tick=3
2026/09/30 21:20:38 Moving unit 36 Blunt Infantry to zone(-1, 0) in space (-3, 2) tick=3
2026/09/30 21:20:38 Moving unit 39 Blunt Infantry to zone(-1, 0) in space (-3, 2) tick=3
2026/09/30 21:20:38 Moving unit 48 Piercing Infantry to zone(-1, 0) in space (-3, 2) tick=3
2026/09/30 21:20:38 Moving unit 51 Piercing Infantry to zone(-1, 0) in space (-3, 2) tick=3
2026/09/30 21:20:38 Moving unit 34 Blunt Infantry to zone(-1, 0) in space (-3, 2) tick=3
2026/09/30 21:20:38 Moving unit 47 Piercing Infantry to zone(-1, 0) in space (-3, 2) tick=3
2026/09/30 21:20:38 Moving unit 52 Piercing Infantry to zone(-1, 0) in space (-3, 2) tick=3
2026/09/30 21:20:38 Moving unit 54 Piercing Infantry to zone(-1, 0) in space (-3, 2) tick=3
2026/09/30 21:20:38 Moving unit 55 Heavy Infantry to zone(-1, 0) in space (-3, 2) tick=3
2026/09/30 21:20:38 Moving unit 56 Heavy Infantry to zone(-1, 0) in space (-3, 2) tick=3
2026/09/30 21:20:38 Moving unit 37 Blunt Infantry to zone(-1, 0) in space (-3, 2) tick=3
2026/09/30 21:20:38 Moving unit 41 Blunt Infantry to zone(-1, 0) in space (-3, 2) tick=3
2026/09/30 21:20:38 Moving unit 44 Blunt Infantry to zone(-1, 0) in space (-3, 2) tick=3
2026/09/30 21:20:38 Moving unit 57 Heavy Infantry to zone(-1, 0) in space (-3, 2) tick=3
2026/09/30 21:20:38 state_hash turn=10 tick=3 hash=3ab4c2f2175c8423
2026/09/30 21:20:38 Moving unit 2 Blunt Infantry to zone(1, 0) in space (-3, 4) tick=4
2026/09/30 21:20:38 Moving unit 13 Blunt Infantry to zone(1, 0) in space (-3, 4) tick=4
2026/09/30 21:20:38 Moving unit 6 Blunt Infantry to zone(1, 0) in space (-3, 4) tick=4
2026/09/30 21:20:38 Moving unit 9 Blunt Infantry to zone(1, 0) in space (-3, 4) tick=4
2026/09/30 21:20:38 Moving unit 15 Blunt Infantry to zone(1, 0) in space (-3, 4) tick=4
2026/09/30 21:20:38 Moving unit 7 Blunt Infantry to zone(1, 0) in space (-3, 4) tick=4
2026/09/30 21:20:38 Moving unit 10 Blunt Infantry to zone(1, 0) in space (-3, 4) tick=4
2026/09/30 21:20:38 Moving unit 12 Blunt Infantry to zone(1, 0) in space (-3, 4) tick=4
2026/09/30 21:20:38 Moving unit 4 Blunt Infantry to zone(1, 0) in space (-3, 4) tick=4
2026/09/30 21:20:38 Moving unit 16 Blunt Infantry to zone(1, 0) in space (-3, 4) tick=4
2026/09/30 21:20:38 Moving unit 14 Blunt Infantry to zone(1, 0) in space (-3, 4) tick=4
2026/09/30 21:20:38 Moving unit 1 Blunt Infantry to zone(1, 0) in space (-3, 4) tick=4
2026/09/30 21:20:38 Moving unit 3 Blunt Infantry to zone(1, 0) in space (-3, 4) tick=4
2026/09/30 21:20:38 Moving unit 8 Blunt Infantry to zone(1, 0) in space (-3, 4) tick=4
2026/09/30 21:20:38 Moving unit 11 Blunt Infantry to zone(1, 0) in space (-3, 4) tick=4
2026/09/30 21:20:38 Moving unit 32 Blunt Infantry to zone(1, -1) in space (-1, -1) tick=4
2026/09/30 21:20:38 Moving unit 36 Blunt Infantry to zone(0, 0) in space (-3, 2) tick=4
2026/09/30 21:20:38 Moving unit 39 Blunt Infantry to zone(0, 0) in space (-3, 2) tick=4
2026/09/30 21:20:38 Moving unit 48 Piercing Infantry to zone(0, 0) in space (-3, 2) tick=4
2026/09/30 21:20:38 Moving unit 51 Piercing Infantry to zone(0, 0) in space (-3, 2) tick=4
2026/09/30 21:20:38 Moving unit 34 Blunt Infantry to zone(0, 0) in space (-3, 2) tick=4
2026/09/30 21:20:38 Moving unit 47 Piercing Infantry to zone(0, 0) in space (-3, 2) tick=4
2026/09/30 21:20:38 Moving unit 52 Piercing Infantry to zone(0, 0) in space (-3, 2) tick=4
2026/09/30 21:20:38 Moving unit 54 Piercing Infantry to zone(0, 0) in space (-3, 2) tick=4
2026/09/30 21:20:38 Moving unit 55 Heavy Infantry to zone(0, 0) in space (-3, 2) tick=4
2026/09/30 21:20:38 Moving unit 56 Heavy Infantry to zone(0, 0) in space (-3, 2) tick=4
2026/09/30 21:20:38 Moving unit 37 Blunt Infantry to zone(0, 0) in space (-3, 2) tick=4
2026/09/30 21:20:38 Moving unit 41 Blunt Infantry to zone(0, 0) in space (-3, 2) tick=4
2026/09/30 21:20:38 Moving unit 44 Blunt Infantry to zone(0, 0) in space (-3, 2) tick=4
2026/09/30 21:20:38 Moving unit 57 Heavy Infantry to zone(0, 0) in space (-3, 2) tick=4
2026/09/30 21:20:38 Moving unit 59 Heavy Infantry to zone(0, 0) in space (-3, 2) tick=4
2026/09/30 21:20:38 Moving unit 40 Blunt Infantry to zone(0, 0) in space (-3, 2) tick=4
2026/09/30 21:20:38 Moving unit 46 Blunt Infantry to zone(0, 0) in space (-3, 2) tick=4
2026/09/30 21:20:38 Moving unit 50 Piercing Infantry to zone(0, 0) in space (-3, 2) tick=4
2026/09/30 21:20:38 Moving unit 60 Heavy Infantry to zone(0, 0) in space (-3, 2) tick=4
2026/09/30 21:20:38 Moving unit 38 Blunt Infantry to zone(0, 0) in space (-3, 2) tick=4
2026/09/30 21:20:38 Moving unit 43 Blunt Infantry to zone(0, 0) in space (-3, 2) tick=4
2026/09/30 21:20:38 Moving unit 45 Blunt Infantry to zone(0, 0) in space (-3, 2) tick=4
2026/09/30 21:20:38 Moving unit 58 Heavy Infantry to zone(0, 0) in space (-3, 2) tick=4
2026/09/30 21:20:38 Moving unit 33 Blunt Infantry to zone(0, 0) in space (-3, 2) tick=4
2026/09/30 21:20:38 Moving unit 53 Piercing Infantry to zone(0, 0) in space (-3, 2) tick=4
2026/09/30 21:20:38 Moving unit 35 Blunt Infantry to zone(0, 0) in space (-3, 2) tick=4
2026/09/30 21:20:38 Moving unit 42 Blunt Infantry to zone(0, 0) in space (-3, 2) tick=4
2026/09/30 21:20:38 Moving unit 49 Piercing Infantry to zone(0, 0) in space (-3, 2) tick=4
2026/09/30 21:20:38 state_hash turn=10 tick=4 hash=e2438dc6a6809f28
2026/09/30 21:20:38 Moving unit 4 Blunt Infantry to zone(-1, 0) in space (-2, 4) tick=5
2026/09/30 21:20:38 Moving unit 16 Blunt Infantry to zone(-1, 0) in space (-2, 4) tick=5
2026/09/30 21:20:38 Moving unit 14 Blunt Infantry to zone(-1, 0) in space (-2, 4) tick=5
2026/09/30 21:20:38 Moving unit 1 Blunt Infantry to zone(-1, 0) in space (-2, 4) tick=5
2026/09/30 21:20:38 Moving unit 3 Blunt Infantry to zone(-1, 0) in space (-2, 4) tick=5
2026/09/30 21:20:38 Moving unit 8 Blunt Infantry to zone(-1, 0) in space (-2, 4) tick=5
2026/09/30 21:20:38 Moving unit 11 Blunt Infantry to zone(-1, 0) in space (-2, 4) tick=5
2026/09/30 21:20:38 Moving unit 2 Blunt Infantry to zone(-1, 0) in space (-2, 4) tick=5
2026/09/30 21:20:38 Moving unit 13 Blunt Infantry to zone(-1, 0) in space (-2, 4) tick=5
2026/09/30 21:20:38 Moving unit 6 Blunt Infantry to zone(-1, 0) in space (-2, 4) tick=5
2026/09/30 21:20:38 Moving unit 9 Blunt Infantry to zone(-1, 0) in space (-2, 4) tick=5
2026/09/30 21:20:38 Moving unit 15 Blunt Infantry to zone(-1, 0) in space (-2, 4) tick=5
2026/09/30 21:20:38 Moving unit 7 Blunt Infantry to zone(-1, 0) in space (-2, 4) tick=5
2026/09/30 21:20:38 Moving unit 10 Blunt Infantry to zone(-1, 0) in space (-2, 4) tick=5
2026/09/30 21:20:38 Moving unit 12 Blunt Infantry to zone(-1, 0) in space (-2, 4) tick=5
2026/09/30 21:20:38 combat turn=10 tick=5: 35 u11 (player 1, stamina 3) hits 25 u13 (player 0) for 0.71
2026/09/30 21:20:38 combat turn=10 tick=5: 42 u11 (player 1, stamina 3) hits 25 u13 (player 0) for 0.71
2026/09/30 21:20:38 combat turn=10 tick=5: 49 u12 (player 1, stamina 3) hits 25 u13 (player 0) for 2.10
2026/09/30 21:20:38 combat turn=10 tick=5: 36 u11 (player 1, stamina 3) hits 25 u13 (player 0) for 0.71
2026/09/30 21:20:38 combat turn=10 tick=5: 39 u11 (player 1, stamina 3) hits 25 u13 (player 0) for 0.71
2026/09/30 21:20:38 combat turn=10 tick=5: 48 u12 (player 1, stamina 3) hits 25 u13 (player 0) for 2.10
2026/09/30 21:20:38 combat turn=10 tick=5: 51 u12 (player 1, stamina 3) hits 25 u13 (player 0) for 2.10
2026/09/30 21:20:38 combat turn=10 tick=5: 34 u11 (player 1, stamina 3) hits 25 u13 (player 0) for 0.71
2026/09/30 21:20:38 combat turn=10 tick=5: 47 u12 (player 1, stamina 3) hits 25 u13 (player 0) for 2.10
2026/09/30 21:20:38 combat turn=10 tick=5: 52 u12 (player 1, stamina 3) hits 25 u13 (player 0) for 2.10
2026/09/30 21:20:38 combat turn=10 tick=5: 54 u12 (player 1, stamina 3) hits 25 u13 (player 0) for 2.10
2026/09/30 21:20:38 combat turn=10 tick=5: 55 u13 (player 1, stamina 3) hits 25 u13 (player 0) for 3.41
2026/09/30 21:20:38 combat turn=10 tick=5: 56 u13 (player 1, stamina 3) hits 25 u13 (player 0) for 3.41
2026/09/30 21:20:38 combat turn=10 tick=5: 37 u11 (player 1, stamina 3) hits 25 u13 (player 0) for 0.71
2026/09/30 21:20:38 combat turn=10 tick=5: 41 u11 (player 1, stamina 3) hits 25 u13 (player 0) for 0.71
2026/09/30 21:20:38 combat turn=10 tick=5: 44 u11 (player 1, stamina 3) hits 25 u13 (player 0) for 0.71
2026/09/30 21:20:38 combat turn=10 tick=5: 57 u13 (player 1, stamina 3) hits 25 u13 (player 0) for 3.41
2026/09/30 21:20:38 combat turn=10 tick=5: 59 u13 (player 1, stamina 3) hits 25 u13 (player 0) for 3.41
2026/09/30 21:20:38 combat turn=10 tick=5: 40 u11 (player 1, stamina 3) hits 25 u13 (player 0) for 0.71
2026/09/30 21:20:38 combat turn=10 tick=5: 46 u11 (player 1, stamina 3) hits 25 u13 (player 0) for 0.71
2026/09/30 21:20:38 combat turn=10 tick=5: 50 u12 (player 1, stamina 3) hits 25 u13 (player 0) for 2.10
2026/09/30 21:20:38 combat turn=10 tick=5: 60 u13 (player 1, stamina 3) hits 25 u13 (player 0) for 3.41
2026/09/30 21:20:38 combat turn=10 tick=5: 38 u11 (player 1, stamina 3) hits 25 u13 (player 0) for 0.71
2026/09/30 21:20:38 combat turn=10 tick=5: 43 u11 (player 1, stamina 3) hits 25 u13 (player 0) for 0.71
2026/09/30 21:20:38 combat turn=10 tick=5: 45 u11 (player 1, stamina 3) hits 25 u13 (player 0) for 0.71
2026/09/30 21:20:38 combat turn=10 tick=5: 58 u13 (player 1, stamina 3) hits 25 u13 (player 0) for 3.41
2026/09/30 21:20:38 combat turn=10 tick=5: 33 u11 (player 1, stamina 3) hits 25 u13 (player 0) for 0.71
2026/09/30 21:20:38 combat turn=10 tick=5: 53 u12 (player 1, stamina 3) hits 25 u13 (player 0) for 2.10
2026/09/30 21:20:38 state_hash turn=10 tick=5 hash=3e9962af61ebe058
2026/09/30 21:20:38 Moving unit 6 Blunt Infantry to zone(0, 0) in space (-2, 4) tick=6
2026/09/30 21:20:38 Moving unit 9 Blunt Infantry to zone(0, 0) in space (-2, 4) tick=6
2026/09/30 21:20:38 Moving unit 15 Blunt Infantry to zone(0, 0) in space (-2, 4) tick=6
2026/09/30 21:20:38 Moving unit 7 Blunt Infantry to zone(0, 0) in space (-2, 4) tick=6
2026/09/30 21:20:38 Moving unit 10 Blunt Infantry to zone(0, 0) in space (-2, 4) tick=6
2026/09/30 21:20:38 Moving unit 12 Blunt Infantry to zone(0, 0) in space (-2, 4) tick=6
2026/09/30 21:20:38 Moving unit 4 Blunt Infantry to zone(0, 0) in space (-2, 4) tick=6
2026/09/30 21:20:38 Moving unit 16 Blunt Infantry to zone(0, 0) in space (-2, 4) tick=6
2026/09/30 21:20:38 Moving unit 14 Blunt Infantry to zone(0, 0) in space (-2, 4) tick=6
2026/09/30 21:20:38 Moving unit 1 Blunt Infantry to zone(0, 0) in space (-2, 4) tick=6
2026/09/30 21:20:38 Moving unit 3 Blunt Infantry to zone(0, 0) in space (-2, 4) tick=6
2026/09/30 21:20:38 Moving unit 8 Blunt Infantry to zone(0, 0) in space (-2, 4) tick=6
2026/09/30 21:20:38 Moving unit 11 Blunt Infantry to zone(0, 0) in space (-2, 4) tick=6
2026/09/30 21:20:38 Moving unit 2 Blunt Infantry to zone(0, 0) in space (-2, 4) tick=6
2026/09/30 21:20:38 Moving unit 13 Blunt Infantry to zone(0, 0) in space (-2, 4) tick=6
2026/09/30 21:20:38 combat turn=10 tick=6: 34 u11 (player 1, stamina 3) hits 25 u13 (player 0) for 0.71
2026/09/30 21:20:38 combat turn=10 tick=6: 47 u12 (player 1, stamina 3) hits 25 u13 (player 0) for 2.10
2026/09/30 21:20:38 combat turn=10 tick=6: 52 u12 (player 1, stamina 3) hits 25 u13 (player 0) for 2.10
2026/09/30 21:20:38 combat turn=10 tick=6: 54 u12 (player 1, stamina 3) hits 25 u13 (player 0) for 2.10
2026/09/30 21:20:38 combat turn=10 tick=6: 55 u13 (player 1, stamina 3) hits 25 u13 (player 0) for 3.41
2026/09/30 21:20:38 combat turn=10 tick=6: 56 u13 (player 1, stamina 3) hits 25 u13 (player 0) for 3.41
2026/09/30 21:20:38 combat turn=10 tick=6: 37 u11 (player 1, stamina 3) hits 25 u13 (player 0) for 0.71
2026/09/30 21:20:38 combat turn=10 tick=6: 41 u11 (player 1, stamina 3) hits 25 u13 (player 0) for 0.71
2026/09/30 21:20:38 combat turn=10 tick=6: 44 u11 (player 1, stamina 3) hits 25 u13 (player 0) for 0.71
2026/09/30 21:20:38 combat turn=10 tick=6: 57 u13 (player 1, stamina 3) hits 25 u13 (player 0) for 3.41
2026/09/30 21:20:38 combat turn=10 tick=6: 59 u13 (player 1, stamina 3) hits 25 u13 (player 0) for 3.41
2026/09/30 21:20:38 combat turn=10 tick=6: 40 u11 (player 1, stamina 3) hits 25 u13 (player 0) for 0.71
2026/09/30 21:20:38 combat turn=10 tick=6: 46 u11 (player 1, stamina 3) hits 25 u13 (player 0) for 0.71
2026/09/30 21:20:38 combat turn=10 tick=6: 50 u12 (player 1, stamina 3) hits 25 u13 (player 0) for 2.10
2026/09/30 21:20:38 combat turn=10 tick=6: 60 u13 (player 1, stamina 3) hits 25 u13 (player 0) for 3.41
2026/09/30 21:20:38 combat turn=10 tick=6: 38 u11 (player 1, stamina 3) hits 25 u13 (player 0) for 0.71
2026/09/30 21:20:38 combat turn=10 tick=6: 43 u11 (player 1, stamina 3) hits 25 u13 (player 0) for 0.71
2026/09/30 21:20:38 combat turn=10 tick=6: 45 u11 (player 1, stamina 3) hits 25 u13 (player 0) for 0.71
2026/09/30 21:20:38 combat turn=10 tick=6: 58 u13 (player 1, stamina 3) hits 25 u13 (player 0) for 3.41
2026/09/30 21:20:38 combat turn=10 tick=6: 33 u11 (player 1, stamina 3) hits 25 u13 (player 0) for 0.71
2026/09/30 21:20:38 combat turn=10 tick=6: 53 u12 (player 1, stamina 3) hits 25 u13 (player 0) for 2.10
2026/09/30 21:20:38 combat turn=10 tick=6: 35 u11 (player 1, stamina 3) hits 25 u13 (player 0) for 0.71
2026/09/30 21:20:38 combat turn=10 tick=6: 42 u11 (player 1, stamina 3) hits 25 u13 (player 0) for 0.71
2026/09/30 21:20:38 combat turn=10 tick=6: 49 u12 (player 1, stamina 3) hits 25 u13 (player 0) for 2.10
2026/09/30 21:20:38 combat turn=10 tick=6: 36 u11 (player 1, stamina 3) hits 25 u13 (player 0) for 0.71
2026/09/30 21:20:38 combat turn=10 tick=6: 39 u11 (player 1, stamina 3) hits 25 u13 (player 0) for 0.71
2026/09/30 21:20:38 combat turn=10 tick=6: 48 u12 (player 1, stamina 3) hits 25 u13 (player 0) for 2.10
2026/09/30 21:20:38 combat turn=10 tick=6: 51 u12 (player 1, stamina 3) hits 25 u13 (player 0) for 2.10
2026/09/30 21:20:38 state_hash turn=10 tick=6 hash=2a434330a10bb15c
2026/09/30 21:20:38 combat turn=10 tick=7: 39 u11 (player 1, stamina 3) hits 26 u13 (player 0) for 0.71
2026/09/30 21:20:38 combat turn=10 tick=7: 48 u12 (player 1, stamina 3) hits 26 u13 (player 0) for 2.10
2026/09/30 21:20:38 combat turn=10 tick=7: 51 u12 (player 1, stamina 3) hits 26 u13 (player 0) for 2.10
2026/09/30 21:20:38 combat turn=10 tick=7: 34 u11 (player 1, stamina 3) hits 26 u13 (player 0) for 0.71
2026/09/30 21:20:38 combat turn=10 tick=7: 47 u12 (player 1, stamina 3) hits 26 u13 (player 0) for 2.10
2026/09/30 21:20:38 combat turn=10 tick=7: 52 u12 (player 1, stamina 3) hits 26 u13 (player 0) for 2.10
2026/09/30 21:20:38 combat turn=10 tick=7: 54 u12 (player 1, stamina 3) hits 26 u13 (player 0) for 2.10
2026/09/30 21:20:38 combat turn=10 tick=7: 55 u13 (player 1, stamina 1) hits 26 u13 (player 0) for 1.14
2026/09/30 21:20:38 combat turn=10 tick=7: 56 u13 (player 1, stamina 1) hits 26 u13 (player 0) for 1.14
2026/09/30 21:20:38 combat turn=10 tick=7: 37 u11 (player 1, stamina 3) hits 26 u13 (player 0) for 0.71
2026/09/30 21:20:38 combat turn=10 tick=7: 41 u11 (player 1, stamina 3) hits 26 u13 (player 0) for 0.71
2026/09/30 21:20:38 combat turn=10 tick=7: 44 u11 (player 1, stamina 3) hits 26 u13 (player 0) for 0.71
2026/09/30 21:20:38 combat turn=10 tick=7: 57 u13 (player 1, stamina 1) hits 26 u13 (player 0) for 1.14
2026/09/30 21:20:38 combat turn=10 tick=7: 59 u13 (player 1, stamina 1) hits 26 u13 (player 0) for 1.14
2026/09/30 21:20:38 combat turn=10 tick=7: 40 u11 (player 1, stamina 3) hits 26 u13 (player 0) for 0.71
2026/09/30 21:20:38 combat turn=10 tick=7: 46 u11 (player 1, stamina 3) hits 26 u13 (player 0) for 0.71
2026/09/30 21:20:38 combat turn=10 tick=7: 50 u12 (player 1, stamina 3) hits 26 u13 (player 0) for 2.10
2026/09/30 21:20:38 combat turn=10 tick=7: 60 u13 (player 1, stamina 1) hits 26 u13 (player 0) for 1.14
2026/09/30 21:20:38 combat turn=10 tick=7: 38 u11 (player 1, stamina 3) hits 26 u13 (player 0) for 0.71
2026/09/30 21:20:38 combat turn=10 tick=7: 43 u11 (player 1, stamina 3) hits 26 u13 (player 0) for 0.71
2026/09/30 21:20:38 combat turn=10 tick=7: 45 u11 (player 1, stamina 3) hits 26 u13 (player 0) for 0.71
2026/09/30 21:20:38 combat turn=10 tick=7: 58 u13 (player 1, stamina 1) hits 26 u13 (player 0) for 1.14
2026/09/30 21:20:38 combat turn=10 tick=7: 33 u11 (player 1, stamina 3) hits 26 u13 (player 0) for 0.71
2026/09/30 21:20:38 combat turn=10 tick=7: 53 u12 (player 1, stamina 3) hits 26 u13 (player 0) for 2.10
2026/09/30 21:20:38 combat turn=10 tick=7: 35 u11 (player 1, stamina 3) hits 26 u13 (player 0) for 0.71
2026/09/30 21:20:38 combat turn=10 tick=7: 42 u11 (player 1, stamina 3) hits 26 u13 (player 0) for 0.71
2026/09/30 21:20:38 combat turn=10 tick=7: 49 u12 (player 1, stamina 3) hits 26 u13 (player 0) for 2.10
2026/09/30 21:20:38 combat turn=10 tick=7: 36 u11 (player 1, stamina 3) hits 26 u13 (player 0) for 0.71
2026/09/30 21:20:38 state_hash turn=10 tick=7 hash=18d68781c16768b6
2026/09/30 21:20:38 combat turn=10 tick=8: 40 u11 (player 1, stamina 3) hits 26 u13 (player 0) for 0.71
2026/09/30 21:20:38 combat turn=10 tick=8: 46 u11 (player 1, stamina 3) hits 26 u13 (player 0) for 0.71
2026/09/30 21:20:38 combat turn=10 tick=8: 50 u12 (player 1, stamina 3) hits 26 u13 (player 0) for 2.10
2026/09/30 21:20:38 combat turn=10 tick=8: 38 u11 (player 1, stamina 3) hits 26 u13 (player 0) for 0.71
2026/09/30 21:20:38 combat turn=10 tick=8: 43 u11 (player 1, stamina 3) hits 26 u13 (player 0) for 0.71
2026/09/30 21:20:38 combat turn=10 tick=8: 45 u11 (player 1, stamina 3) hits 26 u13 (player 0) for 0.71
2026/09/30 21:20:38 combat turn=10 tick=8: 33 u11 (player 1, stamina 3) hits 26 u13 (player 0) for 0.71
2026/09/30 21:20:38 combat turn=10 tick=8: 53 u12 (player 1, stamina 3) hits 26 u13 (player 0) for 2.10
2026/09/30 21:20:38 combat turn=10 tick=8: 35 u11 (player 1, stamina 3) hits 26 u13 (player 0) for 0.71
2026/09/30 21:20:38 combat turn=10 tick=8: 42 u11 (player 1, stamina 3) hits 26 u13 (player 0) for 0.71
2026/09/30 21:20:38 combat turn=10 tick=8: 49 u12 (player 1, stamina 3) hits 26 u13 (player 0) for 2.10
2026/09/30 21:20:38 combat turn=10 tick=8: 36 u11 (player 1, stamina 3) hits 26 u13 (player 0) for 0.71
2026/09/30 21:20:38 combat turn=10 tick=8: 39 u11 (player 1, stamina 3) hits 26 u13 (player 0) for 0.71
2026/09/30 21:20:38 combat turn=10 tick=8: 48 u12 (player 1, stamina 3) hits 26 u13 (player 0) for 2.10
2026/09/30 21:20:38 combat turn=10 tick=8: 51 u12 (player 1, stamina 3) hits 26 u13 (player 0) for 2.10
2026/09/30 21:20:38 combat turn=10 tick=8: 34 u11 (player 1, stamina 3) hits 26 u13 (player 0) for 0.71
2026/09/30 21:20:38 combat turn=10 tick=8: 47 u12 (player 1, stamina 3) hits 26 u13 (player 0) for 2.10
2026/09/30 21:20:38 combat turn=10 tick=8: 52 u12 (player 1, stamina 3) hits 26 u13 (player 0) for 2.10
2026/09/30 21:20:38 combat turn=10 tick=8: 54 u12 (player 1, stamina 3) hits 26 u13 (player 0) for 2.10
2026/09/30 21:20:38 combat turn=10 tick=8: 37 u11 (player 1, stamina 3) hits 26 u13 (player 0) for 0.71
2026/09/30 21:20:38 combat turn=10 tick=8: 41 u11 (player 1, stamina 3) hits 26 u13 (player 0) for 0.71
2026/09/30 21:20:38 combat turn=10 tick=8: 44 u11 (player 1, stamina 3) hits 26 u13 (player 0) for 0.71
2026/09/30 21:20:38 state_hash turn=10 tick=8 hash=12efb2fd316a8764
2026/09/30 21:20:38 combat turn=10 tick=9: 34 u11 (player 1, stamina 3) hits 27 u13 (player 0) for 0.71
2026/09/30 21:20:38 combat turn=10 tick=9: 47 u12 (player 1, stamina 3) hits 27 u13 (player 0) for 2.10
2026/09/30 21:20:38 combat turn=10 tick=9: 52 u12 (player 1, stamina 3) hits 27 u13 (player 0) for 2.10
2026/09/30 21:20:38 combat turn=10 tick=9: 54 u12 (player 1, stamina 3) hits 27 u13 (player 0) for 2.10
2026/09/30 21:20:38 combat turn=10 tick=9: 37 u11 (player 1, stamina 3) hits 27 u13 (player 0) for 0.71
2026/09/30 21:20:38 combat turn=10 tick=9: 41 u11 (player 1, stamina 3) hits 27 u13 (player 0) for 0.71
2026/09/30 21:20:38 combat turn=10 tick=9: 44 u11 (player 1, stamina 3) hits 27 u13 (player 0) for 0.71
2026/09/30 21:20:38 combat turn=10 tick=9: 40 u11 (player 1, stamina 3) hits 27 u13 (player 0) for 0.71
2026/09/30 21:20:38 combat turn=10 tick=9: 46 u11 (player 1, stamina 3) hits 27 u13 (player 0) for 0.71
2026/09/30 21:20:38 combat turn=10 tick=9: 50 u12 (player 1, stamina 3) hits 27 u13 (player 0) for 2.10
2026/09/30 21:20:38 combat turn=10 tick=9: 38 u11 (player 1, stamina 3) hits 27 u13 (player 0) for 0.71
2026/09/30 21:20:38 combat turn=10 tick=9: 43 u11 (player 1, stamina 3) hits 27 u13 (player 0) for 0.71
2026/09/30 21:20:38 combat turn=10 tick=9: 45 u11 (player 1, stamina 3) hits 27 u13 (player 0) for 0.71
2026/09/30 21:20:38 combat turn=10 tick=9: 33 u11 (player 1, stamina 3) hits 27 u13 (player 0) for 0.71
2026/09/30 21:20:38 combat turn=10 tick=9: 53 u12 (player 1, stamina 3) hits 27 u13 (player 0) for 2.10
2026/09/30 21:20:38 combat turn=10 tick=9: 35 u11 (player 1, stamina 3) hits 27 u13 (player 0) for 0.71
2026/09/30 21:20:38 combat turn=10 tick=9: 42 u11 (player 1, stamina 3) hits 27 u13 (player 0) for 0.71
2026/09/30 21:20:38 combat turn=10 tick=9: 49 u12 (player 1, stamina 3) hits 27 u13 (player 0) for 2.10
2026/09/30 21:20:38 combat turn=10 tick=9: 36 u11 (player 1, stamina 3) hits 27 u13 (player 0) for 0.71
2026/09/30 21:20:38 combat turn=10 tick=9: 39 u11 (player 1, stamina 3) hits 27 u13 (player 0) for 0.71
2026/09/30 21:20:38 combat turn=10 tick=9: 48 u12 (player 1, stamina 3) hits 27 u13 (player 0) for 2.10
2026/09/30 21:20:38 combat turn=10 tick=9: 51 u12 (player 1, stamina 3) hits 27 u13 (player 0) for 2.10
2026/09/30 21:20:38 state_hash turn=10 tick=9 hash=f26bdfeb067be384
2026/09/30 21:20:38 combat turn=10 tick=10: 36 u11 (player 1, stamina 3) hits 27 u13 (player 0) for 0.71
2026/09/30 21:20:38 combat turn=10 tick=10: 39 u11 (player 1, stamina 3) hits 27 u13 (player 0) for 0.71
2026/09/30 21:20:38 combat turn=10 tick=10: 48 u12 (player 1, stamina 1) hits 27 u13 (player 0) for 0.70
2026/09/30 21:20:38 combat turn=10 tick=10: 51 u12 (player 1, stamina 1) hits 27 u13 (player 0) for 0.70
2026/09/30 21:20:38 combat turn=10 tick=10: 34 u11 (player 1, stamina 3) hits 27 u13 (player 0) for 0.71
2026/09/30 21:20:38 combat turn=10 tick=10: 47 u12 (player 1, stamina 1) hits 27 u13 (player 0) for 0.70
2026/09/30 21:20:38 combat turn=10 tick=10: 52 u12 (player 1, stamina 1) hits 27 u13 (player 0) for 0.70
2026/09/30 21:20:38 combat turn=10 tick=10: 54 u12 (player 1, stamina 1) hits 27 u13 (player 0) for 0.70
2026/09/30 21:20:38 combat turn=10 tick=10: 37 u11 (player 1, stamina 3) hits 27 u13 (player 0) for 0.71
2026/09/30 21:20:38 combat turn=10 tick=10: 41 u11 (player 1, stamina 3) hits 27 u13 (player 0) for 0.71
2026/09/30 21:20:38 combat turn=10 tick=10: 44 u11 (player 1, stamina 3) hits 27 u13 (player 0) for 0.71
2026/09/30 21:20:38 combat turn=10 tick=10: 40 u11 (player 1, stamina 3) hits 27 u13 (player 0) for 0.71
2026/09/30 21:20:38 combat turn=10 tick=10: 46 u11 (player 1, stamina 3) hits 27 u13 (player 0) for 0.71
2026/09/30 21:20:38 combat turn=10 tick=10: 50 u12 (player 1, stamina 1) hits 27 u13 (player 0) for 0.70
2026/09/30 21:20:38 combat turn=10 tick=10: 38 u11 (player 1, stamina 3) hits 27 u13 (player 0) for 0.71
2026/09/30 21:20:38 combat turn=10 tick=10: 43 u11 (player 1, stamina 3) hits 27 u13 (player 0) for 0.71
2026/09/30 21:20:38 combat turn=10 tick=10: 45 u11 (player 1, stamina 3) hits 27 u13 (player 0) for 0.71
2026/09/30 21:20:38 combat turn=10 tick=10: 33 u11 (player 1, stamina 3) hits 27 u13 (player 0) for 0.71
2026/09/30 21:20:38 combat turn=10 tick=10: 53 u12 (player 1, stamina 1) hits 27 u13 (player 0) for 0.70
2026/09/30 21:20:38 combat turn=10 tick=10: 35 u11 (player 1, stamina 3) hits 27 u13 (player 0) for 0.71
2026/09/30 21:20:38 combat turn=10 tick=10: 42 u11 (player 1, stamina 3) hits 27 u13 (player 0) for 0.71
2026/09/30 21:20:38 combat turn=10 tick=10: 49 u12 (player 1, stamina 1) hits 27 u13 (player 0) for 0.70
2026/09/30 21:20:38 state_hash turn=10 tick=10 hash=75745c0f3ae1c627
2026/09/30 21:20:38 combat turn=10 tick=11: 46 u11 (player 1, stamina 3) hits 27 u13 (player 0) for 0.71
2026/09/30 21:20:38 combat turn=10 tick=11: 38 u11 (player 1, stamina 3) hits 27 u13 (player 0) for 0.71
2026/09/30 21:20:38 combat turn=10 tick=11: 43 u11 (player 1, stamina 3) hits 27 u13 (player 0) for 0.71
2026/09/30 21:20:38 combat turn=10 tick=11: 45 u11 (player 1, stamina 3) hits 27 u13 (player 0) for 0.71
2026/09/30 21:20:38 combat turn=10 tick=11: 33 u11 (player 1, stamina 3) hits 27 u13 (player 0) for 0.71
2026/09/30 21:20:38 combat turn=10 tick=11: 35 u11 (player 1, stamina 3) hits 27 u13 (player 0) for 0.71
2026/09/30 21:20:38 combat turn=10 tick=11: 42 u11 (player 1, stamina 3) hits 27 u13 (player 0) for 0.71
2026/09/30 21:20:38 combat turn=10 tick=11: 36 u11 (player 1, stamina 3) hits 27 u13 (player 0) for 0.71
2026/09/30 21:20:38 combat turn=10 tick=11: 39 u11 (player 1, stamina 3) hits 27 u13 (player 0) for 0.71
2026/09/30 21:20:38 combat turn=10 tick=11: 34 u11 (player 1, stamina 3) hits 27 u13 (player 0) for 0.71
2026/09/30 21:20:38 combat turn=10 tick=11: 37 u11 (player 1, stamina 3) hits 27 u13 (player 0) for 0.71
2026/09/30 21:20:38 combat turn=10 tick=11: 41 u11 (player 1, stamina 3) hits 27 u13 (player 0) for 0.71
2026/09/30 21:20:38 combat turn=10 tick=11: 44 u11 (player 1, stamina 3) hits 27 u13 (player 0) for 0.71
2026/09/30 21:20:38 combat turn=10 tick=11: 40 u11 (player 1, stamina 3) hits 27 u13 (player 0) for 0.71
2026/09/30 21:20:38 state_hash turn=10 tick=11 hash=c9c6d298136d1e0d
2026/09/30 21:20:38 state_hash turn=10 tick=end hash=0ac43981d8d03a3c
2026/09/30 21:20:38 ai ai-1: new turn data {"buildings":[],"enemy_buildings":[],"enemy_units":[{"InternalID":28,"UnitID":13,"Type":2,"Kind":1,"Location":{"Space":{"X":-3,"Y":2},"Zone":{"X":0,"Y":0}},"CurrentStamina":8,"CurrentOrder":null,"Builds":[],"GarrisonedIn":null,"Stance":0,"InterruptCurrent":false,"AttackBack":false,"TargetPriority":"","ActiveOrders":null,"Health":50,"MaxHealth":50},{"InternalID":29,"UnitID":13,"Type":2,"Kind":1,"Location":{"Space":{"X":-3,"Y":2},"Zone":{"X":0,"Y":0}},"CurrentStamina":8,"CurrentOrder":null,"Builds":[],"GarrisonedIn":null,"Stance":0,"InterruptCurrent":false,"AttackBack":false,"TargetPriority":"","ActiveOrders":null,"Health":50,"MaxHealth":50},{"InternalID":30,"UnitID":13,"Type":2,"Kind":1,"Location":{"Space":{"X":-3,"Y":2},"Zone":{"X":0,"Y":0}},"CurrentStamina":8,"CurrentOrder":null,"Builds":[],"GarrisonedIn":null,"Stance":0,"InterruptCurrent":false,"AttackBack":false,"TargetPriority":"","ActiveOrders":null,"Health":50,"MaxHealth":50}],"foundations":[],"population":{"current":29,"limit":0},"resources":{"food":200,"gold":36,"stone":100,"wood":200},"spaces":[{"Space":{"X":0,"Y":-4},"Vision":1,"Owner":-1},{"Space":{"X":1,"Y":-4},"Vision":0,"Owner":-1},{"Space":{"X":2,"Y":-4},"Vision":0,"Owner":-1},{"Space":{"X":3,"Y":-4},"Vision":0,"Owner":-1},{"Space":{"X":4,"Y":-4},"Vision":0,"Owner":-1},{"Space":{"X":-1,"Y":-3},"Vision":1,"Owner":0},{"Space":{"X":0,"Y":-3},"Vision":1,"Owner":-1},{"Space":{"X":1,"Y":-3},"Vision":0,"Owner":-1},{"Space":{"X":2,"Y":-3},"Vision":0,"Owner":-1},{"Space":{"X":3,"Y":-3},"Vision":0,"Owner":-1},{"Space":{"X":4,"Y":-3},"Vision":0,"Owner":-1},{"Space":{"X":-2,"Y":-2},"Vision":1,"Owner":0},{"Space":{"X":-1,"Y":-2},"Vision":2,"Owner":-1},{"Space":{"X":0,"Y":-2},"Vision":3,"Owner":-1},{"Space":{"X":1,"Y":-2},"Vision":0,"Owner":-1},{"Space":{"X":2,"Y":-2},"Vision":0,"Owner":-1},{"Space":{"X":3,"Y":-2},"Vision":0,"Owner":-1},{"Space":{"X":4,"Y":-2},"Vision":0,"Owner":-1},{"Space":{"X":-3,"Y":-1},"Vision":1,"Owner":0},{"Space":{"X":-2,"Y":-1},"Vision":2,"Owner":-1},{"Space":{"X":-1,"Y":-1},"Vision":3,"Owner":1},{"Space":{"X":0,"Y":-1},"Vision":2,"Owner":-1},{"Space":{"X":1,"Y":-1},"Vision":0,"Owner":-1},{"Space":{"X":2,"Y":-1},"Vision":0,"Owner":-1},{"Space":{"X":3,"Y":-1},"Vision":0,"Owner":-1},{"Space":{"X":4,"Y":-1},"Vision":0,"Owner":-1},{"Space":{"X":-4,"Y":0},"Vision":1,"Owner":-1},{"Space":{"X":-3,"Y":0},"Vision":1,"Owner":0},{"Space":{"X":-2,"Y":0},"Vision":2,"Owner":-1},{"Space":{"X":-1,"Y":0},"Vision":2,"Owner":-1},{"Space":{"X":0,"Y":0},"Vision":1,"Owner":-1},{"Space":{"X":1,"Y":0},"Vision":0,"Owner":-1},{"Space":{"X":2,"Y":0},"Vision":0,"Owner":-1},{"Space":{"X":3,"Y":0},"Vision":0,"Owner":-1},{"Space":{"X":4,"Y":0},"Vision":0,"Owner":-1},{"Space":{"X":-4,"Y":1},"Vision":1,"Owner":-1},{"Space":{"X":-3,"Y":1},"Vision":2,"Owner":-1},{"Space":{"X":-2,"Y":1},"Vision":2,"Owner":-1},{"Space":{"X":-1,"Y":1},"Vision":1,"Owner":-1},{"Space":{"X":0,"Y":1},"Vision":1,"Owner":-1},{"Space":{"X":1,"Y":1},"Vision":0,"Owner":-1},{"Space":{"X":2,"Y":1},"Vision":0,"Owner":-1},{"Space":{"X":3,"Y":1},"Vision":0,"Owner":-1},{"Space":{"X":-4,"Y":2},"Vision":2,"Owner":-1},{"Space":{"X":-3,"Y":2},"Vision":3,"Owner":-1},{"Space":{"X":-2,"Y":2},"Vision":2,"Owner":-1},{"Space":{"X":-1,"Y":2},"Vision":1,"Owner":-1},{"Space":{"X":0,"Y":2},"Vision":1,"Owner":-1},{"Space":{"X":1,"Y":2},"Vision":0,"Owner":-1},{"Space":{"X":2,"Y":2},"Vision":0,"Owner":-1},{"Space":{"X":-4,"Y":3},"Vision":2,"Owner":-1},{"Space":{"X":-3,"Y":3},"Vision":2,"Owner":-1},{"Space":{"X":-2,"Y":3},"Vision":1,"Owner":-1},{"Space":{"X":-1,"Y":3},"Vision":1,"Owner":-1},{"Space":{"X":0,"Y":3},"Vision":1,"Owner":-1},{"Space":{"X":1,"Y":3},"Vision":0,"Owner":-1},{"Space":{"X":-4,"Y":4},"Vision":1,"Owner":-1},{"Space":{"X":-3,"Y":4},"Vision":1,"Owner":-1},{"Space":{"X":-2,"Y":4},"Vision":1,"Owner":-1},{"Space":{"X":-1,"Y":4},"Vision":1,"Owner":-1},{"Space":{"X":0,"Y":4},"Vision":0,"Owner":-1}],"units":[{"InternalID":32,"UnitID":11,"Type":2,"Kind":1,"Location":{"Space":{"X":-1,"Y":-1},"Zone":{"X":1,"Y":-1}},"CurrentStamina":20,"CurrentOrder":{"Kind":0,"TargetZone":{"Space":{"X":0,"Y":-2},"Zone":{"X":0,"Y":0}},"TargetSpace":null,"TargetResource":null,"TargetUnit":null,"TargetBuilding":null},"Builds":[],"GarrisonedIn":null,"Stance":3,"InterruptCurrent":false,"AttackBack":true,"TargetPriority":"","ActiveOrders":[{"ID":241,"Kind":0}],"Health":11,"MaxHealth":11},{"InternalID":33,"UnitID":11,"Type":2,"Kind":1,"Location":{"Space":{"X":-3,"Y":2},"Zone":{"X":0,"Y":0}},"CurrentStamina":15,"CurrentOrder":{"Kind":4,"TargetZone":null,"TargetSpace":{"X":-3,"Y":2},"TargetResource":null,"TargetUnit":null,"TargetBuilding":null},"Builds":[],"GarrisonedIn":null,"Stance":3,"InterruptCurrent":false,"AttackBack":true,"TargetPriority":"","ActiveOrders":[{"ID":278,"Kind":4}],"Health":11,"MaxHealth":11},{"InternalID":34,"UnitID":11,"Type":2,"Kind":1,"Location":{"Space":{"X":-3,"Y":2},"Zone":{"X":0,"Y":0}},"CurrentStamina":15,"CurrentOrder":{"Kind":4,"TargetZone":null,"TargetSpace":{"X":-3,"Y":2},"TargetResource":null,"TargetUnit":null,"TargetBuilding":null},"Builds":[],"GarrisonedIn":null,"Stance":3,"InterruptCurrent":false,"AttackBack":true,"TargetPriority":"","ActiveOrders":[{"ID":287,"Kind":4}],"Health":11,"MaxHealth":11},{"InternalID":35,"UnitID":11,"Type":2,"Kind":1,"Location":{"Space":{"X":-3,"Y":2},"Zone":{"X":0,"Y":0}},"CurrentStamina":15,"CurrentOrder":{"Kind":4,"TargetZone":null,"TargetSpace":{"X":-3,"Y":2},"TargetResource":null,"TargetUnit":null,"TargetBuilding":null},"Builds":[],"GarrisonedIn":null,"Stance":3,"InterruptCurrent":false,"AttackBack":true,"TargetPriority":"","ActiveOrders":[{"ID":280,"Kind":4}],"Health":11,"MaxHealth":11},{"InternalID":36,"UnitID":11,"Type":2,"Kind":1,"Location":{"Space":{"X":-3,"Y":2},"Zone":{"X":0,"Y":0}},"CurrentStamina":15,"CurrentOrder":{"Kind":4,"TargetZone":null,"TargetSpace":{"X":-3,"Y":2},"TargetResource":null,"TargetUnit":null,"TargetBuilding":null},"Builds":[],"GarrisonedIn":null,"Stance":3,"InterruptCurrent":false,"AttackBack":true,"TargetPriority":"","ActiveOrders":[{"ID":283,"Kind":4}],"Health":11,"MaxHealth":11},{"InternalID":37,"UnitID":11,"Type":2,"Kind":1,"Location":{"Space":{"X":-3,"Y":2},"Zone":{"X":0,"Y":0}},"CurrentStamina":15,"CurrentOrder":{"Kind":4,"TargetZone":null,"TargetSpace":{"X":-3,"Y":2},"TargetResource":null,"TargetUnit":null,"TargetBuilding":null},"Builds":[],"GarrisonedIn":null,"Stance":3,"InterruptCurrent":false,"AttackBack":true,"TargetPriority":"","ActiveOrders":[{"ID":293,"Kind":4}],"Health":11,"MaxHealth":11},{"InternalID":38,"UnitID":11,"Type":2,"Kind":1,"Location":{"Space":{"X":-3,"Y":2},"Zone":{"X":0,"Y":0}},"CurrentStamina":15,"CurrentOrder":{"Kind":4,"TargetZone":null,"TargetSpace":{"X":-3,"Y":2},"TargetResource":null,"TargetUnit":null,"TargetBuilding":null},"Builds":[],"GarrisonedIn":null,"Stance":3,"InterruptCurrent":false,"AttackBack":true,"TargetPriority":"","ActiveOrders":[{"ID":274,"Kind":4}],"Health":11,"MaxHealth":11},{"InternalID":39,"UnitID":11,"Type":2,"Kind":1,"Location":{"Space":{"X":-3,"Y":2},"Zone":{"X":0,"Y":0}},"CurrentStamina":15,"CurrentOrder":{"Kind":4,"TargetZone":null,"TargetSpace":{"X":-3,"Y":2},"TargetResource":null,"TargetUnit":null,"TargetBuilding":null},"Builds":[],"GarrisonedIn":null,"Stance":3,"InterruptCurrent":false,"AttackBack":true,"TargetPriority":"","ActiveOrders":[{"ID":284,"Kind":4}],"Health":11,"MaxHealth":11},{"InternalID":40,"UnitID":11,"Type":2,"Kind":1,"Location":{"Space":{"X":-3,"Y":2},"Zone":{"X":0,"Y":0}},"CurrentStamina":15,"CurrentOrder":{"Kind":4,"TargetZone":null,"TargetSpace":{"X":-3,"Y":2},"TargetResource":null,"TargetUnit":null,"TargetBuilding":null},"Builds":[],"GarrisonedIn":null,"Stance":3,"InterruptCurrent":false,"AttackBack":true,"TargetPriority":"","ActiveOrders":[{"ID":270,"Kind":4}],"Health":11,"MaxHealth":11},{"InternalID":41,"UnitID":11,"Type":2,"Kind":1,"Location":{"Space":{"X":-3,"Y":2},"Zone":{"X":0,"Y":0}},"CurrentStamina":15,"CurrentOrder":{"Kind":4,"TargetZone":null,"TargetSpace":{"X":-3,"Y":2},"TargetResource":null,"TargetUnit":null,"TargetBuilding":null},"Builds":[],"GarrisonedIn":null,"Stance":3,"InterruptCurrent":false,"AttackBack":true,"TargetPriority":"","ActiveOrders":[{"ID":294,"Kind":4}],"Health":11,"MaxHealth":11},{"InternalID":42,"UnitID":11,"Type":2,"Kind":1,"Location":{"Space":{"X":-3,"Y":2},"Zone":{"X":0,"Y":0}},"CurrentStamina":15,"CurrentOrder":{"Kind":4,"TargetZone":null,"TargetSpace":{"X":-3,"Y":2},"TargetResource":null,"TargetUnit":null,"TargetBuilding":null},"Builds":[],"GarrisonedIn":null,"Stance":3,"InterruptCurrent":false,"AttackBack":true,"TargetPriority":"","ActiveOrders":[{"ID":281,"Kind":4}],"Health":11,"MaxHealth":11},{"InternalID":43,"UnitID":11,"Type":2,"Kind":1,"Location":{"Space":{"X":-3,"Y":2},"Zone":{"X":0,"Y":0}},"CurrentStamina":15,"CurrentOrder":{"Kind":4,"TargetZone":null,"TargetSpace":{"X":-3,"Y":2},"TargetResource":null,"TargetUnit":null,"TargetBuilding":null},"Builds":[],"GarrisonedIn":null,"Stance":3,"InterruptCurrent":false,"AttackBack":true,"TargetPriority":"","ActiveOrders":[{"ID":275,"Kind":4}],"Health":11,"MaxHealth":11},{"InternalID":44,"UnitID":11,"Type":2,"Kind":1,"Location":{"Space":{"X":-3,"Y":2},"Zone":{"X":0,"Y":0}},"CurrentStamina":15,"CurrentOrder":{"Kind":4,"TargetZone":null,"TargetSpace":{"X":-3,"Y":2},"TargetResource":null,"TargetUnit":null,"TargetBuilding":null},"Builds":[],"GarrisonedIn":null,"Stance":3,"InterruptCurrent":false,"AttackBack":true,"TargetPriority":"","ActiveOrders":[{"ID":295,"Kind":4}],"Health":11,"MaxHealth":11},{"InternalID":45,"UnitID":11,"Type":2,"Kind":1,"Location":{"Space":{"X":-3,"Y":2},"Zone":{"X":0,"Y":0}},"CurrentStamina":15,"CurrentOrder":{"Kind":4,"TargetZone":null,"TargetSpace":{"X":-3,"Y":2},"TargetResource":null,"TargetUnit":null,"TargetBuilding":null},"Builds":[],"GarrisonedIn":null,"Stance":3,"InterruptCurrent":false,"AttackBack":true,"TargetPriority":"","ActiveOrders":[{"ID":276,"Kind":4}],"Health":11,"MaxHealth":11},{"InternalID":46,"UnitID":11,"Type":2,"Kind":1,"Location":{"Space":{"X":-3,"Y":2},"Zone":{"X":0,"Y":0}},"CurrentStamina":15,"CurrentOrder":{"Kind":4,"TargetZone":null,"TargetSpace":{"X":-3,"Y":2},"TargetResource":null,"TargetUnit":null,"TargetBuilding":null},"Builds":[],"GarrisonedIn":null,"Stance":3,"InterruptCurrent":false,"AttackBack":true,"TargetPriority":"","ActiveOrders":[{"ID":271,"Kind":4}],"Health":11,"MaxHealth":11},{"InternalID":47,"UnitID":12,"Type":2,"Kind":1,"Location":{"Space":{"X":-3,"Y":2},"Zone":{"X":0,"Y":0}},"CurrentStamina":12,"CurrentOrder":{"Kind":4,"TargetZone":null,"TargetSpace":{"X":-3,"Y":2},"TargetResource":null,"TargetUnit":null,"TargetBuilding":null},"Builds":[],"GarrisonedIn":null,"Stance":3,"InterruptCurrent":false,"AttackBack":true,"TargetPriority":"","ActiveOrders":[{"ID":288,"Kind":4}],"Health":16,"MaxHealth":16},{"InternalID":48,"UnitID":12,"Type":2,"Kind":1,"Location":{"Space":{"X":-3,"Y":2},"Zone":{"X":0,"Y":0}},"CurrentStamina":12,"CurrentOrder":{"Kind":4,"TargetZone":null,"TargetSpace":{"X":-3,"Y":2},"TargetResource":null,"TargetUnit":null,"TargetBuilding":null},"Builds":[],"GarrisonedIn":null,"Stance":3,"InterruptCurrent":false,"AttackBack":true,"TargetPriority":"","ActiveOrders":[{"ID":285,"Kind":4}],"Health":16,"MaxHealth":16},{"InternalID":49,"UnitID":12,"Type":2,"Kind":1,"Location":{"Space":{"X":-3,"Y":2},"Zone":{"X":0,"Y":0}},"CurrentStamina":12,"CurrentOrder":{"Kind":4,"TargetZone":null,"TargetSpace":{"X":-3,"Y":2},"TargetResource":null,"TargetUnit":null,"TargetBuilding":null},"Builds":[],"GarrisonedIn":null,"Stance":3,"InterruptCurrent":false,"AttackBack":true,"TargetPriority":"","ActiveOrders":[{"ID":282,"Kind":4}],"Health":16,"MaxHealth":16},{"InternalID":50,"UnitID":12,"Type":2,"Kind":1,"Location":{"Space":{"X":-3,"Y":2},"Zone":{"X":0,"Y":0}},"CurrentStamina":12,"CurrentOrder":{"Kind":4,"TargetZone":null,"TargetSpace":{"X":-3,"Y":2},"TargetResource":null,"TargetUnit":null,"TargetBuilding":null},"Builds":[],"GarrisonedIn":null,"Stance":3,"InterruptCurrent":false,"AttackBack":true,"TargetPriority":"","ActiveOrders":[{"ID":272,"Kind":4}],"Health":16,"MaxHealth":16},{"InternalID":51,"UnitID":12,"Type":2,"Kind":1,"Location":{"Space":{"X":-3,"Y":2},"Zone":{"X":0,"Y":0}},"CurrentStamina":12,"CurrentOrder":{"Kind":4,"TargetZone":null,"TargetSpace":{"X":-3,"Y":2},"TargetResource":null,"TargetUnit":null,"TargetBuilding":null},"Builds":[],"GarrisonedIn":null,"Stance":3,"InterruptCurrent":false,"AttackBack":true,"TargetPriority":"","ActiveOrders":[{"ID":286,"Kind":4}],"Health":16,"MaxHealth":16},{"InternalID":52,"UnitID":12,"Type":2,"Kind":1,"Location":{"Space":{"X":-3,"Y":2},"Zone":{"X":0,"Y":0}},"CurrentStamina":12,"CurrentOrder":{"Kind":4,"TargetZone":null,"TargetSpace":{"X":-3,"Y":2},"TargetResource":null,"TargetUnit":null,"TargetBuilding":null},"Builds":[],"GarrisonedIn":null,"Stance":3,"InterruptCurrent":false,"AttackBack":true,"TargetPriority":"","ActiveOrders":[{"ID":289,"Kind":4}],"Health":16,"MaxHealth":16},{"InternalID":53,"UnitID":12,"Type":2,"Kind":1,"Location":{"Space":{"X":-3,"Y":2},"Zone":{"X":0,"Y":0}},"CurrentStamina":12,"CurrentOrder":{"Kind":4,"TargetZone":null,"TargetSpace":{"X":-3,"Y":2},"TargetResource":null,"TargetUnit":null,"TargetBuilding":null},"Builds":[],"GarrisonedIn":null,"Stance":3,"InterruptCurrent":false,"AttackBack":true,"TargetPriority":"","ActiveOrders":[{"ID":279,"Kind":4}],"Health":16,"MaxHealth":16},{"InternalID":54,"UnitID":12,"Type":2,"Kind":1,"Location":{"Space":{"X":-3,"Y":2},"Zone":{"X":0,"Y":0}},"CurrentStamina":12,"CurrentOrder":{"Kind":4,"TargetZone":null,"TargetSpace":{"X":-3,"Y":2},"TargetResource":null,"TargetUnit":null,"TargetBuilding":null},"Builds":[],"GarrisonedIn":null,"Stance":3,"InterruptCurrent":false,"AttackBack":true,"TargetPriority":"","ActiveOrders":[{"ID":290,"Kind":4}],"Health":16,"MaxHealth":16},{"InternalID":55,"UnitID":13,"Type":2,"Kind":1,"Location":{"Space":{"X":-3,"Y":2},"Zone":{"X":0,"Y":0}},"CurrentStamina":8,"CurrentOrder":{"Kind":4,"TargetZone":null,"TargetSpace":{"X":-3,"Y":2},"TargetResource":null,"TargetUnit":null,"TargetBuilding":null},"Builds":[],"GarrisonedIn":null,"Stance":3,"InterruptCurrent":false,"AttackBack":true,"TargetPriority":"","ActiveOrders":[{"ID":291,"Kind":4}],"Health":50,"MaxHealth":50},{"InternalID":56,"UnitID":13,"Type":2,"Kind":1,"Location":{"Space":{"X":-3,"Y":2},"Zone":{"X":0,"Y":0}},"CurrentStamina":8,"CurrentOrder":{"Kind":4,"TargetZone":null,"TargetSpace":{"X":-3,"Y":2},"TargetResource":null,"TargetUnit":null,"TargetBuilding":null},"Builds":[],"GarrisonedIn":null,"Stance":3,"InterruptCurrent":false,"AttackBack":true,"TargetPriority":"","ActiveOrders":[{"ID":292,"Kind":4}],"Health":50,"MaxHealth":50},{"InternalID":57,"UnitID":13,"Type":2,"Kind":1,"Location":{"Space":{"X":-3,"Y":2},"Zone":{"X":0,"Y":0}},"CurrentStamina":8,"CurrentOrder":{"Kind":4,"TargetZone":null,"TargetSpace":{"X":-3,"Y":2},"TargetResource":null,"TargetUnit":null,"TargetBuilding":null},"Builds":[],"GarrisonedIn":null,"Stance":3,"InterruptCurrent":false,"AttackBack":true,"TargetPriority":"","ActiveOrders":[{"ID":296,"Kind":4}],"Health":50,"MaxHealth":50},{"InternalID":58,"UnitID":13,"Type":2,"Kind":1,"Location":{"Space":{"X":-3,"Y":2},"Zone":{"X":0,"Y":0}},"CurrentStamina":8,"CurrentOrder":{"Kind":4,"TargetZone":null,"TargetSpace":{"X":-3,"Y":2},"TargetResource":null,"TargetUnit":null,"TargetBuilding":null},"Builds":[],"GarrisonedIn":null,"Stance":3,"InterruptCurrent":false,"AttackBack":true,"TargetPriority":"","ActiveOrders":[{"ID":277,"Kind":4}],"Health":50,"MaxHealth":50},{"InternalID":59,"UnitID":13,"Type":2,"Kind":1,"Location":{"Space":{"X":-3,"Y":2},"Zone":{"X":0,"Y":0}},"CurrentStamina":8,"CurrentOrder":{"Kind":4,"TargetZone":null,"TargetSpace":{"X":-3,"Y":2},"TargetResource":null,"TargetUnit":null,"TargetBuilding":null},"Builds":[],"GarrisonedIn":null,"Stance":3,"InterruptCurrent":false,"AttackBack":true,"TargetPriority":"","ActiveOrders":[{"ID":269,"Kind":4}],"Health":50,"MaxHealth":50},{"InternalID":60,"UnitID":13,"Type":2,"Kind":1,"Location":{"Space":{"X":-3,"Y":2},"Zone":{"X":0,"Y":0}},"CurrentStamina":8,"CurrentOrder":{"Kind":4,"TargetZone":null,"TargetSpace":{"X":-3,"Y":2},"TargetResource":null,"TargetUnit":null,"TargetBuilding":null},"Builds":[],"GarrisonedIn":null,"Stance":3,"InterruptCurrent":false,"AttackBack":true,"TargetPriority":"","ActiveOrders":[{"ID":273,"Kind":4}],"Health":50,"MaxHealth":50}]}
2026/09/30 21:20:38 ai ai-1: submitting orders []
2026/09/30 21:20:38 ai ai-1: vars {}
2026/09/30 21:20:38 player action: submit-orders 0 2 map[orders:[]]
2026/09/30 21:20:38 Executing submit orders for: 1 []
2026/09/30 21:20:38 ai ai-0: new turn data {"buildings":[],"enemy_buildings":[],"enemy_units":[{"InternalID":33,"UnitID":11,"Type":2,"Kind":1,"Location":{"Space":{"X":-3,"Y":2},"Zone":{"X":0,"Y":0}},"CurrentStamina":15,"CurrentOrder":null,"Builds":[],"GarrisonedIn":null,"Stance":0,"InterruptCurrent":false,"AttackBack":false,"TargetPriority":"","ActiveOrders":null,"Health":11,"MaxHealth":11},{"InternalID":34,"UnitID":11,"Type":2,"Kind":1,"Location":{"Space":{"X":-3,"Y":2},"Zone":{"X":0,"Y":0}},"CurrentStamina":15,"CurrentOrder":null,"Builds":[],"GarrisonedIn":null,"Stance":0,"InterruptCurrent":false,"AttackBack":false,"TargetPriority":"","ActiveOrders":null,"Health":11,"MaxHealth":11},{"InternalID":35,"UnitID":11,"Type":2,"Kind":1,"Location":{"Space":{"X":-3,"Y":2},"Zone":{"X":0,"Y":0}},"CurrentStamina":15,"CurrentOrder":null,"Builds":[],"GarrisonedIn":null,"Stance":0,"InterruptCurrent":false,"AttackBack":false,"TargetPriority":"","ActiveOrders":null,"Health":11,"MaxHealth":11},{"InternalID":36,"UnitID":11,"Type":2,"Kind":1,"Location":{"Space":{"X":-3,"Y":2},"Zone":{"X":0,"Y":0}},"CurrentStamina":15,"CurrentOrder":null,"Builds":[],"GarrisonedIn":null,"Stance":0,"InterruptCurrent":false,"AttackBack":false,"TargetPriority":"","ActiveOrders":null,"Health":11,"MaxHealth":11},{"InternalID":37,"UnitID":11,"Type":2,"Kind":1,"Location":{"Space":{"X":-3,"Y":2},"Zone":{"X":0,"Y":0}},"CurrentStamina":15,"CurrentOrder":null,"Builds":[],"GarrisonedIn":null,"Stance":0,"InterruptCurrent":false,"AttackBack":false,"TargetPriority":"","ActiveOrders":null,"Health":11,"MaxHealth":11},{"InternalID":38,"UnitID":11,"Type":2,"Kind":1,"Location":{"Space":{"X":-3,"Y":2},"Zone":{"X":0,"Y":0}},"CurrentStamina":15,"CurrentOrder":null,"Builds":[],"GarrisonedIn":null,"Stance":0,"InterruptCurrent":false,"AttackBack":false,"TargetPriority":"","ActiveOrders":null,"Health":11,"MaxHealth":11},{"InternalID":39,"UnitID":11,"Type":2,"Kind":1,"Location":{"Space":{"X":-3,"Y":2},"Zone":{"X":0,"Y":0}},"CurrentStamina":15,"CurrentOrder":null,"Builds":[],"GarrisonedIn":null,"Stance":0,"InterruptCurrent":false,"AttackBack":false,"TargetPriority":"","ActiveOrders":null,"Health":11,"MaxHealth":11},{"InternalID":40,"UnitID":11,"Type":2,"Kind":1,"Location":{"Space":{"X":-3,"Y":2},"Zone":{"X":0,"Y":0}},"CurrentStamina":15,"CurrentOrder":null,"Builds":[],"GarrisonedIn":null,"Stance":0,"InterruptCurrent":false,"AttackBack":false,"TargetPriority":"","ActiveOrders":null,"Health":11,"MaxHealth":11},{"InternalID":41,"UnitID":11,"Type":2,"Kind":1,"Location":{"Space":{"X":-3,"Y":2},"Zone":{"X":0,"Y":0}},"CurrentStamina":15,"CurrentOrder":null,"Builds":[],"GarrisonedIn":null,"Stance":0,"InterruptCurrent":false,"AttackBack":false,"TargetPriority":"","ActiveOrders":null,"Health":11,"MaxHealth":11},{"InternalID":42,"UnitID":11,"Type":2,"Kind":1,"Location":{"Space":{"X":-3,"Y":2},"Zone":{"X":0,"Y":0}},"CurrentStamina":15,"CurrentOrder":null,"Builds":[],"GarrisonedIn":null,"Stance":0,"InterruptCurrent":false,"AttackBack":false,"TargetPriority":"","ActiveOrders":null,"Health":11,"MaxHealth":11},{"InternalID":43,"UnitID":11,"Type":2,"Kind":1,"Location":{"Space":{"X":-3,"Y":2},"Zone":{"X":0,"Y":0}},"CurrentStamina":15,"CurrentOrder":null,"Builds":[],"GarrisonedIn":null,"Stance":0,"InterruptCurrent":false,"AttackBack":false,"TargetPriority":"","ActiveOrders":null,"Health":11,"MaxHealth":11},{"InternalID":44,"UnitID":11,"Type":2,"Kind":1,"Location":{"Space":{"X":-3,"Y":2},"Zone":{"X":0,"Y":0}},"CurrentStamina":15,"CurrentOrder":null,"Builds":[],"GarrisonedIn":null,"Stance":0,"InterruptCurrent":false,"AttackBack":false,"TargetPriority":"","ActiveOrders":null,"Health":11,"MaxHealth":11},{"InternalID":45,"UnitID":11,"Type":2,"Kind":1,"Location":{"Space":{"X":-3,"Y":2},"Zone":{"X":0,"Y":0}},"CurrentStamina":15,"CurrentOrder":null,"Builds":[],"GarrisonedIn":null,"Stance":0,"InterruptCurrent":false,"AttackBack":false,"TargetPriority":"","ActiveOrders":null,"Health":11,"MaxHealth":11},{"InternalID":46,"UnitID":11,"Type":2,"Kind":1,"Location":{"Space":{"X":-3,"Y":2},"Zone":{"X":0,"Y":0}},"CurrentStamina":15,"CurrentOrder":null,"Builds":[],"GarrisonedIn":null,"Stance":0,"InterruptCurrent":false,"AttackBack":false,"TargetPriority":"","ActiveOrders":null,"Health":11,"MaxHealth":11},{"InternalID":47,"UnitID":12,"Type":2,"Kind":1,"Location":{"Space":{"X":-3,"Y":2},"Zone":{"X":0,"Y":0}},"CurrentStamina":12,"CurrentOrder":null,"Builds":[],"GarrisonedIn":null,"Stance":0,"InterruptCurrent":false,"AttackBack":false,"TargetPriority":"","ActiveOrders":null,"Health":16,"MaxHealth":16},{"InternalID":48,"UnitID":12,"Type":2,"Kind":1,"Location":{"Space":{"X":-3,"Y":2},"Zone":{"X":0,"Y":0}},"CurrentStamina":12,"CurrentOrder":null,"Builds":[],"GarrisonedIn":null,"Stance":0,"InterruptCurrent":false,"AttackBack":false,"TargetPriority":"","ActiveOrders":null,"Health":16,"MaxHealth":16},{"InternalID":49,"UnitID":12,"Type":2,"Kind":1,"Location":{"Space":{"X":-3,"Y":2},"Zone":{"X":0,"Y":0}},"CurrentStamina":12,"CurrentOrder":null,"Builds":[],"GarrisonedIn":null,"Stance":0,"InterruptCurrent":false,"AttackBack":false,"TargetPriority":"","ActiveOrders":null,"Health":16,"MaxHealth":16},{"InternalID":50,"UnitID":12,"Type":2,"Kind":1,"Location":{"Space":{"X":-3,"Y":2},"Zone":{"X":0,"Y":0}},"CurrentStamina":12,"CurrentOrder":null,"Builds":[],"GarrisonedIn":null,"Stance":0,"InterruptCurrent":false,"AttackBack":false,"TargetPriority":"","ActiveOrders":null,"Health":16,"MaxHealth":16},{"InternalID":51,"UnitID":12,"Type":2,"Kind":1,"Location":{"Space":{"X":-3,"Y":2},"Zone":{"X":0,"Y":0}},"CurrentStamina":12,"CurrentOrder":null,"Builds":[],"GarrisonedIn":null,"Stance":0,"InterruptCurrent":false,"AttackBack":false,"TargetPriority":"","ActiveOrders":null,"Health":16,"MaxHealth":16},{"InternalID":52,"UnitID":12,"Type":2,"Kind":1,"Location":{"Space":{"X":-3,"Y":2},"Zone":{"X":0,"Y":0}},"CurrentStamina":12,"CurrentOrder":null,"Builds":[],"GarrisonedIn":null,"Stance":0,"InterruptCurrent":false,"AttackBack":false,"TargetPriority":"","ActiveOrders":null,"Health":16,"MaxHealth":16},{"InternalID":53,"UnitID":12,"Type":2,"Kind":1,"Location":{"Space":{"X":-3,"Y":2},"Zone":{"X":0,"Y":0}},"CurrentStamina":12,"CurrentOrder":null,"Builds":[],"GarrisonedIn":null,"Stance":0,"InterruptCurrent":false,"AttackBack":false,"TargetPriority":"","ActiveOrders":null,"Health":16,"MaxHealth":16},{"InternalID":54,"UnitID":12,"Type":2,"Kind":1,"Location":{"Space":{"X":-3,"Y":2},"Zone":{"X":0,"Y":0}},"CurrentStamina":12,"CurrentOrder":null,"Builds":[],"GarrisonedIn":null,"Stance":0,"InterruptCurrent":false,"AttackBack":false,"TargetPriority":"","ActiveOrders":null,"Health":16,"MaxHealth":16},{"InternalID":55,"UnitID":13,"Type":2,"Kind":1,"Location":{"Space":{"X":-3,"Y":2},"Zone":{"X":0,"Y":0}},"CurrentStamina":8,"CurrentOrder":null,"Builds":[],"GarrisonedIn":null,"Stance":0,"InterruptCurrent":false,"AttackBack":false,"TargetPriority":"","ActiveOrders":null,"Health":50,"MaxHealth":50},{"InternalID":56,"UnitID":13,"Type":2,"Kind":1,"Location":{"Space":{"X":-3,"Y":2},"Zone":{"X":0,"Y":0}},"CurrentStamina":8,"CurrentOrder":null,"Builds":[],"GarrisonedIn":null,"Stance":0,"InterruptCurrent":false,"AttackBack":false,"TargetPriority":"","ActiveOrders":null,"Health":50,"MaxHealth":50},{"InternalID":57,"UnitID":13,"Type":2,"Kind":1,"Location":{"Space":{"X":-3,"Y":2},"Zone":{"X":0,"Y":0}},"CurrentStamina":8,"CurrentOrder":null,"Builds":[],"GarrisonedIn":null,"Stance":0,"InterruptCurrent":false,"AttackBack":false,"TargetPriority":"","ActiveOrders":null,"Health":50,"MaxHealth":50},{"InternalID":58,"UnitID":13,"Type":2,"Kind":1,"Location":{"Space":{"X":-3,"Y":2},"Zone":{"X":0,"Y":0}},"CurrentStamina":8,"CurrentOrder":null,"Builds":[],"GarrisonedIn":null,"Stance":0,"InterruptCurrent":false,"AttackBack":false,"TargetPriority":"","ActiveOrders":null,"Health":50,"MaxHealth":50},{"InternalID":59,"UnitID":13,"Type":2,"Kind":1,"Location":{"Space":{"X":-3,"Y":2},"Zone":{"X":0,"Y":0}},"CurrentStamina":8,"CurrentOrder":null,"Builds":[],"GarrisonedIn":null,"Stance":0,"InterruptCurrent":false,"AttackBack":false,"TargetPriority":"","ActiveOrders":null,"Health":50,"MaxHealth":50},{"InternalID":60,"UnitID":13,"Type":2,"Kind":1,"Location":{"Space":{"X":-3,"Y":2},"Zone":{"X":0,"Y":0}},"CurrentStamina":8,"CurrentOrder":null,"Builds":[],"GarrisonedIn":null,"Stance":0,"InterruptCurrent":false,"AttackBack":false,"TargetPriority":"","ActiveOrders":null,"Health":50,"MaxHealth":50}],"foundations":[],"population":{"current":26,"limit":0},"resources":{"food":200,"gold":94,"stone":100,"wood":200},"spaces":[{"Space":{"X":0,"Y":-4},"Vision":1,"Owner":-1},{"Space":{"X":1,"Y":-4},"Vision":1,"Owner":-1},{"Space":{"X":2,"Y":-4},"Vision":1,"Owner":-1},{"Space":{"X":3,"Y":-4},"Vision":1,"Owner":-1},{"Space":{"X":4,"Y":-4},"Vision":1,"Owner":-1},{"Space":{"X":-1,"Y":-3},"Vision":1,"Owner":-1},{"Space":{"X":0,"Y":-3},"Vision":1,"Owner":-1},{"Space":{"X":1,"Y":-3},"Vision":1,"Owner":-1},{"Space":{"X":2,"Y":-3},"Vision":1,"Owner":-1},{"Space":{"X":3,"Y":-3},"Vision":1,"Owner":-1},{"Space":{"X":4,"Y":-3},"Vision":1,"Owner":-1},{"Space":{"X":-2,"Y":-2},"Vision":1,"Owner":-1},{"Space":{"X":-1,"Y":-2},"Vision":1,"Owner":-1},{"Space":{"X":0,"Y":-2},"Vision":1,"Owner":-1},{"Space":{"X":1,"Y":-2},"Vision":1,"Owner":-1},{"Space":{"X":2,"Y":-2},"Vision":1,"Owner":-1},{"Space":{"X":3,"Y":-2},"Vision":1,"Owner":-1},{"Space":{"X":4,"Y":-2},"Vision":1,"Owner":-1},{"Space":{"X":-3,"Y":-1},"Vision":1,"Owner":-1},{"Space":{"X":-2,"Y":-1},"Vision":1,"Owner":-1},{"Space":{"X":-1,"Y":-1},"Vision":1,"Owner":-1},{"Space":{"X":0,"Y":-1},"Vision":1,"Owner":-1},{"Space":{"X":1,"Y":-1},"Vision":1,"Owner":-1},{"Space":{"X":2,"Y":-1},"Vision":1,"Owner":-1},{"Space":{"X":3,"Y":-1},"Vision":1,"Owner":-1},{"Space":{"X":4,"Y":-1},"Vision":1,"Owner":-1},{"Space":{"X":-4,"Y":0},"Vision":1,"Owner":-1},{"Space":{"X":-3,"Y":0},"Vision":1,"Owner":-1},{"Space":{"X":-2,"Y":0},"Vision":1,"Owner":-1},{"Space":{"X":-1,"Y":0},"Vision":1,"Owner":-1},{"Space":{"X":0,"Y":0},"Vision":1,"Owner":-1},{"Space":{"X":1,"Y":0},"Vision":1,"Owner":-1},{"Space":{"X":2,"Y":0},"Vision":1,"Owner":-1},{"Space":{"X":3,"Y":0},"Vision":1,"Owner":-1},{"Space":{"X":4,"Y":0},"Vision":0,"Owner":-1},{"Space":{"X":-4,"Y":1},"Vision":1,"Owner":-1},{"Space":{"X":-3,"Y":1},"Vision":2,"Owner":-1},{"Space":{"X":-2,"Y":1},"Vision":2,"Owner":-1},{"Space":{"X":-1,"Y":1},"Vision":1,"Owner":-1},{"Space":{"X":0,"Y":1},"Vision":1,"Owner":-1},{"Space":{"X":1,"Y":1},"Vision":1,"Owner":-1},{"Space":{"X":2,"Y":1},"Vision":1,"Owner":-1},{"Space":{"X":3,"Y":1},"Vision":0,"Owner":-1},{"Space":{"X":-4,"Y":2},"Vision":2,"Owner":-1},{"Space":{"X":-3,"Y":2},"Vision":3,"Owner":-1},{"Space":{"X":-2,"Y":2},"Vision":2,"Owner":-1},{"Space":{"X":-1,"Y":2},"Vision":1,"Owner":-1},{"Space":{"X":0,"Y":2},"Vision":1,"Owner":-1},{"Space":{"X":1,"Y":2},"Vision":1,"Owner":-1},{"Space":{"X":2,"Y":2},"Vision":0,"Owner":-1},{"Space":{"X":-4,"Y":3},"Vision":2,"Owner":-1},{"Space":{"X":-3,"Y":3},"Vision":2,"Owner":-1},{"Space":{"X":-2,"Y":3},"Vision":2,"Owner":-1},{"Space":{"X":-1,"Y":3},"Vision":2,"Owner":-1},{"Space":{"X":0,"Y":3},"Vision":1,"Owner":-1},{"Space":{"X":1,"Y":3},"Vision":0,"Owner":-1},{"Space":{"X":-4,"Y":4},"Vision":3,"Owner":0},{"Space":{"X":-3,"Y":4},"Vision":2,"Owner":-1},{"Space":{"X":-2,"Y":4},"Vision":3,"Owner":0},{"Space":{"X":-1,"Y":4},"Vision":2,"Owner":-1},{"Space":{"X":0,"Y":4},"Vision":0,"Owner":-1}],"units":[{"InternalID":1,"UnitID":11,"Type":2,"Kind":1,"Location":{"Space":{"X":-2,"Y":4},"Zone":{"X":0,"Y":0}},"CurrentStamina":19,"CurrentOrder":null,"Builds":[],"GarrisonedIn":null,"Stance":3,"InterruptCurrent":true,"AttackBack":true,"TargetPriority":"","ActiveOrders":null,"Health":7.4,"MaxHealth":11},{"InternalID":2,"UnitID":11,"Type":2,"Kind":1,"Location":{"Space":{"X":-2,"Y":4},"Zone":{"X":0,"Y":0}},"CurrentStamina":21,"CurrentOrder":null,"Builds":[],"GarrisonedIn":null,"Stance":3,"InterruptCurrent":true,"AttackBack":true,"TargetPriority":"","ActiveOrders":null,"Health":11,"MaxHealth":11},{"InternalID":3,"UnitID":11,"Type":2,"Kind":1,"Location":{"Space":{"X":-2,"Y":4},"Zone":{"X":0,"Y":0}},"CurrentStamina":21,"CurrentOrder":null,"Builds":[],"GarrisonedIn":null,"Stance":3,"InterruptCurrent":true,"AttackBack":true,"TargetPriority":"","ActiveOrders":null,"Health":11,"MaxHealth":11},{"InternalID":4,"UnitID":11,"Type":2,"Kind":1,"Location":{"Space":{"X":-2,"Y":4},"Zone":{"X":0,"Y":0}},"CurrentStamina":19,"CurrentOrder":null,"Builds":[],"GarrisonedIn":null,"Stance":3,"InterruptCurrent":true,"AttackBack":true,"TargetPriority":"","ActiveOrders":null,"Health":11,"MaxHealth":11},{"InternalID":6,"UnitID":11,"Type":2,"Kind":1,"Location":{"Space":{"X":-2,"Y":4},"Zone":{"X":0,"Y":0}},"CurrentStamina":21,"CurrentOrder":null,"Builds":[],"GarrisonedIn":null,"Stance":3,"InterruptCurrent":false,"AttackBack":true,"TargetPriority":"","ActiveOrders":null,"Health":11,"MaxHealth":11},{"InternalID":7,"UnitID":11,"Type":2,"Kind":1,"Location":{"Space":{"X":-2,"Y":4},"Zone":{"X":0,"Y":0}},"CurrentStamina":19,"CurrentOrder":null,"Builds":[],"GarrisonedIn":null,"Stance":3,"InterruptCurrent":true,"AttackBack":true,"TargetPriority":"","ActiveOrders":null,"Health":11,"MaxHealth":11},{"InternalID":8,"UnitID":11,"Type":2,"Kind":1,"Location":{"Space":{"X":-2,"Y":4},"Zone":{"X":0,"Y":0}},"CurrentStamina":19,"CurrentOrder":null,"Builds":[],"GarrisonedIn":null,"Stance":3,"InterruptCurrent":true,"AttackBack":true,"TargetPriority":"","ActiveOrders":null,"Health":11,"MaxHealth":11},{"InternalID":9,"UnitID":11,"Type":2,"Kind":1,"Location":{"Space":{"X":-2,"Y":4},"Zone":{"X":0,"Y":0}},"CurrentStamina":19,"CurrentOrder":null,"Builds":[],"GarrisonedIn":null,"Stance":3,"InterruptCurrent":true,"AttackBack":true,"TargetPriority":"","ActiveOrders":null,"Health":11,"MaxHealth":11},{"InternalID":10,"UnitID":11,"Type":2,"Kind":1,"Location":{"Space":{"X":-2,"Y":4},"Zone":{"X":0,"Y":0}},"CurrentStamina":19,"CurrentOrder":null,"Builds":[],"GarrisonedIn":null,"Stance":3,"InterruptCurrent":true,"AttackBack":true,"TargetPriority":"","ActiveOrders":null,"Health":11,"MaxHealth":11},{"InternalID":11,"UnitID":11,"Type":2,"Kind":1,"Location":{"Space":{"X":-2,"Y":4},"Zone":{"X":0,"Y":0}},"CurrentStamina":19,"CurrentOrder":null,"Builds":[],"GarrisonedIn":null,"Stance":3,"InterruptCurrent":true,"AttackBack":true,"TargetPriority":"","ActiveOrders":null,"Health":11,"MaxHealth":11},{"InternalID":12,"UnitID":11,"Type":2,"Kind":1,"Location":{"Space":{"X":-2,"Y":4},"Zone":{"X":0,"Y":0}},"CurrentStamina":19,"CurrentOrder":null,"Builds":[],"GarrisonedIn":null,"Stance":3,"InterruptCurrent":true,"AttackBack":true,"TargetPriority":"","ActiveOrders":null,"Health":11,"MaxHealth":11},{"InternalID":13,"UnitID":11,"Type":2,"Kind":1,"Location":{"Space":{"X":-2,"Y":4},"Zone":{"X":0,"Y":0}},"CurrentStamina":19,"CurrentOrder":null,"Builds":[],"GarrisonedIn":null,"Stance":3,"InterruptCurrent":true,"AttackBack":true,"TargetPriority":"","ActiveOrders":null,"Health":11,"MaxHealth":11},{"InternalID":14,"UnitID":11,"Type":2,"Kind":1,"Location":{"Space":{"X":-2,"Y":4},"Zone":{"X":0,"Y":0}},"CurrentStamina":19,"CurrentOrder":null,"Builds":[],"GarrisonedIn":null,"Stance":3,"InterruptCurrent":true,"AttackBack":true,"TargetPriority":"","ActiveOrders":null,"Health":11,"MaxHealth":11},{"InternalID":15,"UnitID":11,"Type":2,"Kind":1,"Location":{"Space":{"X":-2,"Y":4},"Zone":{"X":0,"Y":0}},"CurrentStamina":19,"CurrentOrder":null,"Builds":[],"GarrisonedIn":null,"Stance":3,"InterruptCurrent":true,"AttackBack":true,"TargetPriority":"","ActiveOrders":null,"Health":11,"MaxHealth":11},{"InternalID":16,"UnitID":11,"Type":2,"Kind":1,"Location":{"Space":{"X":-2,"Y":4},"Zone":{"X":0,"Y":0}},"CurrentStamina":19,"CurrentOrder":null,"Builds":[],"GarrisonedIn":null,"Stance":3,"InterruptCurrent":true,"AttackBack":true,"TargetPriority":"","ActiveOrders":null,"Health":11,"MaxHealth":11},{"InternalID":17,"UnitID":12,"Type":2,"Kind":1,"Location":{"Space":{"X":-4,"Y":4},"Zone":{"X":0,"Y":0}},"CurrentStamina":18,"CurrentOrder":null,"Builds":[],"GarrisonedIn":null,"Stance":3,"InterruptCurrent":true,"AttackBack":true,"TargetPriority":"","ActiveOrders":null,"Health":16,"MaxHealth":16},{"InternalID":18,"UnitID":12,"Type":2,"Kind":1,"Location":{"Space":{"X":-4,"Y":4},"Zone":{"X":0,"Y":0}},"CurrentStamina":18,"CurrentOrder":null,"Builds":[],"GarrisonedIn":null,"Stance":3,"InterruptCurrent":true,"AttackBack":true,"TargetPriority":"","ActiveOrders":null,"Health":16,"MaxHealth":16},{"InternalID":19,"UnitID":12,"Type":2,"Kind":1,"Location":{"Space":{"X":-4,"Y":4},"Zone":{"X":0,"Y":0}},"CurrentStamina":18,"CurrentOrder":null,"Builds":[],"GarrisonedIn":null,"Stance":3,"InterruptCurrent":true,"AttackBack":true,"TargetPriority":"","ActiveOrders":null,"Health":16,"MaxHealth":16},{"InternalID":20,"UnitID":12,"Type":2,"Kind":1,"Location":{"Space":{"X":-4,"Y":4},"Zone":{"X":0,"Y":0}},"CurrentStamina":18,"CurrentOrder":null,"Builds":[],"GarrisonedIn":null,"Stance":3,"InterruptCurrent":true,"AttackBack":true,"TargetPriority":"","ActiveOrders":null,"Health":16,"MaxHealth":16},{"InternalID":21,"UnitID":12,"Type":2,"Kind":1,"Location":{"Space":{"X":-4,"Y":4},"Zone":{"X":0,"Y":0}},"CurrentStamina":18,"CurrentOrder":null,"Builds":[],"GarrisonedIn":null,"Stance":3,"InterruptCurrent":true,"AttackBack":true,"TargetPriority":"","ActiveOrders":null,"Health":16,"MaxHealth":16},{"InternalID":22,"UnitID":12,"Type":2,"Kind":1,"Location":{"Space":{"X":-4,"Y":4},"Zone":{"X":0,"Y":0}},"CurrentStamina":18,"CurrentOrder":null,"Builds":[],"GarrisonedIn":null,"Stance":3,"InterruptCurrent":true,"AttackBack":true,"TargetPriority":"","ActiveOrders":null,"Health":16,"MaxHealth":16},{"InternalID":23,"UnitID":12,"Type":2,"Kind":1,"Location":{"Space":{"X":-4,"Y":4},"Zone":{"X":0,"Y":0}},"CurrentStamina":18,"CurrentOrder":null,"Builds":[],"GarrisonedIn":null,"Stance":3,"InterruptCurrent":true,"AttackBack":true,"TargetPriority":"","ActiveOrders":null,"Health":16,"MaxHealth":16},{"InternalID":24,"UnitID":12,"Type":2,"Kind":1,"Location":{"Space":{"X":-4,"Y":4},"Zone":{"X":0,"Y":0}},"CurrentStamina":18,"CurrentOrder":null,"Builds":[],"GarrisonedIn":null,"Stance":3,"InterruptCurrent":true,"AttackBack":true,"TargetPriority":"","ActiveOrders":null,"Health":16,"MaxHealth":16},{"InternalID":28,"UnitID":13,"Type":2,"Kind":1,"Location":{"Space":{"X":-3,"Y":2},"Zone":{"X":0,"Y":0}},"CurrentStamina":8,"CurrentOrder":{"Kind":4,"TargetZone":null,"TargetSpace":{"X":-3,"Y":2},"TargetResource":null,"TargetUnit":null,"TargetBuilding":null},"Builds":[],"GarrisonedIn":null,"Stance":3,"InterruptCurrent":true,"AttackBack":true,"TargetPriority":"","ActiveOrders":[{"ID":266,"Kind":4}],"Health":50,"MaxHealth":50},{"InternalID":29,"UnitID":13,"Type":2,"Kind":1,"Location":{"Space":{"X":-3,"Y":2},"Zone":{"X":0,"Y":0}},"CurrentStamina":8,"CurrentOrder":{"Kind":4,"TargetZone":null,"TargetSpace":{"X":-3,"Y":2},"TargetResource":null,"TargetUnit":null,"TargetBuilding":null},"Builds":[],"GarrisonedIn":null,"Stance":3,"InterruptCurrent":true,"AttackBack":true,"TargetPriority":"","ActiveOrders":[{"ID":268,"Kind":4}],"Health":50,"MaxHealth":50},{"InternalID":30,"UnitID":13,"Type":2,"Kind":1,"Location":{"Space":{"X":-3,"Y":2},"Zone":{"X":0,"Y":0}},"CurrentStamina":8,"CurrentOrder":{"Kind":4,"TargetZone":null,"TargetSpace":{"X":-3,"Y":2},"TargetResource":null,"TargetUnit":null,"TargetBuilding":null},"Builds":[],"GarrisonedIn":null,"Stance":3,"InterruptCurrent":true,"AttackBack":true,"TargetPriority":"","ActiveOrders":[{"ID":264,"Kind":4}],"Health":50,"MaxHealth":50}]}
2026/09/30 21:20:38 ai ai-0: submitting orders [{Subjects:[1] OrderType:2 TargetID:3916 ClearPreviousOrders:true} {Subjects:[2] OrderType:2 TargetID:3916 ClearPreviousOrders:true} {Subjects:[3] OrderType:2 TargetID:3916 ClearPreviousOrders:true} {Subjects:[4] OrderType:2 TargetID:3916 ClearPreviousOrders:true} {Subjects:[7] OrderType:2 TargetID:3916 ClearPreviousOrders:true} {Subjects:[1] OrderType:2 TargetID:20916 ClearPreviousOrders:true} {Subjects:[2] OrderType:2 TargetID:20916 ClearPreviousOrders:true} {Subjects:[3] OrderType:2 TargetID:20916 ClearPreviousOrders:true} {Subjects:[4] OrderType:2 TargetID:20916 ClearPreviousOrders:true} {Subjects:[7] OrderType:2 TargetID:20916 ClearPreviousOrders:true} {Subjects:[1] OrderType:2 TargetID:11030 ClearPreviousOrders:true} {Subjects:[2] OrderType:2 TargetID:11030 ClearPreviousOrders:true} {Subjects:[3] OrderType:2 TargetID:11030 ClearPreviousOrders:true} {Subjects:[4] OrderType:2 TargetID:11030 ClearPreviousOrders:true} {Subjects:[7] OrderType:2 TargetID:11030 ClearPreviousOrders:true} {Subjects:[6] OrderType:2 TargetID:3916 ClearPreviousOrders:true} {Subjects:[8] OrderType:2 TargetID:3916 ClearPreviousOrders:true} {Subjects:[9] OrderType:2 TargetID:3916 ClearPreviousOrders:true} {Subjects:[10] OrderType:2 TargetID:3916 ClearPreviousOrders:true} {Subjects:[11] OrderType:2 TargetID:3916 ClearPreviousOrders:true} {Subjects:[12] OrderType:2 TargetID:3916 ClearPreviousOrders:true} {Subjects:[13] OrderType:2 TargetID:3916 ClearPreviousOrders:true} {Subjects:[14] OrderType:2 TargetID:3916 ClearPreviousOrders:true} {Subjects:[15] OrderType:2 TargetID:3916 ClearPreviousOrders:true} {Subjects:[16] OrderType:2 TargetID:3916 ClearPreviousOrders:true} {Subjects:[17] OrderType:2 TargetID:3916 ClearPreviousOrders:true} {Subjects:[18] OrderType:2 TargetID:3916 ClearPreviousOrders:true} {Subjects:[19] OrderType:2 TargetID:3916 ClearPreviousOrders:true} {Subjects:[20] OrderType:2 TargetID:3916 ClearPreviousOrders:true} {Subjects:[21] OrderType:2 TargetID:3916 ClearPreviousOrders:true} {Subjects:[22] OrderType:2 TargetID:3916 ClearPreviousOrders:true} {Subjects:[23] OrderType:2 TargetID:3916 ClearPreviousOrders:true} {Subjects:[24] OrderType:2 TargetID:3916 ClearPreviousOrders:true} {Subjects:[1] OrderType:9 TargetID:33 ClearPreviousOrders:true} {Subjects:[2] OrderType:9 TargetID:33 ClearPreviousOrders:true} {Subjects:[3] OrderType:9 TargetID:33 ClearPreviousOrders:true} {Subjects:[4] OrderType:9 TargetID:33 ClearPreviousOrders:true} {Subjects:[6] OrderType:9 TargetID:33 ClearPreviousOrders:true} {Subjects:[7] OrderType:9 TargetID:33 ClearPreviousOrders:true} {Subjects:[8] OrderType:9 TargetID:33 ClearPreviousOrders:true} {Subjects:[9] OrderType:9 TargetID:33 ClearPreviousOrders:true} {Subjects:[10] OrderType:9 TargetID:33 ClearPreviousOrders:true} {Subjects:[11] OrderType:9 TargetID:33 ClearPreviousOrders:true} {Subjects:[12] OrderType:9 TargetID:33 ClearPreviousOrders:true} {Subjects:[13] OrderType:9 TargetID:33 ClearPreviousOrders:true} {Subjects:[14] OrderType:9 TargetID:33 ClearPreviousOrders:true} {Subjects:[15] OrderType:9 TargetID:33 ClearPreviousOrders:true} {Subjects:[16] OrderType:9 TargetID:33 ClearPreviousOrders:true} {Subjects:[17] OrderType:9 TargetID:33 ClearPreviousOrders:true} {Subjects:[18] OrderType:9 TargetID:33 ClearPreviousOrders:true} {Subjects:[19] OrderType:9 TargetID:33 ClearPreviousOrders:true} {Subjects:[20] OrderType:9 TargetID:33 ClearPreviousOrders:true} {Subjects:[21] OrderType:9 TargetID:33 ClearPreviousOrders:true} {Subjects:[22] OrderType:9 TargetID:33 ClearPreviousOrders:true} {Subjects:[23] OrderType:9 TargetID:33 ClearPreviousOrders:true} {Subjects:[24] OrderType:9 TargetID:33 ClearPreviousOrders:true} {Subjects:[28] OrderType:2 TargetID:11026 ClearPreviousOrders:true} {Subjects:[29] OrderType:2 TargetID:11026 ClearPreviousOrders:true} {Subjects:[30] OrderType:2 TargetID:11026 ClearPreviousOrders:true} {Subjects:[28] OrderType:9 TargetID:33 ClearPreviousOrders:true} {Subjects:[28] OrderType:9 TargetID:34 ClearPreviousOrders:false} {Subjects:[28] OrderType:9 TargetID:35 ClearPreviousOrders:false} {Subjects:[28] OrderType:9 TargetID:36 ClearPreviousOrders:false} {Subjects:[28] OrderType:9 TargetID:37 ClearPreviousOrders:false} {Subjects:[28] OrderType:9 TargetID:38 ClearPreviousOrders:false} {Subjects:[29] OrderType:9 TargetID:33 ClearPreviousOrders:true} {Subjects:[29] OrderType:9 TargetID:35 ClearPreviousOrders:false} {Subjects:[29] OrderType:9 TargetID:36 ClearPreviousOrders:false} {Subjects:[29] OrderType:9 TargetID:37 ClearPreviousOrders:false} {Subjects:[29] OrderType:9 TargetID:38 ClearPreviousOrders:false} {Subjects:[29] OrderType:9 TargetID:39 ClearPreviousOrders:false} {Subjects:[30] OrderType:9 TargetID:33 ClearPreviousOrders:true} {Subjects:[30] OrderType:9 TargetID:36 ClearPreviousOrders:false} {Subjects:[30] OrderType:9 TargetID:37 ClearPreviousOrders:false} {Subjects:[30] OrderType:9 TargetID:38 ClearPreviousOrders:false} {Subjects:[30] OrderType:9 TargetID:39 ClearPreviousOrders:false} {Subjects:[30] OrderType:9 TargetID:40 ClearPreviousOrders:false}]
2026/09/30 21:20:38 ai ai-0: vars {"B":15,"Hv":3,"Pi":8,"aPowLocal":0,"aThreat":0,"a_engaged":0,"a_odds":1.3,"a_outnumbered":0,"army_target":50,"army_value":2470,"assault":0,"bank_rate":28,"bar_barracks":0.17072129748186085,"bar_redoubt":1.1111111111111112,"barracks":0,"barracks_B":0,"barracks_P":0,"barracks_save":0,"barracks_spend":78.1,"barracks_want":0,"buffer_food":70,"buffer_gold":0,"buffer_stone":0,"buffer_wood":70,"builders":0,"committed":0,"eB":14,"eGrowth":0,"eH":6,"eMil":28,"eP":8,"ePow":54,"ePowEst":54,"ePowSeen":54,"eTech":1,"eV":0,"es":29,"farm_want":0,"farm_wood_short":0,"farming":0,"fire_barracks":0,"fire_farm0":0,"fire_farm1":0,"fire_farm2":0,"fire_house":0,"fire_outpost":0,"fire_redoubt":0,"fire_smith":0,"fire_vc":0,"food_need":0,"food_over":0,"food_rate":0,"food_slots":1000,"food_workers":0,"free_room":24,"go":0,"gold_income":4,"gold_need":0,"gold_rate":0,"gold_surplus":94,"guaranteed":0,"guard_home":0,"headroom":-26,"hire_B":5061.538461538462,"hire_P":7953.846153846153,"homePow":0,"house_builders":0,"house_urgency":0,"house_want":0,"income_proj":0,"left":0,"lf_food":0,"lf_gold":0,"lf_stone":0,"lf_wood":0,"lump_food":0,"lump_gold":0,"lump_stone":0,"lump_wood":0,"maturity":0,"mil":26,"myTech":1,"n_barracks":0,"n_redoubts":0,"needB":17.692104840816043,"needP":6.307895159183957,"outpost_want":0,"pikes":0,"planned_food":0,"planned_gold":0,"planned_stone":0,"planned_wood":0,"prod_rate":0,"proj_army":2470,"raid_danger":0,"raid_fails":0,"raid_lost":0,"raid_pause":0,"raid_prev":5,"raid_size":4.5,"raid_wiped":0,"rate":6,"redoubt_H":0,"redoubt_gold_ok":0.6844444444444444,"redoubt_save":0,"redoubt_spend":30,"redoubt_want":0,"redoubts":0,"rf_food":0,"rf_gold":0,"rf_stone":0,"rf_wood":0,"sB4":1.2723625399240184,"sP4":0.45364469510703653,"scale_l":0,"scale_r":0,"shareH":0.5064102564102564,"smith_want":0,"smiths":0,"spare":0,"spare_food":0.5,"stone_need":0,"stone_rate":0,"tH":27,"target_spend":400,"tech_food":50,"tech_gold":0,"tech_stone":0,"tech_wood":50,"threat_home":0,"turns_left":-260,"u_barracks":0.17695919104369812,"u_redoubt":0.47264957264957264,"unit_spend":120,"vB":1.0620689655172413,"vH":1.089655172413793,"vP":0.8206896551724138,"vc_want":0,"vcs":0,"vil_goal":50,"vil_rate":0,"vil_stamina":8,"vil_want":0,"vil_want_last":0,"vil_worth_now":0.6,"vils":0,"w_food":0,"w_gold":0,"w_stone":0,"w_wood":0,"wild_workers":0,"wood_need":0,"wood_rate":0,"workers":0}
2026/09/30 21:20:38 player action: set-unit-behavior 0 1 map[internal_ids:[28 29 30] interrupt_current:false]
2026/09/30 21:20:38 player action: submit-orders 0 1 map[orders:[{0 [1] 2 3916 true} {0 [2] 2 3916 true} {0 [3] 2 3916 true} {0 [4] 2 3916 true} {0 [7] 2 3916 true} {0 [1] 2 20916 true} {0 [2] 2 20916 true} {0 [3] 2 20916 true} {0 [4] 2 20916 true} {0 [7] 2 20916 true} {0 [1] 2 11030 true} {0 [2] 2 11030 true} {0 [3] 2 11030 true} {0 [4] 2 11030 true} {0 [7] 2 11030 true} {0 [6] 2 3916 true} {0 [8] 2 3916 true} {0 [9] 2 3916 true} {0 [10] 2 3916 true} {0 [11] 2 3916 true} {0 [12] 2 3916 true} {0 [13] 2 3916 true} {0 [14] 2 3916 true} {0 [15] 2 3916 true} {0 [16] 2 3916 true} {0 [17] 2 3916 true} {0 [18] 2 3916 true} {0 [19] 2 3916 true} {0 [20] 2 3916 true} {0 [21] 2 3916 true} {0 [22] 2 3916 true} {0 [23] 2 3916 true} {0 [24] 2 3916 true} {0 [1] 9 33 true} {0 [2] 9 33 true} {0 [3] 9 33 true} {0 [4] 9 33 true} {0 [6] 9 33 true} {0 [7] 9 33 true} {0 [8] 9 33 true} {0 [9] 9 33 true} {0 [10] 9 33 true} {0 [11] 9 33 true} {0 [12] 9 33 true} {0 [13] 9 33 true} {0 [14] 9 33 true} {0 [15] 9 33 true} {0 [16] 9 33 true} {0 [17] 9 33 true} {0 [18] 9 33 true} {0 [19] 9 33 true} {0 [20] 9 33 true} {0 [21] 9 33 true} {0 [22] 9 33 true} {0 [23] 9 33 true} {0 [24] 9 33 true} {0 [28] 2 11026 true} {0 [29] 2 11026 true} {0 [30] 2 11026 true} {0 [28] 9 33 true} {0 [28] 9 34 false} {0 [28] 9 35 false} {0 [28] 9 36 false} {0 [28] 9 37 false} {0 [28] 9 38 false} {0 [29] 9 33 true} {0 [29] 9 35 false} {0 [29] 9 36 false} {0 [29] 9 37 false} {0 [29] 9 38 false} {0 [29] 9 39 false} {0 [30] 9 33 true} {0 [30] 9 36 false} {0 [30] 9 37 false} {0 [30] 9 38 false} {0 [30] 9 39 false} {0 [30] 9 40 false}]]
2026/09/30 21:20:38 Executing submit orders for: 0 [{0 [1] 2 3916 true} {0 [2] 2 3916 true} {0 [3] 2 3916 true} {0 [4] 2 3916 true} {0 [7] 2 3916 true} {0 [1] 2 20916 true} {0 [2] 2 20916 true} {0 [3] 2 20916 true} {0 [4] 2 20916 true} {0 [7] 2 20916 true} {0 [1] 2 11030 true} {0 [2] 2 11030 true} {0 [3] 2 11030 true} {0 [4] 2 11030 true} {0 [7] 2 11030 true} {0 [6] 2 3916 true} {0 [8] 2 3916 true} {0 [9] 2 3916 true} {0 [10] 2 3916 true} {0 [11] 2 3916 true} {0 [12] 2 3916 true} {0 [13] 2 3916 true} {0 [14] 2 3916 true} {0 [15] 2 3916 true} {0 [16] 2 3916 true} {0 [17] 2 3916 true} {0 [18] 2 3916 true} {0 [19] 2 3916 true} {0 [20] 2 3916 true} {0 [21] 2 3916 true} {0 [22] 2 3916 true} {0 [23] 2 3916 true} {0 [24] 2 3916 true} {0 [1] 9 33 true} {0 [2] 9 33 true} {0 [3] 9 33 true} {0 [4] 9 33 true} {0 [6] 9 33 true} {0 [7] 9 33 true} {0 [8] 9 33 true} {0 [9] 9 33 true} {0 [10] 9 33 true} {0 [11] 9 33 true} {0 [12] 9 33 true} {0 [13] 9 33 true} {0 [14] 9 33 true} {0 [15] 9 33 true} {0 [16] 9 33 true} {0 [17] 9 33 true} {0 [18] 9 33 true} {0 [19] 9 33 true} {0 [20] 9 33 true} {0 [21] 9 33 true} {0 [22] 9 33 true} {0 [23] 9 33 true} {0 [24] 9 33 true} {0 [28] 2 11026 true} {0 [29] 2 11026 true} {0 [30] 2 11026 true} {0 [28] 9 33 true} {0 [28] 9 34 false} {0 [28] 9 35 false} {0 [28] 9 36 false} {0 [28] 9 37 false} {0 [28] 9 38 false} {0 [29] 9 33 true} {0 [29] 9 35 false} {0 [29] 9 36 false} {0 [29] 9 37 false} {0 [29] 9 38 false} {0 [29] 9 39 false} {0 [30] 9 33 true} {0 [30] 9 36 false} {0 [30] 9 37 false} {0 [30] 9 38 false} {0 [30] 9 39 false} {0 [30] 9 40 false}]
2026/09/30 21:20:38 Resolving active orders
2026/09/30 21:20:38 Moving unit 4 Blunt Infantry to zone(0, -1) in space (-2, 4) tick=1
2026/09/30 21:20:38 Moving unit 16 Blunt Infantry to zone(0, -1) in space (-2, 4) tick=1
2026/09/30 21:20:38 Moving unit 18 Piercing Infantry to zone(1, -1) in space (-4, 4) tick=1
2026/09/30 21:20:38 Moving unit 24 Piercing Infantry to zone(1, -1) in space (-4, 4) tick=1
2026/09/30 21:20:38 Moving unit 14 Blunt Infantry to zone(0, -1) in space (-2, 4) tick=1
2026/09/30 21:20:38 Moving unit 1 Blunt Infantry to zone(0, -1) in space (-2, 4) tick=1
2026/09/30 21:20:38 Moving unit 3 Blunt Infantry to zone(0, -1) in space (-2, 4) tick=1
2026/09/30 21:20:38 Moving unit 8 Blunt Infantry to zone(0, -1) in space (-2, 4) tick=1
2026/09/30 21:20:38 Moving unit 11 Blunt Infantry to zone(0, -1) in space (-2, 4) tick=1
2026/09/30 21:20:38 Moving unit 17 Piercing Infantry to zone(1, -1) in space (-4, 4) tick=1
2026/09/30 21:20:38 Moving unit 21 Piercing Infantry to zone(1, -1) in space (-4, 4) tick=1
2026/09/30 21:20:38 combat turn=11 tick=1: 28 u13 (player 0, stamina 3) hits 33 u11 (player 1) for 5.12
2026/09/30 21:20:38 Moving unit 2 Blunt Infantry to zone(0, -1) in space (-2, 4) tick=1
2026/09/30 21:20:38 Moving unit 13 Blunt Infantry to zone(0, -1) in space (-2, 4) tick=1
2026/09/30 21:20:38 Moving unit 22 Piercing Infantry to zone(1, -1) in space (-4, 4) tick=1
2026/09/30 21:20:38 combat turn=11 tick=1: 29 u13 (player 0, stamina 3) hits 33 u11 (player 1) for 5.12
2026/09/30 21:20:38 Moving unit 6 Blunt Infantry to zone(0, -1) in space (-2, 4) tick=1
2026/09/30 21:20:38 Moving unit 9 Blunt Infantry to zone(0, -1) in space (-2, 4) tick=1
2026/09/30 21:20:38 Moving unit 15 Blunt Infantry to zone(0, -1) in space (-2, 4) tick=1
2026/09/30 21:20:38 Moving unit 7 Blunt Infantry to zone(0, -1) in space (-2, 4) tick=1
2026/09/30 21:20:38 Moving unit 10 Blunt Infantry to zone(0, -1) in space (-2, 4) tick=1
2026/09/30 21:20:38 Moving unit 12 Blunt Infantry to zone(0, -1) in space (-2, 4) tick=1
2026/09/30 21:20:38 Moving unit 19 Piercing Infantry to zone(1, -1) in space (-4, 4) tick=1
2026/09/30 21:20:38 Moving unit 20 Piercing Infantry to zone(1, -1) in space (-4, 4) tick=1
2026/09/30 21:20:38 Moving unit 23 Piercing Infantry to zone(1, -1) in space (-4, 4) tick=1
2026/09/30 21:20:38 combat turn=11 tick=1: 30 u13 (player 0, stamina 3) hits 33 u11 (player 1) for 5.12
2026/09/30 21:20:38 combat turn=11 tick=1: 39 u11 (player 1, stamina 3) hits 28 u13 (player 0) for 0.71
2026/09/30 21:20:38 combat turn=11 tick=1: 48 u12 (player 1, stamina 3) hits 28 u13 (player 0) for 2.10
2026/09/30 21:20:38 combat turn=11 tick=1: 51 u12 (player 1, stamina 3) hits 28 u13 (player 0) for 2.10
2026/09/30 21:20:38 combat turn=11 tick=1: 34 u11 (player 1, stamina 3) hits 28 u13 (player 0) for 0.71
2026/09/30 21:20:38 combat turn=11 tick=1: 47 u12 (player 1, stamina 3) hits 28 u13 (player 0) for 2.10
2026/09/30 21:20:38 combat turn=11 tick=1: 52 u12 (player 1, stamina 3) hits 28 u13 (player 0) for 2.10
2026/09/30 21:20:38 combat turn=11 tick=1: 54 u12 (player 1, stamina 3) hits 28 u13 (player 0) for 2.10
2026/09/30 21:20:38 combat turn=11 tick=1: 55 u13 (player 1, stamina 3) hits 28 u13 (player 0) for 3.41
2026/09/30 21:20:38 combat turn=11 tick=1: 56 u13 (player 1, stamina 3) hits 28 u13 (player 0) for 3.41
2026/09/30 21:20:38 combat turn=11 tick=1: 37 u11 (player 1, stamina 3) hits 28 u13 (player 0) for 0.71
2026/09/30 21:20:38 combat turn=11 tick=1: 41 u11 (player 1, stamina 3) hits 28 u13 (player 0) for 0.71
2026/09/30 21:20:38 combat turn=11 tick=1: 44 u11 (player 1, stamina 3) hits 28 u13 (player 0) for 0.71
2026/09/30 21:20:38 combat turn=11 tick=1: 57 u13 (player 1, stamina 3) hits 28 u13 (player 0) for 3.41
2026/09/30 21:20:38 combat turn=11 tick=1: 59 u13 (player 1, stamina 3) hits 28 u13 (player 0) for 3.41
2026/09/30 21:20:38 combat turn=11 tick=1: 40 u11 (player 1, stamina 3) hits 28 u13 (player 0) for 0.71
2026/09/30 21:20:38 combat turn=11 tick=1: 46 u11 (player 1, stamina 3) hits 28 u13 (player 0) for 0.71
2026/09/30 21:20:38 combat turn=11 tick=1: 50 u12 (player 1, stamina 3) hits 28 u13 (player 0) for 2.10
2026/09/30 21:20:38 combat turn=11 tick=1: 60 u13 (player 1, stamina 3) hits 28 u13 (player 0) for 3.41
2026/09/30 21:20:38 combat turn=11 tick=1: 38 u11 (player 1, stamina 3) hits 28 u13 (player 0) for 0.71
2026/09/30 21:20:38 combat turn=11 tick=1: 43 u11 (player 1, stamina 3) hits 28 u13 (player 0) for 0.71
2026/09/30 21:20:38 combat turn=11 tick=1: 45 u11 (player 1, stamina 3) hits 28 u13 (player 0) for 0.71
2026/09/30 21:20:38 combat turn=11 tick=1: 58 u13 (player 1, stamina 3) hits 28 u13 (player 0) for 3.41
2026/09/30 21:20:38 combat turn=11 tick=1: 33 u11 (player 1, stamina 3) hits 28 u13 (player 0) for 0.71
2026/09/30 21:20:38 combat turn=11 tick=1: 53 u12 (player 1, stamina 3) hits 28 u13 (player 0) for 2.10
2026/09/30 21:20:38 combat turn=11 tick=1: 35 u11 (player 1, stamina 3) hits 28 u13 (player 0) for 0.71
2026/09/30 21:20:38 combat turn=11 tick=1: 42 u11 (player 1, stamina 3) hits 28 u13 (player 0) for 0.71
2026/09/30 21:20:38 combat turn=11 tick=1: 49 u12 (player 1, stamina 3) hits 28 u13 (player 0) for 2.10
2026/09/30 21:20:38 Moving unit 32 Blunt Infantry to zone(-1, 1) in space (0, -2) tick=1
2026/09/30 21:20:38 combat turn=11 tick=1: 36 u11 (player 1, stamina 3) hits 28 u13 (player 0) for 0.71
2026/09/30 21:20:38 state_hash turn=11 tick=1 hash=3d9beb2d1f48f6a9
2026/09/30 21:20:38 combat turn=11 tick=2: 28 u13 (player 0, stamina 3) hits 34 u11 (player 1) for 5.12
2026/09/30 21:20:38 combat turn=11 tick=2: 29 u13 (player 0, stamina 3) hits 35 u11 (player 1) for 5.12
2026/09/30 21:20:38 combat turn=11 tick=2: 30 u13 (player 0, stamina 3) hits 36 u11 (player 1) for 5.12
2026/09/30 21:20:38 combat turn=11 tick=2: 40 u11 (player 1, stamina 3) hits 28 u13 (player 0) for 0.71
2026/09/30 21:20:38 combat turn=11 tick=2: 46 u11 (player 1, stamina 3) hits 28 u13 (player 0) for 0.71
2026/09/30 21:20:38 combat turn=11 tick=2: 50 u12 (player 1, stamina 3) hits 28 u13 (player 0) for 2.10
2026/09/30 21:20:38 combat turn=11 tick=2: 60 u13 (player 1, stamina 3) hits 28 u13 (player 0) for 3.41
2026/09/30 21:20:38 combat turn=11 tick=2: 38 u11 (player 1, stamina 3) hits 28 u13 (player 0) for 0.71
2026/09/30 21:20:38 combat turn=11 tick=2: 43 u11 (player 1, stamina 3) hits 28 u13 (player 0) for 0.71
2026/09/30 21:20:38 combat turn=11 tick=2: 45 u11 (player 1, stamina 3) hits 28 u13 (player 0) for 0.71
2026/09/30 21:20:38 combat turn=11 tick=2: 58 u13 (player 1, stamina 3) hits 28 u13 (player 0) for 3.41
2026/09/30 21:20:38 combat turn=11 tick=2: 53 u12 (player 1, stamina 3) hits 28 u13 (player 0) for 2.10
2026/09/30 21:20:38 combat turn=11 tick=2: 35 u11 (player 1, stamina 3) hits 28 u13 (player 0) for 0.71
2026/09/30 21:20:38 combat turn=11 tick=2: 42 u11 (player 1, stamina 3) hits 28 u13 (player 0) for 0.71
2026/09/30 21:20:38 combat turn=11 tick=2: 49 u12 (player 1, stamina 3) hits 28 u13 (player 0) for 2.10
2026/09/30 21:20:38 Moving unit 32 Blunt Infantry to zone(0, 0) in space (0, -2) tick=2
2026/09/30 21:20:38 combat turn=11 tick=2: 36 u11 (player 1, stamina 3) hits 28 u13 (player 0) for 0.71
2026/09/30 21:20:38 combat turn=11 tick=2: 39 u11 (player 1, stamina 3) hits 28 u13 (player 0) for 0.71
2026/09/30 21:20:38 combat turn=11 tick=2: 48 u12 (player 1, stamina 3) hits 28 u13 (player 0) for 2.10
2026/09/30 21:20:38 combat turn=11 tick=2: 51 u12 (player 1, stamina 3) hits 28 u13 (player 0) for 2.10
2026/09/30 21:20:38 combat turn=11 tick=2: 34 u11 (player 1, stamina 3) hits 28 u13 (player 0) for 0.71
2026/09/30 21:20:38 combat turn=11 tick=2: 47 u12 (player 1, stamina 3) hits 28 u13 (player 0) for 2.10
2026/09/30 21:20:38 combat turn=11 tick=2: 52 u12 (player 1, stamina 3) hits 28 u13 (player 0) for 2.10
2026/09/30 21:20:38 combat turn=11 tick=2: 54 u12 (player 1, stamina 3) hits 28 u13 (player 0) for 2.10
2026/09/30 21:20:38 combat turn=11 tick=2: 55 u13 (player 1, stamina 3) hits 28 u13 (player 0) for 3.41
2026/09/30 21:20:38 combat turn=11 tick=2: 56 u13 (player 1, stamina 3) hits 28 u13 (player 0) for 3.41
2026/09/30 21:20:38 combat turn=11 tick=2: 37 u11 (player 1, stamina 3) hits 28 u13 (player 0) for 0.71
2026/09/30 21:20:38 combat turn=11 tick=2: 41 u11 (player 1, stamina 3) hits 28 u13 (player 0) for 0.71
2026/09/30 21:20:38 combat turn=11 tick=2: 44 u11 (player 1, stamina 3) hits 28 u13 (player 0) for 0.71
2026/09/30 21:20:38 combat turn=11 tick=2: 57 u13 (player 1, stamina 3) hits 28 u13 (player 0) for 3.41
2026/09/30 21:20:38 combat turn=11 tick=2: 59 u13 (player 1, stamina 3) hits 28 u13 (player 0) for 3.41
2026/09/30 21:20:38 state_hash turn=11 tick=2 hash=02d87d05eacc15f6
2026/09/30 21:20:38 combat turn=11 tick=3: 29 u13 (player 0, stamina 2) hits 35 u11 (player 1) for 3.41
2026/09/30 21:20:38 combat turn=11 tick=3: 30 u13 (player 0, stamina 2) hits 36 u11 (player 1) for 3.41
2026/09/30 21:20:38 combat turn=11 tick=3: 36 u11 (player 1, stamina 3) hits 29 u13 (player 0) for 0.71
2026/09/30 21:20:38 combat turn=11 tick=3: 39 u11 (player 1, stamina 3) hits 29 u13 (player 0) for 0.71
2026/09/30 21:20:38 combat turn=11 tick=3: 48 u12 (player 1, stamina 3) hits 29 u13 (player 0) for 2.10
2026/09/30 21:20:38 combat turn=11 tick=3: 51 u12 (player 1, stamina 3) hits 29 u13 (player 0) for 2.10
2026/09/30 21:20:38 combat turn=11 tick=3: 34 u11 (player 1, stamina 3) hits 29 u13 (player 0) for 0.71
2026/09/30 21:20:38 combat turn=11 tick=3: 47 u12 (player 1, stamina 3) hits 29 u13 (player 0) for 2.10
2026/09/30 21:20:38 combat turn=11 tick=3: 52 u12 (player 1, stamina 3) hits 29 u13 (player 0) for 2.10
2026/09/30 21:20:38 combat turn=11 tick=3: 54 u12 (player 1, stamina 3) hits 29 u13 (player 0) for 2.10
2026/09/30 21:20:38 combat turn=11 tick=3: 55 u13 (player 1, stamina 2) hits 29 u13 (player 0) for 2.27
2026/09/30 21:20:38 combat turn=11 tick=3: 56 u13 (player 1, stamina 2) hits 29 u13 (player 0) for 2.27
2026/09/30 21:20:38 combat turn=11 tick=3: 37 u11 (player 1, stamina 3) hits 29 u13 (player 0) for 0.71
2026/09/30 21:20:38 combat turn=11 tick=3: 41 u11 (player 1, stamina 3) hits 29 u13 (player 0) for 0.71
2026/09/30 21:20:38 combat turn=11 tick=3: 44 u11 (player 1, stamina 3) hits 29 u13 (player 0) for 0.71
2026/09/30 21:20:38 combat turn=11 tick=3: 57 u13 (player 1, stamina 2) hits 29 u13 (player 0) for 2.27
2026/09/30 21:20:38 combat turn=11 tick=3: 59 u13 (player 1, stamina 2) hits 29 u13 (player 0) for 2.27
2026/09/30 21:20:38 combat turn=11 tick=3: 40 u11 (player 1, stamina 3) hits 29 u13 (player 0) for 0.71
2026/09/30 21:20:38 combat turn=11 tick=3: 46 u11 (player 1, stamina 3) hits 29 u13 (player 0) for 0.71
2026/09/30 21:20:38 combat turn=11 tick=3: 50 u12 (player 1, stamina 3) hits 29 u13 (player 0) for 2.10
2026/09/30 21:20:38 combat turn=11 tick=3: 60 u13 (player 1, stamina 2) hits 29 u13 (player 0) for 2.27
2026/09/30 21:20:38 combat turn=11 tick=3: 38 u11 (player 1, stamina 3) hits 29 u13 (player 0) for 0.71
2026/09/30 21:20:38 combat turn=11 tick=3: 43 u11 (player 1, stamina 3) hits 29 u13 (player 0) for 0.71
2026/09/30 21:20:38 combat turn=11 tick=3: 45 u11 (player 1, stamina 3) hits 29 u13 (player 0) for 0.71
2026/09/30 21:20:38 combat turn=11 tick=3: 58 u13 (player 1, stamina 2) hits 29 u13 (player 0) for 2.27
2026/09/30 21:20:38 combat turn=11 tick=3: 53 u12 (player 1, stamina 3) hits 29 u13 (player 0) for 2.10
2026/09/30 21:20:38 combat turn=11 tick=3: 35 u11 (player 1, stamina 3) hits 29 u13 (player 0) for 0.71
2026/09/30 21:20:38 combat turn=11 tick=3: 42 u11 (player 1, stamina 3) hits 29 u13 (player 0) for 0.71
2026/09/30 21:20:38 combat turn=11 tick=3: 49 u12 (player 1, stamina 3) hits 29 u13 (player 0) for 2.10
2026/09/30 21:20:38 state_hash turn=11 tick=3 hash=b184d6b0dfafe540
2026/09/30 21:20:38 combat turn=11 tick=4: 34 u11 (player 1, stamina 3) hits 29 u13 (player 0) for 0.71
2026/09/30 21:20:38 combat turn=11 tick=4: 47 u12 (player 1, stamina 3) hits 29 u13 (player 0) for 2.10
2026/09/30 21:20:38 combat turn=11 tick=4: 52 u12 (player 1, stamina 3) hits 29 u13 (player 0) for 2.10
2026/09/30 21:20:38 combat turn=11 tick=4: 54 u12 (player 1, stamina 3) hits 29 u13 (player 0) for 2.10
2026/09/30 21:20:38 combat turn=11 tick=4: 37 u11 (player 1, stamina 3) hits 29 u13 (player 0) for 0.71
2026/09/30 21:20:38 combat turn=11 tick=4: 41 u11 (player 1, stamina 3) hits 29 u13 (player 0) for 0.71
2026/09/30 21:20:38 combat turn=11 tick=4: 44 u11 (player 1, stamina 3) hits 29 u13 (player 0) for 0.71
2026/09/30 21:20:38 combat turn=11 tick=4: 40 u11 (player 1, stamina 3) hits 29 u13 (player 0) for 0.71
2026/09/30 21:20:38 combat turn=11 tick=4: 46 u11 (player 1, stamina 3) hits 29 u13 (player 0) for 0.71
2026/09/30 21:20:38 combat turn=11 tick=4: 50 u12 (player 1, stamina 3) hits 29 u13 (player 0) for 2.10
2026/09/30 21:20:38 combat turn=11 tick=4: 38 u11 (player 1, stamina 3) hits 29 u13 (player 0) for 0.71
2026/09/30 21:20:38 combat turn=11 tick=4: 43 u11 (player 1, stamina 3) hits 29 u13 (player 0) for 0.71
2026/09/30 21:20:38 combat turn=11 tick=4: 45 u11 (player 1, stamina 3) hits 29 u13 (player 0) for 0.71
2026/09/30 21:20:38 combat turn=11 tick=4: 53 u12 (player 1, stamina 3) hits 29 u13 (player 0) for 2.10
2026/09/30 21:20:38 combat turn=11 tick=4: 35 u11 (player 1, stamina 3) hits 29 u13 (player 0) for 0.71
2026/09/30 21:20:38 combat turn=11 tick=4: 42 u11 (player 1, stamina 3) hits 29 u13 (player 0) for 0.71
2026/09/30 21:20:38 combat turn=11 tick=4: 49 u12 (player 1, stamina 3) hits 29 u13 (player 0) for 2.10
2026/09/30 21:20:38 combat turn=11 tick=4: 36 u11 (player 1, stamina 3) hits 29 u13 (player 0) for 0.71
2026/09/30 21:20:38 combat turn=11 tick=4: 39 u11 (player 1, stamina 3) hits 29 u13 (player 0) for 0.71
2026/09/30 21:20:38 combat turn=11 tick=4: 48 u12 (player 1, stamina 3) hits 29 u13 (player 0) for 2.10
2026/09/30 21:20:38 combat turn=11 tick=4: 51 u12 (player 1, stamina 3) hits 29 u13 (player 0) for 2.10
2026/09/30 21:20:38 state_hash turn=11 tick=4 hash=e368ecf5698dd20f
2026/09/30 21:20:38 combat turn=11 tick=5: 35 u11 (player 1, stamina 3) hits 30 u13 (player 0) for 0.71
2026/09/30 21:20:38 combat turn=11 tick=5: 42 u11 (player 1, stamina 3) hits 30 u13 (player 0) for 0.71
2026/09/30 21:20:38 combat turn=11 tick=5: 36 u11 (player 1, stamina 3) hits 30 u13 (player 0) for 0.71
2026/09/30 21:20:38 combat turn=11 tick=5: 39 u11 (player 1, stamina 3) hits 30 u13 (player 0) for 0.71
2026/09/30 21:20:38 combat turn=11 tick=5: 34 u11 (player 1, stamina 3) hits 30 u13 (player 0) for 0.71
2026/09/30 21:20:38 combat turn=11 tick=5: 37 u11 (player 1, stamina 3) hits 30 u13 (player 0) for 0.71
2026/09/30 21:20:38 combat turn=11 tick=5: 41 u11 (player 1, stamina 3) hits 30 u13 (player 0) for 0.71
2026/09/30 21:20:38 combat turn=11 tick=5: 44 u11 (player 1, stamina 3) hits 30 u13 (player 0) for 0.71
2026/09/30 21:20:38 combat turn=11 tick=5: 40 u11 (player 1, stamina 3) hits 30 u13 (player 0) for 0.71
2026/09/30 21:20:38 combat turn=11 tick=5: 46 u11 (player 1, stamina 3) hits 30 u13 (player 0) for 0.71
2026/09/30 21:20:38 combat turn=11 tick=5: 38 u11 (player 1, stamina 3) hits 30 u13 (player 0) for 0.71
2026/09/30 21:20:38 combat turn=11 tick=5: 43 u11 (player 1, stamina 3) hits 30 u13 (player 0) for 0.71
2026/09/30 21:20:38 combat turn=11 tick=5: 45 u11 (player 1, stamina 3) hits 30 u13 (player 0) for 0.71
2026/09/30 21:20:38 state_hash turn=11 tick=5 hash=d6e3bd5caa93a939
2026/09/30 21:20:38 state_hash turn=11 tick=end hash=e7438f7ac7065f32
2026/09/30 21:20:38 ai ai-1: new turn data {"buildings":[],"enemy_buildings":[],"enemy_units":[{"InternalID":30,"UnitID":13,"Type":2,"Kind":1,"Location":{"Space":{"X":-3,"Y":2},"Zone":{"X":0,"Y":0}},"CurrentStamina":8,"CurrentOrder":null,"Builds":[],"GarrisonedIn":null,"Stance":0,"InterruptCurrent":false,"AttackBack":false,"TargetPriority":"","ActiveOrders":null,"Health":40.7141,"MaxHealth":50}],"foundations":[],"population":{"current":28,"limit":0},"resources":{"food":200,"gold":38,"stone":100,"wood":200},"spaces":[{"Space":{"X":0,"Y":-4},"Vision":1,"Owner":-1},{"Space":{"X":1,"Y":-4},"Vision":0,"Owner":-1},{"Space":{"X":2,"Y":-4},"Vision":0,"Owner":-1},{"Space":{"X":3,"Y":-4},"Vision":0,"Owner":-1},{"Space":{"X":4,"Y":-4},"Vision":0,"Owner":-1},{"Space":{"X":-1,"Y":-3},"Vision":1,"Owner":0},{"Space":{"X":0,"Y":-3},"Vision":2,"Owner":-1},{"Space":{"X":1,"Y":-3},"Vision":2,"Owner":-1},{"Space":{"X":2,"Y":-3},"Vision":0,"Owner":-1},{"Space":{"X":3,"Y":-3},"Vision":0,"Owner":-1},{"Space":{"X":4,"Y":-3},"Vision":0,"Owner":-1},{"Space":{"X":-2,"Y":-2},"Vision":1,"Owner":0},{"Space":{"X":-1,"Y":-2},"Vision":2,"Owner":-1},{"Space":{"X":0,"Y":-2},"Vision":3,"Owner":1},{"Space":{"X":1,"Y":-2},"Vision":2,"Owner":-1},{"Space":{"X":2,"Y":-2},"Vision":0,"Owner":-1},{"Space":{"X":3,"Y":-2},"Vision":0,"Owner":-1},{"Space":{"X":4,"Y":-2},"Vision":0,"Owner":-1},{"Space":{"X":-3,"Y":-1},"Vision":1,"Owner":0},{"Space":{"X":-2,"Y":-1},"Vision":1,"Owner":-1},{"Space":{"X":-1,"Y":-1},"Vision":2,"Owner":-1},{"Space":{"X":0,"Y":-1},"Vision":2,"Owner":-1},{"Space":{"X":1,"Y":-1},"Vision":0,"Owner":-1},{"Space":{"X":2,"Y":-1},"Vision":0,"Owner":-1},{"Space":{"X":3,"Y":-1},"Vision":0,"Owner":-1},{"Space":{"X":4,"Y":-1},"Vision":0,"Owner":-1},{"Space":{"X":-4,"Y":0},"Vision":1,"Owner":-1},{"Space":{"X":-3,"Y":0},"Vision":1,"Owner":0},{"Space":{"X":-2,"Y":0},"Vision":1,"Owner":-1},{"Space":{"X":-1,"Y":0},"Vision":1,"Owner":-1},{"Space":{"X":0,"Y":0},"Vision":1,"Owner":-1},{"Space":{"X":1,"Y":0},"Vision":0,"Owner":-1},{"Space":{"X":2,"Y":0},"Vision":0,"Owner":-1},{"Space":{"X":3,"Y":0},"Vision":0,"Owner":-1},{"Space":{"X":4,"Y":0},"Vision":0,"Owner":-1},{"Space":{"X":-4,"Y":1},"Vision":1,"Owner":-1},{"Space":{"X":-3,"Y":1},"Vision":2,"Owner":-1},{"Space":{"X":-2,"Y":1},"Vision":2,"Owner":-1},{"Space":{"X":-1,"Y":1},"Vision":1,"Owner":-1},{"Space":{"X":0,"Y":1},"Vision":1,"Owner":-1},{"Space":{"X":1,"Y":1},"Vision":0,"Owner":-1},{"Space":{"X":2,"Y":1},"Vision":0,"Owner":-1},{"Space":{"X":3,"Y":1},"Vision":0,"Owner":-1},{"Space":{"X":-4,"Y":2},"Vision":2,"Owner":-1},{"Space":{"X":-3,"Y":2},"Vision":3,"Owner":-1},{"Space":{"X":-2,"Y":2},"Vision":2,"Owner":-1},{"Space":{"X":-1,"Y":2},"Vision":1,"Owner":-1},{"Space":{"X":0,"Y":2},"Vision":1,"Owner":-1},{"Space":{"X":1,"Y":2},"Vision":0,"Owner":-1},{"Space":{"X":2,"Y":2},"Vision":0,"Owner":-1},{"Space":{"X":-4,"Y":3},"Vision":2,"Owner":-1},{"Space":{"X":-3,"Y":3},"Vision":2,"Owner":-1},{"Space":{"X":-2,"Y":3},"Vision":1,"Owner":-1},{"Space":{"X":-1,"Y":3},"Vision":1,"Owner":-1},{"Space":{"X":0,"Y":3},"Vision":1,"Owner":-1},{"Space":{"X":1,"Y":3},"Vision":0,"Owner":-1},{"Space":{"X":-4,"Y":4},"Vision":1,"Owner":-1},{"Space":{"X":-3,"Y":4},"Vision":1,"Owner":-1},{"Space":{"X":-2,"Y":4},"Vision":1,"Owner":-1},{"Space":{"X":-1,"Y":4},"Vision":1,"Owner":-1},{"Space":{"X":0,"Y":4},"Vision":0,"Owner":-1}],"units":[{"InternalID":32,"UnitID":11,"Type":2,"Kind":1,"Location":{"Space":{"X":0,"Y":-2},"Zone":{"X":0,"Y":0}},"CurrentStamina":23,"CurrentOrder":null,"Builds":[],"GarrisonedIn":null,"Stance":3,"InterruptCurrent":false,"AttackBack":true,"TargetPriority":"","ActiveOrders":null,"Health":11,"MaxHealth":11},{"InternalID":34,"UnitID":11,"Type":2,"Kind":1,"Location":{"Space":{"X":-3,"Y":2},"Zone":{"X":0,"Y":0}},"CurrentStamina":15,"CurrentOrder":{"Kind":4,"TargetZone":null,"TargetSpace":{"X":-3,"Y":2},"TargetResource":null,"TargetUnit":null,"TargetBuilding":null},"Builds":[],"GarrisonedIn":null,"Stance":3,"InterruptCurrent":false,"AttackBack":true,"TargetPriority":"","ActiveOrders":[{"ID":287,"Kind":4}],"Health":5.885,"MaxHealth":11},{"InternalID":35,"UnitID":11,"Type":2,"Kind":1,"Location":{"Space":{"X":-3,"Y":2},"Zone":{"X":0,"Y":0}},"CurrentStamina":15,"CurrentOrder":{"Kind":4,"TargetZone":null,"TargetSpace":{"X":-3,"Y":2},"TargetResource":null,"TargetUnit":null,"TargetBuilding":null},"Builds":[],"GarrisonedIn":null,"Stance":3,"InterruptCurrent":false,"AttackBack":true,"TargetPriority":"","ActiveOrders":[{"ID":280,"Kind":4}],"Health":2.475,"MaxHealth":11},{"InternalID":36,"UnitID":11,"Type":2,"Kind":1,"Location":{"Space":{"X":-3,"Y":2},"Zone":{"X":0,"Y":0}},"CurrentStamina":15,"CurrentOrder":{"Kind":4,"TargetZone":null,"TargetSpace":{"X":-3,"Y":2},"TargetResource":null,"TargetUnit":null,"TargetBuilding":null},"Builds":[],"GarrisonedIn":null,"Stance":3,"InterruptCurrent":false,"AttackBack":true,"TargetPriority":"","ActiveOrders":[{"ID":283,"Kind":4}],"Health":2.475,"MaxHealth":11},{"InternalID":37,"UnitID":11,"Type":2,"Kind":1,"Location":{"Space":{"X":-3,"Y":2},"Zone":{"X":0,"Y":0}},"CurrentStamina":15,"CurrentOrder":{"Kind":4,"TargetZone":null,"TargetSpace":{"X":-3,"Y":2},"TargetResource":null,"TargetUnit":null,"TargetBuilding":null},"Builds":[],"GarrisonedIn":null,"Stance":3,"InterruptCurrent":false,"AttackBack":true,"TargetPriority":"","ActiveOrders":[{"ID":293,"Kind":4}],"Health":11,"MaxHealth":11},{"InternalID":38,"UnitID":11,"Type":2,"Kind":1,"Location":{"Space":{"X":-3,"Y":2},"Zone":{"X":0,"Y":0}},"CurrentStamina":15,"CurrentOrder":{"Kind":4,"TargetZone":null,"TargetSpace":{"X":-3,"Y":2},"TargetResource":null,"TargetUnit":null,"TargetBuilding":null},"Builds":[],"GarrisonedIn":null,"Stance":3,"InterruptCurrent":false,"AttackBack":true,"TargetPriority":"","ActiveOrders":[{"ID":274,"Kind":4}],"Health":11,"MaxHealth":11},{"InternalID":39,"UnitID":11,"Type":2,"Kind":1,"Location":{"Space":{"X":-3,"Y":2},"Zone":{"X":0,"Y":0}},"CurrentStamina":15,"CurrentOrder":{"Kind":4,"TargetZone":null,"TargetSpace":{"X":-3,"Y":2},"TargetResource":null,"TargetUnit":null,"TargetBuilding":null},"Builds":[],"GarrisonedIn":null,"Stance":3,"InterruptCurrent":false,"AttackBack":true,"TargetPriority":"","ActiveOrders":[{"ID":284,"Kind":4}],"Health":11,"MaxHealth":11},{"InternalID":40,"UnitID":11,"Type":2,"Kind":1,"Location":{"Space":{"X":-3,"Y":2},"Zone":{"X":0,"Y":0}},"CurrentStamina":15,"CurrentOrder":{"Kind":4,"TargetZone":null,"TargetSpace":{"X":-3,"Y":2},"TargetResource":null,"TargetUnit":null,"TargetBuilding":null},"Builds":[],"GarrisonedIn":null,"Stance":3,"InterruptCurrent":false,"AttackBack":true,"TargetPriority":"","ActiveOrders":[{"ID":270,"Kind":4}],"Health":11,"MaxHealth":11},{"InternalID":41,"UnitID":11,"Type":2,"Kind":1,"Location":{"Space":{"X":-3,"Y":2},"Zone":{"X":0,"Y":0}},"CurrentStamina":15,"CurrentOrder":{"Kind":4,"TargetZone":null,"TargetSpace":{"X":-3,"Y":2},"TargetResource":null,"TargetUnit":null,"TargetBuilding":null},"Builds":[],"GarrisonedIn":null,"Stance":3,"InterruptCurrent":false,"AttackBack":true,"TargetPriority":"","ActiveOrders":[{"ID":294,"Kind":4}],"Health":11,"MaxHealth":11},{"InternalID":42,"UnitID":11,"Type":2,"Kind":1,"Location":{"Space":{"X":-3,"Y":2},"Zone":{"X":0,"Y":0}},"CurrentStamina":15,"CurrentOrder":{"Kind":4,"TargetZone":null,"TargetSpace":{"X":-3,"Y":2},"TargetResource":null,"TargetUnit":null,"TargetBuilding":null},"Builds":[],"GarrisonedIn":null,"Stance":3,"InterruptCurrent":false,"AttackBack":true,"TargetPriority":"","ActiveOrders":[{"ID":281,"Kind":4}],"Health":11,"MaxHealth":11},{"InternalID":43,"UnitID":11,"Type":2,"Kind":1,"Location":{"Space":{"X":-3,"Y":2},"Zone":{"X":0,"Y":0}},"CurrentStamina":15,"CurrentOrder":{"Kind":4,"TargetZone":null,"TargetSpace":{"X":-3,"Y":2},"TargetResource":null,"TargetUnit":null,"TargetBuilding":null},"Builds":[],"GarrisonedIn":null,"Stance":3,"InterruptCurrent":false,"AttackBack":true,"TargetPriority":"","ActiveOrders":[{"ID":275,"Kind":4}],"Health":11,"MaxHealth":11},{"InternalID":44,"UnitID":11,"Type":2,"Kind":1,"Location":{"Space":{"X":-3,"Y":2},"Zone":{"X":0,"Y":0}},"CurrentStamina":15,"CurrentOrder":{"Kind":4,"TargetZone":null,"TargetSpace":{"X":-3,"Y":2},"TargetResource":null,"TargetUnit":null,"TargetBuilding":null},"Builds":[],"GarrisonedIn":null,"Stance":3,"InterruptCurrent":false,"AttackBack":true,"TargetPriority":"","ActiveOrders":[{"ID":295,"Kind":4}],"Health":11,"MaxHealth":11},{"InternalID":45,"UnitID":11,"Type":2,"Kind":1,"Location":{"Space":{"X":-3,"Y":2},"Zone":{"X":0,"Y":0}},"CurrentStamina":15,"CurrentOrder":{"Kind":4,"TargetZone":null,"TargetSpace":{"X":-3,"Y":2},"TargetResource":null,"TargetUnit":null,"TargetBuilding":null},"Builds":[],"GarrisonedIn":null,"Stance":3,"InterruptCurrent":false,"AttackBack":true,"TargetPriority":"","ActiveOrders":[{"ID":276,"Kind":4}],"Health":11,"MaxHealth":11},{"InternalID":46,"UnitID":11,"Type":2,"Kind":1,"Location":{"Space":{"X":-3,"Y":2},"Zone":{"X":0,"Y":0}},"CurrentStamina":15,"CurrentOrder":{"Kind":4,"TargetZone":null,"TargetSpace":{"X":-3,"Y":2},"TargetResource":null,"TargetUnit":null,"TargetBuilding":null},"Builds":[],"GarrisonedIn":null,"Stance":3,"InterruptCurrent":false,"AttackBack":true,"TargetPriority":"","ActiveOrders":[{"ID":271,"Kind":4}],"Health":11,"MaxHealth":11},{"InternalID":47,"UnitID":12,"Type":2,"Kind":1,"Location":{"Space":{"X":-3,"Y":2},"Zone":{"X":0,"Y":0}},"CurrentStamina":12,"CurrentOrder":{"Kind":4,"TargetZone":null,"TargetSpace":{"X":-3,"Y":2},"TargetResource":null,"TargetUnit":null,"TargetBuilding":null},"Builds":[],"GarrisonedIn":null,"Stance":3,"InterruptCurrent":false,"AttackBack":true,"TargetPriority":"","ActiveOrders":[{"ID":288,"Kind":4}],"Health":16,"MaxHealth":16},{"InternalID":48,"UnitID":12,"Type":2,"Kind":1,"Location":{"Space":{"X":-3,"Y":2},"Zone":{"X":0,"Y":0}},"CurrentStamina":12,"CurrentOrder":{"Kind":4,"TargetZone":null,"TargetSpace":{"X":-3,"Y":2},"TargetResource":null,"TargetUnit":null,"TargetBuilding":null},"Builds":[],"GarrisonedIn":null,"Stance":3,"InterruptCurrent":false,"AttackBack":true,"TargetPriority":"","ActiveOrders":[{"ID":285,"Kind":4}],"Health":16,"MaxHealth":16},{"InternalID":49,"UnitID":12,"Type":2,"Kind":1,"Location":{"Space":{"X":-3,"Y":2},"Zone":{"X":0,"Y":0}},"CurrentStamina":12,"CurrentOrder":{"Kind":4,"TargetZone":null,"TargetSpace":{"X":-3,"Y":2},"TargetResource":null,"TargetUnit":null,"TargetBuilding":null},"Builds":[],"GarrisonedIn":null,"Stance":3,"InterruptCurrent":false,"AttackBack":true,"TargetPriority":"","ActiveOrders":[{"ID":282,"Kind":4}],"Health":16,"MaxHealth":16},{"InternalID":50,"UnitID":12,"Type":2,"Kind":1,"Location":{"Space":{"X":-3,"Y":2},"Zone":{"X":0,"Y":0}},"CurrentStamina":12,"CurrentOrder":{"Kind":4,"TargetZone":null,"TargetSpace":{"X":-3,"Y":2},"TargetResource":null,"TargetUnit":null,"TargetBuilding":null},"Builds":[],"GarrisonedIn":null,"Stance":3,"InterruptCurrent":false,"AttackBack":true,"TargetPriority":"","ActiveOrders":[{"ID":272,"Kind":4}],"Health":16,"MaxHealth":16},{"InternalID":51,"UnitID":12,"Type":2,"Kind":1,"Location":{"Space":{"X":-3,"Y":2},"Zone":{"X":0,"Y":0}},"CurrentStamina":12,"CurrentOrder":{"Kind":4,"TargetZone":null,"TargetSpace":{"X":-3,"Y":2},"TargetResource":null,"TargetUnit":null,"TargetBuilding":null},"Builds":[],"GarrisonedIn":null,"Stance":3,"InterruptCurrent":false,"AttackBack":true,"TargetPriority":"","ActiveOrders":[{"ID":286,"Kind":4}],"Health":16,"MaxHealth":16},{"InternalID":52,"UnitID":12,"Type":2,"Kind":1,"Location":{"Space":{"X":-3,"Y":2},"Zone":{"X":0,"Y":0}},"CurrentStamina":12,"CurrentOrder":{"Kind":4,"TargetZone":null,"TargetSpace":{"X":-3,"Y":2},"TargetResource":null,"TargetUnit":null,"TargetBuilding":null},"Builds":[],"GarrisonedIn":null,"Stance":3,"InterruptCurrent":false,"AttackBack":true,"TargetPriority":"","ActiveOrders":[{"ID":289,"Kind":4}],"Health":16,"MaxHealth":16},{"InternalID":53,"UnitID":12,"Type":2,"Kind":1,"Location":{"Space":{"X":-3,"Y":2},"Zone":{"X":0,"Y":0}},"CurrentStamina":12,"CurrentOrder":{"Kind":4,"TargetZone":null,"TargetSpace":{"X":-3,"Y":2},"TargetResource":null,"TargetUnit":null,"TargetBuilding":null},"Builds":[],"GarrisonedIn":null,"Stance":3,"InterruptCurrent":false,"AttackBack":true,"TargetPriority":"","ActiveOrders":[{"ID":279,"Kind":4}],"Health":16,"MaxHealth":16},{"InternalID":54,"UnitID":12,"Type":2,"Kind":1,"Location":{"Space":{"X":-3,"Y":2},"Zone":{"X":0,"Y":0}},"CurrentStamina":12,"CurrentOrder":{"Kind":4,"TargetZone":null,"TargetSpace":{"X":-3,"Y":2},"TargetResource":null,"TargetUnit":null,"TargetBuilding":null},"Builds":[],"GarrisonedIn":null,"Stance":3,"InterruptCurrent":false,"AttackBack":true,"TargetPriority":"","ActiveOrders":[{"ID":290,"Kind":4}],"Health":16,"MaxHealth":16},{"InternalID":55,"UnitID":13,"Type":2,"Kind":1,"Location":{"Space":{"X":-3,"Y":2},"Zone":{"X":0,"Y":0}},"CurrentStamina":8,"CurrentOrder":{"Kind":4,"TargetZone":null,"TargetSpace":{"X":-3,"Y":2},"TargetResource":null,"TargetUnit":null,"TargetBuilding":null},"Builds":[],"GarrisonedIn":null,"Stance":3,"InterruptCurrent":false,"AttackBack":true,"TargetPriority":"","ActiveOrders":[{"ID":291,"Kind":4}],"Health":50,"MaxHealth":50},{"InternalID":56,"UnitID":13,"Type":2,"Kind":1,"Location":{"Space":{"X":-3,"Y":2},"Zone":{"X":0,"Y":0}},"CurrentStamina":8,"CurrentOrder":{"Kind":4,"TargetZone":null,"TargetSpace":{"X":-3,"Y":2},"TargetResource":null,"TargetUnit":null,"TargetBuilding":null},"Builds":[],"GarrisonedIn":null,"Stance":3,"InterruptCurrent":false,"AttackBack":true,"TargetPriority":"","ActiveOrders":[{"ID":292,"Kind":4}],"Health":50,"MaxHealth":50},{"InternalID":57,"UnitID":13,"Type":2,"Kind":1,"Location":{"Space":{"X":-3,"Y":2},"Zone":{"X":0,"Y":0}},"CurrentStamina":8,"CurrentOrder":{"Kind":4,"TargetZone":null,"TargetSpace":{"X":-3,"Y":2},"TargetResource":null,"TargetUnit":null,"TargetBuilding":null},"Builds":[],"GarrisonedIn":null,"Stance":3,"InterruptCurrent":false,"AttackBack":true,"TargetPriority":"","ActiveOrders":[{"ID":296,"Kind":4}],"Health":50,"MaxHealth":50},{"InternalID":58,"UnitID":13,"Type":2,"Kind":1,"Location":{"Space":{"X":-3,"Y":2},"Zone":{"X":0,"Y":0}},"CurrentStamina":8,"CurrentOrder":{"Kind":4,"TargetZone":null,"TargetSpace":{"X":-3,"Y":2},"TargetResource":null,"TargetUnit":null,"TargetBuilding":null},"Builds":[],"GarrisonedIn":null,"Stance":3,"InterruptCurrent":false,"AttackBack":true,"TargetPriority":"","ActiveOrders":[{"ID":277,"Kind":4}],"Health":50,"MaxHealth":50},{"InternalID":59,"UnitID":13,"Type":2,"Kind":1,"Location":{"Space":{"X":-3,"Y":2},"Zone":{"X":0,"Y":0}},"CurrentStamina":8,"CurrentOrder":{"Kind":4,"TargetZone":null,"TargetSpace":{"X":-3,"Y":2},"TargetResource":null,"TargetUnit":null,"TargetBuilding":null},"Builds":[],"GarrisonedIn":null,"Stance":3,"InterruptCurrent":false,"AttackBack":true,"TargetPriority":"","ActiveOrders":[{"ID":269,"Kind":4}],"Health":50,"MaxHealth":50},{"InternalID":60,"UnitID":13,"Type":2,"Kind":1,"Location":{"Space":{"X":-3,"Y":2},"Zone":{"X":0,"Y":0}},"CurrentStamina":8,"CurrentOrder":{"Kind":4,"TargetZone":null,"TargetSpace":{"X":-3,"Y":2},"TargetResource":null,"TargetUnit":null,"TargetBuilding":null},"Builds":[],"GarrisonedIn":null,"Stance":3,"InterruptCurrent":false,"AttackBack":true,"TargetPriority":"","ActiveOrders":[{"ID":273,"Kind":4}],"Health":50,"MaxHealth":50}]}
2026/09/30 21:20:38 ai ai-1: submitting orders [{Subjects:[32] OrderType:2 TargetID:5460 ClearPreviousOrders:true}]
2026/09/30 21:20:38 ai ai-1: vars {}
2026/09/30 21:20:38 player action: submit-orders 0 2 map[orders:[{1 [32] 2 5460 true}]]
2026/09/30 21:20:38 Executing submit orders for: 1 [{1 [32] 2 5460 true}]
2026/09/30 21:20:38 ai ai-0: new turn data {"buildings":[],"enemy_buildings":[],"enemy_units":[{"InternalID":34,"UnitID":11,"Type":2,"Kind":1,"Location":{"Space":{"X":-3,"Y":2},"Zone":{"X":0,"Y":0}},"CurrentStamina":15,"CurrentOrder":null,"Builds":[],"GarrisonedIn":null,"Stance":0,"InterruptCurrent":false,"AttackBack":false,"TargetPriority":"","ActiveOrders":null,"Health":5.885,"MaxHealth":11},{"InternalID":35,"UnitID":11,"Type":2,"Kind":1,"Location":{"Space":{"X":-3,"Y":2},"Zone":{"X":0,"Y":0}},"CurrentStamina":15,"CurrentOrder":null,"Builds":[],"GarrisonedIn":null,"Stance":0,"InterruptCurrent":false,"AttackBack":false,"TargetPriority":"","ActiveOrders":null,"Health":2.475,"MaxHealth":11},{"InternalID":36,"UnitID":11,"Type":2,"Kind":1,"Location":{"Space":{"X":-3,"Y":2},"Zone":{"X":0,"Y":0}},"CurrentStamina":15,"CurrentOrder":null,"Builds":[],"GarrisonedIn":null,"Stance":0,"InterruptCurrent":false,"AttackBack":false,"TargetPriority":"","ActiveOrders":null,"Health":2.475,"MaxHealth":11},{"InternalID":37,"UnitID":11,"Type":2,"Kind":1,"Location":{"Space":{"X":-3,"Y":2},"Zone":{"X":0,"Y":0}},"CurrentStamina":15,"CurrentOrder":null,"Builds":[],"GarrisonedIn":null,"Stance":0,"InterruptCurrent":false,"AttackBack":false,"TargetPriority":"","ActiveOrders":null,"Health":11,"MaxHealth":11},{"InternalID":38,"UnitID":11,"Type":2,"Kind":1,"Location":{"Space":{"X":-3,"Y":2},"Zone":{"X":0,"Y":0}},"CurrentStamina":15,"CurrentOrder":null,"Builds":[],"GarrisonedIn":null,"Stance":0,"InterruptCurrent":false,"AttackBack":false,"TargetPriority":"","ActiveOrders":null,"Health":11,"MaxHealth":11},{"InternalID":39,"UnitID":11,"Type":2,"Kind":1,"Location":{"Space":{"X":-3,"Y":2},"Zone":{"X":0,"Y":0}},"CurrentStamina":15,"CurrentOrder":null,"Builds":[],"GarrisonedIn":null,"Stance":0,"InterruptCurrent":false,"AttackBack":false,"TargetPriority":"","ActiveOrders":null,"Health":11,"MaxHealth":11},{"InternalID":40,"UnitID":11,"Type":2,"Kind":1,"Location":{"Space":{"X":-3,"Y":2},"Zone":{"X":0,"Y":0}},"CurrentStamina":15,"CurrentOrder":null,"Builds":[],"GarrisonedIn":null,"Stance":0,"InterruptCurrent":false,"AttackBack":false,"TargetPriority":"","ActiveOrders":null,"Health":11,"MaxHealth":11},{"InternalID":41,"UnitID":11,"Type":2,"Kind":1,"Location":{"Space":{"X":-3,"Y":2},"Zone":{"X":0,"Y":0}},"CurrentStamina":15,"CurrentOrder":null,"Builds":[],"GarrisonedIn":null,"Stance":0,"InterruptCurrent":false,"AttackBack":false,"TargetPriority":"","ActiveOrders":null,"Health":11,"MaxHealth":11},{"InternalID":42,"UnitID":11,"Type":2,"Kind":1,"Location":{"Space":{"X":-3,"Y":2},"Zone":{"X":0,"Y":0}},"CurrentStamina":15,"CurrentOrder":null,"Builds":[],"GarrisonedIn":null,"Stance":0,"InterruptCurrent":false,"AttackBack":false,"TargetPriority":"","ActiveOrders":null,"Health":11,"MaxHealth":11},{"InternalID":43,"UnitID":11,"Type":2,"Kind":1,"Location":{"Space":{"X":-3,"Y":2},"Zone":{"X":0,"Y":0}},"CurrentStamina":15,"CurrentOrder":null,"Builds":[],"GarrisonedIn":null,"Stance":0,"InterruptCurrent":false,"AttackBack":false,"TargetPriority":"","ActiveOrders":null,"Health":11,"MaxHealth":11},{"InternalID":44,"UnitID":11,"Type":2,"Kind":1,"Location":{"Space":{"X":-3,"Y":2},"Zone":{"X":0,"Y":0}},"CurrentStamina":15,"CurrentOrder":null,"Builds":[],"GarrisonedIn":null,"Stance":0,"InterruptCurrent":false,"AttackBack":false,"TargetPriority":"","ActiveOrders":null,"Health":11,"MaxHealth":11},{"InternalID":45,"UnitID":11,"Type":2,"Kind":1,"Location":{"Space":{"X":-3,"Y":2},"Zone":{"X":0,"Y":0}},"CurrentStamina":15,"CurrentOrder":null,"Builds":[],"GarrisonedIn":null,"Stance":0,"InterruptCurrent":false,"AttackBack":false,"TargetPriority":"","ActiveOrders":null,"Health":11,"MaxHealth":11},{"InternalID":46,"UnitID":11,"Type":2,"Kind":1,"Location":{"Space":{"X":-3,"Y":2},"Zone":{"X":0,"Y":0}},"CurrentStamina":15,"CurrentOrder":null,"Builds":[],"GarrisonedIn":null,"Stance":0,"InterruptCurrent":false,"AttackBack":false,"TargetPriority":"","ActiveOrders":null,"Health":11,"MaxHealth":11},{"InternalID":47,"UnitID":12,"Type":2,"Kind":1,"Location":{"Space":{"X":-3,"Y":2},"Zone":{"X":0,"Y":0}},"CurrentStamina":12,"CurrentOrder":null,"Builds":[],"GarrisonedIn":null,"Stance":0,"InterruptCurrent":false,"AttackBack":false,"TargetPriority":"","ActiveOrders":null,"Health":16,"MaxHealth":16},{"InternalID":48,"UnitID":12,"Type":2,"Kind":1,"Location":{"Space":{"X":-3,"Y":2},"Zone":{"X":0,"Y":0}},"CurrentStamina":12,"CurrentOrder":null,"Builds":[],"GarrisonedIn":null,"Stance":0,"InterruptCurrent":false,"AttackBack":false,"TargetPriority":"","ActiveOrders":null,"Health":16,"MaxHealth":16},{"InternalID":49,"UnitID":12,"Type":2,"Kind":1,"Location":{"Space":{"X":-3,"Y":2},"Zone":{"X":0,"Y":0}},"CurrentStamina":12,"CurrentOrder":null,"Builds":[],"GarrisonedIn":null,"Stance":0,"InterruptCurrent":false,"AttackBack":false,"TargetPriority":"","ActiveOrders":null,"Health":16,"MaxHealth":16},{"InternalID":50,"UnitID":12,"Type":2,"Kind":1,"Location":{"Space":{"X":-3,"Y":2},"Zone":{"X":0,"Y":0}},"CurrentStamina":12,"CurrentOrder":null,"Builds":[],"GarrisonedIn":null,"Stance":0,"InterruptCurrent":false,"AttackBack":false,"TargetPriority":"","ActiveOrders":null,"Health":16,"MaxHealth":16},{"InternalID":51,"UnitID":12,"Type":2,"Kind":1,"Location":{"Space":{"X":-3,"Y":2},"Zone":{"X":0,"Y":0}},"CurrentStamina":12,"CurrentOrder":null,"Builds":[],"GarrisonedIn":null,"Stance":0,"InterruptCurrent":false,"AttackBack":false,"TargetPriority":"","ActiveOrders":null,"Health":16,"MaxHealth":16},{"InternalID":52,"UnitID":12,"Type":2,"Kind":1,"Location":{"Space":{"X":-3,"Y":2},"Zone":{"X":0,"Y":0}},"CurrentStamina":12,"CurrentOrder":null,"Builds":[],"GarrisonedIn":null,"Stance":0,"InterruptCurrent":false,"AttackBack":false,"TargetPriority":"","ActiveOrders":null,"Health":16,"MaxHealth":16},{"InternalID":53,"UnitID":12,"Type":2,"Kind":1,"Location":{"Space":{"X":-3,"Y":2},"Zone":{"X":0,"Y":0}},"CurrentStamina":12,"CurrentOrder":null,"Builds":[],"GarrisonedIn":null,"Stance":0,"InterruptCurrent":false,"AttackBack":false,"TargetPriority":"","ActiveOrders":null,"Health":16,"MaxHealth":16},{"InternalID":54,"UnitID":12,"Type":2,"Kind":1,"Location":{"Space":{"X":-3,"Y":2},"Zone":{"X":0,"Y":0}},"CurrentStamina":12,"CurrentOrder":null,"Builds":[],"GarrisonedIn":null,"Stance":0,"InterruptCurrent":false,"AttackBack":false,"TargetPriority":"","ActiveOrders":null,"Health":16,"MaxHealth":16},{"InternalID":55,"UnitID":13,"Type":2,"Kind":1,"Location":{"Space":{"X":-3,"Y":2},"Zone":{"X":0,"Y":0}},"CurrentStamina":8,"CurrentOrder":null,"Builds":[],"GarrisonedIn":null,"Stance":0,"InterruptCurrent":false,"AttackBack":false,"TargetPriority":"","ActiveOrders":null,"Health":50,"MaxHealth":50},{"InternalID":56,"UnitID":13,"Type":2,"Kind":1,"Location":{"Space":{"X":-3,"Y":2},"Zone":{"X":0,"Y":0}},"CurrentStamina":8,"CurrentOrder":null,"Builds":[],"GarrisonedIn":null,"Stance":0,"InterruptCurrent":false,"AttackBack":false,"TargetPriority":"","ActiveOrders":null,"Health":50,"MaxHealth":50},{"InternalID":57,"UnitID":13,"Type":2,"Kind":1,"Location":{"Space":{"X":-3,"Y":2},"Zone":{"X":0,"Y":0}},"CurrentStamina":8,"CurrentOrder":null,"Builds":[],"GarrisonedIn":null,"Stance":0,"InterruptCurrent":false,"AttackBack":false,"TargetPriority":"","ActiveOrders":null,"Health":50,"MaxHealth":50},{"InternalID":58,"UnitID":13,"Type":2,"Kind":1,"Location":{"Space":{"X":-3,"Y":2},"Zone":{"X":0,"Y":0}},"CurrentStamina":8,"CurrentOrder":null,"Builds":[],"GarrisonedIn":null,"Stance":0,"InterruptCurrent":false,"AttackBack":false,"TargetPriority":"","ActiveOrders":null,"Health":50,"MaxHealth":50},{"InternalID":59,"UnitID":13,"Type":2,"Kind":1,"Location":{"Space":{"X":-3,"Y":2},"Zone":{"X":0,"Y":0}},"CurrentStamina":8,"CurrentOrder":null,"Builds":[],"GarrisonedIn":null,"Stance":0,"InterruptCurrent":false,"AttackBack":false,"TargetPriority":"","ActiveOrders":null,"Health":50,"MaxHealth":50},{"InternalID":60,"UnitID":13,"Type":2,"Kind":1,"Location":{"Space":{"X":-3,"Y":2},"Zone":{"X":0,"Y":0}},"CurrentStamina":8,"CurrentOrder":null,"Builds":[],"GarrisonedIn":null,"Stance":0,"InterruptCurrent":false,"AttackBack":false,"TargetPriority":"","ActiveOrders":null,"Health":50,"MaxHealth":50}],"foundations":[],"population":{"current":24,"limit":0},"resources":{"food":200,"gold":98,"stone":100,"wood":200},"spaces":[{"Space":{"X":0,"Y":-4},"Vision":1,"Owner":-1},{"Space":{"X":1,"Y":-4},"Vision":1,"Owner":-1},{"Space":{"X":2,"Y":-4},"Vision":1,"Owner":-1},{"Space":{"X":3,"Y":-4},"Vision":1,"Owner":-1},{"Space":{"X":4,"Y":-4},"Vision":1,"Owner":-1},{"Space":{"X":-1,"Y":-3},"Vision":1,"Owner":-1},{"Space":{"X":0,"Y":-3},"Vision":1,"Owner":-1},{"Space":{"X":1,"Y":-3},"Vision":1,"Owner":-1},{"Space":{"X":2,"Y":-3},"Vision":1,"Owner":-1},{"Space":{"X":3,"Y":-3},"Vision":1,"Owner":-1},{"Space":{"X":4,"Y":-3},"Vision":1,"Owner":-1},{"Space":{"X":-2,"Y":-2},"Vision":1,"Owner":-1},{"Space":{"X":-1,"Y":-2},"Vision":1,"Owner":-1},{"Space":{"X":0,"Y":-2},"Vision":1,"Owner":-1},{"Space":{"X":1,"Y":-2},"Vision":1,"Owner":-1},{"Space":{"X":2,"Y":-2},"Vision":1,"Owner":-1},{"Space":{"X":3,"Y":-2},"Vision":1,"Owner":-1},{"Space":{"X":4,"Y":-2},"Vision":1,"Owner":-1},{"Space":{"X":-3,"Y":-1},"Vision":1,"Owner":-1},{"Space":{"X":-2,"Y":-1},"Vision":1,"Owner":-1},{"Space":{"X":-1,"Y":-1},"Vision":1,"Owner":-1},{"Space":{"X":0,"Y":-1},"Vision":1,"Owner":-1},{"Space":{"X":1,"Y":-1},"Vision":1,"Owner":-1},{"Space":{"X":2,"Y":-1},"Vision":1,"Owner":-1},{"Space":{"X":3,"Y":-1},"Vision":1,"Owner":-1},{"Space":{"X":4,"Y":-1},"Vision":1,"Owner":-1},{"Space":{"X":-4,"Y":0},"Vision":1,"Owner":-1},{"Space":{"X":-3,"Y":0},"Vision":1,"Owner":-1},{"Space":{"X":-2,"Y":0},"Vision":1,"Owner":-1},{"Space":{"X":-1,"Y":0},"Vision":1,"Owner":-1},{"Space":{"X":0,"Y":0},"Vision":1,"Owner":-1},{"Space":{"X":1,"Y":0},"Vision":1,"Owner":-1},{"Space":{"X":2,"Y":0},"Vision":1,"Owner":-1},{"Space":{"X":3,"Y":0},"Vision":1,"Owner":-1},{"Space":{"X":4,"Y":0},"Vision":0,"Owner":-1},{"Space":{"X":-4,"Y":1},"Vision":1,"Owner":-1},{"Space":{"X":-3,"Y":1},"Vision":2,"Owner":-1},{"Space":{"X":-2,"Y":1},"Vision":2,"Owner":-1},{"Space":{"X":-1,"Y":1},"Vision":1,"Owner":-1},{"Space":{"X":0,"Y":1},"Vision":1,"Owner":-1},{"Space":{"X":1,"Y":1},"Vision":1,"Owner":-1},{"Space":{"X":2,"Y":1},"Vision":1,"Owner":-1},{"Space":{"X":3,"Y":1},"Vision":0,"Owner":-1},{"Space":{"X":-4,"Y":2},"Vision":2,"Owner":-1},{"Space":{"X":-3,"Y":2},"Vision":3,"Owner":-1},{"Space":{"X":-2,"Y":2},"Vision":2,"Owner":-1},{"Space":{"X":-1,"Y":2},"Vision":1,"Owner":-1},{"Space":{"X":0,"Y":2},"Vision":1,"Owner":-1},{"Space":{"X":1,"Y":2},"Vision":1,"Owner":-1},{"Space":{"X":2,"Y":2},"Vision":0,"Owner":-1},{"Space":{"X":-4,"Y":3},"Vision":2,"Owner":-1},{"Space":{"X":-3,"Y":3},"Vision":3,"Owner":-1},{"Space":{"X":-2,"Y":3},"Vision":3,"Owner":-1},{"Space":{"X":-1,"Y":3},"Vision":2,"Owner":-1},{"Space":{"X":0,"Y":3},"Vision":1,"Owner":-1},{"Space":{"X":1,"Y":3},"Vision":0,"Owner":-1},{"Space":{"X":-4,"Y":4},"Vision":3,"Owner":0},{"Space":{"X":-3,"Y":4},"Vision":2,"Owner":-1},{"Space":{"X":-2,"Y":4},"Vision":3,"Owner":0},{"Space":{"X":-1,"Y":4},"Vision":2,"Owner":-1},{"Space":{"X":0,"Y":4},"Vision":0,"Owner":-1}],"units":[{"InternalID":1,"UnitID":11,"Type":2,"Kind":1,"Location":{"Space":{"X":-2,"Y":4},"Zone":{"X":0,"Y":-1}},"CurrentStamina":23,"CurrentOrder":null,"Builds":[],"GarrisonedIn":null,"Stance":3,"InterruptCurrent":true,"AttackBack":true,"TargetPriority":"","ActiveOrders":null,"Health":7.4,"MaxHealth":11},{"InternalID":2,"UnitID":11,"Type":2,"Kind":1,"Location":{"Space":{"X":-2,"Y":4},"Zone":{"X":0,"Y":-1}},"CurrentStamina":23,"CurrentOrder":null,"Builds":[],"GarrisonedIn":null,"Stance":3,"InterruptCurrent":true,"AttackBack":true,"TargetPriority":"","ActiveOrders":null,"Health":11,"MaxHealth":11},{"InternalID":3,"UnitID":11,"Type":2,"Kind":1,"Location":{"Space":{"X":-2,"Y":4},"Zone":{"X":0,"Y":-1}},"CurrentStamina":23,"CurrentOrder":null,"Builds":[],"GarrisonedIn":null,"Stance":3,"InterruptCurrent":true,"AttackBack":true,"TargetPriority":"","ActiveOrders":null,"Health":11,"MaxHealth":11},{"InternalID":4,"UnitID":11,"Type":2,"Kind":1,"Location":{"Space":{"X":-2,"Y":4},"Zone":{"X":0,"Y":-1}},"CurrentStamina":23,"CurrentOrder":null,"Builds":[],"GarrisonedIn":null,"Stance":3,"InterruptCurrent":true,"AttackBack":true,"TargetPriority":"","ActiveOrders":null,"Health":11,"MaxHealth":11},{"InternalID":6,"UnitID":11,"Type":2,"Kind":1,"Location":{"Space":{"X":-2,"Y":4},"Zone":{"X":0,"Y":-1}},"CurrentStamina":23,"CurrentOrder":null,"Builds":[],"GarrisonedIn":null,"Stance":3,"InterruptCurrent":false,"AttackBack":true,"TargetPriority":"","ActiveOrders":null,"Health":11,"MaxHealth":11},{"InternalID":7,"UnitID":11,"Type":2,"Kind":1,"Location":{"Space":{"X":-2,"Y":4},"Zone":{"X":0,"Y":-1}},"CurrentStamina":23,"CurrentOrder":null,"Builds":[],"GarrisonedIn":null,"Stance":3,"InterruptCurrent":true,"AttackBack":true,"TargetPriority":"","ActiveOrders":null,"Health":11,"MaxHealth":11},{"InternalID":8,"UnitID":11,"Type":2,"Kind":1,"Location":{"Space":{"X":-2,"Y":4},"Zone":{"X":0,"Y":-1}},"CurrentStamina":23,"CurrentOrder":null,"Builds":[],"GarrisonedIn":null,"Stance":3,"InterruptCurrent":true,"AttackBack":true,"TargetPriority":"","ActiveOrders":null,"Health":11,"MaxHealth":11},{"InternalID":9,"UnitID":11,"Type":2,"Kind":1,"Location":{"Space":{"X":-2,"Y":4},"Zone":{"X":0,"Y":-1}},"CurrentStamina":23,"CurrentOrder":null,"Builds":[],"GarrisonedIn":null,"Stance":3,"InterruptCurrent":true,"AttackBack":true,"TargetPriority":"","ActiveOrders":null,"Health":11,"MaxHealth":11},{"InternalID":10,"UnitID":11,"Type":2,"Kind":1,"Location":{"Space":{"X":-2,"Y":4},"Zone":{"X":0,"Y":-1}},"CurrentStamina":23,"CurrentOrder":null,"Builds":[],"GarrisonedIn":null,"Stance":3,"InterruptCurrent":true,"AttackBack":true,"TargetPriority":"","ActiveOrders":null,"Health":11,"MaxHealth":11},{"InternalID":11,"UnitID":11,"Type":2,"Kind":1,"Location":{"Space":{"X":-2,"Y":4},"Zone":{"X":0,"Y":-1}},"CurrentStamina":23,"CurrentOrder":null,"Builds":[],"GarrisonedIn":null,"Stance":3,"InterruptCurrent":true,"AttackBack":true,"TargetPriority":"","ActiveOrders":null,"Health":11,"MaxHealth":11},{"InternalID":12,"UnitID":11,"Type":2,"Kind":1,"Location":{"Space":{"X":-2,"Y":4},"Zone":{"X":0,"Y":-1}},"CurrentStamina":23,"CurrentOrder":null,"Builds":[],"GarrisonedIn":null,"Stance":3,"InterruptCurrent":true,"AttackBack":true,"TargetPriority":"","ActiveOrders":null,"Health":11,"MaxHealth":11},{"InternalID":13,"UnitID":11,"Type":2,"Kind":1,"Location":{"Space":{"X":-2,"Y":4},"Zone":{"X":0,"Y":-1}},"CurrentStamina":23,"CurrentOrder":null,"Builds":[],"GarrisonedIn":null,"Stance":3,"InterruptCurrent":true,"AttackBack":true,"TargetPriority":"","ActiveOrders":null,"Health":11,"MaxHealth":11},{"InternalID":14,"UnitID":11,"Type":2,"Kind":1,"Location":{"Space":{"X":-2,"Y":4},"Zone":{"X":0,"Y":-1}},"CurrentStamina":23,"CurrentOrder":null,"Builds":[],"GarrisonedIn":null,"Stance":3,"InterruptCurrent":true,"AttackBack":true,"TargetPriority":"","ActiveOrders":null,"Health":11,"MaxHealth":11},{"InternalID":15,"UnitID":11,"Type":2,"Kind":1,"Location":{"Space":{"X":-2,"Y":4},"Zone":{"X":0,"Y":-1}},"CurrentStamina":23,"CurrentOrder":null,"Builds":[],"GarrisonedIn":null,"Stance":3,"InterruptCurrent":true,"AttackBack":true,"TargetPriority":"","ActiveOrders":null,"Health":11,"MaxHealth":11},{"InternalID":16,"UnitID":11,"Type":2,"Kind":1,"Location":{"Space":{"X":-2,"Y":4},"Zone":{"X":0,"Y":-1}},"CurrentStamina":23,"CurrentOrder":null,"Builds":[],"GarrisonedIn":null,"Stance":3,"InterruptCurrent":true,"AttackBack":true,"TargetPriority":"","ActiveOrders":null,"Health":11,"MaxHealth":11},{"InternalID":17,"UnitID":12,"Type":2,"Kind":1,"Location":{"Space":{"X":-4,"Y":4},"Zone":{"X":1,"Y":-1}},"CurrentStamina":18,"CurrentOrder":null,"Builds":[],"GarrisonedIn":null,"Stance":3,"InterruptCurrent":true,"AttackBack":true,"TargetPriority":"","ActiveOrders":null,"Health":16,"MaxHealth":16},{"InternalID":18,"UnitID":12,"Type":2,"Kind":1,"Location":{"Space":{"X":-4,"Y":4},"Zone":{"X":1,"Y":-1}},"CurrentStamina":18,"CurrentOrder":null,"Builds":[],"GarrisonedIn":null,"Stance":3,"InterruptCurrent":true,"AttackBack":true,"TargetPriority":"","ActiveOrders":null,"Health":16,"MaxHealth":16},{"InternalID":19,"UnitID":12,"Type":2,"Kind":1,"Location":{"Space":{"X":-4,"Y":4},"Zone":{"X":1,"Y":-1}},"CurrentStamina":18,"CurrentOrder":null,"Builds":[],"GarrisonedIn":null,"Stance":3,"InterruptCurrent":true,"AttackBack":true,"TargetPriority":"","ActiveOrders":null,"Health":16,"MaxHealth":16},{"InternalID":20,"UnitID":12,"Type":2,"Kind":1,"Location":{"Space":{"X":-4,"Y":4},"Zone":{"X":1,"Y":-1}},"CurrentStamina":18,"CurrentOrder":null,"Builds":[],"GarrisonedIn":null,"Stance":3,"InterruptCurrent":true,"AttackBack":true,"TargetPriority":"","ActiveOrders":null,"Health":16,"MaxHealth":16},{"InternalID":21,"UnitID":12,"Type":2,"Kind":1,"Location":{"Space":{"X":-4,"Y":4},"Zone":{"X":1,"Y":-1}},"CurrentStamina":18,"CurrentOrder":null,"Builds":[],"GarrisonedIn":null,"Stance":3,"InterruptCurrent":true,"AttackBack":true,"TargetPriority":"","ActiveOrders":null,"Health":16,"MaxHealth":16},{"InternalID":22,"UnitID":12,"Type":2,"Kind":1,"Location":{"Space":{"X":-4,"Y":4},"Zone":{"X":1,"Y":-1}},"CurrentStamina":18,"CurrentOrder":null,"Builds":[],"GarrisonedIn":null,"Stance":3,"InterruptCurrent":true,"AttackBack":true,"TargetPriority":"","ActiveOrders":null,"Health":16,"MaxHealth":16},{"InternalID":23,"UnitID":12,"Type":2,"Kind":1,"Location":{"Space":{"X":-4,"Y":4},"Zone":{"X":1,"Y":-1}},"CurrentStamina":18,"CurrentOrder":null,"Builds":[],"GarrisonedIn":null,"Stance":3,"InterruptCurrent":true,"AttackBack":true,"TargetPriority":"","ActiveOrders":null,"Health":16,"MaxHealth":16},{"InternalID":24,"UnitID":12,"Type":2,"Kind":1,"Location":{"Space":{"X":-4,"Y":4},"Zone":{"X":1,"Y":-1}},"CurrentStamina":18,"CurrentOrder":null,"Builds":[],"GarrisonedIn":null,"Stance":3,"InterruptCurrent":true,"AttackBack":true,"TargetPriority":"","ActiveOrders":null,"Health":16,"MaxHealth":16},{"InternalID":30,"UnitID":13,"Type":2,"Kind":1,"Location":{"Space":{"X":-3,"Y":2},"Zone":{"X":0,"Y":0}},"CurrentStamina":8,"CurrentOrder":{"Kind":6,"TargetZone":null,"TargetSpace":null,"TargetResource":null,"TargetUnit":{"InternalID":36,"UnitID":11,"Type":2,"Kind":1,"Location":{"Space":{"X":-3,"Y":2},"Zone":{"X":0,"Y":0}},"CurrentStamina":15,"CurrentOrder":null,"Builds":[],"GarrisonedIn":null,"Stance":0,"InterruptCurrent":false,"AttackBack":false,"TargetPriority":"","ActiveOrders":null,"Health":2.475,"MaxHealth":11},"TargetBuilding":null},"Builds":[],"GarrisonedIn":null,"Stance":3,"InterruptCurrent":false,"AttackBack":true,"TargetPriority":"","ActiveOrders":[{"ID":372,"Kind":6},{"ID":373,"Kind":6},{"ID":374,"Kind":6},{"ID":375,"Kind":6},{"ID":376,"Kind":6}],"Health":40.7141,"MaxHealth":50}]}
2026/09/30 21:20:38 ai ai-0: submitting orders [{Subjects:[1] OrderType:2 TargetID:3916 ClearPreviousOrders:true} {Subjects:[2] OrderType:2 TargetID:3916 ClearPreviousOrders:true} {Subjects:[3] OrderType:2 TargetID:3916 ClearPreviousOrders:true} {Subjects:[4] OrderType:2 TargetID:3916 ClearPreviousOrders:true} {Subjects:[7] OrderType:2 TargetID:3916 ClearPreviousOrders:true} {Subjects:[1] OrderType:2 TargetID:20916 ClearPreviousOrders:true} {Subjects:[2] OrderType:2 TargetID:20916 ClearPreviousOrders:true} {Subjects:[3] OrderType:2 TargetID:20916 ClearPreviousOrders:true} {Subjects:[4] OrderType:2 TargetID:20916 ClearPreviousOrders:true} {Subjects:[7] OrderType:2 TargetID:20916 ClearPreviousOrders:true} {Subjects:[1] OrderType:2 TargetID:11030 ClearPreviousOrders:true} {Subjects:[2] OrderType:2 TargetID:11030 ClearPreviousOrders:true} {Subjects:[3] OrderType:2 TargetID:11030 ClearPreviousOrders:true} {Subjects:[4] OrderType:2 TargetID:11030 ClearPreviousOrders:true} {Subjects:[7] OrderType:2 TargetID:11030 ClearPreviousOrders:true} {Subjects:[6] OrderType:2 TargetID:3916 ClearPreviousOrders:true} {Subjects:[8] OrderType:2 TargetID:3916 ClearPreviousOrders:true} {Subjects:[9] OrderType:2 TargetID:3916 ClearPreviousOrders:true} {Subjects:[10] OrderType:2 TargetID:3916 ClearPreviousOrders:true} {Subjects:[11] OrderType:2 TargetID:3916 ClearPreviousOrders:true} {Subjects:[12] OrderType:2 TargetID:3916 ClearPreviousOrders:true} {Subjects:[13] OrderType:2 TargetID:3916 ClearPreviousOrders:true} {Subjects:[14] OrderType:2 TargetID:3916 ClearPreviousOrders:true} {Subjects:[15] OrderType:2 TargetID:3916 ClearPreviousOrders:true} {Subjects:[16] OrderType:2 TargetID:3916 ClearPreviousOrders:true} {Subjects:[17] OrderType:2 TargetID:3916 ClearPreviousOrders:true} {Subjects:[18] OrderType:2 TargetID:3916 ClearPreviousOrders:true} {Subjects:[19] OrderType:2 TargetID:3916 ClearPreviousOrders:true} {Subjects:[20] OrderType:2 TargetID:3916 ClearPreviousOrders:true} {Subjects:[21] OrderType:2 TargetID:3916 ClearPreviousOrders:true} {Subjects:[22] OrderType:2 TargetID:3916 ClearPreviousOrders:true} {Subjects:[23] OrderType:2 TargetID:3916 ClearPreviousOrders:true} {Subjects:[24] OrderType:2 TargetID:3916 ClearPreviousOrders:true} {Subjects:[1] OrderType:9 TargetID:34 ClearPreviousOrders:true} {Subjects:[2] OrderType:9 TargetID:34 ClearPreviousOrders:true} {Subjects:[3] OrderType:9 TargetID:34 ClearPreviousOrders:true} {Subjects:[4] OrderType:9 TargetID:34 ClearPreviousOrders:true} {Subjects:[6] OrderType:9 TargetID:34 ClearPreviousOrders:true} {Subjects:[7] OrderType:9 TargetID:34 ClearPreviousOrders:true} {Subjects:[8] OrderType:9 TargetID:34 ClearPreviousOrders:true} {Subjects:[9] OrderType:9 TargetID:34 ClearPreviousOrders:true} {Subjects:[10] OrderType:9 TargetID:34 ClearPreviousOrders:true} {Subjects:[11] OrderType:9 TargetID:34 ClearPreviousOrders:true} {Subjects:[12] OrderType:9 TargetID:34 ClearPreviousOrders:true} {Subjects:[13] OrderType:9 TargetID:34 ClearPreviousOrders:true} {Subjects:[14] OrderType:9 TargetID:34 ClearPreviousOrders:true} {Subjects:[15] OrderType:9 TargetID:34 ClearPreviousOrders:true} {Subjects:[16] OrderType:9 TargetID:34 ClearPreviousOrders:true} {Subjects:[17] OrderType:9 TargetID:34 ClearPreviousOrders:true} {Subjects:[18] OrderType:9 TargetID:34 ClearPreviousOrders:true} {Subjects:[19] OrderType:9 TargetID:34 ClearPreviousOrders:true} {Subjects:[20] OrderType:9 TargetID:34 ClearPreviousOrders:true} {Subjects:[21] OrderType:9 TargetID:34 ClearPreviousOrders:true} {Subjects:[22] OrderType:9 TargetID:34 ClearPreviousOrders:true} {Subjects:[23] OrderType:9 TargetID:34 ClearPreviousOrders:true} {Subjects:[24] OrderType:9 TargetID:34 ClearPreviousOrders:true} {Subjects:[30] OrderType:2 TargetID:11632 ClearPreviousOrders:true} {Subjects:[30] OrderType:9 TargetID:34 ClearPreviousOrders:true} {Subjects:[30] OrderType:9 TargetID:35 ClearPreviousOrders:false} {Subjects:[30] OrderType:9 TargetID:36 ClearPreviousOrders:false} {Subjects:[30] OrderType:9 TargetID:37 ClearPreviousOrders:false} {Subjects:[30] OrderType:9 TargetID:38 ClearPreviousOrders:false} {Subjects:[30] OrderType:9 TargetID:39 ClearPreviousOrders:false}]
2026/09/30 21:20:38 ai ai-0: vars {"B":15,"Hv":1,"Pi":8,"aPowLocal":0,"aThreat":0,"a_engaged":0,"a_odds":1.3,"a_outnumbered":0,"army_target":50,"army_value":2110,"assault":0,"bank_rate":28,"bar_barracks":0.17072129748186085,"bar_redoubt":1.1111111111111112,"barracks":0,"barracks_B":0,"barracks_P":0,"barracks_save":0,"barracks_spend":78.1,"barracks_want":0,"buffer_food":70,"buffer_gold":0,"buffer_stone":0,"buffer_wood":70,"builders":0,"committed":0,"eB":13.7,"eGrowth":0,"eH":6,"eMil":27.7,"eP":8,"ePow":53.7,"ePowEst":53,"ePowSeen":53,"eTech":1,"eV":0,"es":28.7,"farm_want":0,"farm_wood_short":0,"farming":0,"fire_barracks":0,"fire_farm0":0,"fire_farm1":0,"fire_farm2":0,"fire_house":0,"fire_outpost":0,"fire_redoubt":0,"fire_smith":0,"fire_vc":0,"food_need":0,"food_over":0,"food_rate":0,"food_slots":1000,"food_workers":0,"free_room":26,"go":0,"gold_income":4,"gold_need":0,"gold_rate":0,"gold_surplus":98,"guaranteed":0,"guard_home":0,"headroom":-24,"hire_B":5276.923076923077,"hire_P":8292.307692307693,"homePow":0,"house_builders":0,"house_urgency":0,"house_want":0,"income_proj":0,"left":0,"lf_food":0,"lf_gold":0,"lf_stone":0,"lf_wood":0,"lump_food":0,"lump_gold":0,"lump_stone":0,"lump_wood":0,"maturity":0,"mil":24,"myTech":1,"n_barracks":0,"n_redoubts":0,"needB":19.160616842407883,"needP":6.839383157592118,"outpost_want":0,"pikes":0,"planned_food":0,"planned_gold":0,"planned_stone":0,"planned_wood":0,"prod_rate":0,"proj_army":2110,"raid_danger":0,"raid_fails":0,"raid_lost":0,"raid_pause":0,"raid_prev":5,"raid_size":4.5,"raid_wiped":0,"rate":6,"redoubt_H":0,"redoubt_gold_ok":0.7022222222222222,"redoubt_save":0,"redoubt_spend":30,"redoubt_want":0,"redoubts":0,"rf_food":0,"rf_gold":0,"rf_stone":0,"rf_wood":0,"sB4":1.275474470856959,"sP4":0.45528067732194905,"scale_l":0,"scale_r":0,"shareH":0.505752714308864,"smith_want":0,"smiths":0,"spare":0,"spare_food":0.5,"stone_need":0,"stone_rate":0,"tH":27,"target_spend":400,"tech_food":50,"tech_gold":0,"tech_stone":0,"tech_wood":50,"threat_home":0,"turns_left":-240,"u_barracks":0.17719492956916527,"u_redoubt":0.47203586668827313,"unit_spend":120,"vB":1.0627177700348431,"vH":1.0874564459930314,"vP":0.8214285714285714,"vc_want":0,"vcs":0,"vil_goal":50,"vil_rate":0,"vil_stamina":8,"vil_want":0,"vil_want_last":0,"vil_worth_now":0.6,"vils":0,"w_food":0,"w_gold":0,"w_stone":0,"w_wood":0,"wild_workers":0,"wood_need":0,"wood_rate":0,"workers":0}
2026/09/30 21:20:38 player action: set-unit-behavior 0 1 map[internal_ids:[30] interrupt_current:true]
2026/09/30 21:20:38 player action: submit-orders 0 1 map[orders:[{0 [1] 2 3916 true} {0 [2] 2 3916 true} {0 [3] 2 3916 true} {0 [4] 2 3916 true} {0 [7] 2 3916 true} {0 [1] 2 20916 true} {0 [2] 2 20916 true} {0 [3] 2 20916 true} {0 [4] 2 20916 true} {0 [7] 2 20916 true} {0 [1] 2 11030 true} {0 [2] 2 11030 true} {0 [3] 2 11030 true} {0 [4] 2 11030 true} {0 [7] 2 11030 true} {0 [6] 2 3916 true} {0 [8] 2 3916 true} {0 [9] 2 3916 true} {0 [10] 2 3916 true} {0 [11] 2 3916 true} {0 [12] 2 3916 true} {0 [13] 2 3916 true} {0 [14] 2 3916 true} {0 [15] 2 3916 true} {0 [16] 2 3916 true} {0 [17] 2 3916 true} {0 [18] 2 3916 true} {0 [19] 2 3916 true} {0 [20] 2 3916 true} {0 [21] 2 3916 true} {0 [22] 2 3916 true} {0 [23] 2 3916 true} {0 [24] 2 3916 true} {0 [1] 9 34 true} {0 [2] 9 34 true} {0 [3] 9 34 true} {0 [4] 9 34 true} {0 [6] 9 34 true} {0 [7] 9 34 true} {0 [8] 9 34 true} {0 [9] 9 34 true} {0 [10] 9 34 true} {0 [11] 9 34 true} {0 [12] 9 34 true} {0 [13] 9 34 true} {0 [14] 9 34 true} {0 [15] 9 34 true} {0 [16] 9 34 true} {0 [17] 9 34 true} {0 [18] 9 34 true} {0 [19] 9 34 true} {0 [20] 9 34 true} {0 [21] 9 34 true} {0 [22] 9 34 true} {0 [23] 9 34 true} {0 [24] 9 34 true} {0 [30] 2 11632 true} {0 [30] 9 34 true} {0 [30] 9 35 false} {0 [30] 9 36 false} {0 [30] 9 37 false} {0 [30] 9 38 false} {0 [30] 9 39 false}]]
2026/09/30 21:20:38 Executing submit orders for: 0 [{0 [1] 2 3916 true} {0 [2] 2 3916 true} {0 [3] 2 3916 true} {0 [4] 2 3916 true} {0 [7] 2 3916 true} {0 [1] 2 20916 true} {0 [2] 2 20916 true} {0 [3] 2 20916 true} {0 [4] 2 20916 true} {0 [7] 2 20916 true} {0 [1] 2 11030 true} {0 [2] 2 11030 true} {0 [3] 2 11030 true} {0 [4] 2 11030 true} {0 [7] 2 11030 true} {0 [6] 2 3916 true} {0 [8] 2 3916 true} {0 [9] 2 3916 true} {0 [10] 2 3916 true} {0 [11] 2 3916 true} {0 [12] 2 3916 true} {0 [13] 2 3916 true} {0 [14] 2 3916 true} {0 [15] 2 3916 true} {0 [16] 2 3916 true} {0 [17] 2 3916 true} {0 [18] 2 3916 true} {0 [19] 2 3916 true} {0 [20] 2 3916 true} {0 [21] 2 3916 true} {0 [22] 2 3916 true} {0 [23] 2 3916 true} {0 [24] 2 3916 true} {0 [1] 9 34 true} {0 [2] 9 34 true} {0 [3] 9 34 true} {0 [4] 9 34 true} {0 [6] 9 34 true} {0 [7] 9 34 true} {0 [8] 9 34 true} {0 [9] 9 34 true} {0 [10] 9 34 true} {0 [11] 9 34 true} {0 [12] 9 34 true} {0 [13] 9 34 true} {0 [14] 9 34 true} {0 [15] 9 34 true} {0 [16] 9 34 true} {0 [17] 9 34 true} {0 [18] 9 34 true} {0 [19] 9 34 true} {0 [20] 9 34 true} {0 [21] 9 34 true} {0 [22] 9 34 true} {0 [23] 9 34 true} {0 [24] 9 34 true} {0 [30] 2 11632 true} {0 [30] 9 34 true} {0 [30] 9 35 false} {0 [30] 9 36 false} {0 [30] 9 37 false} {0 [30] 9 38 false} {0 [30] 9 39 false}]
2026/09/30 21:20:38 Resolving active orders
2026/09/30 21:20:38 Moving unit 7 Blunt Infantry to zone(0, 1) in space (-2, 3) tick=1
2026/09/30 21:20:38 Moving unit 10 Blunt Infantry to zone(0, 1) in space (-2, 3) tick=1
2026/09/30 21:20:38 Moving unit 12 Blunt Infantry to zone(0, 1) in space (-2, 3) tick=1
2026/09/30 21:20:38 Moving unit 19 Piercing Infantry to zone(-1, 1) in space (-3, 3) tick=1
2026/09/30 21:20:38 Moving unit 20 Piercing Infantry to zone(-1, 1) in space (-3, 3) tick=1
2026/09/30 21:20:38 Moving unit 23 Piercing Infantry to zone(-1, 1) in space (-3, 3) tick=1
2026/09/30 21:20:38 combat turn=12 tick=1: 30 u13 (player 0, stamina 3) hits 34 u11 (player 1) for 5.12
2026/09/30 21:20:38 Moving unit 4 Blunt Infantry to zone(0, 1) in space (-2, 3) tick=1
2026/09/30 21:20:38 Moving unit 16 Blunt Infantry to zone(0, 1) in space (-2, 3) tick=1
2026/09/30 21:20:38 Moving unit 18 Piercing Infantry to zone(-1, 1) in space (-3, 3) tick=1
2026/09/30 21:20:38 Moving unit 24 Piercing Infantry to zone(-1, 1) in space (-3, 3) tick=1
2026/09/30 21:20:38 Moving unit 14 Blunt Infantry to zone(0, 1) in space (-2, 3) tick=1
2026/09/30 21:20:38 Moving unit 1 Blunt Infantry to zone(0, 1) in space (-2, 3) tick=1
2026/09/30 21:20:38 Moving unit 3 Blunt Infantry to zone(0, 1) in space (-2, 3) tick=1
2026/09/30 21:20:38 Moving unit 8 Blunt Infantry to zone(0, 1) in space (-2, 3) tick=1
2026/09/30 21:20:38 Moving unit 11 Blunt Infantry to zone(0, 1) in space (-2, 3) tick=1
2026/09/30 21:20:38 Moving unit 17 Piercing Infantry to zone(-1, 1) in space (-3, 3) tick=1
2026/09/30 21:20:38 Moving unit 21 Piercing Infantry to zone(-1, 1) in space (-3, 3) tick=1
2026/09/30 21:20:38 Moving unit 2 Blunt Infantry to zone(0, 1) in space (-2, 3) tick=1
2026/09/30 21:20:38 Moving unit 13 Blunt Infantry to zone(0, 1) in space (-2, 3) tick=1
2026/09/30 21:20:38 Moving unit 22 Piercing Infantry to zone(-1, 1) in space (-3, 3) tick=1
2026/09/30 21:20:38 Moving unit 6 Blunt Infantry to zone(0, 1) in space (-2, 3) tick=1
2026/09/30 21:20:38 Moving unit 9 Blunt Infantry to zone(0, 1) in space (-2, 3) tick=1
2026/09/30 21:20:38 Moving unit 15 Blunt Infantry to zone(0, 1) in space (-2, 3) tick=1
2026/09/30 21:20:38 combat turn=12 tick=1: 35 u11 (player 1, stamina 3) hits 30 u13 (player 0) for 0.71
2026/09/30 21:20:38 combat turn=12 tick=1: 42 u11 (player 1, stamina 3) hits 30 u13 (player 0) for 0.71
2026/09/30 21:20:38 combat turn=12 tick=1: 49 u12 (player 1, stamina 3) hits 30 u13 (player 0) for 2.10
2026/09/30 21:20:38 Moving unit 32 Blunt Infantry to zone(1, -1) in space (0, -2) tick=1
2026/09/30 21:20:38 combat turn=12 tick=1: 36 u11 (player 1, stamina 3) hits 30 u13 (player 0) for 0.71
2026/09/30 21:20:38 combat turn=12 tick=1: 39 u11 (player 1, stamina 3) hits 30 u13 (player 0) for 0.71
2026/09/30 21:20:38 combat turn=12 tick=1: 48 u12 (player 1, stamina 3) hits 30 u13 (player 0) for 2.10
2026/09/30 21:20:38 combat turn=12 tick=1: 51 u12 (player 1, stamina 3) hits 30 u13 (player 0) for 2.10
2026/09/30 21:20:38 combat turn=12 tick=1: 34 u11 (player 1, stamina 3) hits 30 u13 (player 0) for 0.71
2026/09/30 21:20:38 combat turn=12 tick=1: 47 u12 (player 1, stamina 3) hits 30 u13 (player 0) for 2.10
2026/09/30 21:20:38 combat turn=12 tick=1: 52 u12 (player 1, stamina 3) hits 30 u13 (player 0) for 2.10
2026/09/30 21:20:38 combat turn=12 tick=1: 54 u12 (player 1, stamina 3) hits 30 u13 (player 0) for 2.10
2026/09/30 21:20:38 combat turn=12 tick=1: 55 u13 (player 1, stamina 3) hits 30 u13 (player 0) for 3.41
2026/09/30 21:20:38 combat turn=12 tick=1: 56 u13 (player 1, stamina 3) hits 30 u13 (player 0) for 3.41
2026/09/30 21:20:38 combat turn=12 tick=1: 37 u11 (player 1, stamina 3) hits 30 u13 (player 0) for 0.71
2026/09/30 21:20:38 combat turn=12 tick=1: 41 u11 (player 1, stamina 3) hits 30 u13 (player 0) for 0.71
2026/09/30 21:20:38 combat turn=12 tick=1: 44 u11 (player 1, stamina 3) hits 30 u13 (player 0) for 0.71
2026/09/30 21:20:38 combat turn=12 tick=1: 57 u13 (player 1, stamina 3) hits 30 u13 (player 0) for 3.41
2026/09/30 21:20:38 combat turn=12 tick=1: 59 u13 (player 1, stamina 3) hits 30 u13 (player 0) for 3.41
2026/09/30 21:20:38 combat turn=12 tick=1: 40 u11 (player 1, stamina 3) hits 30 u13 (player 0) for 0.71
2026/09/30 21:20:38 combat turn=12 tick=1: 46 u11 (player 1, stamina 3) hits 30 u13 (player 0) for 0.71
2026/09/30 21:20:38 combat turn=12 tick=1: 50 u12 (player 1, stamina 3) hits 30 u13 (player 0) for 2.10
2026/09/30 21:20:38 combat turn=12 tick=1: 60 u13 (player 1, stamina 3) hits 30 u13 (player 0) for 3.41
2026/09/30 21:20:38 combat turn=12 tick=1: 38 u11 (player 1, stamina 3) hits 30 u13 (player 0) for 0.71
2026/09/30 21:20:38 combat turn=12 tick=1: 43 u11 (player 1, stamina 3) hits 30 u13 (player 0) for 0.71
2026/09/30 21:20:38 combat turn=12 tick=1: 45 u11 (player 1, stamina 3) hits 30 u13 (player 0) for 0.71
2026/09/30 21:20:38 combat turn=12 tick=1: 58 u13 (player 1, stamina 3) hits 30 u13 (player 0) for 3.41
2026/09/30 21:20:38 combat turn=12 tick=1: 53 u12 (player 1, stamina 3) hits 30 u13 (player 0) for 2.10
2026/09/30 21:20:38 state_hash turn=12 tick=1 hash=9bd16fe7cce618ba
2026/09/30 21:20:38 Moving unit 21 Piercing Infantry to zone(0, 0) in space (-3, 3) tick=2
2026/09/30 21:20:38 Moving unit 2 Blunt Infantry to zone(0, 0) in space (-2, 3) tick=2
2026/09/30 21:20:38 Moving unit 13 Blunt Infantry to zone(0, 0) in space (-2, 3) tick=2
2026/09/30 21:20:38 Moving unit 22 Piercing Infantry to zone(0, 0) in space (-3, 3) tick=2
2026/09/30 21:20:38 Moving unit 6 Blunt Infantry to zone(0, 0) in space (-2, 3) tick=2
2026/09/30 21:20:38 Moving unit 9 Blunt Infantry to zone(0, 0) in space (-2, 3) tick=2
2026/09/30 21:20:38 Moving unit 15 Blunt Infantry to zone(0, 0) in space (-2, 3) tick=2
2026/09/30 21:20:38 Moving unit 7 Blunt Infantry to zone(0, 0) in space (-2, 3) tick=2
2026/09/30 21:20:38 Moving unit 10 Blunt Infantry to zone(0, 0) in space (-2, 3) tick=2
2026/09/30 21:20:38 Moving unit 12 Blunt Infantry to zone(0, 0) in space (-2, 3) tick=2
2026/09/30 21:20:38 Moving unit 19 Piercing Infantry to zone(0, 0) in space (-3, 3) tick=2
2026/09/30 21:20:38 Moving unit 20 Piercing Infantry to zone(0, 0) in space (-3, 3) tick=2
2026/09/30 21:20:38 Moving unit 23 Piercing Infantry to zone(0, 0) in space (-3, 3) tick=2
2026/09/30 21:20:38 Moving unit 4 Blunt Infantry to zone(0, 0) in space (-2, 3) tick=2
2026/09/30 21:20:38 Moving unit 16 Blunt Infantry to zone(0, 0) in space (-2, 3) tick=2
2026/09/30 21:20:38 Moving unit 18 Piercing Infantry to zone(0, 0) in space (-3, 3) tick=2
2026/09/30 21:20:38 Moving unit 24 Piercing Infantry to zone(0, 0) in space (-3, 3) tick=2
2026/09/30 21:20:38 Moving unit 14 Blunt Infantry to zone(0, 0) in space (-2, 3) tick=2
2026/09/30 21:20:38 Moving unit 1 Blunt Infantry to zone(0, 0) in space (-2, 3) tick=2
2026/09/30 21:20:38 Moving unit 3 Blunt Infantry to zone(0, 0) in space (-2, 3) tick=2
2026/09/30 21:20:38 Moving unit 8 Blunt Infantry to zone(0, 0) in space (-2, 3) tick=2
2026/09/30 21:20:38 Moving unit 11 Blunt Infantry to zone(0, 0) in space (-2, 3) tick=2
2026/09/30 21:20:38 Moving unit 17 Piercing Infantry to zone(0, 0) in space (-3, 3) tick=2
2026/09/30 21:20:38 Moving unit 32 Blunt Infantry to zone(-1, 1) in space (1, -3) tick=2
2026/09/30 21:20:38 state_hash turn=12 tick=2 hash=3affb6bd0830f583
2026/09/30 21:20:38 Moving unit 6 Blunt Infantry to zone(-1, 0) in space (-2, 3) tick=3
2026/09/30 21:20:38 Moving unit 9 Blunt Infantry to zone(-1, 0) in space (-2, 3) tick=3
2026/09/30 21:20:38 Moving unit 15 Blunt Infantry to zone(-1, 0) in space (-2, 3) tick=3
2026/09/30 21:20:38 Moving unit 7 Blunt Infantry to zone(-1, 0) in space (-2, 3) tick=3
2026/09/30 21:20:38 Moving unit 10 Blunt Infantry to zone(-1, 0) in space (-2, 3) tick=3
2026/09/30 21:20:38 Moving unit 12 Blunt Infantry to zone(-1, 0) in space (-2, 3) tick=3
2026/09/30 21:20:38 Moving unit 19 Piercing Infantry to zone(0, -1) in space (-3, 3) tick=3
2026/09/30 21:20:38 Moving unit 20 Piercing Infantry to zone(0, -1) in space (-3, 3) tick=3
2026/09/30 21:20:38 Moving unit 23 Piercing Infantry to zone(0, -1) in space (-3, 3) tick=3
2026/09/30 21:20:38 Moving unit 4 Blunt Infantry to zone(-1, 0) in space (-2, 3) tick=3
2026/09/30 21:20:38 Moving unit 16 Blunt Infantry to zone(-1, 0) in space (-2, 3) tick=3
2026/09/30 21:20:38 Moving unit 18 Piercing Infantry to zone(0, -1) in space (-3, 3) tick=3
2026/09/30 21:20:38 Moving unit 24 Piercing Infantry to zone(0, -1) in space (-3, 3) tick=3
2026/09/30 21:20:38 Moving unit 14 Blunt Infantry to zone(-1, 0) in space (-2, 3) tick=3
2026/09/30 21:20:38 Moving unit 1 Blunt Infantry to zone(-1, 0) in space (-2, 3) tick=3
2026/09/30 21:20:38 Moving unit 3 Blunt Infantry to zone(-1, 0) in space (-2, 3) tick=3
2026/09/30 21:20:38 Moving unit 8 Blunt Infantry to zone(-1, 0) in space (-2, 3) tick=3
2026/09/30 21:20:38 Moving unit 11 Blunt Infantry to zone(-1, 0) in space (-2, 3) tick=3
2026/09/30 21:20:38 Moving unit 17 Piercing Infantry to zone(0, -1) in space (-3, 3) tick=3
2026/09/30 21:20:38 Moving unit 21 Piercing Infantry to zone(0, -1) in space (-3, 3) tick=3
2026/09/30 21:20:38 Moving unit 2 Blunt Infantry to zone(-1, 0) in space (-2, 3) tick=3
2026/09/30 21:20:38 Moving unit 13 Blunt Infantry to zone(-1, 0) in space (-2, 3) tick=3
2026/09/30 21:20:38 Moving unit 22 Piercing Infantry to zone(0, -1) in space (-3, 3) tick=3
2026/09/30 21:20:38 Moving unit 32 Blunt Infantry to zone(0, 0) in space (1, -3) tick=3
2026/09/30 21:20:38 state_hash turn=12 tick=3 hash=0fc9a51703d812e2
2026/09/30 21:20:38 Moving unit 24 Piercing Infantry to zone(0, 1) in space (-3, 2) tick=4
2026/09/30 21:20:38 Moving unit 14 Blunt Infantry to zone(1, 0) in space (-3, 3) tick=4
2026/09/30 21:20:38 Moving unit 1 Blunt Infantry to zone(1, 0) in space (-3, 3) tick=4
2026/09/30 21:20:38 Moving unit 3 Blunt Infantry to zone(1, 0) in space (-3, 3) tick=4
2026/09/30 21:20:38 Moving unit 8 Blunt Infantry to zone(1, 0) in space (-3, 3) tick=4
2026/09/30 21:20:38 Moving unit 11 Blunt Infantry to zone(1, 0) in space (-3, 3) tick=4
2026/09/30 21:20:38 Moving unit 17 Piercing Infantry to zone(0, 1) in space (-3, 2) tick=4
2026/09/30 21:20:38 Moving unit 21 Piercing Infantry to zone(0, 1) in space (-3, 2) tick=4
2026/09/30 21:20:38 Moving unit 2 Blunt Infantry to zone(1, 0) in space (-3, 3) tick=4
2026/09/30 21:20:38 Moving unit 13 Blunt Infantry to zone(1, 0) in space (-3, 3) tick=4
2026/09/30 21:20:38 Moving unit 22 Piercing Infantry to zone(0, 1) in space (-3, 2) tick=4
2026/09/30 21:20:38 Moving unit 6 Blunt Infantry to zone(1, 0) in space (-3, 3) tick=4
2026/09/30 21:20:38 Moving unit 9 Blunt Infantry to zone(1, 0) in space (-3, 3) tick=4
2026/09/30 21:20:38 Moving unit 15 Blunt Infantry to zone(1, 0) in space (-3, 3) tick=4
2026/09/30 21:20:38 Moving unit 7 Blunt Infantry to zone(1, 0) in space (-3, 3) tick=4
2026/09/30 21:20:38 Moving unit 10 Blunt Infantry to zone(1, 0) in space (-3, 3) tick=4
2026/09/30 21:20:38 Moving unit 12 Blunt Infantry to zone(1, 0) in space (-3, 3) tick=4
2026/09/30 21:20:38 Moving unit 19 Piercing Infantry to zone(0, 1) in space (-3, 2) tick=4
2026/09/30 21:20:38 Moving unit 20 Piercing Infantry to zone(0, 1) in space (-3, 2) tick=4
2026/09/30 21:20:38 Moving unit 23 Piercing Infantry to zone(0, 1) in space (-3, 2) tick=4
2026/09/30 21:20:38 Moving unit 4 Blunt Infantry to zone(1, 0) in space (-3, 3) tick=4
2026/09/30 21:20:38 Moving unit 16 Blunt Infantry to zone(1, 0) in space (-3, 3) tick=4
2026/09/30 21:20:38 Moving unit 18 Piercing Infantry to zone(0, 1) in space (-3, 2) tick=4
2026/09/30 21:20:38 Moving unit 32 Blunt Infantry to zone(0, -1) in space (1, -3) tick=4
2026/09/30 21:20:38 state_hash turn=12 tick=4 hash=1ca1f81938890872
2026/09/30 21:20:38 Moving unit 24 Piercing Infantry to zone(0, 0) in space (-3, 2) tick=5
2026/09/30 21:20:38 Moving unit 14 Blunt Infantry to zone(0, 0) in space (-3, 3) tick=5
2026/09/30 21:20:38 Moving unit 1 Blunt Infantry to zone(0, 0) in space (-3, 3) tick=5
2026/09/30 21:20:38 Moving unit 3 Blunt Infantry to zone(0, 0) in space (-3, 3) tick=5
2026/09/30 21:20:38 Moving unit 8 Blunt Infantry to zone(0, 0) in space (-3, 3) tick=5
2026/09/30 21:20:38 Moving unit 11 Blunt Infantry to zone(0, 0) in space (-3, 3) tick=5
2026/09/30 21:20:38 Moving unit 17 Piercing Infantry to zone(0, 0) in space (-3, 2) tick=5
2026/09/30 21:20:38 Moving unit 21 Piercing Infantry to zone(0, 0) in space (-3, 2) tick=5
2026/09/30 21:20:38 Moving unit 2 Blunt Infantry to zone(0, 0) in space (-3, 3) tick=5
2026/09/30 21:20:38 Moving unit 13 Blunt Infantry to zone(0, 0) in space (-3, 3) tick=5
2026/09/30 21:20:38 Moving unit 22 Piercing Infantry to zone(0, 0) in space (-3, 2) tick=5
2026/09/30 21:20:38 Moving unit 6 Blunt Infantry to zone(0, 0) in space (-3, 3) tick=5
2026/09/30 21:20:38 Moving unit 9 Blunt Infantry to zone(0, 0) in space (-3, 3) tick=5
2026/09/30 21:20:38 Moving unit 15 Blunt Infantry to zone(0, 0) in space (-3, 3) tick=5
2026/09/30 21:20:38 Moving unit 7 Blunt Infantry to zone(0, 0) in space (-3, 3) tick=5
2026/09/30 21:20:38 Moving unit 10 Blunt Infantry to zone(0, 0) in space (-3, 3) tick=5
2026/09/30 21:20:38 Moving unit 12 Blunt Infantry to zone(0, 0) in space (-3, 3) tick=5
2026/09/30 21:20:38 Moving unit 19 Piercing Infantry to zone(0, 0) in space (-3, 2) tick=5
2026/09/30 21:20:38 Moving unit 20 Piercing Infantry to zone(0, 0) in space (-3, 2) tick=5
2026/09/30 21:20:38 Moving unit 23 Piercing Infantry to zone(0, 0) in space (-3, 2) tick=5
2026/09/30 21:20:38 Moving unit 4 Blunt Infantry to zone(0, 0) in space (-3, 3) tick=5
2026/09/30 21:20:38 Moving unit 16 Blunt Infantry to zone(0, 0) in space (-3, 3) tick=5
2026/09/30 21:20:38 Moving unit 18 Piercing Infantry to zone(0, 0) in space (-3, 2) tick=5
2026/09/30 21:20:38 Moving unit 45 Blunt Infantry to zone(0, 1) in space (-3, 2) tick=5
2026/09/30 21:20:38 Moving unit 58 Heavy Infantry to zone(0, 1) in space (-3, 2) tick=5
2026/09/30 21:20:38 Moving unit 53 Piercing Infantry to zone(0, 1) in space (-3, 2) tick=5
2026/09/30 21:20:38 Moving unit 35 Blunt Infantry to zone(0, 1) in space (-3, 2) tick=5
2026/09/30 21:20:38 Moving unit 42 Blunt Infantry to zone(0, 1) in space (-3, 2) tick=5
2026/09/30 21:20:38 Moving unit 49 Piercing Infantry to zone(0, 1) in space (-3, 2) tick=5
2026/09/30 21:20:38 Moving unit 32 Blunt Infantry to zone(0, 1) in space (1, -4) tick=5
2026/09/30 21:20:38 Moving unit 36 Blunt Infantry to zone(0, 1) in space (-3, 2) tick=5
2026/09/30 21:20:38 Moving unit 39 Blunt Infantry to zone(0, 1) in space (-3, 2) tick=5
2026/09/30 21:20:38 Moving unit 48 Piercing Infantry to zone(0, 1) in space (-3, 2) tick=5
2026/09/30 21:20:38 Moving unit 51 Piercing Infantry to zone(0, 1) in space (-3, 2) tick=5
2026/09/30 21:20:38 Moving unit 34 Blunt Infantry to zone(0, 1) in space (-3, 2) tick=5
2026/09/30 21:20:38 Moving unit 47 Piercing Infantry to zone(0, 1) in space (-3, 2) tick=5
2026/09/30 21:20:38 Moving unit 52 Piercing Infantry to zone(0, 1) in space (-3, 2) tick=5
2026/09/30 21:20:38 Moving unit 54 Piercing Infantry to zone(0, 1) in space (-3, 2) tick=5
2026/09/30 21:20:38 Moving unit 55 Heavy Infantry to zone(0, 1) in space (-3, 2) tick=5
2026/09/30 21:20:38 Moving unit 56 Heavy Infantry to zone(0, 1) in space (-3, 2) tick=5
2026/09/30 21:20:38 Moving unit 37 Blunt Infantry to zone(0, 1) in space (-3, 2) tick=5
2026/09/30 21:20:38 Moving unit 41 Blunt Infantry to zone(0, 1) in space (-3, 2) tick=5
2026/09/30 21:20:38 Moving unit 44 Blunt Infantry to zone(0, 1) in space (-3, 2) tick=5
2026/09/30 21:20:38 Moving unit 57 Heavy Infantry to zone(0, 1) in space (-3, 2) tick=5
2026/09/30 21:20:38 Moving unit 59 Heavy Infantry to zone(0, 1) in space (-3, 2) tick=5
2026/09/30 21:20:38 Moving unit 40 Blunt Infantry to zone(0, 1) in space (-3, 2) tick=5
2026/09/30 21:20:38 Moving unit 46 Blunt Infantry to zone(0, 1) in space (-3, 2) tick=5
2026/09/30 21:20:38 Moving unit 50 Piercing Infantry to zone(0, 1) in space (-3, 2) tick=5
2026/09/30 21:20:38 Moving unit 60 Heavy Infantry to zone(0, 1) in space (-3, 2) tick=5
2026/09/30 21:20:38 Moving unit 38 Blunt Infantry to zone(0, 1) in space (-3, 2) tick=5
2026/09/30 21:20:38 Moving unit 43 Blunt Infantry to zone(0, 1) in space (-3, 2) tick=5
2026/09/30 21:20:38 state_hash turn=12 tick=5 hash=a06b4c6c866d6fc5
2026/09/30 21:20:38 Moving unit 6 Blunt Infantry to zone(0, -1) in space (-3, 3) tick=6
2026/09/30 21:20:38 Moving unit 9 Blunt Infantry to zone(0, -1) in space (-3, 3) tick=6
2026/09/30 21:20:38 Moving unit 15 Blunt Infantry to zone(0, -1) in space (-3, 3) tick=6
2026/09/30 21:20:38 Moving unit 7 Blunt Infantry to zone(0, -1) in space (-3, 3) tick=6
2026/09/30 21:20:38 Moving unit 10 Blunt Infantry to zone(0, -1) in space (-3, 3) tick=6
2026/09/30 21:20:38 Moving unit 12 Blunt Infantry to zone(0, -1) in space (-3, 3) tick=6
2026/09/30 21:20:38 Moving unit 19 Piercing Infantry to zone(0, 1) in space (-3, 2) tick=6
2026/09/30 21:20:38 Moving unit 20 Piercing Infantry to zone(0, 1) in space (-3, 2) tick=6
2026/09/30 21:20:38 Moving unit 23 Piercing Infantry to zone(0, 1) in space (-3, 2) tick=6
2026/09/30 21:20:38 Moving unit 4 Blunt Infantry to zone(0, -1) in space (-3, 3) tick=6
2026/09/30 21:20:38 Moving unit 16 Blunt Infantry to zone(0, -1) in space (-3, 3) tick=6
2026/09/30 21:20:38 Moving unit 18 Piercing Infantry to zone(0, 1) in space (-3, 2) tick=6
2026/09/30 21:20:38 Moving unit 24 Piercing Infantry to zone(0, 1) in space (-3, 2) tick=6
2026/09/30 21:20:38 Moving unit 14 Blunt Infantry to zone(0, -1) in space (-3, 3) tick=6
2026/09/30 21:20:38 Moving unit 1 Blunt Infantry to zone(0, -1) in space (-3, 3) tick=6
2026/09/30 21:20:38 Moving unit 3 Blunt Infantry to zone(0, -1) in space (-3, 3) tick=6
2026/09/30 21:20:38 Moving unit 8 Blunt Infantry to zone(0, -1) in space (-3, 3) tick=6
2026/09/30 21:20:38 Moving unit 11 Blunt Infantry to zone(0, -1) in space (-3, 3) tick=6
2026/09/30 21:20:38 Moving unit 17 Piercing Infantry to zone(0, 1) in space (-3, 2) tick=6
2026/09/30 21:20:38 Moving unit 21 Piercing Infantry to zone(0, 1) in space (-3, 2) tick=6
2026/09/30 21:20:38 Moving unit 2 Blunt Infantry to zone(0, -1) in space (-3, 3) tick=6
2026/09/30 21:20:38 Moving unit 13 Blunt Infantry to zone(0, -1) in space (-3, 3) tick=6
2026/09/30 21:20:38 Moving unit 22 Piercing Infantry to zone(0, 1) in space (-3, 2) tick=6
2026/09/30 21:20:38 Moving unit 50 Piercing Infantry to zone(0, 0) in space (-3, 2) tick=6
2026/09/30 21:20:38 Moving unit 60 Heavy Infantry to zone(0, 0) in space (-3, 2) tick=6
2026/09/30 21:20:38 Moving unit 38 Blunt Infantry to zone(0, 0) in space (-3, 2) tick=6
2026/09/30 21:20:38 Moving unit 43 Blunt Infantry to zone(0, 0) in space (-3, 2) tick=6
2026/09/30 21:20:38 Moving unit 45 Blunt Infantry to zone(0, 0) in space (-3, 2) tick=6
2026/09/30 21:20:38 Moving unit 58 Heavy Infantry to zone(0, 0) in space (-3, 2) tick=6
2026/09/30 21:20:38 Moving unit 53 Piercing Infantry to zone(0, 0) in space (-3, 2) tick=6
2026/09/30 21:20:38 Moving unit 35 Blunt Infantry to zone(0, 0) in space (-3, 2) tick=6
2026/09/30 21:20:38 Moving unit 42 Blunt Infantry to zone(0, 0) in space (-3, 2) tick=6
2026/09/30 21:20:38 Moving unit 49 Piercing Infantry to zone(0, 0) in space (-3, 2) tick=6
2026/09/30 21:20:38 Moving unit 32 Blunt Infantry to zone(0, 0) in space (1, -4) tick=6
2026/09/30 21:20:38 Moving unit 36 Blunt Infantry to zone(0, 0) in space (-3, 2) tick=6
2026/09/30 21:20:38 Moving unit 39 Blunt Infantry to zone(0, 0) in space (-3, 2) tick=6
2026/09/30 21:20:38 Moving unit 48 Piercing Infantry to zone(0, 0) in space (-3, 2) tick=6
2026/09/30 21:20:38 Moving unit 51 Piercing Infantry to zone(0, 0) in space (-3, 2) tick=6
2026/09/30 21:20:38 Moving unit 34 Blunt Infantry to zone(0, 0) in space (-3, 2) tick=6
2026/09/30 21:20:38 Moving unit 47 Piercing Infantry to zone(0, 0) in space (-3, 2) tick=6
2026/09/30 21:20:38 Moving unit 52 Piercing Infantry to zone(0, 0) in space (-3, 2) tick=6
2026/09/30 21:20:38 Moving unit 54 Piercing Infantry to zone(0, 0) in space (-3, 2) tick=6
2026/09/30 21:20:38 Moving unit 55 Heavy Infantry to zone(0, 0) in space (-3, 2) tick=6
2026/09/30 21:20:38 Moving unit 56 Heavy Infantry to zone(0, 0) in space (-3, 2) tick=6
2026/09/30 21:20:38 Moving unit 37 Blunt Infantry to zone(0, 0) in space (-3, 2) tick=6
2026/09/30 21:20:38 Moving unit 41 Blunt Infantry to zone(0, 0) in space (-3, 2) tick=6
2026/09/30 21:20:38 Moving unit 44 Blunt Infantry to zone(0, 0) in space (-3, 2) tick=6
2026/09/30 21:20:38 Moving unit 57 Heavy Infantry to zone(0, 0) in space (-3, 2) tick=6
2026/09/30 21:20:38 Moving unit 59 Heavy Infantry to zone(0, 0) in space (-3, 2) tick=6
2026/09/30 21:20:38 Moving unit 40 Blunt Infantry to zone(0, 0) in space (-3, 2) tick=6
2026/09/30 21:20:38 Moving unit 46 Blunt Infantry to zone(0, 0) in space (-3, 2) tick=6
2026/09/30 21:20:38 state_hash turn=12 tick=6 hash=08c85db98656c12d
2026/09/30 21:20:38 Moving unit 24 Piercing Infantry to zone(0, 0) in space (-3, 2) tick=7
2026/09/30 21:20:38 Moving unit 14 Blunt Infantry to zone(0, 1) in space (-3, 2) tick=7
2026/09/30 21:20:38 Moving unit 1 Blunt Infantry to zone(0, 1) in space (-3, 2) tick=7
2026/09/30 21:20:38 Moving unit 3 Blunt Infantry to zone(0, 1) in space (-3, 2) tick=7
2026/09/30 21:20:38 Moving unit 8 Blunt Infantry to zone(0, 1) in space (-3, 2) tick=7
2026/09/30 21:20:38 Moving unit 11 Blunt Infantry to zone(0, 1) in space (-3, 2) tick=7
2026/09/30 21:20:38 Moving unit 17 Piercing Infantry to zone(0, 0) in space (-3, 2) tick=7
2026/09/30 21:20:38 Moving unit 21 Piercing Infantry to zone(0, 0) in space (-3, 2) tick=7
2026/09/30 21:20:38 Moving unit 2 Blunt Infantry to zone(0, 1) in space (-3, 2) tick=7
2026/09/30 21:20:38 Moving unit 13 Blunt Infantry to zone(0, 1) in space (-3, 2) tick=7
2026/09/30 21:20:38 Moving unit 22 Piercing Infantry to zone(0, 0) in space (-3, 2) tick=7
2026/09/30 21:20:38 Moving unit 6 Blunt Infantry to zone(0, 1) in space (-3, 2) tick=7
2026/09/30 21:20:38 Moving unit 9 Blunt Infantry to zone(0, 1) in space (-3, 2) tick=7
2026/09/30 21:20:38 Moving unit 15 Blunt Infantry to zone(0, 1) in space (-3, 2) tick=7
2026/09/30 21:20:38 Moving unit 7 Blunt Infantry to zone(0, 1) in space (-3, 2) tick=7
2026/09/30 21:20:38 Moving unit 10 Blunt Infantry to zone(0, 1) in space (-3, 2) tick=7
2026/09/30 21:20:38 Moving unit 12 Blunt Infantry to zone(0, 1) in space (-3, 2) tick=7
2026/09/30 21:20:38 Moving unit 19 Piercing Infantry to zone(0, 0) in space (-3, 2) tick=7
2026/09/30 21:20:38 Moving unit 20 Piercing Infantry to zone(0, 0) in space (-3, 2) tick=7
2026/09/30 21:20:38 Moving unit 23 Piercing Infantry to zone(0, 0) in space (-3, 2) tick=7
2026/09/30 21:20:38 Moving unit 4 Blunt Infantry to zone(0, 1) in space (-3, 2) tick=7
2026/09/30 21:20:38 Moving unit 16 Blunt Infantry to zone(0, 1) in space (-3, 2) tick=7
2026/09/30 21:20:38 Moving unit 18 Piercing Infantry to zone(0, 0) in space (-3, 2) tick=7
2026/09/30 21:20:38 Moving unit 35 Blunt Infantry to zone(0, 1) in space (-3, 2) tick=7
2026/09/30 21:20:38 Moving unit 42 Blunt Infantry to zone(0, 1) in space (-3, 2) tick=7
2026/09/30 21:20:38 Moving unit 49 Piercing Infantry to zone(0, 1) in space (-3, 2) tick=7
2026/09/30 21:20:38 Moving unit 36 Blunt Infantry to zone(0, 1) in space (-3, 2) tick=7
2026/09/30 21:20:38 Moving unit 39 Blunt Infantry to zone(0, 1) in space (-3, 2) tick=7
2026/09/30 21:20:38 Moving unit 48 Piercing Infantry to zone(0, 1) in space (-3, 2) tick=7
2026/09/30 21:20:38 Moving unit 51 Piercing Infantry to zone(0, 1) in space (-3, 2) tick=7
2026/09/30 21:20:38 Moving unit 34 Blunt Infantry to zone(0, 1) in space (-3, 2) tick=7
2026/09/30 21:20:38 Moving unit 47 Piercing Infantry to zone(0, 1) in space (-3, 2) tick=7
2026/09/30 21:20:38 Moving unit 52 Piercing Infantry to zone(0, 1) in space (-3, 2) tick=7
2026/09/30 21:20:38 Moving unit 54 Piercing Infantry to zone(0, 1) in space (-3, 2) tick=7
2026/09/30 21:20:38 Moving unit 55 Heavy Infantry to zone(0, 1) in space (-3, 2) tick=7
2026/09/30 21:20:38 Moving unit 56 Heavy Infantry to zone(0, 1) in space (-3, 2) tick=7
2026/09/30 21:20:38 Moving unit 37 Blunt Infantry to zone(0, 1) in space (-3, 2) tick=7
2026/09/30 21:20:38 Moving unit 41 Blunt Infantry to zone(0, 1) in space (-3, 2) tick=7
2026/09/30 21:20:38 Moving unit 44 Blunt Infantry to zone(0, 1) in space (-3, 2) tick=7
2026/09/30 21:20:38 Moving unit 57 Heavy Infantry to zone(0, 1) in space (-3, 2) tick=7
2026/09/30 21:20:38 Moving unit 59 Heavy Infantry to zone(0, 1) in space (-3, 2) tick=7
2026/09/30 21:20:38 Moving unit 40 Blunt Infantry to zone(0, 1) in space (-3, 2) tick=7
2026/09/30 21:20:38 Moving unit 46 Blunt Infantry to zone(0, 1) in space (-3, 2) tick=7
2026/09/30 21:20:38 Moving unit 50 Piercing Infantry to zone(0, 1) in space (-3, 2) tick=7
2026/09/30 21:20:38 Moving unit 60 Heavy Infantry to zone(0, 1) in space (-3, 2) tick=7
2026/09/30 21:20:38 Moving unit 38 Blunt Infantry to zone(0, 1) in space (-3, 2) tick=7
2026/09/30 21:20:38 Moving unit 43 Blunt Infantry to zone(0, 1) in space (-3, 2) tick=7
2026/09/30 21:20:38 Moving unit 45 Blunt Infantry to zone(0, 1) in space (-3, 2) tick=7
2026/09/30 21:20:38 Moving unit 58 Heavy Infantry to zone(0, 1) in space (-3, 2) tick=7
2026/09/30 21:20:38 Moving unit 53 Piercing Infantry to zone(0, 1) in space (-3, 2) tick=7
2026/09/30 21:20:38 state_hash turn=12 tick=7 hash=ef4bd41384dc8a33
2026/09/30 21:20:38 Moving unit 24 Piercing Infantry to zone(0, 1) in space (-3, 2) tick=8
2026/09/30 21:20:38 combat turn=12 tick=8: 14 u11 (player 0, stamina 1) hits 34 u11 (player 1) for 0.60
2026/09/30 21:20:38 combat turn=12 tick=8: 1 u11 (player 0, stamina 1) hits 34 u11 (player 1) for 0.60
2026/09/30 21:20:38 combat turn=12 tick=8: 3 u11 (player 0, stamina 1) hits 34 u11 (player 1) for 0.60
2026/09/30 21:20:38 combat turn=12 tick=8: 8 u11 (player 0, stamina 1) hits 34 u11 (player 1) for 0.60
2026/09/30 21:20:38 combat turn=12 tick=8: 11 u11 (player 0, stamina 1) hits 34 u11 (player 1) for 0.60
2026/09/30 21:20:38 Moving unit 17 Piercing Infantry to zone(0, 1) in space (-3, 2) tick=8
2026/09/30 21:20:38 Moving unit 21 Piercing Infantry to zone(0, 1) in space (-3, 2) tick=8
2026/09/30 21:20:38 combat turn=12 tick=8: 2 u11 (player 0, stamina 1) hits 34 u11 (player 1) for 0.60
2026/09/30 21:20:38 combat turn=12 tick=8: 13 u11 (player 0, stamina 1) hits 34 u11 (player 1) for 0.60
2026/09/30 21:20:38 Moving unit 22 Piercing Infantry to zone(0, 1) in space (-3, 2) tick=8
2026/09/30 21:20:38 combat turn=12 tick=8: 6 u11 (player 0, stamina 1) hits 34 u11 (player 1) for 0.60
2026/09/30 21:20:38 combat turn=12 tick=8: 9 u11 (player 0, stamina 1) hits 34 u11 (player 1) for 0.60
2026/09/30 21:20:38 combat turn=12 tick=8: 15 u11 (player 0, stamina 1) hits 34 u11 (player 1) for 0.60
2026/09/30 21:20:38 combat turn=12 tick=8: 7 u11 (player 0, stamina 1) hits 34 u11 (player 1) for 0.60
2026/09/30 21:20:38 combat turn=12 tick=8: 10 u11 (player 0, stamina 1) hits 34 u11 (player 1) for 0.60
2026/09/30 21:20:38 combat turn=12 tick=8: 12 u11 (player 0, stamina 1) hits 34 u11 (player 1) for 0.60
2026/09/30 21:20:38 Moving unit 19 Piercing Infantry to zone(0, 1) in space (-3, 2) tick=8
2026/09/30 21:20:38 Moving unit 20 Piercing Infantry to zone(0, 1) in space (-3, 2) tick=8
2026/09/30 21:20:38 Moving unit 23 Piercing Infantry to zone(0, 1) in space (-3, 2) tick=8
2026/09/30 21:20:38 combat turn=12 tick=8: 4 u11 (player 0, stamina 1) hits 34 u11 (player 1) for 0.60
2026/09/30 21:20:38 combat turn=12 tick=8: 16 u11 (player 0, stamina 1) hits 34 u11 (player 1) for 0.60
2026/09/30 21:20:38 Moving unit 18 Piercing Infantry to zone(0, 1) in space (-3, 2) tick=8
2026/09/30 21:20:38 combat turn=12 tick=8: 39 u11 (player 1, stamina 3) hits 1 u11 (player 0) for 1.80
2026/09/30 21:20:38 combat turn=12 tick=8: 48 u12 (player 1, stamina 3) hits 1 u11 (player 0) for 2.70
2026/09/30 21:20:38 combat turn=12 tick=8: 51 u12 (player 1, stamina 3) hits 1 u11 (player 0) for 2.70
2026/09/30 21:20:38 combat turn=12 tick=8: 34 u11 (player 1, stamina 3) hits 1 u11 (player 0) for 1.80
2026/09/30 21:20:38 combat turn=12 tick=8: 47 u12 (player 1, stamina 3) hits 1 u11 (player 0) for 2.70
2026/09/30 21:20:38 combat turn=12 tick=8: 52 u12 (player 1, stamina 3) hits 1 u11 (player 0) for 2.70
2026/09/30 21:20:38 combat turn=12 tick=8: 54 u12 (player 1, stamina 3) hits 1 u11 (player 0) for 2.70
2026/09/30 21:20:38 combat turn=12 tick=8: 55 u13 (player 1, stamina 2) hits 1 u11 (player 0) for 3.41
2026/09/30 21:20:38 combat turn=12 tick=8: 56 u13 (player 1, stamina 2) hits 1 u11 (player 0) for 3.41
2026/09/30 21:20:38 combat turn=12 tick=8: 37 u11 (player 1, stamina 3) hits 1 u11 (player 0) for 1.80
2026/09/30 21:20:38 combat turn=12 tick=8: 41 u11 (player 1, stamina 3) hits 1 u11 (player 0) for 1.80
2026/09/30 21:20:38 combat turn=12 tick=8: 44 u11 (player 1, stamina 3) hits 1 u11 (player 0) for 1.80
2026/09/30 21:20:38 combat turn=12 tick=8: 57 u13 (player 1, stamina 2) hits 1 u11 (player 0) for 3.41
2026/09/30 21:20:38 combat turn=12 tick=8: 59 u13 (player 1, stamina 2) hits 1 u11 (player 0) for 3.41
2026/09/30 21:20:38 combat turn=12 tick=8: 40 u11 (player 1, stamina 3) hits 1 u11 (player 0) for 1.80
2026/09/30 21:20:38 combat turn=12 tick=8: 46 u11 (player 1, stamina 3) hits 1 u11 (player 0) for 1.80
2026/09/30 21:20:38 combat turn=12 tick=8: 50 u12 (player 1, stamina 3) hits 1 u11 (player 0) for 2.70
2026/09/30 21:20:38 combat turn=12 tick=8: 60 u13 (player 1, stamina 2) hits 1 u11 (player 0) for 3.41
2026/09/30 21:20:38 combat turn=12 tick=8: 38 u11 (player 1, stamina 3) hits 1 u11 (player 0) for 1.80
2026/09/30 21:20:38 combat turn=12 tick=8: 43 u11 (player 1, stamina 3) hits 1 u11 (player 0) for 1.80
2026/09/30 21:20:38 combat turn=12 tick=8: 45 u11 (player 1, stamina 3) hits 1 u11 (player 0) for 1.80
2026/09/30 21:20:38 combat turn=12 tick=8: 58 u13 (player 1, stamina 2) hits 1 u11 (player 0) for 3.41
2026/09/30 21:20:38 combat turn=12 tick=8: 53 u12 (player 1, stamina 3) hits 1 u11 (player 0) for 2.70
2026/09/30 21:20:38 combat turn=12 tick=8: 35 u11 (player 1, stamina 3) hits 1 u11 (player 0) for 1.80
2026/09/30 21:20:38 combat turn=12 tick=8: 42 u11 (player 1, stamina 3) hits 1 u11 (player 0) for 1.80
2026/09/30 21:20:38 combat turn=12 tick=8: 49 u12 (player 1, stamina 3) hits 1 u11 (player 0) for 2.70
2026/09/30 21:20:38 combat turn=12 tick=8: 36 u11 (player 1, stamina 3) hits 1 u11 (player 0) for 1.80
2026/09/30 21:20:38 state_hash turn=12 tick=8 hash=bd2f12262fb7761f
2026/09/30 21:20:38 combat turn=12 tick=9: 39 u11 (player 1, stamina 3) hits 2 u11 (player 0) for 1.80
2026/09/30 21:20:38 combat turn=12 tick=9: 48 u12 (player 1, stamina 3) hits 2 u11 (player 0) for 2.70
2026/09/30 21:20:38 combat turn=12 tick=9: 51 u12 (player 1, stamina 3) hits 2 u11 (player 0) for 2.70
2026/09/30 21:20:38 combat turn=12 tick=9: 47 u12 (player 1, stamina 3) hits 2 u11 (player 0) for 2.70
2026/09/30 21:20:38 combat turn=12 tick=9: 52 u12 (player 1, stamina 3) hits 2 u11 (player 0) for 2.70
2026/09/30 21:20:38 combat turn=12 tick=9: 54 u12 (player 1, stamina 3) hits 2 u11 (player 0) for 2.70
2026/09/30 21:20:38 combat turn=12 tick=9: 37 u11 (player 1, stamina 3) hits 2 u11 (player 0) for 1.80
2026/09/30 21:20:38 combat turn=12 tick=9: 41 u11 (player 1, stamina 3) hits 2 u11 (player 0) for 1.80
2026/09/30 21:20:38 combat turn=12 tick=9: 44 u11 (player 1, stamina 3) hits 2 u11 (player 0) for 1.80
2026/09/30 21:20:38 combat turn=12 tick=9: 40 u11 (player 1, stamina 3) hits 2 u11 (player 0) for 1.80
2026/09/30 21:20:38 combat turn=12 tick=9: 46 u11 (player 1, stamina 3) hits 2 u11 (player 0) for 1.80
2026/09/30 21:20:38 combat turn=12 tick=9: 50 u12 (player 1, stamina 3) hits 2 u11 (player 0) for 2.70
2026/09/30 21:20:38 combat turn=12 tick=9: 38 u11 (player 1, stamina 3) hits 2 u11 (player 0) for 1.80
2026/09/30 21:20:38 combat turn=12 tick=9: 43 u11 (player 1, stamina 3) hits 2 u11 (player 0) for 1.80
2026/09/30 21:20:38 combat turn=12 tick=9: 45 u11 (player 1, stamina 3) hits 2 u11 (player 0) for 1.80
2026/09/30 21:20:38 combat turn=12 tick=9: 53 u12 (player 1, stamina 3) hits 2 u11 (player 0) for 2.70
2026/09/30 21:20:38 combat turn=12 tick=9: 35 u11 (player 1, stamina 3) hits 2 u11 (player 0) for 1.80
2026/09/30 21:20:38 combat turn=12 tick=9: 42 u11 (player 1, stamina 3) hits 2 u11 (player 0) for 1.80
2026/09/30 21:20:38 combat turn=12 tick=9: 49 u12 (player 1, stamina 3) hits 2 u11 (player 0) for 2.70
2026/09/30 21:20:38 combat turn=12 tick=9: 36 u11 (player 1, stamina 3) hits 2 u11 (player 0) for 1.80
2026/09/30 21:20:38 state_hash turn=12 tick=9 hash=9a1cdb96e2a6a078
2026/09/30 21:20:38 combat turn=12 tick=10: 36 u11 (player 1, stamina 3) hits 3 u11 (player 0) for 1.80
2026/09/30 21:20:38 combat turn=12 tick=10: 39 u11 (player 1, stamina 3) hits 3 u11 (player 0) for 1.80
2026/09/30 21:20:38 combat turn=12 tick=10: 37 u11 (player 1, stamina 3) hits 3 u11 (player 0) for 1.80
2026/09/30 21:20:38 combat turn=12 tick=10: 41 u11 (player 1, stamina 3) hits 3 u11 (player 0) for 1.80
2026/09/30 21:20:38 combat turn=12 tick=10: 44 u11 (player 1, stamina 3) hits 3 u11 (player 0) for 1.80
2026/09/30 21:20:38 combat turn=12 tick=10: 40 u11 (player 1, stamina 3) hits 3 u11 (player 0) for 1.80
2026/09/30 21:20:38 combat turn=12 tick=10: 46 u11 (player 1, stamina 3) hits 3 u11 (player 0) for 1.80
2026/09/30 21:20:38 combat turn=12 tick=10: 38 u11 (player 1, stamina 3) hits 3 u11 (player 0) for 1.80
2026/09/30 21:20:38 combat turn=12 tick=10: 43 u11 (player 1, stamina 3) hits 3 u11 (player 0) for 1.80
2026/09/30 21:20:38 combat turn=12 tick=10: 45 u11 (player 1, stamina 3) hits 3 u11 (player 0) for 1.80
2026/09/30 21:20:38 combat turn=12 tick=10: 35 u11 (player 1, stamina 3) hits 3 u11 (player 0) for 1.80
2026/09/30 21:20:38 combat turn=12 tick=10: 42 u11 (player 1, stamina 3) hits 3 u11 (player 0) for 1.80
2026/09/30 21:20:38 state_hash turn=12 tick=10 hash=b1c7849550c36a02
2026/09/30 21:20:38 state_hash turn=12 tick=end hash=8c2fc18bb90e5b3e
2026/09/30 21:20:38 ai ai-0: new turn data {"buildings":[],"enemy_buildings":[],"enemy_units":[{"InternalID":35,"UnitID":11,"Type":2,"Kind":1,"Location":{"Space":{"X":-3,"Y":2},"Zone":{"X":0,"Y":1}},"CurrentStamina":15,"CurrentOrder":null,"Builds":[],"GarrisonedIn":null,"Stance":0,"InterruptCurrent":false,"AttackBack":false,"TargetPriority":"","ActiveOrders":null,"Health":2.475,"MaxHealth":11},{"InternalID":36,"UnitID":11,"Type":2,"Kind":1,"Location":{"Space":{"X":-3,"Y":2},"Zone":{"X":0,"Y":1}},"CurrentStamina":15,"CurrentOrder":null,"Builds":[],"GarrisonedIn":null,"Stance":0,"InterruptCurrent":false,"AttackBack":false,"TargetPriority":"","ActiveOrders":null,"Health":2.475,"MaxHealth":11},{"InternalID":37,"UnitID":11,"Type":2,"Kind":1,"Location":{"Space":{"X":-3,"Y":2},"Zone":{"X":0,"Y":1}},"CurrentStamina":15,"CurrentOrder":null,"Builds":[],"GarrisonedIn":null,"Stance":0,"InterruptCurrent":false,"AttackBack":false,"TargetPriority":"","ActiveOrders":null,"Health":11,"MaxHealth":11},{"InternalID":38,"UnitID":11,"Type":2,"Kind":1,"Location":{"Space":{"X":-3,"Y":2},"Zone":{"X":0,"Y":1}},"CurrentStamina":15,"CurrentOrder":null,"Builds":[],"GarrisonedIn":null,"Stance":0,"InterruptCurrent":false,"AttackBack":false,"TargetPriority":"","ActiveOrders":null,"Health":11,"MaxHealth":11},{"InternalID":39,"UnitID":11,"Type":2,"Kind":1,"Location":{"Space":{"X":-3,"Y":2},"Zone":{"X":0,"Y":1}},"CurrentStamina":15,"CurrentOrder":null,"Builds":[],"GarrisonedIn":null,"Stance":0,"InterruptCurrent":false,"AttackBack":false,"TargetPriority":"","ActiveOrders":null,"Health":11,"MaxHealth":11},{"InternalID":40,"UnitID":11,"Type":2,"Kind":1,"Location":{"Space":{"X":-3,"Y":2},"Zone":{"X":0,"Y":1}},"CurrentStamina":15,"CurrentOrder":null,"Builds":[],"GarrisonedIn":null,"Stance":0,"InterruptCurrent":false,"AttackBack":false,"TargetPriority":"","ActiveOrders":null,"Health":11,"MaxHealth":11},{"InternalID":41,"UnitID":11,"Type":2,"Kind":1,"Location":{"Space":{"X":-3,"Y":2},"Zone":{"X":0,"Y":1}},"CurrentStamina":15,"CurrentOrder":null,"Builds":[],"GarrisonedIn":null,"Stance":0,"InterruptCurrent":false,"AttackBack":false,"TargetPriority":"","ActiveOrders":null,"Health":11,"MaxHealth":11},{"InternalID":42,"UnitID":11,"Type":2,"Kind":1,"Location":{"Space":{"X":-3,"Y":2},"Zone":{"X":0,"Y":1}},"CurrentStamina":15,"CurrentOrder":null,"Builds":[],"GarrisonedIn":null,"Stance":0,"InterruptCurrent":false,"AttackBack":false,"TargetPriority":"","ActiveOrders":null,"Health":11,"MaxHealth":11},{"InternalID":43,"UnitID":11,"Type":2,"Kind":1,"Location":{"Space":{"X":-3,"Y":2},"Zone":{"X":0,"Y":1}},"CurrentStamina":15,"CurrentOrder":null,"Builds":[],"GarrisonedIn":null,"Stance":0,"InterruptCurrent":false,"AttackBack":false,"TargetPriority":"","ActiveOrders":null,"Health":11,"MaxHealth":11},{"InternalID":44,"UnitID":11,"Type":2,"Kind":1,"Location":{"Space":{"X":-3,"Y":2},"Zone":{"X":0,"Y":1}},"CurrentStamina":15,"CurrentOrder":null,"Builds":[],"GarrisonedIn":null,"Stance":0,"InterruptCurrent":false,"AttackBack":false,"TargetPriority":"","ActiveOrders":null,"Health":11,"MaxHealth":11},{"InternalID":45,"UnitID":11,"Type":2,"Kind":1,"Location":{"Space":{"X":-3,"Y":2},"Zone":{"X":0,"Y":1}},"CurrentStamina":15,"CurrentOrder":null,"Builds":[],"GarrisonedIn":null,"Stance":0,"InterruptCurrent":false,"AttackBack":false,"TargetPriority":"","ActiveOrders":null,"Health":11,"MaxHealth":11},{"InternalID":46,"UnitID":11,"Type":2,"Kind":1,"Location":{"Space":{"X":-3,"Y":2},"Zone":{"X":0,"Y":1}},"CurrentStamina":15,"CurrentOrder":null,"Builds":[],"GarrisonedIn":null,"Stance":0,"InterruptCurrent":false,"AttackBack":false,"TargetPriority":"","ActiveOrders":null,"Health":11,"MaxHealth":11},{"InternalID":47,"UnitID":12,"Type":2,"Kind":1,"Location":{"Space":{"X":-3,"Y":2},"Zone":{"X":0,"Y":1}},"CurrentStamina":12,"CurrentOrder":null,"Builds":[],"GarrisonedIn":null,"Stance":0,"InterruptCurrent":false,"AttackBack":false,"TargetPriority":"","ActiveOrders":null,"Health":16,"MaxHealth":16},{"InternalID":48,"UnitID":12,"Type":2,"Kind":1,"Location":{"Space":{"X":-3,"Y":2},"Zone":{"X":0,"Y":1}},"CurrentStamina":12,"CurrentOrder":null,"Builds":[],"GarrisonedIn":null,"Stance":0,"InterruptCurrent":false,"AttackBack":false,"TargetPriority":"","ActiveOrders":null,"Health":16,"MaxHealth":16},{"InternalID":49,"UnitID":12,"Type":2,"Kind":1,"Location":{"Space":{"X":-3,"Y":2},"Zone":{"X":0,"Y":1}},"CurrentStamina":12,"CurrentOrder":null,"Builds":[],"GarrisonedIn":null,"Stance":0,"InterruptCurrent":false,"AttackBack":false,"TargetPriority":"","ActiveOrders":null,"Health":16,"MaxHealth":16},{"InternalID":50,"UnitID":12,"Type":2,"Kind":1,"Location":{"Space":{"X":-3,"Y":2},"Zone":{"X":0,"Y":1}},"CurrentStamina":12,"CurrentOrder":null,"Builds":[],"GarrisonedIn":null,"Stance":0,"InterruptCurrent":false,"AttackBack":false,"TargetPriority":"","ActiveOrders":null,"Health":16,"MaxHealth":16},{"InternalID":51,"UnitID":12,"Type":2,"Kind":1,"Location":{"Space":{"X":-3,"Y":2},"Zone":{"X":0,"Y":1}},"CurrentStamina":12,"CurrentOrder":null,"Builds":[],"GarrisonedIn":null,"Stance":0,"InterruptCurrent":false,"AttackBack":false,"TargetPriority":"","ActiveOrders":null,"Health":16,"MaxHealth":16},{"InternalID":52,"UnitID":12,"Type":2,"Kind":1,"Location":{"Space":{"X":-3,"Y":2},"Zone":{"X":0,"Y":1}},"CurrentStamina":12,"CurrentOrder":null,"Builds":[],"GarrisonedIn":null,"Stance":0,"InterruptCurrent":false,"AttackBack":false,"TargetPriority":"","ActiveOrders":null,"Health":16,"MaxHealth":16},{"InternalID":53,"UnitID":12,"Type":2,"Kind":1,"Location":{"Space":{"X":-3,"Y":2},"Zone":{"X":0,"Y":1}},"CurrentStamina":12,"CurrentOrder":null,"Builds":[],"GarrisonedIn":null,"Stance":0,"InterruptCurrent":false,"AttackBack":false,"TargetPriority":"","ActiveOrders":null,"Health":16,"MaxHealth":16},{"InternalID":54,"UnitID":12,"Type":2,"Kind":1,"Location":{"Space":{"X":-3,"Y":2},"Zone":{"X":0,"Y":1}},"CurrentStamina":12,"CurrentOrder":null,"Builds":[],"GarrisonedIn":null,"Stance":0,"InterruptCurrent":false,"AttackBack":false,"TargetPriority":"","ActiveOrders":null,"Health":16,"MaxHealth":16},{"InternalID":55,"UnitID":13,"Type":2,"Kind":1,"Location":{"Space":{"X":-3,"Y":2},"Zone":{"X":0,"Y":1}},"CurrentStamina":8,"CurrentOrder":null,"Builds":[],"GarrisonedIn":null,"Stance":0,"InterruptCurrent":false,"AttackBack":false,"TargetPriority":"","ActiveOrders":null,"Health":50,"MaxHealth":50},{"InternalID":56,"UnitID":13,"Type":2,"Kind":1,"Location":{"Space":{"X":-3,"Y":2},"Zone":{"X":0,"Y":1}},"CurrentStamina":8,"CurrentOrder":null,"Builds":[],"GarrisonedIn":null,"Stance":0,"InterruptCurrent":false,"AttackBack":false,"TargetPriority":"","ActiveOrders":null,"Health":50,"MaxHealth":50},{"InternalID":57,"UnitID":13,"Type":2,"Kind":1,"Location":{"Space":{"X":-3,"Y":2},"Zone":{"X":0,"Y":1}},"CurrentStamina":8,"CurrentOrder":null,"Builds":[],"GarrisonedIn":null,"Stance":0,"InterruptCurrent":false,"AttackBack":false,"TargetPriority":"","ActiveOrders":null,"Health":50,"MaxHealth":50},{"InternalID":58,"UnitID":13,"Type":2,"Kind":1,"Location":{"Space":{"X":-3,"Y":2},"Zone":{"X":0,"Y":1}},"CurrentStamina":8,"CurrentOrder":null,"Builds":[],"GarrisonedIn":null,"Stance":0,"InterruptCurrent":false,"AttackBack":false,"TargetPriority":"","ActiveOrders":null,"Health":50,"MaxHealth":50},{"InternalID":59,"UnitID":13,"Type":2,"Kind":1,"Location":{"Space":{"X":-3,"Y":2},"Zone":{"X":0,"Y":1}},"CurrentStamina":8,"CurrentOrder":null,"Builds":[],"GarrisonedIn":null,"Stance":0,"InterruptCurrent":false,"AttackBack":false,"TargetPriority":"","ActiveOrders":null,"Health":50,"MaxHealth":50},{"InternalID":60,"UnitID":13,"Type":2,"Kind":1,"Location":{"Space":{"X":-3,"Y":2},"Zone":{"X":0,"Y":1}},"CurrentStamina":8,"CurrentOrder":null,"Builds":[],"GarrisonedIn":null,"Stance":0,"InterruptCurrent":false,"AttackBack":false,"TargetPriority":"","ActiveOrders":null,"Health":50,"MaxHealth":50}],"foundations":[],"population":{"current":20,"limit":0},"resources":{"food":200,"gold":98,"stone":100,"wood":200},"spaces":[{"Space":{"X":0,"Y":-4},"Vision":1,"Owner":-1},{"Space":{"X":1,"Y":-4},"Vision":1,"Owner":-1},{"Space":{"X":2,"Y":-4},"Vision":1,"Owner":-1},{"Space":{"X":3,"Y":-4},"Vision":1,"Owner":-1},{"Space":{"X":4,"Y":-4},"Vision":1,"Owner":-1},{"Space":{"X":-1,"Y":-3},"Vision":1,"Owner":-1},{"Space":{"X":0,"Y":-3},"Vision":1,"Owner":-1},{"Space":{"X":1,"Y":-3},"Vision":1,"Owner":-1},{"Space":{"X":2,"Y":-3},"Vision":1,"Owner":-1},{"Space":{"X":3,"Y":-3},"Vision":1,"Owner":-1},{"Space":{"X":4,"Y":-3},"Vision":1,"Owner":-1},{"Space":{"X":-2,"Y":-2},"Vision":1,"Owner":-1},{"Space":{"X":-1,"Y":-2},"Vision":1,"Owner":-1},{"Space":{"X":0,"Y":-2},"Vision":1,"Owner":-1},{"Space":{"X":1,"Y":-2},"Vision":1,"Owner":-1},{"Space":{"X":2,"Y":-2},"Vision":1,"Owner":-1},{"Space":{"X":3,"Y":-2},"Vision":1,"Owner":-1},{"Space":{"X":4,"Y":-2},"Vision":1,"Owner":-1},{"Space":{"X":-3,"Y":-1},"Vision":1,"Owner":-1},{"Space":{"X":-2,"Y":-1},"Vision":1,"Owner":-1},{"Space":{"X":-1,"Y":-1},"Vision":1,"Owner":-1},{"Space":{"X":0,"Y":-1},"Vision":1,"Owner":-1},{"Space":{"X":1,"Y":-1},"Vision":1,"Owner":-1},{"Space":{"X":2,"Y":-1},"Vision":1,"Owner":-1},{"Space":{"X":3,"Y":-1},"Vision":1,"Owner":-1},{"Space":{"X":4,"Y":-1},"Vision":1,"Owner":-1},{"Space":{"X":-4,"Y":0},"Vision":1,"Owner":-1},{"Space":{"X":-3,"Y":0},"Vision":1,"Owner":-1},{"Space":{"X":-2,"Y":0},"Vision":1,"Owner":-1},{"Space":{"X":-1,"Y":0},"Vision":1,"Owner":-1},{"Space":{"X":0,"Y":0},"Vision":1,"Owner":-1},{"Space":{"X":1,"Y":0},"Vision":1,"Owner":-1},{"Space":{"X":2,"Y":0},"Vision":1,"Owner":-1},{"Space":{"X":3,"Y":0},"Vision":1,"Owner":-1},{"Space":{"X":4,"Y":0},"Vision":0,"Owner":-1},{"Space":{"X":-4,"Y":1},"Vision":1,"Owner":-1},{"Space":{"X":-3,"Y":1},"Vision":2,"Owner":-1},{"Space":{"X":-2,"Y":1},"Vision":2,"Owner":-1},{"Space":{"X":-1,"Y":1},"Vision":1,"Owner":-1},{"Space":{"X":0,"Y":1},"Vision":1,"Owner":-1},{"Space":{"X":1,"Y":1},"Vision":1,"Owner":-1},{"Space":{"X":2,"Y":1},"Vision":1,"Owner":-1},{"Space":{"X":3,"Y":1},"Vision":0,"Owner":-1},{"Space":{"X":-4,"Y":2},"Vision":2,"Owner":-1},{"Space":{"X":-3,"Y":2},"Vision":3,"Owner":-1},{"Space":{"X":-2,"Y":2},"Vision":2,"Owner":-1},{"Space":{"X":-1,"Y":2},"Vision":1,"Owner":-1},{"Space":{"X":0,"Y":2},"Vision":1,"Owner":-1},{"Space":{"X":1,"Y":2},"Vision":1,"Owner":-1},{"Space":{"X":2,"Y":2},"Vision":0,"Owner":-1},{"Space":{"X":-4,"Y":3},"Vision":2,"Owner":-1},{"Space":{"X":-3,"Y":3},"Vision":3,"Owner":-1},{"Space":{"X":-2,"Y":3},"Vision":1,"Owner":-1},{"Space":{"X":-1,"Y":3},"Vision":1,"Owner":-1},{"Space":{"X":0,"Y":3},"Vision":1,"Owner":-1},{"Space":{"X":1,"Y":3},"Vision":0,"Owner":-1},{"Space":{"X":-4,"Y":4},"Vision":1,"Owner":-1},{"Space":{"X":-3,"Y":4},"Vision":1,"Owner":-1},{"Space":{"X":-2,"Y":4},"Vision":1,"Owner":-1},{"Space":{"X":-1,"Y":4},"Vision":1,"Owner":-1},{"Space":{"X":0,"Y":4},"Vision":0,"Owner":-1}],"units":[{"InternalID":4,"UnitID":11,"Type":2,"Kind":1,"Location":{"Space":{"X":-3,"Y":2},"Zone":{"X":0,"Y":1}},"CurrentStamina":15,"CurrentOrder":{"Kind":4,"TargetZone":null,"TargetSpace":{"X":-3,"Y":2},"TargetResource":null,"TargetUnit":null,"TargetBuilding":null},"Builds":[],"GarrisonedIn":null,"Stance":3,"InterruptCurrent":true,"AttackBack":true,"TargetPriority":"","ActiveOrders":[{"ID":489,"Kind":4}],"Health":11,"MaxHealth":11},{"InternalID":6,"UnitID":11,"Type":2,"Kind":1,"Location":{"Space":{"X":-3,"Y":2},"Zone":{"X":0,"Y":1}},"CurrentStamina":15,"CurrentOrder":{"Kind":4,"TargetZone":null,"TargetSpace":{"X":-3,"Y":2},"TargetResource":null,"TargetUnit":null,"TargetBuilding":null},"Builds":[],"GarrisonedIn":null,"Stance":3,"InterruptCurrent":false,"AttackBack":true,"TargetPriority":"","ActiveOrders":[{"ID":491,"Kind":4}],"Health":11,"MaxHealth":11},{"InternalID":7,"UnitID":11,"Type":2,"Kind":1,"Location":{"Space":{"X":-3,"Y":2},"Zone":{"X":0,"Y":1}},"CurrentStamina":15,"CurrentOrder":{"Kind":4,"TargetZone":null,"TargetSpace":{"X":-3,"Y":2},"TargetResource":null,"TargetUnit":null,"TargetBuilding":null},"Builds":[],"GarrisonedIn":null,"Stance":3,"InterruptCurrent":true,"AttackBack":true,"TargetPriority":"","ActiveOrders":[{"ID":486,"Kind":4}],"Health":11,"MaxHealth":11},{"InternalID":8,"UnitID":11,"Type":2,"Kind":1,"Location":{"Space":{"X":-3,"Y":2},"Zone":{"X":0,"Y":1}},"CurrentStamina":15,"CurrentOrder":{"Kind":4,"TargetZone":null,"TargetSpace":{"X":-3,"Y":2},"TargetResource":null,"TargetUnit":null,"TargetBuilding":null},"Builds":[],"GarrisonedIn":null,"Stance":3,"InterruptCurrent":true,"AttackBack":true,"TargetPriority":"","ActiveOrders":[{"ID":480,"Kind":4}],"Health":11,"MaxHealth":11},{"InternalID":9,"UnitID":11,"Type":2,"Kind":1,"Location":{"Space":{"X":-3,"Y":2},"Zone":{"X":0,"Y":1}},"CurrentStamina":15,"CurrentOrder":{"Kind":4,"TargetZone":null,"TargetSpace":{"X":-3,"Y":2},"TargetResource":null,"TargetUnit":null,"TargetBuilding":null},"Builds":[],"GarrisonedIn":null,"Stance":3,"InterruptCurrent":true,"AttackBack":true,"TargetPriority":"","ActiveOrders":[{"ID":484,"Kind":4}],"Health":11,"MaxHealth":11},{"InternalID":10,"UnitID":11,"Type":2,"Kind":1,"Location":{"Space":{"X":-3,"Y":2},"Zone":{"X":0,"Y":1}},"CurrentStamina":15,"CurrentOrder":{"Kind":4,"TargetZone":null,"TargetSpace":{"X":-3,"Y":2},"TargetResource":null,"TargetUnit":null,"TargetBuilding":null},"Builds":[],"GarrisonedIn":null,"Stance":3,"InterruptCurrent":true,"AttackBack":true,"TargetPriority":"","ActiveOrders":[{"ID":487,"Kind":4}],"Health":11,"MaxHealth":11},{"InternalID":11,"UnitID":11,"Type":2,"Kind":1,"Location":{"Space":{"X":-3,"Y":2},"Zone":{"X":0,"Y":1}},"CurrentStamina":15,"CurrentOrder":{"Kind":4,"TargetZone":null,"TargetSpace":{"X":-3,"Y":2},"TargetResource":null,"TargetUnit":null,"TargetBuilding":null},"Builds":[],"GarrisonedIn":null,"Stance":3,"InterruptCurrent":true,"AttackBack":true,"TargetPriority":"","ActiveOrders":[{"ID":481,"Kind":4}],"Health":11,"MaxHealth":11},{"InternalID":12,"UnitID":11,"Type":2,"Kind":1,"Location":{"Space":{"X":-3,"Y":2},"Zone":{"X":0,"Y":1}},"CurrentStamina":15,"CurrentOrder":{"Kind":4,"TargetZone":null,"TargetSpace":{"X":-3,"Y":2},"TargetResource":null,"TargetUnit":null,"TargetBuilding":null},"Builds":[],"GarrisonedIn":null,"Stance":3,"InterruptCurrent":true,"AttackBack":true,"TargetPriority":"","ActiveOrders":[{"ID":488,"Kind":4}],"Health":11,"MaxHealth":11},{"InternalID":13,"UnitID":11,"Type":2,"Kind":1,"Location":{"Space":{"X":-3,"Y":2},"Zone":{"X":0,"Y":1}},"CurrentStamina":15,"CurrentOrder":{"Kind":4,"TargetZone":null,"TargetSpace":{"X":-3,"Y":2},"TargetResource":null,"TargetUnit":null,"TargetBuilding":null},"Builds":[],"GarrisonedIn":null,"Stance":3,"InterruptCurrent":true,"AttackBack":true,"TargetPriority":"","ActiveOrders":[{"ID":483,"Kind":4}],"Health":11,"MaxHealth":11},{"InternalID":14,"UnitID":11,"Type":2,"Kind":1,"Location":{"Space":{"X":-3,"Y":2},"Zone":{"X":0,"Y":1}},"CurrentStamina":15,"CurrentOrder":{"Kind":4,"TargetZone":null,"TargetSpace":{"X":-3,"Y":2},"TargetResource":null,"TargetUnit":null,"TargetBuilding":null},"Builds":[],"GarrisonedIn":null,"Stance":3,"InterruptCurrent":true,"AttackBack":true,"TargetPriority":"","ActiveOrders":[{"ID":477,"Kind":4}],"Health":11,"MaxHealth":11},{"InternalID":15,"UnitID":11,"Type":2,"Kind":1,"Location":{"Space":{"X":-3,"Y":2},"Zone":{"X":0,"Y":1}},"CurrentStamina":15,"CurrentOrder":{"Kind":4,"TargetZone":null,"TargetSpace":{"X":-3,"Y":2},"TargetResource":null,"TargetUnit":null,"TargetBuilding":null},"Builds":[],"GarrisonedIn":null,"Stance":3,"InterruptCurrent":true,"AttackBack":true,"TargetPriority":"","ActiveOrders":[{"ID":485,"Kind":4}],"Health":11,"MaxHealth":11},{"InternalID":16,"UnitID":11,"Type":2,"Kind":1,"Location":{"Space":{"X":-3,"Y":2},"Zone":{"X":0,"Y":1}},"CurrentStamina":15,"CurrentOrder":{"Kind":4,"TargetZone":null,"TargetSpace":{"X":-3,"Y":2},"TargetResource":null,"TargetUnit":null,"TargetBuilding":null},"Builds":[],"GarrisonedIn":null,"Stance":3,"InterruptCurrent":true,"AttackBack":true,"TargetPriority":"","ActiveOrders":[{"ID":490,"Kind":4}],"Health":11,"MaxHealth":11},{"InternalID":17,"UnitID":12,"Type":2,"Kind":1,"Location":{"Space":{"X":-3,"Y":2},"Zone":{"X":0,"Y":1}},"CurrentStamina":12,"CurrentOrder":{"Kind":4,"TargetZone":null,"TargetSpace":{"X":-3,"Y":2},"TargetResource":null,"TargetUnit":null,"TargetBuilding":null},"Builds":[],"GarrisonedIn":null,"Stance":3,"InterruptCurrent":true,"AttackBack":true,"TargetPriority":"","ActiveOrders":[{"ID":443,"Kind":4}],"Health":16,"MaxHealth":16},{"InternalID":18,"UnitID":12,"Type":2,"Kind":1,"Location":{"Space":{"X":-3,"Y":2},"Zone":{"X":0,"Y":1}},"CurrentStamina":12,"CurrentOrder":{"Kind":4,"TargetZone":null,"TargetSpace":{"X":-3,"Y":2},"TargetResource":null,"TargetUnit":null,"TargetBuilding":null},"Builds":[],"GarrisonedIn":null,"Stance":3,"InterruptCurrent":true,"AttackBack":true,"TargetPriority":"","ActiveOrders":[{"ID":449,"Kind":4}],"Health":16,"MaxHealth":16},{"InternalID":19,"UnitID":12,"Type":2,"Kind":1,"Location":{"Space":{"X":-3,"Y":2},"Zone":{"X":0,"Y":1}},"CurrentStamina":12,"CurrentOrder":{"Kind":4,"TargetZone":null,"TargetSpace":{"X":-3,"Y":2},"TargetResource":null,"TargetUnit":null,"TargetBuilding":null},"Builds":[],"GarrisonedIn":null,"Stance":3,"InterruptCurrent":true,"AttackBack":true,"TargetPriority":"","ActiveOrders":[{"ID":446,"Kind":4}],"Health":16,"MaxHealth":16},{"InternalID":20,"UnitID":12,"Type":2,"Kind":1,"Location":{"Space":{"X":-3,"Y":2},"Zone":{"X":0,"Y":1}},"CurrentStamina":12,"CurrentOrder":{"Kind":4,"TargetZone":null,"TargetSpace":{"X":-3,"Y":2},"TargetResource":null,"TargetUnit":null,"TargetBuilding":null},"Builds":[],"GarrisonedIn":null,"Stance":3,"InterruptCurrent":true,"AttackBack":true,"TargetPriority":"","ActiveOrders":[{"ID":447,"Kind":4}],"Health":16,"MaxHealth":16},{"InternalID":21,"UnitID":12,"Type":2,"Kind":1,"Location":{"Space":{"X":-3,"Y":2},"Zone":{"X":0,"Y":1}},"CurrentStamina":12,"CurrentOrder":{"Kind":4,"TargetZone":null,"TargetSpace":{"X":-3,"Y":2},"TargetResource":null,"TargetUnit":null,"TargetBuilding":null},"Builds":[],"GarrisonedIn":null,"Stance":3,"InterruptCurrent":true,"AttackBack":true,"TargetPriority":"","ActiveOrders":[{"ID":444,"Kind":4}],"Health":16,"MaxHealth":16},{"InternalID":22,"UnitID":12,"Type":2,"Kind":1,"Location":{"Space":{"X":-3,"Y":2},"Zone":{"X":0,"Y":1}},"CurrentStamina":12,"CurrentOrder":{"Kind":4,"TargetZone":null,"TargetSpace":{"X":-3,"Y":2},"TargetResource":null,"TargetUnit":null,"TargetBuilding":null},"Builds":[],"GarrisonedIn":null,"Stance":3,"InterruptCurrent":true,"AttackBack":true,"TargetPriority":"","ActiveOrders":[{"ID":445,"Kind":4}],"Health":16,"MaxHealth":16},{"InternalID":23,"UnitID":12,"Type":2,"Kind":1,"Location":{"Space":{"X":-3,"Y":2},"Zone":{"X":0,"Y":1}},"CurrentStamina":12,"CurrentOrder":{"Kind":4,"TargetZone":null,"TargetSpace":{"X":-3,"Y":2},"TargetResource":null,"TargetUnit":null,"TargetBuilding":null},"Builds":[],"GarrisonedIn":null,"Stance":3,"InterruptCurrent":true,"AttackBack":true,"TargetPriority":"","ActiveOrders":[{"ID":448,"Kind":4}],"Health":16,"MaxHealth":16},{"InternalID":24,"UnitID":12,"Type":2,"Kind":1,"Location":{"Space":{"X":-3,"Y":2},"Zone":{"X":0,"Y":1}},"CurrentStamina":12,"CurrentOrder":{"Kind":4,"TargetZone":null,"TargetSpace":{"X":-3,"Y":2},"TargetResource":null,"TargetUnit":null,"TargetBuilding":null},"Builds":[],"GarrisonedIn":null,"Stance":3,"InterruptCurrent":true,"AttackBack":true,"TargetPriority":"","ActiveOrders":[{"ID":442,"Kind":4}],"Health":16,"MaxHealth":16}]}
2026/09/30 21:20:38 ai ai-1: new turn data {"buildings":[],"enemy_buildings":[],"enemy_units":[{"InternalID":4,"UnitID":11,"Type":2,"Kind":1,"Location":{"Space":{"X":-3,"Y":2},"Zone":{"X":0,"Y":1}},"CurrentStamina":15,"CurrentOrder":null,"Builds":[],"GarrisonedIn":null,"Stance":0,"InterruptCurrent":false,"AttackBack":false,"TargetPriority":"","ActiveOrders":null,"Health":11,"MaxHealth":11},{"InternalID":6,"UnitID":11,"Type":2,"Kind":1,"Location":{"Space":{"X":-3,"Y":2},"Zone":{"X":0,"Y":1}},"CurrentStamina":15,"CurrentOrder":null,"Builds":[],"GarrisonedIn":null,"Stance":0,"InterruptCurrent":false,"AttackBack":false,"TargetPriority":"","ActiveOrders":null,"Health":11,"MaxHealth":11},{"InternalID":7,"UnitID":11,"Type":2,"Kind":1,"Location":{"Space":{"X":-3,"Y":2},"Zone":{"X":0,"Y":1}},"CurrentStamina":15,"CurrentOrder":null,"Builds":[],"GarrisonedIn":null,"Stance":0,"InterruptCurrent":false,"AttackBack":false,"TargetPriority":"","ActiveOrders":null,"Health":11,"MaxHealth":11},{"InternalID":8,"UnitID":11,"Type":2,"Kind":1,"Location":{"Space":{"X":-3,"Y":2},"Zone":{"X":0,"Y":1}},"CurrentStamina":15,"CurrentOrder":null,"Builds":[],"GarrisonedIn":null,"Stance":0,"InterruptCurrent":false,"AttackBack":false,"TargetPriority":"","ActiveOrders":null,"Health":11,"MaxHealth":11},{"InternalID":9,"UnitID":11,"Type":2,"Kind":1,"Location":{"Space":{"X":-3,"Y":2},"Zone":{"X":0,"Y":1}},"CurrentStamina":15,"CurrentOrder":null,"Builds":[],"GarrisonedIn":null,"Stance":0,"InterruptCurrent":false,"AttackBack":false,"TargetPriority":"","ActiveOrders":null,"Health":11,"MaxHealth":11},{"InternalID":10,"UnitID":11,"Type":2,"Kind":1,"Location":{"Space":{"X":-3,"Y":2},"Zone":{"X":0,"Y":1}},"CurrentStamina":15,"CurrentOrder":null,"Builds":[],"GarrisonedIn":null,"Stance":0,"InterruptCurrent":false,"AttackBack":false,"TargetPriority":"","ActiveOrders":null,"Health":11,"MaxHealth":11},{"InternalID":11,"UnitID":11,"Type":2,"Kind":1,"Location":{"Space":{"X":-3,"Y":2},"Zone":{"X":0,"Y":1}},"CurrentStamina":15,"CurrentOrder":null,"Builds":[],"GarrisonedIn":null,"Stance":0,"InterruptCurrent":false,"AttackBack":false,"TargetPriority":"","ActiveOrders":null,"Health":11,"MaxHealth":11},{"InternalID":12,"UnitID":11,"Type":2,"Kind":1,"Location":{"Space":{"X":-3,"Y":2},"Zone":{"X":0,"Y":1}},"CurrentStamina":15,"CurrentOrder":null,"Builds":[],"GarrisonedIn":null,"Stance":0,"InterruptCurrent":false,"AttackBack":false,"TargetPriority":"","ActiveOrders":null,"Health":11,"MaxHealth":11},{"InternalID":13,"UnitID":11,"Type":2,"Kind":1,"Location":{"Space":{"X":-3,"Y":2},"Zone":{"X":0,"Y":1}},"CurrentStamina":15,"CurrentOrder":null,"Builds":[],"GarrisonedIn":null,"Stance":0,"InterruptCurrent":false,"AttackBack":false,"TargetPriority":"","ActiveOrders":null,"Health":11,"MaxHealth":11},{"InternalID":14,"UnitID":11,"Type":2,"Kind":1,"Location":{"Space":{"X":-3,"Y":2},"Zone":{"X":0,"Y":1}},"CurrentStamina":15,"CurrentOrder":null,"Builds":[],"GarrisonedIn":null,"Stance":0,"InterruptCurrent":false,"AttackBack":false,"TargetPriority":"","ActiveOrders":null,"Health":11,"MaxHealth":11},{"InternalID":15,"UnitID":11,"Type":2,"Kind":1,"Location":{"Space":{"X":-3,"Y":2},"Zone":{"X":0,"Y":1}},"CurrentStamina":15,"CurrentOrder":null,"Builds":[],"GarrisonedIn":null,"Stance":0,"InterruptCurrent":false,"AttackBack":false,"TargetPriority":"","ActiveOrders":null,"Health":11,"MaxHealth":11},{"InternalID":16,"UnitID":11,"Type":2,"Kind":1,"Location":{"Space":{"X":-3,"Y":2},"Zone":{"X":0,"Y":1}},"CurrentStamina":15,"CurrentOrder":null,"Builds":[],"GarrisonedIn":null,"Stance":0,"InterruptCurrent":false,"AttackBack":false,"TargetPriority":"","ActiveOrders":null,"Health":11,"MaxHealth":11},{"InternalID":17,"UnitID":12,"Type":2,"Kind":1,"Location":{"Space":{"X":-3,"Y":2},"Zone":{"X":0,"Y":1}},"CurrentStamina":12,"CurrentOrder":null,"Builds":[],"GarrisonedIn":null,"Stance":0,"InterruptCurrent":false,"AttackBack":false,"TargetPriority":"","ActiveOrders":null,"Health":16,"MaxHealth":16},{"InternalID":18,"UnitID":12,"Type":2,"Kind":1,"Location":{"Space":{"X":-3,"Y":2},"Zone":{"X":0,"Y":1}},"CurrentStamina":12,"CurrentOrder":null,"Builds":[],"GarrisonedIn":null,"Stance":0,"InterruptCurrent":false,"AttackBack":false,"TargetPriority":"","ActiveOrders":null,"Health":16,"MaxHealth":16},{"InternalID":19,"UnitID":12,"Type":2,"Kind":1,"Location":{"Space":{"X":-3,"Y":2},"Zone":{"X":0,"Y":1}},"CurrentStamina":12,"CurrentOrder":null,"Builds":[],"GarrisonedIn":null,"Stance":0,"InterruptCurrent":false,"AttackBack":false,"TargetPriority":"","ActiveOrders":null,"Health":16,"MaxHealth":16},{"InternalID":20,"UnitID":12,"Type":2,"Kind":1,"Location":{"Space":{"X":-3,"Y":2},"Zone":{"X":0,"Y":1}},"CurrentStamina":12,"CurrentOrder":null,"Builds":[],"GarrisonedIn":null,"Stance":0,"InterruptCurrent":false,"AttackBack":false,"TargetPriority":"","ActiveOrders":null,"Health":16,"MaxHealth":16},{"InternalID":21,"UnitID":12,"Type":2,"Kind":1,"Location":{"Space":{"X":-3,"Y":2},"Zone":{"X":0,"Y":1}},"CurrentStamina":12,"CurrentOrder":null,"Builds":[],"GarrisonedIn":null,"Stance":0,"InterruptCurrent":false,"AttackBack":false,"TargetPriority":"","ActiveOrders":null,"Health":16,"MaxHealth":16},{"InternalID":22,"UnitID":12,"Type":2,"Kind":1,"Location":{"Space":{"X":-3,"Y":2},"Zone":{"X":0,"Y":1}},"CurrentStamina":12,"CurrentOrder":null,"Builds":[],"GarrisonedIn":null,"Stance":0,"InterruptCurrent":false,"AttackBack":false,"TargetPriority":"","ActiveOrders":null,"Health":16,"MaxHealth":16},{"InternalID":23,"UnitID":12,"Type":2,"Kind":1,"Location":{"Space":{"X":-3,"Y":2},"Zone":{"X":0,"Y":1}},"CurrentStamina":12,"CurrentOrder":null,"Builds":[],"GarrisonedIn":null,"Stance":0,"InterruptCurrent":false,"AttackBack":false,"TargetPriority":"","ActiveOrders":null,"Health":16,"MaxHealth":16},{"InternalID":24,"UnitID":12,"Type":2,"Kind":1,"Location":{"Space":{"X":-3,"Y":2},"Zone":{"X":0,"Y":1}},"CurrentStamina":12,"CurrentOrder":null,"Builds":[],"GarrisonedIn":null,"Stance":0,"InterruptCurrent":false,"AttackBack":false,"TargetPriority":"","ActiveOrders":null,"Health":16,"MaxHealth":16}],"foundations":[],"population":{"current":27,"limit":0},"resources":{"food":200,"gold":40,"stone":100,"wood":200},"spaces":[{"Space":{"X":0,"Y":-4},"Vision":2,"Owner":-1},{"Space":{"X":1,"Y":-4},"Vision":3,"Owner":1},{"Space":{"X":2,"Y":-4},"Vision":2,"Owner":-1},{"Space":{"X":3,"Y":-4},"Vision":0,"Owner":-1},{"Space":{"X":4,"Y":-4},"Vision":0,"Owner":-1},{"Space":{"X":-1,"Y":-3},"Vision":1,"Owner":0},{"Space":{"X":0,"Y":-3},"Vision":2,"Owner":-1},{"Space":{"X":1,"Y":-3},"Vision":2,"Owner":-1},{"Space":{"X":2,"Y":-3},"Vision":1,"Owner":-1},{"Space":{"X":3,"Y":-3},"Vision":0,"Owner":-1},{"Space":{"X":4,"Y":-3},"Vision":0,"Owner":-1},{"Space":{"X":-2,"Y":-2},"Vision":1,"Owner":0},{"Space":{"X":-1,"Y":-2},"Vision":1,"Owner":-1},{"Space":{"X":0,"Y":-2},"Vision":1,"Owner":-1},{"Space":{"X":1,"Y":-2},"Vision":1,"Owner":-1},{"Space":{"X":2,"Y":-2},"Vision":0,"Owner":-1},{"Space":{"X":3,"Y":-2},"Vision":0,"Owner":-1},{"Space":{"X":4,"Y":-2},"Vision":0,"Owner":-1},{"Space":{"X":-3,"Y":-1},"Vision":1,"Owner":0},{"Space":{"X":-2,"Y":-1},"Vision":1,"Owner":-1},{"Space":{"X":-1,"Y":-1},"Vision":1,"Owner":-1},{"Space":{"X":0,"Y":-1},"Vision":1,"Owner":-1},{"Space":{"X":1,"Y":-1},"Vision":0,"Owner":-1},{"Space":{"X":2,"Y":-1},"Vision":0,"Owner":-1},{"Space":{"X":3,"Y":-1},"Vision":0,"Owner":-1},{"Space":{"X":4,"Y":-1},"Vision":0,"Owner":-1},{"Space":{"X":-4,"Y":0},"Vision":1,"Owner":-1},{"Space":{"X":-3,"Y":0},"Vision":1,"Owner":0},{"Space":{"X":-2,"Y":0},"Vision":1,"Owner":-1},{"Space":{"X":-1,"Y":0},"Vision":1,"Owner":-1},{"Space":{"X":0,"Y":0},"Vision":1,"Owner":-1},{"Space":{"X":1,"Y":0},"Vision":0,"Owner":-1},{"Space":{"X":2,"Y":0},"Vision":0,"Owner":-1},{"Space":{"X":3,"Y":0},"Vision":0,"Owner":-1},{"Space":{"X":4,"Y":0},"Vision":0,"Owner":-1},{"Space":{"X":-4,"Y":1},"Vision":1,"Owner":-1},{"Space":{"X":-3,"Y":1},"Vision":2,"Owner":-1},{"Space":{"X":-2,"Y":1},"Vision":2,"Owner":-1},{"Space":{"X":-1,"Y":1},"Vision":1,"Owner":-1},{"Space":{"X":0,"Y":1},"Vision":1,"Owner":-1},{"Space":{"X":1,"Y":1},"Vision":0,"Owner":-1},{"Space":{"X":2,"Y":1},"Vision":0,"Owner":-1},{"Space":{"X":3,"Y":1},"Vision":0,"Owner":-1},{"Space":{"X":-4,"Y":2},"Vision":2,"Owner":-1},{"Space":{"X":-3,"Y":2},"Vision":3,"Owner":-1},{"Space":{"X":-2,"Y":2},"Vision":2,"Owner":-1},{"Space":{"X":-1,"Y":2},"Vision":1,"Owner":-1},{"Space":{"X":0,"Y":2},"Vision":1,"Owner":-1},{"Space":{"X":1,"Y":2},"Vision":0,"Owner":-1},{"Space":{"X":2,"Y":2},"Vision":0,"Owner":-1},{"Space":{"X":-4,"Y":3},"Vision":2,"Owner":-1},{"Space":{"X":-3,"Y":3},"Vision":3,"Owner":-1},{"Space":{"X":-2,"Y":3},"Vision":1,"Owner":-1},{"Space":{"X":-1,"Y":3},"Vision":1,"Owner":-1},{"Space":{"X":0,"Y":3},"Vision":1,"Owner":-1},{"Space":{"X":1,"Y":3},"Vision":0,"Owner":-1},{"Space":{"X":-4,"Y":4},"Vision":1,"Owner":-1},{"Space":{"X":-3,"Y":4},"Vision":1,"Owner":-1},{"Space":{"X":-2,"Y":4},"Vision":1,"Owner":-1},{"Space":{"X":-1,"Y":4},"Vision":1,"Owner":-1},{"Space":{"X":0,"Y":4},"Vision":0,"Owner":-1}],"units":[{"InternalID":32,"UnitID":11,"Type":2,"Kind":1,"Location":{"Space":{"X":1,"Y":-4},"Zone":{"X":0,"Y":0}},"CurrentStamina":21,"CurrentOrder":null,"Builds":[],"GarrisonedIn":null,"Stance":3,"InterruptCurrent":false,"AttackBack":true,"TargetPriority":"","ActiveOrders":null,"Health":11,"MaxHealth":11},{"InternalID":35,"UnitID":11,"Type":2,"Kind":1,"Location":{"Space":{"X":-3,"Y":2},"Zone":{"X":0,"Y":1}},"CurrentStamina":15,"CurrentOrder":{"Kind":4,"TargetZone":null,"TargetSpace":{"X":-3,"Y":2},"TargetResource":null,"TargetUnit":null,"TargetBuilding":null},"Builds":[],"GarrisonedIn":null,"Stance":3,"InterruptCurrent":false,"AttackBack":true,"TargetPriority":"","ActiveOrders":[{"ID":453,"Kind":4}],"Health":2.475,"MaxHealth":11},{"InternalID":36,"UnitID":11,"Type":2,"Kind":1,"Location":{"Space":{"X":-3,"Y":2},"Zone":{"X":0,"Y":1}},"CurrentStamina":15,"CurrentOrder":{"Kind":4,"TargetZone":null,"TargetSpace":{"X":-3,"Y":2},"TargetResource":null,"TargetUnit":null,"TargetBuilding":null},"Builds":[],"GarrisonedIn":null,"Stance":3,"InterruptCurrent":false,"AttackBack":true,"TargetPriority":"","ActiveOrders":[{"ID":456,"Kind":4}],"Health":2.475,"MaxHealth":11},{"InternalID":37,"UnitID":11,"Type":2,"Kind":1,"Location":{"Space":{"X":-3,"Y":2},"Zone":{"X":0,"Y":1}},"CurrentStamina":15,"CurrentOrder":{"Kind":4,"TargetZone":null,"TargetSpace":{"X":-3,"Y":2},"TargetResource":null,"TargetUnit":null,"TargetBuilding":null},"Builds":[],"GarrisonedIn":null,"Stance":3,"InterruptCurrent":false,"AttackBack":true,"TargetPriority":"","ActiveOrders":[{"ID":466,"Kind":4}],"Health":11,"MaxHealth":11},{"InternalID":38,"UnitID":11,"Type":2,"Kind":1,"Location":{"Space":{"X":-3,"Y":2},"Zone":{"X":0,"Y":1}},"CurrentStamina":15,"CurrentOrder":{"Kind":4,"TargetZone":null,"TargetSpace":{"X":-3,"Y":2},"TargetResource":null,"TargetUnit":null,"TargetBuilding":null},"Builds":[],"GarrisonedIn":null,"Stance":3,"InterruptCurrent":false,"AttackBack":true,"TargetPriority":"","ActiveOrders":[{"ID":475,"Kind":4}],"Health":11,"MaxHealth":11},{"InternalID":39,"UnitID":11,"Type":2,"Kind":1,"Location":{"Space":{"X":-3,"Y":2},"Zone":{"X":0,"Y":1}},"CurrentStamina":15,"CurrentOrder":{"Kind":4,"TargetZone":null,"TargetSpace":{"X":-3,"Y":2},"TargetResource":null,"TargetUnit":null,"TargetBuilding":null},"Builds":[],"GarrisonedIn":null,"Stance":3,"InterruptCurrent":false,"AttackBack":true,"TargetPriority":"","ActiveOrders":[{"ID":457,"Kind":4}],"Health":11,"MaxHealth":11},{"InternalID":40,"UnitID":11,"Type":2,"Kind":1,"Location":{"Space":{"X":-3,"Y":2},"Zone":{"X":0,"Y":1}},"CurrentStamina":15,"CurrentOrder":{"Kind":4,"TargetZone":null,"TargetSpace":{"X":-3,"Y":2},"TargetResource":null,"TargetUnit":null,"TargetBuilding":null},"Builds":[],"GarrisonedIn":null,"Stance":3,"InterruptCurrent":false,"AttackBack":true,"TargetPriority":"","ActiveOrders":[{"ID":471,"Kind":4}],"Health":11,"MaxHealth":11},{"InternalID":41,"UnitID":11,"Type":2,"Kind":1,"Location":{"Space":{"X":-3,"Y":2},"Zone":{"X":0,"Y":1}},"CurrentStamina":15,"CurrentOrder":{"Kind":4,"TargetZone":null,"TargetSpace":{"X":-3,"Y":2},"TargetResource":null,"TargetUnit":null,"TargetBuilding":null},"Builds":[],"GarrisonedIn":null,"Stance":3,"InterruptCurrent":false,"AttackBack":true,"TargetPriority":"","ActiveOrders":[{"ID":467,"Kind":4}],"Health":11,"MaxHealth":11},{"InternalID":42,"UnitID":11,"Type":2,"Kind":1,"Location":{"Space":{"X":-3,"Y":2},"Zone":{"X":0,"Y":1}},"CurrentStamina":15,"CurrentOrder":{"Kind":4,"TargetZone":null,"TargetSpace":{"X":-3,"Y":2},"TargetResource":null,"TargetUnit":null,"TargetBuilding":null},"Builds":[],"GarrisonedIn":null,"Stance":3,"InterruptCurrent":false,"AttackBack":true,"TargetPriority":"","ActiveOrders":[{"ID":454,"Kind":4}],"Health":11,"MaxHealth":11},{"InternalID":43,"UnitID":11,"Type":2,"Kind":1,"Location":{"Space":{"X":-3,"Y":2},"Zone":{"X":0,"Y":1}},"CurrentStamina":15,"CurrentOrder":{"Kind":4,"TargetZone":null,"TargetSpace":{"X":-3,"Y":2},"TargetResource":null,"TargetUnit":null,"TargetBuilding":null},"Builds":[],"GarrisonedIn":null,"Stance":3,"InterruptCurrent":false,"AttackBack":true,"TargetPriority":"","ActiveOrders":[{"ID":476,"Kind":4}],"Health":11,"MaxHealth":11},{"InternalID":44,"UnitID":11,"Type":2,"Kind":1,"Location":{"Space":{"X":-3,"Y":2},"Zone":{"X":0,"Y":1}},"CurrentStamina":15,"CurrentOrder":{"Kind":4,"TargetZone":null,"TargetSpace":{"X":-3,"Y":2},"TargetResource":null,"TargetUnit":null,"TargetBuilding":null},"Builds":[],"GarrisonedIn":null,"Stance":3,"InterruptCurrent":false,"AttackBack":true,"TargetPriority":"","ActiveOrders":[{"ID":468,"Kind":4}],"Health":11,"MaxHealth":11},{"InternalID":45,"UnitID":11,"Type":2,"Kind":1,"Location":{"Space":{"X":-3,"Y":2},"Zone":{"X":0,"Y":1}},"CurrentStamina":15,"CurrentOrder":{"Kind":4,"TargetZone":null,"TargetSpace":{"X":-3,"Y":2},"TargetResource":null,"TargetUnit":null,"TargetBuilding":null},"Builds":[],"GarrisonedIn":null,"Stance":3,"InterruptCurrent":false,"AttackBack":true,"TargetPriority":"","ActiveOrders":[{"ID":450,"Kind":4}],"Health":11,"MaxHealth":11},{"InternalID":46,"UnitID":11,"Type":2,"Kind":1,"Location":{"Space":{"X":-3,"Y":2},"Zone":{"X":0,"Y":1}},"CurrentStamina":15,"CurrentOrder":{"Kind":4,"TargetZone":null,"TargetSpace":{"X":-3,"Y":2},"TargetResource":null,"TargetUnit":null,"TargetBuilding":null},"Builds":[],"GarrisonedIn":null,"Stance":3,"InterruptCurrent":false,"AttackBack":true,"TargetPriority":"","ActiveOrders":[{"ID":472,"Kind":4}],"Health":11,"MaxHealth":11},{"InternalID":47,"UnitID":12,"Type":2,"Kind":1,"Location":{"Space":{"X":-3,"Y":2},"Zone":{"X":0,"Y":1}},"CurrentStamina":12,"CurrentOrder":{"Kind":4,"TargetZone":null,"TargetSpace":{"X":-3,"Y":2},"TargetResource":null,"TargetUnit":null,"TargetBuilding":null},"Builds":[],"GarrisonedIn":null,"Stance":3,"InterruptCurrent":false,"AttackBack":true,"TargetPriority":"","ActiveOrders":[{"ID":461,"Kind":4}],"Health":16,"MaxHealth":16},{"InternalID":48,"UnitID":12,"Type":2,"Kind":1,"Location":{"Space":{"X":-3,"Y":2},"Zone":{"X":0,"Y":1}},"CurrentStamina":12,"CurrentOrder":{"Kind":4,"TargetZone":null,"TargetSpace":{"X":-3,"Y":2},"TargetResource":null,"TargetUnit":null,"TargetBuilding":null},"Builds":[],"GarrisonedIn":null,"Stance":3,"InterruptCurrent":false,"AttackBack":true,"TargetPriority":"","ActiveOrders":[{"ID":458,"Kind":4}],"Health":16,"MaxHealth":16},{"InternalID":49,"UnitID":12,"Type":2,"Kind":1,"Location":{"Space":{"X":-3,"Y":2},"Zone":{"X":0,"Y":1}},"CurrentStamina":12,"CurrentOrder":{"Kind":4,"TargetZone":null,"TargetSpace":{"X":-3,"Y":2},"TargetResource":null,"TargetUnit":null,"TargetBuilding":null},"Builds":[],"GarrisonedIn":null,"Stance":3,"InterruptCurrent":false,"AttackBack":true,"TargetPriority":"","ActiveOrders":[{"ID":455,"Kind":4}],"Health":16,"MaxHealth":16},{"InternalID":50,"UnitID":12,"Type":2,"Kind":1,"Location":{"Space":{"X":-3,"Y":2},"Zone":{"X":0,"Y":1}},"CurrentStamina":12,"CurrentOrder":{"Kind":4,"TargetZone":null,"TargetSpace":{"X":-3,"Y":2},"TargetResource":null,"TargetUnit":null,"TargetBuilding":null},"Builds":[],"GarrisonedIn":null,"Stance":3,"InterruptCurrent":false,"AttackBack":true,"TargetPriority":"","ActiveOrders":[{"ID":473,"Kind":4}],"Health":16,"MaxHealth":16},{"InternalID":51,"UnitID":12,"Type":2,"Kind":1,"Location":{"Space":{"X":-3,"Y":2},"Zone":{"X":0,"Y":1}},"CurrentStamina":12,"CurrentOrder":{"Kind":4,"TargetZone":null,"TargetSpace":{"X":-3,"Y":2},"TargetResource":null,"TargetUnit":null,"TargetBuilding":null},"Builds":[],"GarrisonedIn":null,"Stance":3,"InterruptCurrent":false,"AttackBack":true,"TargetPriority":"","ActiveOrders":[{"ID":459,"Kind":4}],"Health":16,"MaxHealth":16},{"InternalID":52,"UnitID":12,"Type":2,"Kind":1,"Location":{"Space":{"X":-3,"Y":2},"Zone":{"X":0,"Y":1}},"CurrentStamina":12,"CurrentOrder":{"Kind":4,"TargetZone":null,"TargetSpace":{"X":-3,"Y":2},"TargetResource":null,"TargetUnit":null,"TargetBuilding":null},"Builds":[],"GarrisonedIn":null,"Stance":3,"InterruptCurrent":false,"AttackBack":true,"TargetPriority":"","ActiveOrders":[{"ID":462,"Kind":4}],"Health":16,"MaxHealth":16},{"InternalID":53,"UnitID":12,"Type":2,"Kind":1,"Location":{"Space":{"X":-3,"Y":2},"Zone":{"X":0,"Y":1}},"CurrentStamina":12,"CurrentOrder":{"Kind":4,"TargetZone":null,"TargetSpace":{"X":-3,"Y":2},"TargetResource":null,"TargetUnit":null,"TargetBuilding":null},"Builds":[],"GarrisonedIn":null,"Stance":3,"InterruptCurrent":false,"AttackBack":true,"TargetPriority":"","ActiveOrders":[{"ID":452,"Kind":4}],"Health":16,"MaxHealth":16},{"InternalID":54,"UnitID":12,"Type":2,"Kind":1,"Location":{"Space":{"X":-3,"Y":2},"Zone":{"X":0,"Y":1}},"CurrentStamina":12,"CurrentOrder":{"Kind":4,"TargetZone":null,"TargetSpace":{"X":-3,"Y":2},"TargetResource":null,"TargetUnit":null,"TargetBuilding":null},"Builds":[],"GarrisonedIn":null,"Stance":3,"InterruptCurrent":false,"AttackBack":true,"TargetPriority":"","ActiveOrders":[{"ID":463,"Kind":4}],"Health":16,"MaxHealth":16},{"InternalID":55,"UnitID":13,"Type":2,"Kind":1,"Location":{"Space":{"X":-3,"Y":2},"Zone":{"X":0,"Y":1}},"CurrentStamina":8,"CurrentOrder":{"Kind":4,"TargetZone":null,"TargetSpace":{"X":-3,"Y":2},"TargetResource":null,"TargetUnit":null,"TargetBuilding":null},"Builds":[],"GarrisonedIn":null,"Stance":3,"InterruptCurrent":false,"AttackBack":true,"TargetPriority":"","ActiveOrders":[{"ID":464,"Kind":4}],"Health":50,"MaxHealth":50},{"InternalID":56,"UnitID":13,"Type":2,"Kind":1,"Location":{"Space":{"X":-3,"Y":2},"Zone":{"X":0,"Y":1}},"CurrentStamina":8,"CurrentOrder":{"Kind":4,"TargetZone":null,"TargetSpace":{"X":-3,"Y":2},"TargetResource":null,"TargetUnit":null,"TargetBuilding":null},"Builds":[],"GarrisonedIn":null,"Stance":3,"InterruptCurrent":false,"AttackBack":true,"TargetPriority":"","ActiveOrders":[{"ID":465,"Kind":4}],"Health":50,"MaxHealth":50},{"InternalID":57,"UnitID":13,"Type":2,"Kind":1,"Location":{"Space":{"X":-3,"Y":2},"Zone":{"X":0,"Y":1}},"CurrentStamina":8,"CurrentOrder":{"Kind":4,"TargetZone":null,"TargetSpace":{"X":-3,"Y":2},"TargetResource":null,"TargetUnit":null,"TargetBuilding":null},"Builds":[],"GarrisonedIn":null,"Stance":3,"InterruptCurrent":false,"AttackBack":true,"TargetPriority":"","ActiveOrders":[{"ID":469,"Kind":4}],"Health":50,"MaxHealth":50},{"InternalID":58,"UnitID":13,"Type":2,"Kind":1,"Location":{"Space":{"X":-3,"Y":2},"Zone":{"X":0,"Y":1}},"CurrentStamina":8,"CurrentOrder":{"Kind":4,"TargetZone":null,"TargetSpace":{"X":-3,"Y":2},"TargetResource":null,"TargetUnit":null,"TargetBuilding":null},"Builds":[],"GarrisonedIn":null,"Stance":3,"InterruptCurrent":false,"AttackBack":true,"TargetPriority":"","ActiveOrders":[{"ID":451,"Kind":4}],"Health":50,"MaxHealth":50},{"InternalID":59,"UnitID":13,"Type":2,"Kind":1,"Location":{"Space":{"X":-3,"Y":2},"Zone":{"X":0,"Y":1}},"CurrentStamina":8,"CurrentOrder":{"Kind":4,"TargetZone":null,"TargetSpace":{"X":-3,"Y":2},"TargetResource":null,"TargetUnit":null,"TargetBuilding":null},"Builds":[],"GarrisonedIn":null,"Stance":3,"InterruptCurrent":false,"AttackBack":true,"TargetPriority":"","ActiveOrders":[{"ID":470,"Kind":4}],"Health":50,"MaxHealth":50},{"InternalID":60,"UnitID":13,"Type":2,"Kind":1,"Location":{"Space":{"X":-3,"Y":2},"Zone":{"X":0,"Y":1}},"CurrentStamina":8,"CurrentOrder":{"Kind":4,"TargetZone":null,"TargetSpace":{"X":-3,"Y":2},"TargetResource":null,"TargetUnit":null,"TargetBuilding":null},"Builds":[],"GarrisonedIn":null,"Stance":3,"InterruptCurrent":false,"AttackBack":true,"TargetPriority":"","ActiveOrders":[{"ID":474,"Kind":4}],"Health":50,"MaxHealth":50}]}
2026/09/30 21:20:38 ai ai-1: submitting orders [{Subjects:[32] OrderType:2 TargetID:19306 ClearPreviousOrders:true}]
2026/09/30 21:20:38 ai ai-1: vars {}
2026/09/30 21:20:38 player action: submit-orders 0 2 map[orders:[{1 [32] 2 19306 true}]]
2026/09/30 21:20:38 Executing submit orders for: 1 [{1 [32] 2 19306 true}]
2026/09/30 21:20:38 ai ai-0: submitting orders [{Subjects:[4] OrderType:9 TargetID:35 ClearPreviousOrders:true} {Subjects:[6] OrderType:9 TargetID:35 ClearPreviousOrders:true} {Subjects:[7] OrderType:9 TargetID:35 ClearPreviousOrders:true} {Subjects:[8] OrderType:9 TargetID:35 ClearPreviousOrders:true} {Subjects:[9] OrderType:9 TargetID:35 ClearPreviousOrders:true} {Subjects:[10] OrderType:9 TargetID:35 ClearPreviousOrders:true} {Subjects:[11] OrderType:9 TargetID:35 ClearPreviousOrders:true} {Subjects:[12] OrderType:9 TargetID:35 ClearPreviousOrders:true} {Subjects:[13] OrderType:9 TargetID:35 ClearPreviousOrders:true} {Subjects:[14] OrderType:9 TargetID:35 ClearPreviousOrders:true} {Subjects:[15] OrderType:9 TargetID:35 ClearPreviousOrders:true} {Subjects:[16] OrderType:9 TargetID:35 ClearPreviousOrders:true} {Subjects:[17] OrderType:9 TargetID:35 ClearPreviousOrders:true} {Subjects:[18] OrderType:9 TargetID:35 ClearPreviousOrders:true} {Subjects:[19] OrderType:9 TargetID:35 ClearPreviousOrders:true} {Subjects:[20] OrderType:9 TargetID:35 ClearPreviousOrders:true} {Subjects:[21] OrderType:9 TargetID:35 ClearPreviousOrders:true} {Subjects:[22] OrderType:9 TargetID:35 ClearPreviousOrders:true} {Subjects:[23] OrderType:9 TargetID:35 ClearPreviousOrders:true} {Subjects:[24] OrderType:9 TargetID:35 ClearPreviousOrders:true} {Subjects:[4] OrderType:9 TargetID:35 ClearPreviousOrders:true} {Subjects:[4] OrderType:9 TargetID:36 ClearPreviousOrders:false} {Subjects:[4] OrderType:9 TargetID:37 ClearPreviousOrders:false} {Subjects:[4] OrderType:9 TargetID:38 ClearPreviousOrders:false} {Subjects:[4] OrderType:9 TargetID:39 ClearPreviousOrders:false} {Subjects:[4] OrderType:9 TargetID:40 ClearPreviousOrders:false} {Subjects:[6] OrderType:9 TargetID:35 ClearPreviousOrders:true} {Subjects:[6] OrderType:9 TargetID:37 ClearPreviousOrders:false} {Subjects:[6] OrderType:9 TargetID:38 ClearPreviousOrders:false} {Subjects:[6] OrderType:9 TargetID:39 ClearPreviousOrders:false} {Subjects:[6] OrderType:9 TargetID:40 ClearPreviousOrders:false} {Subjects:[6] OrderType:9 TargetID:41 ClearPreviousOrders:false} {Subjects:[7] OrderType:9 TargetID:36 ClearPreviousOrders:true} {Subjects:[7] OrderType:9 TargetID:37 ClearPreviousOrders:false} {Subjects:[7] OrderType:9 TargetID:38 ClearPreviousOrders:false} {Subjects:[7] OrderType:9 TargetID:39 ClearPreviousOrders:false} {Subjects:[7] OrderType:9 TargetID:40 ClearPreviousOrders:false} {Subjects:[7] OrderType:9 TargetID:41 ClearPreviousOrders:false} {Subjects:[8] OrderType:9 TargetID:36 ClearPreviousOrders:true} {Subjects:[8] OrderType:9 TargetID:38 ClearPreviousOrders:false} {Subjects:[8] OrderType:9 TargetID:39 ClearPreviousOrders:false} {Subjects:[8] OrderType:9 TargetID:40 ClearPreviousOrders:false} {Subjects:[8] OrderType:9 TargetID:41 ClearPreviousOrders:false} {Subjects:[8] OrderType:9 TargetID:42 ClearPreviousOrders:false} {Subjects:[9] OrderType:9 TargetID:37 ClearPreviousOrders:true} {Subjects:[9] OrderType:9 TargetID:38 ClearPreviousOrders:false} {Subjects:[9] OrderType:9 TargetID:39 ClearPreviousOrders:false} {Subjects:[9] OrderType:9 TargetID:40 ClearPreviousOrders:false} {Subjects:[9] OrderType:9 TargetID:41 ClearPreviousOrders:false} {Subjects:[9] OrderType:9 TargetID:42 ClearPreviousOrders:false} {Subjects:[10] OrderType:9 TargetID:37 ClearPreviousOrders:true} {Subjects:[10] OrderType:9 TargetID:39 ClearPreviousOrders:false} {Subjects:[10] OrderType:9 TargetID:40 ClearPreviousOrders:false} {Subjects:[10] OrderType:9 TargetID:41 ClearPreviousOrders:false} {Subjects:[10] OrderType:9 TargetID:42 ClearPreviousOrders:false} {Subjects:[10] OrderType:9 TargetID:43 ClearPreviousOrders:false} {Subjects:[11] OrderType:9 TargetID:37 ClearPreviousOrders:true} {Subjects:[11] OrderType:9 TargetID:40 ClearPreviousOrders:false} {Subjects:[11] OrderType:9 TargetID:41 ClearPreviousOrders:false} {Subjects:[11] OrderType:9 TargetID:42 ClearPreviousOrders:false} {Subjects:[11] OrderType:9 TargetID:43 ClearPreviousOrders:false} {Subjects:[11] OrderType:9 TargetID:44 ClearPreviousOrders:false} {Subjects:[12] OrderType:9 TargetID:37 ClearPreviousOrders:true} {Subjects:[12] OrderType:9 TargetID:41 ClearPreviousOrders:false} {Subjects:[12] OrderType:9 TargetID:42 ClearPreviousOrders:false} {Subjects:[12] OrderType:9 TargetID:43 ClearPreviousOrders:false} {Subjects:[12] OrderType:9 TargetID:44 ClearPreviousOrders:false} {Subjects:[12] OrderType:9 TargetID:45 ClearPreviousOrders:false} {Subjects:[13] OrderType:9 TargetID:37 ClearPreviousOrders:true} {Subjects:[13] OrderType:9 TargetID:42 ClearPreviousOrders:false} {Subjects:[13] OrderType:9 TargetID:43 ClearPreviousOrders:false} {Subjects:[13] OrderType:9 TargetID:44 ClearPreviousOrders:false} {Subjects:[13] OrderType:9 TargetID:45 ClearPreviousOrders:false} {Subjects:[13] OrderType:9 TargetID:46 ClearPreviousOrders:false} {Subjects:[14] OrderType:9 TargetID:37 ClearPreviousOrders:true} {Subjects:[14] OrderType:9 TargetID:43 ClearPreviousOrders:false} {Subjects:[14] OrderType:9 TargetID:44 ClearPreviousOrders:false} {Subjects:[14] OrderType:9 TargetID:45 ClearPreviousOrders:false} {Subjects:[14] OrderType:9 TargetID:46 ClearPreviousOrders:false} {Subjects:[14] OrderType:9 TargetID:47 ClearPreviousOrders:false} {Subjects:[15] OrderType:9 TargetID:37 ClearPreviousOrders:true} {Subjects:[15] OrderType:9 TargetID:44 ClearPreviousOrders:false} {Subjects:[15] OrderType:9 TargetID:45 ClearPreviousOrders:false} {Subjects:[15] OrderType:9 TargetID:46 ClearPreviousOrders:false} {Subjects:[15] OrderType:9 TargetID:47 ClearPreviousOrders:false} {Subjects:[15] OrderType:9 TargetID:48 ClearPreviousOrders:false} {Subjects:[16] OrderType:9 TargetID:37 ClearPreviousOrders:true} {Subjects:[16] OrderType:9 TargetID:45 ClearPreviousOrders:false} {Subjects:[16] OrderType:9 TargetID:46 ClearPreviousOrders:false} {Subjects:[16] OrderType:9 TargetID:47 ClearPreviousOrders:false} {Subjects:[16] OrderType:9 TargetID:48 ClearPreviousOrders:false} {Subjects:[16] OrderType:9 TargetID:49 ClearPreviousOrders:false} {Subjects:[17] OrderType:9 TargetID:38 ClearPreviousOrders:true} {Subjects:[17] OrderType:9 TargetID:39 ClearPreviousOrders:false} {Subjects:[17] OrderType:9 TargetID:40 ClearPreviousOrders:false} {Subjects:[17] OrderType:9 TargetID:41 ClearPreviousOrders:false} {Subjects:[17] OrderType:9 TargetID:42 ClearPreviousOrders:false} {Subjects:[17] OrderType:9 TargetID:43 ClearPreviousOrders:false} {Subjects:[18] OrderType:9 TargetID:38 ClearPreviousOrders:true} {Subjects:[18] OrderType:9 TargetID:40 ClearPreviousOrders:false} {Subjects:[18] OrderType:9 TargetID:41 ClearPreviousOrders:false} {Subjects:[18] OrderType:9 TargetID:42 ClearPreviousOrders:false} {Subjects:[18] OrderType:9 TargetID:43 ClearPreviousOrders:false} {Subjects:[18] OrderType:9 TargetID:44 ClearPreviousOrders:false} {Subjects:[19] OrderType:9 TargetID:38 ClearPreviousOrders:true} {Subjects:[19] OrderType:9 TargetID:41 ClearPreviousOrders:false} {Subjects:[19] OrderType:9 TargetID:42 ClearPreviousOrders:false} {Subjects:[19] OrderType:9 TargetID:43 ClearPreviousOrders:false} {Subjects:[19] OrderType:9 TargetID:44 ClearPreviousOrders:false} {Subjects:[19] OrderType:9 TargetID:45 ClearPreviousOrders:false} {Subjects:[20] OrderType:9 TargetID:38 ClearPreviousOrders:true} {Subjects:[20] OrderType:9 TargetID:42 ClearPreviousOrders:false} {Subjects:[20] OrderType:9 TargetID:43 ClearPreviousOrders:false} {Subjects:[20] OrderType:9 TargetID:44 ClearPreviousOrders:false} {Subjects:[20] OrderType:9 TargetID:45 ClearPreviousOrders:false} {Subjects:[20] OrderType:9 TargetID:46 ClearPreviousOrders:false} {Subjects:[21] OrderType:9 TargetID:38 ClearPreviousOrders:true} {Subjects:[21] OrderType:9 TargetID:43 ClearPreviousOrders:false} {Subjects:[21] OrderType:9 TargetID:44 ClearPreviousOrders:false} {Subjects:[21] OrderType:9 TargetID:45 ClearPreviousOrders:false} {Subjects:[21] OrderType:9 TargetID:46 ClearPreviousOrders:false} {Subjects:[21] OrderType:9 TargetID:47 ClearPreviousOrders:false} {Subjects:[22] OrderType:9 TargetID:38 ClearPreviousOrders:true} {Subjects:[22] OrderType:9 TargetID:44 ClearPreviousOrders:false} {Subjects:[22] OrderType:9 TargetID:45 ClearPreviousOrders:false} {Subjects:[22] OrderType:9 TargetID:46 ClearPreviousOrders:false} {Subjects:[22] OrderType:9 TargetID:47 ClearPreviousOrders:false} {Subjects:[22] OrderType:9 TargetID:48 ClearPreviousOrders:false} {Subjects:[23] OrderType:9 TargetID:38 ClearPreviousOrders:true} {Subjects:[23] OrderType:9 TargetID:45 ClearPreviousOrders:false} {Subjects:[23] OrderType:9 TargetID:46 ClearPreviousOrders:false} {Subjects:[23] OrderType:9 TargetID:47 ClearPreviousOrders:false} {Subjects:[23] OrderType:9 TargetID:48 ClearPreviousOrders:false} {Subjects:[23] OrderType:9 TargetID:49 ClearPreviousOrders:false} {Subjects:[24] OrderType:9 TargetID:38 ClearPreviousOrders:true} {Subjects:[24] OrderType:9 TargetID:46 ClearPreviousOrders:false} {Subjects:[24] OrderType:9 TargetID:47 ClearPreviousOrders:false} {Subjects:[24] OrderType:9 TargetID:48 ClearPreviousOrders:false} {Subjects:[24] OrderType:9 TargetID:49 ClearPreviousOrders:false} {Subjects:[24] OrderType:9 TargetID:50 ClearPreviousOrders:false}]
2026/09/30 21:20:38 ai ai-0: vars {"B":12,"Hv":0,"Pi":8,"aPowLocal":0,"aThreat":0,"a_engaged":0,"a_odds":1.3,"a_outnumbered":0,"army_target":50,"army_value":1720,"assault":0,"bank_rate":28,"bar_barracks":0.17072129748186085,"bar_redoubt":1.1111111111111112,"barracks":0,"barracks_B":0,"barracks_P":0,"barracks_save":0,"barracks_spend":78.1,"barracks_want":0,"buffer_food":70,"buffer_gold":0,"buffer_stone":0,"buffer_wood":70,"builders":0,"committed":0,"eB":13.399999999999999,"eGrowth":0,"eH":6,"eMil":27.4,"eP":8,"ePow":53.4,"ePowEst":52,"ePowSeen":52,"eTech":1,"eV":0,"es":28.4,"farm_want":0,"farm_wood_short":0,"farming":0,"fire_barracks":0,"fire_farm0":0,"fire_farm1":0,"fire_farm2":0,"fire_house":0,"fire_outpost":0,"fire_redoubt":0,"fire_smith":0,"fire_vc":0,"food_need":0,"food_over":0,"food_rate":0,"food_slots":1000,"food_workers":0,"free_room":30,"go":0,"gold_income":0,"gold_need":0,"gold_rate":0,"gold_surplus":98,"guaranteed":0,"guard_home":0,"headroom":-20,"hire_B":5276.923076923077,"hire_P":8292.307692307693,"homePow":0,"house_builders":0,"house_urgency":0,"house_want":0,"income_proj":0,"left":0,"lf_food":0,"lf_gold":0,"lf_stone":0,"lf_wood":0,"lump_food":0,"lump_gold":0,"lump_stone":0,"lump_wood":0,"maturity":0,"mil":20,"myTech":1,"n_barracks":0,"n_redoubts":0,"needB":22.10154160295019,"needP":7.898458397049811,"outpost_want":0,"pikes":0,"planned_food":0,"planned_gold":0,"planned_stone":0,"planned_wood":0,"prod_rate":0,"proj_army":1720,"raid_danger":52,"raid_fails":1,"raid_lost":3,"raid_pause":20,"raid_prev":0,"raid_size":0,"raid_wiped":1,"rate":6,"redoubt_H":0,"redoubt_gold_ok":0.43555555555555553,"redoubt_save":0,"redoubt_spend":30,"redoubt_want":0,"redoubts":0,"rf_food":0,"rf_gold":0,"rf_stone":0,"rf_wood":0,"sB4":1.2786580337798192,"sP4":0.45695578459175484,"scale_l":0,"scale_r":0,"shareH":0.5050803015404784,"smith_want":0,"smiths":0,"spare":0,"spare_food":0.5,"stone_need":0,"stone_rate":0,"tH":30,"target_spend":400,"tech_food":50,"tech_gold":0,"tech_stone":0,"tech_wood":50,"threat_home":0,"turns_left":-200,"u_barracks":0.1774359994477158,"u_redoubt":0.4714082814377799,"unit_spend":120,"vB":1.0633802816901408,"vH":1.0852112676056338,"vP":0.8221830985915493,"vc_want":0,"vcs":0,"vil_goal":50,"vil_rate":0,"vil_stamina":8,"vil_want":0,"vil_want_last":0,"vil_worth_now":0.6,"vils":0,"w_food":0,"w_gold":0,"w_stone":0,"w_wood":0,"wild_workers":0,"wood_need":0,"wood_rate":0,"workers":0}
2026/09/30 21:20:38 player action: set-unit-behavior 0 1 map[internal_ids:[4 7 8 9 10 11 12 13 14 15 16 17 18 19 20 21 22 23 24] interrupt_current:false]
2026/09/30 21:20:38 player action: submit-orders 0 1 map[orders:[{0 [4] 9 35 true} {0 [6] 9 35 true} {0 [7] 9 35 true} {0 [8] 9 35 true} {0 [9] 9 35 true} {0 [10] 9 35 true} {0 [11] 9 35 true} {0 [12] 9 35 true} {0 [13] 9 35 true} {0 [14] 9 35 true} {0 [15] 9 35 true} {0 [16] 9 35 true} {0 [17] 9 35 true} {0 [18] 9 35 true} {0 [19] 9 35 true} {0 [20] 9 35 true} {0 [21] 9 35 true} {0 [22] 9 35 true} {0 [23] 9 35 true} {0 [24] 9 35 true} {0 [4] 9 35 true} {0 [4] 9 36 false} {0 [4] 9 37 false} {0 [4] 9 38 false} {0 [4] 9 39 false} {0 [4] 9 40 false} {0 [6] 9 35 true} {0 [6] 9 37 false} {0 [6] 9 38 false} {0 [6] 9 39 false} {0 [6] 9 40 false} {0 [6] 9 41 false} {0 [7] 9 36 true} {0 [7] 9 37 false} {0 [7] 9 38 false} {0 [7] 9 39 false} {0 [7] 9 40 false} {0 [7] 9 41 false} {0 [8] 9 36 true} {0 [8] 9 38 false} {0 [8] 9 39 false} {0 [8] 9 40 false} {0 [8] 9 41 false} {0 [8] 9 42 false} {0 [9] 9 37 true} {0 [9] 9 38 false} {0 [9] 9 39 false} {0 [9] 9 40 false} {0 [9] 9 41 false} {0 [9] 9 42 false} {0 [10] 9 37 true} {0 [10] 9 39 false} {0 [10] 9 40 false} {0 [10] 9 41 false} {0 [10] 9 42 false} {0 [10] 9 43 false} {0 [11] 9 37 true} {0 [11] 9 40 false} {0 [11] 9 41 false} {0 [11] 9 42 false} {0 [11] 9 43 false} {0 [11] 9 44 false} {0 [12] 9 37 true} {0 [12] 9 41 false} {0 [12] 9 42 false} {0 [12] 9 43 false} {0 [12] 9 44 false} {0 [12] 9 45 false} {0 [13] 9 37 true} {0 [13] 9 42 false} {0 [13] 9 43 false} {0 [13] 9 44 false} {0 [13] 9 45 false} {0 [13] 9 46 false} {0 [14] 9 37 true} {0 [14] 9 43 false} {0 [14] 9 44 false} {0 [14] 9 45 false} {0 [14] 9 46 false} {0 [14] 9 47 false} {0 [15] 9 37 true} {0 [15] 9 44 false} {0 [15] 9 45 false} {0 [15] 9 46 false} {0 [15] 9 47 false} {0 [15] 9 48 false} {0 [16] 9 37 true} {0 [16] 9 45 false} {0 [16] 9 46 false} {0 [16] 9 47 false} {0 [16] 9 48 false} {0 [16] 9 49 false} {0 [17] 9 38 true} {0 [17] 9 39 false} {0 [17] 9 40 false} {0 [17] 9 41 false} {0 [17] 9 42 false} {0 [17] 9 43 false} {0 [18] 9 38 true} {0 [18] 9 40 false} {0 [18] 9 41 false} {0 [18] 9 42 false} {0 [18] 9 43 false} {0 [18] 9 44 false} {0 [19] 9 38 true} {0 [19] 9 41 false} {0 [19] 9 42 false} {0 [19] 9 43 false} {0 [19] 9 44 false} {0 [19] 9 45 false} {0 [20] 9 38 true} {0 [20] 9 42 false} {0 [20] 9 43 false} {0 [20] 9 44 false} {0 [20] 9 45 false} {0 [20] 9 46 false} {0 [21] 9 38 true} {0 [21] 9 43 false} {0 [21] 9 44 false} {0 [21] 9 45 false} {0 [21] 9 46 false} {0 [21] 9 47 false} {0 [22] 9 38 true} {0 [22] 9 44 false} {0 [22] 9 45 false} {0 [22] 9 46 false} {0 [22] 9 47 false} {0 [22] 9 48 false} {0 [23] 9 38 true} {0 [23] 9 45 false} {0 [23] 9 46 false} {0 [23] 9 47 false} {0 [23] 9 48 false} {0 [23] 9 49 false} {0 [24] 9 38 true} {0 [24] 9 46 false} {0 [24] 9 47 false} {0 [24] 9 48 false} {0 [24] 9 49 false} {0 [24] 9 50 false}]]
2026/09/30 21:20:38 Executing submit orders for: 0 [{0 [4] 9 35 true} {0 [6] 9 35 true} {0 [7] 9 35 true} {0 [8] 9 35 true} {0 [9] 9 35 true} {0 [10] 9 35 true} {0 [11] 9 35 true} {0 [12] 9 35 true} {0 [13] 9 35 true} {0 [14] 9 35 true} {0 [15] 9 35 true} {0 [16] 9 35 true} {0 [17] 9 35 true} {0 [18] 9 35 true} {0 [19] 9 35 true} {0 [20] 9 35 true} {0 [21] 9 35 true} {0 [22] 9 35 true} {0 [23] 9 35 true} {0 [24] 9 35 true} {0 [4] 9 35 true} {0 [4] 9 36 false} {0 [4] 9 37 false} {0 [4] 9 38 false} {0 [4] 9 39 false} {0 [4] 9 40 false} {0 [6] 9 35 true} {0 [6] 9 37 false} {0 [6] 9 38 false} {0 [6] 9 39 false} {0 [6] 9 40 false} {0 [6] 9 41 false} {0 [7] 9 36 true} {0 [7] 9 37 false} {0 [7] 9 38 false} {0 [7] 9 39 false} {0 [7] 9 40 false} {0 [7] 9 41 false} {0 [8] 9 36 true} {0 [8] 9 38 false} {0 [8] 9 39 false} {0 [8] 9 40 false} {0 [8] 9 41 false} {0 [8] 9 42 false} {0 [9] 9 37 true} {0 [9] 9 38 false} {0 [9] 9 39 false} {0 [9] 9 40 false} {0 [9] 9 41 false} {0 [9] 9 42 false} {0 [10] 9 37 true} {0 [10] 9 39 false} {0 [10] 9 40 false} {0 [10] 9 41 false} {0 [10] 9 42 false} {0 [10] 9 43 false} {0 [11] 9 37 true} {0 [11] 9 40 false} {0 [11] 9 41 false} {0 [11] 9 42 false} {0 [11] 9 43 false} {0 [11] 9 44 false} {0 [12] 9 37 true} {0 [12] 9 41 false} {0 [12] 9 42 false} {0 [12] 9 43 false} {0 [12] 9 44 false} {0 [12] 9 45 false} {0 [13] 9 37 true} {0 [13] 9 42 false} {0 [13] 9 43 false} {0 [13] 9 44 false} {0 [13] 9 45 false} {0 [13] 9 46 false} {0 [14] 9 37 true} {0 [14] 9 43 false} {0 [14] 9 44 false} {0 [14] 9 45 false} {0 [14] 9 46 false} {0 [14] 9 47 false} {0 [15] 9 37 true} {0 [15] 9 44 false} {0 [15] 9 45 false} {0 [15] 9 46 false} {0 [15] 9 47 false} {0 [15] 9 48 false} {0 [16] 9 37 true} {0 [16] 9 45 false} {0 [16] 9 46 false} {0 [16] 9 47 false} {0 [16] 9 48 false} {0 [16] 9 49 false} {0 [17] 9 38 true} {0 [17] 9 39 false} {0 [17] 9 40 false} {0 [17] 9 41 false} {0 [17] 9 42 false} {0 [17] 9 43 false} {0 [18] 9 38 true} {0 [18] 9 40 false} {0 [18] 9 41 false} {0 [18] 9 42 false} {0 [18] 9 43 false} {0 [18] 9 44 false} {0 [19] 9 38 true} {0 [19] 9 41 false} {0 [19] 9 42 false} {0 [19] 9 43 false} {0 [19] 9 44 false} {0 [19] 9 45 false} {0 [20] 9 38 true} {0 [20] 9 42 false} {0 [20] 9 43 false} {0 [20] 9 44 false} {0 [20] 9 45 false} {0 [20] 9 46 false} {0 [21] 9 38 true} {0 [21] 9 43 false} {0 [21] 9 44 false} {0 [21] 9 45 false} {0 [21] 9 46 false} {0 [21] 9 47 false} {0 [22] 9 38 true} {0 [22] 9 44 false} {0 [22] 9 45 false} {0 [22] 9 46 false} {0 [22] 9 47 false} {0 [22] 9 48 false} {0 [23] 9 38 true} {0 [23] 9 45 false} {0 [23] 9 46 false} {0 [23] 9 47 false} {0 [23] 9 48 false} {0 [23] 9 49 false} {0 [24] 9 38 true} {0 [24] 9 46 false} {0 [24] 9 47 false} {0 [24] 9 48 false} {0 [24] 9 49 false} {0 [24] 9 50 false}]
2026/09/30 21:20:38 Resolving active orders
2026/09/30 21:20:38 combat turn=13 tick=1: 23 u12 (player 0, stamina 3) hits 38 u11 (player 1) for 2.70
2026/09/30 21:20:38 combat turn=13 tick=1: 4 u11 (player 0, stamina 3) hits 35 u11 (player 1) for 1.80
2026/09/30 21:20:38 combat turn=13 tick=1: 16 u11 (player 0, stamina 3) hits 37 u11 (player 1) for 1.80
2026/09/30 21:20:38 combat turn=13 tick=1: 18 u12 (player 0, stamina 3) hits 38 u11 (player 1) for 2.70
2026/09/30 21:20:38 combat turn=13 tick=1: 24 u12 (player 0, stamina 3) hits 38 u11 (player 1) for 2.70
2026/09/30 21:20:38 combat turn=13 tick=1: 14 u11 (player 0, stamina 3) hits 37 u11 (player 1) for 1.80
2026/09/30 21:20:38 combat turn=13 tick=1: 8 u11 (player 0, stamina 3) hits 36 u11 (player 1) for 1.80
2026/09/30 21:20:38 combat turn=13 tick=1: 11 u11 (player 0, stamina 3) hits 37 u11 (player 1) for 1.80
2026/09/30 21:20:38 combat turn=13 tick=1: 17 u12 (player 0, stamina 3) hits 38 u11 (player 1) for 2.70
2026/09/30 21:20:38 combat turn=13 tick=1: 21 u12 (player 0, stamina 3) hits 38 u11 (player 1) for 2.70
2026/09/30 21:20:38 combat turn=13 tick=1: 13 u11 (player 0, stamina 3) hits 37 u11 (player 1) for 1.80
2026/09/30 21:20:38 combat turn=13 tick=1: 22 u12 (player 0, stamina 3) hits 38 u11 (player 1) for 2.70
2026/09/30 21:20:38 combat turn=13 tick=1: 6 u11 (player 0, stamina 3) hits 35 u11 (player 1) for 1.80
2026/09/30 21:20:38 combat turn=13 tick=1: 9 u11 (player 0, stamina 3) hits 37 u11 (player 1) for 1.80
2026/09/30 21:20:38 combat turn=13 tick=1: 15 u11 (player 0, stamina 3) hits 37 u11 (player 1) for 1.80
2026/09/30 21:20:38 combat turn=13 tick=1: 7 u11 (player 0, stamina 3) hits 36 u11 (player 1) for 1.80
2026/09/30 21:20:38 combat turn=13 tick=1: 10 u11 (player 0, stamina 3) hits 37 u11 (player 1) for 1.80
2026/09/30 21:20:38 combat turn=13 tick=1: 12 u11 (player 0, stamina 3) hits 37 u11 (player 1) for 1.80
2026/09/30 21:20:38 combat turn=13 tick=1: 19 u12 (player 0, stamina 3) hits 38 u11 (player 1) for 2.70
2026/09/30 21:20:38 combat turn=13 tick=1: 20 u12 (player 0, stamina 3) hits 38 u11 (player 1) for 2.70
2026/09/30 21:20:38 combat turn=13 tick=1: 39 u11 (player 1, stamina 3) hits 4 u11 (player 0) for 1.80
2026/09/30 21:20:38 combat turn=13 tick=1: 48 u12 (player 1, stamina 3) hits 4 u11 (player 0) for 2.70
2026/09/30 21:20:38 combat turn=13 tick=1: 51 u12 (player 1, stamina 3) hits 4 u11 (player 0) for 2.70
2026/09/30 21:20:38 combat turn=13 tick=1: 47 u12 (player 1, stamina 3) hits 4 u11 (player 0) for 2.70
2026/09/30 21:20:38 combat turn=13 tick=1: 52 u12 (player 1, stamina 3) hits 4 u11 (player 0) for 2.70
2026/09/30 21:20:38 combat turn=13 tick=1: 54 u12 (player 1, stamina 3) hits 4 u11 (player 0) for 2.70
2026/09/30 21:20:38 combat turn=13 tick=1: 55 u13 (player 1, stamina 3) hits 4 u11 (player 0) for 5.12
2026/09/30 21:20:38 combat turn=13 tick=1: 56 u13 (player 1, stamina 3) hits 4 u11 (player 0) for 5.12
2026/09/30 21:20:38 combat turn=13 tick=1: 37 u11 (player 1, stamina 3) hits 4 u11 (player 0) for 1.80
2026/09/30 21:20:38 combat turn=13 tick=1: 41 u11 (player 1, stamina 3) hits 4 u11 (player 0) for 1.80
2026/09/30 21:20:38 combat turn=13 tick=1: 44 u11 (player 1, stamina 3) hits 4 u11 (player 0) for 1.80
2026/09/30 21:20:38 combat turn=13 tick=1: 57 u13 (player 1, stamina 3) hits 4 u11 (player 0) for 5.12
2026/09/30 21:20:38 combat turn=13 tick=1: 59 u13 (player 1, stamina 3) hits 4 u11 (player 0) for 5.12
2026/09/30 21:20:38 combat turn=13 tick=1: 40 u11 (player 1, stamina 3) hits 4 u11 (player 0) for 1.80
2026/09/30 21:20:38 combat turn=13 tick=1: 46 u11 (player 1, stamina 3) hits 4 u11 (player 0) for 1.80
2026/09/30 21:20:38 combat turn=13 tick=1: 50 u12 (player 1, stamina 3) hits 4 u11 (player 0) for 2.70
2026/09/30 21:20:38 combat turn=13 tick=1: 60 u13 (player 1, stamina 3) hits 4 u11 (player 0) for 5.12
2026/09/30 21:20:38 combat turn=13 tick=1: 38 u11 (player 1, stamina 3) hits 4 u11 (player 0) for 1.80
2026/09/30 21:20:38 combat turn=13 tick=1: 43 u11 (player 1, stamina 3) hits 4 u11 (player 0) for 1.80
2026/09/30 21:20:38 combat turn=13 tick=1: 45 u11 (player 1, stamina 3) hits 4 u11 (player 0) for 1.80
2026/09/30 21:20:38 combat turn=13 tick=1: 58 u13 (player 1, stamina 3) hits 4 u11 (player 0) for 5.12
2026/09/30 21:20:38 combat turn=13 tick=1: 53 u12 (player 1, stamina 3) hits 4 u11 (player 0) for 2.70
2026/09/30 21:20:38 combat turn=13 tick=1: 35 u11 (player 1, stamina 3) hits 4 u11 (player 0) for 1.80
2026/09/30 21:20:38 combat turn=13 tick=1: 42 u11 (player 1, stamina 3) hits 4 u11 (player 0) for 1.80
2026/09/30 21:20:38 combat turn=13 tick=1: 49 u12 (player 1, stamina 3) hits 4 u11 (player 0) for 2.70
2026/09/30 21:20:38 Moving unit 32 Blunt Infantry to zone(1, 0) in space (1, -4) tick=1
2026/09/30 21:20:38 combat turn=13 tick=1: 36 u11 (player 1, stamina 3) hits 4 u11 (player 0) for 1.80
2026/09/30 21:20:38 state_hash turn=13 tick=1 hash=028af9abf8c18177
2026/09/30 21:20:38 combat turn=13 tick=2: 22 u12 (player 0, stamina 3) hits 44 u11 (player 1) for 2.70
2026/09/30 21:20:38 combat turn=13 tick=2: 6 u11 (player 0, stamina 3) hits 39 u11 (player 1) for 1.80
2026/09/30 21:20:38 combat turn=13 tick=2: 9 u11 (player 0, stamina 3) hits 39 u11 (player 1) for 1.80
2026/09/30 21:20:38 combat turn=13 tick=2: 15 u11 (player 0, stamina 3) hits 44 u11 (player 1) for 1.80
2026/09/30 21:20:38 combat turn=13 tick=2: 7 u11 (player 0, stamina 3) hits 39 u11 (player 1) for 1.80
2026/09/30 21:20:38 combat turn=13 tick=2: 10 u11 (player 0, stamina 3) hits 39 u11 (player 1) for 1.80
2026/09/30 21:20:38 combat turn=13 tick=2: 12 u11 (player 0, stamina 3) hits 41 u11 (player 1) for 1.80
2026/09/30 21:20:38 combat turn=13 tick=2: 19 u12 (player 0, stamina 3) hits 41 u11 (player 1) for 2.70
2026/09/30 21:20:38 combat turn=13 tick=2: 20 u12 (player 0, stamina 3) hits 42 u11 (player 1) for 2.70
2026/09/30 21:20:38 combat turn=13 tick=2: 23 u12 (player 0, stamina 3) hits 45 u11 (player 1) for 2.70
2026/09/30 21:20:38 combat turn=13 tick=2: 16 u11 (player 0, stamina 3) hits 45 u11 (player 1) for 1.80
2026/09/30 21:20:38 combat turn=13 tick=2: 18 u12 (player 0, stamina 3) hits 40 u11 (player 1) for 2.70
2026/09/30 21:20:38 combat turn=13 tick=2: 24 u12 (player 0, stamina 3) hits 46 u11 (player 1) for 2.70
2026/09/30 21:20:38 combat turn=13 tick=2: 14 u11 (player 0, stamina 3) hits 43 u11 (player 1) for 1.80
2026/09/30 21:20:38 combat turn=13 tick=2: 8 u11 (player 0, stamina 3) hits 39 u11 (player 1) for 1.80
2026/09/30 21:20:38 combat turn=13 tick=2: 11 u11 (player 0, stamina 3) hits 40 u11 (player 1) for 1.80
2026/09/30 21:20:38 combat turn=13 tick=2: 17 u12 (player 0, stamina 3) hits 39 u11 (player 1) for 2.70
2026/09/30 21:20:38 combat turn=13 tick=2: 21 u12 (player 0, stamina 3) hits 43 u11 (player 1) for 2.70
2026/09/30 21:20:38 combat turn=13 tick=2: 13 u11 (player 0, stamina 3) hits 42 u11 (player 1) for 1.80
2026/09/30 21:20:38 combat turn=13 tick=2: 46 u11 (player 1, stamina 3) hits 6 u11 (player 0) for 1.80
2026/09/30 21:20:38 combat turn=13 tick=2: 50 u12 (player 1, stamina 3) hits 6 u11 (player 0) for 2.70
2026/09/30 21:20:38 combat turn=13 tick=2: 60 u13 (player 1, stamina 3) hits 6 u11 (player 0) for 5.12
2026/09/30 21:20:38 combat turn=13 tick=2: 43 u11 (player 1, stamina 3) hits 6 u11 (player 0) for 1.80
2026/09/30 21:20:38 combat turn=13 tick=2: 45 u11 (player 1, stamina 3) hits 6 u11 (player 0) for 1.80
2026/09/30 21:20:38 combat turn=13 tick=2: 58 u13 (player 1, stamina 3) hits 6 u11 (player 0) for 5.12
2026/09/30 21:20:38 combat turn=13 tick=2: 53 u12 (player 1, stamina 3) hits 6 u11 (player 0) for 2.70
2026/09/30 21:20:38 combat turn=13 tick=2: 42 u11 (player 1, stamina 3) hits 6 u11 (player 0) for 1.80
2026/09/30 21:20:38 combat turn=13 tick=2: 49 u12 (player 1, stamina 3) hits 6 u11 (player 0) for 2.70
2026/09/30 21:20:38 Moving unit 32 Blunt Infantry to zone(-1, 0) in space (2, -4) tick=2
2026/09/30 21:20:38 combat turn=13 tick=2: 39 u11 (player 1, stamina 3) hits 6 u11 (player 0) for 1.80
2026/09/30 21:20:38 combat turn=13 tick=2: 48 u12 (player 1, stamina 3) hits 6 u11 (player 0) for 2.70
2026/09/30 21:20:38 combat turn=13 tick=2: 51 u12 (player 1, stamina 3) hits 6 u11 (player 0) for 2.70
2026/09/30 21:20:38 combat turn=13 tick=2: 47 u12 (player 1, stamina 3) hits 6 u11 (player 0) for 2.70
2026/09/30 21:20:38 combat turn=13 tick=2: 52 u12 (player 1, stamina 3) hits 6 u11 (player 0) for 2.70
2026/09/30 21:20:38 combat turn=13 tick=2: 54 u12 (player 1, stamina 3) hits 6 u11 (player 0) for 2.70
2026/09/30 21:20:38 combat turn=13 tick=2: 55 u13 (player 1, stamina 3) hits 6 u11 (player 0) for 5.12
2026/09/30 21:20:38 combat turn=13 tick=2: 56 u13 (player 1, stamina 3) hits 6 u11 (player 0) for 5.12
2026/09/30 21:20:38 combat turn=13 tick=2: 41 u11 (player 1, stamina 3) hits 6 u11 (player 0) for 1.80
2026/09/30 21:20:38 combat turn=13 tick=2: 44 u11 (player 1, stamina 3) hits 6 u11 (player 0) for 1.80
2026/09/30 21:20:38 combat turn=13 tick=2: 57 u13 (player 1, stamina 3) hits 6 u11 (player 0) for 5.12
2026/09/30 21:20:38 combat turn=13 tick=2: 59 u13 (player 1, stamina 3) hits 6 u11 (player 0) for 5.12
2026/09/30 21:20:38 combat turn=13 tick=2: 40 u11 (player 1, stamina 3) hits 6 u11 (player 0) for 1.80
2026/09/30 21:20:38 state_hash turn=13 tick=2 hash=fe477fb2152c7749
2026/09/30 21:20:38 combat turn=13 tick=3: 14 u11 (player 0, stamina 3) hits 43 u11 (player 1) for 1.80
2026/09/30 21:20:38 combat turn=13 tick=3: 8 u11 (player 0, stamina 3) hits 40 u11 (player 1) for 1.80
2026/09/30 21:20:38 combat turn=13 tick=3: 11 u11 (player 0, stamina 3) hits 40 u11 (player 1) for 1.80
2026/09/30 21:20:38 combat turn=13 tick=3: 17 u12 (player 0, stamina 3) hits 40 u11 (player 1) for 2.70
2026/09/30 21:20:38 combat turn=13 tick=3: 21 u12 (player 0, stamina 3) hits 43 u11 (player 1) for 2.70
2026/09/30 21:20:38 combat turn=13 tick=3: 13 u11 (player 0, stamina 3) hits 42 u11 (player 1) for 1.80
2026/09/30 21:20:38 combat turn=13 tick=3: 22 u12 (player 0, stamina 3) hits 44 u11 (player 1) for 2.70
2026/09/30 21:20:38 combat turn=13 tick=3: 9 u11 (player 0, stamina 3) hits 40 u11 (player 1) for 1.80
2026/09/30 21:20:38 combat turn=13 tick=3: 15 u11 (player 0, stamina 3) hits 44 u11 (player 1) for 1.80
2026/09/30 21:20:38 combat turn=13 tick=3: 7 u11 (player 0, stamina 3) hits 40 u11 (player 1) for 1.80
2026/09/30 21:20:38 combat turn=13 tick=3: 10 u11 (player 0, stamina 3) hits 40 u11 (player 1) for 1.80
2026/09/30 21:20:38 combat turn=13 tick=3: 12 u11 (player 0, stamina 3) hits 41 u11 (player 1) for 1.80
2026/09/30 21:20:38 combat turn=13 tick=3: 19 u12 (player 0, stamina 3) hits 41 u11 (player 1) for 2.70
2026/09/30 21:20:38 combat turn=13 tick=3: 20 u12 (player 0, stamina 3) hits 42 u11 (player 1) for 2.70
2026/09/30 21:20:38 combat turn=13 tick=3: 23 u12 (player 0, stamina 3) hits 45 u11 (player 1) for 2.70
2026/09/30 21:20:38 combat turn=13 tick=3: 16 u11 (player 0, stamina 3) hits 45 u11 (player 1) for 1.80
2026/09/30 21:20:38 combat turn=13 tick=3: 18 u12 (player 0, stamina 3) hits 40 u11 (player 1) for 2.70
2026/09/30 21:20:38 combat turn=13 tick=3: 24 u12 (player 0, stamina 3) hits 46 u11 (player 1) for 2.70
2026/09/30 21:20:38 combat turn=13 tick=3: 41 u11 (player 1, stamina 3) hits 7 u11 (player 0) for 1.80
2026/09/30 21:20:38 combat turn=13 tick=3: 44 u11 (player 1, stamina 3) hits 7 u11 (player 0) for 1.80
2026/09/30 21:20:38 combat turn=13 tick=3: 57 u13 (player 1, stamina 2) hits 7 u11 (player 0) for 3.41
2026/09/30 21:20:38 combat turn=13 tick=3: 59 u13 (player 1, stamina 2) hits 7 u11 (player 0) for 3.41
2026/09/30 21:20:38 combat turn=13 tick=3: 40 u11 (player 1, stamina 3) hits 7 u11 (player 0) for 1.80
2026/09/30 21:20:38 combat turn=13 tick=3: 46 u11 (player 1, stamina 3) hits 7 u11 (player 0) for 1.80
2026/09/30 21:20:38 combat turn=13 tick=3: 50 u12 (player 1, stamina 3) hits 7 u11 (player 0) for 2.70
2026/09/30 21:20:38 combat turn=13 tick=3: 60 u13 (player 1, stamina 2) hits 7 u11 (player 0) for 3.41
2026/09/30 21:20:38 combat turn=13 tick=3: 43 u11 (player 1, stamina 3) hits 7 u11 (player 0) for 1.80
2026/09/30 21:20:38 combat turn=13 tick=3: 45 u11 (player 1, stamina 3) hits 7 u11 (player 0) for 1.80
2026/09/30 21:20:38 combat turn=13 tick=3: 58 u13 (player 1, stamina 2) hits 7 u11 (player 0) for 3.41
2026/09/30 21:20:38 combat turn=13 tick=3: 53 u12 (player 1, stamina 3) hits 7 u11 (player 0) for 2.70
2026/09/30 21:20:38 combat turn=13 tick=3: 42 u11 (player 1, stamina 3) hits 7 u11 (player 0) for 1.80
2026/09/30 21:20:38 combat turn=13 tick=3: 49 u12 (player 1, stamina 3) hits 7 u11 (player 0) for 2.70
2026/09/30 21:20:38 Moving unit 32 Blunt Infantry to zone(0, 0) in space (2, -4) tick=3
2026/09/30 21:20:38 combat turn=13 tick=3: 48 u12 (player 1, stamina 3) hits 7 u11 (player 0) for 2.70
2026/09/30 21:20:38 combat turn=13 tick=3: 51 u12 (player 1, stamina 3) hits 7 u11 (player 0) for 2.70
2026/09/30 21:20:38 combat turn=13 tick=3: 47 u12 (player 1, stamina 3) hits 7 u11 (player 0) for 2.70
2026/09/30 21:20:38 combat turn=13 tick=3: 52 u12 (player 1, stamina 3) hits 7 u11 (player 0) for 2.70
2026/09/30 21:20:38 combat turn=13 tick=3: 54 u12 (player 1, stamina 3) hits 7 u11 (player 0) for 2.70
2026/09/30 21:20:38 combat turn=13 tick=3: 55 u13 (player 1, stamina 2) hits 7 u11 (player 0) for 3.41
2026/09/30 21:20:38 combat turn=13 tick=3: 56 u13 (player 1, stamina 2) hits 7 u11 (player 0) for 3.41
2026/09/30 21:20:38 state_hash turn=13 tick=3 hash=30557cb33686a56e
2026/09/30 21:20:38 combat turn=13 tick=4: 9 u11 (player 0, stamina 3) hits 41 u11 (player 1) for 1.80
2026/09/30 21:20:38 combat turn=13 tick=4: 15 u11 (player 0, stamina 3) hits 44 u11 (player 1) for 1.80
2026/09/30 21:20:38 combat turn=13 tick=4: 10 u11 (player 0, stamina 3) hits 41 u11 (player 1) for 1.80
2026/09/30 21:20:38 combat turn=13 tick=4: 12 u11 (player 0, stamina 3) hits 41 u11 (player 1) for 1.80
2026/09/30 21:20:38 combat turn=13 tick=4: 19 u12 (player 0, stamina 3) hits 41 u11 (player 1) for 2.70
2026/09/30 21:20:38 combat turn=13 tick=4: 20 u12 (player 0, stamina 3) hits 42 u11 (player 1) for 2.70
2026/09/30 21:20:38 combat turn=13 tick=4: 23 u12 (player 0, stamina 3) hits 45 u11 (player 1) for 2.70
2026/09/30 21:20:38 combat turn=13 tick=4: 16 u11 (player 0, stamina 3) hits 45 u11 (player 1) for 1.80
2026/09/30 21:20:38 combat turn=13 tick=4: 18 u12 (player 0, stamina 3) hits 41 u11 (player 1) for 2.70
2026/09/30 21:20:38 combat turn=13 tick=4: 24 u12 (player 0, stamina 3) hits 46 u11 (player 1) for 2.70
2026/09/30 21:20:38 combat turn=13 tick=4: 14 u11 (player 0, stamina 3) hits 43 u11 (player 1) for 1.80
2026/09/30 21:20:38 combat turn=13 tick=4: 8 u11 (player 0, stamina 3) hits 41 u11 (player 1) for 1.80
2026/09/30 21:20:38 combat turn=13 tick=4: 11 u11 (player 0, stamina 3) hits 41 u11 (player 1) for 1.80
2026/09/30 21:20:38 combat turn=13 tick=4: 17 u12 (player 0, stamina 3) hits 41 u11 (player 1) for 2.70
2026/09/30 21:20:38 combat turn=13 tick=4: 21 u12 (player 0, stamina 3) hits 43 u11 (player 1) for 2.70
2026/09/30 21:20:38 combat turn=13 tick=4: 13 u11 (player 0, stamina 3) hits 42 u11 (player 1) for 1.80
2026/09/30 21:20:38 combat turn=13 tick=4: 22 u12 (player 0, stamina 3) hits 44 u11 (player 1) for 2.70
2026/09/30 21:20:38 combat turn=13 tick=4: 42 u11 (player 1, stamina 3) hits 8 u11 (player 0) for 1.80
2026/09/30 21:20:38 combat turn=13 tick=4: 49 u12 (player 1, stamina 3) hits 8 u11 (player 0) for 2.70
2026/09/30 21:20:38 Moving unit 32 Blunt Infantry to zone(1, 0) in space (2, -4) tick=4
2026/09/30 21:20:38 combat turn=13 tick=4: 48 u12 (player 1, stamina 3) hits 8 u11 (player 0) for 2.70
2026/09/30 21:20:38 combat turn=13 tick=4: 51 u12 (player 1, stamina 3) hits 8 u11 (player 0) for 2.70
2026/09/30 21:20:38 combat turn=13 tick=4: 47 u12 (player 1, stamina 3) hits 8 u11 (player 0) for 2.70
2026/09/30 21:20:38 combat turn=13 tick=4: 52 u12 (player 1, stamina 3) hits 8 u11 (player 0) for 2.70
2026/09/30 21:20:38 combat turn=13 tick=4: 54 u12 (player 1, stamina 3) hits 8 u11 (player 0) for 2.70
2026/09/30 21:20:38 combat turn=13 tick=4: 41 u11 (player 1, stamina 3) hits 8 u11 (player 0) for 1.80
2026/09/30 21:20:38 combat turn=13 tick=4: 44 u11 (player 1, stamina 3) hits 8 u11 (player 0) for 1.80
2026/09/30 21:20:38 combat turn=13 tick=4: 46 u11 (player 1, stamina 3) hits 8 u11 (player 0) for 1.80
2026/09/30 21:20:38 combat turn=13 tick=4: 50 u12 (player 1, stamina 3) hits 8 u11 (player 0) for 2.70
2026/09/30 21:20:38 combat turn=13 tick=4: 43 u11 (player 1, stamina 3) hits 8 u11 (player 0) for 1.80
2026/09/30 21:20:38 combat turn=13 tick=4: 45 u11 (player 1, stamina 3) hits 8 u11 (player 0) for 1.80
2026/09/30 21:20:38 combat turn=13 tick=4: 53 u12 (player 1, stamina 3) hits 8 u11 (player 0) for 2.70
2026/09/30 21:20:38 state_hash turn=13 tick=4 hash=5539aac0778d6377
2026/09/30 21:20:38 combat turn=13 tick=5: 15 u11 (player 0, stamina 3) hits 46 u11 (player 1) for 1.80
2026/09/30 21:20:38 combat turn=13 tick=5: 16 u11 (player 0, stamina 3) hits 46 u11 (player 1) for 1.80
2026/09/30 21:20:38 combat turn=13 tick=5: 14 u11 (player 0, stamina 3) hits 46 u11 (player 1) for 1.80
2026/09/30 21:20:38 combat turn=13 tick=5: 13 u11 (player 0, stamina 3) hits 46 u11 (player 1) for 1.80
2026/09/30 21:20:38 Moving unit 32 Blunt Infantry to zone(-1, 0) in space (3, -4) tick=5
2026/09/30 21:20:38 combat turn=13 tick=5: 46 u11 (player 1, stamina 3) hits 9 u11 (player 0) for 1.80
2026/09/30 21:20:38 state_hash turn=13 tick=5 hash=e88121b0e076e978
2026/09/30 21:20:38 combat turn=13 tick=6: 9 u11 (player 0, stamina 3) hits 47 u12 (player 1) for 1.50
2026/09/30 21:20:38 combat turn=13 tick=6: 10 u11 (player 0, stamina 3) hits 47 u12 (player 1) for 1.50
2026/09/30 21:20:38 combat turn=13 tick=6: 12 u11 (player 0, stamina 3) hits 47 u12 (player 1) for 1.50
2026/09/30 21:20:38 combat turn=13 tick=6: 11 u11 (player 0, stamina 3) hits 47 u12 (player 1) for 1.50
2026/09/30 21:20:38 Moving unit 32 Blunt Infantry to zone(0, 0) in space (3, -4) tick=6
2026/09/30 21:20:38 state_hash turn=13 tick=6 hash=cc7b2c59155cca21
2026/09/30 21:20:38 state_hash turn=13 tick=end hash=df1014b44d866913
2026/09/30 21:20:38 ai ai-1: new turn data {"buildings":[],"enemy_buildings":[],"enemy_units":[{"InternalID":9,"UnitID":11,"Type":2,"Kind":1,"Location":{"Space":{"X":-3,"Y":2},"Zone":{"X":0,"Y":1}},"CurrentStamina":15,"CurrentOrder":null,"Builds":[],"GarrisonedIn":null,"Stance":0,"InterruptCurrent":false,"AttackBack":false,"TargetPriority":"","ActiveOrders":null,"Health":9.2,"MaxHealth":11},{"InternalID":10,"UnitID":11,"Type":2,"Kind":1,"Location":{"Space":{"X":-3,"Y":2},"Zone":{"X":0,"Y":1}},"CurrentStamina":15,"CurrentOrder":null,"Builds":[],"GarrisonedIn":null,"Stance":0,"InterruptCurrent":false,"AttackBack":false,"TargetPriority":"","ActiveOrders":null,"Health":11,"MaxHealth":11},{"InternalID":11,"UnitID":11,"Type":2,"Kind":1,"Location":{"Space":{"X":-3,"Y":2},"Zone":{"X":0,"Y":1}},"CurrentStamina":15,"CurrentOrder":null,"Builds":[],"GarrisonedIn":null,"Stance":0,"InterruptCurrent":false,"AttackBack":false,"TargetPriority":"","ActiveOrders":null,"Health":11,"MaxHealth":11},{"InternalID":12,"UnitID":11,"Type":2,"Kind":1,"Location":{"Space":{"X":-3,"Y":2},"Zone":{"X":0,"Y":1}},"CurrentStamina":15,"CurrentOrder":null,"Builds":[],"GarrisonedIn":null,"Stance":0,"InterruptCurrent":false,"AttackBack":false,"TargetPriority":"","ActiveOrders":null,"Health":11,"MaxHealth":11},{"InternalID":13,"UnitID":11,"Type":2,"Kind":1,"Location":{"Space":{"X":-3,"Y":2},"Zone":{"X":0,"Y":1}},"CurrentStamina":15,"CurrentOrder":null,"Builds":[],"GarrisonedIn":null,"Stance":0,"InterruptCurrent":false,"AttackBack":false,"TargetPriority":"","ActiveOrders":null,"Health":11,"MaxHealth":11},{"InternalID":14,"UnitID":11,"Type":2,"Kind":1,"Location":{"Space":{"X":-3,"Y":2},"Zone":{"X":0,"Y":1}},"CurrentStamina":15,"CurrentOrder":null,"Builds":[],"GarrisonedIn":null,"Stance":0,"InterruptCurrent":false,"AttackBack":false,"TargetPriority":"","ActiveOrders":null,"Health":11,"MaxHealth":11},{"InternalID":15,"UnitID":11,"Type":2,"Kind":1,"Location":{"Space":{"X":-3,"Y":2},"Zone":{"X":0,"Y":1}},"CurrentStamina":15,"CurrentOrder":null,"Builds":[],"GarrisonedIn":null,"Stance":0,"InterruptCurrent":false,"AttackBack":false,"TargetPriority":"","ActiveOrders":null,"Health":11,"MaxHealth":11},{"InternalID":16,"UnitID":11,"Type":2,"Kind":1,"Location":{"Space":{"X":-3,"Y":2},"Zone":{"X":0,"Y":1}},"CurrentStamina":15,"CurrentOrder":null,"Builds":[],"GarrisonedIn":null,"Stance":0,"InterruptCurrent":false,"AttackBack":false,"TargetPriority":"","ActiveOrders":null,"Health":11,"MaxHealth":11},{"InternalID":17,"UnitID":12,"Type":2,"Kind":1,"Location":{"Space":{"X":-3,"Y":2},"Zone":{"X":0,"Y":1}},"CurrentStamina":12,"CurrentOrder":null,"Builds":[],"GarrisonedIn":null,"Stance":0,"InterruptCurrent":false,"AttackBack":false,"TargetPriority":"","ActiveOrders":null,"Health":16,"MaxHealth":16},{"InternalID":18,"UnitID":12,"Type":2,"Kind":1,"Location":{"Space":{"X":-3,"Y":2},"Zone":{"X":0,"Y":1}},"CurrentStamina":12,"CurrentOrder":null,"Builds":[],"GarrisonedIn":null,"Stance":0,"InterruptCurrent":false,"AttackBack":false,"TargetPriority":"","ActiveOrders":null,"Health":16,"MaxHealth":16},{"InternalID":19,"UnitID":12,"Type":2,"Kind":1,"Location":{"Space":{"X":-3,"Y":2},"Zone":{"X":0,"Y":1}},"CurrentStamina":12,"CurrentOrder":null,"Builds":[],"GarrisonedIn":null,"Stance":0,"InterruptCurrent":false,"AttackBack":false,"TargetPriority":"","ActiveOrders":null,"Health":16,"MaxHealth":16},{"InternalID":20,"UnitID":12,"Type":2,"Kind":1,"Location":{"Space":{"X":-3,"Y":2},"Zone":{"X":0,"Y":1}},"CurrentStamina":12,"CurrentOrder":null,"Builds":[],"GarrisonedIn":null,"Stance":0,"InterruptCurrent":false,"AttackBack":false,"TargetPriority":"","ActiveOrders":null,"Health":16,"MaxHealth":16},{"InternalID":21,"UnitID":12,"Type":2,"Kind":1,"Location":{"Space":{"X":-3,"Y":2},"Zone":{"X":0,"Y":1}},"CurrentStamina":12,"CurrentOrder":null,"Builds":[],"GarrisonedIn":null,"Stance":0,"InterruptCurrent":false,"AttackBack":false,"TargetPriority":"","ActiveOrders":null,"Health":16,"MaxHealth":16},{"InternalID":22,"UnitID":12,"Type":2,"Kind":1,"Location":{"Space":{"X":-3,"Y":2},"Zone":{"X":0,"Y":1}},"CurrentStamina":12,"CurrentOrder":null,"Builds":[],"GarrisonedIn":null,"Stance":0,"InterruptCurrent":false,"AttackBack":false,"TargetPriority":"","ActiveOrders":null,"Health":16,"MaxHealth":16},{"InternalID":23,"UnitID":12,"Type":2,"Kind":1,"Location":{"Space":{"X":-3,"Y":2},"Zone":{"X":0,"Y":1}},"CurrentStamina":12,"CurrentOrder":null,"Builds":[],"GarrisonedIn":null,"Stance":0,"InterruptCurrent":false,"AttackBack":false,"TargetPriority":"","ActiveOrders":null,"Health":16,"MaxHealth":16},{"InternalID":24,"UnitID":12,"Type":2,"Kind":1,"Location":{"Space":{"X":-3,"Y":2},"Zone":{"X":0,"Y":1}},"CurrentStamina":12,"CurrentOrder":null,"Builds":[],"GarrisonedIn":null,"Stance":0,"InterruptCurrent":false,"AttackBack":false,"TargetPriority":"","ActiveOrders":null,"Health":16,"MaxHealth":16}],"foundations":[],"population":{"current":15,"limit":0},"resources":{"food":200,"gold":42,"stone":100,"wood":200},"spaces":[{"Space":{"X":0,"Y":-4},"Vision":1,"Owner":-1},{"Space":{"X":1,"Y":-4},"Vision":1,"Owner":-1},{"Space":{"X":2,"Y":-4},"Vision":2,"Owner":-1},{"Space":{"X":3,"Y":-4},"Vision":3,"Owner":1},{"Space":{"X":4,"Y":-4},"Vision":2,"Owner":-1},{"Space":{"X":-1,"Y":-3},"Vision":1,"Owner":0},{"Space":{"X":0,"Y":-3},"Vision":1,"Owner":-1},{"Space":{"X":1,"Y":-3},"Vision":1,"Owner":-1},{"Space":{"X":2,"Y":-3},"Vision":2,"Owner":-1},{"Space":{"X":3,"Y":-3},"Vision":2,"Owner":-1},{"Space":{"X":4,"Y":-3},"Vision":0,"Owner":-1},{"Space":{"X":-2,"Y":-2},"Vision":1,"Owner":0},{"Space":{"X":-1,"Y":-2},"Vision":1,"Owner":-1},{"Space":{"X":0,"Y":-2},"Vision":1,"Owner":-1},{"Space":{"X":1,"Y":-2},"Vision":1,"Owner":-1},{"Space":{"X":2,"Y":-2},"Vision":0,"Owner":-1},{"Space":{"X":3,"Y":-2},"Vision":0,"Owner":-1},{"Space":{"X":4,"Y":-2},"Vision":0,"Owner":-1},{"Space":{"X":-3,"Y":-1},"Vision":1,"Owner":0},{"Space":{"X":-2,"Y":-1},"Vision":1,"Owner":-1},{"Space":{"X":-1,"Y":-1},"Vision":1,"Owner":-1},{"Space":{"X":0,"Y":-1},"Vision":1,"Owner":-1},{"Space":{"X":1,"Y":-1},"Vision":0,"Owner":-1},{"Space":{"X":2,"Y":-1},"Vision":0,"Owner":-1},{"Space":{"X":3,"Y":-1},"Vision":0,"Owner":-1},{"Space":{"X":4,"Y":-1},"Vision":0,"Owner":-1},{"Space":{"X":-4,"Y":0},"Vision":1,"Owner":-1},{"Space":{"X":-3,"Y":0},"Vision":1,"Owner":0},{"Space":{"X":-2,"Y":0},"Vision":1,"Owner":-1},{"Space":{"X":-1,"Y":0},"Vision":1,"Owner":-1},{"Space":{"X":0,"Y":0},"Vision":1,"Owner":-1},{"Space":{"X":1,"Y":0},"Vision":0,"Owner":-1},{"Space":{"X":2,"Y":0},"Vision":0,"Owner":-1},{"Space":{"X":3,"Y":0},"Vision":0,"Owner":-1},{"Space":{"X":4,"Y":0},"Vision":0,"Owner":-1},{"Space":{"X":-4,"Y":1},"Vision":1,"Owner":-1},{"Space":{"X":-3,"Y":1},"Vision":2,"Owner":-1},{"Space":{"X":-2,"Y":1},"Vision":2,"Owner":-1},{"Space":{"X":-1,"Y":1},"Vision":1,"Owner":-1},{"Space":{"X":0,"Y":1},"Vision":1,"Owner":-1},{"Space":{"X":1,"Y":1},"Vision":0,"Owner":-1},{"Space":{"X":2,"Y":1},"Vision":0,"Owner":-1},{"Space":{"X":3,"Y":1},"Vision":0,"Owner":-1},{"Space":{"X":-4,"Y":2},"Vision":2,"Owner":-1},{"Space":{"X":-3,"Y":2},"Vision":3,"Owner":-1},{"Space":{"X":-2,"Y":2},"Vision":2,"Owner":-1},{"Space":{"X":-1,"Y":2},"Vision":1,"Owner":-1},{"Space":{"X":0,"Y":2},"Vision":1,"Owner":-1},{"Space":{"X":1,"Y":2},"Vision":0,"Owner":-1},{"Space":{"X":2,"Y":2},"Vision":0,"Owner":-1},{"Space":{"X":-4,"Y":3},"Vision":2,"Owner":-1},{"Space":{"X":-3,"Y":3},"Vision":3,"Owner":-1},{"Space":{"X":-2,"Y":3},"Vision":1,"Owner":-1},{"Space":{"X":-1,"Y":3},"Vision":1,"Owner":-1},{"Space":{"X":0,"Y":3},"Vision":1,"Owner":-1},{"Space":{"X":1,"Y":3},"Vision":0,"Owner":-1},{"Space":{"X":-4,"Y":4},"Vision":1,"Owner":-1},{"Space":{"X":-3,"Y":4},"Vision":1,"Owner":-1},{"Space":{"X":-2,"Y":4},"Vision":1,"Owner":-1},{"Space":{"X":-1,"Y":4},"Vision":1,"Owner":-1},{"Space":{"X":0,"Y":4},"Vision":0,"Owner":-1}],"units":[{"InternalID":32,"UnitID":11,"Type":2,"Kind":1,"Location":{"Space":{"X":3,"Y":-4},"Zone":{"X":0,"Y":0}},"CurrentStamina":20,"CurrentOrder":null,"Builds":[],"GarrisonedIn":null,"Stance":3,"InterruptCurrent":false,"AttackBack":true,"TargetPriority":"","ActiveOrders":null,"Health":11,"MaxHealth":11},{"InternalID":47,"UnitID":12,"Type":2,"Kind":1,"Location":{"Space":{"X":-3,"Y":2},"Zone":{"X":0,"Y":1}},"CurrentStamina":12,"CurrentOrder":{"Kind":4,"TargetZone":null,"TargetSpace":{"X":-3,"Y":2},"TargetResource":null,"TargetUnit":null,"TargetBuilding":null},"Builds":[],"GarrisonedIn":null,"Stance":3,"InterruptCurrent":false,"AttackBack":true,"TargetPriority":"","ActiveOrders":[{"ID":461,"Kind":4}],"Health":10,"MaxHealth":16},{"InternalID":48,"UnitID":12,"Type":2,"Kind":1,"Location":{"Space":{"X":-3,"Y":2},"Zone":{"X":0,"Y":1}},"CurrentStamina":12,"CurrentOrder":{"Kind":4,"TargetZone":null,"TargetSpace":{"X":-3,"Y":2},"TargetResource":null,"TargetUnit":null,"TargetBuilding":null},"Builds":[],"GarrisonedIn":null,"Stance":3,"InterruptCurrent":false,"AttackBack":true,"TargetPriority":"","ActiveOrders":[{"ID":458,"Kind":4}],"Health":16,"MaxHealth":16},{"InternalID":49,"UnitID":12,"Type":2,"Kind":1,"Location":{"Space":{"X":-3,"Y":2},"Zone":{"X":0,"Y":1}},"CurrentStamina":12,"CurrentOrder":{"Kind":4,"TargetZone":null,"TargetSpace":{"X":-3,"Y":2},"TargetResource":null,"TargetUnit":null,"TargetBuilding":null},"Builds":[],"GarrisonedIn":null,"Stance":3,"InterruptCurrent":false,"AttackBack":true,"TargetPriority":"","ActiveOrders":[{"ID":455,"Kind":4}],"Health":16,"MaxHealth":16},{"InternalID":50,"UnitID":12,"Type":2,"Kind":1,"Location":{"Space":{"X":-3,"Y":2},"Zone":{"X":0,"Y":1}},"CurrentStamina":12,"CurrentOrder":{"Kind":4,"TargetZone":null,"TargetSpace":{"X":-3,"Y":2},"TargetResource":null,"TargetUnit":null,"TargetBuilding":null},"Builds":[],"GarrisonedIn":null,"Stance":3,"InterruptCurrent":false,"AttackBack":true,"TargetPriority":"","ActiveOrders":[{"ID":473,"Kind":4}],"Health":16,"MaxHealth":16},{"InternalID":51,"UnitID":12,"Type":2,"Kind":1,"Location":{"Space":{"X":-3,"Y":2},"Zone":{"X":0,"Y":1}},"CurrentStamina":12,"CurrentOrder":{"Kind":4,"TargetZone":null,"TargetSpace":{"X":-3,"Y":2},"TargetResource":null,"TargetUnit":null,"TargetBuilding":null},"Builds":[],"GarrisonedIn":null,"Stance":3,"InterruptCurrent":false,"AttackBack":true,"TargetPriority":"","ActiveOrders":[{"ID":459,"Kind":4}],"Health":16,"MaxHealth":16},{"InternalID":52,"UnitID":12,"Type":2,"Kind":1,"Location":{"Space":{"X":-3,"Y":2},"Zone":{"X":0,"Y":1}},"CurrentStamina":12,"CurrentOrder":{"Kind":4,"TargetZone":null,"TargetSpace":{"X":-3,"Y":2},"TargetResource":null,"TargetUnit":null,"TargetBuilding":null},"Builds":[],"GarrisonedIn":null,"Stance":3,"InterruptCurrent":false,"AttackBack":true,"TargetPriority":"","ActiveOrders":[{"ID":462,"Kind":4}],"Health":16,"MaxHealth":16},{"InternalID":53,"UnitID":12,"Type":2,"Kind":1,"Location":{"Space":{"X":-3,"Y":2},"Zone":{"X":0,"Y":1}},"CurrentStamina":12,"CurrentOrder":{"Kind":4,"TargetZone":null,"TargetSpace":{"X":-3,"Y":2},"TargetResource":null,"TargetUnit":null,"TargetBuilding":null},"Builds":[],"GarrisonedIn":null,"Stance":3,"InterruptCurrent":false,"AttackBack":true,"TargetPriority":"","ActiveOrders":[{"ID":452,"Kind":4}],"Health":16,"MaxHealth":16},{"InternalID":54,"UnitID":12,"Type":2,"Kind":1,"Location":{"Space":{"X":-3,"Y":2},"Zone":{"X":0,"Y":1}},"CurrentStamina":12,"CurrentOrder":{"Kind":4,"TargetZone":null,"TargetSpace":{"X":-3,"Y":2},"TargetResource":null,"TargetUnit":null,"TargetBuilding":null},"Builds":[],"GarrisonedIn":null,"Stance":3,"InterruptCurrent":false,"AttackBack":true,"TargetPriority":"","ActiveOrders":[{"ID":463,"Kind":4}],"Health":16,"MaxHealth":16},{"InternalID":55,"UnitID":13,"Type":2,"Kind":1,"Location":{"Space":{"X":-3,"Y":2},"Zone":{"X":0,"Y":1}},"CurrentStamina":8,"CurrentOrder":{"Kind":4,"TargetZone":null,"TargetSpace":{"X":-3,"Y":2},"TargetResource":null,"TargetUnit":null,"TargetBuilding":null},"Builds":[],"GarrisonedIn":null,"Stance":3,"InterruptCurrent":false,"AttackBack":true,"TargetPriority":"","ActiveOrders":[{"ID":464,"Kind":4}],"Health":50,"MaxHealth":50},{"InternalID":56,"UnitID":13,"Type":2,"Kind":1,"Location":{"Space":{"X":-3,"Y":2},"Zone":{"X":0,"Y":1}},"CurrentStamina":8,"CurrentOrder":{"Kind":4,"TargetZone":null,"TargetSpace":{"X":-3,"Y":2},"TargetResource":null,"TargetUnit":null,"TargetBuilding":null},"Builds":[],"GarrisonedIn":null,"Stance":3,"InterruptCurrent":false,"AttackBack":true,"TargetPriority":"","ActiveOrders":[{"ID":465,"Kind":4}],"Health":50,"MaxHealth":50},{"InternalID":57,"UnitID":13,"Type":2,"Kind":1,"Location":{"Space":{"X":-3,"Y":2},"Zone":{"X":0,"Y":1}},"CurrentStamina":8,"CurrentOrder":{"Kind":4,"TargetZone":null,"TargetSpace":{"X":-3,"Y":2},"TargetResource":null,"TargetUnit":null,"TargetBuilding":null},"Builds":[],"GarrisonedIn":null,"Stance":3,"InterruptCurrent":false,"AttackBack":true,"TargetPriority":"","ActiveOrders":[{"ID":469,"Kind":4}],"Health":50,"MaxHealth":50},{"InternalID":58,"UnitID":13,"Type":2,"Kind":1,"Location":{"Space":{"X":-3,"Y":2},"Zone":{"X":0,"Y":1}},"CurrentStamina":8,"CurrentOrder":{"Kind":4,"TargetZone":null,"TargetSpace":{"X":-3,"Y":2},"TargetResource":null,"TargetUnit":null,"TargetBuilding":null},"Builds":[],"GarrisonedIn":null,"Stance":3,"InterruptCurrent":false,"AttackBack":true,"TargetPriority":"","ActiveOrders":[{"ID":451,"Kind":4}],"Health":50,"MaxHealth":50},{"InternalID":59,"UnitID":13,"Type":2,"Kind":1,"Location":{"Space":{"X":-3,"Y":2},"Zone":{"X":0,"Y":1}},"CurrentStamina":8,"CurrentOrder":{"Kind":4,"TargetZone":null,"TargetSpace":{"X":-3,"Y":2},"TargetResource":null,"TargetUnit":null,"TargetBuilding":null},"Builds":[],"GarrisonedIn":null,"Stance":3,"InterruptCurrent":false,"AttackBack":true,"TargetPriority":"","ActiveOrders":[{"ID":470,"Kind":4}],"Health":50,"MaxHealth":50},{"InternalID":60,"UnitID":13,"Type":2,"Kind":1,"Location":{"Space":{"X":-3,"Y":2},"Zone":{"X":0,"Y":1}},"CurrentStamina":8,"CurrentOrder":{"Kind":4,"TargetZone":null,"TargetSpace":{"X":-3,"Y":2},"TargetResource":null,"TargetUnit":null,"TargetBuilding":null},"Builds":[],"GarrisonedIn":null,"Stance":3,"InterruptCurrent":false,"AttackBack":true,"TargetPriority":"","ActiveOrders":[{"ID":474,"Kind":4}],"Health":50,"MaxHealth":50}]}
2026/09/30 21:20:38 ai ai-1: submitting orders [{Subjects:[32] OrderType:2 TargetID:1953 ClearPreviousOrders:true}]
2026/09/30 21:20:38 ai ai-1: vars {}
2026/09/30 21:20:38 player action: submit-orders 0 2 map[orders:[{1 [32] 2 1953 true}]]
2026/09/30 21:20:38 Executing submit orders for: 1 [{1 [32] 2 1953 true}]
2026/09/30 21:20:38 ai ai-0: new turn data {"buildings":[],"enemy_buildings":[],"enemy_units":[{"InternalID":47,"UnitID":12,"Type":2,"Kind":1,"Location":{"Space":{"X":-3,"Y":2},"Zone":{"X":0,"Y":1}},"CurrentStamina":12,"CurrentOrder":null,"Builds":[],"GarrisonedIn":null,"Stance":0,"InterruptCurrent":false,"AttackBack":false,"TargetPriority":"","ActiveOrders":null,"Health":10,"MaxHealth":16},{"InternalID":48,"UnitID":12,"Type":2,"Kind":1,"Location":{"Space":{"X":-3,"Y":2},"Zone":{"X":0,"Y":1}},"CurrentStamina":12,"CurrentOrder":null,"Builds":[],"GarrisonedIn":null,"Stance":0,"InterruptCurrent":false,"AttackBack":false,"TargetPriority":"","ActiveOrders":null,"Health":16,"MaxHealth":16},{"InternalID":49,"UnitID":12,"Type":2,"Kind":1,"Location":{"Space":{"X":-3,"Y":2},"Zone":{"X":0,"Y":1}},"CurrentStamina":12,"CurrentOrder":null,"Builds":[],"GarrisonedIn":null,"Stance":0,"InterruptCurrent":false,"AttackBack":false,"TargetPriority":"","ActiveOrders":null,"Health":16,"MaxHealth":16},{"InternalID":50,"UnitID":12,"Type":2,"Kind":1,"Location":{"Space":{"X":-3,"Y":2},"Zone":{"X":0,"Y":1}},"CurrentStamina":12,"CurrentOrder":null,"Builds":[],"GarrisonedIn":null,"Stance":0,"InterruptCurrent":false,"AttackBack":false,"TargetPriority":"","ActiveOrders":null,"Health":16,"MaxHealth":16},{"InternalID":51,"UnitID":12,"Type":2,"Kind":1,"Location":{"Space":{"X":-3,"Y":2},"Zone":{"X":0,"Y":1}},"CurrentStamina":12,"CurrentOrder":null,"Builds":[],"GarrisonedIn":null,"Stance":0,"InterruptCurrent":false,"AttackBack":false,"TargetPriority":"","ActiveOrders":null,"Health":16,"MaxHealth":16},{"InternalID":52,"UnitID":12,"Type":2,"Kind":1,"Location":{"Space":{"X":-3,"Y":2},"Zone":{"X":0,"Y":1}},"CurrentStamina":12,"CurrentOrder":null,"Builds":[],"GarrisonedIn":null,"Stance":0,"InterruptCurrent":false,"AttackBack":false,"TargetPriority":"","ActiveOrders":null,"Health":16,"MaxHealth":16},{"InternalID":53,"UnitID":12,"Type":2,"Kind":1,"Location":{"Space":{"X":-3,"Y":2},"Zone":{"X":0,"Y":1}},"CurrentStamina":12,"CurrentOrder":null,"Builds":[],"GarrisonedIn":null,"Stance":0,"InterruptCurrent":false,"AttackBack":false,"TargetPriority":"","ActiveOrders":null,"Health":16,"MaxHealth":16},{"InternalID":54,"UnitID":12,"Type":2,"Kind":1,"Location":{"Space":{"X":-3,"Y":2},"Zone":{"X":0,"Y":1}},"CurrentStamina":12,"CurrentOrder":null,"Builds":[],"GarrisonedIn":null,"Stance":0,"InterruptCurrent":false,"AttackBack":false,"TargetPriority":"","ActiveOrders":null,"Health":16,"MaxHealth":16},{"InternalID":55,"UnitID":13,"Type":2,"Kind":1,"Location":{"Space":{"X":-3,"Y":2},"Zone":{"X":0,"Y":1}},"CurrentStamina":8,"CurrentOrder":null,"Builds":[],"GarrisonedIn":null,"Stance":0,"InterruptCurrent":false,"AttackBack":false,"TargetPriority":"","ActiveOrders":null,"Health":50,"MaxHealth":50},{"InternalID":56,"UnitID":13,"Type":2,"Kind":1,"Location":{"Space":{"X":-3,"Y":2},"Zone":{"X":0,"Y":1}},"CurrentStamina":8,"CurrentOrder":null,"Builds":[],"GarrisonedIn":null,"Stance":0,"InterruptCurrent":false,"AttackBack":false,"TargetPriority":"","ActiveOrders":null,"Health":50,"MaxHealth":50},{"InternalID":57,"UnitID":13,"Type":2,"Kind":1,"Location":{"Space":{"X":-3,"Y":2},"Zone":{"X":0,"Y":1}},"CurrentStamina":8,"CurrentOrder":null,"Builds":[],"GarrisonedIn":null,"Stance":0,"InterruptCurrent":false,"AttackBack":false,"TargetPriority":"","ActiveOrders":null,"Health":50,"MaxHealth":50},{"InternalID":58,"UnitID":13,"Type":2,"Kind":1,"Location":{"Space":{"X":-3,"Y":2},"Zone":{"X":0,"Y":1}},"CurrentStamina":8,"CurrentOrder":null,"Builds":[],"GarrisonedIn":null,"Stance":0,"InterruptCurrent":false,"AttackBack":false,"TargetPriority":"","ActiveOrders":null,"Health":50,"MaxHealth":50},{"InternalID":59,"UnitID":13,"Type":2,"Kind":1,"Location":{"Space":{"X":-3,"Y":2},"Zone":{"X":0,"Y":1}},"CurrentStamina":8,"CurrentOrder":null,"Builds":[],"GarrisonedIn":null,"Stance":0,"InterruptCurrent":false,"AttackBack":false,"TargetPriority":"","ActiveOrders":null,"Health":50,"MaxHealth":50},{"InternalID":60,"UnitID":13,"Type":2,"Kind":1,"Location":{"Space":{"X":-3,"Y":2},"Zone":{"X":0,"Y":1}},"CurrentStamina":8,"CurrentOrder":null,"Builds":[],"GarrisonedIn":null,"Stance":0,"InterruptCurrent":false,"AttackBack":false,"TargetPriority":"","ActiveOrders":null,"Health":50,"MaxHealth":50}],"foundations":[],"population":{"current":16,"limit":0},"resources":{"food":200,"gold":98,"stone":100,"wood":200},"spaces":[{"Space":{"X":0,"Y":-4},"Vision":1,"Owner":-1},{"Space":{"X":1,"Y":-4},"Vision":1,"Owner":-1},{"Space":{"X":2,"Y":-4},"Vision":1,"Owner":-1},{"Space":{"X":3,"Y":-4},"Vision":1,"Owner":-1},{"Space":{"X":4,"Y":-4},"Vision":1,"Owner":-1},{"Space":{"X":-1,"Y":-3},"Vision":1,"Owner":-1},{"Space":{"X":0,"Y":-3},"Vision":1,"Owner":-1},{"Space":{"X":1,"Y":-3},"Vision":1,"Owner":-1},{"Space":{"X":2,"Y":-3},"Vision":1,"Owner":-1},{"Space":{"X":3,"Y":-3},"Vision":1,"Owner":-1},{"Space":{"X":4,"Y":-3},"Vision":1,"Owner":-1},{"Space":{"X":-2,"Y":-2},"Vision":1,"Owner":-1},{"Space":{"X":-1,"Y":-2},"Vision":1,"Owner":-1},{"Space":{"X":0,"Y":-2},"Vision":1,"Owner":-1},{"Space":{"X":1,"Y":-2},"Vision":1,"Owner":-1},{"Space":{"X":2,"Y":-2},"Vision":1,"Owner":-1},{"Space":{"X":3,"Y":-2},"Vision":1,"Owner":-1},{"Space":{"X":4,"Y":-2},"Vision":1,"Owner":-1},{"Space":{"X":-3,"Y":-1},"Vision":1,"Owner":-1},{"Space":{"X":-2,"Y":-1},"Vision":1,"Owner":-1},{"Space":{"X":-1,"Y":-1},"Vision":1,"Owner":-1},{"Space":{"X":0,"Y":-1},"Vision":1,"Owner":-1},{"Space":{"X":1,"Y":-1},"Vision":1,"Owner":-1},{"Space":{"X":2,"Y":-1},"Vision":1,"Owner":-1},{"Space":{"X":3,"Y":-1},"Vision":1,"Owner":-1},{"Space":{"X":4,"Y":-1},"Vision":1,"Owner":-1},{"Space":{"X":-4,"Y":0},"Vision":1,"Owner":-1},{"Space":{"X":-3,"Y":0},"Vision":1,"Owner":-1},{"Space":{"X":-2,"Y":0},"Vision":1,"Owner":-1},{"Space":{"X":-1,"Y":0},"Vision":1,"Owner":-1},{"Space":{"X":0,"Y":0},"Vision":1,"Owner":-1},{"Space":{"X":1,"Y":0},"Vision":1,"Owner":-1},{"Space":{"X":2,"Y":0},"Vision":1,"Owner":-1},{"Space":{"X":3,"Y":0},"Vision":1,"Owner":-1},{"Space":{"X":4,"Y":0},"Vision":0,"Owner":-1},{"Space":{"X":-4,"Y":1},"Vision":1,"Owner":-1},{"Space":{"X":-3,"Y":1},"Vision":2,"Owner":-1},{"Space":{"X":-2,"Y":1},"Vision":2,"Owner":-1},{"Space":{"X":-1,"Y":1},"Vision":1,"Owner":-1},{"Space":{"X":0,"Y":1},"Vision":1,"Owner":-1},{"Space":{"X":1,"Y":1},"Vision":1,"Owner":-1},{"Space":{"X":2,"Y":1},"Vision":1,"Owner":-1},{"Space":{"X":3,"Y":1},"Vision":0,"Owner":-1},{"Space":{"X":-4,"Y":2},"Vision":2,"Owner":-1},{"Space":{"X":-3,"Y":2},"Vision":3,"Owner":-1},{"Space":{"X":-2,"Y":2},"Vision":2,"Owner":-1},{"Space":{"X":-1,"Y":2},"Vision":1,"Owner":-1},{"Space":{"X":0,"Y":2},"Vision":1,"Owner":-1},{"Space":{"X":1,"Y":2},"Vision":1,"Owner":-1},{"Space":{"X":2,"Y":2},"Vision":0,"Owner":-1},{"Space":{"X":-4,"Y":3},"Vision":2,"Owner":-1},{"Space":{"X":-3,"Y":3},"Vision":3,"Owner":-1},{"Space":{"X":-2,"Y":3},"Vision":1,"Owner":-1},{"Space":{"X":-1,"Y":3},"Vision":1,"Owner":-1},{"Space":{"X":0,"Y":3},"Vision":1,"Owner":-1},{"Space":{"X":1,"Y":3},"Vision":0,"Owner":-1},{"Space":{"X":-4,"Y":4},"Vision":1,"Owner":-1},{"Space":{"X":-3,"Y":4},"Vision":1,"Owner":-1},{"Space":{"X":-2,"Y":4},"Vision":1,"Owner":-1},{"Space":{"X":-1,"Y":4},"Vision":1,"Owner":-1},{"Space":{"X":0,"Y":4},"Vision":0,"Owner":-1}],"units":[{"InternalID":9,"UnitID":11,"Type":2,"Kind":1,"Location":{"Space":{"X":-3,"Y":2},"Zone":{"X":0,"Y":1}},"CurrentStamina":15,"CurrentOrder":{"Kind":4,"TargetZone":null,"TargetSpace":{"X":-3,"Y":2},"TargetResource":null,"TargetUnit":null,"TargetBuilding":null},"Builds":[],"GarrisonedIn":null,"Stance":3,"InterruptCurrent":false,"AttackBack":true,"TargetPriority":"","ActiveOrders":[{"ID":633,"Kind":4}],"Health":9.2,"MaxHealth":11},{"InternalID":10,"UnitID":11,"Type":2,"Kind":1,"Location":{"Space":{"X":-3,"Y":2},"Zone":{"X":0,"Y":1}},"CurrentStamina":15,"CurrentOrder":{"Kind":4,"TargetZone":null,"TargetSpace":{"X":-3,"Y":2},"TargetResource":null,"TargetUnit":null,"TargetBuilding":null},"Builds":[],"GarrisonedIn":null,"Stance":3,"InterruptCurrent":false,"AttackBack":true,"TargetPriority":"","ActiveOrders":[{"ID":634,"Kind":4}],"Health":11,"MaxHealth":11},{"InternalID":11,"UnitID":11,"Type":2,"Kind":1,"Location":{"Space":{"X":-3,"Y":2},"Zone":{"X":0,"Y":1}},"CurrentStamina":15,"CurrentOrder":{"Kind":4,"TargetZone":null,"TargetSpace":{"X":-3,"Y":2},"TargetResource":null,"TargetUnit":null,"TargetBuilding":null},"Builds":[],"GarrisonedIn":null,"Stance":3,"InterruptCurrent":false,"AttackBack":true,"TargetPriority":"","ActiveOrders":[{"ID":638,"Kind":4}],"Health":11,"MaxHealth":11},{"InternalID":12,"UnitID":11,"Type":2,"Kind":1,"Location":{"Space":{"X":-3,"Y":2},"Zone":{"X":0,"Y":1}},"CurrentStamina":15,"CurrentOrder":{"Kind":4,"TargetZone":null,"TargetSpace":{"X":-3,"Y":2},"TargetResource":null,"TargetUnit":null,"TargetBuilding":null},"Builds":[],"GarrisonedIn":null,"Stance":3,"InterruptCurrent":false,"AttackBack":true,"TargetPriority":"","ActiveOrders":[{"ID":635,"Kind":4}],"Health":11,"MaxHealth":11},{"InternalID":13,"UnitID":11,"Type":2,"Kind":1,"Location":{"Space":{"X":-3,"Y":2},"Zone":{"X":0,"Y":1}},"CurrentStamina":15,"CurrentOrder":{"Kind":4,"TargetZone":null,"TargetSpace":{"X":-3,"Y":2},"TargetResource":null,"TargetUnit":null,"TargetBuilding":null},"Builds":[],"GarrisonedIn":null,"Stance":3,"InterruptCurrent":false,"AttackBack":true,"TargetPriority":"","ActiveOrders":[{"ID":641,"Kind":4}],"Health":11,"MaxHealth":11},{"InternalID":14,"UnitID":11,"Type":2,"Kind":1,"Location":{"Space":{"X":-3,"Y":2},"Zone":{"X":0,"Y":1}},"CurrentStamina":15,"CurrentOrder":{"Kind":6,"TargetZone":null,"TargetSpace":null,"TargetResource":null,"TargetUnit":{"InternalID":47,"UnitID":12,"Type":2,"Kind":1,"Location":{"Space":{"X":-3,"Y":2},"Zone":{"X":0,"Y":1}},"CurrentStamina":12,"CurrentOrder":null,"Builds":[],"GarrisonedIn":null,"Stance":0,"InterruptCurrent":false,"AttackBack":false,"TargetPriority":"","ActiveOrders":null,"Health":10,"MaxHealth":16},"TargetBuilding":null},"Builds":[],"GarrisonedIn":null,"Stance":3,"InterruptCurrent":false,"AttackBack":true,"TargetPriority":"","ActiveOrders":[{"ID":572,"Kind":6}],"Health":11,"MaxHealth":11},{"InternalID":15,"UnitID":11,"Type":2,"Kind":1,"Location":{"Space":{"X":-3,"Y":2},"Zone":{"X":0,"Y":1}},"CurrentStamina":15,"CurrentOrder":{"Kind":6,"TargetZone":null,"TargetSpace":null,"TargetResource":null,"TargetUnit":{"InternalID":47,"UnitID":12,"Type":2,"Kind":1,"Location":{"Space":{"X":-3,"Y":2},"Zone":{"X":0,"Y":1}},"CurrentStamina":12,"CurrentOrder":null,"Builds":[],"GarrisonedIn":null,"Stance":0,"InterruptCurrent":false,"AttackBack":false,"TargetPriority":"","ActiveOrders":null,"Health":10,"MaxHealth":16},"TargetBuilding":null},"Builds":[],"GarrisonedIn":null,"Stance":3,"InterruptCurrent":false,"AttackBack":true,"TargetPriority":"","ActiveOrders":[{"ID":577,"Kind":6},{"ID":578,"Kind":6}],"Health":11,"MaxHealth":11},{"InternalID":16,"UnitID":11,"Type":2,"Kind":1,"Location":{"Space":{"X":-3,"Y":2},"Zone":{"X":0,"Y":1}},"CurrentStamina":15,"CurrentOrder":{"Kind":6,"TargetZone":null,"TargetSpace":null,"TargetResource":null,"TargetUnit":{"InternalID":47,"UnitID":12,"Type":2,"Kind":1,"Location":{"Space":{"X":-3,"Y":2},"Zone":{"X":0,"Y":1}},"CurrentStamina":12,"CurrentOrder":null,"Builds":[],"GarrisonedIn":null,"Stance":0,"InterruptCurrent":false,"AttackBack":false,"TargetPriority":"","ActiveOrders":null,"Health":10,"MaxHealth":16},"TargetBuilding":null},"Builds":[],"GarrisonedIn":null,"Stance":3,"InterruptCurrent":false,"AttackBack":true,"TargetPriority":"","ActiveOrders":[{"ID":582,"Kind":6},{"ID":583,"Kind":6},{"ID":584,"Kind":6}],"Health":11,"MaxHealth":11},{"InternalID":17,"UnitID":12,"Type":2,"Kind":1,"Location":{"Space":{"X":-3,"Y":2},"Zone":{"X":0,"Y":1}},"CurrentStamina":12,"CurrentOrder":{"Kind":4,"TargetZone":null,"TargetSpace":{"X":-3,"Y":2},"TargetResource":null,"TargetUnit":null,"TargetBuilding":null},"Builds":[],"GarrisonedIn":null,"Stance":3,"InterruptCurrent":false,"AttackBack":true,"TargetPriority":"","ActiveOrders":[{"ID":639,"Kind":4}],"Health":16,"MaxHealth":16},{"InternalID":18,"UnitID":12,"Type":2,"Kind":1,"Location":{"Space":{"X":-3,"Y":2},"Zone":{"X":0,"Y":1}},"CurrentStamina":12,"CurrentOrder":{"Kind":4,"TargetZone":null,"TargetSpace":{"X":-3,"Y":2},"TargetResource":null,"TargetUnit":null,"TargetBuilding":null},"Builds":[],"GarrisonedIn":null,"Stance":3,"InterruptCurrent":false,"AttackBack":true,"TargetPriority":"","ActiveOrders":[{"ID":637,"Kind":4}],"Health":16,"MaxHealth":16},{"InternalID":19,"UnitID":12,"Type":2,"Kind":1,"Location":{"Space":{"X":-3,"Y":2},"Zone":{"X":0,"Y":1}},"CurrentStamina":12,"CurrentOrder":{"Kind":4,"TargetZone":null,"TargetSpace":{"X":-3,"Y":2},"TargetResource":null,"TargetUnit":null,"TargetBuilding":null},"Builds":[],"GarrisonedIn":null,"Stance":3,"InterruptCurrent":false,"AttackBack":true,"TargetPriority":"","ActiveOrders":[{"ID":636,"Kind":4}],"Health":16,"MaxHealth":16},{"InternalID":20,"UnitID":12,"Type":2,"Kind":1,"Location":{"Space":{"X":-3,"Y":2},"Zone":{"X":0,"Y":1}},"CurrentStamina":12,"CurrentOrder":{"Kind":4,"TargetZone":null,"TargetSpace":{"X":-3,"Y":2},"TargetResource":null,"TargetUnit":null,"TargetBuilding":null},"Builds":[],"GarrisonedIn":null,"Stance":3,"InterruptCurrent":false,"AttackBack":true,"TargetPriority":"","ActiveOrders":[{"ID":640,"Kind":4}],"Health":16,"MaxHealth":16},{"InternalID":21,"UnitID":12,"Type":2,"Kind":1,"Location":{"Space":{"X":-3,"Y":2},"Zone":{"X":0,"Y":1}},"CurrentStamina":12,"CurrentOrder":{"Kind":6,"TargetZone":null,"TargetSpace":null,"TargetResource":null,"TargetUnit":{"InternalID":47,"UnitID":12,"Type":2,"Kind":1,"Location":{"Space":{"X":-3,"Y":2},"Zone":{"X":0,"Y":1}},"CurrentStamina":12,"CurrentOrder":null,"Builds":[],"GarrisonedIn":null,"Stance":0,"InterruptCurrent":false,"AttackBack":false,"TargetPriority":"","ActiveOrders":null,"Health":10,"MaxHealth":16},"TargetBuilding":null},"Builds":[],"GarrisonedIn":null,"Stance":3,"InterruptCurrent":false,"AttackBack":true,"TargetPriority":"","ActiveOrders":[{"ID":614,"Kind":6}],"Health":16,"MaxHealth":16},{"InternalID":22,"UnitID":12,"Type":2,"Kind":1,"Location":{"Space":{"X":-3,"Y":2},"Zone":{"X":0,"Y":1}},"CurrentStamina":12,"CurrentOrder":{"Kind":6,"TargetZone":null,"TargetSpace":null,"TargetResource":null,"TargetUnit":{"InternalID":47,"UnitID":12,"Type":2,"Kind":1,"Location":{"Space":{"X":-3,"Y":2},"Zone":{"X":0,"Y":1}},"CurrentStamina":12,"CurrentOrder":null,"Builds":[],"GarrisonedIn":null,"Stance":0,"InterruptCurrent":false,"AttackBack":false,"TargetPriority":"","ActiveOrders":null,"Health":10,"MaxHealth":16},"TargetBuilding":null},"Builds":[],"GarrisonedIn":null,"Stance":3,"InterruptCurrent":false,"AttackBack":true,"TargetPriority":"","ActiveOrders":[{"ID":619,"Kind":6},{"ID":620,"Kind":6}],"Health":16,"MaxHealth":16},{"InternalID":23,"UnitID":12,"Type":2,"Kind":1,"Location":{"Space":{"X":-3,"Y":2},"Zone":{"X":0,"Y":1}},"CurrentStamina":12,"CurrentOrder":{"Kind":6,"TargetZone":null,"TargetSpace":null,"TargetResource":null,"TargetUnit":{"InternalID":47,"UnitID":12,"Type":2,"Kind":1,"Location":{"Space":{"X":-3,"Y":2},"Zone":{"X":0,"Y":1}},"CurrentStamina":12,"CurrentOrder":null,"Builds":[],"GarrisonedIn":null,"Stance":0,"InterruptCurrent":false,"AttackBack":false,"TargetPriority":"","ActiveOrders":null,"Health":10,"MaxHealth":16},"TargetBuilding":null},"Builds":[],"GarrisonedIn":null,"Stance":3,"InterruptCurrent":false,"AttackBack":true,"TargetPriority":"","ActiveOrders":[{"ID":624,"Kind":6},{"ID":625,"Kind":6},{"ID":626,"Kind":6}],"Health":16,"MaxHealth":16},{"InternalID":24,"UnitID":12,"Type":2,"Kind":1,"Location":{"Space":{"X":-3,"Y":2},"Zone":{"X":0,"Y":1}},"CurrentStamina":12,"CurrentOrder":{"Kind":6,"TargetZone":null,"TargetSpace":null,"TargetResource":null,"TargetUnit":{"InternalID":47,"UnitID":12,"Type":2,"Kind":1,"Location":{"Space":{"X":-3,"Y":2},"Zone":{"X":0,"Y":1}},"CurrentStamina":12,"CurrentOrder":null,"Builds":[],"GarrisonedIn":null,"Stance":0,"InterruptCurrent":false,"AttackBack":false,"TargetPriority":"","ActiveOrders":null,"Health":10,"MaxHealth":16},"TargetBuilding":null},"Builds":[],"GarrisonedIn":null,"Stance":3,"InterruptCurrent":false,"AttackBack":true,"TargetPriority":"","ActiveOrders":[{"ID":629,"Kind":6},{"ID":630,"Kind":6},{"ID":631,"Kind":6},{"ID":632,"Kind":6}],"Health":16,"MaxHealth":16}]}
2026/09/30 21:20:38 ai ai-0: submitting orders [{Subjects:[9] OrderType:9 TargetID:47 ClearPreviousOrders:true} {Subjects:[10] OrderType:9 TargetID:47 ClearPreviousOrders:true} {Subjects:[11] OrderType:9 TargetID:47 ClearPreviousOrders:true} {Subjects:[12] OrderType:9 TargetID:47 ClearPreviousOrders:true} {Subjects:[13] OrderType:9 TargetID:47 ClearPreviousOrders:true} {Subjects:[14] OrderType:9 TargetID:47 ClearPreviousOrders:true} {Subjects:[15] OrderType:9 TargetID:47 ClearPreviousOrders:true} {Subjects:[16] OrderType:9 TargetID:47 ClearPreviousOrders:true} {Subjects:[17] OrderType:9 TargetID:47 ClearPreviousOrders:true} {Subjects:[18] OrderType:9 TargetID:47 ClearPreviousOrders:true} {Subjects:[19] OrderType:9 TargetID:47 ClearPreviousOrders:true} {Subjects:[20] OrderType:9 TargetID:47 ClearPreviousOrders:true} {Subjects:[21] OrderType:9 TargetID:47 ClearPreviousOrders:true} {Subjects:[22] OrderType:9 TargetID:47 ClearPreviousOrders:true} {Subjects:[23] OrderType:9 TargetID:47 ClearPreviousOrders:true} {Subjects:[24] OrderType:9 TargetID:47 ClearPreviousOrders:true} {Subjects:[9] OrderType:9 TargetID:47 ClearPreviousOrders:true} {Subjects:[9] OrderType:9 TargetID:48 ClearPreviousOrders:false} {Subjects:[9] OrderType:9 TargetID:49 ClearPreviousOrders:false} {Subjects:[9] OrderType:9 TargetID:50 ClearPreviousOrders:false} {Subjects:[9] OrderType:9 TargetID:51 ClearPreviousOrders:false} {Subjects:[9] OrderType:9 TargetID:52 ClearPreviousOrders:false} {Subjects:[10] OrderType:9 TargetID:47 ClearPreviousOrders:true} {Subjects:[10] OrderType:9 TargetID:49 ClearPreviousOrders:false} {Subjects:[10] OrderType:9 TargetID:50 ClearPreviousOrders:false} {Subjects:[10] OrderType:9 TargetID:51 ClearPreviousOrders:false} {Subjects:[10] OrderType:9 TargetID:52 ClearPreviousOrders:false} {Subjects:[10] OrderType:9 TargetID:53 ClearPreviousOrders:false} {Subjects:[11] OrderType:9 TargetID:47 ClearPreviousOrders:true} {Subjects:[11] OrderType:9 TargetID:50 ClearPreviousOrders:false} {Subjects:[11] OrderType:9 TargetID:51 ClearPreviousOrders:false} {Subjects:[11] OrderType:9 TargetID:52 ClearPreviousOrders:false} {Subjects:[11] OrderType:9 TargetID:53 ClearPreviousOrders:false} {Subjects:[11] OrderType:9 TargetID:54 ClearPreviousOrders:false} {Subjects:[12] OrderType:9 TargetID:47 ClearPreviousOrders:true} {Subjects:[12] OrderType:9 TargetID:51 ClearPreviousOrders:false} {Subjects:[12] OrderType:9 TargetID:52 ClearPreviousOrders:false} {Subjects:[12] OrderType:9 TargetID:53 ClearPreviousOrders:false} {Subjects:[12] OrderType:9 TargetID:54 ClearPreviousOrders:false} {Subjects:[12] OrderType:9 TargetID:55 ClearPreviousOrders:false} {Subjects:[13] OrderType:9 TargetID:47 ClearPreviousOrders:true} {Subjects:[13] OrderType:9 TargetID:52 ClearPreviousOrders:false} {Subjects:[13] OrderType:9 TargetID:53 ClearPreviousOrders:false} {Subjects:[13] OrderType:9 TargetID:54 ClearPreviousOrders:false} {Subjects:[13] OrderType:9 TargetID:55 ClearPreviousOrders:false} {Subjects:[13] OrderType:9 TargetID:56 ClearPreviousOrders:false} {Subjects:[14] OrderType:9 TargetID:47 ClearPreviousOrders:true} {Subjects:[14] OrderType:9 TargetID:53 ClearPreviousOrders:false} {Subjects:[14] OrderType:9 TargetID:54 ClearPreviousOrders:false} {Subjects:[14] OrderType:9 TargetID:55 ClearPreviousOrders:false} {Subjects:[14] OrderType:9 TargetID:56 ClearPreviousOrders:false} {Subjects:[14] OrderType:9 TargetID:57 ClearPreviousOrders:false} {Subjects:[15] OrderType:9 TargetID:47 ClearPreviousOrders:true} {Subjects:[15] OrderType:9 TargetID:54 ClearPreviousOrders:false} {Subjects:[15] OrderType:9 TargetID:55 ClearPreviousOrders:false} {Subjects:[15] OrderType:9 TargetID:56 ClearPreviousOrders:false} {Subjects:[15] OrderType:9 TargetID:57 ClearPreviousOrders:false} {Subjects:[15] OrderType:9 TargetID:58 ClearPreviousOrders:false} {Subjects:[16] OrderType:9 TargetID:48 ClearPreviousOrders:true} {Subjects:[16] OrderType:9 TargetID:49 ClearPreviousOrders:false} {Subjects:[16] OrderType:9 TargetID:50 ClearPreviousOrders:false} {Subjects:[16] OrderType:9 TargetID:51 ClearPreviousOrders:false} {Subjects:[16] OrderType:9 TargetID:52 ClearPreviousOrders:false} {Subjects:[16] OrderType:9 TargetID:53 ClearPreviousOrders:false} {Subjects:[17] OrderType:9 TargetID:48 ClearPreviousOrders:true} {Subjects:[17] OrderType:9 TargetID:50 ClearPreviousOrders:false} {Subjects:[17] OrderType:9 TargetID:51 ClearPreviousOrders:false} {Subjects:[17] OrderType:9 TargetID:52 ClearPreviousOrders:false} {Subjects:[17] OrderType:9 TargetID:53 ClearPreviousOrders:false} {Subjects:[17] OrderType:9 TargetID:54 ClearPreviousOrders:false} {Subjects:[18] OrderType:9 TargetID:48 ClearPreviousOrders:true} {Subjects:[18] OrderType:9 TargetID:51 ClearPreviousOrders:false} {Subjects:[18] OrderType:9 TargetID:52 ClearPreviousOrders:false} {Subjects:[18] OrderType:9 TargetID:53 ClearPreviousOrders:false} {Subjects:[18] OrderType:9 TargetID:54 ClearPreviousOrders:false} {Subjects:[18] OrderType:9 TargetID:55 ClearPreviousOrders:false} {Subjects:[19] OrderType:9 TargetID:48 ClearPreviousOrders:true} {Subjects:[19] OrderType:9 TargetID:52 ClearPreviousOrders:false} {Subjects:[19] OrderType:9 TargetID:53 ClearPreviousOrders:false} {Subjects:[19] OrderType:9 TargetID:54 ClearPreviousOrders:false} {Subjects:[19] OrderType:9 TargetID:55 ClearPreviousOrders:false} {Subjects:[19] OrderType:9 TargetID:56 ClearPreviousOrders:false} {Subjects:[20] OrderType:9 TargetID:48 ClearPreviousOrders:true} {Subjects:[20] OrderType:9 TargetID:53 ClearPreviousOrders:false} {Subjects:[20] OrderType:9 TargetID:54 ClearPreviousOrders:false} {Subjects:[20] OrderType:9 TargetID:55 ClearPreviousOrders:false} {Subjects:[20] OrderType:9 TargetID:56 ClearPreviousOrders:false} {Subjects:[20] OrderType:9 TargetID:57 ClearPreviousOrders:false} {Subjects:[21] OrderType:9 TargetID:48 ClearPreviousOrders:true} {Subjects:[21] OrderType:9 TargetID:54 ClearPreviousOrders:false} {Subjects:[21] OrderType:9 TargetID:55 ClearPreviousOrders:false} {Subjects:[21] OrderType:9 TargetID:56 ClearPreviousOrders:false} {Subjects:[21] OrderType:9 TargetID:57 ClearPreviousOrders:false} {Subjects:[21] OrderType:9 TargetID:58 ClearPreviousOrders:false} {Subjects:[22] OrderType:9 TargetID:48 ClearPreviousOrders:true} {Subjects:[22] OrderType:9 TargetID:55 ClearPreviousOrders:false} {Subjects:[22] OrderType:9 TargetID:56 ClearPreviousOrders:false} {Subjects:[22] OrderType:9 TargetID:57 ClearPreviousOrders:false} {Subjects:[22] OrderType:9 TargetID:58 ClearPreviousOrders:false} {Subjects:[22] OrderType:9 TargetID:59 ClearPreviousOrders:false} {Subjects:[23] OrderType:9 TargetID:48 ClearPreviousOrders:true} {Subjects:[23] OrderType:9 TargetID:56 ClearPreviousOrders:false} {Subjects:[23] OrderType:9 TargetID:57 ClearPreviousOrders:false} {Subjects:[23] OrderType:9 TargetID:58 ClearPreviousOrders:false} {Subjects:[23] OrderType:9 TargetID:59 ClearPreviousOrders:false} {Subjects:[23] OrderType:9 TargetID:60 ClearPreviousOrders:false} {Subjects:[24] OrderType:9 TargetID:48 ClearPreviousOrders:true} {Subjects:[24] OrderType:9 TargetID:57 ClearPreviousOrders:false} {Subjects:[24] OrderType:9 TargetID:58 ClearPreviousOrders:false} {Subjects:[24] OrderType:9 TargetID:59 ClearPreviousOrders:false} {Subjects:[24] OrderType:9 TargetID:60 ClearPreviousOrders:false} {Subjects:[24] OrderType:9 TargetID:47 ClearPreviousOrders:false}]
2026/09/30 21:20:38 ai ai-0: vars {"B":8,"Hv":0,"Pi":8,"aPowLocal":0,"aThreat":0,"a_engaged":0,"a_odds":1.3,"a_outnumbered":0,"army_target":50,"army_value":1440,"assault":0,"bank_rate":28,"bar_barracks":0.17072129748186085,"bar_redoubt":1.1111111111111112,"barracks":0,"barracks_B":0,"barracks_P":0,"barracks_save":0,"barracks_spend":78.1,"barracks_want":0,"buffer_food":70,"buffer_gold":0,"buffer_stone":0,"buffer_wood":70,"builders":0,"committed":0,"eB":13.099999999999998,"eGrowth":0,"eH":6,"eMil":27.099999999999998,"eP":8,"ePow":53.099999999999994,"ePowEst":50.96,"ePowSeen":50.96,"eTech":1,"eV":0,"es":28.099999999999998,"farm_want":0,"farm_wood_short":0,"farming":0,"fire_barracks":0,"fire_farm0":0,"fire_farm1":0,"fire_farm2":0,"fire_house":0,"fire_outpost":0,"fire_redoubt":0,"fire_smith":0,"fire_vc":0,"food_need":0,"food_over":0,"food_rate":0,"food_slots":1000,"food_workers":0,"free_room":34,"go":0,"gold_income":0,"gold_need":0,"gold_rate":0,"gold_surplus":98,"guaranteed":0,"guard_home":0,"headroom":-16,"hire_B":5276.923076923077,"hire_P":8292.307692307693,"homePow":0,"house_builders":0,"house_urgency":0,"house_want":0,"income_proj":0,"left":0,"lf_food":0,"lf_gold":0,"lf_stone":0,"lf_wood":0,"lump_food":0,"lump_gold":0,"lump_stone":0,"lump_wood":0,"maturity":0,"mil":16,"myTech":1,"n_barracks":0,"n_redoubts":0,"needB":25.040478196871238,"needP":8.959521803128762,"outpost_want":0,"pikes":0,"planned_food":0,"planned_gold":0,"planned_stone":0,"planned_wood":0,"prod_rate":0,"proj_army":1440,"raid_danger":0,"raid_fails":1,"raid_lost":0,"raid_pause":19,"raid_prev":0,"raid_size":0,"raid_wiped":0,"rate":6,"redoubt_H":0,"redoubt_gold_ok":0.43555555555555553,"redoubt_save":0,"redoubt_spend":30,"redoubt_want":0,"redoubts":0,"rf_food":0,"rf_gold":0,"rf_stone":0,"rf_wood":0,"sB4":1.2819157211793135,"sP4":0.45867142645521297,"scale_l":0,"scale_r":0,"shareH":0.5043925078733632,"smith_want":0,"smiths":0,"spare":0,"spare_food":0.5,"stone_need":0,"stone_rate":0,"tH":34,"target_spend":400,"tech_food":50,"tech_gold":0,"tech_stone":0,"tech_wood":50,"threat_home":0,"turns_left":-160,"u_barracks":0.17768258360494021,"u_redoubt":0.4707663406818057,"unit_spend":120,"vB":1.0640569395017794,"vH":1.0829181494661921,"vP":0.8229537366548043,"vc_want":0,"vcs":0,"vil_goal":50,"vil_rate":0,"vil_stamina":8,"vil_want":0,"vil_want_last":0,"vil_worth_now":0.6,"vils":0,"w_food":0,"w_gold":0,"w_stone":0,"w_wood":0,"wild_workers":0,"wood_need":0,"wood_rate":0,"workers":0}
2026/09/30 21:20:38 player action: set-unit-behavior 0 1 map[internal_ids:[9 10 11 12 13 14 15 16 17 18 19 20 21 22 23 24] interrupt_current:true]
2026/09/30 21:20:38 player action: submit-orders 0 1 map[orders:[{0 [9] 9 47 true} {0 [10] 9 47 true} {0 [11] 9 47 true} {0 [12] 9 47 true} {0 [13] 9 47 true} {0 [14] 9 47 true} {0 [15] 9 47 true} {0 [16] 9 47 true} {0 [17] 9 47 true} {0 [18] 9 47 true} {0 [19] 9 47 true} {0 [20] 9 47 true} {0 [21] 9 47 true} {0 [22] 9 47 true} {0 [23] 9 47 true} {0 [24] 9 47 true} {0 [9] 9 47 true} {0 [9] 9 48 false} {0 [9] 9 49 false} {0 [9] 9 50 false} {0 [9] 9 51 false} {0 [9] 9 52 false} {0 [10] 9 47 true} {0 [10] 9 49 false} {0 [10] 9 50 false} {0 [10] 9 51 false} {0 [10] 9 52 false} {0 [10] 9 53 false} {0 [11] 9 47 true} {0 [11] 9 50 false} {0 [11] 9 51 false} {0 [11] 9 52 false} {0 [11] 9 53 false} {0 [11] 9 54 false} {0 [12] 9 47 true} {0 [12] 9 51 false} {0 [12] 9 52 false} {0 [12] 9 53 false} {0 [12] 9 54 false} {0 [12] 9 55 false} {0 [13] 9 47 true} {0 [13] 9 52 false} {0 [13] 9 53 false} {0 [13] 9 54 false} {0 [13] 9 55 false} {0 [13] 9 56 false} {0 [14] 9 47 true} {0 [14] 9 53 false} {0 [14] 9 54 false} {0 [14] 9 55 false} {0 [14] 9 56 false} {0 [14] 9 57 false} {0 [15] 9 47 true} {0 [15] 9 54 false} {0 [15] 9 55 false} {0 [15] 9 56 false} {0 [15] 9 57 false} {0 [15] 9 58 false} {0 [16] 9 48 true} {0 [16] 9 49 false} {0 [16] 9 50 false} {0 [16] 9 51 false} {0 [16] 9 52 false} {0 [16] 9 53 false} {0 [17] 9 48 true} {0 [17] 9 50 false} {0 [17] 9 51 false} {0 [17] 9 52 false} {0 [17] 9 53 false} {0 [17] 9 54 false} {0 [18] 9 48 true} {0 [18] 9 51 false} {0 [18] 9 52 false} {0 [18] 9 53 false} {0 [18] 9 54 false} {0 [18] 9 55 false} {0 [19] 9 48 true} {0 [19] 9 52 false} {0 [19] 9 53 false} {0 [19] 9 54 false} {0 [19] 9 55 false} {0 [19] 9 56 false} {0 [20] 9 48 true} {0 [20] 9 53 false} {0 [20] 9 54 false} {0 [20] 9 55 false} {0 [20] 9 56 false} {0 [20] 9 57 false} {0 [21] 9 48 true} {0 [21] 9 54 false} {0 [21] 9 55 false} {0 [21] 9 56 false} {0 [21] 9 57 false} {0 [21] 9 58 false} {0 [22] 9 48 true} {0 [22] 9 55 false} {0 [22] 9 56 false} {0 [22] 9 57 false} {0 [22] 9 58 false} {0 [22] 9 59 false} {0 [23] 9 48 true} {0 [23] 9 56 false} {0 [23] 9 57 false} {0 [23] 9 58 false} {0 [23] 9 59 false} {0 [23] 9 60 false} {0 [24] 9 48 true} {0 [24] 9 57 false} {0 [24] 9 58 false} {0 [24] 9 59 false} {0 [24] 9 60 false} {0 [24] 9 47 false}]]
2026/09/30 21:20:38 Executing submit orders for: 0 [{0 [9] 9 47 true} {0 [10] 9 47 true} {0 [11] 9 47 true} {0 [12] 9 47 true} {0 [13] 9 47 true} {0 [14] 9 47 true} {0 [15] 9 47 true} {0 [16] 9 47 true} {0 [17] 9 47 true} {0 [18] 9 47 true} {0 [19] 9 47 true} {0 [20] 9 47 true} {0 [21] 9 47 true} {0 [22] 9 47 true} {0 [23] 9 47 true} {0 [24] 9 47 true} {0 [9] 9 47 true} {0 [9] 9 48 false} {0 [9] 9 49 false} {0 [9] 9 50 false} {0 [9] 9 51 false} {0 [9] 9 52 false} {0 [10] 9 47 true} {0 [10] 9 49 false} {0 [10] 9 50 false} {0 [10] 9 51 false} {0 [10] 9 52 false} {0 [10] 9 53 false} {0 [11] 9 47 true} {0 [11] 9 50 false} {0 [11] 9 51 false} {0 [11] 9 52 false} {0 [11] 9 53 false} {0 [11] 9 54 false} {0 [12] 9 47 true} {0 [12] 9 51 false} {0 [12] 9 52 false} {0 [12] 9 53 false} {0 [12] 9 54 false} {0 [12] 9 55 false} {0 [13] 9 47 true} {0 [13] 9 52 false} {0 [13] 9 53 false} {0 [13] 9 54 false} {0 [13] 9 55 false} {0 [13] 9 56 false} {0 [14] 9 47 true} {0 [14] 9 53 false} {0 [14] 9 54 false} {0 [14] 9 55 false} {0 [14] 9 56 false} {0 [14] 9 57 false} {0 [15] 9 47 true} {0 [15] 9 54 false} {0 [15] 9 55 false} {0 [15] 9 56 false} {0 [15] 9 57 false} {0 [15] 9 58 false} {0 [16] 9 48 true} {0 [16] 9 49 false} {0 [16] 9 50 false} {0 [16] 9 51 false} {0 [16] 9 52 false} {0 [16] 9 53 false} {0 [17] 9 48 true} {0 [17] 9 50 false} {0 [17] 9 51 false} {0 [17] 9 52 false} {0 [17] 9 53 false} {0 [17] 9 54 false} {0 [18] 9 48 true} {0 [18] 9 51 false} {0 [18] 9 52 false} {0 [18] 9 53 false} {0 [18] 9 54 false} {0 [18] 9 55 false} {0 [19] 9 48 true} {0 [19] 9 52 false} {0 [19] 9 53 false} {0 [19] 9 54 false} {0 [19] 9 55 false} {0 [19] 9 56 false} {0 [20] 9 48 true} {0 [20] 9 53 false} {0 [20] 9 54 false} {0 [20] 9 55 false} {0 [20] 9 56 false} {0 [20] 9 57 false} {0 [21] 9 48 true} {0 [21] 9 54 false} {0 [21] 9 55 false} {0 [21] 9 56 false} {0 [21] 9 57 false} {0 [21] 9 58 false} {0 [22] 9 48 true} {0 [22] 9 55 false} {0 [22] 9 56 false} {0 [22] 9 57 false} {0 [22] 9 58 false} {0 [22] 9 59 false} {0 [23] 9 48 true} {0 [23] 9 56 false} {0 [23] 9 57 false} {0 [23] 9 58 false} {0 [23] 9 59 false} {0 [23] 9 60 false} {0 [24] 9 48 true} {0 [24] 9 57 false} {0 [24] 9 58 false} {0 [24] 9 59 false} {0 [24] 9 60 false} {0 [24] 9 47 false}]
2026/09/30 21:20:38 Resolving active orders
2026/09/30 21:20:38 combat turn=14 tick=1: 10 u11 (player 0, stamina 3) hits 47 u12 (player 1) for 1.50
2026/09/30 21:20:38 combat turn=14 tick=1: 12 u11 (player 0, stamina 3) hits 47 u12 (player 1) for 1.50
2026/09/30 21:20:38 combat turn=14 tick=1: 19 u12 (player 0, stamina 3) hits 47 u12 (player 1) for 2.40
2026/09/30 21:20:38 combat turn=14 tick=1: 20 u12 (player 0, stamina 3) hits 47 u12 (player 1) for 2.40
2026/09/30 21:20:38 combat turn=14 tick=1: 23 u12 (player 0, stamina 3) hits 47 u12 (player 1) for 2.40
2026/09/30 21:20:38 combat turn=14 tick=1: 16 u11 (player 0, stamina 3) hits 47 u12 (player 1) for 1.50
2026/09/30 21:20:38 combat turn=14 tick=1: 18 u12 (player 0, stamina 3) hits 47 u12 (player 1) for 2.40
2026/09/30 21:20:38 combat turn=14 tick=1: 24 u12 (player 0, stamina 3) hits 47 u12 (player 1) for 2.40
2026/09/30 21:20:38 combat turn=14 tick=1: 14 u11 (player 0, stamina 3) hits 47 u12 (player 1) for 1.50
2026/09/30 21:20:38 combat turn=14 tick=1: 11 u11 (player 0, stamina 3) hits 47 u12 (player 1) for 1.50
2026/09/30 21:20:38 combat turn=14 tick=1: 17 u12 (player 0, stamina 3) hits 47 u12 (player 1) for 2.40
2026/09/30 21:20:38 combat turn=14 tick=1: 21 u12 (player 0, stamina 3) hits 47 u12 (player 1) for 2.40
2026/09/30 21:20:38 combat turn=14 tick=1: 13 u11 (player 0, stamina 3) hits 47 u12 (player 1) for 1.50
2026/09/30 21:20:38 combat turn=14 tick=1: 22 u12 (player 0, stamina 3) hits 47 u12 (player 1) for 2.40
2026/09/30 21:20:38 combat turn=14 tick=1: 9 u11 (player 0, stamina 3) hits 47 u12 (player 1) for 1.50
2026/09/30 21:20:38 combat turn=14 tick=1: 15 u11 (player 0, stamina 3) hits 47 u12 (player 1) for 1.50
2026/09/30 21:20:38 combat turn=14 tick=1: 57 u13 (player 1, stamina 3) hits 9 u11 (player 0) for 5.12
2026/09/30 21:20:38 combat turn=14 tick=1: 59 u13 (player 1, stamina 3) hits 9 u11 (player 0) for 5.12
2026/09/30 21:20:38 combat turn=14 tick=1: 50 u12 (player 1, stamina 3) hits 9 u11 (player 0) for 2.70
2026/09/30 21:20:38 combat turn=14 tick=1: 60 u13 (player 1, stamina 3) hits 9 u11 (player 0) for 5.12
2026/09/30 21:20:38 combat turn=14 tick=1: 58 u13 (player 1, stamina 3) hits 9 u11 (player 0) for 5.12
2026/09/30 21:20:38 combat turn=14 tick=1: 53 u12 (player 1, stamina 3) hits 9 u11 (player 0) for 2.70
2026/09/30 21:20:38 combat turn=14 tick=1: 49 u12 (player 1, stamina 3) hits 9 u11 (player 0) for 2.70
2026/09/30 21:20:38 Moving unit 32 Blunt Infantry to zone(-1, 1) in space (3, -4) tick=1
2026/09/30 21:20:38 combat turn=14 tick=1: 48 u12 (player 1, stamina 3) hits 9 u11 (player 0) for 2.70
2026/09/30 21:20:38 combat turn=14 tick=1: 51 u12 (player 1, stamina 3) hits 9 u11 (player 0) for 2.70
2026/09/30 21:20:38 combat turn=14 tick=1: 47 u12 (player 1, stamina 3) hits 9 u11 (player 0) for 2.70
2026/09/30 21:20:38 combat turn=14 tick=1: 52 u12 (player 1, stamina 3) hits 9 u11 (player 0) for 2.70
2026/09/30 21:20:38 combat turn=14 tick=1: 54 u12 (player 1, stamina 3) hits 9 u11 (player 0) for 2.70
2026/09/30 21:20:38 combat turn=14 tick=1: 55 u13 (player 1, stamina 3) hits 9 u11 (player 0) for 5.12
2026/09/30 21:20:38 combat turn=14 tick=1: 56 u13 (player 1, stamina 3) hits 9 u11 (player 0) for 5.12
2026/09/30 21:20:38 state_hash turn=14 tick=1 hash=2e32c51631a993db
2026/09/30 21:20:38 combat turn=14 tick=2: 14 u11 (player 0, stamina 3) hits 48 u12 (player 1) for 1.50
2026/09/30 21:20:38 combat turn=14 tick=2: 11 u11 (player 0, stamina 3) hits 48 u12 (player 1) for 1.50
2026/09/30 21:20:38 combat turn=14 tick=2: 17 u12 (player 0, stamina 3) hits 48 u12 (player 1) for 2.40
2026/09/30 21:20:38 combat turn=14 tick=2: 21 u12 (player 0, stamina 3) hits 48 u12 (player 1) for 2.40
2026/09/30 21:20:38 combat turn=14 tick=2: 13 u11 (player 0, stamina 3) hits 48 u12 (player 1) for 1.50
2026/09/30 21:20:38 combat turn=14 tick=2: 22 u12 (player 0, stamina 3) hits 48 u12 (player 1) for 2.40
2026/09/30 21:20:38 combat turn=14 tick=2: 15 u11 (player 0, stamina 3) hits 48 u12 (player 1) for 1.50
2026/09/30 21:20:38 combat turn=14 tick=2: 10 u11 (player 0, stamina 3) hits 48 u12 (player 1) for 1.50
2026/09/30 21:20:38 combat turn=14 tick=2: 12 u11 (player 0, stamina 3) hits 48 u12 (player 1) for 1.50
2026/09/30 21:20:38 combat turn=14 tick=2: 19 u12 (player 0, stamina 3) hits 48 u12 (player 1) for 2.40
2026/09/30 21:20:38 combat turn=14 tick=2: 20 u12 (player 0, stamina 3) hits 48 u12 (player 1) for 2.40
2026/09/30 21:20:38 combat turn=14 tick=2: 23 u12 (player 0, stamina 3) hits 48 u12 (player 1) for 2.40
2026/09/30 21:20:38 combat turn=14 tick=2: 16 u11 (player 0, stamina 3) hits 48 u12 (player 1) for 1.50
2026/09/30 21:20:38 combat turn=14 tick=2: 18 u12 (player 0, stamina 3) hits 48 u12 (player 1) for 2.40
2026/09/30 21:20:38 combat turn=14 tick=2: 24 u12 (player 0, stamina 3) hits 48 u12 (player 1) for 2.40
2026/09/30 21:20:38 combat turn=14 tick=2: 49 u12 (player 1, stamina 3) hits 10 u11 (player 0) for 2.70
2026/09/30 21:20:38 Moving unit 32 Blunt Infantry to zone(1, -1) in space (2, -3) tick=2
2026/09/30 21:20:38 combat turn=14 tick=2: 48 u12 (player 1, stamina 3) hits 10 u11 (player 0) for 2.70
2026/09/30 21:20:38 combat turn=14 tick=2: 51 u12 (player 1, stamina 3) hits 10 u11 (player 0) for 2.70
2026/09/30 21:20:38 combat turn=14 tick=2: 52 u12 (player 1, stamina 3) hits 10 u11 (player 0) for 2.70
2026/09/30 21:20:38 combat turn=14 tick=2: 54 u12 (player 1, stamina 3) hits 10 u11 (player 0) for 2.70
2026/09/30 21:20:38 combat turn=14 tick=2: 55 u13 (player 1, stamina 3) hits 10 u11 (player 0) for 5.12
2026/09/30 21:20:38 combat turn=14 tick=2: 56 u13 (player 1, stamina 3) hits 10 u11 (player 0) for 5.12
2026/09/30 21:20:38 combat turn=14 tick=2: 57 u13 (player 1, stamina 3) hits 10 u11 (player 0) for 5.12
2026/09/30 21:20:38 combat turn=14 tick=2: 59 u13 (player 1, stamina 3) hits 10 u11 (player 0) for 5.12
2026/09/30 21:20:38 combat turn=14 tick=2: 50 u12 (player 1, stamina 3) hits 10 u11 (player 0) for 2.70
2026/09/30 21:20:38 combat turn=14 tick=2: 60 u13 (player 1, stamina 3) hits 10 u11 (player 0) for 5.12
2026/09/30 21:20:38 combat turn=14 tick=2: 58 u13 (player 1, stamina 3) hits 10 u11 (player 0) for 5.12
2026/09/30 21:20:38 combat turn=14 tick=2: 53 u12 (player 1, stamina 3) hits 10 u11 (player 0) for 2.70
2026/09/30 21:20:38 state_hash turn=14 tick=2 hash=a80e46c1a2a44c37
2026/09/30 21:20:38 combat turn=14 tick=3: 13 u11 (player 0, stamina 3) hits 49 u12 (player 1) for 1.50
2026/09/30 21:20:38 combat turn=14 tick=3: 22 u12 (player 0, stamina 3) hits 49 u12 (player 1) for 2.40
2026/09/30 21:20:38 combat turn=14 tick=3: 15 u11 (player 0, stamina 3) hits 49 u12 (player 1) for 1.50
2026/09/30 21:20:38 combat turn=14 tick=3: 12 u11 (player 0, stamina 3) hits 49 u12 (player 1) for 1.50
2026/09/30 21:20:38 combat turn=14 tick=3: 19 u12 (player 0, stamina 3) hits 49 u12 (player 1) for 2.40
2026/09/30 21:20:38 combat turn=14 tick=3: 20 u12 (player 0, stamina 3) hits 49 u12 (player 1) for 2.40
2026/09/30 21:20:38 combat turn=14 tick=3: 23 u12 (player 0, stamina 3) hits 49 u12 (player 1) for 2.40
2026/09/30 21:20:38 combat turn=14 tick=3: 16 u11 (player 0, stamina 3) hits 49 u12 (player 1) for 1.50
2026/09/30 21:20:38 combat turn=14 tick=3: 18 u12 (player 0, stamina 3) hits 49 u12 (player 1) for 2.40
2026/09/30 21:20:38 combat turn=14 tick=3: 24 u12 (player 0, stamina 3) hits 49 u12 (player 1) for 2.40
2026/09/30 21:20:38 combat turn=14 tick=3: 14 u11 (player 0, stamina 3) hits 49 u12 (player 1) for 1.50
2026/09/30 21:20:38 combat turn=14 tick=3: 11 u11 (player 0, stamina 3) hits 49 u12 (player 1) for 1.50
2026/09/30 21:20:38 combat turn=14 tick=3: 17 u12 (player 0, stamina 3) hits 49 u12 (player 1) for 2.40
2026/09/30 21:20:38 combat turn=14 tick=3: 21 u12 (player 0, stamina 3) hits 49 u12 (player 1) for 2.40
2026/09/30 21:20:38 combat turn=14 tick=3: 51 u12 (player 1, stamina 3) hits 11 u11 (player 0) for 2.70
2026/09/30 21:20:38 combat turn=14 tick=3: 52 u12 (player 1, stamina 3) hits 11 u11 (player 0) for 2.70
2026/09/30 21:20:38 combat turn=14 tick=3: 54 u12 (player 1, stamina 3) hits 11 u11 (player 0) for 2.70
2026/09/30 21:20:38 combat turn=14 tick=3: 55 u13 (player 1, stamina 2) hits 11 u11 (player 0) for 3.41
2026/09/30 21:20:38 combat turn=14 tick=3: 56 u13 (player 1, stamina 2) hits 11 u11 (player 0) for 3.41
2026/09/30 21:20:38 combat turn=14 tick=3: 57 u13 (player 1, stamina 2) hits 11 u11 (player 0) for 3.41
2026/09/30 21:20:38 combat turn=14 tick=3: 59 u13 (player 1, stamina 2) hits 11 u11 (player 0) for 3.41
2026/09/30 21:20:38 combat turn=14 tick=3: 50 u12 (player 1, stamina 3) hits 11 u11 (player 0) for 2.70
2026/09/30 21:20:38 combat turn=14 tick=3: 60 u13 (player 1, stamina 2) hits 11 u11 (player 0) for 3.41
2026/09/30 21:20:38 combat turn=14 tick=3: 58 u13 (player 1, stamina 2) hits 11 u11 (player 0) for 3.41
2026/09/30 21:20:38 combat turn=14 tick=3: 53 u12 (player 1, stamina 3) hits 11 u11 (player 0) for 2.70
2026/09/30 21:20:38 combat turn=14 tick=3: 49 u12 (player 1, stamina 3) hits 11 u11 (player 0) for 2.70
2026/09/30 21:20:38 Moving unit 32 Blunt Infantry to zone(0, 0) in space (2, -3) tick=3
2026/09/30 21:20:38 state_hash turn=14 tick=3 hash=4210c6eaedcc38b9
2026/09/30 21:20:38 combat turn=14 tick=4: 15 u11 (player 0, stamina 3) hits 50 u12 (player 1) for 1.50
2026/09/30 21:20:38 combat turn=14 tick=4: 12 u11 (player 0, stamina 3) hits 50 u12 (player 1) for 1.50
2026/09/30 21:20:38 combat turn=14 tick=4: 19 u12 (player 0, stamina 3) hits 50 u12 (player 1) for 2.40
2026/09/30 21:20:38 combat turn=14 tick=4: 20 u12 (player 0, stamina 3) hits 50 u12 (player 1) for 2.40
2026/09/30 21:20:38 combat turn=14 tick=4: 23 u12 (player 0, stamina 3) hits 50 u12 (player 1) for 2.40
2026/09/30 21:20:38 combat turn=14 tick=4: 16 u11 (player 0, stamina 3) hits 50 u12 (player 1) for 1.50
2026/09/30 21:20:38 combat turn=14 tick=4: 18 u12 (player 0, stamina 3) hits 50 u12 (player 1) for 2.40
2026/09/30 21:20:38 combat turn=14 tick=4: 24 u12 (player 0, stamina 3) hits 50 u12 (player 1) for 2.40
2026/09/30 21:20:38 combat turn=14 tick=4: 14 u11 (player 0, stamina 3) hits 50 u12 (player 1) for 1.50
2026/09/30 21:20:38 combat turn=14 tick=4: 17 u12 (player 0, stamina 3) hits 50 u12 (player 1) for 2.40
2026/09/30 21:20:38 combat turn=14 tick=4: 21 u12 (player 0, stamina 3) hits 50 u12 (player 1) for 2.40
2026/09/30 21:20:38 combat turn=14 tick=4: 13 u11 (player 0, stamina 3) hits 50 u12 (player 1) for 1.50
2026/09/30 21:20:38 combat turn=14 tick=4: 22 u12 (player 0, stamina 3) hits 50 u12 (player 1) for 2.40
2026/09/30 21:20:38 combat turn=14 tick=4: 50 u12 (player 1, stamina 3) hits 12 u11 (player 0) for 2.70
2026/09/30 21:20:38 combat turn=14 tick=4: 53 u12 (player 1, stamina 3) hits 12 u11 (player 0) for 2.70
2026/09/30 21:20:38 Moving unit 32 Blunt Infantry to zone(0, 1) in space (2, -3) tick=4
2026/09/30 21:20:38 combat turn=14 tick=4: 51 u12 (player 1, stamina 3) hits 12 u11 (player 0) for 2.70
2026/09/30 21:20:38 combat turn=14 tick=4: 52 u12 (player 1, stamina 3) hits 12 u11 (player 0) for 2.70
2026/09/30 21:20:38 combat turn=14 tick=4: 54 u12 (player 1, stamina 3) hits 12 u11 (player 0) for 2.70
2026/09/30 21:20:38 state_hash turn=14 tick=4 hash=d1e5fcc9065b68a1
2026/09/30 21:20:38 combat turn=14 tick=5: 13 u11 (player 0, stamina 3) hits 51 u12 (player 1) for 1.50
2026/09/30 21:20:38 combat turn=14 tick=5: 15 u11 (player 0, stamina 3) hits 51 u12 (player 1) for 1.50
2026/09/30 21:20:38 combat turn=14 tick=5: 16 u11 (player 0, stamina 3) hits 51 u12 (player 1) for 1.50
2026/09/30 21:20:38 combat turn=14 tick=5: 14 u11 (player 0, stamina 3) hits 51 u12 (player 1) for 1.50
2026/09/30 21:20:38 Moving unit 32 Blunt Infantry to zone(0, -1) in space (2, -2) tick=5
2026/09/30 21:20:38 state_hash turn=14 tick=5 hash=4be3d9b533db7025
2026/09/30 21:20:38 Moving unit 32 Blunt Infantry to zone(0, 0) in space (2, -2) tick=6
2026/09/30 21:20:38 state_hash turn=14 tick=6 hash=c8eebd972f10ef2c
2026/09/30 21:20:38 state_hash turn=14 tick=end hash=eeb6a2cb7ff8256a
2026/09/30 21:20:38 ai ai-1: new turn data {"buildings":[],"enemy_buildings":[],"enemy_units":[{"InternalID":13,"UnitID":11,"Type":2,"Kind":1,"Location":{"Space":{"X":-3,"Y":2},"Zone":{"X":0,"Y":1}},"CurrentStamina":15,"CurrentOrder":null,"Builds":[],"GarrisonedIn":null,"Stance":0,"InterruptCurrent":false,"AttackBack":false,"TargetPriority":"","ActiveOrders":null,"Health":11,"MaxHealth":11},{"InternalID":14,"UnitID":11,"Type":2,"Kind":1,"Location":{"Space":{"X":-3,"Y":2},"Zone":{"X":0,"Y":1}},"CurrentStamina":15,"CurrentOrder":null,"Builds":[],"GarrisonedIn":null,"Stance":0,"InterruptCurrent":false,"AttackBack":false,"TargetPriority":"","ActiveOrders":null,"Health":11,"MaxHealth":11},{"InternalID":15,"UnitID":11,"Type":2,"Kind":1,"Location":{"Space":{"X":-3,"Y":2},"Zone":{"X":0,"Y":1}},"CurrentStamina":15,"CurrentOrder":null,"Builds":[],"GarrisonedIn":null,"Stance":0,"InterruptCurrent":false,"AttackBack":false,"TargetPriority":"","ActiveOrders":null,"Health":11,"MaxHealth":11},{"InternalID":16,"UnitID":11,"Type":2,"Kind":1,"Location":{"Space":{"X":-3,"Y":2},"Zone":{"X":0,"Y":1}},"CurrentStamina":15,"CurrentOrder":null,"Builds":[],"GarrisonedIn":null,"Stance":0,"InterruptCurrent":false,"AttackBack":false,"TargetPriority":"","ActiveOrders":null,"Health":11,"MaxHealth":11},{"InternalID":17,"UnitID":12,"Type":2,"Kind":1,"Location":{"Space":{"X":-3,"Y":2},"Zone":{"X":0,"Y":1}},"CurrentStamina":12,"CurrentOrder":null,"Builds":[],"GarrisonedIn":null,"Stance":0,"InterruptCurrent":false,"AttackBack":false,"TargetPriority":"","ActiveOrders":null,"Health":16,"MaxHealth":16},{"InternalID":18,"UnitID":12,"Type":2,"Kind":1,"Location":{"Space":{"X":-3,"Y":2},"Zone":{"X":0,"Y":1}},"CurrentStamina":12,"CurrentOrder":null,"Builds":[],"GarrisonedIn":null,"Stance":0,"InterruptCurrent":false,"AttackBack":false,"TargetPriority":"","ActiveOrders":null,"Health":16,"MaxHealth":16},{"InternalID":19,"UnitID":12,"Type":2,"Kind":1,"Location":{"Space":{"X":-3,"Y":2},"Zone":{"X":0,"Y":1}},"CurrentStamina":12,"CurrentOrder":null,"Builds":[],"GarrisonedIn":null,"Stance":0,"InterruptCurrent":false,"AttackBack":false,"TargetPriority":"","ActiveOrders":null,"Health":16,"MaxHealth":16},{"InternalID":20,"UnitID":12,"Type":2,"Kind":1,"Location":{"Space":{"X":-3,"Y":2},"Zone":{"X":0,"Y":1}},"CurrentStamina":12,"CurrentOrder":null,"Builds":[],"GarrisonedIn":null,"Stance":0,"InterruptCurrent":false,"AttackBack":false,"TargetPriority":"","ActiveOrders":null,"Health":16,"MaxHealth":16},{"InternalID":21,"UnitID":12,"Type":2,"Kind":1,"Location":{"Space":{"X":-3,"Y":2},"Zone":{"X":0,"Y":1}},"CurrentStamina":12,"CurrentOrder":null,"Builds":[],"GarrisonedIn":null,"Stance":0,"InterruptCurrent":false,"AttackBack":false,"TargetPriority":"","ActiveOrders":null,"Health":16,"MaxHealth":16},{"InternalID":22,"UnitID":12,"Type":2,"Kind":1,"Location":{"Space":{"X":-3,"Y":2},"Zone":{"X":0,"Y":1}},"CurrentStamina":12,"CurrentOrder":null,"Builds":[],"GarrisonedIn":null,"Stance":0,"InterruptCurrent":false,"AttackBack":false,"TargetPriority":"","ActiveOrders":null,"Health":16,"MaxHealth":16},{"InternalID":23,"UnitID":12,"Type":2,"Kind":1,"Location":{"Space":{"X":-3,"Y":2},"Zone":{"X":0,"Y":1}},"CurrentStamina":12,"CurrentOrder":null,"Builds":[],"GarrisonedIn":null,"Stance":0,"InterruptCurrent":false,"AttackBack":false,"TargetPriority":"","ActiveOrders":null,"Health":16,"MaxHealth":16},{"InternalID":24,"UnitID":12,"Type":2,"Kind":1,"Location":{"Space":{"X":-3,"Y":2},"Zone":{"X":0,"Y":1}},"CurrentStamina":12,"CurrentOrder":null,"Builds":[],"GarrisonedIn":null,"Stance":0,"InterruptCurrent":false,"AttackBack":false,"TargetPriority":"","ActiveOrders":null,"Health":16,"MaxHealth":16}],"foundations":[],"population":{"current":11,"limit":0},"resources":{"food":200,"gold":44,"stone":100,"wood":200},"spaces":[{"Space":{"X":0,"Y":-4},"Vision":1,"Owner":-1},{"Space":{"X":1,"Y":-4},"Vision":1,"Owner":-1},{"Space":{"X":2,"Y":-4},"Vision":1,"Owner":-1},{"Space":{"X":3,"Y":-4},"Vision":1,"Owner":-1},{"Space":{"X":4,"Y":-4},"Vision":1,"Owner":-1},{"Space":{"X":-1,"Y":-3},"Vision":1,"Owner":0},{"Space":{"X":0,"Y":-3},"Vision":1,"Owner":-1},{"Space":{"X":1,"Y":-3},"Vision":1,"Owner":-1},{"Space":{"X":2,"Y":-3},"Vision":2,"Owner":-1},{"Space":{"X":3,"Y":-3},"Vision":2,"Owner":-1},{"Space":{"X":4,"Y":-3},"Vision":0,"Owner":-1},{"Space":{"X":-2,"Y":-2},"Vision":1,"Owner":0},{"Space":{"X":-1,"Y":-2},"Vision":1,"Owner":-1},{"Space":{"X":0,"Y":-2},"Vision":1,"Owner":-1},{"Space":{"X":1,"Y":-2},"Vision":2,"Owner":-1},{"Space":{"X":2,"Y":-2},"Vision":3,"Owner":1},{"Space":{"X":3,"Y":-2},"Vision":2,"Owner":-1},{"Space":{"X":4,"Y":-2},"Vision":0,"Owner":-1},{"Space":{"X":-3,"Y":-1},"Vision":1,"Owner":0},{"Space":{"X":-2,"Y":-1},"Vision":1,"Owner":-1},{"Space":{"X":-1,"Y":-1},"Vision":1,"Owner":-1},{"Space":{"X":0,"Y":-1},"Vision":1,"Owner":-1},{"Space":{"X":1,"Y":-1},"Vision":2,"Owner":-1},{"Space":{"X":2,"Y":-1},"Vision":2,"Owner":-1},{"Space":{"X":3,"Y":-1},"Vision":0,"Owner":-1},{"Space":{"X":4,"Y":-1},"Vision":0,"Owner":-1},{"Space":{"X":-4,"Y":0},"Vision":1,"Owner":-1},{"Space":{"X":-3,"Y":0},"Vision":1,"Owner":0},{"Space":{"X":-2,"Y":0},"Vision":1,"Owner":-1},{"Space":{"X":-1,"Y":0},"Vision":1,"Owner":-1},{"Space":{"X":0,"Y":0},"Vision":1,"Owner":-1},{"Space":{"X":1,"Y":0},"Vision":0,"Owner":-1},{"Space":{"X":2,"Y":0},"Vision":0,"Owner":-1},{"Space":{"X":3,"Y":0},"Vision":0,"Owner":-1},{"Space":{"X":4,"Y":0},"Vision":0,"Owner":-1},{"Space":{"X":-4,"Y":1},"Vision":1,"Owner":-1},{"Space":{"X":-3,"Y":1},"Vision":2,"Owner":-1},{"Space":{"X":-2,"Y":1},"Vision":2,"Owner":-1},{"Space":{"X":-1,"Y":1},"Vision":1,"Owner":-1},{"Space":{"X":0,"Y":1},"Vision":1,"Owner":-1},{"Space":{"X":1,"Y":1},"Vision":0,"Owner":-1},{"Space":{"X":2,"Y":1},"Vision":0,"Owner":-1},{"Space":{"X":3,"Y":1},"Vision":0,"Owner":-1},{"Space":{"X":-4,"Y":2},"Vision":2,"Owner":-1},{"Space":{"X":-3,"Y":2},"Vision":3,"Owner":-1},{"Space":{"X":-2,"Y":2},"Vision":2,"Owner":-1},{"Space":{"X":-1,"Y":2},"Vision":1,"Owner":-1},{"Space":{"X":0,"Y":2},"Vision":1,"Owner":-1},{"Space":{"X":1,"Y":2},"Vision":0,"Owner":-1},{"Space":{"X":2,"Y":2},"Vision":0,"Owner":-1},{"Space":{"X":-4,"Y":3},"Vision":2,"Owner":-1},{"Space":{"X":-3,"Y":3},"Vision":3,"Owner":-1},{"Space":{"X":-2,"Y":3},"Vision":1,"Owner":-1},{"Space":{"X":-1,"Y":3},"Vision":1,"Owner":-1},{"Space":{"X":0,"Y":3},"Vision":1,"Owner":-1},{"Space":{"X":1,"Y":3},"Vision":0,"Owner":-1},{"Space":{"X":-4,"Y":4},"Vision":1,"Owner":-1},{"Space":{"X":-3,"Y":4},"Vision":1,"Owner":-1},{"Space":{"X":-2,"Y":4},"Vision":1,"Owner":-1},{"Space":{"X":-1,"Y":4},"Vision":1,"Owner":-1},{"Space":{"X":0,"Y":4},"Vision":0,"Owner":-1}],"units":[{"InternalID":32,"UnitID":11,"Type":2,"Kind":1,"Location":{"Space":{"X":2,"Y":-2},"Zone":{"X":0,"Y":0}},"CurrentStamina":19,"CurrentOrder":null,"Builds":[],"GarrisonedIn":null,"Stance":3,"InterruptCurrent":false,"AttackBack":true,"TargetPriority":"","ActiveOrders":null,"Health":11,"MaxHealth":11},{"InternalID":51,"UnitID":12,"Type":2,"Kind":1,"Location":{"Space":{"X":-3,"Y":2},"Zone":{"X":0,"Y":1}},"CurrentStamina":12,"CurrentOrder":{"Kind":4,"TargetZone":null,"TargetSpace":{"X":-3,"Y":2},"TargetResource":null,"TargetUnit":null,"TargetBuilding":null},"Builds":[],"GarrisonedIn":null,"Stance":3,"InterruptCurrent":false,"AttackBack":true,"TargetPriority":"","ActiveOrders":[{"ID":459,"Kind":4}],"Health":10,"MaxHealth":16},{"InternalID":52,"UnitID":12,"Type":2,"Kind":1,"Location":{"Space":{"X":-3,"Y":2},"Zone":{"X":0,"Y":1}},"CurrentStamina":12,"CurrentOrder":{"Kind":4,"TargetZone":null,"TargetSpace":{"X":-3,"Y":2},"TargetResource":null,"TargetUnit":null,"TargetBuilding":null},"Builds":[],"GarrisonedIn":null,"Stance":3,"InterruptCurrent":false,"AttackBack":true,"TargetPriority":"","ActiveOrders":[{"ID":462,"Kind":4}],"Health":16,"MaxHealth":16},{"InternalID":53,"UnitID":12,"Type":2,"Kind":1,"Location":{"Space":{"X":-3,"Y":2},"Zone":{"X":0,"Y":1}},"CurrentStamina":12,"CurrentOrder":{"Kind":4,"TargetZone":null,"TargetSpace":{"X":-3,"Y":2},"TargetResource":null,"TargetUnit":null,"TargetBuilding":null},"Builds":[],"GarrisonedIn":null,"Stance":3,"InterruptCurrent":false,"AttackBack":true,"TargetPriority":"","ActiveOrders":[{"ID":452,"Kind":4}],"Health":16,"MaxHealth":16},{"InternalID":54,"UnitID":12,"Type":2,"Kind":1,"Location":{"Space":{"X":-3,"Y":2},"Zone":{"X":0,"Y":1}},"CurrentStamina":12,"CurrentOrder":{"Kind":4,"TargetZone":null,"TargetSpace":{"X":-3,"Y":2},"TargetResource":null,"TargetUnit":null,"TargetBuilding":null},"Builds":[],"GarrisonedIn":null,"Stance":3,"InterruptCurrent":false,"AttackBack":true,"TargetPriority":"","ActiveOrders":[{"ID":463,"Kind":4}],"Health":16,"MaxHealth":16},{"InternalID":55,"UnitID":13,"Type":2,"Kind":1,"Location":{"Space":{"X":-3,"Y":2},"Zone":{"X":0,"Y":1}},"CurrentStamina":8,"CurrentOrder":{"Kind":4,"TargetZone":null,"TargetSpace":{"X":-3,"Y":2},"TargetResource":null,"TargetUnit":null,"TargetBuilding":null},"Builds":[],"GarrisonedIn":null,"Stance":3,"InterruptCurrent":false,"AttackBack":true,"TargetPriority":"","ActiveOrders":[{"ID":464,"Kind":4}],"Health":50,"MaxHealth":50},{"InternalID":56,"UnitID":13,"Type":2,"Kind":1,"Location":{"Space":{"X":-3,"Y":2},"Zone":{"X":0,"Y":1}},"CurrentStamina":8,"CurrentOrder":{"Kind":4,"TargetZone":null,"TargetSpace":{"X":-3,"Y":2},"TargetResource":null,"TargetUnit":null,"TargetBuilding":null},"Builds":[],"GarrisonedIn":null,"Stance":3,"InterruptCurrent":false,"AttackBack":true,"TargetPriority":"","ActiveOrders":[{"ID":465,"Kind":4}],"Health":50,"MaxHealth":50},{"InternalID":57,"UnitID":13,"Type":2,"Kind":1,"Location":{"Space":{"X":-3,"Y":2},"Zone":{"X":0,"Y":1}},"CurrentStamina":8,"CurrentOrder":{"Kind":4,"TargetZone":null,"TargetSpace":{"X":-3,"Y":2},"TargetResource":null,"TargetUnit":null,"TargetBuilding":null},"Builds":[],"GarrisonedIn":null,"Stance":3,"InterruptCurrent":false,"AttackBack":true,"TargetPriority":"","ActiveOrders":[{"ID":469,"Kind":4}],"Health":50,"MaxHealth":50},{"InternalID":58,"UnitID":13,"Type":2,"Kind":1,"Location":{"Space":{"X":-3,"Y":2},"Zone":{"X":0,"Y":1}},"CurrentStamina":8,"CurrentOrder":{"Kind":4,"TargetZone":null,"TargetSpace":{"X":-3,"Y":2},"TargetResource":null,"TargetUnit":null,"TargetBuilding":null},"Builds":[],"GarrisonedIn":null,"Stance":3,"InterruptCurrent":false,"AttackBack":true,"TargetPriority":"","ActiveOrders":[{"ID":451,"Kind":4}],"Health":50,"MaxHealth":50},{"InternalID":59,"UnitID":13,"Type":2,"Kind":1,"Location":{"Space":{"X":-3,"Y":2},"Zone":{"X":0,"Y":1}},"CurrentStamina":8,"CurrentOrder":{"Kind":4,"TargetZone":null,"TargetSpace":{"X":-3,"Y":2},"TargetResource":null,"TargetUnit":null,"TargetBuilding":null},"Builds":[],"GarrisonedIn":null,"Stance":3,"InterruptCurrent":false,"AttackBack":true,"TargetPriority":"","ActiveOrders":[{"ID":470,"Kind":4}],"Health":50,"MaxHealth":50},{"InternalID":60,"UnitID":13,"Type":2,"Kind":1,"Location":{"Space":{"X":-3,"Y":2},"Zone":{"X":0,"Y":1}},"CurrentStamina":8,"CurrentOrder":{"Kind":4,"TargetZone":null,"TargetSpace":{"X":-3,"Y":2},"TargetResource":null,"TargetUnit":null,"TargetBuilding":null},"Builds":[],"GarrisonedIn":null,"Stance":3,"InterruptCurrent":false,"AttackBack":true,"TargetPriority":"","ActiveOrders":[{"ID":474,"Kind":4}],"Health":50,"MaxHealth":50}]}
2026/09/30 21:20:38 ai ai-0: new turn data {"buildings":[],"enemy_buildings":[],"enemy_units":[{"InternalID":51,"UnitID":12,"Type":2,"Kind":1,"Location":{"Space":{"X":-3,"Y":2},"Zone":{"X":0,"Y":1}},"CurrentStamina":12,"CurrentOrder":null,"Builds":[],"GarrisonedIn":null,"Stance":0,"InterruptCurrent":false,"AttackBack":false,"TargetPriority":"","ActiveOrders":null,"Health":10,"MaxHealth":16},{"InternalID":52,"UnitID":12,"Type":2,"Kind":1,"Location":{"Space":{"X":-3,"Y":2},"Zone":{"X":0,"Y":1}},"CurrentStamina":12,"CurrentOrder":null,"Builds":[],"GarrisonedIn":null,"Stance":0,"InterruptCurrent":false,"AttackBack":false,"TargetPriority":"","ActiveOrders":null,"Health":16,"MaxHealth":16},{"InternalID":53,"UnitID":12,"Type":2,"Kind":1,"Location":{"Space":{"X":-3,"Y":2},"Zone":{"X":0,"Y":1}},"CurrentStamina":12,"CurrentOrder":null,"Builds":[],"GarrisonedIn":null,"Stance":0,"InterruptCurrent":false,"AttackBack":false,"TargetPriority":"","ActiveOrders":null,"Health":16,"MaxHealth":16},{"InternalID":54,"UnitID":12,"Type":2,"Kind":1,"Location":{"Space":{"X":-3,"Y":2},"Zone":{"X":0,"Y":1}},"CurrentStamina":12,"CurrentOrder":null,"Builds":[],"GarrisonedIn":null,"Stance":0,"InterruptCurrent":false,"AttackBack":false,"TargetPriority":"","ActiveOrders":null,"Health":16,"MaxHealth":16},{"InternalID":55,"UnitID":13,"Type":2,"Kind":1,"Location":{"Space":{"X":-3,"Y":2},"Zone":{"X":0,"Y":1}},"CurrentStamina":8,"CurrentOrder":null,"Builds":[],"GarrisonedIn":null,"Stance":0,"InterruptCurrent":false,"AttackBack":false,"TargetPriority":"","ActiveOrders":null,"Health":50,"MaxHealth":50},{"InternalID":56,"UnitID":13,"Type":2,"Kind":1,"Location":{"Space":{"X":-3,"Y":2},"Zone":{"X":0,"Y":1}},"CurrentStamina":8,"CurrentOrder":null,"Builds":[],"GarrisonedIn":null,"Stance":0,"InterruptCurrent":false,"AttackBack":false,"TargetPriority":"","ActiveOrders":null,"Health":50,"MaxHealth":50},{"InternalID":57,"UnitID":13,"Type":2,"Kind":1,"Location":{"Space":{"X":-3,"Y":2},"Zone":{"X":0,"Y":1}},"CurrentStamina":8,"CurrentOrder":null,"Builds":[],"GarrisonedIn":null,"Stance":0,"InterruptCurrent":false,"AttackBack":false,"TargetPriority":"","ActiveOrders":null,"Health":50,"MaxHealth":50},{"InternalID":58,"UnitID":13,"Type":2,"Kind":1,"Location":{"Space":{"X":-3,"Y":2},"Zone":{"X":0,"Y":1}},"CurrentStamina":8,"CurrentOrder":null,"Builds":[],"GarrisonedIn":null,"Stance":0,"InterruptCurrent":false,"AttackBack":false,"TargetPriority":"","ActiveOrders":null,"Health":50,"MaxHealth":50},{"InternalID":59,"UnitID":13,"Type":2,"Kind":1,"Location":{"Space":{"X":-3,"Y":2},"Zone":{"X":0,"Y":1}},"CurrentStamina":8,"CurrentOrder":null,"Builds":[],"GarrisonedIn":null,"Stance":0,"InterruptCurrent":false,"AttackBack":false,"TargetPriority":"","ActiveOrders":null,"Health":50,"MaxHealth":50},{"InternalID":60,"UnitID":13,"Type":2,"Kind":1,"Location":{"Space":{"X":-3,"Y":2},"Zone":{"X":0,"Y":1}},"CurrentStamina":8,"CurrentOrder":null,"Builds":[],"GarrisonedIn":null,"Stance":0,"InterruptCurrent":false,"AttackBack":false,"TargetPriority":"","ActiveOrders":null,"Health":50,"MaxHealth":50}],"foundations":[],"population":{"current":12,"limit":0},"resources":{"food":200,"gold":98,"stone":100,"wood":200},"spaces":[{"Space":{"X":0,"Y":-4},"Vision":1,"Owner":-1},{"Space":{"X":1,"Y":-4},"Vision":1,"Owner":-1},{"Space":{"X":2,"Y":-4},"Vision":1,"Owner":-1},{"Space":{"X":3,"Y":-4},"Vision":1,"Owner":-1},{"Space":{"X":4,"Y":-4},"Vision":1,"Owner":-1},{"Space":{"X":-1,"Y":-3},"Vision":1,"Owner":-1},{"Space":{"X":0,"Y":-3},"Vision":1,"Owner":-1},{"Space":{"X":1,"Y":-3},"Vision":1,"Owner":-1},{"Space":{"X":2,"Y":-3},"Vision":1,"Owner":-1},{"Space":{"X":3,"Y":-3},"Vision":1,"Owner":-1},{"Space":{"X":4,"Y":-3},"Vision":1,"Owner":-1},{"Space":{"X":-2,"Y":-2},"Vision":1,"Owner":-1},{"Space":{"X":-1,"Y":-2},"Vision":1,"Owner":-1},{"Space":{"X":0,"Y":-2},"Vision":1,"Owner":-1},{"Space":{"X":1,"Y":-2},"Vision":1,"Owner":-1},{"Space":{"X":2,"Y":-2},"Vision":1,"Owner":-1},{"Space":{"X":3,"Y":-2},"Vision":1,"Owner":-1},{"Space":{"X":4,"Y":-2},"Vision":1,"Owner":-1},{"Space":{"X":-3,"Y":-1},"Vision":1,"Owner":-1},{"Space":{"X":-2,"Y":-1},"Vision":1,"Owner":-1},{"Space":{"X":-1,"Y":-1},"Vision":1,"Owner":-1},{"Space":{"X":0,"Y":-1},"Vision":1,"Owner":-1},{"Space":{"X":1,"Y":-1},"Vision":1,"Owner":-1},{"Space":{"X":2,"Y":-1},"Vision":1,"Owner":-1},{"Space":{"X":3,"Y":-1},"Vision":1,"Owner":-1},{"Space":{"X":4,"Y":-1},"Vision":1,"Owner":-1},{"Space":{"X":-4,"Y":0},"Vision":1,"Owner":-1},{"Space":{"X":-3,"Y":0},"Vision":1,"Owner":-1},{"Space":{"X":-2,"Y":0},"Vision":1,"Owner":-1},{"Space":{"X":-1,"Y":0},"Vision":1,"Owner":-1},{"Space":{"X":0,"Y":0},"Vision":1,"Owner":-1},{"Space":{"X":1,"Y":0},"Vision":1,"Owner":-1},{"Space":{"X":2,"Y":0},"Vision":1,"Owner":-1},{"Space":{"X":3,"Y":0},"Vision":1,"Owner":-1},{"Space":{"X":4,"Y":0},"Vision":0,"Owner":-1},{"Space":{"X":-4,"Y":1},"Vision":1,"Owner":-1},{"Space":{"X":-3,"Y":1},"Vision":2,"Owner":-1},{"Space":{"X":-2,"Y":1},"Vision":2,"Owner":-1},{"Space":{"X":-1,"Y":1},"Vision":1,"Owner":-1},{"Space":{"X":0,"Y":1},"Vision":1,"Owner":-1},{"Space":{"X":1,"Y":1},"Vision":1,"Owner":-1},{"Space":{"X":2,"Y":1},"Vision":1,"Owner":-1},{"Space":{"X":3,"Y":1},"Vision":0,"Owner":-1},{"Space":{"X":-4,"Y":2},"Vision":2,"Owner":-1},{"Space":{"X":-3,"Y":2},"Vision":3,"Owner":-1},{"Space":{"X":-2,"Y":2},"Vision":2,"Owner":-1},{"Space":{"X":-1,"Y":2},"Vision":1,"Owner":-1},{"Space":{"X":0,"Y":2},"Vision":1,"Owner":-1},{"Space":{"X":1,"Y":2},"Vision":1,"Owner":-1},{"Space":{"X":2,"Y":2},"Vision":0,"Owner":-1},{"Space":{"X":-4,"Y":3},"Vision":2,"Owner":-1},{"Space":{"X":-3,"Y":3},"Vision":3,"Owner":-1},{"Space":{"X":-2,"Y":3},"Vision":1,"Owner":-1},{"Space":{"X":-1,"Y":3},"Vision":1,"Owner":-1},{"Space":{"X":0,"Y":3},"Vision":1,"Owner":-1},{"Space":{"X":1,"Y":3},"Vision":0,"Owner":-1},{"Space":{"X":-4,"Y":4},"Vision":1,"Owner":-1},{"Space":{"X":-3,"Y":4},"Vision":1,"Owner":-1},{"Space":{"X":-2,"Y":4},"Vision":1,"Owner":-1},{"Space":{"X":-1,"Y":4},"Vision":1,"Owner":-1},{"Space":{"X":0,"Y":4},"Vision":0,"Owner":-1}],"units":[{"InternalID":13,"UnitID":11,"Type":2,"Kind":1,"Location":{"Space":{"X":-3,"Y":2},"Zone":{"X":0,"Y":1}},"CurrentStamina":15,"CurrentOrder":{"Kind":4,"TargetZone":null,"TargetSpace":{"X":-3,"Y":2},"TargetResource":null,"TargetUnit":null,"TargetBuilding":null},"Builds":[],"GarrisonedIn":null,"Stance":3,"InterruptCurrent":true,"AttackBack":true,"TargetPriority":"","ActiveOrders":[{"ID":767,"Kind":4}],"Health":11,"MaxHealth":11},{"InternalID":14,"UnitID":11,"Type":2,"Kind":1,"Location":{"Space":{"X":-3,"Y":2},"Zone":{"X":0,"Y":1}},"CurrentStamina":15,"CurrentOrder":{"Kind":4,"TargetZone":null,"TargetSpace":{"X":-3,"Y":2},"TargetResource":null,"TargetUnit":null,"TargetBuilding":null},"Builds":[],"GarrisonedIn":null,"Stance":3,"InterruptCurrent":true,"AttackBack":true,"TargetPriority":"","ActiveOrders":[{"ID":763,"Kind":4}],"Health":11,"MaxHealth":11},{"InternalID":15,"UnitID":11,"Type":2,"Kind":1,"Location":{"Space":{"X":-3,"Y":2},"Zone":{"X":0,"Y":1}},"CurrentStamina":15,"CurrentOrder":{"Kind":4,"TargetZone":null,"TargetSpace":{"X":-3,"Y":2},"TargetResource":null,"TargetUnit":null,"TargetBuilding":null},"Builds":[],"GarrisonedIn":null,"Stance":3,"InterruptCurrent":true,"AttackBack":true,"TargetPriority":"","ActiveOrders":[{"ID":770,"Kind":4}],"Health":11,"MaxHealth":11},{"InternalID":16,"UnitID":11,"Type":2,"Kind":1,"Location":{"Space":{"X":-3,"Y":2},"Zone":{"X":0,"Y":1}},"CurrentStamina":15,"CurrentOrder":{"Kind":4,"TargetZone":null,"TargetSpace":{"X":-3,"Y":2},"TargetResource":null,"TargetUnit":null,"TargetBuilding":null},"Builds":[],"GarrisonedIn":null,"Stance":3,"InterruptCurrent":true,"AttackBack":true,"TargetPriority":"","ActiveOrders":[{"ID":760,"Kind":4}],"Health":11,"MaxHealth":11},{"InternalID":17,"UnitID":12,"Type":2,"Kind":1,"Location":{"Space":{"X":-3,"Y":2},"Zone":{"X":0,"Y":1}},"CurrentStamina":12,"CurrentOrder":{"Kind":4,"TargetZone":null,"TargetSpace":{"X":-3,"Y":2},"TargetResource":null,"TargetUnit":null,"TargetBuilding":null},"Builds":[],"GarrisonedIn":null,"Stance":3,"InterruptCurrent":true,"AttackBack":true,"TargetPriority":"","ActiveOrders":[{"ID":765,"Kind":4}],"Health":16,"MaxHealth":16},{"InternalID":18,"UnitID":12,"Type":2,"Kind":1,"Location":{"Space":{"X":-3,"Y":2},"Zone":{"X":0,"Y":1}},"CurrentStamina":12,"CurrentOrder":{"Kind":4,"TargetZone":null,"TargetSpace":{"X":-3,"Y":2},"TargetResource":null,"TargetUnit":null,"TargetBuilding":null},"Builds":[],"GarrisonedIn":null,"Stance":3,"InterruptCurrent":true,"AttackBack":true,"TargetPriority":"","ActiveOrders":[{"ID":761,"Kind":4}],"Health":16,"MaxHealth":16},{"InternalID":19,"UnitID":12,"Type":2,"Kind":1,"Location":{"Space":{"X":-3,"Y":2},"Zone":{"X":0,"Y":1}},"CurrentStamina":12,"CurrentOrder":{"Kind":4,"TargetZone":null,"TargetSpace":{"X":-3,"Y":2},"TargetResource":null,"TargetUnit":null,"TargetBuilding":null},"Builds":[],"GarrisonedIn":null,"Stance":3,"InterruptCurrent":true,"AttackBack":true,"TargetPriority":"","ActiveOrders":[{"ID":757,"Kind":4}],"Health":16,"MaxHealth":16},{"InternalID":20,"UnitID":12,"Type":2,"Kind":1,"Location":{"Space":{"X":-3,"Y":2},"Zone":{"X":0,"Y":1}},"CurrentStamina":12,"CurrentOrder":{"Kind":4,"TargetZone":null,"TargetSpace":{"X":-3,"Y":2},"TargetResource":null,"TargetUnit":null,"TargetBuilding":null},"Builds":[],"GarrisonedIn":null,"Stance":3,"InterruptCurrent":true,"AttackBack":true,"TargetPriority":"","ActiveOrders":[{"ID":758,"Kind":4}],"Health":16,"MaxHealth":16},{"InternalID":21,"UnitID":12,"Type":2,"Kind":1,"Location":{"Space":{"X":-3,"Y":2},"Zone":{"X":0,"Y":1}},"CurrentStamina":12,"CurrentOrder":{"Kind":4,"TargetZone":null,"TargetSpace":{"X":-3,"Y":2},"TargetResource":null,"TargetUnit":null,"TargetBuilding":null},"Builds":[],"GarrisonedIn":null,"Stance":3,"InterruptCurrent":true,"AttackBack":true,"TargetPriority":"","ActiveOrders":[{"ID":766,"Kind":4}],"Health":16,"MaxHealth":16},{"InternalID":22,"UnitID":12,"Type":2,"Kind":1,"Location":{"Space":{"X":-3,"Y":2},"Zone":{"X":0,"Y":1}},"CurrentStamina":12,"CurrentOrder":{"Kind":4,"TargetZone":null,"TargetSpace":{"X":-3,"Y":2},"TargetResource":null,"TargetUnit":null,"TargetBuilding":null},"Builds":[],"GarrisonedIn":null,"Stance":3,"InterruptCurrent":true,"AttackBack":true,"TargetPriority":"","ActiveOrders":[{"ID":768,"Kind":4}],"Health":16,"MaxHealth":16},{"InternalID":23,"UnitID":12,"Type":2,"Kind":1,"Location":{"Space":{"X":-3,"Y":2},"Zone":{"X":0,"Y":1}},"CurrentStamina":12,"CurrentOrder":{"Kind":4,"TargetZone":null,"TargetSpace":{"X":-3,"Y":2},"TargetResource":null,"TargetUnit":null,"TargetBuilding":null},"Builds":[],"GarrisonedIn":null,"Stance":3,"InterruptCurrent":true,"AttackBack":true,"TargetPriority":"","ActiveOrders":[{"ID":759,"Kind":4}],"Health":16,"MaxHealth":16},{"InternalID":24,"UnitID":12,"Type":2,"Kind":1,"Location":{"Space":{"X":-3,"Y":2},"Zone":{"X":0,"Y":1}},"CurrentStamina":12,"CurrentOrder":{"Kind":4,"TargetZone":null,"TargetSpace":{"X":-3,"Y":2},"TargetResource":null,"TargetUnit":null,"TargetBuilding":null},"Builds":[],"GarrisonedIn":null,"Stance":3,"InterruptCurrent":true,"AttackBack":true,"TargetPriority":"","ActiveOrders":[{"ID":762,"Kind":4}],"Health":16,"MaxHealth":16}]}
2026/09/30 21:20:38 ai ai-1: submitting orders [{Subjects:[32] OrderType:2 TargetID:21 ClearPreviousOrders:true}]
2026/09/30 21:20:38 ai ai-1: vars {}
2026/09/30 21:20:38 player action: submit-orders 0 2 map[orders:[{1 [32] 2 21 true}]]
2026/09/30 21:20:38 Executing submit orders for: 1 [{1 [32] 2 21 true}]
2026/09/30 21:20:38 ai ai-0: submitting orders [{Subjects:[13] OrderType:9 TargetID:51 ClearPreviousOrders:true} {Subjects:[14] OrderType:9 TargetID:51 ClearPreviousOrders:true} {Subjects:[15] OrderType:9 TargetID:51 ClearPreviousOrders:true} {Subjects:[16] OrderType:9 TargetID:51 ClearPreviousOrders:true} {Subjects:[17] OrderType:9 TargetID:51 ClearPreviousOrders:true} {Subjects:[18] OrderType:9 TargetID:51 ClearPreviousOrders:true} {Subjects:[19] OrderType:9 TargetID:51 ClearPreviousOrders:true} {Subjects:[20] OrderType:9 TargetID:51 ClearPreviousOrders:true} {Subjects:[21] OrderType:9 TargetID:51 ClearPreviousOrders:true} {Subjects:[22] OrderType:9 TargetID:51 ClearPreviousOrders:true} {Subjects:[23] OrderType:9 TargetID:51 ClearPreviousOrders:true} {Subjects:[24] OrderType:9 TargetID:51 ClearPreviousOrders:true} {Subjects:[13] OrderType:9 TargetID:51 ClearPreviousOrders:true} {Subjects:[13] OrderType:9 TargetID:52 ClearPreviousOrders:false} {Subjects:[13] OrderType:9 TargetID:53 ClearPreviousOrders:false} {Subjects:[13] OrderType:9 TargetID:54 ClearPreviousOrders:false} {Subjects:[13] OrderType:9 TargetID:55 ClearPreviousOrders:false} {Subjects:[13] OrderType:9 TargetID:56 ClearPreviousOrders:false} {Subjects:[14] OrderType:9 TargetID:51 ClearPreviousOrders:true} {Subjects:[14] OrderType:9 TargetID:53 ClearPreviousOrders:false} {Subjects:[14] OrderType:9 TargetID:54 ClearPreviousOrders:false} {Subjects:[14] OrderType:9 TargetID:55 ClearPreviousOrders:false} {Subjects:[14] OrderType:9 TargetID:56 ClearPreviousOrders:false} {Subjects:[14] OrderType:9 TargetID:57 ClearPreviousOrders:false} {Subjects:[15] OrderType:9 TargetID:51 ClearPreviousOrders:true} {Subjects:[15] OrderType:9 TargetID:54 ClearPreviousOrders:false} {Subjects:[15] OrderType:9 TargetID:55 ClearPreviousOrders:false} {Subjects:[15] OrderType:9 TargetID:56 ClearPreviousOrders:false} {Subjects:[15] OrderType:9 TargetID:57 ClearPreviousOrders:false} {Subjects:[15] OrderType:9 TargetID:58 ClearPreviousOrders:false} {Subjects:[16] OrderType:9 TargetID:51 ClearPreviousOrders:true} {Subjects:[16] OrderType:9 TargetID:55 ClearPreviousOrders:false} {Subjects:[16] OrderType:9 TargetID:56 ClearPreviousOrders:false} {Subjects:[16] OrderType:9 TargetID:57 ClearPreviousOrders:false} {Subjects:[16] OrderType:9 TargetID:58 ClearPreviousOrders:false} {Subjects:[16] OrderType:9 TargetID:59 ClearPreviousOrders:false} {Subjects:[17] OrderType:9 TargetID:51 ClearPreviousOrders:true} {Subjects:[17] OrderType:9 TargetID:56 ClearPreviousOrders:false} {Subjects:[17] OrderType:9 TargetID:57 ClearPreviousOrders:false} {Subjects:[17] OrderType:9 TargetID:58 ClearPreviousOrders:false} {Subjects:[17] OrderType:9 TargetID:59 ClearPreviousOrders:false} {Subjects:[17] OrderType:9 TargetID:60 ClearPreviousOrders:false} {Subjects:[18] OrderType:9 TargetID:51 ClearPreviousOrders:true} {Subjects:[18] OrderType:9 TargetID:57 ClearPreviousOrders:false} {Subjects:[18] OrderType:9 TargetID:58 ClearPreviousOrders:false} {Subjects:[18] OrderType:9 TargetID:59 ClearPreviousOrders:false} {Subjects:[18] OrderType:9 TargetID:60 ClearPreviousOrders:false} {Subjects:[18] OrderType:9 TargetID:52 ClearPreviousOrders:false} {Subjects:[19] OrderType:9 TargetID:51 ClearPreviousOrders:true} {Subjects:[19] OrderType:9 TargetID:58 ClearPreviousOrders:false} {Subjects:[19] OrderType:9 TargetID:59 ClearPreviousOrders:false} {Subjects:[19] OrderType:9 TargetID:60 ClearPreviousOrders:false} {Subjects:[19] OrderType:9 TargetID:52 ClearPreviousOrders:false} {Subjects:[19] OrderType:9 TargetID:52 ClearPreviousOrders:false} {Subjects:[20] OrderType:9 TargetID:52 ClearPreviousOrders:true} {Subjects:[20] OrderType:9 TargetID:53 ClearPreviousOrders:false} {Subjects:[20] OrderType:9 TargetID:54 ClearPreviousOrders:false} {Subjects:[20] OrderType:9 TargetID:55 ClearPreviousOrders:false} {Subjects:[20] OrderType:9 TargetID:56 ClearPreviousOrders:false} {Subjects:[20] OrderType:9 TargetID:57 ClearPreviousOrders:false} {Subjects:[21] OrderType:9 TargetID:52 ClearPreviousOrders:true} {Subjects:[21] OrderType:9 TargetID:54 ClearPreviousOrders:false} {Subjects:[21] OrderType:9 TargetID:55 ClearPreviousOrders:false} {Subjects:[21] OrderType:9 TargetID:56 ClearPreviousOrders:false} {Subjects:[21] OrderType:9 TargetID:57 ClearPreviousOrders:false} {Subjects:[21] OrderType:9 TargetID:58 ClearPreviousOrders:false} {Subjects:[22] OrderType:9 TargetID:52 ClearPreviousOrders:true} {Subjects:[22] OrderType:9 TargetID:55 ClearPreviousOrders:false} {Subjects:[22] OrderType:9 TargetID:56 ClearPreviousOrders:false} {Subjects:[22] OrderType:9 TargetID:57 ClearPreviousOrders:false} {Subjects:[22] OrderType:9 TargetID:58 ClearPreviousOrders:false} {Subjects:[22] OrderType:9 TargetID:59 ClearPreviousOrders:false} {Subjects:[23] OrderType:9 TargetID:52 ClearPreviousOrders:true} {Subjects:[23] OrderType:9 TargetID:56 ClearPreviousOrders:false} {Subjects:[23] OrderType:9 TargetID:57 ClearPreviousOrders:false} {Subjects:[23] OrderType:9 TargetID:58 ClearPreviousOrders:false} {Subjects:[23] OrderType:9 TargetID:59 ClearPreviousOrders:false} {Subjects:[23] OrderType:9 TargetID:60 ClearPreviousOrders:false} {Subjects:[24] OrderType:9 TargetID:52 ClearPreviousOrders:true} {Subjects:[24] OrderType:9 TargetID:57 ClearPreviousOrders:false} {Subjects:[24] OrderType:9 TargetID:58 ClearPreviousOrders:false} {Subjects:[24] OrderType:9 TargetID:59 ClearPreviousOrders:false} {Subjects:[24] OrderType:9 TargetID:60 ClearPreviousOrders:false} {Subjects:[24] OrderType:9 TargetID:51 ClearPreviousOrders:false}]
2026/09/30 21:20:38 ai ai-0: vars {"B":4,"Hv":0,"Pi":8,"aPowLocal":0,"aThreat":0,"a_engaged":0,"a_odds":1.3,"a_outnumbered":0,"army_target":50,"army_value":1160,"assault":0,"bank_rate":28,"bar_barracks":0.17072129748186085,"bar_redoubt":1.1111111111111112,"barracks":0,"barracks_B":0,"barracks_P":0,"barracks_save":0,"barracks_spend":78.1,"barracks_want":0,"buffer_food":70,"buffer_gold":0,"buffer_stone":0,"buffer_wood":70,"builders":0,"committed":0,"eB":12.799999999999997,"eGrowth":0,"eH":6,"eMil":26.499999999999996,"eP":7.7,"ePow":52.199999999999996,"ePowEst":49.9408,"ePowSeen":49.9408,"eTech":1,"eV":0,"es":27.499999999999996,"farm_want":0,"farm_wood_short":0,"farming":0,"fire_barracks":0,"fire_farm0":0,"fire_farm1":0,"fire_farm2":0,"fire_house":0,"fire_outpost":0,"fire_redoubt":0,"fire_smith":0,"fire_vc":0,"food_need":0,"food_over":0,"food_rate":0,"food_slots":1000,"food_workers":0,"free_room":38,"go":0,"gold_income":0,"gold_need":0,"gold_rate":0,"gold_surplus":98,"guaranteed":0,"guard_home":0,"headroom":-12,"hire_B":5276.923076923077,"hire_P":8292.307692307693,"homePow":0,"house_builders":0,"house_urgency":0,"house_want":0,"income_proj":0,"left":0,"lf_food":0,"lf_gold":0,"lf_stone":0,"lf_wood":0,"lump_food":0,"lump_gold":0,"lump_stone":0,"lump_wood":0,"maturity":0,"mil":12,"myTech":1,"n_barracks":0,"n_redoubts":0,"needB":27.975114832381163,"needP":10.024885167618839,"outpost_want":0,"pikes":0,"planned_food":0,"planned_gold":0,"planned_stone":0,"planned_wood":0,"prod_rate":0,"proj_army":1160,"raid_danger":0,"raid_fails":1,"raid_lost":0,"raid_pause":18,"raid_prev":0,"raid_size":0,"raid_wiped":0,"rate":6,"redoubt_H":0,"redoubt_gold_ok":0.43555555555555553,"redoubt_save":0,"redoubt_spend":30,"redoubt_want":0,"redoubts":0,"rf_food":0,"rf_gold":0,"rf_stone":0,"rf_wood":0,"sB4":1.2729034177592193,"sP4":0.45614506567584195,"scale_l":0,"scale_r":0,"shareH":0.5049991526859854,"smith_want":0,"smiths":0,"spare":0,"spare_food":0.5,"stone_need":0,"stone_rate":0,"tH":38,"target_spend":400,"tech_food":50,"tech_gold":0,"tech_stone":0,"tech_wood":50,"threat_home":0,"turns_left":-120,"u_barracks":0.17746509250694506,"u_redoubt":0.4713325425069197,"unit_spend":120,"vB":1.0621818181818181,"vH":1.0836363636363637,"vP":0.8218181818181819,"vc_want":0,"vcs":0,"vil_goal":50,"vil_rate":0,"vil_stamina":8,"vil_want":0,"vil_want_last":0,"vil_worth_now":0.6,"vils":0,"w_food":0,"w_gold":0,"w_stone":0,"w_wood":0,"wild_workers":0,"wood_need":0,"wood_rate":0,"workers":0}
2026/09/30 21:20:38 player action: set-unit-behavior 0 1 map[internal_ids:[13 14 15 16 17 18 19 20 21 22 23 24] interrupt_current:false]
2026/09/30 21:20:38 player action: submit-orders 0 1 map[orders:[{0 [13] 9 51 true} {0 [14] 9 51 true} {0 [15] 9 51 true} {0 [16] 9 51 true} {0 [17] 9 51 true} {0 [18] 9 51 true} {0 [19] 9 51 true} {0 [20] 9 51 true} {0 [21] 9 51 true} {0 [22] 9 51 true} {0 [23] 9 51 true} {0 [24] 9 51 true} {0 [13] 9 51 true} {0 [13] 9 52 false} {0 [13] 9 53 false} {0 [13] 9 54 false} {0 [13] 9 55 false} {0 [13] 9 56 false} {0 [14] 9 51 true} {0 [14] 9 53 false} {0 [14] 9 54 false} {0 [14] 9 55 false} {0 [14] 9 56 false} {0 [14] 9 57 false} {0 [15] 9 51 true} {0 [15] 9 54 false} {0 [15] 9 55 false} {0 [15] 9 56 false} {0 [15] 9 57 false} {0 [15] 9 58 false} {0 [16] 9 51 true} {0 [16] 9 55 false} {0 [16] 9 56 false} {0 [16] 9 57 false} {0 [16] 9 58 false} {0 [16] 9 59 false} {0 [17] 9 51 true} {0 [17] 9 56 false} {0 [17] 9 57 false} {0 [17] 9 58 false} {0 [17] 9 59 false} {0 [17] 9 60 false} {0 [18] 9 51 true} {0 [18] 9 57 false} {0 [18] 9 58 false} {0 [18] 9 59 false} {0 [18] 9 60 false} {0 [18] 9 52 false} {0 [19] 9 51 true} {0 [19] 9 58 false} {0 [19] 9 59 false} {0 [19] 9 60 false} {0 [19] 9 52 false} {0 [19] 9 52 false} {0 [20] 9 52 true} {0 [20] 9 53 false} {0 [20] 9 54 false} {0 [20] 9 55 false} {0 [20] 9 56 false} {0 [20] 9 57 false} {0 [21] 9 52 true} {0 [21] 9 54 false} {0 [21] 9 55 false} {0 [21] 9 56 false} {0 [21] 9 57 false} {0 [21] 9 58 false} {0 [22] 9 52 true} {0 [22] 9 55 false} {0 [22] 9 56 false} {0 [22] 9 57 false} {0 [22] 9 58 false} {0 [22] 9 59 false} {0 [23] 9 52 true} {0 [23] 9 56 false} {0 [23] 9 57 false} {0 [23] 9 58 false} {0 [23] 9 59 false} {0 [23] 9 60 false} {0 [24] 9 52 true} {0 [24] 9 57 false} {0 [24] 9 58 false} {0 [24] 9 59 false} {0 [24] 9 60 false} {0 [24] 9 51 false}]]
2026/09/30 21:20:38 Executing submit orders for: 0 [{0 [13] 9 51 true} {0 [14] 9 51 true} {0 [15] 9 51 true} {0 [16] 9 51 true} {0 [17] 9 51 true} {0 [18] 9 51 true} {0 [19] 9 51 true} {0 [20] 9 51 true} {0 [21] 9 51 true} {0 [22] 9 51 true} {0 [23] 9 51 true} {0 [24] 9 51 true} {0 [13] 9 51 true} {0 [13] 9 52 false} {0 [13] 9 53 false} {0 [13] 9 54 false} {0 [13] 9 55 false} {0 [13] 9 56 false} {0 [14] 9 51 true} {0 [14] 9 53 false} {0 [14] 9 54 false} {0 [14] 9 55 false} {0 [14] 9 56 false} {0 [14] 9 57 false} {0 [15] 9 51 true} {0 [15] 9 54 false} {0 [15] 9 55 false} {0 [15] 9 56 false} {0 [15] 9 57 false} {0 [15] 9 58 false} {0 [16] 9 51 true} {0 [16] 9 55 false} {0 [16] 9 56 false} {0 [16] 9 57 false} {0 [16] 9 58 false} {0 [16] 9 59 false} {0 [17] 9 51 true} {0 [17] 9 56 false} {0 [17] 9 57 false} {0 [17] 9 58 false} {0 [17] 9 59 false} {0 [17] 9 60 false} {0 [18] 9 51 true} {0 [18] 9 57 false} {0 [18] 9 58 false} {0 [18] 9 59 false} {0 [18] 9 60 false} {0 [18] 9 52 false} {0 [19] 9 51 true} {0 [19] 9 58 false} {0 [19] 9 59 false} {0 [19] 9 60 false} {0 [19] 9 52 false} {0 [19] 9 52 false} {0 [20] 9 52 true} {0 [20] 9 53 false} {0 [20] 9 54 false} {0 [20] 9 55 false} {0 [20] 9 56 false} {0 [20] 9 57 false} {0 [21] 9 52 true} {0 [21] 9 54 false} {0 [21] 9 55 false} {0 [21] 9 56 false} {0 [21] 9 57 false} {0 [21] 9 58 false} {0 [22] 9 52 true} {0 [22] 9 55 false} {0 [22] 9 56 false} {0 [22] 9 57 false} {0 [22] 9 58 false} {0 [22] 9 59 false} {0 [23] 9 52 true} {0 [23] 9 56 false} {0 [23] 9 57 false} {0 [23] 9 58 false} {0 [23] 9 59 false} {0 [23] 9 60 false} {0 [24] 9 52 true} {0 [24] 9 57 false} {0 [24] 9 58 false} {0 [24] 9 59 false} {0 [24] 9 60 false} {0 [24] 9 51 false}]
2026/09/30 21:20:38 Resolving active orders
2026/09/30 21:20:38 combat turn=15 tick=1: 17 u12 (player 0, stamina 3) hits 51 u12 (player 1) for 2.40
2026/09/30 21:20:38 combat turn=15 tick=1: 21 u12 (player 0, stamina 3) hits 52 u12 (player 1) for 2.40
2026/09/30 21:20:38 combat turn=15 tick=1: 13 u11 (player 0, stamina 3) hits 51 u12 (player 1) for 1.50
2026/09/30 21:20:38 combat turn=15 tick=1: 22 u12 (player 0, stamina 3) hits 52 u12 (player 1) for 2.40
2026/09/30 21:20:38 combat turn=15 tick=1: 15 u11 (player 0, stamina 3) hits 51 u12 (player 1) for 1.50
2026/09/30 21:20:38 combat turn=15 tick=1: 19 u12 (player 0, stamina 3) hits 51 u12 (player 1) for 2.40
2026/09/30 21:20:38 combat turn=15 tick=1: 20 u12 (player 0, stamina 3) hits 52 u12 (player 1) for 2.40
2026/09/30 21:20:38 combat turn=15 tick=1: 23 u12 (player 0, stamina 3) hits 52 u12 (player 1) for 2.40
2026/09/30 21:20:38 combat turn=15 tick=1: 16 u11 (player 0, stamina 3) hits 51 u12 (player 1) for 1.50
2026/09/30 21:20:38 combat turn=15 tick=1: 18 u12 (player 0, stamina 3) hits 51 u12 (player 1) for 2.40
2026/09/30 21:20:38 combat turn=15 tick=1: 24 u12 (player 0, stamina 3) hits 52 u12 (player 1) for 2.40
2026/09/30 21:20:38 combat turn=15 tick=1: 14 u11 (player 0, stamina 3) hits 51 u12 (player 1) for 1.50
2026/09/30 21:20:38 combat turn=15 tick=1: 60 u13 (player 1, stamina 3) hits 13 u11 (player 0) for 5.12
2026/09/30 21:20:38 combat turn=15 tick=1: 58 u13 (player 1, stamina 3) hits 13 u11 (player 0) for 5.12
2026/09/30 21:20:38 combat turn=15 tick=1: 53 u12 (player 1, stamina 3) hits 13 u11 (player 0) for 2.70
2026/09/30 21:20:38 Moving unit 32 Blunt Infantry to zone(0, 1) in space (2, -2) tick=1
2026/09/30 21:20:38 combat turn=15 tick=1: 51 u12 (player 1, stamina 3) hits 13 u11 (player 0) for 2.70
2026/09/30 21:20:38 combat turn=15 tick=1: 52 u12 (player 1, stamina 3) hits 13 u11 (player 0) for 2.70
2026/09/30 21:20:38 combat turn=15 tick=1: 54 u12 (player 1, stamina 3) hits 13 u11 (player 0) for 2.70
2026/09/30 21:20:38 combat turn=15 tick=1: 55 u13 (player 1, stamina 3) hits 13 u11 (player 0) for 5.12
2026/09/30 21:20:38 combat turn=15 tick=1: 56 u13 (player 1, stamina 3) hits 13 u11 (player 0) for 5.12
2026/09/30 21:20:38 combat turn=15 tick=1: 57 u13 (player 1, stamina 3) hits 13 u11 (player 0) for 5.12
2026/09/30 21:20:38 combat turn=15 tick=1: 59 u13 (player 1, stamina 3) hits 13 u11 (player 0) for 5.12
2026/09/30 21:20:38 state_hash turn=15 tick=1 hash=bce8cc09667e37de
2026/09/30 21:20:38 combat turn=15 tick=2: 19 u12 (player 0, stamina 3) hits 58 u13 (player 1) for 2.10
2026/09/30 21:20:38 combat turn=15 tick=2: 20 u12 (player 0, stamina 3) hits 52 u12 (player 1) for 2.40
2026/09/30 21:20:38 combat turn=15 tick=2: 23 u12 (player 0, stamina 3) hits 52 u12 (player 1) for 2.40
2026/09/30 21:20:38 combat turn=15 tick=2: 16 u11 (player 0, stamina 3) hits 55 u13 (player 1) for 0.71
2026/09/30 21:20:38 combat turn=15 tick=2: 18 u12 (player 0, stamina 3) hits 57 u13 (player 1) for 2.10
2026/09/30 21:20:38 combat turn=15 tick=2: 24 u12 (player 0, stamina 3) hits 52 u12 (player 1) for 2.40
2026/09/30 21:20:38 combat turn=15 tick=2: 14 u11 (player 0, stamina 3) hits 53 u12 (player 1) for 1.50
2026/09/30 21:20:38 combat turn=15 tick=2: 17 u12 (player 0, stamina 3) hits 56 u13 (player 1) for 2.10
2026/09/30 21:20:38 combat turn=15 tick=2: 21 u12 (player 0, stamina 3) hits 52 u12 (player 1) for 2.40
2026/09/30 21:20:38 combat turn=15 tick=2: 22 u12 (player 0, stamina 3) hits 52 u12 (player 1) for 2.40
2026/09/30 21:20:38 combat turn=15 tick=2: 15 u11 (player 0, stamina 3) hits 54 u12 (player 1) for 1.50
2026/09/30 21:20:38 combat turn=15 tick=2: 53 u12 (player 1, stamina 3) hits 14 u11 (player 0) for 2.70
2026/09/30 21:20:38 Moving unit 32 Blunt Infantry to zone(0, -1) in space (2, -1) tick=2
2026/09/30 21:20:38 combat turn=15 tick=2: 52 u12 (player 1, stamina 3) hits 14 u11 (player 0) for 2.70
2026/09/30 21:20:38 combat turn=15 tick=2: 54 u12 (player 1, stamina 3) hits 14 u11 (player 0) for 2.70
2026/09/30 21:20:38 combat turn=15 tick=2: 55 u13 (player 1, stamina 3) hits 14 u11 (player 0) for 5.12
2026/09/30 21:20:38 combat turn=15 tick=2: 56 u13 (player 1, stamina 3) hits 14 u11 (player 0) for 5.12
2026/09/30 21:20:38 combat turn=15 tick=2: 57 u13 (player 1, stamina 3) hits 14 u11 (player 0) for 5.12
2026/09/30 21:20:38 combat turn=15 tick=2: 59 u13 (player 1, stamina 3) hits 14 u11 (player 0) for 5.12
2026/09/30 21:20:38 combat turn=15 tick=2: 60 u13 (player 1, stamina 3) hits 14 u11 (player 0) for 5.12
2026/09/30 21:20:38 combat turn=15 tick=2: 58 u13 (player 1, stamina 3) hits 14 u11 (player 0) for 5.12
2026/09/30 21:20:38 state_hash turn=15 tick=2 hash=0d2c5b3388bbca07
2026/09/30 21:20:38 combat turn=15 tick=3: 19 u12 (player 0, stamina 3) hits 58 u13 (player 1) for 2.10
2026/09/30 21:20:38 combat turn=15 tick=3: 20 u12 (player 0, stamina 3) hits 53 u12 (player 1) for 2.40
2026/09/30 21:20:38 combat turn=15 tick=3: 23 u12 (player 0, stamina 3) hits 56 u13 (player 1) for 2.10
2026/09/30 21:20:38 combat turn=15 tick=3: 16 u11 (player 0, stamina 3) hits 55 u13 (player 1) for 0.71
2026/09/30 21:20:38 combat turn=15 tick=3: 18 u12 (player 0, stamina 3) hits 57 u13 (player 1) for 2.10
2026/09/30 21:20:38 combat turn=15 tick=3: 24 u12 (player 0, stamina 3) hits 57 u13 (player 1) for 2.10
2026/09/30 21:20:38 combat turn=15 tick=3: 17 u12 (player 0, stamina 3) hits 56 u13 (player 1) for 2.10
2026/09/30 21:20:38 combat turn=15 tick=3: 21 u12 (player 0, stamina 3) hits 54 u12 (player 1) for 2.40
2026/09/30 21:20:38 combat turn=15 tick=3: 22 u12 (player 0, stamina 3) hits 55 u13 (player 1) for 2.10
2026/09/30 21:20:38 combat turn=15 tick=3: 15 u11 (player 0, stamina 3) hits 54 u12 (player 1) for 1.50
2026/09/30 21:20:38 combat turn=15 tick=3: 54 u12 (player 1, stamina 3) hits 15 u11 (player 0) for 2.70
2026/09/30 21:20:38 combat turn=15 tick=3: 55 u13 (player 1, stamina 2) hits 15 u11 (player 0) for 3.41
2026/09/30 21:20:38 combat turn=15 tick=3: 56 u13 (player 1, stamina 2) hits 15 u11 (player 0) for 3.41
2026/09/30 21:20:38 combat turn=15 tick=3: 57 u13 (player 1, stamina 2) hits 15 u11 (player 0) for 3.41
2026/09/30 21:20:38 combat turn=15 tick=3: 59 u13 (player 1, stamina 2) hits 15 u11 (player 0) for 3.41
2026/09/30 21:20:38 combat turn=15 tick=3: 60 u13 (player 1, stamina 2) hits 15 u11 (player 0) for 3.41
2026/09/30 21:20:38 combat turn=15 tick=3: 58 u13 (player 1, stamina 2) hits 15 u11 (player 0) for 3.41
2026/09/30 21:20:38 combat turn=15 tick=3: 53 u12 (player 1, stamina 3) hits 15 u11 (player 0) for 2.70
2026/09/30 21:20:38 Moving unit 32 Blunt Infantry to zone(0, 0) in space (2, -1) tick=3
2026/09/30 21:20:38 state_hash turn=15 tick=3 hash=4a5076ba325e347d
2026/09/30 21:20:38 combat turn=15 tick=4: 22 u12 (player 0, stamina 3) hits 55 u13 (player 1) for 2.10
2026/09/30 21:20:38 combat turn=15 tick=4: 19 u12 (player 0, stamina 3) hits 58 u13 (player 1) for 2.10
2026/09/30 21:20:38 combat turn=15 tick=4: 20 u12 (player 0, stamina 3) hits 53 u12 (player 1) for 2.40
2026/09/30 21:20:38 combat turn=15 tick=4: 23 u12 (player 0, stamina 3) hits 56 u13 (player 1) for 2.10
2026/09/30 21:20:38 combat turn=15 tick=4: 16 u11 (player 0, stamina 3) hits 55 u13 (player 1) for 0.71
2026/09/30 21:20:38 combat turn=15 tick=4: 18 u12 (player 0, stamina 3) hits 57 u13 (player 1) for 2.10
2026/09/30 21:20:38 combat turn=15 tick=4: 24 u12 (player 0, stamina 3) hits 57 u13 (player 1) for 2.10
2026/09/30 21:20:38 combat turn=15 tick=4: 17 u12 (player 0, stamina 3) hits 56 u13 (player 1) for 2.10
2026/09/30 21:20:38 combat turn=15 tick=4: 21 u12 (player 0, stamina 3) hits 54 u12 (player 1) for 2.40
2026/09/30 21:20:38 combat turn=15 tick=4: 53 u12 (player 1, stamina 3) hits 16 u11 (player 0) for 2.70
2026/09/30 21:20:38 Moving unit 32 Blunt Infantry to zone(-1, 1) in space (2, -1) tick=4
2026/09/30 21:20:38 combat turn=15 tick=4: 54 u12 (player 1, stamina 3) hits 16 u11 (player 0) for 2.70
2026/09/30 21:20:38 state_hash turn=15 tick=4 hash=74f8b29e2b5b2099
2026/09/30 21:20:38 combat turn=15 tick=5: 16 u11 (player 0, stamina 3) hits 55 u13 (player 1) for 0.71
2026/09/30 21:20:38 Moving unit 32 Blunt Infantry to zone(1, -1) in space (1, 0) tick=5
2026/09/30 21:20:38 state_hash turn=15 tick=5 hash=8733ffaccb65c900
2026/09/30 21:20:38 Moving unit 32 Blunt Infantry to zone(0, 0) in space (1, 0) tick=6
2026/09/30 21:20:38 state_hash turn=15 tick=6 hash=2fdd1530e00f321c
2026/09/30 21:20:38 state_hash turn=15 tick=end hash=c399bdf3615218e7
2026/09/30 21:20:38 ai ai-1: new turn data {"buildings":[],"enemy_buildings":[],"enemy_units":[{"InternalID":16,"UnitID":11,"Type":2,"Kind":1,"Location":{"Space":{"X":-3,"Y":2},"Zone":{"X":0,"Y":1}},"CurrentStamina":15,"CurrentOrder":null,"Builds":[],"GarrisonedIn":null,"Stance":0,"InterruptCurrent":false,"AttackBack":false,"TargetPriority":"","ActiveOrders":null,"Health":5.6,"MaxHealth":11},{"InternalID":17,"UnitID":12,"Type":2,"Kind":1,"Location":{"Space":{"X":-3,"Y":2},"Zone":{"X":0,"Y":1}},"CurrentStamina":12,"CurrentOrder":null,"Builds":[],"GarrisonedIn":null,"Stance":0,"InterruptCurrent":false,"AttackBack":false,"TargetPriority":"","ActiveOrders":null,"Health":16,"MaxHealth":16},{"InternalID":18,"UnitID":12,"Type":2,"Kind":1,"Location":{"Space":{"X":-3,"Y":2},"Zone":{"X":0,"Y":1}},"CurrentStamina":12,"CurrentOrder":null,"Builds":[],"GarrisonedIn":null,"Stance":0,"InterruptCurrent":false,"AttackBack":false,"TargetPriority":"","ActiveOrders":null,"Health":16,"MaxHealth":16},{"InternalID":19,"UnitID":12,"Type":2,"Kind":1,"Location":{"Space":{"X":-3,"Y":2},"Zone":{"X":0,"Y":1}},"CurrentStamina":12,"CurrentOrder":null,"Builds":[],"GarrisonedIn":null,"Stance":0,"InterruptCurrent":false,"AttackBack":false,"TargetPriority":"","ActiveOrders":null,"Health":16,"MaxHealth":16},{"InternalID":20,"UnitID":12,"Type":2,"Kind":1,"Location":{"Space":{"X":-3,"Y":2},"Zone":{"X":0,"Y":1}},"CurrentStamina":12,"CurrentOrder":null,"Builds":[],"GarrisonedIn":null,"Stance":0,"InterruptCurrent":false,"AttackBack":false,"TargetPriority":"","ActiveOrders":null,"Health":16,"MaxHealth":16},{"InternalID":21,"UnitID":12,"Type":2,"Kind":1,"Location":{"Space":{"X":-3,"Y":2},"Zone":{"X":0,"Y":1}},"CurrentStamina":12,"CurrentOrder":null,"Builds":[],"GarrisonedIn":null,"Stance":0,"InterruptCurrent":false,"AttackBack":false,"TargetPriority":"","ActiveOrders":null,"Health":16,"MaxHealth":16},{"InternalID":22,"UnitID":12,"Type":2,"Kind":1,"Location":{"Space":{"X":-3,"Y":2},"Zone":{"X":0,"Y":1}},"CurrentStamina":12,"CurrentOrder":null,"Builds":[],"GarrisonedIn":null,"Stance":0,"InterruptCurrent":false,"AttackBack":false,"TargetPriority":"","ActiveOrders":null,"Health":16,"MaxHealth":16},{"InternalID":23,"UnitID":12,"Type":2,"Kind":1,"Location":{"Space":{"X":-3,"Y":2},"Zone":{"X":0,"Y":1}},"CurrentStamina":12,"CurrentOrder":null,"Builds":[],"GarrisonedIn":null,"Stance":0,"InterruptCurrent":false,"AttackBack":false,"TargetPriority":"","ActiveOrders":null,"Health":16,"MaxHealth":16},{"InternalID":24,"UnitID":12,"Type":2,"Kind":1,"Location":{"Space":{"X":-3,"Y":2},"Zone":{"X":0,"Y":1}},"CurrentStamina":12,"CurrentOrder":null,"Builds":[],"GarrisonedIn":null,"Stance":0,"InterruptCurrent":false,"AttackBack":false,"TargetPriority":"","ActiveOrders":null,"Health":16,"MaxHealth":16}],"foundations":[],"population":{"current":9,"limit":0},"resources":{"food":200,"gold":46,"stone":100,"wood":200},"spaces":[{"Space":{"X":0,"Y":-4},"Vision":1,"Owner":-1},{"Space":{"X":1,"Y":-4},"Vision":1,"Owner":-1},{"Space":{"X":2,"Y":-4},"Vision":1,"Owner":-1},{"Space":{"X":3,"Y":-4},"Vision":1,"Owner":-1},{"Space":{"X":4,"Y":-4},"Vision":1,"Owner":-1},{"Space":{"X":-1,"Y":-3},"Vision":1,"Owner":0},{"Space":{"X":0,"Y":-3},"Vision":1,"Owner":-1},{"Space":{"X":1,"Y":-3},"Vision":1,"Owner":-1},{"Space":{"X":2,"Y":-3},"Vision":1,"Owner":-1},{"Space":{"X":3,"Y":-3},"Vision":1,"Owner":-1},{"Space":{"X":4,"Y":-3},"Vision":0,"Owner":-1},{"Space":{"X":-2,"Y":-2},"Vision":1,"Owner":0},{"Space":{"X":-1,"Y":-2},"Vision":1,"Owner":-1},{"Space":{"X":0,"Y":-2},"Vision":1,"Owner":-1},{"Space":{"X":1,"Y":-2},"Vision":1,"Owner":-1},{"Space":{"X":2,"Y":-2},"Vision":1,"Owner":-1},{"Space":{"X":3,"Y":-2},"Vision":1,"Owner":-1},{"Space":{"X":4,"Y":-2},"Vision":0,"Owner":-1},{"Space":{"X":-3,"Y":-1},"Vision":1,"Owner":0},{"Space":{"X":-2,"Y":-1},"Vision":1,"Owner":-1},{"Space":{"X":-1,"Y":-1},"Vision":1,"Owner":-1},{"Space":{"X":0,"Y":-1},"Vision":1,"Owner":-1},{"Space":{"X":1,"Y":-1},"Vision":2,"Owner":-1},{"Space":{"X":2,"Y":-1},"Vision":2,"Owner":-1},{"Space":{"X":3,"Y":-1},"Vision":1,"Owner":-1},{"Space":{"X":4,"Y":-1},"Vision":0,"Owner":-1},{"Space":{"X":-4,"Y":0},"Vision":1,"Owner":-1},{"Space":{"X":-3,"Y":0},"Vision":1,"Owner":0},{"Space":{"X":-2,"Y":0},"Vision":1,"Owner":-1},{"Space":{"X":-1,"Y":0},"Vision":1,"Owner":-1},{"Space":{"X":0,"Y":0},"Vision":2,"Owner":-1},{"Space":{"X":1,"Y":0},"Vision":3,"Owner":1},{"Space":{"X":2,"Y":0},"Vision":2,"Owner":-1},{"Space":{"X":3,"Y":0},"Vision":0,"Owner":-1},{"Space":{"X":4,"Y":0},"Vision":0,"Owner":-1},{"Space":{"X":-4,"Y":1},"Vision":1,"Owner":-1},{"Space":{"X":-3,"Y":1},"Vision":2,"Owner":-1},{"Space":{"X":-2,"Y":1},"Vision":2,"Owner":-1},{"Space":{"X":-1,"Y":1},"Vision":1,"Owner":-1},{"Space":{"X":0,"Y":1},"Vision":2,"Owner":-1},{"Space":{"X":1,"Y":1},"Vision":2,"Owner":-1},{"Space":{"X":2,"Y":1},"Vision":0,"Owner":-1},{"Space":{"X":3,"Y":1},"Vision":0,"Owner":-1},{"Space":{"X":-4,"Y":2},"Vision":2,"Owner":-1},{"Space":{"X":-3,"Y":2},"Vision":3,"Owner":-1},{"Space":{"X":-2,"Y":2},"Vision":2,"Owner":-1},{"Space":{"X":-1,"Y":2},"Vision":1,"Owner":-1},{"Space":{"X":0,"Y":2},"Vision":1,"Owner":-1},{"Space":{"X":1,"Y":2},"Vision":0,"Owner":-1},{"Space":{"X":2,"Y":2},"Vision":0,"Owner":-1},{"Space":{"X":-4,"Y":3},"Vision":2,"Owner":-1},{"Space":{"X":-3,"Y":3},"Vision":3,"Owner":-1},{"Space":{"X":-2,"Y":3},"Vision":1,"Owner":-1},{"Space":{"X":-1,"Y":3},"Vision":1,"Owner":-1},{"Space":{"X":0,"Y":3},"Vision":1,"Owner":-1},{"Space":{"X":1,"Y":3},"Vision":0,"Owner":-1},{"Space":{"X":-4,"Y":4},"Vision":1,"Owner":-1},{"Space":{"X":-3,"Y":4},"Vision":1,"Owner":-1},{"Space":{"X":-2,"Y":4},"Vision":1,"Owner":-1},{"Space":{"X":-1,"Y":4},"Vision":1,"Owner":-1},{"Space":{"X":0,"Y":4},"Vision":0,"Owner":-1}],"units":[{"InternalID":32,"UnitID":11,"Type":2,"Kind":1,"Location":{"Space":{"X":1,"Y":0},"Zone":{"X":0,"Y":0}},"CurrentStamina":18,"CurrentOrder":null,"Builds":[],"GarrisonedIn":null,"Stance":3,"InterruptCurrent":false,"AttackBack":true,"TargetPriority":"","ActiveOrders":null,"Health":11,"MaxHealth":11},{"InternalID":53,"UnitID":12,"Type":2,"Kind":1,"Location":{"Space":{"X":-3,"Y":2},"Zone":{"X":0,"Y":1}},"CurrentStamina":12,"CurrentOrder":{"Kind":4,"TargetZone":null,"TargetSpace":{"X":-3,"Y":2},"TargetResource":null,"TargetUnit":null,"TargetBuilding":null},"Builds":[],"GarrisonedIn":null,"Stance":3,"InterruptCurrent":false,"AttackBack":true,"TargetPriority":"","ActiveOrders":[{"ID":452,"Kind":4}],"Health":9.7,"MaxHealth":16},{"InternalID":54,"UnitID":12,"Type":2,"Kind":1,"Location":{"Space":{"X":-3,"Y":2},"Zone":{"X":0,"Y":1}},"CurrentStamina":12,"CurrentOrder":{"Kind":4,"TargetZone":null,"TargetSpace":{"X":-3,"Y":2},"TargetResource":null,"TargetUnit":null,"TargetBuilding":null},"Builds":[],"GarrisonedIn":null,"Stance":3,"InterruptCurrent":false,"AttackBack":true,"TargetPriority":"","ActiveOrders":[{"ID":463,"Kind":4}],"Health":8.2,"MaxHealth":16},{"InternalID":55,"UnitID":13,"Type":2,"Kind":1,"Location":{"Space":{"X":-3,"Y":2},"Zone":{"X":0,"Y":1}},"CurrentStamina":8,"CurrentOrder":{"Kind":4,"TargetZone":null,"TargetSpace":{"X":-3,"Y":2},"TargetResource":null,"TargetUnit":null,"TargetBuilding":null},"Builds":[],"GarrisonedIn":null,"Stance":3,"InterruptCurrent":false,"AttackBack":true,"TargetPriority":"","ActiveOrders":[{"ID":464,"Kind":4}],"Health":42.9428,"MaxHealth":50},{"InternalID":56,"UnitID":13,"Type":2,"Kind":1,"Location":{"Space":{"X":-3,"Y":2},"Zone":{"X":0,"Y":1}},"CurrentStamina":8,"CurrentOrder":{"Kind":4,"TargetZone":null,"TargetSpace":{"X":-3,"Y":2},"TargetResource":null,"TargetUnit":null,"TargetBuilding":null},"Builds":[],"GarrisonedIn":null,"Stance":3,"InterruptCurrent":false,"AttackBack":true,"TargetPriority":"","ActiveOrders":[{"ID":465,"Kind":4}],"Health":39.5,"MaxHealth":50},{"InternalID":57,"UnitID":13,"Type":2,"Kind":1,"Location":{"Space":{"X":-3,"Y":2},"Zone":{"X":0,"Y":1}},"CurrentStamina":8,"CurrentOrder":{"Kind":4,"TargetZone":null,"TargetSpace":{"X":-3,"Y":2},"TargetResource":null,"TargetUnit":null,"TargetBuilding":null},"Builds":[],"GarrisonedIn":null,"Stance":3,"InterruptCurrent":false,"AttackBack":true,"TargetPriority":"","ActiveOrders":[{"ID":469,"Kind":4}],"Health":39.5,"MaxHealth":50},{"InternalID":58,"UnitID":13,"Type":2,"Kind":1,"Location":{"Space":{"X":-3,"Y":2},"Zone":{"X":0,"Y":1}},"CurrentStamina":8,"CurrentOrder":{"Kind":4,"TargetZone":null,"TargetSpace":{"X":-3,"Y":2},"TargetResource":null,"TargetUnit":null,"TargetBuilding":null},"Builds":[],"GarrisonedIn":null,"Stance":3,"InterruptCurrent":false,"AttackBack":true,"TargetPriority":"","ActiveOrders":[{"ID":451,"Kind":4}],"Health":43.7,"MaxHealth":50},{"InternalID":59,"UnitID":13,"Type":2,"Kind":1,"Location":{"Space":{"X":-3,"Y":2},"Zone":{"X":0,"Y":1}},"CurrentStamina":8,"CurrentOrder":{"Kind":4,"TargetZone":null,"TargetSpace":{"X":-3,"Y":2},"TargetResource":null,"TargetUnit":null,"TargetBuilding":null},"Builds":[],"GarrisonedIn":null,"Stance":3,"InterruptCurrent":false,"AttackBack":true,"TargetPriority":"","ActiveOrders":[{"ID":470,"Kind":4}],"Health":50,"MaxHealth":50},{"InternalID":60,"UnitID":13,"Type":2,"Kind":1,"Location":{"Space":{"X":-3,"Y":2},"Zone":{"X":0,"Y":1}},"CurrentStamina":8,"CurrentOrder":{"Kind":4,"TargetZone":null,"TargetSpace":{"X":-3,"Y":2},"TargetResource":null,"TargetUnit":null,"TargetBuilding":null},"Builds":[],"GarrisonedIn":null,"Stance":3,"InterruptCurrent":false,"AttackBack":true,"TargetPriority":"","ActiveOrders":[{"ID":474,"Kind":4}],"Health":50,"MaxHealth":50}]}
2026/09/30 21:20:38 ai ai-1: submitting orders [{Subjects:[32] OrderType:2 TargetID:1275 ClearPreviousOrders:true}]
2026/09/30 21:20:38 ai ai-1: vars {}
2026/09/30 21:20:38 player action: submit-orders 0 2 map[orders:[{1 [32] 2 1275 true}]]
2026/09/30 21:20:38 Executing submit orders for: 1 [{1 [32] 2 1275 true}]
2026/09/30 21:20:38 ai ai-0: new turn data {"buildings":[],"enemy_buildings":[],"enemy_units":[{"InternalID":53,"UnitID":12,"Type":2,"Kind":1,"Location":{"Space":{"X":-3,"Y":2},"Zone":{"X":0,"Y":1}},"CurrentStamina":12,"CurrentOrder":null,"Builds":[],"GarrisonedIn":null,"Stance":0,"InterruptCurrent":false,"AttackBack":false,"TargetPriority":"","ActiveOrders":null,"Health":9.7,"MaxHealth":16},{"InternalID":54,"UnitID":12,"Type":2,"Kind":1,"Location":{"Space":{"X":-3,"Y":2},"Zone":{"X":0,"Y":1}},"CurrentStamina":12,"CurrentOrder":null,"Builds":[],"GarrisonedIn":null,"Stance":0,"InterruptCurrent":false,"AttackBack":false,"TargetPriority":"","ActiveOrders":null,"Health":8.2,"MaxHealth":16},{"InternalID":55,"UnitID":13,"Type":2,"Kind":1,"Location":{"Space":{"X":-3,"Y":2},"Zone":{"X":0,"Y":1}},"CurrentStamina":8,"CurrentOrder":null,"Builds":[],"GarrisonedIn":null,"Stance":0,"InterruptCurrent":false,"AttackBack":false,"TargetPriority":"","ActiveOrders":null,"Health":42.9428,"MaxHealth":50},{"InternalID":56,"UnitID":13,"Type":2,"Kind":1,"Location":{"Space":{"X":-3,"Y":2},"Zone":{"X":0,"Y":1}},"CurrentStamina":8,"CurrentOrder":null,"Builds":[],"GarrisonedIn":null,"Stance":0,"InterruptCurrent":false,"AttackBack":false,"TargetPriority":"","ActiveOrders":null,"Health":39.5,"MaxHealth":50},{"InternalID":57,"UnitID":13,"Type":2,"Kind":1,"Location":{"Space":{"X":-3,"Y":2},"Zone":{"X":0,"Y":1}},"CurrentStamina":8,"CurrentOrder":null,"Builds":[],"GarrisonedIn":null,"Stance":0,"InterruptCurrent":false,"AttackBack":false,"TargetPriority":"","ActiveOrders":null,"Health":39.5,"MaxHealth":50},{"InternalID":58,"UnitID":13,"Type":2,"Kind":1,"Location":{"Space":{"X":-3,"Y":2},"Zone":{"X":0,"Y":1}},"CurrentStamina":8,"CurrentOrder":null,"Builds":[],"GarrisonedIn":null,"Stance":0,"InterruptCurrent":false,"AttackBack":false,"TargetPriority":"","ActiveOrders":null,"Health":43.7,"MaxHealth":50},{"InternalID":59,"UnitID":13,"Type":2,"Kind":1,"Location":{"Space":{"X":-3,"Y":2},"Zone":{"X":0,"Y":1}},"CurrentStamina":8,"CurrentOrder":null,"Builds":[],"GarrisonedIn":null,"Stance":0,"InterruptCurrent":false,"AttackBack":false,"TargetPriority":"","ActiveOrders":null,"Health":50,"MaxHealth":50},{"InternalID":60,"UnitID":13,"Type":2,"Kind":1,"Location":{"Space":{"X":-3,"Y":2},"Zone":{"X":0,"Y":1}},"CurrentStamina":8,"CurrentOrder":null,"Builds":[],"GarrisonedIn":null,"Stance":0,"InterruptCurrent":false,"AttackBack":false,"TargetPriority":"","ActiveOrders":null,"Health":50,"MaxHealth":50}],"foundations":[],"population":{"current":9,"limit":0},"resources":{"food":200,"gold":98,"stone":100,"wood":200},"spaces":[{"Space":{"X":0,"Y":-4},"Vision":1,"Owner":-1},{"Space":{"X":1,"Y":-4},"Vision":1,"Owner":-1},{"Space":{"X":2,"Y":-4},"Vision":1,"Owner":-1},{"Space":{"X":3,"Y":-4},"Vision":1,"Owner":-1},{"Space":{"X":4,"Y":-4},"Vision":1,"Owner":-1},{"Space":{"X":-1,"Y":-3},"Vision":1,"Owner":-1},{"Space":{"X":0,"Y":-3},"Vision":1,"Owner":-1},{"Space":{"X":1,"Y":-3},"Vision":1,"Owner":-1},{"Space":{"X":2,"Y":-3},"Vision":1,"Owner":-1},{"Space":{"X":3,"Y":-3},"Vision":1,"Owner":-1},{"Space":{"X":4,"Y":-3},"Vision":1,"Owner":-1},{"Space":{"X":-2,"Y":-2},"Vision":1,"Owner":-1},{"Space":{"X":-1,"Y":-2},"Vision":1,"Owner":-1},{"Space":{"X":0,"Y":-2},"Vision":1,"Owner":-1},{"Space":{"X":1,"Y":-2},"Vision":1,"Owner":-1},{"Space":{"X":2,"Y":-2},"Vision":1,"Owner":-1},{"Space":{"X":3,"Y":-2},"Vision":1,"Owner":-1},{"Space":{"X":4,"Y":-2},"Vision":1,"Owner":-1},{"Space":{"X":-3,"Y":-1},"Vision":1,"Owner":-1},{"Space":{"X":-2,"Y":-1},"Vision":1,"Owner":-1},{"Space":{"X":-1,"Y":-1},"Vision":1,"Owner":-1},{"Space":{"X":0,"Y":-1},"Vision":1,"Owner":-1},{"Space":{"X":1,"Y":-1},"Vision":1,"Owner":-1},{"Space":{"X":2,"Y":-1},"Vision":1,"Owner":-1},{"Space":{"X":3,"Y":-1},"Vision":1,"Owner":-1},{"Space":{"X":4,"Y":-1},"Vision":1,"Owner":-1},{"Space":{"X":-4,"Y":0},"Vision":1,"Owner":-1},{"Space":{"X":-3,"Y":0},"Vision":1,"Owner":-1},{"Space":{"X":-2,"Y":0},"Vision":1,"Owner":-1},{"Space":{"X":-1,"Y":0},"Vision":1,"Owner":-1},{"Space":{"X":0,"Y":0},"Vision":1,"Owner":-1},{"Space":{"X":1,"Y":0},"Vision":1,"Owner":-1},{"Space":{"X":2,"Y":0},"Vision":1,"Owner":-1},{"Space":{"X":3,"Y":0},"Vision":1,"Owner":-1},{"Space":{"X":4,"Y":0},"Vision":0,"Owner":-1},{"Space":{"X":-4,"Y":1},"Vision":1,"Owner":-1},{"Space":{"X":-3,"Y":1},"Vision":2,"Owner":-1},{"Space":{"X":-2,"Y":1},"Vision":2,"Owner":-1},{"Space":{"X":-1,"Y":1},"Vision":1,"Owner":-1},{"Space":{"X":0,"Y":1},"Vision":1,"Owner":-1},{"Space":{"X":1,"Y":1},"Vision":1,"Owner":-1},{"Space":{"X":2,"Y":1},"Vision":1,"Owner":-1},{"Space":{"X":3,"Y":1},"Vision":0,"Owner":-1},{"Space":{"X":-4,"Y":2},"Vision":2,"Owner":-1},{"Space":{"X":-3,"Y":2},"Vision":3,"Owner":-1},{"Space":{"X":-2,"Y":2},"Vision":2,"Owner":-1},{"Space":{"X":-1,"Y":2},"Vision":1,"Owner":-1},{"Space":{"X":0,"Y":2},"Vision":1,"Owner":-1},{"Space":{"X":1,"Y":2},"Vision":1,"Owner":-1},{"Space":{"X":2,"Y":2},"Vision":0,"Owner":-1},{"Space":{"X":-4,"Y":3},"Vision":2,"Owner":-1},{"Space":{"X":-3,"Y":3},"Vision":3,"Owner":-1},{"Space":{"X":-2,"Y":3},"Vision":1,"Owner":-1},{"Space":{"X":-1,"Y":3},"Vision":1,"Owner":-1},{"Space":{"X":0,"Y":3},"Vision":1,"Owner":-1},{"Space":{"X":1,"Y":3},"Vision":0,"Owner":-1},{"Space":{"X":-4,"Y":4},"Vision":1,"Owner":-1},{"Space":{"X":-3,"Y":4},"Vision":1,"Owner":-1},{"Space":{"X":-2,"Y":4},"Vision":1,"Owner":-1},{"Space":{"X":-1,"Y":4},"Vision":1,"Owner":-1},{"Space":{"X":0,"Y":4},"Vision":0,"Owner":-1}],"units":[{"InternalID":16,"UnitID":11,"Type":2,"Kind":1,"Location":{"Space":{"X":-3,"Y":2},"Zone":{"X":0,"Y":1}},"CurrentStamina":15,"CurrentOrder":{"Kind":6,"TargetZone":null,"TargetSpace":null,"TargetResource":null,"TargetUnit":{"InternalID":55,"UnitID":13,"Type":2,"Kind":1,"Location":{"Space":{"X":-3,"Y":2},"Zone":{"X":0,"Y":1}},"CurrentStamina":8,"CurrentOrder":null,"Builds":[],"GarrisonedIn":null,"Stance":0,"InterruptCurrent":false,"AttackBack":false,"TargetPriority":"","ActiveOrders":null,"Health":42.9428,"MaxHealth":50},"TargetBuilding":null},"Builds":[],"GarrisonedIn":null,"Stance":3,"InterruptCurrent":false,"AttackBack":true,"TargetPriority":"","ActiveOrders":[{"ID":803,"Kind":6},{"ID":804,"Kind":6},{"ID":805,"Kind":6},{"ID":806,"Kind":6},{"ID":807,"Kind":6}],"Health":5.6,"MaxHealth":11},{"InternalID":17,"UnitID":12,"Type":2,"Kind":1,"Location":{"Space":{"X":-3,"Y":2},"Zone":{"X":0,"Y":1}},"CurrentStamina":12,"CurrentOrder":{"Kind":6,"TargetZone":null,"TargetSpace":null,"TargetResource":null,"TargetUnit":{"InternalID":56,"UnitID":13,"Type":2,"Kind":1,"Location":{"Space":{"X":-3,"Y":2},"Zone":{"X":0,"Y":1}},"CurrentStamina":8,"CurrentOrder":null,"Builds":[],"GarrisonedIn":null,"Stance":0,"InterruptCurrent":false,"AttackBack":false,"TargetPriority":"","ActiveOrders":null,"Health":39.5,"MaxHealth":50},"TargetBuilding":null},"Builds":[],"GarrisonedIn":null,"Stance":3,"InterruptCurrent":false,"AttackBack":true,"TargetPriority":"","ActiveOrders":[{"ID":809,"Kind":6},{"ID":810,"Kind":6},{"ID":811,"Kind":6},{"ID":812,"Kind":6},{"ID":813,"Kind":6}],"Health":16,"MaxHealth":16},{"InternalID":18,"UnitID":12,"Type":2,"Kind":1,"Location":{"Space":{"X":-3,"Y":2},"Zone":{"X":0,"Y":1}},"CurrentStamina":12,"CurrentOrder":{"Kind":6,"TargetZone":null,"TargetSpace":null,"TargetResource":null,"TargetUnit":{"InternalID":57,"UnitID":13,"Type":2,"Kind":1,"Location":{"Space":{"X":-3,"Y":2},"Zone":{"X":0,"Y":1}},"CurrentStamina":8,"CurrentOrder":null,"Builds":[],"GarrisonedIn":null,"Stance":0,"InterruptCurrent":false,"AttackBack":false,"TargetPriority":"","ActiveOrders":null,"Health":39.5,"MaxHealth":50},"TargetBuilding":null},"Builds":[],"GarrisonedIn":null,"Stance":3,"InterruptCurrent":false,"AttackBack":true,"TargetPriority":"","ActiveOrders":[{"ID":815,"Kind":6},{"ID":816,"Kind":6},{"ID":817,"Kind":6},{"ID":818,"Kind":6},{"ID":819,"Kind":6}],"Health":16,"MaxHealth":16},{"InternalID":19,"UnitID":12,"Type":2,"Kind":1,"Location":{"Space":{"X":-3,"Y":2},"Zone":{"X":0,"Y":1}},"CurrentStamina":12,"CurrentOrder":{"Kind":6,"TargetZone":null,"TargetSpace":null,"TargetResource":null,"TargetUnit":{"InternalID":58,"UnitID":13,"Type":2,"Kind":1,"Location":{"Space":{"X":-3,"Y":2},"Zone":{"X":0,"Y":1}},"CurrentStamina":8,"CurrentOrder":null,"Builds":[],"GarrisonedIn":null,"Stance":0,"InterruptCurrent":false,"AttackBack":false,"TargetPriority":"","ActiveOrders":null,"Health":43.7,"MaxHealth":50},"TargetBuilding":null},"Builds":[],"GarrisonedIn":null,"Stance":3,"InterruptCurrent":false,"AttackBack":true,"TargetPriority":"","ActiveOrders":[{"ID":821,"Kind":6},{"ID":822,"Kind":6},{"ID":823,"Kind":6},{"ID":824,"Kind":6},{"ID":825,"Kind":6}],"Health":16,"MaxHealth":16},{"InternalID":20,"UnitID":12,"Type":2,"Kind":1,"Location":{"Space":{"X":-3,"Y":2},"Zone":{"X":0,"Y":1}},"CurrentStamina":12,"CurrentOrder":{"Kind":6,"TargetZone":null,"TargetSpace":null,"TargetResource":null,"TargetUnit":{"InternalID":53,"UnitID":12,"Type":2,"Kind":1,"Location":{"Space":{"X":-3,"Y":2},"Zone":{"X":0,"Y":1}},"CurrentStamina":12,"CurrentOrder":null,"Builds":[],"GarrisonedIn":null,"Stance":0,"InterruptCurrent":false,"AttackBack":false,"TargetPriority":"","ActiveOrders":null,"Health":9.7,"MaxHealth":16},"TargetBuilding":null},"Builds":[],"GarrisonedIn":null,"Stance":3,"InterruptCurrent":false,"AttackBack":true,"TargetPriority":"","ActiveOrders":[{"ID":827,"Kind":6},{"ID":828,"Kind":6},{"ID":829,"Kind":6},{"ID":830,"Kind":6},{"ID":831,"Kind":6}],"Health":16,"MaxHealth":16},{"InternalID":21,"UnitID":12,"Type":2,"Kind":1,"Location":{"Space":{"X":-3,"Y":2},"Zone":{"X":0,"Y":1}},"CurrentStamina":12,"CurrentOrder":{"Kind":6,"TargetZone":null,"TargetSpace":null,"TargetResource":null,"TargetUnit":{"InternalID":54,"UnitID":12,"Type":2,"Kind":1,"Location":{"Space":{"X":-3,"Y":2},"Zone":{"X":0,"Y":1}},"CurrentStamina":12,"CurrentOrder":null,"Builds":[],"GarrisonedIn":null,"Stance":0,"InterruptCurrent":false,"AttackBack":false,"TargetPriority":"","ActiveOrders":null,"Health":8.2,"MaxHealth":16},"TargetBuilding":null},"Builds":[],"GarrisonedIn":null,"Stance":3,"InterruptCurrent":false,"AttackBack":true,"TargetPriority":"","ActiveOrders":[{"ID":833,"Kind":6},{"ID":834,"Kind":6},{"ID":835,"Kind":6},{"ID":836,"Kind":6},{"ID":837,"Kind":6}],"Health":16,"MaxHealth":16},{"InternalID":22,"UnitID":12,"Type":2,"Kind":1,"Location":{"Space":{"X":-3,"Y":2},"Zone":{"X":0,"Y":1}},"CurrentStamina":12,"CurrentOrder":{"Kind":6,"TargetZone":null,"TargetSpace":null,"TargetResource":null,"TargetUnit":{"InternalID":55,"UnitID":13,"Type":2,"Kind":1,"Location":{"Space":{"X":-3,"Y":2},"Zone":{"X":0,"Y":1}},"CurrentStamina":8,"CurrentOrder":null,"Builds":[],"GarrisonedIn":null,"Stance":0,"InterruptCurrent":false,"AttackBack":false,"TargetPriority":"","ActiveOrders":null,"Health":42.9428,"MaxHealth":50},"TargetBuilding":null},"Builds":[],"GarrisonedIn":null,"Stance":3,"InterruptCurrent":false,"AttackBack":true,"TargetPriority":"","ActiveOrders":[{"ID":839,"Kind":6},{"ID":840,"Kind":6},{"ID":841,"Kind":6},{"ID":842,"Kind":6},{"ID":843,"Kind":6}],"Health":16,"MaxHealth":16},{"InternalID":23,"UnitID":12,"Type":2,"Kind":1,"Location":{"Space":{"X":-3,"Y":2},"Zone":{"X":0,"Y":1}},"CurrentStamina":12,"CurrentOrder":{"Kind":6,"TargetZone":null,"TargetSpace":null,"TargetResource":null,"TargetUnit":{"InternalID":56,"UnitID":13,"Type":2,"Kind":1,"Location":{"Space":{"X":-3,"Y":2},"Zone":{"X":0,"Y":1}},"CurrentStamina":8,"CurrentOrder":null,"Builds":[],"GarrisonedIn":null,"Stance":0,"InterruptCurrent":false,"AttackBack":false,"TargetPriority":"","ActiveOrders":null,"Health":39.5,"MaxHealth":50},"TargetBuilding":null},"Builds":[],"GarrisonedIn":null,"Stance":3,"InterruptCurrent":false,"AttackBack":true,"TargetPriority":"","ActiveOrders":[{"ID":845,"Kind":6},{"ID":846,"Kind":6},{"ID":847,"Kind":6},{"ID":848,"Kind":6},{"ID":849,"Kind":6}],"Health":16,"MaxHealth":16},{"InternalID":24,"UnitID":12,"Type":2,"Kind":1,"Location":{"Space":{"X":-3,"Y":2},"Zone":{"X":0,"Y":1}},"CurrentStamina":12,"CurrentOrder":{"Kind":6,"TargetZone":null,"TargetSpace":null,"TargetResource":null,"TargetUnit":{"InternalID":57,"UnitID":13,"Type":2,"Kind":1,"Location":{"Space":{"X":-3,"Y":2},"Zone":{"X":0,"Y":1}},"CurrentStamina":8,"CurrentOrder":null,"Builds":[],"GarrisonedIn":null,"Stance":0,"InterruptCurrent":false,"AttackBack":false,"TargetPriority":"","ActiveOrders":null,"Health":39.5,"MaxHealth":50},"TargetBuilding":null},"Builds":[],"GarrisonedIn":null,"Stance":3,"InterruptCurrent":false,"AttackBack":true,"TargetPriority":"","ActiveOrders":[{"ID":851,"Kind":6},{"ID":852,"Kind":6},{"ID":853,"Kind":6},{"ID":854,"Kind":6},{"ID":855,"Kind":6}],"Health":16,"MaxHealth":16}]}
2026/09/30 21:20:38 ai ai-0: submitting orders [{Subjects:[16] OrderType:9 TargetID:53 ClearPreviousOrders:true} {Subjects:[17] OrderType:9 TargetID:53 ClearPreviousOrders:true} {Subjects:[18] OrderType:9 TargetID:53 ClearPreviousOrders:true} {Subjects:[19] OrderType:9 TargetID:53 ClearPreviousOrders:true} {Subjects:[20] OrderType:9 TargetID:53 ClearPreviousOrders:true} {Subjects:[21] OrderType:9 TargetID:53 ClearPreviousOrders:true} {Subjects:[22] OrderType:9 TargetID:53 ClearPreviousOrders:true} {Subjects:[23] OrderType:9 TargetID:53 ClearPreviousOrders:true} {Subjects:[24] OrderType:9 TargetID:53 ClearPreviousOrders:true} {Subjects:[16] OrderType:9 TargetID:53 ClearPreviousOrders:true} {Subjects:[16] OrderType:9 TargetID:54 ClearPreviousOrders:false} {Subjects:[16] OrderType:9 TargetID:55 ClearPreviousOrders:false} {Subjects:[16] OrderType:9 TargetID:56 ClearPreviousOrders:false} {Subjects:[16] OrderType:9 TargetID:57 ClearPreviousOrders:false} {Subjects:[16] OrderType:9 TargetID:58 ClearPreviousOrders:false} {Subjects:[17] OrderType:9 TargetID:53 ClearPreviousOrders:true} {Subjects:[17] OrderType:9 TargetID:55 ClearPreviousOrders:false} {Subjects:[17] OrderType:9 TargetID:56 ClearPreviousOrders:false} {Subjects:[17] OrderType:9 TargetID:57 ClearPreviousOrders:false} {Subjects:[17] OrderType:9 TargetID:58 ClearPreviousOrders:false} {Subjects:[17] OrderType:9 TargetID:59 ClearPreviousOrders:false} {Subjects:[18] OrderType:9 TargetID:53 ClearPreviousOrders:true} {Subjects:[18] OrderType:9 TargetID:56 ClearPreviousOrders:false} {Subjects:[18] OrderType:9 TargetID:57 ClearPreviousOrders:false} {Subjects:[18] OrderType:9 TargetID:58 ClearPreviousOrders:false} {Subjects:[18] OrderType:9 TargetID:59 ClearPreviousOrders:false} {Subjects:[18] OrderType:9 TargetID:60 ClearPreviousOrders:false} {Subjects:[19] OrderType:9 TargetID:53 ClearPreviousOrders:true} {Subjects:[19] OrderType:9 TargetID:57 ClearPreviousOrders:false} {Subjects:[19] OrderType:9 TargetID:58 ClearPreviousOrders:false} {Subjects:[19] OrderType:9 TargetID:59 ClearPreviousOrders:false} {Subjects:[19] OrderType:9 TargetID:60 ClearPreviousOrders:false} {Subjects:[19] OrderType:9 TargetID:54 ClearPreviousOrders:false} {Subjects:[20] OrderType:9 TargetID:53 ClearPreviousOrders:true} {Subjects:[20] OrderType:9 TargetID:58 ClearPreviousOrders:false} {Subjects:[20] OrderType:9 TargetID:59 ClearPreviousOrders:false} {Subjects:[20] OrderType:9 TargetID:60 ClearPreviousOrders:false} {Subjects:[20] OrderType:9 TargetID:54 ClearPreviousOrders:false} {Subjects:[20] OrderType:9 TargetID:54 ClearPreviousOrders:false} {Subjects:[21] OrderType:9 TargetID:53 ClearPreviousOrders:true} {Subjects:[21] OrderType:9 TargetID:59 ClearPreviousOrders:false} {Subjects:[21] OrderType:9 TargetID:60 ClearPreviousOrders:false} {Subjects:[21] OrderType:9 TargetID:54 ClearPreviousOrders:false} {Subjects:[21] OrderType:9 TargetID:54 ClearPreviousOrders:false} {Subjects:[21] OrderType:9 TargetID:55 ClearPreviousOrders:false} {Subjects:[22] OrderType:9 TargetID:53 ClearPreviousOrders:true} {Subjects:[22] OrderType:9 TargetID:60 ClearPreviousOrders:false} {Subjects:[22] OrderType:9 TargetID:54 ClearPreviousOrders:false} {Subjects:[22] OrderType:9 TargetID:54 ClearPreviousOrders:false} {Subjects:[22] OrderType:9 TargetID:55 ClearPreviousOrders:false} {Subjects:[22] OrderType:9 TargetID:56 ClearPreviousOrders:false} {Subjects:[23] OrderType:9 TargetID:54 ClearPreviousOrders:true} {Subjects:[23] OrderType:9 TargetID:55 ClearPreviousOrders:false} {Subjects:[23] OrderType:9 TargetID:56 ClearPreviousOrders:false} {Subjects:[23] OrderType:9 TargetID:57 ClearPreviousOrders:false} {Subjects:[23] OrderType:9 TargetID:58 ClearPreviousOrders:false} {Subjects:[23] OrderType:9 TargetID:59 ClearPreviousOrders:false} {Subjects:[24] OrderType:9 TargetID:54 ClearPreviousOrders:true} {Subjects:[24] OrderType:9 TargetID:56 ClearPreviousOrders:false} {Subjects:[24] OrderType:9 TargetID:57 ClearPreviousOrders:false} {Subjects:[24] OrderType:9 TargetID:58 ClearPreviousOrders:false} {Subjects:[24] OrderType:9 TargetID:59 ClearPreviousOrders:false} {Subjects:[24] OrderType:9 TargetID:60 ClearPreviousOrders:false}]
2026/09/30 21:20:38 ai ai-0: vars {"B":1,"Hv":0,"Pi":8,"aPowLocal":0,"aThreat":0,"a_engaged":0,"a_odds":1.3,"a_outnumbered":0,"army_target":50,"army_value":950,"assault":0,"bank_rate":28,"bar_barracks":0.17072129748186085,"bar_redoubt":1.1111111111111112,"barracks":0,"barracks_B":0,"barracks_P":0,"barracks_save":0,"barracks_spend":78.1,"barracks_want":0,"buffer_food":70,"buffer_gold":0,"buffer_stone":0,"buffer_wood":70,"builders":0,"committed":0,"eB":12.499999999999996,"eGrowth":0,"eH":6,"eMil":25.9,"eP":7.4,"ePow":51.3,"ePowEst":48.941984000000005,"ePowSeen":48.941984000000005,"eTech":1,"eV":0,"es":26.9,"farm_want":0,"farm_wood_short":0,"farming":0,"fire_barracks":0,"fire_farm0":0,"fire_farm1":0,"fire_farm2":0,"fire_house":0,"fire_outpost":0,"fire_redoubt":0,"fire_smith":0,"fire_vc":0,"food_need":0,"food_over":0,"food_rate":0,"food_slots":1000,"food_workers":0,"free_room":41,"go":0,"gold_income":0,"gold_need":0,"gold_rate":0,"gold_surplus":98,"guaranteed":0,"guard_home":0,"headroom":-9,"hire_B":5276.923076923077,"hire_P":8292.307692307693,"homePow":0,"house_builders":0,"house_urgency":0,"house_want":0,"income_proj":0,"left":0,"lf_food":0,"lf_gold":0,"lf_stone":0,"lf_wood":0,"lump_food":0,"lump_gold":0,"lump_stone":0,"lump_wood":0,"maturity":0,"mil":9,"myTech":1,"n_barracks":0,"n_redoubts":0,"needB":30.170887788553845,"needP":10.829112211446157,"outpost_want":0,"pikes":0,"planned_food":0,"planned_gold":0,"planned_stone":0,"planned_wood":0,"prod_rate":0,"proj_army":950,"raid_danger":0,"raid_fails":1,"raid_lost":0,"raid_pause":17,"raid_prev":0,"raid_size":0,"raid_wiped":0,"rate":6,"redoubt_H":0,"redoubt_gold_ok":0.43555555555555553,"redoubt_save":0,"redoubt_spend":30,"redoubt_want":0,"redoubts":0,"rf_food":0,"rf_gold":0,"rf_stone":0,"rf_wood":0,"sB4":1.263539911950979,"sP4":0.453517164826319,"scale_l":0,"scale_r":0,"shareH":0.5056335586756803,"smith_want":0,"smiths":0,"spare":0,"spare_food":0.5,"stone_need":0,"stone_rate":0,"tH":41,"target_spend":400,"tech_food":50,"tech_gold":0,"tech_stone":0,"tech_wood":50,"threat_home":0,"turns_left":-90,"u_barracks":0.17723764861819402,"u_redoubt":0.4719246547639682,"unit_spend":120,"vB":1.0602230483271375,"vH":1.0843866171003718,"vP":0.820631970260223,"vc_want":0,"vcs":0,"vil_goal":50,"vil_rate":0,"vil_stamina":8,"vil_want":0,"vil_want_last":0,"vil_worth_now":0.6,"vils":0,"w_food":0,"w_gold":0,"w_stone":0,"w_wood":0,"wild_workers":0,"wood_need":0,"wood_rate":0,"workers":0}
2026/09/30 21:20:38 player action: set-unit-behavior 0 1 map[internal_ids:[16 17 18 19 20 21 22 23 24] interrupt_current:true]
2026/09/30 21:20:38 player action: submit-orders 0 1 map[orders:[{0 [16] 9 53 true} {0 [17] 9 53 true} {0 [18] 9 53 true} {0 [19] 9 53 true} {0 [20] 9 53 true} {0 [21] 9 53 true} {0 [22] 9 53 true} {0 [23] 9 53 true} {0 [24] 9 53 true} {0 [16] 9 53 true} {0 [16] 9 54 false} {0 [16] 9 55 false} {0 [16] 9 56 false} {0 [16] 9 57 false} {0 [16] 9 58 false} {0 [17] 9 53 true} {0 [17] 9 55 false} {0 [17] 9 56 false} {0 [17] 9 57 false} {0 [17] 9 58 false} {0 [17] 9 59 false} {0 [18] 9 53 true} {0 [18] 9 56 false} {0 [18] 9 57 false} {0 [18] 9 58 false} {0 [18] 9 59 false} {0 [18] 9 60 false} {0 [19] 9 53 true} {0 [19] 9 57 false} {0 [19] 9 58 false} {0 [19] 9 59 false} {0 [19] 9 60 false} {0 [19] 9 54 false} {0 [20] 9 53 true} {0 [20] 9 58 false} {0 [20] 9 59 false} {0 [20] 9 60 false} {0 [20] 9 54 false} {0 [20] 9 54 false} {0 [21] 9 53 true} {0 [21] 9 59 false} {0 [21] 9 60 false} {0 [21] 9 54 false} {0 [21] 9 54 false} {0 [21] 9 55 false} {0 [22] 9 53 true} {0 [22] 9 60 false} {0 [22] 9 54 false} {0 [22] 9 54 false} {0 [22] 9 55 false} {0 [22] 9 56 false} {0 [23] 9 54 true} {0 [23] 9 55 false} {0 [23] 9 56 false} {0 [23] 9 57 false} {0 [23] 9 58 false} {0 [23] 9 59 false} {0 [24] 9 54 true} {0 [24] 9 56 false} {0 [24] 9 57 false} {0 [24] 9 58 false} {0 [24] 9 59 false} {0 [24] 9 60 false}]]
2026/09/30 21:20:38 Executing submit orders for: 0 [{0 [16] 9 53 true} {0 [17] 9 53 true} {0 [18] 9 53 true} {0 [19] 9 53 true} {0 [20] 9 53 true} {0 [21] 9 53 true} {0 [22] 9 53 true} {0 [23] 9 53 true} {0 [24] 9 53 true} {0 [16] 9 53 true} {0 [16] 9 54 false} {0 [16] 9 55 false} {0 [16] 9 56 false} {0 [16] 9 57 false} {0 [16] 9 58 false} {0 [17] 9 53 true} {0 [17] 9 55 false} {0 [17] 9 56 false} {0 [17] 9 57 false} {0 [17] 9 58 false} {0 [17] 9 59 false} {0 [18] 9 53 true} {0 [18] 9 56 false} {0 [18] 9 57 false} {0 [18] 9 58 false} {0 [18] 9 59 false} {0 [18] 9 60 false} {0 [19] 9 53 true} {0 [19] 9 57 false} {0 [19] 9 58 false} {0 [19] 9 59 false} {0 [19] 9 60 false} {0 [19] 9 54 false} {0 [20] 9 53 true} {0 [20] 9 58 false} {0 [20] 9 59 false} {0 [20] 9 60 false} {0 [20] 9 54 false} {0 [20] 9 54 false} {0 [21] 9 53 true} {0 [21] 9 59 false} {0 [21] 9 60 false} {0 [21] 9 54 false} {0 [21] 9 54 false} {0 [21] 9 55 false} {0 [22] 9 53 true} {0 [22] 9 60 false} {0 [22] 9 54 false} {0 [22] 9 54 false} {0 [22] 9 55 false} {0 [22] 9 56 false} {0 [23] 9 54 true} {0 [23] 9 55 false} {0 [23] 9 56 false} {0 [23] 9 57 false} {0 [23] 9 58 false} {0 [23] 9 59 false} {0 [24] 9 54 true} {0 [24] 9 56 false} {0 [24] 9 57 false} {0 [24] 9 58 false} {0 [24] 9 59 false} {0 [24] 9 60 false}]
2026/09/30 21:20:38 Resolving active orders
2026/09/30 21:20:38 combat turn=16 tick=1: 17 u12 (player 0, stamina 3) hits 53 u12 (player 1) for 2.40
2026/09/30 21:20:38 combat turn=16 tick=1: 21 u12 (player 0, stamina 3) hits 53 u12 (player 1) for 2.40
2026/09/30 21:20:38 combat turn=16 tick=1: 22 u12 (player 0, stamina 3) hits 53 u12 (player 1) for 2.40
2026/09/30 21:20:38 combat turn=16 tick=1: 19 u12 (player 0, stamina 3) hits 53 u12 (player 1) for 2.40
2026/09/30 21:20:38 combat turn=16 tick=1: 20 u12 (player 0, stamina 3) hits 53 u12 (player 1) for 2.40
2026/09/30 21:20:38 combat turn=16 tick=1: 23 u12 (player 0, stamina 3) hits 53 u12 (player 1) for 2.40
2026/09/30 21:20:38 combat turn=16 tick=1: 16 u11 (player 0, stamina 3) hits 53 u12 (player 1) for 1.50
2026/09/30 21:20:38 combat turn=16 tick=1: 18 u12 (player 0, stamina 3) hits 53 u12 (player 1) for 2.40
2026/09/30 21:20:38 combat turn=16 tick=1: 24 u12 (player 0, stamina 3) hits 53 u12 (player 1) for 2.40
2026/09/30 21:20:38 Moving unit 32 Blunt Infantry to zone(0, 1) in space (1, 0) tick=1
2026/09/30 21:20:38 combat turn=16 tick=1: 54 u12 (player 1, stamina 3) hits 16 u11 (player 0) for 2.70
2026/09/30 21:20:38 combat turn=16 tick=1: 55 u13 (player 1, stamina 3) hits 16 u11 (player 0) for 5.12
2026/09/30 21:20:38 combat turn=16 tick=1: 56 u13 (player 1, stamina 3) hits 16 u11 (player 0) for 5.12
2026/09/30 21:20:38 combat turn=16 tick=1: 57 u13 (player 1, stamina 3) hits 16 u11 (player 0) for 5.12
2026/09/30 21:20:38 combat turn=16 tick=1: 59 u13 (player 1, stamina 3) hits 16 u11 (player 0) for 5.12
2026/09/30 21:20:38 combat turn=16 tick=1: 60 u13 (player 1, stamina 3) hits 16 u11 (player 0) for 5.12
2026/09/30 21:20:38 combat turn=16 tick=1: 58 u13 (player 1, stamina 3) hits 16 u11 (player 0) for 5.12
2026/09/30 21:20:38 combat turn=16 tick=1: 53 u12 (player 1, stamina 3) hits 16 u11 (player 0) for 2.70
2026/09/30 21:20:38 state_hash turn=16 tick=1 hash=1041198874765e78
2026/09/30 21:20:38 combat turn=16 tick=2: 18 u12 (player 0, stamina 3) hits 54 u12 (player 1) for 2.40
2026/09/30 21:20:38 combat turn=16 tick=2: 24 u12 (player 0, stamina 3) hits 54 u12 (player 1) for 2.40
2026/09/30 21:20:38 combat turn=16 tick=2: 17 u12 (player 0, stamina 3) hits 54 u12 (player 1) for 2.40
2026/09/30 21:20:38 combat turn=16 tick=2: 21 u12 (player 0, stamina 3) hits 54 u12 (player 1) for 2.40
2026/09/30 21:20:38 combat turn=16 tick=2: 22 u12 (player 0, stamina 3) hits 54 u12 (player 1) for 2.40
2026/09/30 21:20:38 combat turn=16 tick=2: 19 u12 (player 0, stamina 3) hits 54 u12 (player 1) for 2.40
2026/09/30 21:20:38 combat turn=16 tick=2: 20 u12 (player 0, stamina 3) hits 54 u12 (player 1) for 2.40
2026/09/30 21:20:38 combat turn=16 tick=2: 23 u12 (player 0, stamina 3) hits 54 u12 (player 1) for 2.40
2026/09/30 21:20:38 Moving unit 32 Blunt Infantry to zone(0, -1) in space (1, 1) tick=2
2026/09/30 21:20:38 combat turn=16 tick=2: 54 u12 (player 1, stamina 3) hits 17 u12 (player 0) for 2.40
2026/09/30 21:20:38 combat turn=16 tick=2: 55 u13 (player 1, stamina 3) hits 17 u12 (player 0) for 4.54
2026/09/30 21:20:38 combat turn=16 tick=2: 56 u13 (player 1, stamina 3) hits 17 u12 (player 0) for 4.54
2026/09/30 21:20:38 combat turn=16 tick=2: 57 u13 (player 1, stamina 3) hits 17 u12 (player 0) for 4.54
2026/09/30 21:20:38 combat turn=16 tick=2: 59 u13 (player 1, stamina 3) hits 17 u12 (player 0) for 4.54
2026/09/30 21:20:38 combat turn=16 tick=2: 60 u13 (player 1, stamina 3) hits 17 u12 (player 0) for 4.54
2026/09/30 21:20:38 combat turn=16 tick=2: 58 u13 (player 1, stamina 3) hits 17 u12 (player 0) for 4.54
2026/09/30 21:20:38 state_hash turn=16 tick=2 hash=acbc8b370314d700
2026/09/30 21:20:38 combat turn=16 tick=3: 22 u12 (player 0, stamina 3) hits 55 u13 (player 1) for 2.10
2026/09/30 21:20:38 combat turn=16 tick=3: 19 u12 (player 0, stamina 3) hits 55 u13 (player 1) for 2.10
2026/09/30 21:20:38 combat turn=16 tick=3: 20 u12 (player 0, stamina 3) hits 55 u13 (player 1) for 2.10
2026/09/30 21:20:38 combat turn=16 tick=3: 23 u12 (player 0, stamina 3) hits 55 u13 (player 1) for 2.10
2026/09/30 21:20:38 combat turn=16 tick=3: 18 u12 (player 0, stamina 3) hits 55 u13 (player 1) for 2.10
2026/09/30 21:20:38 combat turn=16 tick=3: 24 u12 (player 0, stamina 3) hits 55 u13 (player 1) for 2.10
2026/09/30 21:20:38 combat turn=16 tick=3: 21 u12 (player 0, stamina 3) hits 55 u13 (player 1) for 2.10
2026/09/30 21:20:38 combat turn=16 tick=3: 55 u13 (player 1, stamina 2) hits 18 u12 (player 0) for 3.03
2026/09/30 21:20:38 combat turn=16 tick=3: 56 u13 (player 1, stamina 2) hits 18 u12 (player 0) for 3.03
2026/09/30 21:20:38 combat turn=16 tick=3: 57 u13 (player 1, stamina 2) hits 18 u12 (player 0) for 3.03
2026/09/30 21:20:38 combat turn=16 tick=3: 59 u13 (player 1, stamina 2) hits 18 u12 (player 0) for 3.03
2026/09/30 21:20:38 combat turn=16 tick=3: 60 u13 (player 1, stamina 2) hits 18 u12 (player 0) for 3.03
2026/09/30 21:20:38 combat turn=16 tick=3: 58 u13 (player 1, stamina 2) hits 18 u12 (player 0) for 3.03
2026/09/30 21:20:38 Moving unit 32 Blunt Infantry to zone(0, 0) in space (1, 1) tick=3
2026/09/30 21:20:38 state_hash turn=16 tick=3 hash=6b5604fca6a0d15a
2026/09/30 21:20:38 combat turn=16 tick=4: 19 u12 (player 0, stamina 3) hits 55 u13 (player 1) for 2.10
2026/09/30 21:20:38 combat turn=16 tick=4: 20 u12 (player 0, stamina 3) hits 55 u13 (player 1) for 2.10
2026/09/30 21:20:38 combat turn=16 tick=4: 23 u12 (player 0, stamina 3) hits 55 u13 (player 1) for 2.10
2026/09/30 21:20:38 combat turn=16 tick=4: 24 u12 (player 0, stamina 3) hits 55 u13 (player 1) for 2.10
2026/09/30 21:20:38 combat turn=16 tick=4: 21 u12 (player 0, stamina 3) hits 55 u13 (player 1) for 2.10
2026/09/30 21:20:38 combat turn=16 tick=4: 22 u12 (player 0, stamina 3) hits 55 u13 (player 1) for 2.10
2026/09/30 21:20:38 Moving unit 32 Blunt Infantry to zone(0, 1) in space (1, 1) tick=4
2026/09/30 21:20:38 state_hash turn=16 tick=4 hash=279b9e270c00f15c
2026/09/30 21:20:38 Moving unit 32 Blunt Infantry to zone(0, -1) in space (1, 2) tick=5
2026/09/30 21:20:38 state_hash turn=16 tick=5 hash=03a3ef43f12a3f22
2026/09/30 21:20:38 state_hash turn=16 tick=end hash=870043a53f50f525
2026/09/30 21:20:38 ai ai-0: new turn data {"buildings":[],"enemy_buildings":[],"enemy_units":[{"InternalID":55,"UnitID":13,"Type":2,"Kind":1,"Location":{"Space":{"X":-3,"Y":2},"Zone":{"X":0,"Y":1}},"CurrentStamina":8,"CurrentOrder":null,"Builds":[],"GarrisonedIn":null,"Stance":0,"InterruptCurrent":false,"AttackBack":false,"TargetPriority":"","ActiveOrders":null,"Health":15.6428,"MaxHealth":50},{"InternalID":56,"UnitID":13,"Type":2,"Kind":1,"Location":{"Space":{"X":-3,"Y":2},"Zone":{"X":0,"Y":1}},"CurrentStamina":8,"CurrentOrder":null,"Builds":[],"GarrisonedIn":null,"Stance":0,"InterruptCurrent":false,"AttackBack":false,"TargetPriority":"","ActiveOrders":null,"Health":39.5,"MaxHealth":50},{"InternalID":57,"UnitID":13,"Type":2,"Kind":1,"Location":{"Space":{"X":-3,"Y":2},"Zone":{"X":0,"Y":1}},"CurrentStamina":8,"CurrentOrder":null,"Builds":[],"GarrisonedIn":null,"Stance":0,"InterruptCurrent":false,"AttackBack":false,"TargetPriority":"","ActiveOrders":null,"Health":39.5,"MaxHealth":50},{"InternalID":58,"UnitID":13,"Type":2,"Kind":1,"Location":{"Space":{"X":-3,"Y":2},"Zone":{"X":0,"Y":1}},"CurrentStamina":8,"CurrentOrder":null,"Builds":[],"GarrisonedIn":null,"Stance":0,"InterruptCurrent":false,"AttackBack":false,"TargetPriority":"","ActiveOrders":null,"Health":43.7,"MaxHealth":50},{"InternalID":59,"UnitID":13,"Type":2,"Kind":1,"Location":{"Space":{"X":-3,"Y":2},"Zone":{"X":0,"Y":1}},"CurrentStamina":8,"CurrentOrder":null,"Builds":[],"GarrisonedIn":null,"Stance":0,"InterruptCurrent":false,"AttackBack":false,"TargetPriority":"","ActiveOrders":null,"Health":50,"MaxHealth":50},{"InternalID":60,"UnitID":13,"Type":2,"Kind":1,"Location":{"Space":{"X":-3,"Y":2},"Zone":{"X":0,"Y":1}},"CurrentStamina":8,"CurrentOrder":null,"Builds":[],"GarrisonedIn":null,"Stance":0,"InterruptCurrent":false,"AttackBack":false,"TargetPriority":"","ActiveOrders":null,"Health":50,"MaxHealth":50}],"foundations":[],"population":{"current":6,"limit":0},"resources":{"food":200,"gold":98,"stone":100,"wood":200},"spaces":[{"Space":{"X":0,"Y":-4},"Vision":1,"Owner":-1},{"Space":{"X":1,"Y":-4},"Vision":1,"Owner":-1},{"Space":{"X":2,"Y":-4},"Vision":1,"Owner":-1},{"Space":{"X":3,"Y":-4},"Vision":1,"Owner":-1},{"Space":{"X":4,"Y":-4},"Vision":1,"Owner":-1},{"Space":{"X":-1,"Y":-3},"Vision":1,"Owner":-1},{"Space":{"X":0,"Y":-3},"Vision":1,"Owner":-1},{"Space":{"X":1,"Y":-3},"Vision":1,"Owner":-1},{"Space":{"X":2,"Y":-3},"Vision":1,"Owner":-1},{"Space":{"X":3,"Y":-3},"Vision":1,"Owner":-1},{"Space":{"X":4,"Y":-3},"Vision":1,"Owner":-1},{"Space":{"X":-2,"Y":-2},"Vision":1,"Owner":-1},{"Space":{"X":-1,"Y":-2},"Vision":1,"Owner":-1},{"Space":{"X":0,"Y":-2},"Vision":1,"Owner":-1},{"Space":{"X":1,"Y":-2},"Vision":1,"Owner":-1},{"Space":{"X":2,"Y":-2},"Vision":1,"Owner":-1},{"Space":{"X":3,"Y":-2},"Vision":1,"Owner":-1},{"Space":{"X":4,"Y":-2},"Vision":1,"Owner":-1},{"Space":{"X":-3,"Y":-1},"Vision":1,"Owner":-1},{"Space":{"X":-2,"Y":-1},"Vision":1,"Owner":-1},{"Space":{"X":-1,"Y":-1},"Vision":1,"Owner":-1},{"Space":{"X":0,"Y":-1},"Vision":1,"Owner":-1},{"Space":{"X":1,"Y":-1},"Vision":1,"Owner":-1},{"Space":{"X":2,"Y":-1},"Vision":1,"Owner":-1},{"Space":{"X":3,"Y":-1},"Vision":1,"Owner":-1},{"Space":{"X":4,"Y":-1},"Vision":1,"Owner":-1},{"Space":{"X":-4,"Y":0},"Vision":1,"Owner":-1},{"Space":{"X":-3,"Y":0},"Vision":1,"Owner":-1},{"Space":{"X":-2,"Y":0},"Vision":1,"Owner":-1},{"Space":{"X":-1,"Y":0},"Vision":1,"Owner":-1},{"Space":{"X":0,"Y":0},"Vision":1,"Owner":-1},{"Space":{"X":1,"Y":0},"Vision":1,"Owner":-1},{"Space":{"X":2,"Y":0},"Vision":1,"Owner":-1},{"Space":{"X":3,"Y":0},"Vision":1,"Owner":-1},{"Space":{"X":4,"Y":0},"Vision":0,"Owner":-1},{"Space":{"X":-4,"Y":1},"Vision":1,"Owner":-1},{"Space":{"X":-3,"Y":1},"Vision":2,"Owner":-1},{"Space":{"X":-2,"Y":1},"Vision":2,"Owner":-1},{"Space":{"X":-1,"Y":1},"Vision":1,"Owner":-1},{"Space":{"X":0,"Y":1},"Vision":1,"Owner":-1},{"Space":{"X":1,"Y":1},"Vision":1,"Owner":-1},{"Space":{"X":2,"Y":1},"Vision":1,"Owner":-1},{"Space":{"X":3,"Y":1},"Vision":0,"Owner":-1},{"Space":{"X":-4,"Y":2},"Vision":2,"Owner":-1},{"Space":{"X":-3,"Y":2},"Vision":3,"Owner":-1},{"Space":{"X":-2,"Y":2},"Vision":2,"Owner":-1},{"Space":{"X":-1,"Y":2},"Vision":1,"Owner":-1},{"Space":{"X":0,"Y":2},"Vision":1,"Owner":-1},{"Space":{"X":1,"Y":2},"Vision":1,"Owner":-1},{"Space":{"X":2,"Y":2},"Vision":0,"Owner":-1},{"Space":{"X":-4,"Y":3},"Vision":2,"Owner":-1},{"Space":{"X":-3,"Y":3},"Vision":3,"Owner":-1},{"Space":{"X":-2,"Y":3},"Vision":1,"Owner":-1},{"Space":{"X":-1,"Y":3},"Vision":1,"Owner":-1},{"Space":{"X":0,"Y":3},"Vision":1,"Owner":-1},{"Space":{"X":1,"Y":3},"Vision":0,"Owner":-1},{"Space":{"X":-4,"Y":4},"Vision":1,"Owner":-1},{"Space":{"X":-3,"Y":4},"Vision":1,"Owner":-1},{"Space":{"X":-2,"Y":4},"Vision":1,"Owner":-1},{"Space":{"X":-1,"Y":4},"Vision":1,"Owner":-1},{"Space":{"X":0,"Y":4},"Vision":0,"Owner":-1}],"units":[{"InternalID":19,"UnitID":12,"Type":2,"Kind":1,"Location":{"Space":{"X":-3,"Y":2},"Zone":{"X":0,"Y":1}},"CurrentStamina":12,"CurrentOrder":{"Kind":4,"TargetZone":null,"TargetSpace":{"X":-3,"Y":2},"TargetResource":null,"TargetUnit":null,"TargetBuilding":null},"Builds":[],"GarrisonedIn":null,"Stance":3,"InterruptCurrent":true,"AttackBack":true,"TargetPriority":"","ActiveOrders":[{"ID":923,"Kind":4}],"Health":16,"MaxHealth":16},{"InternalID":20,"UnitID":12,"Type":2,"Kind":1,"Location":{"Space":{"X":-3,"Y":2},"Zone":{"X":0,"Y":1}},"CurrentStamina":12,"CurrentOrder":{"Kind":4,"TargetZone":null,"TargetSpace":{"X":-3,"Y":2},"TargetResource":null,"TargetUnit":null,"TargetBuilding":null},"Builds":[],"GarrisonedIn":null,"Stance":3,"InterruptCurrent":true,"AttackBack":true,"TargetPriority":"","ActiveOrders":[{"ID":924,"Kind":4}],"Health":16,"MaxHealth":16},{"InternalID":21,"UnitID":12,"Type":2,"Kind":1,"Location":{"Space":{"X":-3,"Y":2},"Zone":{"X":0,"Y":1}},"CurrentStamina":12,"CurrentOrder":{"Kind":4,"TargetZone":null,"TargetSpace":{"X":-3,"Y":2},"TargetResource":null,"TargetUnit":null,"TargetBuilding":null},"Builds":[],"GarrisonedIn":null,"Stance":3,"InterruptCurrent":true,"AttackBack":true,"TargetPriority":"","ActiveOrders":[{"ID":921,"Kind":4}],"Health":16,"MaxHealth":16},{"InternalID":22,"UnitID":12,"Type":2,"Kind":1,"Location":{"Space":{"X":-3,"Y":2},"Zone":{"X":0,"Y":1}},"CurrentStamina":12,"CurrentOrder":{"Kind":4,"TargetZone":null,"TargetSpace":{"X":-3,"Y":2},"TargetResource":null,"TargetUnit":null,"TargetBuilding":null},"Builds":[],"GarrisonedIn":null,"Stance":3,"InterruptCurrent":true,"AttackBack":true,"TargetPriority":"","ActiveOrders":[{"ID":922,"Kind":4}],"Health":16,"MaxHealth":16},{"InternalID":23,"UnitID":12,"Type":2,"Kind":1,"Location":{"Space":{"X":-3,"Y":2},"Zone":{"X":0,"Y":1}},"CurrentStamina":12,"CurrentOrder":{"Kind":4,"TargetZone":null,"TargetSpace":{"X":-3,"Y":2},"TargetResource":null,"TargetUnit":null,"TargetBuilding":null},"Builds":[],"GarrisonedIn":null,"Stance":3,"InterruptCurrent":true,"AttackBack":true,"TargetPriority":"","ActiveOrders":[{"ID":925,"Kind":4}],"Health":16,"MaxHealth":16},{"InternalID":24,"UnitID":12,"Type":2,"Kind":1,"Location":{"Space":{"X":-3,"Y":2},"Zone":{"X":0,"Y":1}},"CurrentStamina":12,"CurrentOrder":{"Kind":4,"TargetZone":null,"TargetSpace":{"X":-3,"Y":2},"TargetResource":null,"TargetUnit":null,"TargetBuilding":null},"Builds":[],"GarrisonedIn":null,"Stance":3,"InterruptCurrent":true,"AttackBack":true,"TargetPriority":"","ActiveOrders":[{"ID":928,"Kind":4}],"Health":16,"MaxHealth":16}]}
2026/09/30 21:20:38 ai ai-1: new turn data {"buildings":[],"enemy_buildings":[],"enemy_units":[{"InternalID":19,"UnitID":12,"Type":2,"Kind":1,"Location":{"Space":{"X":-3,"Y":2},"Zone":{"X":0,"Y":1}},"CurrentStamina":12,"CurrentOrder":null,"Builds":[],"GarrisonedIn":null,"Stance":0,"InterruptCurrent":false,"AttackBack":false,"TargetPriority":"","ActiveOrders":null,"Health":16,"MaxHealth":16},{"InternalID":20,"UnitID":12,"Type":2,"Kind":1,"Location":{"Space":{"X":-3,"Y":2},"Zone":{"X":0,"Y":1}},"CurrentStamina":12,"CurrentOrder":null,"Builds":[],"GarrisonedIn":null,"Stance":0,"InterruptCurrent":false,"AttackBack":false,"TargetPriority":"","ActiveOrders":null,"Health":16,"MaxHealth":16},{"InternalID":21,"UnitID":12,"Type":2,"Kind":1,"Location":{"Space":{"X":-3,"Y":2},"Zone":{"X":0,"Y":1}},"CurrentStamina":12,"CurrentOrder":null,"Builds":[],"GarrisonedIn":null,"Stance":0,"InterruptCurrent":false,"AttackBack":false,"TargetPriority":"","ActiveOrders":null,"Health":16,"MaxHealth":16},{"InternalID":22,"UnitID":12,"Type":2,"Kind":1,"Location":{"Space":{"X":-3,"Y":2},"Zone":{"X":0,"Y":1}},"CurrentStamina":12,"CurrentOrder":null,"Builds":[],"GarrisonedIn":null,"Stance":0,"InterruptCurrent":false,"AttackBack":false,"TargetPriority":"","ActiveOrders":null,"Health":16,"MaxHealth":16},{"InternalID":23,"UnitID":12,"Type":2,"Kind":1,"Location":{"Space":{"X":-3,"Y":2},"Zone":{"X":0,"Y":1}},"CurrentStamina":12,"CurrentOrder":null,"Builds":[],"GarrisonedIn":null,"Stance":0,"InterruptCurrent":false,"AttackBack":false,"TargetPriority":"","ActiveOrders":null,"Health":16,"MaxHealth":16},{"InternalID":24,"UnitID":12,"Type":2,"Kind":1,"Location":{"Space":{"X":-3,"Y":2},"Zone":{"X":0,"Y":1}},"CurrentStamina":12,"CurrentOrder":null,"Builds":[],"GarrisonedIn":null,"Stance":0,"InterruptCurrent":false,"AttackBack":false,"TargetPriority":"","ActiveOrders":null,"Health":16,"MaxHealth":16}],"foundations":[],"population":{"current":7,"limit":0},"resources":{"food":200,"gold":48,"stone":100,"wood":200},"spaces":[{"Space":{"X":0,"Y":-4},"Vision":1,"Owner":-1},{"Space":{"X":1,"Y":-4},"Vision":1,"Owner":-1},{"Space":{"X":2,"Y":-4},"Vision":1,"Owner":-1},{"Space":{"X":3,"Y":-4},"Vision":1,"Owner":-1},{"Space":{"X":4,"Y":-4},"Vision":1,"Owner":-1},{"Space":{"X":-1,"Y":-3},"Vision":1,"Owner":0},{"Space":{"X":0,"Y":-3},"Vision":1,"Owner":-1},{"Space":{"X":1,"Y":-3},"Vision":1,"Owner":-1},{"Space":{"X":2,"Y":-3},"Vision":1,"Owner":-1},{"Space":{"X":3,"Y":-3},"Vision":1,"Owner":-1},{"Space":{"X":4,"Y":-3},"Vision":0,"Owner":-1},{"Space":{"X":-2,"Y":-2},"Vision":1,"Owner":0},{"Space":{"X":-1,"Y":-2},"Vision":1,"Owner":-1},{"Space":{"X":0,"Y":-2},"Vision":1,"Owner":-1},{"Space":{"X":1,"Y":-2},"Vision":1,"Owner":-1},{"Space":{"X":2,"Y":-2},"Vision":1,"Owner":-1},{"Space":{"X":3,"Y":-2},"Vision":1,"Owner":-1},{"Space":{"X":4,"Y":-2},"Vision":0,"Owner":-1},{"Space":{"X":-3,"Y":-1},"Vision":1,"Owner":0},{"Space":{"X":-2,"Y":-1},"Vision":1,"Owner":-1},{"Space":{"X":-1,"Y":-1},"Vision":1,"Owner":-1},{"Space":{"X":0,"Y":-1},"Vision":1,"Owner":-1},{"Space":{"X":1,"Y":-1},"Vision":1,"Owner":-1},{"Space":{"X":2,"Y":-1},"Vision":1,"Owner":-1},{"Space":{"X":3,"Y":-1},"Vision":1,"Owner":-1},{"Space":{"X":4,"Y":-1},"Vision":0,"Owner":-1},{"Space":{"X":-4,"Y":0},"Vision":1,"Owner":-1},{"Space":{"X":-3,"Y":0},"Vision":1,"Owner":0},{"Space":{"X":-2,"Y":0},"Vision":1,"Owner":-1},{"Space":{"X":-1,"Y":0},"Vision":1,"Owner":-1},{"Space":{"X":0,"Y":0},"Vision":1,"Owner":-1},{"Space":{"X":1,"Y":0},"Vision":1,"Owner":-1},{"Space":{"X":2,"Y":0},"Vision":1,"Owner":-1},{"Space":{"X":3,"Y":0},"Vision":0,"Owner":-1},{"Space":{"X":4,"Y":0},"Vision":0,"Owner":-1},{"Space":{"X":-4,"Y":1},"Vision":1,"Owner":-1},{"Space":{"X":-3,"Y":1},"Vision":2,"Owner":-1},{"Space":{"X":-2,"Y":1},"Vision":2,"Owner":-1},{"Space":{"X":-1,"Y":1},"Vision":1,"Owner":-1},{"Space":{"X":0,"Y":1},"Vision":1,"Owner":-1},{"Space":{"X":1,"Y":1},"Vision":3,"Owner":-1},{"Space":{"X":2,"Y":1},"Vision":2,"Owner":-1},{"Space":{"X":3,"Y":1},"Vision":0,"Owner":-1},{"Space":{"X":-4,"Y":2},"Vision":2,"Owner":-1},{"Space":{"X":-3,"Y":2},"Vision":3,"Owner":-1},{"Space":{"X":-2,"Y":2},"Vision":2,"Owner":-1},{"Space":{"X":-1,"Y":2},"Vision":1,"Owner":-1},{"Space":{"X":0,"Y":2},"Vision":2,"Owner":-1},{"Space":{"X":1,"Y":2},"Vision":3,"Owner":1},{"Space":{"X":2,"Y":2},"Vision":2,"Owner":-1},{"Space":{"X":-4,"Y":3},"Vision":2,"Owner":-1},{"Space":{"X":-3,"Y":3},"Vision":3,"Owner":-1},{"Space":{"X":-2,"Y":3},"Vision":1,"Owner":-1},{"Space":{"X":-1,"Y":3},"Vision":1,"Owner":-1},{"Space":{"X":0,"Y":3},"Vision":2,"Owner":-1},{"Space":{"X":1,"Y":3},"Vision":2,"Owner":-1},{"Space":{"X":-4,"Y":4},"Vision":1,"Owner":-1},{"Space":{"X":-3,"Y":4},"Vision":1,"Owner":-1},{"Space":{"X":-2,"Y":4},"Vision":1,"Owner":-1},{"Space":{"X":-1,"Y":4},"Vision":1,"Owner":-1},{"Space":{"X":0,"Y":4},"Vision":0,"Owner":-1}],"units":[{"InternalID":32,"UnitID":11,"Type":2,"Kind":1,"Location":{"Space":{"X":1,"Y":2},"Zone":{"X":0,"Y":-1}},"CurrentStamina":15,"CurrentOrder":{"Kind":0,"TargetZone":{"Space":{"X":1,"Y":2},"Zone":{"X":0,"Y":0}},"TargetSpace":null,"TargetResource":null,"TargetUnit":null,"TargetBuilding":null},"Builds":[],"GarrisonedIn":null,"Stance":3,"InterruptCurrent":false,"AttackBack":true,"TargetPriority":"","ActiveOrders":[{"ID":856,"Kind":0}],"Health":11,"MaxHealth":11},{"InternalID":55,"UnitID":13,"Type":2,"Kind":1,"Location":{"Space":{"X":-3,"Y":2},"Zone":{"X":0,"Y":1}},"CurrentStamina":8,"CurrentOrder":{"Kind":4,"TargetZone":null,"TargetSpace":{"X":-3,"Y":2},"TargetResource":null,"TargetUnit":null,"TargetBuilding":null},"Builds":[],"GarrisonedIn":null,"Stance":3,"InterruptCurrent":false,"AttackBack":true,"TargetPriority":"","ActiveOrders":[{"ID":464,"Kind":4}],"Health":15.6428,"MaxHealth":50},{"InternalID":56,"UnitID":13,"Type":2,"Kind":1,"Location":{"Space":{"X":-3,"Y":2},"Zone":{"X":0,"Y":1}},"CurrentStamina":8,"CurrentOrder":{"Kind":4,"TargetZone":null,"TargetSpace":{"X":-3,"Y":2},"TargetResource":null,"TargetUnit":null,"TargetBuilding":null},"Builds":[],"GarrisonedIn":null,"Stance":3,"InterruptCurrent":false,"AttackBack":true,"TargetPriority":"","ActiveOrders":[{"ID":465,"Kind":4}],"Health":39.5,"MaxHealth":50},{"InternalID":57,"UnitID":13,"Type":2,"Kind":1,"Location":{"Space":{"X":-3,"Y":2},"Zone":{"X":0,"Y":1}},"CurrentStamina":8,"CurrentOrder":{"Kind":4,"TargetZone":null,"TargetSpace":{"X":-3,"Y":2},"TargetResource":null,"TargetUnit":null,"TargetBuilding":null},"Builds":[],"GarrisonedIn":null,"Stance":3,"InterruptCurrent":false,"AttackBack":true,"TargetPriority":"","ActiveOrders":[{"ID":469,"Kind":4}],"Health":39.5,"MaxHealth":50},{"InternalID":58,"UnitID":13,"Type":2,"Kind":1,"Location":{"Space":{"X":-3,"Y":2},"Zone":{"X":0,"Y":1}},"CurrentStamina":8,"CurrentOrder":{"Kind":4,"TargetZone":null,"TargetSpace":{"X":-3,"Y":2},"TargetResource":null,"TargetUnit":null,"TargetBuilding":null},"Builds":[],"GarrisonedIn":null,"Stance":3,"InterruptCurrent":false,"AttackBack":true,"TargetPriority":"","ActiveOrders":[{"ID":451,"Kind":4}],"Health":43.7,"MaxHealth":50},{"InternalID":59,"UnitID":13,"Type":2,"Kind":1,"Location":{"Space":{"X":-3,"Y":2},"Zone":{"X":0,"Y":1}},"CurrentStamina":8,"CurrentOrder":{"Kind":4,"TargetZone":null,"TargetSpace":{"X":-3,"Y":2},"TargetResource":null,"TargetUnit":null,"TargetBuilding":null},"Builds":[],"GarrisonedIn":null,"Stance":3,"InterruptCurrent":false,"AttackBack":true,"TargetPriority":"","ActiveOrders":[{"ID":470,"Kind":4}],"Health":50,"MaxHealth":50},{"InternalID":60,"UnitID":13,"Type":2,"Kind":1,"Location":{"Space":{"X":-3,"Y":2},"Zone":{"X":0,"Y":1}},"CurrentStamina":8,"CurrentOrder":{"Kind":4,"TargetZone":null,"TargetSpace":{"X":-3,"Y":2},"TargetResource":null,"TargetUnit":null,"TargetBuilding":null},"Builds":[],"GarrisonedIn":null,"Stance":3,"InterruptCurrent":false,"AttackBack":true,"TargetPriority":"","ActiveOrders":[{"ID":474,"Kind":4}],"Health":50,"MaxHealth":50}]}
2026/09/30 21:20:38 ai ai-1: submitting orders []
2026/09/30 21:20:38 ai ai-1: vars {}
2026/09/30 21:20:38 player action: submit-orders 0 2 map[orders:[]]
2026/09/30 21:20:38 Executing submit orders for: 1 []
2026/09/30 21:20:38 ai ai-0: submitting orders [{Subjects:[19] OrderType:9 TargetID:55 ClearPreviousOrders:true} {Subjects:[20] OrderType:9 TargetID:55 ClearPreviousOrders:true} {Subjects:[21] OrderType:9 TargetID:55 ClearPreviousOrders:true} {Subjects:[22] OrderType:9 TargetID:55 ClearPreviousOrders:true} {Subjects:[23] OrderType:9 TargetID:55 ClearPreviousOrders:true} {Subjects:[24] OrderType:9 TargetID:55 ClearPreviousOrders:true} {Subjects:[19] OrderType:9 TargetID:55 ClearPreviousOrders:true} {Subjects:[19] OrderType:9 TargetID:56 ClearPreviousOrders:false} {Subjects:[19] OrderType:9 TargetID:57 ClearPreviousOrders:false} {Subjects:[19] OrderType:9 TargetID:58 ClearPreviousOrders:false} {Subjects:[19] OrderType:9 TargetID:59 ClearPreviousOrders:false} {Subjects:[19] OrderType:9 TargetID:60 ClearPreviousOrders:false} {Subjects:[20] OrderType:9 TargetID:55 ClearPreviousOrders:true} {Subjects:[20] OrderType:9 TargetID:57 ClearPreviousOrders:false} {Subjects:[20] OrderType:9 TargetID:58 ClearPreviousOrders:false} {Subjects:[20] OrderType:9 TargetID:59 ClearPreviousOrders:false} {Subjects:[20] OrderType:9 TargetID:60 ClearPreviousOrders:false} {Subjects:[20] OrderType:9 TargetID:56 ClearPreviousOrders:false} {Subjects:[21] OrderType:9 TargetID:55 ClearPreviousOrders:true} {Subjects:[21] OrderType:9 TargetID:58 ClearPreviousOrders:false} {Subjects:[21] OrderType:9 TargetID:59 ClearPreviousOrders:false} {Subjects:[21] OrderType:9 TargetID:60 ClearPreviousOrders:false} {Subjects:[21] OrderType:9 TargetID:56 ClearPreviousOrders:false} {Subjects:[21] OrderType:9 TargetID:56 ClearPreviousOrders:false} {Subjects:[22] OrderType:9 TargetID:55 ClearPreviousOrders:true} {Subjects:[22] OrderType:9 TargetID:59 ClearPreviousOrders:false} {Subjects:[22] OrderType:9 TargetID:60 ClearPreviousOrders:false} {Subjects:[22] OrderType:9 TargetID:56 ClearPreviousOrders:false} {Subjects:[22] OrderType:9 TargetID:56 ClearPreviousOrders:false} {Subjects:[22] OrderType:9 TargetID:57 ClearPreviousOrders:false} {Subjects:[23] OrderType:9 TargetID:55 ClearPreviousOrders:true} {Subjects:[23] OrderType:9 TargetID:60 ClearPreviousOrders:false} {Subjects:[23] OrderType:9 TargetID:56 ClearPreviousOrders:false} {Subjects:[23] OrderType:9 TargetID:56 ClearPreviousOrders:false} {Subjects:[23] OrderType:9 TargetID:57 ClearPreviousOrders:false} {Subjects:[23] OrderType:9 TargetID:58 ClearPreviousOrders:false} {Subjects:[24] OrderType:9 TargetID:55 ClearPreviousOrders:true} {Subjects:[24] OrderType:9 TargetID:56 ClearPreviousOrders:false} {Subjects:[24] OrderType:9 TargetID:56 ClearPreviousOrders:false} {Subjects:[24] OrderType:9 TargetID:57 ClearPreviousOrders:false} {Subjects:[24] OrderType:9 TargetID:58 ClearPreviousOrders:false} {Subjects:[24] OrderType:9 TargetID:59 ClearPreviousOrders:false}]
2026/09/30 21:20:38 ai ai-0: vars {"B":0,"Hv":0,"Pi":6,"aPowLocal":0,"aThreat":0,"a_engaged":0,"a_odds":1.3,"a_outnumbered":0,"army_target":50,"army_value":660,"assault":0,"bank_rate":28,"bar_barracks":0.17072129748186085,"bar_redoubt":1.1111111111111112,"barracks":0,"barracks_B":0,"barracks_P":0,"barracks_save":0,"barracks_spend":78.1,"barracks_want":0,"buffer_food":70,"buffer_gold":0,"buffer_stone":0,"buffer_wood":70,"builders":0,"committed":0,"eB":12.199999999999996,"eGrowth":0,"eH":6,"eMil":25.299999999999997,"eP":7.1000000000000005,"ePow":50.4,"ePowEst":47.963144320000005,"ePowSeen":47.963144320000005,"eTech":1,"eV":0,"es":26.299999999999997,"farm_want":0,"farm_wood_short":0,"farming":0,"fire_barracks":0,"fire_farm0":0,"fire_farm1":0,"fire_farm2":0,"fire_house":0,"fire_outpost":0,"fire_redoubt":0,"fire_smith":0,"fire_vc":0,"food_need":0,"food_over":0,"food_rate":0,"food_slots":1000,"food_workers":0,"free_room":44,"go":0,"gold_income":0,"gold_need":0,"gold_rate":0,"gold_surplus":98,"guaranteed":0,"guard_home":0,"headroom":-6,"hire_B":5276.923076923077,"hire_P":8292.307692307693,"homePow":0,"house_builders":0,"house_urgency":0,"house_want":0,"income_proj":0,"left":0,"lf_food":0,"lf_gold":0,"lf_stone":0,"lf_wood":0,"lump_food":0,"lump_gold":0,"lump_stone":0,"lump_wood":0,"maturity":0,"mil":6,"myTech":1,"n_barracks":0,"n_redoubts":0,"needB":32.3641034126844,"needP":11.6358965873156,"outpost_want":0,"pikes":0,"planned_food":0,"planned_gold":0,"planned_stone":0,"planned_wood":0,"prod_rate":0,"proj_army":660,"raid_danger":0,"raid_fails":1,"raid_lost":0,"raid_pause":16,"raid_prev":0,"raid_size":0,"raid_wiped":0,"rate":6,"redoubt_H":0,"redoubt_gold_ok":0.43555555555555553,"redoubt_save":0,"redoubt_spend":30,"redoubt_want":0,"redoubts":0,"rf_food":0,"rf_gold":0,"rf_stone":0,"rf_wood":0,"sB4":1.2538045206575115,"sP4":0.4507815204101009,"scale_l":0,"scale_r":0,"shareH":0.5062976760688309,"smith_want":0,"smiths":0,"spare":0,"spare_food":0.5,"stone_need":0,"stone_rate":0,"tH":44,"target_spend":400,"tech_food":50,"tech_gold":0,"tech_stone":0,"tech_wood":50,"threat_home":0,"turns_left":-60,"u_barracks":0.17699955275381224,"u_redoubt":0.47254449766424217,"unit_spend":120,"vB":1.0581749049429658,"vH":1.0851711026615969,"vP":0.8193916349809885,"vc_want":0,"vcs":0,"vil_goal":50,"vil_rate":0,"vil_stamina":8,"vil_want":0,"vil_want_last":0,"vil_worth_now":0.6,"vils":0,"w_food":0,"w_gold":0,"w_stone":0,"w_wood":0,"wild_workers":0,"wood_need":0,"wood_rate":0,"workers":0}
2026/09/30 21:20:38 player action: set-unit-behavior 0 1 map[internal_ids:[19 20 21 22 23 24] interrupt_current:false]
2026/09/30 21:20:38 player action: submit-orders 0 1 map[orders:[{0 [19] 9 55 true} {0 [20] 9 55 true} {0 [21] 9 55 true} {0 [22] 9 55 true} {0 [23] 9 55 true} {0 [24] 9 55 true} {0 [19] 9 55 true} {0 [19] 9 56 false} {0 [19] 9 57 false} {0 [19] 9 58 false} {0 [19] 9 59 false} {0 [19] 9 60 false} {0 [20] 9 55 true} {0 [20] 9 57 false} {0 [20] 9 58 false} {0 [20] 9 59 false} {0 [20] 9 60 false} {0 [20] 9 56 false} {0 [21] 9 55 true} {0 [21] 9 58 false} {0 [21] 9 59 false} {0 [21] 9 60 false} {0 [21] 9 56 false} {0 [21] 9 56 false} {0 [22] 9 55 true} {0 [22] 9 59 false} {0 [22] 9 60 false} {0 [22] 9 56 false} {0 [22] 9 56 false} {0 [22] 9 57 false} {0 [23] 9 55 true} {0 [23] 9 60 false} {0 [23] 9 56 false} {0 [23] 9 56 false} {0 [23] 9 57 false} {0 [23] 9 58 false} {0 [24] 9 55 true} {0 [24] 9 56 false} {0 [24] 9 56 false} {0 [24] 9 57 false} {0 [24] 9 58 false} {0 [24] 9 59 false}]]
2026/09/30 21:20:38 Executing submit orders for: 0 [{0 [19] 9 55 true} {0 [20] 9 55 true} {0 [21] 9 55 true} {0 [22] 9 55 true} {0 [23] 9 55 true} {0 [24] 9 55 true} {0 [19] 9 55 true} {0 [19] 9 56 false} {0 [19] 9 57 false} {0 [19] 9 58 false} {0 [19] 9 59 false} {0 [19] 9 60 false} {0 [20] 9 55 true} {0 [20] 9 57 false} {0 [20] 9 58 false} {0 [20] 9 59 false} {0 [20] 9 60 false} {0 [20] 9 56 false} {0 [21] 9 55 true} {0 [21] 9 58 false} {0 [21] 9 59 false} {0 [21] 9 60 false} {0 [21] 9 56 false} {0 [21] 9 56 false} {0 [22] 9 55 true} {0 [22] 9 59 false} {0 [22] 9 60 false} {0 [22] 9 56 false} {0 [22] 9 56 false} {0 [22] 9 57 false} {0 [23] 9 55 true} {0 [23] 9 60 false} {0 [23] 9 56 false} {0 [23] 9 56 false} {0 [23] 9 57 false} {0 [23] 9 58 false} {0 [24] 9 55 true} {0 [24] 9 56 false} {0 [24] 9 56 false} {0 [24] 9 57 false} {0 [24] 9 58 false} {0 [24] 9 59 false}]
2026/09/30 21:20:38 Resolving active orders
2026/09/30 21:20:38 combat turn=17 tick=1: 19 u12 (player 0, stamina 3) hits 55 u13 (player 1) for 2.10
2026/09/30 21:20:38 combat turn=17 tick=1: 20 u12 (player 0, stamina 3) hits 55 u13 (player 1) for 2.10
2026/09/30 21:20:38 combat turn=17 tick=1: 23 u12 (player 0, stamina 3) hits 55 u13 (player 1) for 2.10
2026/09/30 21:20:38 combat turn=17 tick=1: 24 u12 (player 0, stamina 3) hits 55 u13 (player 1) for 2.10
2026/09/30 21:20:38 combat turn=17 tick=1: 21 u12 (player 0, stamina 3) hits 55 u13 (player 1) for 2.10
2026/09/30 21:20:38 combat turn=17 tick=1: 22 u12 (player 0, stamina 3) hits 55 u13 (player 1) for 2.10
2026/09/30 21:20:38 combat turn=17 tick=1: 55 u13 (player 1, stamina 3) hits 19 u12 (player 0) for 4.54
2026/09/30 21:20:38 combat turn=17 tick=1: 56 u13 (player 1, stamina 3) hits 19 u12 (player 0) for 4.54
2026/09/30 21:20:38 combat turn=17 tick=1: 57 u13 (player 1, stamina 3) hits 19 u12 (player 0) for 4.54
2026/09/30 21:20:38 combat turn=17 tick=1: 59 u13 (player 1, stamina 3) hits 19 u12 (player 0) for 4.54
2026/09/30 21:20:38 combat turn=17 tick=1: 60 u13 (player 1, stamina 3) hits 19 u12 (player 0) for 4.54
2026/09/30 21:20:38 combat turn=17 tick=1: 58 u13 (player 1, stamina 3) hits 19 u12 (player 0) for 4.54
2026/09/30 21:20:38 Moving unit 32 Blunt Infantry to zone(0, 0) in space (1, 2) tick=1
2026/09/30 21:20:38 state_hash turn=17 tick=1 hash=090e3a871f590b61
2026/09/30 21:20:38 combat turn=17 tick=2: 24 u12 (player 0, stamina 3) hits 55 u13 (player 1) for 2.10
2026/09/30 21:20:38 combat turn=17 tick=2: 21 u12 (player 0, stamina 3) hits 55 u13 (player 1) for 2.10
2026/09/30 21:20:38 combat turn=17 tick=2: 22 u12 (player 0, stamina 3) hits 55 u13 (player 1) for 2.10
2026/09/30 21:20:38 combat turn=17 tick=2: 20 u12 (player 0, stamina 3) hits 55 u13 (player 1) for 2.10
2026/09/30 21:20:38 combat turn=17 tick=2: 23 u12 (player 0, stamina 3) hits 55 u13 (player 1) for 2.10
2026/09/30 21:20:38 combat turn=17 tick=2: 56 u13 (player 1, stamina 3) hits 20 u12 (player 0) for 4.54
2026/09/30 21:20:38 combat turn=17 tick=2: 57 u13 (player 1, stamina 3) hits 20 u12 (player 0) for 4.54
2026/09/30 21:20:38 combat turn=17 tick=2: 59 u13 (player 1, stamina 3) hits 20 u12 (player 0) for 4.54
2026/09/30 21:20:38 combat turn=17 tick=2: 60 u13 (player 1, stamina 3) hits 20 u12 (player 0) for 4.54
2026/09/30 21:20:38 combat turn=17 tick=2: 58 u13 (player 1, stamina 3) hits 20 u12 (player 0) for 4.54
2026/09/30 21:20:38 combat turn=17 tick=2: 55 u13 (player 1, stamina 3) hits 20 u12 (player 0) for 4.54
2026/09/30 21:20:38 state_hash turn=17 tick=2 hash=a3a540233a8f95e5
2026/09/30 21:20:38 combat turn=17 tick=3: 23 u12 (player 0, stamina 3) hits 60 u13 (player 1) for 2.10
2026/09/30 21:20:38 combat turn=17 tick=3: 24 u12 (player 0, stamina 3) hits 56 u13 (player 1) for 2.10
2026/09/30 21:20:38 combat turn=17 tick=3: 21 u12 (player 0, stamina 3) hits 58 u13 (player 1) for 2.10
2026/09/30 21:20:38 combat turn=17 tick=3: 22 u12 (player 0, stamina 3) hits 59 u13 (player 1) for 2.10
2026/09/30 21:20:38 combat turn=17 tick=3: 56 u13 (player 1, stamina 2) hits 21 u12 (player 0) for 3.03
2026/09/30 21:20:38 combat turn=17 tick=3: 57 u13 (player 1, stamina 2) hits 21 u12 (player 0) for 3.03
2026/09/30 21:20:38 combat turn=17 tick=3: 59 u13 (player 1, stamina 2) hits 21 u12 (player 0) for 3.03
2026/09/30 21:20:38 combat turn=17 tick=3: 60 u13 (player 1, stamina 2) hits 21 u12 (player 0) for 3.03
2026/09/30 21:20:38 combat turn=17 tick=3: 58 u13 (player 1, stamina 2) hits 21 u12 (player 0) for 3.03
2026/09/30 21:20:38 state_hash turn=17 tick=3 hash=fc2cea702bf0e682
2026/09/30 21:20:38 combat turn=17 tick=4: 24 u12 (player 0, stamina 3) hits 56 u13 (player 1) for 2.10
2026/09/30 21:20:38 combat turn=17 tick=4: 21 u12 (player 0, stamina 3) hits 58 u13 (player 1) for 2.10
2026/09/30 21:20:38 combat turn=17 tick=4: 22 u12 (player 0, stamina 3) hits 59 u13 (player 1) for 2.10
2026/09/30 21:20:38 combat turn=17 tick=4: 23 u12 (player 0, stamina 3) hits 60 u13 (player 1) for 2.10
2026/09/30 21:20:38 state_hash turn=17 tick=4 hash=f712a7bfc93ec753
2026/09/30 21:20:38 state_hash turn=17 tick=end hash=0c32b1921ee48d8f
2026/09/30 21:20:38 ai ai-0: new turn data {"buildings":[],"enemy_buildings":[],"enemy_units":[{"InternalID":56,"UnitID":13,"Type":2,"Kind":1,"Location":{"Space":{"X":-3,"Y":2},"Zone":{"X":0,"Y":1}},"CurrentStamina":8,"CurrentOrder":null,"Builds":[],"GarrisonedIn":null,"Stance":0,"InterruptCurrent":false,"AttackBack":false,"TargetPriority":"","ActiveOrders":null,"Health":35.3,"MaxHealth":50},{"InternalID":57,"UnitID":13,"Type":2,"Kind":1,"Location":{"Space":{"X":-3,"Y":2},"Zone":{"X":0,"Y":1}},"CurrentStamina":8,"CurrentOrder":null,"Builds":[],"GarrisonedIn":null,"Stance":0,"InterruptCurrent":false,"AttackBack":false,"TargetPriority":"","ActiveOrders":null,"Health":39.5,"MaxHealth":50},{"InternalID":58,"UnitID":13,"Type":2,"Kind":1,"Location":{"Space":{"X":-3,"Y":2},"Zone":{"X":0,"Y":1}},"CurrentStamina":8,"CurrentOrder":null,"Builds":[],"GarrisonedIn":null,"Stance":0,"InterruptCurrent":false,"AttackBack":false,"TargetPriority":"","ActiveOrders":null,"Health":39.5,"MaxHealth":50},{"InternalID":59,"UnitID":13,"Type":2,"Kind":1,"Location":{"Space":{"X":-3,"Y":2},"Zone":{"X":0,"Y":1}},"CurrentStamina":8,"CurrentOrder":null,"Builds":[],"GarrisonedIn":null,"Stance":0,"InterruptCurrent":false,"AttackBack":false,"TargetPriority":"","ActiveOrders":null,"Health":45.8,"MaxHealth":50},{"InternalID":60,"UnitID":13,"Type":2,"Kind":1,"Location":{"Space":{"X":-3,"Y":2},"Zone":{"X":0,"Y":1}},"CurrentStamina":8,"CurrentOrder":null,"Builds":[],"GarrisonedIn":null,"Stance":0,"InterruptCurrent":false,"AttackBack":false,"TargetPriority":"","ActiveOrders":null,"Health":45.8,"MaxHealth":50}],"foundations":[],"population":{"current":4,"limit":0},"resources":{"food":200,"gold":98,"stone":100,"wood":200},"spaces":[{"Space":{"X":0,"Y":-4},"Vision":1,"Owner":-1},{"Space":{"X":1,"Y":-4},"Vision":1,"Owner":-1},{"Space":{"X":2,"Y":-4},"Vision":1,"Owner":-1},{"Space":{"X":3,"Y":-4},"Vision":1,"Owner":-1},{"Space":{"X":4,"Y":-4},"Vision":1,"Owner":-1},{"Space":{"X":-1,"Y":-3},"Vision":1,"Owner":-1},{"Space":{"X":0,"Y":-3},"Vision":1,"Owner":-1},{"Space":{"X":1,"Y":-3},"Vision":1,"Owner":-1},{"Space":{"X":2,"Y":-3},"Vision":1,"Owner":-1},{"Space":{"X":3,"Y":-3},"Vision":1,"Owner":-1},{"Space":{"X":4,"Y":-3},"Vision":1,"Owner":-1},{"Space":{"X":-2,"Y":-2},"Vision":1,"Owner":-1},{"Space":{"X":-1,"Y":-2},"Vision":1,"Owner":-1},{"Space":{"X":0,"Y":-2},"Vision":1,"Owner":-1},{"Space":{"X":1,"Y":-2},"Vision":1,"Owner":-1},{"Space":{"X":2,"Y":-2},"Vision":1,"Owner":-1},{"Space":{"X":3,"Y":-2},"Vision":1,"Owner":-1},{"Space":{"X":4,"Y":-2},"Vision":1,"Owner":-1},{"Space":{"X":-3,"Y":-1},"Vision":1,"Owner":-1},{"Space":{"X":-2,"Y":-1},"Vision":1,"Owner":-1},{"Space":{"X":-1,"Y":-1},"Vision":1,"Owner":-1},{"Space":{"X":0,"Y":-1},"Vision":1,"Owner":-1},{"Space":{"X":1,"Y":-1},"Vision":1,"Owner":-1},{"Space":{"X":2,"Y":-1},"Vision":1,"Owner":-1},{"Space":{"X":3,"Y":-1},"Vision":1,"Owner":-1},{"Space":{"X":4,"Y":-1},"Vision":1,"Owner":-1},{"Space":{"X":-4,"Y":0},"Vision":1,"Owner":-1},{"Space":{"X":-3,"Y":0},"Vision":1,"Owner":-1},{"Space":{"X":-2,"Y":0},"Vision":1,"Owner":-1},{"Space":{"X":-1,"Y":0},"Vision":1,"Owner":-1},{"Space":{"X":0,"Y":0},"Vision":1,"Owner":-1},{"Space":{"X":1,"Y":0},"Vision":1,"Owner":-1},{"Space":{"X":2,"Y":0},"Vision":1,"Owner":-1},{"Space":{"X":3,"Y":0},"Vision":1,"Owner":-1},{"Space":{"X":4,"Y":0},"Vision":0,"Owner":-1},{"Space":{"X":-4,"Y":1},"Vision":1,"Owner":-1},{"Space":{"X":-3,"Y":1},"Vision":2,"Owner":-1},{"Space":{"X":-2,"Y":1},"Vision":2,"Owner":-1},{"Space":{"X":-1,"Y":1},"Vision":1,"Owner":-1},{"Space":{"X":0,"Y":1},"Vision":1,"Owner":-1},{"Space":{"X":1,"Y":1},"Vision":1,"Owner":-1},{"Space":{"X":2,"Y":1},"Vision":1,"Owner":-1},{"Space":{"X":3,"Y":1},"Vision":0,"Owner":-1},{"Space":{"X":-4,"Y":2},"Vision":2,"Owner":-1},{"Space":{"X":-3,"Y":2},"Vision":3,"Owner":-1},{"Space":{"X":-2,"Y":2},"Vision":2,"Owner":-1},{"Space":{"X":-1,"Y":2},"Vision":1,"Owner":-1},{"Space":{"X":0,"Y":2},"Vision":1,"Owner":-1},{"Space":{"X":1,"Y":2},"Vision":1,"Owner":-1},{"Space":{"X":2,"Y":2},"Vision":0,"Owner":-1},{"Space":{"X":-4,"Y":3},"Vision":2,"Owner":-1},{"Space":{"X":-3,"Y":3},"Vision":3,"Owner":-1},{"Space":{"X":-2,"Y":3},"Vision":1,"Owner":-1},{"Space":{"X":-1,"Y":3},"Vision":1,"Owner":-1},{"Space":{"X":0,"Y":3},"Vision":1,"Owner":-1},{"Space":{"X":1,"Y":3},"Vision":0,"Owner":-1},{"Space":{"X":-4,"Y":4},"Vision":1,"Owner":-1},{"Space":{"X":-3,"Y":4},"Vision":1,"Owner":-1},{"Space":{"X":-2,"Y":4},"Vision":1,"Owner":-1},{"Space":{"X":-1,"Y":4},"Vision":1,"Owner":-1},{"Space":{"X":0,"Y":4},"Vision":0,"Owner":-1}],"units":[{"InternalID":21,"UnitID":12,"Type":2,"Kind":1,"Location":{"Space":{"X":-3,"Y":2},"Zone":{"X":0,"Y":1}},"CurrentStamina":12,"CurrentOrder":{"Kind":6,"TargetZone":null,"TargetSpace":null,"TargetResource":null,"TargetUnit":{"InternalID":58,"UnitID":13,"Type":2,"Kind":1,"Location":{"Space":{"X":-3,"Y":2},"Zone":{"X":0,"Y":1}},"CurrentStamina":8,"CurrentOrder":null,"Builds":[],"GarrisonedIn":null,"Stance":0,"InterruptCurrent":false,"AttackBack":false,"TargetPriority":"","ActiveOrders":null,"Health":39.5,"MaxHealth":50},"TargetBuilding":null},"Builds":[],"GarrisonedIn":null,"Stance":3,"InterruptCurrent":false,"AttackBack":true,"TargetPriority":"","ActiveOrders":[{"ID":948,"Kind":6},{"ID":949,"Kind":6},{"ID":950,"Kind":6},{"ID":951,"Kind":6},{"ID":952,"Kind":6}],"Health":0.85,"MaxHealth":16},{"InternalID":22,"UnitID":12,"Type":2,"Kind":1,"Location":{"Space":{"X":-3,"Y":2},"Zone":{"X":0,"Y":1}},"CurrentStamina":12,"CurrentOrder":{"Kind":6,"TargetZone":null,"TargetSpace":null,"TargetResource":null,"TargetUnit":{"InternalID":59,"UnitID":13,"Type":2,"Kind":1,"Location":{"Space":{"X":-3,"Y":2},"Zone":{"X":0,"Y":1}},"CurrentStamina":8,"CurrentOrder":null,"Builds":[],"GarrisonedIn":null,"Stance":0,"InterruptCurrent":false,"AttackBack":false,"TargetPriority":"","ActiveOrders":null,"Health":45.8,"MaxHealth":50},"TargetBuilding":null},"Builds":[],"GarrisonedIn":null,"Stance":3,"InterruptCurrent":false,"AttackBack":true,"TargetPriority":"","ActiveOrders":[{"ID":954,"Kind":6},{"ID":955,"Kind":6},{"ID":956,"Kind":6},{"ID":957,"Kind":6},{"ID":958,"Kind":6}],"Health":16,"MaxHealth":16},{"InternalID":23,"UnitID":12,"Type":2,"Kind":1,"Location":{"Space":{"X":-3,"Y":2},"Zone":{"X":0,"Y":1}},"CurrentStamina":12,"CurrentOrder":{"Kind":6,"TargetZone":null,"TargetSpace":null,"TargetResource":null,"TargetUnit":{"InternalID":60,"UnitID":13,"Type":2,"Kind":1,"Location":{"Space":{"X":-3,"Y":2},"Zone":{"X":0,"Y":1}},"CurrentStamina":8,"CurrentOrder":null,"Builds":[],"GarrisonedIn":null,"Stance":0,"InterruptCurrent":false,"AttackBack":false,"TargetPriority":"","ActiveOrders":null,"Health":45.8,"MaxHealth":50},"TargetBuilding":null},"Builds":[],"GarrisonedIn":null,"Stance":3,"InterruptCurrent":false,"AttackBack":true,"TargetPriority":"","ActiveOrders":[{"ID":960,"Kind":6},{"ID":961,"Kind":6},{"ID":962,"Kind":6},{"ID":963,"Kind":6},{"ID":964,"Kind":6}],"Health":16,"MaxHealth":16},{"InternalID":24,"UnitID":12,"Type":2,"Kind":1,"Location":{"Space":{"X":-3,"Y":2},"Zone":{"X":0,"Y":1}},"CurrentStamina":12,"CurrentOrder":{"Kind":6,"TargetZone":null,"TargetSpace":null,"TargetResource":null,"TargetUnit":{"InternalID":56,"UnitID":13,"Type":2,"Kind":1,"Location":{"Space":{"X":-3,"Y":2},"Zone":{"X":0,"Y":1}},"CurrentStamina":8,"CurrentOrder":null,"Builds":[],"GarrisonedIn":null,"Stance":0,"InterruptCurrent":false,"AttackBack":false,"TargetPriority":"","ActiveOrders":null,"Health":35.3,"MaxHealth":50},"TargetBuilding":null},"Builds":[],"GarrisonedIn":null,"Stance":3,"InterruptCurrent":false,"AttackBack":true,"TargetPriority":"","ActiveOrders":[{"ID":966,"Kind":6},{"ID":967,"Kind":6},{"ID":968,"Kind":6},{"ID":969,"Kind":6},{"ID":970,"Kind":6}],"Health":16,"MaxHealth":16}]}
2026/09/30 21:20:38 ai ai-1: new turn data {"buildings":[],"enemy_buildings":[],"enemy_units":[{"InternalID":21,"UnitID":12,"Type":2,"Kind":1,"Location":{"Space":{"X":-3,"Y":2},"Zone":{"X":0,"Y":1}},"CurrentStamina":12,"CurrentOrder":null,"Builds":[],"GarrisonedIn":null,"Stance":0,"InterruptCurrent":false,"AttackBack":false,"TargetPriority":"","ActiveOrders":null,"Health":0.85,"MaxHealth":16},{"InternalID":22,"UnitID":12,"Type":2,"Kind":1,"Location":{"Space":{"X":-3,"Y":2},"Zone":{"X":0,"Y":1}},"CurrentStamina":12,"CurrentOrder":null,"Builds":[],"GarrisonedIn":null,"Stance":0,"InterruptCurrent":false,"AttackBack":false,"TargetPriority":"","ActiveOrders":null,"Health":16,"MaxHealth":16},{"InternalID":23,"UnitID":12,"Type":2,"Kind":1,"Location":{"Space":{"X":-3,"Y":2},"Zone":{"X":0,"Y":1}},"CurrentStamina":12,"CurrentOrder":null,"Builds":[],"GarrisonedIn":null,"Stance":0,"InterruptCurrent":false,"AttackBack":false,"TargetPriority":"","ActiveOrders":null,"Health":16,"MaxHealth":16},{"InternalID":24,"UnitID":12,"Type":2,"Kind":1,"Location":{"Space":{"X":-3,"Y":2},"Zone":{"X":0,"Y":1}},"CurrentStamina":12,"CurrentOrder":null,"Builds":[],"GarrisonedIn":null,"Stance":0,"InterruptCurrent":false,"AttackBack":false,"TargetPriority":"","ActiveOrders":null,"Health":16,"MaxHealth":16}],"foundations":[],"population":{"current":6,"limit":0},"resources":{"food":200,"gold":50,"stone":100,"wood":200},"spaces":[{"Space":{"X":0,"Y":-4},"Vision":1,"Owner":-1},{"Space":{"X":1,"Y":-4},"Vision":1,"Owner":-1},{"Space":{"X":2,"Y":-4},"Vision":1,"Owner":-1},{"Space":{"X":3,"Y":-4},"Vision":1,"Owner":-1},{"Space":{"X":4,"Y":-4},"Vision":1,"Owner":-1},{"Space":{"X":-1,"Y":-3},"Vision":1,"Owner":0},{"Space":{"X":0,"Y":-3},"Vision":1,"Owner":-1},{"Space":{"X":1,"Y":-3},"Vision":1,"Owner":-1},{"Space":{"X":2,"Y":-3},"Vision":1,"Owner":-1},{"Space":{"X":3,"Y":-3},"Vision":1,"Owner":-1},{"Space":{"X":4,"Y":-3},"Vision":0,"Owner":-1},{"Space":{"X":-2,"Y":-2},"Vision":1,"Owner":0},{"Space":{"X":-1,"Y":-2},"Vision":1,"Owner":-1},{"Space":{"X":0,"Y":-2},"Vision":1,"Owner":-1},{"Space":{"X":1,"Y":-2},"Vision":1,"Owner":-1},{"Space":{"X":2,"Y":-2},"Vision":1,"Owner":-1},{"Space":{"X":3,"Y":-2},"Vision":1,"Owner":-1},{"Space":{"X":4,"Y":-2},"Vision":0,"Owner":-1},{"Space":{"X":-3,"Y":-1},"Vision":1,"Owner":0},{"Space":{"X":-2,"Y":-1},"Vision":1,"Owner":-1},{"Space":{"X":-1,"Y":-1},"Vision":1,"Owner":-1},{"Space":{"X":0,"Y":-1},"Vision":1,"Owner":-1},{"Space":{"X":1,"Y":-1},"Vision":1,"Owner":-1},{"Space":{"X":2,"Y":-1},"Vision":1,"Owner":-1},{"Space":{"X":3,"Y":-1},"Vision":1,"Owner":-1},{"Space":{"X":4,"Y":-1},"Vision":0,"Owner":-1},{"Space":{"X":-4,"Y":0},"Vision":1,"Owner":-1},{"Space":{"X":-3,"Y":0},"Vision":1,"Owner":0},{"Space":{"X":-2,"Y":0},"Vision":1,"Owner":-1},{"Space":{"X":-1,"Y":0},"Vision":1,"Owner":-1},{"Space":{"X":0,"Y":0},"Vision":1,"Owner":-1},{"Space":{"X":1,"Y":0},"Vision":1,"Owner":-1},{"Space":{"X":2,"Y":0},"Vision":1,"Owner":-1},{"Space":{"X":3,"Y":0},"Vision":0,"Owner":-1},{"Space":{"X":4,"Y":0},"Vision":0,"Owner":-1},{"Space":{"X":-4,"Y":1},"Vision":1,"Owner":-1},{"Space":{"X":-3,"Y":1},"Vision":2,"Owner":-1},{"Space":{"X":-2,"Y":1},"Vision":2,"Owner":-1},{"Space":{"X":-1,"Y":1},"Vision":1,"Owner":-1},{"Space":{"X":0,"Y":1},"Vision":1,"Owner":-1},{"Space":{"X":1,"Y":1},"Vision":2,"Owner":-1},{"Space":{"X":2,"Y":1},"Vision":2,"Owner":-1},{"Space":{"X":3,"Y":1},"Vision":0,"Owner":-1},{"Space":{"X":-4,"Y":2},"Vision":2,"Owner":-1},{"Space":{"X":-3,"Y":2},"Vision":3,"Owner":-1},{"Space":{"X":-2,"Y":2},"Vision":2,"Owner":-1},{"Space":{"X":-1,"Y":2},"Vision":1,"Owner":-1},{"Space":{"X":0,"Y":2},"Vision":2,"Owner":-1},{"Space":{"X":1,"Y":2},"Vision":3,"Owner":1},{"Space":{"X":2,"Y":2},"Vision":2,"Owner":-1},{"Space":{"X":-4,"Y":3},"Vision":2,"Owner":-1},{"Space":{"X":-3,"Y":3},"Vision":3,"Owner":-1},{"Space":{"X":-2,"Y":3},"Vision":1,"Owner":-1},{"Space":{"X":-1,"Y":3},"Vision":1,"Owner":-1},{"Space":{"X":0,"Y":3},"Vision":2,"Owner":-1},{"Space":{"X":1,"Y":3},"Vision":2,"Owner":-1},{"Space":{"X":-4,"Y":4},"Vision":1,"Owner":-1},{"Space":{"X":-3,"Y":4},"Vision":1,"Owner":-1},{"Space":{"X":-2,"Y":4},"Vision":1,"Owner":-1},{"Space":{"X":-1,"Y":4},"Vision":1,"Owner":-1},{"Space":{"X":0,"Y":4},"Vision":0,"Owner":-1}],"units":[{"InternalID":32,"UnitID":11,"Type":2,"Kind":1,"Location":{"Space":{"X":1,"Y":2},"Zone":{"X":0,"Y":0}},"CurrentStamina":23,"CurrentOrder":null,"Builds":[],"GarrisonedIn":null,"Stance":3,"InterruptCurrent":false,"AttackBack":true,"TargetPriority":"","ActiveOrders":null,"Health":11,"MaxHealth":11},{"InternalID":56,"UnitID":13,"Type":2,"Kind":1,"Location":{"Space":{"X":-3,"Y":2},"Zone":{"X":0,"Y":1}},"CurrentStamina":8,"CurrentOrder":{"Kind":4,"TargetZone":null,"TargetSpace":{"X":-3,"Y":2},"TargetResource":null,"TargetUnit":null,"TargetBuilding":null},"Builds":[],"GarrisonedIn":null,"Stance":3,"InterruptCurrent":false,"AttackBack":true,"TargetPriority":"","ActiveOrders":[{"ID":465,"Kind":4}],"Health":35.3,"MaxHealth":50},{"InternalID":57,"UnitID":13,"Type":2,"Kind":1,"Location":{"Space":{"X":-3,"Y":2},"Zone":{"X":0,"Y":1}},"CurrentStamina":8,"CurrentOrder":{"Kind":4,"TargetZone":null,"TargetSpace":{"X":-3,"Y":2},"TargetResource":null,"TargetUnit":null,"TargetBuilding":null},"Builds":[],"GarrisonedIn":null,"Stance":3,"InterruptCurrent":false,"AttackBack":true,"TargetPriority":"","ActiveOrders":[{"ID":469,"Kind":4}],"Health":39.5,"MaxHealth":50},{"InternalID":58,"UnitID":13,"Type":2,"Kind":1,"Location":{"Space":{"X":-3,"Y":2},"Zone":{"X":0,"Y":1}},"CurrentStamina":8,"CurrentOrder":{"Kind":4,"TargetZone":null,"TargetSpace":{"X":-3,"Y":2},"TargetResource":null,"TargetUnit":null,"TargetBuilding":null},"Builds":[],"GarrisonedIn":null,"Stance":3,"InterruptCurrent":false,"AttackBack":true,"TargetPriority":"","ActiveOrders":[{"ID":451,"Kind":4}],"Health":39.5,"MaxHealth":50},{"InternalID":59,"UnitID":13,"Type":2,"Kind":1,"Location":{"Space":{"X":-3,"Y":2},"Zone":{"X":0,"Y":1}},"CurrentStamina":8,"CurrentOrder":{"Kind":4,"TargetZone":null,"TargetSpace":{"X":-3,"Y":2},"TargetResource":null,"TargetUnit":null,"TargetBuilding":null},"Builds":[],"GarrisonedIn":null,"Stance":3,"InterruptCurrent":false,"AttackBack":true,"TargetPriority":"","ActiveOrders":[{"ID":470,"Kind":4}],"Health":45.8,"MaxHealth":50},{"InternalID":60,"UnitID":13,"Type":2,"Kind":1,"Location":{"Space":{"X":-3,"Y":2},"Zone":{"X":0,"Y":1}},"CurrentStamina":8,"CurrentOrder":{"Kind":4,"TargetZone":null,"TargetSpace":{"X":-3,"Y":2},"TargetResource":null,"TargetUnit":null,"TargetBuilding":null},"Builds":[],"GarrisonedIn":null,"Stance":3,"InterruptCurrent":false,"AttackBack":true,"TargetPriority":"","ActiveOrders":[{"ID":474,"Kind":4}],"Health":45.8,"MaxHealth":50}]}
2026/09/30 21:20:38 ai ai-1: submitting orders [{Subjects:[32] OrderType:2 TargetID:3916 ClearPreviousOrders:true}]
2026/09/30 21:20:38 ai ai-1: vars {}
2026/09/30 21:20:38 player action: submit-orders 0 2 map[orders:[{1 [32] 2 3916 true}]]
2026/09/30 21:20:38 Executing submit orders for: 1 [{1 [32] 2 3916 true}]
2026/09/30 21:20:38 ai ai-0: submitting orders [{Subjects:[21] OrderType:9 TargetID:56 ClearPreviousOrders:true} {Subjects:[22] OrderType:9 TargetID:56 ClearPreviousOrders:true} {Subjects:[23] OrderType:9 TargetID:56 ClearPreviousOrders:true} {Subjects:[24] OrderType:9 TargetID:56 ClearPreviousOrders:true} {Subjects:[21] OrderType:9 TargetID:56 ClearPreviousOrders:true} {Subjects:[21] OrderType:9 TargetID:57 ClearPreviousOrders:false} {Subjects:[21] OrderType:9 TargetID:58 ClearPreviousOrders:false} {Subjects:[21] OrderType:9 TargetID:59 ClearPreviousOrders:false} {Subjects:[21] OrderType:9 TargetID:60 ClearPreviousOrders:false} {Subjects:[22] OrderType:9 TargetID:56 ClearPreviousOrders:true} {Subjects:[22] OrderType:9 TargetID:58 ClearPreviousOrders:false} {Subjects:[22] OrderType:9 TargetID:59 ClearPreviousOrders:false} {Subjects:[22] OrderType:9 TargetID:60 ClearPreviousOrders:false} {Subjects:[22] OrderType:9 TargetID:57 ClearPreviousOrders:false} {Subjects:[23] OrderType:9 TargetID:56 ClearPreviousOrders:true} {Subjects:[23] OrderType:9 TargetID:59 ClearPreviousOrders:false} {Subjects:[23] OrderType:9 TargetID:60 ClearPreviousOrders:false} {Subjects:[23] OrderType:9 TargetID:57 ClearPreviousOrders:false} {Subjects:[23] OrderType:9 TargetID:57 ClearPreviousOrders:false} {Subjects:[24] OrderType:9 TargetID:56 ClearPreviousOrders:true} {Subjects:[24] OrderType:9 TargetID:60 ClearPreviousOrders:false} {Subjects:[24] OrderType:9 TargetID:57 ClearPreviousOrders:false} {Subjects:[24] OrderType:9 TargetID:57 ClearPreviousOrders:false} {Subjects:[24] OrderType:9 TargetID:58 ClearPreviousOrders:false}]
2026/09/30 21:20:38 ai ai-0: vars {"B":0,"Hv":0,"Pi":4,"aPowLocal":0,"aThreat":0,"a_engaged":0,"a_odds":1.3,"a_outnumbered":0,"army_target":50,"army_value":440,"assault":0,"bank_rate":28,"bar_barracks":0.17072129748186085,"bar_redoubt":1.1111111111111112,"barracks":0,"barracks_B":0,"barracks_P":0,"barracks_save":0,"barracks_spend":78.1,"barracks_want":0,"buffer_food":70,"buffer_gold":0,"buffer_stone":0,"buffer_wood":70,"builders":0,"committed":0,"eB":11.899999999999995,"eGrowth":0,"eH":5.7,"eMil":24.399999999999995,"eP":6.800000000000001,"ePow":48.3,"ePowEst":47.00388143360001,"ePowSeen":47.00388143360001,"eTech":1,"eV":0,"es":25.399999999999995,"farm_want":0,"farm_wood_short":0,"farming":0,"fire_barracks":0,"fire_farm0":0,"fire_farm1":0,"fire_farm2":0,"fire_house":0,"fire_outpost":0,"fire_redoubt":0,"fire_smith":0,"fire_vc":0,"food_need":0,"food_over":0,"food_rate":0,"food_slots":1000,"food_workers":0,"free_room":46,"go":0,"gold_income":0,"gold_need":0,"gold_rate":0,"gold_surplus":98,"guaranteed":0,"guard_home":0,"headroom":-4,"hire_B":5276.923076923077,"hire_P":8292.307692307693,"homePow":0,"house_builders":0,"house_urgency":0,"house_want":0,"income_proj":0,"left":0,"lf_food":0,"lf_gold":0,"lf_stone":0,"lf_wood":0,"lump_food":0,"lump_gold":0,"lump_stone":0,"lump_wood":0,"maturity":0,"mil":4,"myTech":1,"n_barracks":0,"n_redoubts":0,"needB":34.07019477708178,"needP":11.929805222918217,"outpost_want":0,"pikes":0,"planned_food":0,"planned_gold":0,"planned_stone":0,"planned_wood":0,"prod_rate":0,"proj_army":440,"raid_danger":0,"raid_fails":1,"raid_lost":0,"raid_pause":15,"raid_prev":0,"raid_size":0,"raid_wiped":0,"rate":6,"redoubt_H":0,"redoubt_gold_ok":0.43555555555555553,"redoubt_save":0,"redoubt_spend":30,"redoubt_want":0,"redoubts":0,"rf_food":0,"rf_gold":0,"rf_stone":0,"rf_wood":0,"sB4":1.2805794029026338,"sP4":0.44839963343519984,"scale_l":0,"scale_r":0,"shareH":0.5053999633900788,"smith_want":0,"smiths":0,"spare":0,"spare_food":0.5,"stone_need":0,"stone_rate":0,"tH":46,"target_spend":400,"tech_food":50,"tech_gold":0,"tech_stone":0,"tech_wood":50,"threat_home":0,"turns_left":-40,"u_barracks":0.17732139596770544,"u_redoubt":0.47170663249740685,"unit_spend":120,"vB":1.0637795275590551,"vH":1.087007874015748,"vP":0.8183070866141733,"vc_want":0,"vcs":0,"vil_goal":50,"vil_rate":0,"vil_stamina":8,"vil_want":0,"vil_want_last":0,"vil_worth_now":0.6,"vils":0,"w_food":0,"w_gold":0,"w_stone":0,"w_wood":0,"wild_workers":0,"wood_need":0,"wood_rate":0,"workers":0}
2026/09/30 21:20:38 player action: set-unit-behavior 0 1 map[internal_ids:[21 22 23 24] interrupt_current:true]
2026/09/30 21:20:38 player action: submit-orders 0 1 map[orders:[{0 [21] 9 56 true} {0 [22] 9 56 true} {0 [23] 9 56 true} {0 [24] 9 56 true} {0 [21] 9 56 true} {0 [21] 9 57 false} {0 [21] 9 58 false} {0 [21] 9 59 false} {0 [21] 9 60 false} {0 [22] 9 56 true} {0 [22] 9 58 false} {0 [22] 9 59 false} {0 [22] 9 60 false} {0 [22] 9 57 false} {0 [23] 9 56 true} {0 [23] 9 59 false} {0 [23] 9 60 false} {0 [23] 9 57 false} {0 [23] 9 57 false} {0 [24] 9 56 true} {0 [24] 9 60 false} {0 [24] 9 57 false} {0 [24] 9 57 false} {0 [24] 9 58 false}]]
2026/09/30 21:20:38 Executing submit orders for: 0 [{0 [21] 9 56 true} {0 [22] 9 56 true} {0 [23] 9 56 true} {0 [24] 9 56 true} {0 [21] 9 56 true} {0 [21] 9 57 false} {0 [21] 9 58 false} {0 [21] 9 59 false} {0 [21] 9 60 false} {0 [22] 9 56 true} {0 [22] 9 58 false} {0 [22] 9 59 false} {0 [22] 9 60 false} {0 [22] 9 57 false} {0 [23] 9 56 true} {0 [23] 9 59 false} {0 [23] 9 60 false} {0 [23] 9 57 false} {0 [23] 9 57 false} {0 [24] 9 56 true} {0 [24] 9 60 false} {0 [24] 9 57 false} {0 [24] 9 57 false} {0 [24] 9 58 false}]
2026/09/30 21:20:38 Resolving active orders
2026/09/30 21:20:38 combat turn=18 tick=1: 23 u12 (player 0, stamina 3) hits 56 u13 (player 1) for 2.10
2026/09/30 21:20:38 combat turn=18 tick=1: 24 u12 (player 0, stamina 3) hits 56 u13 (player 1) for 2.10
2026/09/30 21:20:38 combat turn=18 tick=1: 21 u12 (player 0, stamina 3) hits 56 u13 (player 1) for 2.10
2026/09/30 21:20:38 combat turn=18 tick=1: 22 u12 (player 0, stamina 3) hits 56 u13 (player 1) for 2.10
2026/09/30 21:20:38 Moving unit 32 Blunt Infantry to zone(0, 1) in space (1, 2) tick=1
2026/09/30 21:20:38 combat turn=18 tick=1: 56 u13 (player 1, stamina 3) hits 21 u12 (player 0) for 4.54
2026/09/30 21:20:38 combat turn=18 tick=1: 57 u13 (player 1, stamina 3) hits 21 u12 (player 0) for 4.54
2026/09/30 21:20:38 combat turn=18 tick=1: 59 u13 (player 1, stamina 3) hits 21 u12 (player 0) for 4.54
2026/09/30 21:20:38 combat turn=18 tick=1: 60 u13 (player 1, stamina 3) hits 21 u12 (player 0) for 4.54
2026/09/30 21:20:38 combat turn=18 tick=1: 58 u13 (player 1, stamina 3) hits 21 u12 (player 0) for 4.54
2026/09/30 21:20:38 state_hash turn=18 tick=1 hash=c59111ab04ecd63e
2026/09/30 21:20:38 combat turn=18 tick=2: 23 u12 (player 0, stamina 3) hits 56 u13 (player 1) for 2.10
2026/09/30 21:20:38 combat turn=18 tick=2: 24 u12 (player 0, stamina 3) hits 56 u13 (player 1) for 2.10
2026/09/30 21:20:38 combat turn=18 tick=2: 22 u12 (player 0, stamina 3) hits 56 u13 (player 1) for 2.10
2026/09/30 21:20:38 combat turn=18 tick=2: 56 u13 (player 1, stamina 3) hits 22 u12 (player 0) for 4.54
2026/09/30 21:20:38 combat turn=18 tick=2: 57 u13 (player 1, stamina 3) hits 22 u12 (player 0) for 4.54
2026/09/30 21:20:38 combat turn=18 tick=2: 59 u13 (player 1, stamina 3) hits 22 u12 (player 0) for 4.54
2026/09/30 21:20:38 combat turn=18 tick=2: 60 u13 (player 1, stamina 3) hits 22 u12 (player 0) for 4.54
2026/09/30 21:20:38 combat turn=18 tick=2: 58 u13 (player 1, stamina 3) hits 22 u12 (player 0) for 4.54
2026/09/30 21:20:38 Moving unit 32 Blunt Infantry to zone(0, -1) in space (1, 3) tick=2
2026/09/30 21:20:38 state_hash turn=18 tick=2 hash=771ba8c46588236f
2026/09/30 21:20:38 combat turn=18 tick=3: 23 u12 (player 0, stamina 3) hits 56 u13 (player 1) for 2.10
2026/09/30 21:20:38 combat turn=18 tick=3: 24 u12 (player 0, stamina 3) hits 56 u13 (player 1) for 2.10
2026/09/30 21:20:38 combat turn=18 tick=3: 56 u13 (player 1, stamina 2) hits 23 u12 (player 0) for 3.03
2026/09/30 21:20:38 combat turn=18 tick=3: 57 u13 (player 1, stamina 2) hits 23 u12 (player 0) for 3.03
2026/09/30 21:20:38 combat turn=18 tick=3: 59 u13 (player 1, stamina 2) hits 23 u12 (player 0) for 3.03
2026/09/30 21:20:38 combat turn=18 tick=3: 60 u13 (player 1, stamina 2) hits 23 u12 (player 0) for 3.03
2026/09/30 21:20:38 combat turn=18 tick=3: 58 u13 (player 1, stamina 2) hits 23 u12 (player 0) for 3.03
2026/09/30 21:20:38 Moving unit 32 Blunt Infantry to zone(0, 0) in space (1, 3) tick=3
2026/09/30 21:20:38 state_hash turn=18 tick=3 hash=f3b2ab51f25e69ca
2026/09/30 21:20:38 combat turn=18 tick=4: 23 u12 (player 0, stamina 3) hits 56 u13 (player 1) for 2.10
2026/09/30 21:20:38 combat turn=18 tick=4: 24 u12 (player 0, stamina 3) hits 56 u13 (player 1) for 2.10
2026/09/30 21:20:38 Moving unit 32 Blunt Infantry to zone(-1, 1) in space (1, 3) tick=4
2026/09/30 21:20:38 state_hash turn=18 tick=4 hash=9283cd8c70ba8aa7
2026/09/30 21:20:38 Moving unit 32 Blunt Infantry to zone(1, -1) in space (0, 4) tick=5
2026/09/30 21:20:38 state_hash turn=18 tick=5 hash=f4c9963ad1f60f75
2026/09/30 21:20:38 Moving unit 32 Blunt Infantry to zone(0, 0) in space (0, 4) tick=6
2026/09/30 21:20:38 state_hash turn=18 tick=6 hash=a4b0858dcd2e8b19
2026/09/30 21:20:38 state_hash turn=18 tick=end hash=76b75506d54ac105
2026/09/30 21:20:38 ai ai-0: new turn data {"buildings":[],"enemy_buildings":[],"enemy_units":[{"InternalID":56,"UnitID":13,"Type":2,"Kind":1,"Location":{"Space":{"X":-3,"Y":2},"Zone":{"X":0,"Y":1}},"CurrentStamina":8,"CurrentOrder":null,"Builds":[],"GarrisonedIn":null,"Stance":0,"InterruptCurrent":false,"AttackBack":false,"TargetPriority":"","ActiveOrders":null,"Health":12.2,"MaxHealth":50},{"InternalID":57,"UnitID":13,"Type":2,"Kind":1,"Location":{"Space":{"X":-3,"Y":2},"Zone":{"X":0,"Y":1}},"CurrentStamina":8,"CurrentOrder":null,"Builds":[],"GarrisonedIn":null,"Stance":0,"InterruptCurrent":false,"AttackBack":false,"TargetPriority":"","ActiveOrders":null,"Health":39.5,"MaxHealth":50},{"InternalID":58,"UnitID":13,"Type":2,"Kind":1,"Location":{"Space":{"X":-3,"Y":2},"Zone":{"X":0,"Y":1}},"CurrentStamina":8,"CurrentOrder":null,"Builds":[],"GarrisonedIn":null,"Stance":0,"InterruptCurrent":false,"AttackBack":false,"TargetPriority":"","ActiveOrders":null,"Health":39.5,"MaxHealth":50},{"InternalID":59,"UnitID":13,"Type":2,"Kind":1,"Location":{"Space":{"X":-3,"Y":2},"Zone":{"X":0,"Y":1}},"CurrentStamina":8,"CurrentOrder":null,"Builds":[],"GarrisonedIn":null,"Stance":0,"InterruptCurrent":false,"AttackBack":false,"TargetPriority":"","ActiveOrders":null,"Health":45.8,"MaxHealth":50},{"InternalID":60,"UnitID":13,"Type":2,"Kind":1,"Location":{"Space":{"X":-3,"Y":2},"Zone":{"X":0,"Y":1}},"CurrentStamina":8,"CurrentOrder":null,"Builds":[],"GarrisonedIn":null,"Stance":0,"InterruptCurrent":false,"AttackBack":false,"TargetPriority":"","ActiveOrders":null,"Health":45.8,"MaxHealth":50}],"foundations":[],"population":{"current":2,"limit":0},"resources":{"food":200,"gold":98,"stone":100,"wood":200},"spaces":[{"Space":{"X":0,"Y":-4},"Vision":1,"Owner":-1},{"Space":{"X":1,"Y":-4},"Vision":1,"Owner":-1},{"Space":{"X":2,"Y":-4},"Vision":1,"Owner":-1},{"Space":{"X":3,"Y":-4},"Vision":1,"Owner":-1},{"Space":{"X":4,"Y":-4},"Vision":1,"Owner":-1},{"Space":{"X":-1,"Y":-3},"Vision":1,"Owner":-1},{"Space":{"X":0,"Y":-3},"Vision":1,"Owner":-1},{"Space":{"X":1,"Y":-3},"Vision":1,"Owner":-1},{"Space":{"X":2,"Y":-3},"Vision":1,"Owner":-1},{"Space":{"X":3,"Y":-3},"Vision":1,"Owner":-1},{"Space":{"X":4,"Y":-3},"Vision":1,"Owner":-1},{"Space":{"X":-2,"Y":-2},"Vision":1,"Owner":-1},{"Space":{"X":-1,"Y":-2},"Vision":1,"Owner":-1},{"Space":{"X":0,"Y":-2},"Vision":1,"Owner":-1},{"Space":{"X":1,"Y":-2},"Vision":1,"Owner":-1},{"Space":{"X":2,"Y":-2},"Vision":1,"Owner":-1},{"Space":{"X":3,"Y":-2},"Vision":1,"Owner":-1},{"Space":{"X":4,"Y":-2},"Vision":1,"Owner":-1},{"Space":{"X":-3,"Y":-1},"Vision":1,"Owner":-1},{"Space":{"X":-2,"Y":-1},"Vision":1,"Owner":-1},{"Space":{"X":-1,"Y":-1},"Vision":1,"Owner":-1},{"Space":{"X":0,"Y":-1},"Vision":1,"Owner":-1},{"Space":{"X":1,"Y":-1},"Vision":1,"Owner":-1},{"Space":{"X":2,"Y":-1},"Vision":1,"Owner":-1},{"Space":{"X":3,"Y":-1},"Vision":1,"Owner":-1},{"Space":{"X":4,"Y":-1},"Vision":1,"Owner":-1},{"Space":{"X":-4,"Y":0},"Vision":1,"Owner":-1},{"Space":{"X":-3,"Y":0},"Vision":1,"Owner":-1},{"Space":{"X":-2,"Y":0},"Vision":1,"Owner":-1},{"Space":{"X":-1,"Y":0},"Vision":1,"Owner":-1},{"Space":{"X":0,"Y":0},"Vision":1,"Owner":-1},{"Space":{"X":1,"Y":0},"Vision":1,"Owner":-1},{"Space":{"X":2,"Y":0},"Vision":1,"Owner":-1},{"Space":{"X":3,"Y":0},"Vision":1,"Owner":-1},{"Space":{"X":4,"Y":0},"Vision":0,"Owner":-1},{"Space":{"X":-4,"Y":1},"Vision":1,"Owner":-1},{"Space":{"X":-3,"Y":1},"Vision":2,"Owner":-1},{"Space":{"X":-2,"Y":1},"Vision":2,"Owner":-1},{"Space":{"X":-1,"Y":1},"Vision":1,"Owner":-1},{"Space":{"X":0,"Y":1},"Vision":1,"Owner":-1},{"Space":{"X":1,"Y":1},"Vision":1,"Owner":-1},{"Space":{"X":2,"Y":1},"Vision":1,"Owner":-1},{"Space":{"X":3,"Y":1},"Vision":0,"Owner":-1},{"Space":{"X":-4,"Y":2},"Vision":2,"Owner":-1},{"Space":{"X":-3,"Y":2},"Vision":3,"Owner":-1},{"Space":{"X":-2,"Y":2},"Vision":2,"Owner":-1},{"Space":{"X":-1,"Y":2},"Vision":1,"Owner":-1},{"Space":{"X":0,"Y":2},"Vision":1,"Owner":-1},{"Space":{"X":1,"Y":2},"Vision":1,"Owner":-1},{"Space":{"X":2,"Y":2},"Vision":0,"Owner":-1},{"Space":{"X":-4,"Y":3},"Vision":2,"Owner":-1},{"Space":{"X":-3,"Y":3},"Vision":3,"Owner":-1},{"Space":{"X":-2,"Y":3},"Vision":1,"Owner":-1},{"Space":{"X":-1,"Y":3},"Vision":1,"Owner":-1},{"Space":{"X":0,"Y":3},"Vision":1,"Owner":-1},{"Space":{"X":1,"Y":3},"Vision":0,"Owner":-1},{"Space":{"X":-4,"Y":4},"Vision":1,"Owner":-1},{"Space":{"X":-3,"Y":4},"Vision":1,"Owner":-1},{"Space":{"X":-2,"Y":4},"Vision":1,"Owner":-1},{"Space":{"X":-1,"Y":4},"Vision":1,"Owner":-1},{"Space":{"X":0,"Y":4},"Vision":0,"Owner":-1}],"units":[{"InternalID":23,"UnitID":12,"Type":2,"Kind":1,"Location":{"Space":{"X":-3,"Y":2},"Zone":{"X":0,"Y":1}},"CurrentStamina":12,"CurrentOrder":{"Kind":6,"TargetZone":null,"TargetSpace":null,"TargetResource":null,"TargetUnit":null,"TargetBuilding":null},"Builds":[],"GarrisonedIn":null,"Stance":3,"InterruptCurrent":true,"AttackBack":true,"TargetPriority":"","ActiveOrders":[{"ID":1000,"Kind":6}],"Health":0.85,"MaxHealth":16},{"InternalID":24,"UnitID":12,"Type":2,"Kind":1,"Location":{"Space":{"X":-3,"Y":2},"Zone":{"X":0,"Y":1}},"CurrentStamina":12,"CurrentOrder":{"Kind":4,"TargetZone":null,"TargetSpace":{"X":-3,"Y":2},"TargetResource":null,"TargetUnit":null,"TargetBuilding":null},"Builds":[],"GarrisonedIn":null,"Stance":3,"InterruptCurrent":true,"AttackBack":true,"TargetPriority":"","ActiveOrders":[{"ID":997,"Kind":4}],"Health":16,"MaxHealth":16}]}
2026/09/30 21:20:38 ai ai-1: new turn data {"buildings":[],"enemy_buildings":[],"enemy_units":[{"InternalID":23,"UnitID":12,"Type":2,"Kind":1,"Location":{"Space":{"X":-3,"Y":2},"Zone":{"X":0,"Y":1}},"CurrentStamina":12,"CurrentOrder":null,"Builds":[],"GarrisonedIn":null,"Stance":0,"InterruptCurrent":false,"AttackBack":false,"TargetPriority":"","ActiveOrders":null,"Health":0.85,"MaxHealth":16},{"InternalID":24,"UnitID":12,"Type":2,"Kind":1,"Location":{"Space":{"X":-3,"Y":2},"Zone":{"X":0,"Y":1}},"CurrentStamina":12,"CurrentOrder":null,"Builds":[],"GarrisonedIn":null,"Stance":0,"InterruptCurrent":false,"AttackBack":false,"TargetPriority":"","ActiveOrders":null,"Health":16,"MaxHealth":16}],"foundations":[],"population":{"current":6,"limit":0},"resources":{"food":200,"gold":52,"stone":100,"wood":200},"spaces":[{"Space":{"X":0,"Y":-4},"Vision":1,"Owner":-1},{"Space":{"X":1,"Y":-4},"Vision":1,"Owner":-1},{"Space":{"X":2,"Y":-4},"Vision":1,"Owner":-1},{"Space":{"X":3,"Y":-4},"Vision":1,"Owner":-1},{"Space":{"X":4,"Y":-4},"Vision":1,"Owner":-1},{"Space":{"X":-1,"Y":-3},"Vision":1,"Owner":0},{"Space":{"X":0,"Y":-3},"Vision":1,"Owner":-1},{"Space":{"X":1,"Y":-3},"Vision":1,"Owner":-1},{"Space":{"X":2,"Y":-3},"Vision":1,"Owner":-1},{"Space":{"X":3,"Y":-3},"Vision":1,"Owner":-1},{"Space":{"X":4,"Y":-3},"Vision":0,"Owner":-1},{"Space":{"X":-2,"Y":-2},"Vision":1,"Owner":0},{"Space":{"X":-1,"Y":-2},"Vision":1,"Owner":-1},{"Space":{"X":0,"Y":-2},"Vision":1,"Owner":-1},{"Space":{"X":1,"Y":-2},"Vision":1,"Owner":-1},{"Space":{"X":2,"Y":-2},"Vision":1,"Owner":-1},{"Space":{"X":3,"Y":-2},"Vision":1,"Owner":-1},{"Space":{"X":4,"Y":-2},"Vision":0,"Owner":-1},{"Space":{"X":-3,"Y":-1},"Vision":1,"Owner":0},{"Space":{"X":-2,"Y":-1},"Vision":1,"Owner":-1},{"Space":{"X":-1,"Y":-1},"Vision":1,"Owner":-1},{"Space":{"X":0,"Y":-1},"Vision":1,"Owner":-1},{"Space":{"X":1,"Y":-1},"Vision":1,"Owner":-1},{"Space":{"X":2,"Y":-1},"Vision":1,"Owner":-1},{"Space":{"X":3,"Y":-1},"Vision":1,"Owner":-1},{"Space":{"X":4,"Y":-1},"Vision":0,"Owner":-1},{"Space":{"X":-4,"Y":0},"Vision":1,"Owner":-1},{"Space":{"X":-3,"Y":0},"Vision":1,"Owner":0},{"Space":{"X":-2,"Y":0},"Vision":1,"Owner":-1},{"Space":{"X":-1,"Y":0},"Vision":1,"Owner":-1},{"Space":{"X":0,"Y":0},"Vision":1,"Owner":-1},{"Space":{"X":1,"Y":0},"Vision":1,"Owner":-1},{"Space":{"X":2,"Y":0},"Vision":1,"Owner":-1},{"Space":{"X":3,"Y":0},"Vision":0,"Owner":-1},{"Space":{"X":4,"Y":0},"Vision":0,"Owner":-1},{"Space":{"X":-4,"Y":1},"Vision":1,"Owner":-1},{"Space":{"X":-3,"Y":1},"Vision":2,"Owner":-1},{"Space":{"X":-2,"Y":1},"Vision":2,"Owner":-1},{"Space":{"X":-1,"Y":1},"Vision":1,"Owner":-1},{"Space":{"X":0,"Y":1},"Vision":1,"Owner":-1},{"Space":{"X":1,"Y":1},"Vision":1,"Owner":-1},{"Space":{"X":2,"Y":1},"Vision":1,"Owner":-1},{"Space":{"X":3,"Y":1},"Vision":0,"Owner":-1},{"Space":{"X":-4,"Y":2},"Vision":2,"Owner":-1},{"Space":{"X":-3,"Y":2},"Vision":3,"Owner":-1},{"Space":{"X":-2,"Y":2},"Vision":2,"Owner":-1},{"Space":{"X":-1,"Y":2},"Vision":1,"Owner":-1},{"Space":{"X":0,"Y":2},"Vision":1,"Owner":-1},{"Space":{"X":1,"Y":2},"Vision":1,"Owner":-1},{"Space":{"X":2,"Y":2},"Vision":1,"Owner":-1},{"Space":{"X":-4,"Y":3},"Vision":2,"Owner":-1},{"Space":{"X":-3,"Y":3},"Vision":3,"Owner":-1},{"Space":{"X":-2,"Y":3},"Vision":1,"Owner":-1},{"Space":{"X":-1,"Y":3},"Vision":1,"Owner":-1},{"Space":{"X":0,"Y":3},"Vision":2,"Owner":-1},{"Space":{"X":1,"Y":3},"Vision":2,"Owner":-1},{"Space":{"X":-4,"Y":4},"Vision":1,"Owner":-1},{"Space":{"X":-3,"Y":4},"Vision":1,"Owner":-1},{"Space":{"X":-2,"Y":4},"Vision":1,"Owner":-1},{"Space":{"X":-1,"Y":4},"Vision":2,"Owner":-1},{"Space":{"X":0,"Y":4},"Vision":3,"Owner":1}],"units":[{"InternalID":32,"UnitID":11,"Type":2,"Kind":1,"Location":{"Space":{"X":0,"Y":4},"Zone":{"X":0,"Y":0}},"CurrentStamina":21,"CurrentOrder":null,"Builds":[],"GarrisonedIn":null,"Stance":3,"InterruptCurrent":false,"AttackBack":true,"TargetPriority":"","ActiveOrders":null,"Health":11,"MaxHealth":11},{"InternalID":56,"UnitID":13,"Type":2,"Kind":1,"Location":{"Space":{"X":-3,"Y":2},"Zone":{"X":0,"Y":1}},"CurrentStamina":8,"CurrentOrder":{"Kind":4,"TargetZone":null,"TargetSpace":{"X":-3,"Y":2},"TargetResource":null,"TargetUnit":null,"TargetBuilding":null},"Builds":[],"GarrisonedIn":null,"Stance":3,"InterruptCurrent":false,"AttackBack":true,"TargetPriority":"","ActiveOrders":[{"ID":465,"Kind":4}],"Health":12.2,"MaxHealth":50},{"InternalID":57,"UnitID":13,"Type":2,"Kind":1,"Location":{"Space":{"X":-3,"Y":2},"Zone":{"X":0,"Y":1}},"CurrentStamina":8,"CurrentOrder":{"Kind":4,"TargetZone":null,"TargetSpace":{"X":-3,"Y":2},"TargetResource":null,"TargetUnit":null,"TargetBuilding":null},"Builds":[],"GarrisonedIn":null,"Stance":3,"InterruptCurrent":false,"AttackBack":true,"TargetPriority":"","ActiveOrders":[{"ID":469,"Kind":4}],"Health":39.5,"MaxHealth":50},{"InternalID":58,"UnitID":13,"Type":2,"Kind":1,"Location":{"Space":{"X":-3,"Y":2},"Zone":{"X":0,"Y":1}},"CurrentStamina":8,"CurrentOrder":{"Kind":4,"TargetZone":null,"TargetSpace":{"X":-3,"Y":2},"TargetResource":null,"TargetUnit":null,"TargetBuilding":null},"Builds":[],"GarrisonedIn":null,"Stance":3,"InterruptCurrent":false,"AttackBack":true,"TargetPriority":"","ActiveOrders":[{"ID":451,"Kind":4}],"Health":39.5,"MaxHealth":50},{"InternalID":59,"UnitID":13,"Type":2,"Kind":1,"Location":{"Space":{"X":-3,"Y":2},"Zone":{"X":0,"Y":1}},"CurrentStamina":8,"CurrentOrder":{"Kind":4,"TargetZone":null,"TargetSpace":{"X":-3,"Y":2},"TargetResource":null,"TargetUnit":null,"TargetBuilding":null},"Builds":[],"GarrisonedIn":null,"Stance":3,"InterruptCurrent":false,"AttackBack":true,"TargetPriority":"","ActiveOrders":[{"ID":470,"Kind":4}],"Health":45.8,"MaxHealth":50},{"InternalID":60,"UnitID":13,"Type":2,"Kind":1,"Location":{"Space":{"X":-3,"Y":2},"Zone":{"X":0,"Y":1}},"CurrentStamina":8,"CurrentOrder":{"Kind":4,"TargetZone":null,"TargetSpace":{"X":-3,"Y":2},"TargetResource":null,"TargetUnit":null,"TargetBuilding":null},"Builds":[],"GarrisonedIn":null,"Stance":3,"InterruptCurrent":false,"AttackBack":true,"TargetPriority":"","ActiveOrders":[{"ID":474,"Kind":4}],"Health":45.8,"MaxHealth":50}]}
2026/09/30 21:20:38 ai ai-1: submitting orders [{Subjects:[32] OrderType:2 TargetID:2926 ClearPreviousOrders:true}]
2026/09/30 21:20:38 ai ai-1: vars {}
2026/09/30 21:20:38 player action: submit-orders 0 2 map[orders:[{1 [32] 2 2926 true}]]
2026/09/30 21:20:38 Executing submit orders for: 1 [{1 [32] 2 2926 true}]
2026/09/30 21:20:38 ai ai-0: submitting orders [{Subjects:[23] OrderType:9 TargetID:56 ClearPreviousOrders:true} {Subjects:[24] OrderType:9 TargetID:56 ClearPreviousOrders:true} {Subjects:[23] OrderType:9 TargetID:56 ClearPreviousOrders:true} {Subjects:[23] OrderType:9 TargetID:57 ClearPreviousOrders:false} {Subjects:[23] OrderType:9 TargetID:58 ClearPreviousOrders:false} {Subjects:[23] OrderType:9 TargetID:59 ClearPreviousOrders:false} {Subjects:[23] OrderType:9 TargetID:60 ClearPreviousOrders:false} {Subjects:[24] OrderType:9 TargetID:56 ClearPreviousOrders:true} {Subjects:[24] OrderType:9 TargetID:58 ClearPreviousOrders:false} {Subjects:[24] OrderType:9 TargetID:59 ClearPreviousOrders:false} {Subjects:[24] OrderType:9 TargetID:60 ClearPreviousOrders:false} {Subjects:[24] OrderType:9 TargetID:57 ClearPreviousOrders:false}]
2026/09/30 21:20:38 ai ai-0: vars {"B":0,"Hv":0,"Pi":2,"aPowLocal":0,"aThreat":0,"a_engaged":0,"a_odds":1.3,"a_outnumbered":0,"army_target":50,"army_value":220,"assault":0,"bank_rate":28,"bar_barracks":0.17072129748186085,"bar_redoubt":1.1111111111111112,"barracks":0,"barracks_B":0,"barracks_P":0,"barracks_save":0,"barracks_spend":78.1,"barracks_want":0,"buffer_food":70,"buffer_gold":0,"buffer_stone":0,"buffer_wood":70,"builders":0,"committed":0,"eB":11.599999999999994,"eGrowth":0,"eH":5.4,"eMil":23.499999999999993,"eP":6.500000000000001,"ePow":46.199999999999996,"ePowEst":46.06380380492801,"ePowSeen":46.06380380492801,"eTech":1,"eV":0,"es":24.499999999999993,"farm_want":0,"farm_wood_short":0,"farming":0,"fire_barracks":0,"fire_farm0":0,"fire_farm1":0,"fire_farm2":0,"fire_house":0,"fire_outpost":0,"fire_redoubt":0,"fire_smith":0,"fire_vc":0,"food_need":0,"food_over":0,"food_rate":0,"food_slots":1000,"food_workers":0,"free_room":48,"go":0,"gold_income":0,"gold_need":0,"gold_rate":0,"gold_surplus":98,"guaranteed":0,"guard_home":0,"headroom":-2,"hire_B":5276.923076923077,"hire_P":8292.307692307693,"homePow":0,"house_builders":0,"house_urgency":0,"house_want":0,"income_proj":0,"left":0,"lf_food":0,"lf_gold":0,"lf_stone":0,"lf_wood":0,"lump_food":0,"lump_gold":0,"lump_stone":0,"lump_wood":0,"maturity":0,"mil":2,"myTech":1,"n_barracks":0,"n_redoubts":0,"needB":35.81023402330812,"needP":12.189765976691879,"outpost_want":0,"pikes":0,"planned_food":0,"planned_gold":0,"planned_stone":0,"planned_wood":0,"prod_rate":0,"proj_army":220,"raid_danger":0,"raid_fails":1,"raid_lost":0,"raid_pause":14,"raid_prev":0,"raid_size":0,"raid_wiped":0,"rate":6,"redoubt_H":0,"redoubt_gold_ok":0.43555555555555553,"redoubt_save":0,"redoubt_spend":30,"redoubt_want":0,"redoubts":0,"rf_food":0,"rf_gold":0,"rf_stone":0,"rf_wood":0,"sB4":1.3097962609673715,"sP4":0.44585326887130367,"scale_l":0,"scale_r":0,"shareH":0.5044431839667233,"smith_want":0,"smiths":0,"spare":0,"spare_food":0.5,"stone_need":0,"stone_rate":0,"tH":48,"target_spend":400,"tech_food":50,"tech_gold":0,"tech_stone":0,"tech_wood":50,"threat_home":0,"turns_left":-20,"u_barracks":0.17766441547927977,"u_redoubt":0.4708136383689417,"unit_spend":120,"vB":1.069795918367347,"vH":1.0889795918367347,"vP":0.8171428571428572,"vc_want":0,"vcs":0,"vil_goal":50,"vil_rate":0,"vil_stamina":8,"vil_want":0,"vil_want_last":0,"vil_worth_now":0.6,"vils":0,"w_food":0,"w_gold":0,"w_stone":0,"w_wood":0,"wild_workers":0,"wood_need":0,"wood_rate":0,"workers":0}
2026/09/30 21:20:38 player action: set-unit-behavior 0 1 map[internal_ids:[23 24] interrupt_current:false]
2026/09/30 21:20:38 player action: submit-orders 0 1 map[orders:[{0 [23] 9 56 true} {0 [24] 9 56 true} {0 [23] 9 56 true} {0 [23] 9 57 false} {0 [23] 9 58 false} {0 [23] 9 59 false} {0 [23] 9 60 false} {0 [24] 9 56 true} {0 [24] 9 58 false} {0 [24] 9 59 false} {0 [24] 9 60 false} {0 [24] 9 57 false}]]
2026/09/30 21:20:38 Executing submit orders for: 0 [{0 [23] 9 56 true} {0 [24] 9 56 true} {0 [23] 9 56 true} {0 [23] 9 57 false} {0 [23] 9 58 false} {0 [23] 9 59 false} {0 [23] 9 60 false} {0 [24] 9 56 true} {0 [24] 9 58 false} {0 [24] 9 59 false} {0 [24] 9 60 false} {0 [24] 9 57 false}]
2026/09/30 21:20:38 Resolving active orders
2026/09/30 21:20:38 combat turn=19 tick=1: 24 u12 (player 0, stamina 3) hits 56 u13 (player 1) for 2.10
2026/09/30 21:20:38 combat turn=19 tick=1: 23 u12 (player 0, stamina 3) hits 56 u13 (player 1) for 2.10
2026/09/30 21:20:38 combat turn=19 tick=1: 56 u13 (player 1, stamina 3) hits 23 u12 (player 0) for 4.54
2026/09/30 21:20:38 combat turn=19 tick=1: 57 u13 (player 1, stamina 3) hits 23 u12 (player 0) for 4.54
2026/09/30 21:20:38 combat turn=19 tick=1: 59 u13 (player 1, stamina 3) hits 23 u12 (player 0) for 4.54
2026/09/30 21:20:38 combat turn=19 tick=1: 60 u13 (player 1, stamina 3) hits 23 u12 (player 0) for 4.54
2026/09/30 21:20:38 combat turn=19 tick=1: 58 u13 (player 1, stamina 3) hits 23 u12 (player 0) for 4.54
2026/09/30 21:20:38 Moving unit 32 Blunt Infantry to zone(1, -1) in space (0, 4) tick=1
2026/09/30 21:20:38 state_hash turn=19 tick=1 hash=b086d6191afb314e
2026/09/30 21:20:38 combat turn=19 tick=2: 24 u12 (player 0, stamina 3) hits 56 u13 (player 1) for 2.10
2026/09/30 21:20:38 combat turn=19 tick=2: 60 u13 (player 1, stamina 3) hits 24 u12 (player 0) for 4.54
2026/09/30 21:20:38 combat turn=19 tick=2: 58 u13 (player 1, stamina 3) hits 24 u12 (player 0) for 4.54
2026/09/30 21:20:38 Moving unit 32 Blunt Infantry to zone(-1, 1) in space (1, 3) tick=2
2026/09/30 21:20:38 combat turn=19 tick=2: 56 u13 (player 1, stamina 3) hits 24 u12 (player 0) for 4.54
2026/09/30 21:20:38 combat turn=19 tick=2: 57 u13 (player 1, stamina 3) hits 24 u12 (player 0) for 4.54
2026/09/30 21:20:38 combat turn=19 tick=2: 59 u13 (player 1, stamina 3) hits 24 u12 (player 0) for 4.54
2026/09/30 21:20:38 state_hash turn=19 tick=2 hash=3d967d8fb40e3846
2026/09/30 21:20:38 Moving unit 32 Blunt Infantry to zone(0, 0) in space (1, 3) tick=3
2026/09/30 21:20:38 state_hash turn=19 tick=3 hash=61e1985fc61924b8
2026/09/30 21:20:38 Moving unit 32 Blunt Infantry to zone(1, -1) in space (1, 3) tick=4
2026/09/30 21:20:38 state_hash turn=19 tick=4 hash=ce48e39902c373a7
2026/09/30 21:20:38 Moving unit 32 Blunt Infantry to zone(-1, 1) in space (2, 2) tick=5
2026/09/30 21:20:38 state_hash turn=19 tick=5 hash=73adda406a0306c4
2026/09/30 21:20:38 Moving unit 32 Blunt Infantry to zone(0, 0) in space (2, 2) tick=6
2026/09/30 21:20:38 state_hash turn=19 tick=6 hash=a0c4156c00cd3d05
2026/09/30 21:20:38 Moving unit 32 Blunt Infantry to zone(1, -1) in space (2, 2) tick=7
2026/09/30 21:20:38 state_hash turn=19 tick=7 hash=160fe30847d895b7
2026/09/30 21:20:38 state_hash turn=19 tick=end hash=a4ed3d3c5d805199
