2026/09/30 21:20:33 board: space (0,-4) terrain_id=4
2026/09/30 21:20:33 board:   zone (-1,1) key=3757 resource_id=1 category=1 amount=250
2026/09/30 21:20:33 board: space (1,-4) terrain_id=2
2026/09/30 21:20:33 board: space (2,-4) terrain_id=3
2026/09/30 21:20:33 board:   zone (1,0) key=11634 resource_id=31 category=2 amount=2000
2026/09/30 21:20:33 board: space (3,-4) terrain_id=9
2026/09/30 21:20:33 board:   zone (0,-1) key=20104 resource_id=36 category=2 amount=1800
2026/09/30 21:20:33 board:   zone (1,0) key=20509 resource_id=2 category=1 amount=150
2026/09/30 21:20:33 board: space (4,-4) terrain_id=9
2026/09/30 21:20:33 board:   zone (1,0) key=33936 resource_id=1 category=1 amount=250
2026/09/30 21:20:33 board: space (-1,-3) terrain_id=1
2026/09/30 21:20:33 board: space (0,-3) terrain_id=4
2026/09/30 21:20:33 board: space (1,-3) terrain_id=52
2026/09/30 21:20:33 board:   zone (0,-1) key=2489 resource_id=22 category=2 amount=300
2026/09/30 21:20:33 board:   zone (-1,0) key=2348 resource_id=2 category=1 amount=150
2026/09/30 21:20:33 board: space (2,-3) terrain_id=3
2026/09/30 21:20:33 board:   zone (1,-1) key=6569 resource_id=2 category=1 amount=150
2026/09/30 21:20:33 board: space (3,-3) terrain_id=11
2026/09/30 21:20:33 board: space (4,-3) terrain_id=9
2026/09/30 21:20:33 board: space (-2,-2) terrain_id=1
2026/09/30 21:20:33 board:   zone (1,-1) key=1967 resource_id=31 category=2 amount=2000
2026/09/30 21:20:33 board:   zone (-1,1) key=2096 resource_id=26 category=2 amount=450
2026/09/30 21:20:33 board: space (-1,-2) terrain_id=1
2026/09/30 21:20:33 board:   zone (0,-1) key=469 resource_id=1 category=1 amount=250
2026/09/30 21:20:33 board: space (0,-2) terrain_id=54
2026/09/30 21:20:33 board:   zone (0,-1) key=257 resource_id=26 category=2 amount=450
2026/09/30 21:20:33 board:   zone (-1,0) key=212 resource_id=2 category=1 amount=150
2026/09/30 21:20:33 board: space (1,-2) terrain_id=51
2026/09/30 21:20:33 board:   zone (-1,1) key=1394 resource_id=42 category=3 amount=250
2026/09/30 21:20:33 board: space (2,-2) terrain_id=2
2026/09/30 21:20:33 board:   zone (0,1) key=2638 resource_id=33 category=2 amount=1600
2026/09/30 21:20:33 board: space (3,-2) terrain_id=8
2026/09/30 21:20:33 board:   zone (-1,1) key=6344 resource_id=42 category=3 amount=250
2026/09/30 21:20:33 board: space (4,-2) terrain_id=53
2026/09/30 21:20:33 board: space (-3,-1) terrain_id=1
2026/09/30 21:20:33 board:   zone (0,-1) key=1180 resource_id=25 category=2 amount=350
2026/09/30 21:20:33 board: space (-2,-1) terrain_id=1
2026/09/30 21:20:33 board:   zone (0,-1) key=355 resource_id=23 category=2 amount=400
2026/09/30 21:20:33 board:   zone (1,-1) key=680 resource_id=21 category=2 amount=500
2026/09/30 21:20:33 board:   zone (1,0) key=412 resource_id=2 category=1 amount=150
2026/09/30 21:20:33 board:   zone (-1,1) key=757 resource_id=1 category=1 amount=250
2026/09/30 21:20:33 board:   zone (0,1) key=538 resource_id=41 category=3 amount=100
2026/09/30 21:20:33 board: space (-1,-1) terrain_id=1
2026/09/30 21:20:33 board:   zone (1,-1) key=267 resource_id=2 category=1 amount=150
2026/09/30 21:20:33 board:   zone (-1,1) key=316 resource_id=34 category=2 amount=2000
2026/09/30 21:20:33 board: space (0,-1) terrain_id=54
2026/09/30 21:20:33 board:   zone (1,-1) key=185 resource_id=24 category=2 amount=500
2026/09/30 21:20:33 board:   zone (0,1) key=115 resource_id=1 category=1 amount=250
2026/09/30 21:20:33 board: space (1,-1) terrain_id=52
2026/09/30 21:20:33 board:   zone (1,-1) key=420 resource_id=32 category=2 amount=1200
2026/09/30 21:20:33 board: space (2,-1) terrain_id=9
2026/09/30 21:20:33 board:   zone (1,0) key=747 resource_id=33 category=2 amount=1600
2026/09/30 21:20:33 board: space (3,-1) terrain_id=53
2026/09/30 21:20:33 board:   zone (0,-1) key=1957 resource_id=22 category=2 amount=300
2026/09/30 21:20:33 board:   zone (0,1) key=2356 resource_id=43 category=3 amount=400
2026/09/30 21:20:33 board: space (4,-1) terrain_id=54
2026/09/30 21:20:33 board: space (-4,0) terrain_id=1
2026/09/30 21:20:33 board: space (-3,0) terrain_id=1
2026/09/30 21:20:33 board:   zone (1,-1) key=1004 resource_id=24 category=2 amount=500
2026/09/30 21:20:33 board:   zone (-1,0) key=530 resource_id=1 category=1 amount=250
2026/09/30 21:20:33 board:   zone (-1,1) key=1097 resource_id=43 category=3 amount=400
2026/09/30 21:20:33 board: space (-2,0) terrain_id=1
2026/09/30 21:20:33 board:   zone (0,-1) key=140 resource_id=33 category=2 amount=1600
2026/09/30 21:20:33 board:   zone (1,-1) key=365 resource_id=42 category=3 amount=250
2026/09/30 21:20:33 board:   zone (-1,0) key=107 resource_id=2 category=1 amount=150
2026/09/30 21:20:33 board: space (-1,0) terrain_id=54
2026/09/30 21:20:33 board:   zone (0,-1) key=25 resource_id=26 category=2 amount=450
2026/09/30 21:20:33 board:   zone (1,0) key=42 resource_id=1 category=1 amount=250
2026/09/30 21:20:33 board: space (0,0) terrain_id=9
2026/09/30 21:20:33 board:   zone (1,-1) key=119 resource_id=26 category=2 amount=450
2026/09/30 21:20:33 board: space (1,0) terrain_id=51
2026/09/30 21:20:33 board:   zone (-1,1) key=269 resource_id=33 category=2 amount=1600
2026/09/30 21:20:33 board: space (2,0) terrain_id=1
2026/09/30 21:20:33 board:   zone (1,0) key=357 resource_id=2 category=1 amount=150
2026/09/30 21:20:33 board:   zone (-1,1) key=682 resource_id=42 category=3 amount=250
2026/09/30 21:20:33 board:   zone (0,1) key=475 resource_id=33 category=2 amount=1600
2026/09/30 21:20:33 board: space (3,0) terrain_id=1
2026/09/30 21:20:33 board:   zone (1,-1) key=1610 resource_id=43 category=3 amount=400
2026/09/30 21:20:33 board:   zone (1,0) key=1182 resource_id=1 category=1 amount=250
2026/09/30 21:20:33 board:   zone (-1,1) key=1727 resource_id=24 category=2 amount=500
2026/09/30 21:20:33 board: space (4,0) terrain_id=53
2026/09/30 21:20:33 board: space (-4,1) terrain_id=1
2026/09/30 21:20:33 board:   zone (1,-1) key=5900 resource_id=22 category=2 amount=300
2026/09/30 21:20:33 board: space (-3,1) terrain_id=1
2026/09/30 21:20:33 board:   zone (0,-1) key=2084 resource_id=23 category=2 amount=400
2026/09/30 21:20:33 board: space (-2,1) terrain_id=2
2026/09/30 21:20:33 board:   zone (1,-1) key=1190 resource_id=35 category=2 amount=1400
2026/09/30 21:20:33 board:   zone (1,0) key=826 resource_id=32 category=2 amount=1200
2026/09/30 21:20:33 board: space (-1,1) terrain_id=10
2026/09/30 21:20:33 board:   zone (-1,1) key=544 resource_id=2 category=1 amount=150
2026/09/30 21:20:33 board:   zone (0,1) key=361 resource_id=25 category=2 amount=350
2026/09/30 21:20:33 board: space (0,1) terrain_id=8
2026/09/30 21:20:33 board:   zone (1,0) key=142 resource_id=33 category=2 amount=1600
2026/09/30 21:20:33 board:   zone (0,1) key=220 resource_id=41 category=3 amount=100
2026/09/30 21:20:33 board: space (1,1) terrain_id=1
2026/09/30 21:20:33 board:   zone (1,-1) key=755 resource_id=34 category=2 amount=2000
2026/09/30 21:20:33 board:   zone (-1,1) key=836 resource_id=2 category=1 amount=150
2026/09/30 21:20:33 board: space (2,1) terrain_id=1
2026/09/30 21:20:33 board:   zone (0,-1) key=1279 resource_id=41 category=3 amount=100
2026/09/30 21:20:33 board:   zone (1,-1) key=1844 resource_id=1 category=1 amount=250
2026/09/30 21:20:33 board:   zone (-1,0) key=1178 resource_id=2 category=1 amount=150
2026/09/30 21:20:33 board:   zone (-1,1) key=1969 resource_id=21 category=2 amount=500
2026/09/30 21:20:33 board:   zone (0,1) key=1606 resource_id=23 category=2 amount=400
2026/09/30 21:20:33 board: space (3,1) terrain_id=1
2026/09/30 21:20:33 board:   zone (0,1) key=3751 resource_id=25 category=2 amount=350
2026/09/30 21:20:33 board: space (-4,2) terrain_id=1
2026/09/30 21:20:33 board: space (-3,2) terrain_id=3
2026/09/30 21:20:33 board:   zone (1,-1) key=6342 resource_id=26 category=2 amount=450
2026/09/30 21:20:33 board:   zone (-1,0) key=5052 resource_id=31 category=2 amount=2000
2026/09/30 21:20:33 board: space (-2,2) terrain_id=10
2026/09/30 21:20:33 board:   zone (1,-1) key=3095 resource_id=2 category=1 amount=150
2026/09/30 21:20:33 board: space (-1,2) terrain_id=8
2026/09/30 21:20:33 board: space (0,2) terrain_id=1
2026/09/30 21:20:33 board:   zone (-1,1) key=1006 resource_id=34 category=2 amount=2000
2026/09/30 21:20:33 board: space (1,2) terrain_id=1
2026/09/30 21:20:33 board:   zone (0,1) key=1840 resource_id=1 category=1 amount=250
2026/09/30 21:20:33 board: space (2,2) terrain_id=1
2026/09/30 21:20:33 board:   zone (1,-1) key=4479 resource_id=26 category=2 amount=450
2026/09/30 21:20:33 board:   zone (-1,1) key=4672 resource_id=31 category=2 amount=2000
2026/09/30 21:20:33 board: space (-4,3) terrain_id=1
2026/09/30 21:20:33 board:   zone (0,-1) key=19705 resource_id=2 category=1 amount=150
2026/09/30 21:20:33 board:   zone (1,-1) key=21750 resource_id=33 category=2 amount=1600
2026/09/30 21:20:33 board:   zone (1,0) key=20106 resource_id=34 category=2 amount=2000
2026/09/30 21:20:33 board: space (-3,3) terrain_id=1
2026/09/30 21:20:33 board:   zone (1,0) key=11331 resource_id=25 category=2 amount=350
2026/09/30 21:20:33 board: space (-2,3) terrain_id=1
2026/09/30 21:20:33 board:   zone (-1,1) key=7037 resource_id=24 category=2 amount=500
2026/09/30 21:20:33 board: space (-1,3) terrain_id=1
2026/09/30 21:20:33 board:   zone (-1,0) key=2487 resource_id=25 category=2 amount=350
2026/09/30 21:20:33 board: space (0,3) terrain_id=2
2026/09/30 21:20:33 board:   zone (0,-1) key=1715 resource_id=2 category=1 amount=150
2026/09/30 21:20:33 board:   zone (1,-1) key=2360 resource_id=1 category=1 amount=250
2026/09/30 21:20:33 board: space (1,3) terrain_id=2
2026/09/30 21:20:33 board: space (-4,4) terrain_id=1
2026/09/30 21:20:33 board:   zone (0,1) key=35521 resource_id=31 category=2 amount=2000
2026/09/30 21:20:33 board: space (-3,4) terrain_id=1
2026/09/30 21:20:33 board: space (-2,4) terrain_id=1
2026/09/30 21:20:33 board: space (-1,4) terrain_id=1
2026/09/30 21:20:33 board:   zone (0,1) key=6796 resource_id=41 category=3 amount=100
2026/09/30 21:20:33 board: space (0,4) terrain_id=2
2026/09/30 21:20:33 state_hash turn=0 tick=end hash=aab1e7f21a4990a6
2026/09/30 21:20:33 ai ai-0: new turn data {"buildings":[],"enemy_buildings":[],"enemy_units":[],"foundations":[],"population":{"current":30,"limit":0},"resources":{"food":200,"gold":2,"stone":100,"wood":200},"spaces":[{"Space":{"X":0,"Y":-4},"Vision":0,"Owner":-1},{"Space":{"X":1,"Y":-4},"Vision":0,"Owner":-1},{"Space":{"X":2,"Y":-4},"Vision":0,"Owner":-1},{"Space":{"X":3,"Y":-4},"Vision":0,"Owner":-1},{"Space":{"X":4,"Y":-4},"Vision":0,"Owner":-1},{"Space":{"X":-1,"Y":-3},"Vision":0,"Owner":-1},{"Space":{"X":0,"Y":-3},"Vision":0,"Owner":-1},{"Space":{"X":1,"Y":-3},"Vision":0,"Owner":-1},{"Space":{"X":2,"Y":-3},"Vision":0,"Owner":-1},{"Space":{"X":3,"Y":-3},"Vision":0,"Owner":-1},{"Space":{"X":4,"Y":-3},"Vision":0,"Owner":-1},{"Space":{"X":-2,"Y":-2},"Vision":0,"Owner":-1},{"Space":{"X":-1,"Y":-2},"Vision":0,"Owner":-1},{"Space":{"X":0,"Y":-2},"Vision":0,"Owner":-1},{"Space":{"X":1,"Y":-2},"Vision":0,"Owner":-1},{"Space":{"X":2,"Y":-2},"Vision":0,"Owner":-1},{"Space":{"X":3,"Y":-2},"Vision":0,"Owner":-1},{"Space":{"X":4,"Y":-2},"Vision":0,"Owner":-1},{"Space":{"X":-3,"Y":-1},"Vision":0,"Owner":-1},{"Space":{"X":-2,"Y":-1},"Vision":0,"Owner":-1},{"Space":{"X":-1,"Y":-1},"Vision":0,"Owner":-1},{"Space":{"X":0,"Y":-1},"Vision":0,"Owner":-1},{"Space":{"X":1,"Y":-1},"Vision":0,"Owner":-1},{"Space":{"X":2,"Y":-1},"Vision":0,"Owner":-1},{"Space":{"X":3,"Y":-1},"Vision":0,"Owner":-1},{"Space":{"X":4,"Y":-1},"Vision":0,"Owner":-1},{"Space":{"X":-4,"Y":0},"Vision":0,"Owner":-1},{"Space":{"X":-3,"Y":0},"Vision":0,"Owner":-1},{"Space":{"X":-2,"Y":0},"Vision":0,"Owner":-1},{"Space":{"X":-1,"Y":0},"Vision":0,"Owner":-1},{"Space":{"X":0,"Y":0},"Vision":0,"Owner":-1},{"Space":{"X":1,"Y":0},"Vision":0,"Owner":-1},{"Space":{"X":2,"Y":0},"Vision":2,"Owner":-1},{"Space":{"X":3,"Y":0},"Vision":2,"Owner":-1},{"Space":{"X":4,"Y":0},"Vision":0,"Owner":-1},{"Space":{"X":-4,"Y":1},"Vision":0,"Owner":-1},{"Space":{"X":-3,"Y":1},"Vision":0,"Owner":-1},{"Space":{"X":-2,"Y":1},"Vision":0,"Owner":-1},{"Space":{"X":-1,"Y":1},"Vision":0,"Owner":-1},{"Space":{"X":0,"Y":1},"Vision":0,"Owner":-1},{"Space":{"X":1,"Y":1},"Vision":2,"Owner":-1},{"Space":{"X":2,"Y":1},"Vision":3,"Owner":0},{"Space":{"X":3,"Y":1},"Vision":2,"Owner":-1},{"Space":{"X":-4,"Y":2},"Vision":0,"Owner":-1},{"Space":{"X":-3,"Y":2},"Vision":0,"Owner":-1},{"Space":{"X":-2,"Y":2},"Vision":0,"Owner":-1},{"Space":{"X":-1,"Y":2},"Vision":0,"Owner":-1},{"Space":{"X":0,"Y":2},"Vision":0,"Owner":-1},{"Space":{"X":1,"Y":2},"Vision":2,"Owner":-1},{"Space":{"X":2,"Y":2},"Vision":2,"Owner":-1},{"Space":{"X":-4,"Y":3},"Vision":0,"Owner":-1},{"Space":{"X":-3,"Y":3},"Vision":0,"Owner":-1},{"Space":{"X":-2,"Y":3},"Vision":0,"Owner":-1},{"Space":{"X":-1,"Y":3},"Vision":0,"Owner":-1},{"Space":{"X":0,"Y":3},"Vision":0,"Owner":-1},{"Space":{"X":1,"Y":3},"Vision":0,"Owner":-1},{"Space":{"X":-4,"Y":4},"Vision":0,"Owner":-1},{"Space":{"X":-3,"Y":4},"Vision":0,"Owner":-1},{"Space":{"X":-2,"Y":4},"Vision":0,"Owner":-1},{"Space":{"X":-1,"Y":4},"Vision":0,"Owner":-1},{"Space":{"X":0,"Y":4},"Vision":0,"Owner":-1}],"units":[{"InternalID":1,"UnitID":11,"Type":2,"Kind":1,"Location":{"Space":{"X":2,"Y":1},"Zone":{"X":0,"Y":0}},"CurrentStamina":15,"CurrentOrder":null,"Builds":[],"GarrisonedIn":null,"Stance":3,"InterruptCurrent":false,"AttackBack":true,"TargetPriority":"","ActiveOrders":null,"Health":11,"MaxHealth":11},{"InternalID":2,"UnitID":11,"Type":2,"Kind":1,"Location":{"Space":{"X":2,"Y":1},"Zone":{"X":0,"Y":0}},"CurrentStamina":15,"CurrentOrder":null,"Builds":[],"GarrisonedIn":null,"Stance":3,"InterruptCurrent":false,"AttackBack":true,"TargetPriority":"","ActiveOrders":null,"Health":11,"MaxHealth":11},{"InternalID":3,"UnitID":11,"Type":2,"Kind":1,"Location":{"Space":{"X":2,"Y":1},"Zone":{"X":0,"Y":0}},"CurrentStamina":15,"CurrentOrder":null,"Builds":[],"GarrisonedIn":null,"Stance":3,"InterruptCurrent":false,"AttackBack":true,"TargetPriority":"","ActiveOrders":null,"Health":11,"MaxHealth":11},{"InternalID":4,"UnitID":11,"Type":2,"Kind":1,"Location":{"Space":{"X":2,"Y":1},"Zone":{"X":0,"Y":0}},"CurrentStamina":15,"CurrentOrder":null,"Builds":[],"GarrisonedIn":null,"Stance":3,"InterruptCurrent":false,"AttackBack":true,"TargetPriority":"","ActiveOrders":null,"Health":11,"MaxHealth":11},{"InternalID":5,"UnitID":11,"Type":2,"Kind":1,"Location":{"Space":{"X":2,"Y":1},"Zone":{"X":0,"Y":0}},"CurrentStamina":15,"CurrentOrder":null,"Builds":[],"GarrisonedIn":null,"Stance":3,"InterruptCurrent":false,"AttackBack":true,"TargetPriority":"","ActiveOrders":null,"Health":11,"MaxHealth":11},{"InternalID":6,"UnitID":11,"Type":2,"Kind":1,"Location":{"Space":{"X":2,"Y":1},"Zone":{"X":0,"Y":0}},"CurrentStamina":15,"CurrentOrder":null,"Builds":[],"GarrisonedIn":null,"Stance":3,"InterruptCurrent":false,"AttackBack":true,"TargetPriority":"","ActiveOrders":null,"Health":11,"MaxHealth":11},{"InternalID":7,"UnitID":11,"Type":2,"Kind":1,"Location":{"Space":{"X":2,"Y":1},"Zone":{"X":0,"Y":0}},"CurrentStamina":15,"CurrentOrder":null,"Builds":[],"GarrisonedIn":null,"Stance":3,"InterruptCurrent":false,"AttackBack":true,"TargetPriority":"","ActiveOrders":null,"Health":11,"MaxHealth":11},{"InternalID":8,"UnitID":11,"Type":2,"Kind":1,"Location":{"Space":{"X":2,"Y":1},"Zone":{"X":0,"Y":0}},"CurrentStamina":15,"CurrentOrder":null,"Builds":[],"GarrisonedIn":null,"Stance":3,"InterruptCurrent":false,"AttackBack":true,"TargetPriority":"","ActiveOrders":null,"Health":11,"MaxHealth":11},{"InternalID":9,"UnitID":11,"Type":2,"Kind":1,"Location":{"Space":{"X":2,"Y":1},"Zone":{"X":0,"Y":0}},"CurrentStamina":15,"CurrentOrder":null,"Builds":[],"GarrisonedIn":null,"Stance":3,"InterruptCurrent":false,"AttackBack":true,"TargetPriority":"","ActiveOrders":null,"Health":11,"MaxHealth":11},{"InternalID":10,"UnitID":11,"Type":2,"Kind":1,"Location":{"Space":{"X":2,"Y":1},"Zone":{"X":0,"Y":0}},"CurrentStamina":15,"CurrentOrder":null,"Builds":[],"GarrisonedIn":null,"Stance":3,"InterruptCurrent":false,"AttackBack":true,"TargetPriority":"","ActiveOrders":null,"Health":11,"MaxHealth":11},{"InternalID":11,"UnitID":11,"Type":2,"Kind":1,"Location":{"Space":{"X":2,"Y":1},"Zone":{"X":0,"Y":0}},"CurrentStamina":15,"CurrentOrder":null,"Builds":[],"GarrisonedIn":null,"Stance":3,"InterruptCurrent":false,"AttackBack":true,"TargetPriority":"","ActiveOrders":null,"Health":11,"MaxHealth":11},{"InternalID":12,"UnitID":11,"Type":2,"Kind":1,"Location":{"Space":{"X":2,"Y":1},"Zone":{"X":0,"Y":0}},"CurrentStamina":15,"CurrentOrder":null,"Builds":[],"GarrisonedIn":null,"Stance":3,"InterruptCurrent":false,"AttackBack":true,"TargetPriority":"","ActiveOrders":null,"Health":11,"MaxHealth":11},{"InternalID":13,"UnitID":11,"Type":2,"Kind":1,"Location":{"Space":{"X":2,"Y":1},"Zone":{"X":0,"Y":0}},"CurrentStamina":15,"CurrentOrder":null,"Builds":[],"GarrisonedIn":null,"Stance":3,"InterruptCurrent":false,"AttackBack":true,"TargetPriority":"","ActiveOrders":null,"Health":11,"MaxHealth":11},{"InternalID":14,"UnitID":11,"Type":2,"Kind":1,"Location":{"Space":{"X":2,"Y":1},"Zone":{"X":0,"Y":0}},"CurrentStamina":15,"CurrentOrder":null,"Builds":[],"GarrisonedIn":null,"Stance":3,"InterruptCurrent":false,"AttackBack":true,"TargetPriority":"","ActiveOrders":null,"Health":11,"MaxHealth":11},{"InternalID":15,"UnitID":11,"Type":2,"Kind":1,"Location":{"Space":{"X":2,"Y":1},"Zone":{"X":0,"Y":0}},"CurrentStamina":15,"CurrentOrder":null,"Builds":[],"GarrisonedIn":null,"Stance":3,"InterruptCurrent":false,"AttackBack":true,"TargetPriority":"","ActiveOrders":null,"Health":11,"MaxHealth":11},{"InternalID":16,"UnitID":11,"Type":2,"Kind":1,"Location":{"Space":{"X":2,"Y":1},"Zone":{"X":0,"Y":0}},"CurrentStamina":15,"CurrentOrder":null,"Builds":[],"GarrisonedIn":null,"Stance":3,"InterruptCurrent":false,"AttackBack":true,"TargetPriority":"","ActiveOrders":null,"Health":11,"MaxHealth":11},{"InternalID":17,"UnitID":12,"Type":2,"Kind":1,"Location":{"Space":{"X":2,"Y":1},"Zone":{"X":0,"Y":0}},"CurrentStamina":12,"CurrentOrder":null,"Builds":[],"GarrisonedIn":null,"Stance":3,"InterruptCurrent":false,"AttackBack":true,"TargetPriority":"","ActiveOrders":null,"Health":16,"MaxHealth":16},{"InternalID":18,"UnitID":12,"Type":2,"Kind":1,"Location":{"Space":{"X":2,"Y":1},"Zone":{"X":0,"Y":0}},"CurrentStamina":12,"CurrentOrder":null,"Builds":[],"GarrisonedIn":null,"Stance":3,"InterruptCurrent":false,"AttackBack":true,"TargetPriority":"","ActiveOrders":null,"Health":16,"MaxHealth":16},{"InternalID":19,"UnitID":12,"Type":2,"Kind":1,"Location":{"Space":{"X":2,"Y":1},"Zone":{"X":0,"Y":0}},"CurrentStamina":12,"CurrentOrder":null,"Builds":[],"GarrisonedIn":null,"Stance":3,"InterruptCurrent":false,"AttackBack":true,"TargetPriority":"","ActiveOrders":null,"Health":16,"MaxHealth":16},{"InternalID":20,"UnitID":12,"Type":2,"Kind":1,"Location":{"Space":{"X":2,"Y":1},"Zone":{"X":0,"Y":0}},"CurrentStamina":12,"CurrentOrder":null,"Builds":[],"GarrisonedIn":null,"Stance":3,"InterruptCurrent":false,"AttackBack":true,"TargetPriority":"","ActiveOrders":null,"Health":16,"MaxHealth":16},{"InternalID":21,"UnitID":12,"Type":2,"Kind":1,"Location":{"Space":{"X":2,"Y":1},"Zone":{"X":0,"Y":0}},"CurrentStamina":12,"CurrentOrder":null,"Builds":[],"GarrisonedIn":null,"Stance":3,"InterruptCurrent":false,"AttackBack":true,"TargetPriority":"","ActiveOrders":null,"Health":16,"MaxHealth":16},{"InternalID":22,"UnitID":12,"Type":2,"Kind":1,"Location":{"Space":{"X":2,"Y":1},"Zone":{"X":0,"Y":0}},"CurrentStamina":12,"CurrentOrder":null,"Builds":[],"GarrisonedIn":null,"Stance":3,"InterruptCurrent":false,"AttackBack":true,"TargetPriority":"","ActiveOrders":null,"Health":16,"MaxHealth":16},{"InternalID":23,"UnitID":12,"Type":2,"Kind":1,"Location":{"Space":{"X":2,"Y":1},"Zone":{"X":0,"Y":0}},"CurrentStamina":12,"CurrentOrder":null,"Builds":[],"GarrisonedIn":null,"Stance":3,"InterruptCurrent":false,"AttackBack":true,"TargetPriority":"","ActiveOrders":null,"Health":16,"MaxHealth":16},{"InternalID":24,"UnitID":12,"Type":2,"Kind":1,"Location":{"Space":{"X":2,"Y":1},"Zone":{"X":0,"Y":0}},"CurrentStamina":12,"CurrentOrder":null,"Builds":[],"GarrisonedIn":null,"Stance":3,"InterruptCurrent":false,"AttackBack":true,"TargetPriority":"","ActiveOrders":null,"Health":16,"MaxHealth":16},{"InternalID":25,"UnitID":13,"Type":2,"Kind":1,"Location":{"Space":{"X":2,"Y":1},"Zone":{"X":0,"Y":0}},"CurrentStamina":8,"CurrentOrder":null,"Builds":[],"GarrisonedIn":null,"Stance":3,"InterruptCurrent":false,"AttackBack":true,"TargetPriority":"","ActiveOrders":null,"Health":50,"MaxHealth":50},{"InternalID":26,"UnitID":13,"Type":2,"Kind":1,"Location":{"Space":{"X":2,"Y":1},"Zone":{"X":0,"Y":0}},"CurrentStamina":8,"CurrentOrder":null,"Builds":[],"GarrisonedIn":null,"Stance":3,"InterruptCurrent":false,"AttackBack":true,"TargetPriority":"","ActiveOrders":null,"Health":50,"MaxHealth":50},{"InternalID":27,"UnitID":13,"Type":2,"Kind":1,"Location":{"Space":{"X":2,"Y":1},"Zone":{"X":0,"Y":0}},"CurrentStamina":8,"CurrentOrder":null,"Builds":[],"GarrisonedIn":null,"Stance":3,"InterruptCurrent":false,"AttackBack":true,"TargetPriority":"","ActiveOrders":null,"Health":50,"MaxHealth":50},{"InternalID":28,"UnitID":13,"Type":2,"Kind":1,"Location":{"Space":{"X":2,"Y":1},"Zone":{"X":0,"Y":0}},"CurrentStamina":8,"CurrentOrder":null,"Builds":[],"GarrisonedIn":null,"Stance":3,"InterruptCurrent":false,"AttackBack":true,"TargetPriority":"","ActiveOrders":null,"Health":50,"MaxHealth":50},{"InternalID":29,"UnitID":13,"Type":2,"Kind":1,"Location":{"Space":{"X":2,"Y":1},"Zone":{"X":0,"Y":0}},"CurrentStamina":8,"CurrentOrder":null,"Builds":[],"GarrisonedIn":null,"Stance":3,"InterruptCurrent":false,"AttackBack":true,"TargetPriority":"","ActiveOrders":null,"Health":50,"MaxHealth":50},{"InternalID":30,"UnitID":13,"Type":2,"Kind":1,"Location":{"Space":{"X":2,"Y":1},"Zone":{"X":0,"Y":0}},"CurrentStamina":8,"CurrentOrder":null,"Builds":[],"GarrisonedIn":null,"Stance":3,"InterruptCurrent":false,"AttackBack":true,"TargetPriority":"","ActiveOrders":null,"Health":50,"MaxHealth":50}]}
2026/09/30 21:20:33 ai ai-1: new turn data {"buildings":[],"enemy_buildings":[],"enemy_units":[],"foundations":[],"population":{"current":30,"limit":0},"resources":{"food":200,"gold":2,"stone":100,"wood":200},"spaces":[{"Space":{"X":0,"Y":-4},"Vision":0,"Owner":-1},{"Space":{"X":1,"Y":-4},"Vision":0,"Owner":-1},{"Space":{"X":2,"Y":-4},"Vision":0,"Owner":-1},{"Space":{"X":3,"Y":-4},"Vision":0,"Owner":-1},{"Space":{"X":4,"Y":-4},"Vision":0,"Owner":-1},{"Space":{"X":-1,"Y":-3},"Vision":0,"Owner":-1},{"Space":{"X":0,"Y":-3},"Vision":0,"Owner":-1},{"Space":{"X":1,"Y":-3},"Vision":0,"Owner":-1},{"Space":{"X":2,"Y":-3},"Vision":0,"Owner":-1},{"Space":{"X":3,"Y":-3},"Vision":0,"Owner":-1},{"Space":{"X":4,"Y":-3},"Vision":0,"Owner":-1},{"Space":{"X":-2,"Y":-2},"Vision":2,"Owner":-1},{"Space":{"X":-1,"Y":-2},"Vision":2,"Owner":-1},{"Space":{"X":0,"Y":-2},"Vision":0,"Owner":-1},{"Space":{"X":1,"Y":-2},"Vision":0,"Owner":-1},{"Space":{"X":2,"Y":-2},"Vision":0,"Owner":-1},{"Space":{"X":3,"Y":-2},"Vision":0,"Owner":-1},{"Space":{"X":4,"Y":-2},"Vision":0,"Owner":-1},{"Space":{"X":-3,"Y":-1},"Vision":2,"Owner":-1},{"Space":{"X":-2,"Y":-1},"Vision":3,"Owner":1},{"Space":{"X":-1,"Y":-1},"Vision":2,"Owner":-1},{"Space":{"X":0,"Y":-1},"Vision":0,"Owner":-1},{"Space":{"X":1,"Y":-1},"Vision":0,"Owner":-1},{"Space":{"X":2,"Y":-1},"Vision":0,"Owner":-1},{"Space":{"X":3,"Y":-1},"Vision":0,"Owner":-1},{"Space":{"X":4,"Y":-1},"Vision":0,"Owner":-1},{"Space":{"X":-4,"Y":0},"Vision":0,"Owner":-1},{"Space":{"X":-3,"Y":0},"Vision":2,"Owner":-1},{"Space":{"X":-2,"Y":0},"Vision":2,"Owner":-1},{"Space":{"X":-1,"Y":0},"Vision":0,"Owner":-1},{"Space":{"X":0,"Y":0},"Vision":0,"Owner":-1},{"Space":{"X":1,"Y":0},"Vision":0,"Owner":-1},{"Space":{"X":2,"Y":0},"Vision":0,"Owner":-1},{"Space":{"X":3,"Y":0},"Vision":0,"Owner":-1},{"Space":{"X":4,"Y":0},"Vision":0,"Owner":-1},{"Space":{"X":-4,"Y":1},"Vision":0,"Owner":-1},{"Space":{"X":-3,"Y":1},"Vision":0,"Owner":-1},{"Space":{"X":-2,"Y":1},"Vision":0,"Owner":-1},{"Space":{"X":-1,"Y":1},"Vision":0,"Owner":-1},{"Space":{"X":0,"Y":1},"Vision":0,"Owner":-1},{"Space":{"X":1,"Y":1},"Vision":0,"Owner":-1},{"Space":{"X":2,"Y":1},"Vision":0,"Owner":-1},{"Space":{"X":3,"Y":1},"Vision":0,"Owner":-1},{"Space":{"X":-4,"Y":2},"Vision":0,"Owner":-1},{"Space":{"X":-3,"Y":2},"Vision":0,"Owner":-1},{"Space":{"X":-2,"Y":2},"Vision":0,"Owner":-1},{"Space":{"X":-1,"Y":2},"Vision":0,"Owner":-1},{"Space":{"X":0,"Y":2},"Vision":0,"Owner":-1},{"Space":{"X":1,"Y":2},"Vision":0,"Owner":-1},{"Space":{"X":2,"Y":2},"Vision":0,"Owner":-1},{"Space":{"X":-4,"Y":3},"Vision":0,"Owner":-1},{"Space":{"X":-3,"Y":3},"Vision":0,"Owner":-1},{"Space":{"X":-2,"Y":3},"Vision":0,"Owner":-1},{"Space":{"X":-1,"Y":3},"Vision":0,"Owner":-1},{"Space":{"X":0,"Y":3},"Vision":0,"Owner":-1},{"Space":{"X":1,"Y":3},"Vision":0,"Owner":-1},{"Space":{"X":-4,"Y":4},"Vision":0,"Owner":-1},{"Space":{"X":-3,"Y":4},"Vision":0,"Owner":-1},{"Space":{"X":-2,"Y":4},"Vision":0,"Owner":-1},{"Space":{"X":-1,"Y":4},"Vision":0,"Owner":-1},{"Space":{"X":0,"Y":4},"Vision":0,"Owner":-1}],"units":[{"InternalID":31,"UnitID":11,"Type":2,"Kind":1,"Location":{"Space":{"X":-2,"Y":-1},"Zone":{"X":0,"Y":0}},"CurrentStamina":15,"CurrentOrder":null,"Builds":[],"GarrisonedIn":null,"Stance":3,"InterruptCurrent":false,"AttackBack":true,"TargetPriority":"","ActiveOrders":null,"Health":11,"MaxHealth":11},{"InternalID":32,"UnitID":11,"Type":2,"Kind":1,"Location":{"Space":{"X":-2,"Y":-1},"Zone":{"X":0,"Y":0}},"CurrentStamina":15,"CurrentOrder":null,"Builds":[],"GarrisonedIn":null,"Stance":3,"InterruptCurrent":false,"AttackBack":true,"TargetPriority":"","ActiveOrders":null,"Health":11,"MaxHealth":11},{"InternalID":33,"UnitID":11,"Type":2,"Kind":1,"Location":{"Space":{"X":-2,"Y":-1},"Zone":{"X":0,"Y":0}},"CurrentStamina":15,"CurrentOrder":null,"Builds":[],"GarrisonedIn":null,"Stance":3,"InterruptCurrent":false,"AttackBack":true,"TargetPriority":"","ActiveOrders":null,"Health":11,"MaxHealth":11},{"InternalID":34,"UnitID":11,"Type":2,"Kind":1,"Location":{"Space":{"X":-2,"Y":-1},"Zone":{"X":0,"Y":0}},"CurrentStamina":15,"CurrentOrder":null,"Builds":[],"GarrisonedIn":null,"Stance":3,"InterruptCurrent":false,"AttackBack":true,"TargetPriority":"","ActiveOrders":null,"Health":11,"MaxHealth":11},{"InternalID":35,"UnitID":11,"Type":2,"Kind":1,"Location":{"Space":{"X":-2,"Y":-1},"Zone":{"X":0,"Y":0}},"CurrentStamina":15,"CurrentOrder":null,"Builds":[],"GarrisonedIn":null,"Stance":3,"InterruptCurrent":false,"AttackBack":true,"TargetPriority":"","ActiveOrders":null,"Health":11,"MaxHealth":11},{"InternalID":36,"UnitID":11,"Type":2,"Kind":1,"Location":{"Space":{"X":-2,"Y":-1},"Zone":{"X":0,"Y":0}},"CurrentStamina":15,"CurrentOrder":null,"Builds":[],"GarrisonedIn":null,"Stance":3,"InterruptCurrent":false,"AttackBack":true,"TargetPriority":"","ActiveOrders":null,"Health":11,"MaxHealth":11},{"InternalID":37,"UnitID":11,"Type":2,"Kind":1,"Location":{"Space":{"X":-2,"Y":-1},"Zone":{"X":0,"Y":0}},"CurrentStamina":15,"CurrentOrder":null,"Builds":[],"GarrisonedIn":null,"Stance":3,"InterruptCurrent":false,"AttackBack":true,"TargetPriority":"","ActiveOrders":null,"Health":11,"MaxHealth":11},{"InternalID":38,"UnitID":11,"Type":2,"Kind":1,"Location":{"Space":{"X":-2,"Y":-1},"Zone":{"X":0,"Y":0}},"CurrentStamina":15,"CurrentOrder":null,"Builds":[],"GarrisonedIn":null,"Stance":3,"InterruptCurrent":false,"AttackBack":true,"TargetPriority":"","ActiveOrders":null,"Health":11,"MaxHealth":11},{"InternalID":39,"UnitID":11,"Type":2,"Kind":1,"Location":{"Space":{"X":-2,"Y":-1},"Zone":{"X":0,"Y":0}},"CurrentStamina":15,"CurrentOrder":null,"Builds":[],"GarrisonedIn":null,"Stance":3,"InterruptCurrent":false,"AttackBack":true,"TargetPriority":"","ActiveOrders":null,"Health":11,"MaxHealth":11},{"InternalID":40,"UnitID":11,"Type":2,"Kind":1,"Location":{"Space":{"X":-2,"Y":-1},"Zone":{"X":0,"Y":0}},"CurrentStamina":15,"CurrentOrder":null,"Builds":[],"GarrisonedIn":null,"Stance":3,"InterruptCurrent":false,"AttackBack":true,"TargetPriority":"","ActiveOrders":null,"Health":11,"MaxHealth":11},{"InternalID":41,"UnitID":11,"Type":2,"Kind":1,"Location":{"Space":{"X":-2,"Y":-1},"Zone":{"X":0,"Y":0}},"CurrentStamina":15,"CurrentOrder":null,"Builds":[],"GarrisonedIn":null,"Stance":3,"InterruptCurrent":false,"AttackBack":true,"TargetPriority":"","ActiveOrders":null,"Health":11,"MaxHealth":11},{"InternalID":42,"UnitID":11,"Type":2,"Kind":1,"Location":{"Space":{"X":-2,"Y":-1},"Zone":{"X":0,"Y":0}},"CurrentStamina":15,"CurrentOrder":null,"Builds":[],"GarrisonedIn":null,"Stance":3,"InterruptCurrent":false,"AttackBack":true,"TargetPriority":"","ActiveOrders":null,"Health":11,"MaxHealth":11},{"InternalID":43,"UnitID":11,"Type":2,"Kind":1,"Location":{"Space":{"X":-2,"Y":-1},"Zone":{"X":0,"Y":0}},"CurrentStamina":15,"CurrentOrder":null,"Builds":[],"GarrisonedIn":null,"Stance":3,"InterruptCurrent":false,"AttackBack":true,"TargetPriority":"","ActiveOrders":null,"Health":11,"MaxHealth":11},{"InternalID":44,"UnitID":11,"Type":2,"Kind":1,"Location":{"Space":{"X":-2,"Y":-1},"Zone":{"X":0,"Y":0}},"CurrentStamina":15,"CurrentOrder":null,"Builds":[],"GarrisonedIn":null,"Stance":3,"InterruptCurrent":false,"AttackBack":true,"TargetPriority":"","ActiveOrders":null,"Health":11,"MaxHealth":11},{"InternalID":45,"UnitID":11,"Type":2,"Kind":1,"Location":{"Space":{"X":-2,"Y":-1},"Zone":{"X":0,"Y":0}},"CurrentStamina":15,"CurrentOrder":null,"Builds":[],"GarrisonedIn":null,"Stance":3,"InterruptCurrent":false,"AttackBack":true,"TargetPriority":"","ActiveOrders":null,"Health":11,"MaxHealth":11},{"InternalID":46,"UnitID":11,"Type":2,"Kind":1,"Location":{"Space":{"X":-2,"Y":-1},"Zone":{"X":0,"Y":0}},"CurrentStamina":15,"CurrentOrder":null,"Builds":[],"GarrisonedIn":null,"Stance":3,"InterruptCurrent":false,"AttackBack":true,"TargetPriority":"","ActiveOrders":null,"Health":11,"MaxHealth":11},{"InternalID":47,"UnitID":12,"Type":2,"Kind":1,"Location":{"Space":{"X":-2,"Y":-1},"Zone":{"X":0,"Y":0}},"CurrentStamina":12,"CurrentOrder":null,"Builds":[],"GarrisonedIn":null,"Stance":3,"InterruptCurrent":false,"AttackBack":true,"TargetPriority":"","ActiveOrders":null,"Health":16,"MaxHealth":16},{"InternalID":48,"UnitID":12,"Type":2,"Kind":1,"Location":{"Space":{"X":-2,"Y":-1},"Zone":{"X":0,"Y":0}},"CurrentStamina":12,"CurrentOrder":null,"Builds":[],"GarrisonedIn":null,"Stance":3,"InterruptCurrent":false,"AttackBack":true,"TargetPriority":"","ActiveOrders":null,"Health":16,"MaxHealth":16},{"InternalID":49,"UnitID":12,"Type":2,"Kind":1,"Location":{"Space":{"X":-2,"Y":-1},"Zone":{"X":0,"Y":0}},"CurrentStamina":12,"CurrentOrder":null,"Builds":[],"GarrisonedIn":null,"Stance":3,"InterruptCurrent":false,"AttackBack":true,"TargetPriority":"","ActiveOrders":null,"Health":16,"MaxHealth":16},{"InternalID":50,"UnitID":12,"Type":2,"Kind":1,"Location":{"Space":{"X":-2,"Y":-1},"Zone":{"X":0,"Y":0}},"CurrentStamina":12,"CurrentOrder":null,"Builds":[],"GarrisonedIn":null,"Stance":3,"InterruptCurrent":false,"AttackBack":true,"TargetPriority":"","ActiveOrders":null,"Health":16,"MaxHealth":16},{"InternalID":51,"UnitID":12,"Type":2,"Kind":1,"Location":{"Space":{"X":-2,"Y":-1},"Zone":{"X":0,"Y":0}},"CurrentStamina":12,"CurrentOrder":null,"Builds":[],"GarrisonedIn":null,"Stance":3,"InterruptCurrent":false,"AttackBack":true,"TargetPriority":"","ActiveOrders":null,"Health":16,"MaxHealth":16},{"InternalID":52,"UnitID":12,"Type":2,"Kind":1,"Location":{"Space":{"X":-2,"Y":-1},"Zone":{"X":0,"Y":0}},"CurrentStamina":12,"CurrentOrder":null,"Builds":[],"GarrisonedIn":null,"Stance":3,"InterruptCurrent":false,"AttackBack":true,"TargetPriority":"","ActiveOrders":null,"Health":16,"MaxHealth":16},{"InternalID":53,"UnitID":12,"Type":2,"Kind":1,"Location":{"Space":{"X":-2,"Y":-1},"Zone":{"X":0,"Y":0}},"CurrentStamina":12,"CurrentOrder":null,"Builds":[],"GarrisonedIn":null,"Stance":3,"InterruptCurrent":false,"AttackBack":true,"TargetPriority":"","ActiveOrders":null,"Health":16,"MaxHealth":16},{"InternalID":54,"UnitID":12,"Type":2,"Kind":1,"Location":{"Space":{"X":-2,"Y":-1},"Zone":{"X":0,"Y":0}},"CurrentStamina":12,"CurrentOrder":null,"Builds":[],"GarrisonedIn":null,"Stance":3,"InterruptCurrent":false,"AttackBack":true,"TargetPriority":"","ActiveOrders":null,"Health":16,"MaxHealth":16},{"InternalID":55,"UnitID":13,"Type":2,"Kind":1,"Location":{"Space":{"X":-2,"Y":-1},"Zone":{"X":0,"Y":0}},"CurrentStamina":8,"CurrentOrder":null,"Builds":[],"GarrisonedIn":null,"Stance":3,"InterruptCurrent":false,"AttackBack":true,"TargetPriority":"","ActiveOrders":null,"Health":50,"MaxHealth":50},{"InternalID":56,"UnitID":13,"Type":2,"Kind":1,"Location":{"Space":{"X":-2,"Y":-1},"Zone":{"X":0,"Y":0}},"CurrentStamina":8,"CurrentOrder":null,"Builds":[],"GarrisonedIn":null,"Stance":3,"InterruptCurrent":false,"AttackBack":true,"TargetPriority":"","ActiveOrders":null,"Health":50,"MaxHealth":50},{"InternalID":57,"UnitID":13,"Type":2,"Kind":1,"Location":{"Space":{"X":-2,"Y":-1},"Zone":{"X":0,"Y":0}},"CurrentStamina":8,"CurrentOrder":null,"Builds":[],"GarrisonedIn":null,"Stance":3,"InterruptCurrent":false,"AttackBack":true,"TargetPriority":"","ActiveOrders":null,"Health":50,"MaxHealth":50},{"InternalID":58,"UnitID":13,"Type":2,"Kind":1,"Location":{"Space":{"X":-2,"Y":-1},"Zone":{"X":0,"Y":0}},"CurrentStamina":8,"CurrentOrder":null,"Builds":[],"GarrisonedIn":null,"Stance":3,"InterruptCurrent":false,"AttackBack":true,"TargetPriority":"","ActiveOrders":null,"Health":50,"MaxHealth":50},{"InternalID":59,"UnitID":13,"Type":2,"Kind":1,"Location":{"Space":{"X":-2,"Y":-1},"Zone":{"X":0,"Y":0}},"CurrentStamina":8,"CurrentOrder":null,"Builds":[],"GarrisonedIn":null,"Stance":3,"InterruptCurrent":false,"AttackBack":true,"TargetPriority":"","ActiveOrders":null,"Health":50,"MaxHealth":50},{"InternalID":60,"UnitID":13,"Type":2,"Kind":1,"Location":{"Space":{"X":-2,"Y":-1},"Zone":{"X":0,"Y":0}},"CurrentStamina":8,"CurrentOrder":null,"Builds":[],"GarrisonedIn":null,"Stance":3,"InterruptCurrent":false,"AttackBack":true,"TargetPriority":"","ActiveOrders":null,"Health":50,"MaxHealth":50}]}
2026/09/30 21:20:33 ai ai-1: submitting orders [{Subjects:[31] OrderType:2 TargetID:1596 ClearPreviousOrders:true}]
2026/09/30 21:20:33 ai ai-1: vars {}
2026/09/30 21:20:33 player action: submit-orders 0 2 map[orders:[{1 [31] 2 1596 true}]]
2026/09/30 21:20:33 Executing submit orders for: 1 [{1 [31] 2 1596 true}]
2026/09/30 21:20:33 ai ai-0: submitting orders [{Subjects:[1] OrderType:2 TargetID:55 ClearPreviousOrders:true} {Subjects:[2] OrderType:2 TargetID:406 ClearPreviousOrders:true} {Subjects:[3] OrderType:2 TargetID:1485 ClearPreviousOrders:true} {Subjects:[4] OrderType:2 TargetID:21 ClearPreviousOrders:true} {Subjects:[5] OrderType:2 TargetID:3570 ClearPreviousOrders:true} {Subjects:[6] OrderType:2 TargetID:528 ClearPreviousOrders:true} {Subjects:[7] OrderType:2 TargetID:55 ClearPreviousOrders:true} {Subjects:[8] OrderType:2 TargetID:55 ClearPreviousOrders:true} {Subjects:[9] OrderType:2 TargetID:55 ClearPreviousOrders:true} {Subjects:[10] OrderType:2 TargetID:55 ClearPreviousOrders:true} {Subjects:[11] OrderType:2 TargetID:55 ClearPreviousOrders:true} {Subjects:[12] OrderType:2 TargetID:55 ClearPreviousOrders:true} {Subjects:[13] OrderType:2 TargetID:55 ClearPreviousOrders:true} {Subjects:[14] OrderType:2 TargetID:55 ClearPreviousOrders:true} {Subjects:[15] OrderType:2 TargetID:55 ClearPreviousOrders:true} {Subjects:[16] OrderType:2 TargetID:55 ClearPreviousOrders:true} {Subjects:[17] OrderType:2 TargetID:55 ClearPreviousOrders:true} {Subjects:[18] OrderType:2 TargetID:55 ClearPreviousOrders:true} {Subjects:[19] OrderType:2 TargetID:55 ClearPreviousOrders:true} {Subjects:[20] OrderType:2 TargetID:55 ClearPreviousOrders:true} {Subjects:[21] OrderType:2 TargetID:55 ClearPreviousOrders:true} {Subjects:[22] OrderType:2 TargetID:55 ClearPreviousOrders:true} {Subjects:[23] OrderType:2 TargetID:55 ClearPreviousOrders:true} {Subjects:[24] OrderType:2 TargetID:55 ClearPreviousOrders:true} {Subjects:[25] OrderType:2 TargetID:55 ClearPreviousOrders:true} {Subjects:[26] OrderType:2 TargetID:55 ClearPreviousOrders:true} {Subjects:[27] OrderType:2 TargetID:55 ClearPreviousOrders:true} {Subjects:[28] OrderType:2 TargetID:55 ClearPreviousOrders:true} {Subjects:[29] OrderType:2 TargetID:55 ClearPreviousOrders:true} {Subjects:[30] OrderType:2 TargetID:55 ClearPreviousOrders:true}]
2026/09/30 21:20:33 ai ai-0: vars {"B":16,"Hv":6,"Pi":8,"aPowLocal":0,"aThreat":0,"a_engaged":0,"a_odds":1.3,"a_outnumbered":0,"army_target":50,"army_value":3080,"assault":0,"bank_rate":28,"bar_barracks":0.17072129748186085,"bar_redoubt":1.1111111111111112,"barracks":0,"barracks_B":0,"barracks_P":0,"barracks_save":0,"barracks_spend":78.1,"barracks_want":0,"buffer_food":70,"buffer_gold":0,"buffer_stone":0,"buffer_wood":70,"builders":0,"committed":0,"eB":0,"eGrowth":0,"eH":0,"eMil":0,"eP":0,"ePow":0,"ePowEst":0,"ePowSeen":0,"eTech":1,"eV":0,"es":1,"farm_want":0,"farm_wood_short":0,"farming":0,"fire_barracks":0,"fire_farm0":0,"fire_farm1":0,"fire_farm2":0,"fire_house":0,"fire_outpost":0,"fire_redoubt":0,"fire_smith":0,"fire_vc":0,"food_need":0,"food_over":0,"food_rate":0,"food_slots":1000,"food_workers":0,"free_room":20,"go":0,"gold_income":2,"gold_need":0,"gold_rate":0,"gold_surplus":2,"guaranteed":0,"guard_home":0,"headroom":-30,"hire_B":107.69230769230768,"hire_P":169.23076923076923,"homePow":0,"house_builders":0,"house_urgency":0,"house_want":0,"income_proj":0,"left":0,"lf_food":0,"lf_gold":0,"lf_stone":0,"lf_wood":0,"lump_food":0,"lump_gold":0,"lump_stone":0,"lump_wood":0,"maturity":0,"mil":30,"myTech":1,"n_barracks":0,"n_redoubts":0,"needB":19.99511837930193,"needP":0.00488162069807176,"outpost_want":0,"pikes":0,"planned_food":0,"planned_gold":0,"planned_stone":0,"planned_wood":0,"prod_rate":0,"proj_army":3080,"raid_danger":0,"raid_fails":0,"raid_lost":0,"raid_pause":0,"raid_prev":5,"raid_size":4.8,"raid_wiped":0,"rate":6,"redoubt_H":0,"redoubt_gold_ok":0.14222222222222222,"redoubt_save":0,"redoubt_spend":30,"redoubt_want":0,"redoubts":0,"rf_food":0,"rf_gold":0,"rf_stone":0,"rf_wood":0,"sB4":256,"sP4":0.0625,"scale_l":0,"scale_r":0,"shareH":0.2,"smith_want":0,"smiths":0,"spare":0,"spare_food":0.5,"stone_need":0,"stone_rate":0,"tH":26,"target_spend":400,"tech_food":50,"tech_gold":0,"tech_stone":0,"tech_wood":50,"threat_home":0,"turns_left":-300,"u_barracks":0.2868117797695263,"u_redoubt":0.18666666666666668,"unit_spend":120,"vB":4,"vH":1,"vP":0.5,"vc_want":0,"vcs":0,"vil_goal":50,"vil_rate":0,"vil_stamina":8,"vil_want":0,"vil_want_last":0,"vil_worth_now":0.6,"vils":0,"w_food":0,"w_gold":0,"w_stone":0,"w_wood":0,"wild_workers":0,"wood_need":0,"wood_rate":0,"workers":0}
2026/09/30 21:20:33 player action: set-unit-behavior 0 1 map[internal_ids:[7 8 9 10 11 12 13 14 15 16 17 18 19 20 21 22 23 24 25 26 27 28 29 30] interrupt_current:true]
2026/09/30 21:20:33 player action: set-unit-behavior 0 1 map[internal_ids:[1 2 3 4 5] interrupt_current:true]
2026/09/30 21:20:33 player action: submit-orders 0 1 map[orders:[{0 [1] 2 55 true} {0 [2] 2 406 true} {0 [3] 2 1485 true} {0 [4] 2 21 true} {0 [5] 2 3570 true} {0 [6] 2 528 true} {0 [7] 2 55 true} {0 [8] 2 55 true} {0 [9] 2 55 true} {0 [10] 2 55 true} {0 [11] 2 55 true} {0 [12] 2 55 true} {0 [13] 2 55 true} {0 [14] 2 55 true} {0 [15] 2 55 true} {0 [16] 2 55 true} {0 [17] 2 55 true} {0 [18] 2 55 true} {0 [19] 2 55 true} {0 [20] 2 55 true} {0 [21] 2 55 true} {0 [22] 2 55 true} {0 [23] 2 55 true} {0 [24] 2 55 true} {0 [25] 2 55 true} {0 [26] 2 55 true} {0 [27] 2 55 true} {0 [28] 2 55 true} {0 [29] 2 55 true} {0 [30] 2 55 true}]]
2026/09/30 21:20:33 Executing submit orders for: 0 [{0 [1] 2 55 true} {0 [2] 2 406 true} {0 [3] 2 1485 true} {0 [4] 2 21 true} {0 [5] 2 3570 true} {0 [6] 2 528 true} {0 [7] 2 55 true} {0 [8] 2 55 true} {0 [9] 2 55 true} {0 [10] 2 55 true} {0 [11] 2 55 true} {0 [12] 2 55 true} {0 [13] 2 55 true} {0 [14] 2 55 true} {0 [15] 2 55 true} {0 [16] 2 55 true} {0 [17] 2 55 true} {0 [18] 2 55 true} {0 [19] 2 55 true} {0 [20] 2 55 true} {0 [21] 2 55 true} {0 [22] 2 55 true} {0 [23] 2 55 true} {0 [24] 2 55 true} {0 [25] 2 55 true} {0 [26] 2 55 true} {0 [27] 2 55 true} {0 [28] 2 55 true} {0 [29] 2 55 true} {0 [30] 2 55 true}]
2026/09/30 21:20:33 Resolving active orders
2026/09/30 21:20:33 Moving unit 4 Blunt Infantry to zone(-1, 0) in space (2, 1) tick=1
2026/09/30 21:20:33 Moving unit 5 Blunt Infantry to zone(0, 1) in space (2, 1) tick=1
2026/09/30 21:20:33 Moving unit 9 Blunt Infantry to zone(-1, 0) in space (2, 1) tick=1
2026/09/30 21:20:33 Moving unit 18 Piercing Infantry to zone(-1, 0) in space (2, 1) tick=1
2026/09/30 21:20:33 Moving unit 27 Heavy Infantry to zone(-1, 0) in space (2, 1) tick=1
2026/09/30 21:20:33 Moving unit 26 Heavy Infantry to zone(-1, 0) in space (2, 1) tick=1
2026/09/30 21:20:33 Moving unit 12 Blunt Infantry to zone(-1, 0) in space (2, 1) tick=1
2026/09/30 21:20:33 Moving unit 16 Blunt Infantry to zone(-1, 0) in space (2, 1) tick=1
2026/09/30 21:20:33 Moving unit 19 Piercing Infantry to zone(-1, 0) in space (2, 1) tick=1
2026/09/30 21:20:33 Moving unit 21 Piercing Infantry to zone(-1, 0) in space (2, 1) tick=1
2026/09/30 21:20:33 Moving unit 23 Piercing Infantry to zone(-1, 0) in space (2, 1) tick=1
2026/09/30 21:20:33 Moving unit 24 Piercing Infantry to zone(-1, 0) in space (2, 1) tick=1
2026/09/30 21:20:33 Moving unit 30 Heavy Infantry to zone(-1, 0) in space (2, 1) tick=1
2026/09/30 21:20:33 Moving unit 1 Blunt Infantry to zone(-1, 0) in space (2, 1) tick=1
2026/09/30 21:20:33 Moving unit 8 Blunt Infantry to zone(-1, 0) in space (2, 1) tick=1
2026/09/30 21:20:33 Moving unit 11 Blunt Infantry to zone(-1, 0) in space (2, 1) tick=1
2026/09/30 21:20:33 Moving unit 14 Blunt Infantry to zone(-1, 0) in space (2, 1) tick=1
2026/09/30 21:20:33 Moving unit 22 Piercing Infantry to zone(-1, 0) in space (2, 1) tick=1
2026/09/30 21:20:33 Moving unit 2 Blunt Infantry to zone(-1, 1) in space (2, 1) tick=1
2026/09/30 21:20:33 Moving unit 7 Blunt Infantry to zone(-1, 0) in space (2, 1) tick=1
2026/09/30 21:20:33 Moving unit 3 Blunt Infantry to zone(-1, 1) in space (2, 1) tick=1
2026/09/30 21:20:33 Moving unit 6 Blunt Infantry to zone(0, -1) in space (2, 1) tick=1
2026/09/30 21:20:33 Moving unit 17 Piercing Infantry to zone(-1, 0) in space (2, 1) tick=1
2026/09/30 21:20:33 Moving unit 25 Heavy Infantry to zone(-1, 0) in space (2, 1) tick=1
2026/09/30 21:20:33 Moving unit 10 Blunt Infantry to zone(-1, 0) in space (2, 1) tick=1
2026/09/30 21:20:33 Moving unit 15 Blunt Infantry to zone(-1, 0) in space (2, 1) tick=1
2026/09/30 21:20:33 Moving unit 20 Piercing Infantry to zone(-1, 0) in space (2, 1) tick=1
2026/09/30 21:20:33 Moving unit 28 Heavy Infantry to zone(-1, 0) in space (2, 1) tick=1
2026/09/30 21:20:33 Moving unit 29 Heavy Infantry to zone(-1, 0) in space (2, 1) tick=1
2026/09/30 21:20:33 Moving unit 13 Blunt Infantry to zone(-1, 0) in space (2, 1) tick=1
2026/09/30 21:20:33 Moving unit 31 Blunt Infantry to zone(-1, 1) in space (-2, -1) tick=1
2026/09/30 21:20:33 state_hash turn=1 tick=1 hash=274846261b996c26
2026/09/30 21:20:33 Moving unit 3 Blunt Infantry to zone(1, -1) in space (1, 2) tick=2
2026/09/30 21:20:33 Moving unit 6 Blunt Infantry to zone(0, 1) in space (2, 0) tick=2
2026/09/30 21:20:33 Moving unit 17 Piercing Infantry to zone(1, 0) in space (1, 1) tick=2
2026/09/30 21:20:33 Moving unit 25 Heavy Infantry to zone(1, 0) in space (1, 1) tick=2
2026/09/30 21:20:33 Moving unit 10 Blunt Infantry to zone(1, 0) in space (1, 1) tick=2
2026/09/30 21:20:33 Moving unit 15 Blunt Infantry to zone(1, 0) in space (1, 1) tick=2
2026/09/30 21:20:33 Moving unit 20 Piercing Infantry to zone(1, 0) in space (1, 1) tick=2
2026/09/30 21:20:33 Moving unit 28 Heavy Infantry to zone(1, 0) in space (1, 1) tick=2
2026/09/30 21:20:33 Moving unit 29 Heavy Infantry to zone(1, 0) in space (1, 1) tick=2
2026/09/30 21:20:33 Moving unit 13 Blunt Infantry to zone(1, 0) in space (1, 1) tick=2
2026/09/30 21:20:33 Moving unit 4 Blunt Infantry to zone(1, 0) in space (1, 1) tick=2
2026/09/30 21:20:33 Moving unit 5 Blunt Infantry to zone(0, -1) in space (2, 2) tick=2
2026/09/30 21:20:33 Moving unit 9 Blunt Infantry to zone(1, 0) in space (1, 1) tick=2
2026/09/30 21:20:33 Moving unit 18 Piercing Infantry to zone(1, 0) in space (1, 1) tick=2
2026/09/30 21:20:33 Moving unit 27 Heavy Infantry to zone(1, 0) in space (1, 1) tick=2
2026/09/30 21:20:33 Moving unit 26 Heavy Infantry to zone(1, 0) in space (1, 1) tick=2
2026/09/30 21:20:33 Moving unit 12 Blunt Infantry to zone(1, 0) in space (1, 1) tick=2
2026/09/30 21:20:33 Moving unit 16 Blunt Infantry to zone(1, 0) in space (1, 1) tick=2
2026/09/30 21:20:33 Moving unit 19 Piercing Infantry to zone(1, 0) in space (1, 1) tick=2
2026/09/30 21:20:33 Moving unit 21 Piercing Infantry to zone(1, 0) in space (1, 1) tick=2
2026/09/30 21:20:33 Moving unit 23 Piercing Infantry to zone(1, 0) in space (1, 1) tick=2
2026/09/30 21:20:33 Moving unit 24 Piercing Infantry to zone(1, 0) in space (1, 1) tick=2
2026/09/30 21:20:33 Moving unit 30 Heavy Infantry to zone(1, 0) in space (1, 1) tick=2
2026/09/30 21:20:33 Moving unit 1 Blunt Infantry to zone(1, 0) in space (1, 1) tick=2
2026/09/30 21:20:33 Moving unit 8 Blunt Infantry to zone(1, 0) in space (1, 1) tick=2
2026/09/30 21:20:33 Moving unit 11 Blunt Infantry to zone(1, 0) in space (1, 1) tick=2
2026/09/30 21:20:33 Moving unit 14 Blunt Infantry to zone(1, 0) in space (1, 1) tick=2
2026/09/30 21:20:33 Moving unit 22 Piercing Infantry to zone(1, 0) in space (1, 1) tick=2
2026/09/30 21:20:33 Moving unit 2 Blunt Infantry to zone(1, -1) in space (1, 2) tick=2
2026/09/30 21:20:33 Moving unit 7 Blunt Infantry to zone(1, 0) in space (1, 1) tick=2
2026/09/30 21:20:33 Moving unit 31 Blunt Infantry to zone(1, -1) in space (-3, 0) tick=2
2026/09/30 21:20:33 state_hash turn=1 tick=2 hash=c111f1230e16f172
2026/09/30 21:20:33 Moving unit 2 Blunt Infantry to zone(0, 0) in space (1, 2) tick=3
2026/09/30 21:20:33 Moving unit 7 Blunt Infantry to zone(0, 0) in space (1, 1) tick=3
2026/09/30 21:20:33 Moving unit 3 Blunt Infantry to zone(0, 0) in space (1, 2) tick=3
2026/09/30 21:20:33 Moving unit 6 Blunt Infantry to zone(0, 0) in space (2, 0) tick=3
2026/09/30 21:20:33 Moving unit 17 Piercing Infantry to zone(0, 0) in space (1, 1) tick=3
2026/09/30 21:20:33 Moving unit 25 Heavy Infantry to zone(0, 0) in space (1, 1) tick=3
2026/09/30 21:20:33 Moving unit 10 Blunt Infantry to zone(0, 0) in space (1, 1) tick=3
2026/09/30 21:20:33 Moving unit 15 Blunt Infantry to zone(0, 0) in space (1, 1) tick=3
2026/09/30 21:20:33 Moving unit 20 Piercing Infantry to zone(0, 0) in space (1, 1) tick=3
2026/09/30 21:20:33 Moving unit 28 Heavy Infantry to zone(0, 0) in space (1, 1) tick=3
2026/09/30 21:20:33 Moving unit 29 Heavy Infantry to zone(0, 0) in space (1, 1) tick=3
2026/09/30 21:20:33 Moving unit 13 Blunt Infantry to zone(0, 0) in space (1, 1) tick=3
2026/09/30 21:20:33 Moving unit 4 Blunt Infantry to zone(0, 0) in space (1, 1) tick=3
2026/09/30 21:20:33 Moving unit 5 Blunt Infantry to zone(0, 0) in space (2, 2) tick=3
2026/09/30 21:20:33 Moving unit 9 Blunt Infantry to zone(0, 0) in space (1, 1) tick=3
2026/09/30 21:20:33 Moving unit 18 Piercing Infantry to zone(0, 0) in space (1, 1) tick=3
2026/09/30 21:20:33 Moving unit 27 Heavy Infantry to zone(0, 0) in space (1, 1) tick=3
2026/09/30 21:20:33 Moving unit 26 Heavy Infantry to zone(0, 0) in space (1, 1) tick=3
2026/09/30 21:20:33 Moving unit 12 Blunt Infantry to zone(0, 0) in space (1, 1) tick=3
2026/09/30 21:20:33 Moving unit 16 Blunt Infantry to zone(0, 0) in space (1, 1) tick=3
2026/09/30 21:20:33 Moving unit 19 Piercing Infantry to zone(0, 0) in space (1, 1) tick=3
2026/09/30 21:20:33 Moving unit 21 Piercing Infantry to zone(0, 0) in space (1, 1) tick=3
2026/09/30 21:20:33 Moving unit 23 Piercing Infantry to zone(0, 0) in space (1, 1) tick=3
2026/09/30 21:20:33 Moving unit 24 Piercing Infantry to zone(0, 0) in space (1, 1) tick=3
2026/09/30 21:20:33 Moving unit 30 Heavy Infantry to zone(0, 0) in space (1, 1) tick=3
2026/09/30 21:20:33 Moving unit 1 Blunt Infantry to zone(0, 0) in space (1, 1) tick=3
2026/09/30 21:20:33 Moving unit 8 Blunt Infantry to zone(0, 0) in space (1, 1) tick=3
2026/09/30 21:20:33 Moving unit 11 Blunt Infantry to zone(0, 0) in space (1, 1) tick=3
2026/09/30 21:20:33 Moving unit 14 Blunt Infantry to zone(0, 0) in space (1, 1) tick=3
2026/09/30 21:20:33 Moving unit 22 Piercing Infantry to zone(0, 0) in space (1, 1) tick=3
2026/09/30 21:20:33 Moving unit 31 Blunt Infantry to zone(0, 0) in space (-3, 0) tick=3
2026/09/30 21:20:33 state_hash turn=1 tick=3 hash=b9db810b45b110de
2026/09/30 21:20:33 Moving unit 10 Blunt Infantry to zone(-1, 0) in space (1, 1) tick=4
2026/09/30 21:20:33 Moving unit 15 Blunt Infantry to zone(-1, 0) in space (1, 1) tick=4
2026/09/30 21:20:33 Moving unit 20 Piercing Infantry to zone(-1, 0) in space (1, 1) tick=4
2026/09/30 21:20:33 Moving unit 13 Blunt Infantry to zone(-1, 0) in space (1, 1) tick=4
2026/09/30 21:20:33 Moving unit 4 Blunt Infantry to zone(0, -1) in space (1, 1) tick=4
2026/09/30 21:20:33 Moving unit 5 Blunt Infantry to zone(-1, 1) in space (2, 2) tick=4
2026/09/30 21:20:33 Moving unit 9 Blunt Infantry to zone(-1, 0) in space (1, 1) tick=4
2026/09/30 21:20:33 Moving unit 18 Piercing Infantry to zone(-1, 0) in space (1, 1) tick=4
2026/09/30 21:20:33 Moving unit 12 Blunt Infantry to zone(-1, 0) in space (1, 1) tick=4
2026/09/30 21:20:33 Moving unit 16 Blunt Infantry to zone(-1, 0) in space (1, 1) tick=4
2026/09/30 21:20:33 Moving unit 19 Piercing Infantry to zone(-1, 0) in space (1, 1) tick=4
2026/09/30 21:20:33 Moving unit 21 Piercing Infantry to zone(-1, 0) in space (1, 1) tick=4
2026/09/30 21:20:33 Moving unit 23 Piercing Infantry to zone(-1, 0) in space (1, 1) tick=4
2026/09/30 21:20:33 Moving unit 24 Piercing Infantry to zone(-1, 0) in space (1, 1) tick=4
2026/09/30 21:20:33 Moving unit 1 Blunt Infantry to zone(-1, 0) in space (1, 1) tick=4
2026/09/30 21:20:33 Moving unit 8 Blunt Infantry to zone(-1, 0) in space (1, 1) tick=4
2026/09/30 21:20:33 Moving unit 11 Blunt Infantry to zone(-1, 0) in space (1, 1) tick=4
2026/09/30 21:20:33 Moving unit 14 Blunt Infantry to zone(-1, 0) in space (1, 1) tick=4
2026/09/30 21:20:33 Moving unit 22 Piercing Infantry to zone(-1, 0) in space (1, 1) tick=4
2026/09/30 21:20:33 Moving unit 2 Blunt Infantry to zone(-1, 0) in space (1, 2) tick=4
2026/09/30 21:20:33 Moving unit 7 Blunt Infantry to zone(-1, 0) in space (1, 1) tick=4
2026/09/30 21:20:33 Moving unit 3 Blunt Infantry to zone(-1, 1) in space (1, 2) tick=4
2026/09/30 21:20:33 Moving unit 6 Blunt Infantry to zone(0, -1) in space (2, 0) tick=4
2026/09/30 21:20:33 Moving unit 17 Piercing Infantry to zone(-1, 0) in space (1, 1) tick=4
2026/09/30 21:20:33 Moving unit 31 Blunt Infantry to zone(-1, 0) in space (-3, 0) tick=4
2026/09/30 21:20:33 state_hash turn=1 tick=4 hash=29869fc89ecac8a3
2026/09/30 21:20:33 Moving unit 10 Blunt Infantry to zone(1, 0) in space (0, 1) tick=5
2026/09/30 21:20:33 Moving unit 15 Blunt Infantry to zone(1, 0) in space (0, 1) tick=5
2026/09/30 21:20:33 Moving unit 13 Blunt Infantry to zone(1, 0) in space (0, 1) tick=5
2026/09/30 21:20:33 Moving unit 5 Blunt Infantry to zone(1, -1) in space (1, 3) tick=5
2026/09/30 21:20:33 Moving unit 9 Blunt Infantry to zone(1, 0) in space (0, 1) tick=5
2026/09/30 21:20:33 Moving unit 12 Blunt Infantry to zone(1, 0) in space (0, 1) tick=5
2026/09/30 21:20:33 Moving unit 16 Blunt Infantry to zone(1, 0) in space (0, 1) tick=5
2026/09/30 21:20:33 Moving unit 1 Blunt Infantry to zone(1, 0) in space (0, 1) tick=5
2026/09/30 21:20:33 Moving unit 8 Blunt Infantry to zone(1, 0) in space (0, 1) tick=5
2026/09/30 21:20:33 Moving unit 11 Blunt Infantry to zone(1, 0) in space (0, 1) tick=5
2026/09/30 21:20:33 Moving unit 14 Blunt Infantry to zone(1, 0) in space (0, 1) tick=5
2026/09/30 21:20:33 Moving unit 2 Blunt Infantry to zone(1, 0) in space (0, 2) tick=5
2026/09/30 21:20:33 Moving unit 7 Blunt Infantry to zone(1, 0) in space (0, 1) tick=5
2026/09/30 21:20:33 Moving unit 3 Blunt Infantry to zone(1, -1) in space (0, 3) tick=5
2026/09/30 21:20:33 Moving unit 6 Blunt Infantry to zone(0, 1) in space (2, -1) tick=5
2026/09/30 21:20:33 Moving unit 31 Blunt Infantry to zone(1, 0) in space (-4, 0) tick=5
2026/09/30 21:20:33 state_hash turn=1 tick=5 hash=4553b61ca4e5a4f6
2026/09/30 21:20:33 state_hash turn=1 tick=end hash=219357a764feff4a
2026/09/30 21:20:33 ai ai-1: new turn data {"buildings":[],"enemy_buildings":[],"enemy_units":[],"foundations":[],"population":{"current":30,"limit":0},"resources":{"food":200,"gold":6,"stone":100,"wood":200},"spaces":[{"Space":{"X":0,"Y":-4},"Vision":0,"Owner":-1},{"Space":{"X":1,"Y":-4},"Vision":0,"Owner":-1},{"Space":{"X":2,"Y":-4},"Vision":0,"Owner":-1},{"Space":{"X":3,"Y":-4},"Vision":0,"Owner":-1},{"Space":{"X":4,"Y":-4},"Vision":0,"Owner":-1},{"Space":{"X":-1,"Y":-3},"Vision":0,"Owner":-1},{"Space":{"X":0,"Y":-3},"Vision":0,"Owner":-1},{"Space":{"X":1,"Y":-3},"Vision":0,"Owner":-1},{"Space":{"X":2,"Y":-3},"Vision":0,"Owner":-1},{"Space":{"X":3,"Y":-3},"Vision":0,"Owner":-1},{"Space":{"X":4,"Y":-3},"Vision":0,"Owner":-1},{"Space":{"X":-2,"Y":-2},"Vision":2,"Owner":-1},{"Space":{"X":-1,"Y":-2},"Vision":2,"Owner":-1},{"Space":{"X":0,"Y":-2},"Vision":0,"Owner":-1},{"Space":{"X":1,"Y":-2},"Vision":0,"Owner":-1},{"Space":{"X":2,"Y":-2},"Vision":0,"Owner":-1},{"Space":{"X":3,"Y":-2},"Vision":0,"Owner":-1},{"Space":{"X":4,"Y":-2},"Vision":0,"Owner":-1},{"Space":{"X":-3,"Y":-1},"Vision":2,"Owner":-1},{"Space":{"X":-2,"Y":-1},"Vision":3,"Owner":1},{"Space":{"X":-1,"Y":-1},"Vision":2,"Owner":-1},{"Space":{"X":0,"Y":-1},"Vision":0,"Owner":-1},{"Space":{"X":1,"Y":-1},"Vision":0,"Owner":-1},{"Space":{"X":2,"Y":-1},"Vision":0,"Owner":-1},{"Space":{"X":3,"Y":-1},"Vision":0,"Owner":-1},{"Space":{"X":4,"Y":-1},"Vision":0,"Owner":-1},{"Space":{"X":-4,"Y":0},"Vision":3,"Owner":1},{"Space":{"X":-3,"Y":0},"Vision":3,"Owner":-1},{"Space":{"X":-2,"Y":0},"Vision":2,"Owner":-1},{"Space":{"X":-1,"Y":0},"Vision":0,"Owner":-1},{"Space":{"X":0,"Y":0},"Vision":0,"Owner":-1},{"Space":{"X":1,"Y":0},"Vision":0,"Owner":-1},{"Space":{"X":2,"Y":0},"Vision":0,"Owner":-1},{"Space":{"X":3,"Y":0},"Vision":0,"Owner":-1},{"Space":{"X":4,"Y":0},"Vision":0,"Owner":-1},{"Space":{"X":-4,"Y":1},"Vision":2,"Owner":-1},{"Space":{"X":-3,"Y":1},"Vision":1,"Owner":-1},{"Space":{"X":-2,"Y":1},"Vision":0,"Owner":-1},{"Space":{"X":-1,"Y":1},"Vision":0,"Owner":-1},{"Space":{"X":0,"Y":1},"Vision":0,"Owner":-1},{"Space":{"X":1,"Y":1},"Vision":0,"Owner":-1},{"Space":{"X":2,"Y":1},"Vision":0,"Owner":-1},{"Space":{"X":3,"Y":1},"Vision":0,"Owner":-1},{"Space":{"X":-4,"Y":2},"Vision":0,"Owner":-1},{"Space":{"X":-3,"Y":2},"Vision":0,"Owner":-1},{"Space":{"X":-2,"Y":2},"Vision":0,"Owner":-1},{"Space":{"X":-1,"Y":2},"Vision":0,"Owner":-1},{"Space":{"X":0,"Y":2},"Vision":0,"Owner":-1},{"Space":{"X":1,"Y":2},"Vision":0,"Owner":-1},{"Space":{"X":2,"Y":2},"Vision":0,"Owner":-1},{"Space":{"X":-4,"Y":3},"Vision":0,"Owner":-1},{"Space":{"X":-3,"Y":3},"Vision":0,"Owner":-1},{"Space":{"X":-2,"Y":3},"Vision":0,"Owner":-1},{"Space":{"X":-1,"Y":3},"Vision":0,"Owner":-1},{"Space":{"X":0,"Y":3},"Vision":0,"Owner":-1},{"Space":{"X":1,"Y":3},"Vision":0,"Owner":-1},{"Space":{"X":-4,"Y":4},"Vision":0,"Owner":-1},{"Space":{"X":-3,"Y":4},"Vision":0,"Owner":-1},{"Space":{"X":-2,"Y":4},"Vision":0,"Owner":-1},{"Space":{"X":-1,"Y":4},"Vision":0,"Owner":-1},{"Space":{"X":0,"Y":4},"Vision":0,"Owner":-1}],"units":[{"InternalID":31,"UnitID":11,"Type":2,"Kind":1,"Location":{"Space":{"X":-4,"Y":0},"Zone":{"X":1,"Y":0}},"CurrentStamina":15,"CurrentOrder":{"Kind":0,"TargetZone":{"Space":{"X":-4,"Y":0},"Zone":{"X":0,"Y":0}},"TargetSpace":null,"TargetResource":null,"TargetUnit":null,"TargetBuilding":null},"Builds":[],"GarrisonedIn":null,"Stance":3,"InterruptCurrent":false,"AttackBack":true,"TargetPriority":"","ActiveOrders":[{"ID":1,"Kind":0}],"Health":11,"MaxHealth":11},{"InternalID":32,"UnitID":11,"Type":2,"Kind":1,"Location":{"Space":{"X":-2,"Y":-1},"Zone":{"X":0,"Y":0}},"CurrentStamina":23,"CurrentOrder":null,"Builds":[],"GarrisonedIn":null,"Stance":3,"InterruptCurrent":false,"AttackBack":true,"TargetPriority":"","ActiveOrders":null,"Health":11,"MaxHealth":11},{"InternalID":33,"UnitID":11,"Type":2,"Kind":1,"Location":{"Space":{"X":-2,"Y":-1},"Zone":{"X":0,"Y":0}},"CurrentStamina":23,"CurrentOrder":null,"Builds":[],"GarrisonedIn":null,"Stance":3,"InterruptCurrent":false,"AttackBack":true,"TargetPriority":"","ActiveOrders":null,"Health":11,"MaxHealth":11},{"InternalID":34,"UnitID":11,"Type":2,"Kind":1,"Location":{"Space":{"X":-2,"Y":-1},"Zone":{"X":0,"Y":0}},"CurrentStamina":23,"CurrentOrder":null,"Builds":[],"GarrisonedIn":null,"Stance":3,"InterruptCurrent":false,"AttackBack":true,"TargetPriority":"","ActiveOrders":null,"Health":11,"MaxHealth":11},{"InternalID":35,"UnitID":11,"Type":2,"Kind":1,"Location":{"Space":{"X":-2,"Y":-1},"Zone":{"X":0,"Y":0}},"CurrentStamina":23,"CurrentOrder":null,"Builds":[],"GarrisonedIn":null,"Stance":3,"InterruptCurrent":false,"AttackBack":true,"TargetPriority":"","ActiveOrders":null,"Health":11,"MaxHealth":11},{"InternalID":36,"UnitID":11,"Type":2,"Kind":1,"Location":{"Space":{"X":-2,"Y":-1},"Zone":{"X":0,"Y":0}},"CurrentStamina":23,"CurrentOrder":null,"Builds":[],"GarrisonedIn":null,"Stance":3,"InterruptCurrent":false,"AttackBack":true,"TargetPriority":"","ActiveOrders":null,"Health":11,"MaxHealth":11},{"InternalID":37,"UnitID":11,"Type":2,"Kind":1,"Location":{"Space":{"X":-2,"Y":-1},"Zone":{"X":0,"Y":0}},"CurrentStamina":23,"CurrentOrder":null,"Builds":[],"GarrisonedIn":null,"Stance":3,"InterruptCurrent":false,"AttackBack":true,"TargetPriority":"","ActiveOrders":null,"Health":11,"MaxHealth":11},{"InternalID":38,"UnitID":11,"Type":2,"Kind":1,"Location":{"Space":{"X":-2,"Y":-1},"Zone":{"X":0,"Y":0}},"CurrentStamina":23,"CurrentOrder":null,"Builds":[],"GarrisonedIn":null,"Stance":3,"InterruptCurrent":false,"AttackBack":true,"TargetPriority":"","ActiveOrders":null,"Health":11,"MaxHealth":11},{"InternalID":39,"UnitID":11,"Type":2,"Kind":1,"Location":{"Space":{"X":-2,"Y":-1},"Zone":{"X":0,"Y":0}},"CurrentStamina":23,"CurrentOrder":null,"Builds":[],"GarrisonedIn":null,"Stance":3,"InterruptCurrent":false,"AttackBack":true,"TargetPriority":"","ActiveOrders":null,"Health":11,"MaxHealth":11},{"InternalID":40,"UnitID":11,"Type":2,"Kind":1,"Location":{"Space":{"X":-2,"Y":-1},"Zone":{"X":0,"Y":0}},"CurrentStamina":23,"CurrentOrder":null,"Builds":[],"GarrisonedIn":null,"Stance":3,"InterruptCurrent":false,"AttackBack":true,"TargetPriority":"","ActiveOrders":null,"Health":11,"MaxHealth":11},{"InternalID":41,"UnitID":11,"Type":2,"Kind":1,"Location":{"Space":{"X":-2,"Y":-1},"Zone":{"X":0,"Y":0}},"CurrentStamina":23,"CurrentOrder":null,"Builds":[],"GarrisonedIn":null,"Stance":3,"InterruptCurrent":false,"AttackBack":true,"TargetPriority":"","ActiveOrders":null,"Health":11,"MaxHealth":11},{"InternalID":42,"UnitID":11,"Type":2,"Kind":1,"Location":{"Space":{"X":-2,"Y":-1},"Zone":{"X":0,"Y":0}},"CurrentStamina":23,"CurrentOrder":null,"Builds":[],"GarrisonedIn":null,"Stance":3,"InterruptCurrent":false,"AttackBack":true,"TargetPriority":"","ActiveOrders":null,"Health":11,"MaxHealth":11},{"InternalID":43,"UnitID":11,"Type":2,"Kind":1,"Location":{"Space":{"X":-2,"Y":-1},"Zone":{"X":0,"Y":0}},"CurrentStamina":23,"CurrentOrder":null,"Builds":[],"GarrisonedIn":null,"Stance":3,"InterruptCurrent":false,"AttackBack":true,"TargetPriority":"","ActiveOrders":null,"Health":11,"MaxHealth":11},{"InternalID":44,"UnitID":11,"Type":2,"Kind":1,"Location":{"Space":{"X":-2,"Y":-1},"Zone":{"X":0,"Y":0}},"CurrentStamina":23,"CurrentOrder":null,"Builds":[],"GarrisonedIn":null,"Stance":3,"InterruptCurrent":false,"AttackBack":true,"TargetPriority":"","ActiveOrders":null,"Health":11,"MaxHealth":11},{"InternalID":45,"UnitID":11,"Type":2,"Kind":1,"Location":{"Space":{"X":-2,"Y":-1},"Zone":{"X":0,"Y":0}},"CurrentStamina":23,"CurrentOrder":null,"Builds":[],"GarrisonedIn":null,"Stance":3,"InterruptCurrent":false,"AttackBack":true,"TargetPriority":"","ActiveOrders":null,"Health":11,"MaxHealth":11},{"InternalID":46,"UnitID":11,"Type":2,"Kind":1,"Location":{"Space":{"X":-2,"Y":-1},"Zone":{"X":0,"Y":0}},"CurrentStamina":23,"CurrentOrder":null,"Builds":[],"GarrisonedIn":null,"Stance":3,"InterruptCurrent":false,"AttackBack":true,"TargetPriority":"","ActiveOrders":null,"Health":11,"MaxHealth":11},{"InternalID":47,"UnitID":12,"Type":2,"Kind":1,"Location":{"Space":{"X":-2,"Y":-1},"Zone":{"X":0,"Y":0}},"CurrentStamina":18,"CurrentOrder":null,"Builds":[],"GarrisonedIn":null,"Stance":3,"InterruptCurrent":false,"AttackBack":true,"TargetPriority":"","ActiveOrders":null,"Health":16,"MaxHealth":16},{"InternalID":48,"UnitID":12,"Type":2,"Kind":1,"Location":{"Space":{"X":-2,"Y":-1},"Zone":{"X":0,"Y":0}},"CurrentStamina":18,"CurrentOrder":null,"Builds":[],"GarrisonedIn":null,"Stance":3,"InterruptCurrent":false,"AttackBack":true,"TargetPriority":"","ActiveOrders":null,"Health":16,"MaxHealth":16},{"InternalID":49,"UnitID":12,"Type":2,"Kind":1,"Location":{"Space":{"X":-2,"Y":-1},"Zone":{"X":0,"Y":0}},"CurrentStamina":18,"CurrentOrder":null,"Builds":[],"GarrisonedIn":null,"Stance":3,"InterruptCurrent":false,"AttackBack":true,"TargetPriority":"","ActiveOrders":null,"Health":16,"MaxHealth":16},{"InternalID":50,"UnitID":12,"Type":2,"Kind":1,"Location":{"Space":{"X":-2,"Y":-1},"Zone":{"X":0,"Y":0}},"CurrentStamina":18,"CurrentOrder":null,"Builds":[],"GarrisonedIn":null,"Stance":3,"InterruptCurrent":false,"AttackBack":true,"TargetPriority":"","ActiveOrders":null,"Health":16,"MaxHealth":16},{"InternalID":51,"UnitID":12,"Type":2,"Kind":1,"Location":{"Space":{"X":-2,"Y":-1},"Zone":{"X":0,"Y":0}},"CurrentStamina":18,"CurrentOrder":null,"Builds":[],"GarrisonedIn":null,"Stance":3,"InterruptCurrent":false,"AttackBack":true,"TargetPriority":"","ActiveOrders":null,"Health":16,"MaxHealth":16},{"InternalID":52,"UnitID":12,"Type":2,"Kind":1,"Location":{"Space":{"X":-2,"Y":-1},"Zone":{"X":0,"Y":0}},"CurrentStamina":18,"CurrentOrder":null,"Builds":[],"GarrisonedIn":null,"Stance":3,"InterruptCurrent":false,"AttackBack":true,"TargetPriority":"","ActiveOrders":null,"Health":16,"MaxHealth":16},{"InternalID":53,"UnitID":12,"Type":2,"Kind":1,"Location":{"Space":{"X":-2,"Y":-1},"Zone":{"X":0,"Y":0}},"CurrentStamina":18,"CurrentOrder":null,"Builds":[],"GarrisonedIn":null,"Stance":3,"InterruptCurrent":false,"AttackBack":true,"TargetPriority":"","ActiveOrders":null,"Health":16,"MaxHealth":16},{"InternalID":54,"UnitID":12,"Type":2,"Kind":1,"Location":{"Space":{"X":-2,"Y":-1},"Zone":{"X":0,"Y":0}},"CurrentStamina":18,"CurrentOrder":null,"Builds":[],"GarrisonedIn":null,"Stance":3,"InterruptCurrent":false,"AttackBack":true,"TargetPriority":"","ActiveOrders":null,"Health":16,"MaxHealth":16},{"InternalID":55,"UnitID":13,"Type":2,"Kind":1,"Location":{"Space":{"X":-2,"Y":-1},"Zone":{"X":0,"Y":0}},"CurrentStamina":12,"CurrentOrder":null,"Builds":[],"GarrisonedIn":null,"Stance":3,"InterruptCurrent":false,"AttackBack":true,"TargetPriority":"","ActiveOrders":null,"Health":50,"MaxHealth":50},{"InternalID":56,"UnitID":13,"Type":2,"Kind":1,"Location":{"Space":{"X":-2,"Y":-1},"Zone":{"X":0,"Y":0}},"CurrentStamina":12,"CurrentOrder":null,"Builds":[],"GarrisonedIn":null,"Stance":3,"InterruptCurrent":false,"AttackBack":true,"TargetPriority":"","ActiveOrders":null,"Health":50,"MaxHealth":50},{"InternalID":57,"UnitID":13,"Type":2,"Kind":1,"Location":{"Space":{"X":-2,"Y":-1},"Zone":{"X":0,"Y":0}},"CurrentStamina":12,"CurrentOrder":null,"Builds":[],"GarrisonedIn":null,"Stance":3,"InterruptCurrent":false,"AttackBack":true,"TargetPriority":"","ActiveOrders":null,"Health":50,"MaxHealth":50},{"InternalID":58,"UnitID":13,"Type":2,"Kind":1,"Location":{"Space":{"X":-2,"Y":-1},"Zone":{"X":0,"Y":0}},"CurrentStamina":12,"CurrentOrder":null,"Builds":[],"GarrisonedIn":null,"Stance":3,"InterruptCurrent":false,"AttackBack":true,"TargetPriority":"","ActiveOrders":null,"Health":50,"MaxHealth":50},{"InternalID":59,"UnitID":13,"Type":2,"Kind":1,"Location":{"Space":{"X":-2,"Y":-1},"Zone":{"X":0,"Y":0}},"CurrentStamina":12,"CurrentOrder":null,"Builds":[],"GarrisonedIn":null,"Stance":3,"InterruptCurrent":false,"AttackBack":true,"TargetPriority":"","ActiveOrders":null,"Health":50,"MaxHealth":50},{"InternalID":60,"UnitID":13,"Type":2,"Kind":1,"Location":{"Space":{"X":-2,"Y":-1},"Zone":{"X":0,"Y":0}},"CurrentStamina":12,"CurrentOrder":null,"Builds":[],"GarrisonedIn":null,"Stance":3,"InterruptCurrent":false,"AttackBack":true,"TargetPriority":"","ActiveOrders":null,"Health":50,"MaxHealth":50}]}
2026/09/30 21:20:33 ai ai-1: submitting orders []
2026/09/30 21:20:33 ai ai-1: vars {}
2026/09/30 21:20:33 player action: submit-orders 0 2 map[orders:[]]
2026/09/30 21:20:33 Executing submit orders for: 1 []
2026/09/30 21:20:33 ai ai-0: new turn data {"buildings":[],"enemy_buildings":[],"enemy_units":[],"foundations":[],"population":{"current":30,"limit":0},"resources":{"food":200,"gold":14,"stone":100,"wood":200},"spaces":[{"Space":{"X":0,"Y":-4},"Vision":0,"Owner":-1},{"Space":{"X":1,"Y":-4},"Vision":0,"Owner":-1},{"Space":{"X":2,"Y":-4},"Vision":0,"Owner":-1},{"Space":{"X":3,"Y":-4},"Vision":0,"Owner":-1},{"Space":{"X":4,"Y":-4},"Vision":0,"Owner":-1},{"Space":{"X":-1,"Y":-3},"Vision":0,"Owner":-1},{"Space":{"X":0,"Y":-3},"Vision":0,"Owner":-1},{"Space":{"X":1,"Y":-3},"Vision":0,"Owner":-1},{"Space":{"X":2,"Y":-3},"Vision":0,"Owner":-1},{"Space":{"X":3,"Y":-3},"Vision":0,"Owner":-1},{"Space":{"X":4,"Y":-3},"Vision":0,"Owner":-1},{"Space":{"X":-2,"Y":-2},"Vision":0,"Owner":-1},{"Space":{"X":-1,"Y":-2},"Vision":0,"Owner":-1},{"Space":{"X":0,"Y":-2},"Vision":0,"Owner":-1},{"Space":{"X":1,"Y":-2},"Vision":0,"Owner":-1},{"Space":{"X":2,"Y":-2},"Vision":2,"Owner":-1},{"Space":{"X":3,"Y":-2},"Vision":2,"Owner":-1},{"Space":{"X":4,"Y":-2},"Vision":0,"Owner":-1},{"Space":{"X":-3,"Y":-1},"Vision":0,"Owner":-1},{"Space":{"X":-2,"Y":-1},"Vision":0,"Owner":-1},{"Space":{"X":-1,"Y":-1},"Vision":0,"Owner":-1},{"Space":{"X":0,"Y":-1},"Vision":0,"Owner":-1},{"Space":{"X":1,"Y":-1},"Vision":2,"Owner":-1},{"Space":{"X":2,"Y":-1},"Vision":3,"Owner":0},{"Space":{"X":3,"Y":-1},"Vision":2,"Owner":-1},{"Space":{"X":4,"Y":-1},"Vision":0,"Owner":-1},{"Space":{"X":-4,"Y":0},"Vision":0,"Owner":-1},{"Space":{"X":-3,"Y":0},"Vision":0,"Owner":-1},{"Space":{"X":-2,"Y":0},"Vision":0,"Owner":-1},{"Space":{"X":-1,"Y":0},"Vision":0,"Owner":-1},{"Space":{"X":0,"Y":0},"Vision":2,"Owner":-1},{"Space":{"X":1,"Y":0},"Vision":3,"Owner":-1},{"Space":{"X":2,"Y":0},"Vision":3,"Owner":-1},{"Space":{"X":3,"Y":0},"Vision":1,"Owner":-1},{"Space":{"X":4,"Y":0},"Vision":0,"Owner":-1},{"Space":{"X":-4,"Y":1},"Vision":0,"Owner":-1},{"Space":{"X":-3,"Y":1},"Vision":0,"Owner":-1},{"Space":{"X":-2,"Y":1},"Vision":0,"Owner":-1},{"Space":{"X":-1,"Y":1},"Vision":2,"Owner":-1},{"Space":{"X":0,"Y":1},"Vision":3,"Owner":0},{"Space":{"X":1,"Y":1},"Vision":3,"Owner":0},{"Space":{"X":2,"Y":1},"Vision":2,"Owner":-1},{"Space":{"X":3,"Y":1},"Vision":1,"Owner":-1},{"Space":{"X":-4,"Y":2},"Vision":0,"Owner":-1},{"Space":{"X":-3,"Y":2},"Vision":0,"Owner":-1},{"Space":{"X":-2,"Y":2},"Vision":0,"Owner":-1},{"Space":{"X":-1,"Y":2},"Vision":2,"Owner":-1},{"Space":{"X":0,"Y":2},"Vision":3,"Owner":0},{"Space":{"X":1,"Y":2},"Vision":3,"Owner":-1},{"Space":{"X":2,"Y":2},"Vision":3,"Owner":-1},{"Space":{"X":-4,"Y":3},"Vision":0,"Owner":-1},{"Space":{"X":-3,"Y":3},"Vision":0,"Owner":-1},{"Space":{"X":-2,"Y":3},"Vision":0,"Owner":-1},{"Space":{"X":-1,"Y":3},"Vision":2,"Owner":-1},{"Space":{"X":0,"Y":3},"Vision":3,"Owner":0},{"Space":{"X":1,"Y":3},"Vision":3,"Owner":0},{"Space":{"X":-4,"Y":4},"Vision":0,"Owner":-1},{"Space":{"X":-3,"Y":4},"Vision":0,"Owner":-1},{"Space":{"X":-2,"Y":4},"Vision":0,"Owner":-1},{"Space":{"X":-1,"Y":4},"Vision":2,"Owner":-1},{"Space":{"X":0,"Y":4},"Vision":2,"Owner":-1}],"units":[{"InternalID":1,"UnitID":11,"Type":2,"Kind":1,"Location":{"Space":{"X":0,"Y":1},"Zone":{"X":1,"Y":0}},"CurrentStamina":15,"CurrentOrder":{"Kind":0,"TargetZone":{"Space":{"X":0,"Y":1},"Zone":{"X":0,"Y":0}},"TargetSpace":null,"TargetResource":null,"TargetUnit":null,"TargetBuilding":null},"Builds":[],"GarrisonedIn":null,"Stance":3,"InterruptCurrent":true,"AttackBack":true,"TargetPriority":"","ActiveOrders":[{"ID":2,"Kind":0}],"Health":11,"MaxHealth":11},{"InternalID":2,"UnitID":11,"Type":2,"Kind":1,"Location":{"Space":{"X":0,"Y":2},"Zone":{"X":1,"Y":0}},"CurrentStamina":15,"CurrentOrder":{"Kind":0,"TargetZone":{"Space":{"X":0,"Y":2},"Zone":{"X":0,"Y":0}},"TargetSpace":null,"TargetResource":null,"TargetUnit":null,"TargetBuilding":null},"Builds":[],"GarrisonedIn":null,"Stance":3,"InterruptCurrent":true,"AttackBack":true,"TargetPriority":"","ActiveOrders":[{"ID":3,"Kind":0}],"Health":11,"MaxHealth":11},{"InternalID":3,"UnitID":11,"Type":2,"Kind":1,"Location":{"Space":{"X":0,"Y":3},"Zone":{"X":1,"Y":-1}},"CurrentStamina":15,"CurrentOrder":{"Kind":0,"TargetZone":{"Space":{"X":0,"Y":3},"Zone":{"X":0,"Y":0}},"TargetSpace":null,"TargetResource":null,"TargetUnit":null,"TargetBuilding":null},"Builds":[],"GarrisonedIn":null,"Stance":3,"InterruptCurrent":true,"AttackBack":true,"TargetPriority":"","ActiveOrders":[{"ID":4,"Kind":0}],"Health":11,"MaxHealth":11},{"InternalID":4,"UnitID":11,"Type":2,"Kind":1,"Location":{"Space":{"X":1,"Y":1},"Zone":{"X":0,"Y":-1}},"CurrentStamina":21,"CurrentOrder":{"Kind":0,"TargetZone":{"Space":{"X":1,"Y":0},"Zone":{"X":0,"Y":0}},"TargetSpace":null,"TargetResource":null,"TargetUnit":null,"TargetBuilding":null},"Builds":[],"GarrisonedIn":null,"Stance":3,"InterruptCurrent":true,"AttackBack":true,"TargetPriority":"","ActiveOrders":[{"ID":5,"Kind":0}],"Health":11,"MaxHealth":11},{"InternalID":5,"UnitID":11,"Type":2,"Kind":1,"Location":{"Space":{"X":1,"Y":3},"Zone":{"X":1,"Y":-1}},"CurrentStamina":15,"CurrentOrder":{"Kind":0,"TargetZone":{"Space":{"X":1,"Y":3},"Zone":{"X":0,"Y":0}},"TargetSpace":null,"TargetResource":null,"TargetUnit":null,"TargetBuilding":null},"Builds":[],"GarrisonedIn":null,"Stance":3,"InterruptCurrent":true,"AttackBack":true,"TargetPriority":"","ActiveOrders":[{"ID":6,"Kind":0}],"Health":11,"MaxHealth":11},{"InternalID":6,"UnitID":11,"Type":2,"Kind":1,"Location":{"Space":{"X":2,"Y":-1},"Zone":{"X":0,"Y":1}},"CurrentStamina":15,"CurrentOrder":{"Kind":0,"TargetZone":{"Space":{"X":2,"Y":-1},"Zone":{"X":0,"Y":0}},"TargetSpace":null,"TargetResource":null,"TargetUnit":null,"TargetBuilding":null},"Builds":[],"GarrisonedIn":null,"Stance":3,"InterruptCurrent":false,"AttackBack":true,"TargetPriority":"","ActiveOrders":[{"ID":7,"Kind":0}],"Health":11,"MaxHealth":11},{"InternalID":7,"UnitID":11,"Type":2,"Kind":1,"Location":{"Space":{"X":0,"Y":1},"Zone":{"X":1,"Y":0}},"CurrentStamina":15,"CurrentOrder":{"Kind":0,"TargetZone":{"Space":{"X":0,"Y":1},"Zone":{"X":0,"Y":0}},"TargetSpace":null,"TargetResource":null,"TargetUnit":null,"TargetBuilding":null},"Builds":[],"GarrisonedIn":null,"Stance":3,"InterruptCurrent":true,"AttackBack":true,"TargetPriority":"","ActiveOrders":[{"ID":8,"Kind":0}],"Health":11,"MaxHealth":11},{"InternalID":8,"UnitID":11,"Type":2,"Kind":1,"Location":{"Space":{"X":0,"Y":1},"Zone":{"X":1,"Y":0}},"CurrentStamina":15,"CurrentOrder":{"Kind":0,"TargetZone":{"Space":{"X":0,"Y":1},"Zone":{"X":0,"Y":0}},"TargetSpace":null,"TargetResource":null,"TargetUnit":null,"TargetBuilding":null},"Builds":[],"GarrisonedIn":null,"Stance":3,"InterruptCurrent":true,"AttackBack":true,"TargetPriority":"","ActiveOrders":[{"ID":9,"Kind":0}],"Health":11,"MaxHealth":11},{"InternalID":9,"UnitID":11,"Type":2,"Kind":1,"Location":{"Space":{"X":0,"Y":1},"Zone":{"X":1,"Y":0}},"CurrentStamina":15,"CurrentOrder":{"Kind":0,"TargetZone":{"Space":{"X":0,"Y":1},"Zone":{"X":0,"Y":0}},"TargetSpace":null,"TargetResource":null,"TargetUnit":null,"TargetBuilding":null},"Builds":[],"GarrisonedIn":null,"Stance":3,"InterruptCurrent":true,"AttackBack":true,"TargetPriority":"","ActiveOrders":[{"ID":10,"Kind":0}],"Health":11,"MaxHealth":11},{"InternalID":10,"UnitID":11,"Type":2,"Kind":1,"Location":{"Space":{"X":0,"Y":1},"Zone":{"X":1,"Y":0}},"CurrentStamina":15,"CurrentOrder":{"Kind":0,"TargetZone":{"Space":{"X":0,"Y":1},"Zone":{"X":0,"Y":0}},"TargetSpace":null,"TargetResource":null,"TargetUnit":null,"TargetBuilding":null},"Builds":[],"GarrisonedIn":null,"Stance":3,"InterruptCurrent":true,"AttackBack":true,"TargetPriority":"","ActiveOrders":[{"ID":11,"Kind":0}],"Health":11,"MaxHealth":11},{"InternalID":11,"UnitID":11,"Type":2,"Kind":1,"Location":{"Space":{"X":0,"Y":1},"Zone":{"X":1,"Y":0}},"CurrentStamina":15,"CurrentOrder":{"Kind":0,"TargetZone":{"Space":{"X":0,"Y":1},"Zone":{"X":0,"Y":0}},"TargetSpace":null,"TargetResource":null,"TargetUnit":null,"TargetBuilding":null},"Builds":[],"GarrisonedIn":null,"Stance":3,"InterruptCurrent":true,"AttackBack":true,"TargetPriority":"","ActiveOrders":[{"ID":12,"Kind":0}],"Health":11,"MaxHealth":11},{"InternalID":12,"UnitID":11,"Type":2,"Kind":1,"Location":{"Space":{"X":0,"Y":1},"Zone":{"X":1,"Y":0}},"CurrentStamina":15,"CurrentOrder":{"Kind":0,"TargetZone":{"Space":{"X":0,"Y":1},"Zone":{"X":0,"Y":0}},"TargetSpace":null,"TargetResource":null,"TargetUnit":null,"TargetBuilding":null},"Builds":[],"GarrisonedIn":null,"Stance":3,"InterruptCurrent":true,"AttackBack":true,"TargetPriority":"","ActiveOrders":[{"ID":13,"Kind":0}],"Health":11,"MaxHealth":11},{"InternalID":13,"UnitID":11,"Type":2,"Kind":1,"Location":{"Space":{"X":0,"Y":1},"Zone":{"X":1,"Y":0}},"CurrentStamina":15,"CurrentOrder":{"Kind":0,"TargetZone":{"Space":{"X":0,"Y":1},"Zone":{"X":0,"Y":0}},"TargetSpace":null,"TargetResource":null,"TargetUnit":null,"TargetBuilding":null},"Builds":[],"GarrisonedIn":null,"Stance":3,"InterruptCurrent":true,"AttackBack":true,"TargetPriority":"","ActiveOrders":[{"ID":14,"Kind":0}],"Health":11,"MaxHealth":11},{"InternalID":14,"UnitID":11,"Type":2,"Kind":1,"Location":{"Space":{"X":0,"Y":1},"Zone":{"X":1,"Y":0}},"CurrentStamina":15,"CurrentOrder":{"Kind":0,"TargetZone":{"Space":{"X":0,"Y":1},"Zone":{"X":0,"Y":0}},"TargetSpace":null,"TargetResource":null,"TargetUnit":null,"TargetBuilding":null},"Builds":[],"GarrisonedIn":null,"Stance":3,"InterruptCurrent":true,"AttackBack":true,"TargetPriority":"","ActiveOrders":[{"ID":15,"Kind":0}],"Health":11,"MaxHealth":11},{"InternalID":15,"UnitID":11,"Type":2,"Kind":1,"Location":{"Space":{"X":0,"Y":1},"Zone":{"X":1,"Y":0}},"CurrentStamina":15,"CurrentOrder":{"Kind":0,"TargetZone":{"Space":{"X":0,"Y":1},"Zone":{"X":0,"Y":0}},"TargetSpace":null,"TargetResource":null,"TargetUnit":null,"TargetBuilding":null},"Builds":[],"GarrisonedIn":null,"Stance":3,"InterruptCurrent":true,"AttackBack":true,"TargetPriority":"","ActiveOrders":[{"ID":16,"Kind":0}],"Health":11,"MaxHealth":11},{"InternalID":16,"UnitID":11,"Type":2,"Kind":1,"Location":{"Space":{"X":0,"Y":1},"Zone":{"X":1,"Y":0}},"CurrentStamina":15,"CurrentOrder":{"Kind":0,"TargetZone":{"Space":{"X":0,"Y":1},"Zone":{"X":0,"Y":0}},"TargetSpace":null,"TargetResource":null,"TargetUnit":null,"TargetBuilding":null},"Builds":[],"GarrisonedIn":null,"Stance":3,"InterruptCurrent":true,"AttackBack":true,"TargetPriority":"","ActiveOrders":[{"ID":17,"Kind":0}],"Health":11,"MaxHealth":11},{"InternalID":17,"UnitID":12,"Type":2,"Kind":1,"Location":{"Space":{"X":1,"Y":1},"Zone":{"X":-1,"Y":0}},"CurrentStamina":15,"CurrentOrder":{"Kind":0,"TargetZone":{"Space":{"X":0,"Y":1},"Zone":{"X":0,"Y":0}},"TargetSpace":null,"TargetResource":null,"TargetUnit":null,"TargetBuilding":null},"Builds":[],"GarrisonedIn":null,"Stance":3,"InterruptCurrent":true,"AttackBack":true,"TargetPriority":"","ActiveOrders":[{"ID":18,"Kind":0}],"Health":16,"MaxHealth":16},{"InternalID":18,"UnitID":12,"Type":2,"Kind":1,"Location":{"Space":{"X":1,"Y":1},"Zone":{"X":-1,"Y":0}},"CurrentStamina":15,"CurrentOrder":{"Kind":0,"TargetZone":{"Space":{"X":0,"Y":1},"Zone":{"X":0,"Y":0}},"TargetSpace":null,"TargetResource":null,"TargetUnit":null,"TargetBuilding":null},"Builds":[],"GarrisonedIn":null,"Stance":3,"InterruptCurrent":true,"AttackBack":true,"TargetPriority":"","ActiveOrders":[{"ID":19,"Kind":0}],"Health":16,"MaxHealth":16},{"InternalID":19,"UnitID":12,"Type":2,"Kind":1,"Location":{"Space":{"X":1,"Y":1},"Zone":{"X":-1,"Y":0}},"CurrentStamina":15,"CurrentOrder":{"Kind":0,"TargetZone":{"Space":{"X":0,"Y":1},"Zone":{"X":0,"Y":0}},"TargetSpace":null,"TargetResource":null,"TargetUnit":null,"TargetBuilding":null},"Builds":[],"GarrisonedIn":null,"Stance":3,"InterruptCurrent":true,"AttackBack":true,"TargetPriority":"","ActiveOrders":[{"ID":20,"Kind":0}],"Health":16,"MaxHealth":16},{"InternalID":20,"UnitID":12,"Type":2,"Kind":1,"Location":{"Space":{"X":1,"Y":1},"Zone":{"X":-1,"Y":0}},"CurrentStamina":15,"CurrentOrder":{"Kind":0,"TargetZone":{"Space":{"X":0,"Y":1},"Zone":{"X":0,"Y":0}},"TargetSpace":null,"TargetResource":null,"TargetUnit":null,"TargetBuilding":null},"Builds":[],"GarrisonedIn":null,"Stance":3,"InterruptCurrent":true,"AttackBack":true,"TargetPriority":"","ActiveOrders":[{"ID":21,"Kind":0}],"Health":16,"MaxHealth":16},{"InternalID":21,"UnitID":12,"Type":2,"Kind":1,"Location":{"Space":{"X":1,"Y":1},"Zone":{"X":-1,"Y":0}},"CurrentStamina":15,"CurrentOrder":{"Kind":0,"TargetZone":{"Space":{"X":0,"Y":1},"Zone":{"X":0,"Y":0}},"TargetSpace":null,"TargetResource":null,"TargetUnit":null,"TargetBuilding":null},"Builds":[],"GarrisonedIn":null,"Stance":3,"InterruptCurrent":true,"AttackBack":true,"TargetPriority":"","ActiveOrders":[{"ID":22,"Kind":0}],"Health":16,"MaxHealth":16},{"InternalID":22,"UnitID":12,"Type":2,"Kind":1,"Location":{"Space":{"X":1,"Y":1},"Zone":{"X":-1,"Y":0}},"CurrentStamina":15,"CurrentOrder":{"Kind":0,"TargetZone":{"Space":{"X":0,"Y":1},"Zone":{"X":0,"Y":0}},"TargetSpace":null,"TargetResource":null,"TargetUnit":null,"TargetBuilding":null},"Builds":[],"GarrisonedIn":null,"Stance":3,"InterruptCurrent":true,"AttackBack":true,"TargetPriority":"","ActiveOrders":[{"ID":23,"Kind":0}],"Health":16,"MaxHealth":16},{"InternalID":23,"UnitID":12,"Type":2,"Kind":1,"Location":{"Space":{"X":1,"Y":1},"Zone":{"X":-1,"Y":0}},"CurrentStamina":15,"CurrentOrder":{"Kind":0,"TargetZone":{"Space":{"X":0,"Y":1},"Zone":{"X":0,"Y":0}},"TargetSpace":null,"TargetResource":null,"TargetUnit":null,"TargetBuilding":null},"Builds":[],"GarrisonedIn":null,"Stance":3,"InterruptCurrent":true,"AttackBack":true,"TargetPriority":"","ActiveOrders":[{"ID":24,"Kind":0}],"Health":16,"MaxHealth":16},{"InternalID":24,"UnitID":12,"Type":2,"Kind":1,"Location":{"Space":{"X":1,"Y":1},"Zone":{"X":-1,"Y":0}},"CurrentStamina":15,"CurrentOrder":{"Kind":0,"TargetZone":{"Space":{"X":0,"Y":1},"Zone":{"X":0,"Y":0}},"TargetSpace":null,"TargetResource":null,"TargetUnit":null,"TargetBuilding":null},"Builds":[],"GarrisonedIn":null,"Stance":3,"InterruptCurrent":true,"AttackBack":true,"TargetPriority":"","ActiveOrders":[{"ID":25,"Kind":0}],"Health":16,"MaxHealth":16},{"InternalID":25,"UnitID":13,"Type":2,"Kind":1,"Location":{"Space":{"X":1,"Y":1},"Zone":{"X":0,"Y":0}},"CurrentStamina":8,"CurrentOrder":{"Kind":0,"TargetZone":{"Space":{"X":0,"Y":1},"Zone":{"X":0,"Y":0}},"TargetSpace":null,"TargetResource":null,"TargetUnit":null,"TargetBuilding":null},"Builds":[],"GarrisonedIn":null,"Stance":3,"InterruptCurrent":true,"AttackBack":true,"TargetPriority":"","ActiveOrders":[{"ID":26,"Kind":0}],"Health":50,"MaxHealth":50},{"InternalID":26,"UnitID":13,"Type":2,"Kind":1,"Location":{"Space":{"X":1,"Y":1},"Zone":{"X":0,"Y":0}},"CurrentStamina":8,"CurrentOrder":{"Kind":0,"TargetZone":{"Space":{"X":0,"Y":1},"Zone":{"X":0,"Y":0}},"TargetSpace":null,"TargetResource":null,"TargetUnit":null,"TargetBuilding":null},"Builds":[],"GarrisonedIn":null,"Stance":3,"InterruptCurrent":true,"AttackBack":true,"TargetPriority":"","ActiveOrders":[{"ID":27,"Kind":0}],"Health":50,"MaxHealth":50},{"InternalID":27,"UnitID":13,"Type":2,"Kind":1,"Location":{"Space":{"X":1,"Y":1},"Zone":{"X":0,"Y":0}},"CurrentStamina":8,"CurrentOrder":{"Kind":0,"TargetZone":{"Space":{"X":0,"Y":1},"Zone":{"X":0,"Y":0}},"TargetSpace":null,"TargetResource":null,"TargetUnit":null,"TargetBuilding":null},"Builds":[],"GarrisonedIn":null,"Stance":3,"InterruptCurrent":true,"AttackBack":true,"TargetPriority":"","ActiveOrders":[{"ID":28,"Kind":0}],"Health":50,"MaxHealth":50},{"InternalID":28,"UnitID":13,"Type":2,"Kind":1,"Location":{"Space":{"X":1,"Y":1},"Zone":{"X":0,"Y":0}},"CurrentStamina":8,"CurrentOrder":{"Kind":0,"TargetZone":{"Space":{"X":0,"Y":1},"Zone":{"X":0,"Y":0}},"TargetSpace":null,"TargetResource":null,"TargetUnit":null,"TargetBuilding":null},"Builds":[],"GarrisonedIn":null,"Stance":3,"InterruptCurrent":true,"AttackBack":true,"TargetPriority":"","ActiveOrders":[{"ID":29,"Kind":0}],"Health":50,"MaxHealth":50},{"InternalID":29,"UnitID":13,"Type":2,"Kind":1,"Location":{"Space":{"X":1,"Y":1},"Zone":{"X":0,"Y":0}},"CurrentStamina":8,"CurrentOrder":{"Kind":0,"TargetZone":{"Space":{"X":0,"Y":1},"Zone":{"X":0,"Y":0}},"TargetSpace":null,"TargetResource":null,"TargetUnit":null,"TargetBuilding":null},"Builds":[],"GarrisonedIn":null,"Stance":3,"InterruptCurrent":true,"AttackBack":true,"TargetPriority":"","ActiveOrders":[{"ID":30,"Kind":0}],"Health":50,"MaxHealth":50},{"InternalID":30,"UnitID":13,"Type":2,"Kind":1,"Location":{"Space":{"X":1,"Y":1},"Zone":{"X":0,"Y":0}},"CurrentStamina":8,"CurrentOrder":{"Kind":0,"TargetZone":{"Space":{"X":0,"Y":1},"Zone":{"X":0,"Y":0}},"TargetSpace":null,"TargetResource":null,"TargetUnit":null,"TargetBuilding":null},"Builds":[],"GarrisonedIn":null,"Stance":3,"InterruptCurrent":true,"AttackBack":true,"TargetPriority":"","ActiveOrders":[{"ID":31,"Kind":0}],"Health":50,"MaxHealth":50}]}
2026/09/30 21:20:33 ai ai-0: submitting orders []
2026/09/30 21:20:33 ai ai-0: vars {"B":16,"Hv":6,"Pi":8,"aPowLocal":0,"aThreat":0,"a_engaged":0,"a_odds":1.3,"a_outnumbered":0,"army_target":50,"army_value":3080,"assault":0,"bank_rate":28,"bar_barracks":0.17072129748186085,"bar_redoubt":1.1111111111111112,"barracks":0,"barracks_B":0,"barracks_P":0,"barracks_save":0,"barracks_spend":78.1,"barracks_want":0,"buffer_food":70,"buffer_gold":0,"buffer_stone":0,"buffer_wood":70,"builders":0,"committed":0,"eB":0,"eGrowth":0,"eH":0,"eMil":0,"eP":0,"ePow":0,"ePowEst":0,"ePowSeen":0,"eTech":1,"eV":0,"es":1,"farm_want":0,"farm_wood_short":0,"farming":0,"fire_barracks":0,"fire_farm0":0,"fire_farm1":0,"fire_farm2":0,"fire_house":0,"fire_outpost":0,"fire_redoubt":0,"fire_smith":0,"fire_vc":0,"food_need":0,"food_over":0,"food_rate":0,"food_slots":1000,"food_workers":0,"free_room":20,"go":0,"gold_income":12,"gold_need":0,"gold_rate":0,"gold_surplus":14,"guaranteed":0,"guard_home":0,"headroom":-30,"hire_B":753.8461538461538,"hire_P":1184.6153846153845,"homePow":0,"house_builders":0,"house_urgency":0,"house_want":0,"income_proj":0,"left":0,"lf_food":0,"lf_gold":0,"lf_stone":0,"lf_wood":0,"lump_food":0,"lump_gold":0,"lump_stone":0,"lump_wood":0,"maturity":0,"mil":30,"myTech":1,"n_barracks":0,"n_redoubts":0,"needB":19.99511837930193,"needP":0.00488162069807176,"outpost_want":0,"pikes":0,"planned_food":0,"planned_gold":0,"planned_stone":0,"planned_wood":0,"prod_rate":0,"proj_army":3080,"raid_danger":0,"raid_fails":0,"raid_lost":0,"raid_pause":0,"raid_prev":5,"raid_size":4.8,"raid_wiped":0,"rate":6,"redoubt_H":0,"redoubt_gold_ok":0.8622222222222222,"redoubt_save":0,"redoubt_spend":30,"redoubt_want":0,"redoubts":0,"rf_food":0,"rf_gold":0,"rf_stone":0,"rf_wood":0,"sB4":256,"sP4":0.0625,"scale_l":0,"scale_r":0,"shareH":0.2,"smith_want":0,"smiths":0,"spare":0,"spare_food":0.5,"stone_need":0,"stone_rate":0,"tH":26,"target_spend":400,"tech_food":50,"tech_gold":0,"tech_stone":0,"tech_wood":50,"threat_home":0,"turns_left":-300,"u_barracks":0.2868117797695263,"u_redoubt":0.18666666666666668,"unit_spend":120,"vB":4,"vH":1,"vP":0.5,"vc_want":0,"vcs":0,"vil_goal":50,"vil_rate":0,"vil_stamina":8,"vil_want":0,"vil_want_last":0,"vil_worth_now":0.6,"vils":0,"w_food":0,"w_gold":0,"w_stone":0,"w_wood":0,"wild_workers":0,"wood_need":0,"wood_rate":0,"workers":0}
2026/09/30 21:20:33 player action: submit-orders 0 1 map[orders:[]]
2026/09/30 21:20:33 Executing submit orders for: 0 []
2026/09/30 21:20:33 Resolving active orders
2026/09/30 21:20:33 Moving unit 4 Blunt Infantry to zone(0, 1) in space (1, 0) tick=1
2026/09/30 21:20:33 Moving unit 5 Blunt Infantry to zone(0, 0) in space (1, 3) tick=1
2026/09/30 21:20:33 Moving unit 9 Blunt Infantry to zone(0, 0) in space (0, 1) tick=1
2026/09/30 21:20:33 Moving unit 18 Piercing Infantry to zone(1, 0) in space (0, 1) tick=1
2026/09/30 21:20:33 Moving unit 27 Heavy Infantry to zone(-1, 0) in space (1, 1) tick=1
2026/09/30 21:20:33 Moving unit 26 Heavy Infantry to zone(-1, 0) in space (1, 1) tick=1
2026/09/30 21:20:33 Moving unit 12 Blunt Infantry to zone(0, 0) in space (0, 1) tick=1
2026/09/30 21:20:33 Moving unit 16 Blunt Infantry to zone(0, 0) in space (0, 1) tick=1
2026/09/30 21:20:33 Moving unit 19 Piercing Infantry to zone(1, 0) in space (0, 1) tick=1
2026/09/30 21:20:33 Moving unit 21 Piercing Infantry to zone(1, 0) in space (0, 1) tick=1
2026/09/30 21:20:33 Moving unit 23 Piercing Infantry to zone(1, 0) in space (0, 1) tick=1
2026/09/30 21:20:33 Moving unit 24 Piercing Infantry to zone(1, 0) in space (0, 1) tick=1
2026/09/30 21:20:33 Moving unit 30 Heavy Infantry to zone(-1, 0) in space (1, 1) tick=1
2026/09/30 21:20:33 Moving unit 1 Blunt Infantry to zone(0, 0) in space (0, 1) tick=1
2026/09/30 21:20:33 Moving unit 8 Blunt Infantry to zone(0, 0) in space (0, 1) tick=1
2026/09/30 21:20:33 Moving unit 11 Blunt Infantry to zone(0, 0) in space (0, 1) tick=1
2026/09/30 21:20:33 Moving unit 14 Blunt Infantry to zone(0, 0) in space (0, 1) tick=1
2026/09/30 21:20:33 Moving unit 22 Piercing Infantry to zone(1, 0) in space (0, 1) tick=1
2026/09/30 21:20:33 Moving unit 2 Blunt Infantry to zone(0, 0) in space (0, 2) tick=1
2026/09/30 21:20:33 Moving unit 7 Blunt Infantry to zone(0, 0) in space (0, 1) tick=1
2026/09/30 21:20:33 Moving unit 3 Blunt Infantry to zone(0, 0) in space (0, 3) tick=1
2026/09/30 21:20:33 Moving unit 6 Blunt Infantry to zone(0, 0) in space (2, -1) tick=1
2026/09/30 21:20:33 Moving unit 17 Piercing Infantry to zone(1, 0) in space (0, 1) tick=1
2026/09/30 21:20:33 Moving unit 25 Heavy Infantry to zone(-1, 0) in space (1, 1) tick=1
2026/09/30 21:20:33 Moving unit 10 Blunt Infantry to zone(0, 0) in space (0, 1) tick=1
2026/09/30 21:20:33 Moving unit 15 Blunt Infantry to zone(0, 0) in space (0, 1) tick=1
2026/09/30 21:20:33 Moving unit 20 Piercing Infantry to zone(1, 0) in space (0, 1) tick=1
2026/09/30 21:20:33 Moving unit 28 Heavy Infantry to zone(-1, 0) in space (1, 1) tick=1
2026/09/30 21:20:33 Moving unit 29 Heavy Infantry to zone(-1, 0) in space (1, 1) tick=1
2026/09/30 21:20:33 Moving unit 13 Blunt Infantry to zone(0, 0) in space (0, 1) tick=1
2026/09/30 21:20:33 Moving unit 31 Blunt Infantry to zone(0, 0) in space (-4, 0) tick=1
2026/09/30 21:20:33 state_hash turn=2 tick=1 hash=651da5b6da5deeee
2026/09/30 21:20:33 Moving unit 21 Piercing Infantry to zone(0, 0) in space (0, 1) tick=2
2026/09/30 21:20:33 Moving unit 23 Piercing Infantry to zone(0, 0) in space (0, 1) tick=2
2026/09/30 21:20:33 Moving unit 24 Piercing Infantry to zone(0, 0) in space (0, 1) tick=2
2026/09/30 21:20:33 Moving unit 30 Heavy Infantry to zone(1, 0) in space (0, 1) tick=2
2026/09/30 21:20:33 Moving unit 22 Piercing Infantry to zone(0, 0) in space (0, 1) tick=2
2026/09/30 21:20:33 Moving unit 17 Piercing Infantry to zone(0, 0) in space (0, 1) tick=2
2026/09/30 21:20:33 Moving unit 25 Heavy Infantry to zone(1, 0) in space (0, 1) tick=2
2026/09/30 21:20:33 Moving unit 20 Piercing Infantry to zone(0, 0) in space (0, 1) tick=2
2026/09/30 21:20:33 Moving unit 28 Heavy Infantry to zone(1, 0) in space (0, 1) tick=2
2026/09/30 21:20:33 Moving unit 29 Heavy Infantry to zone(1, 0) in space (0, 1) tick=2
2026/09/30 21:20:33 Moving unit 4 Blunt Infantry to zone(0, 0) in space (1, 0) tick=2
2026/09/30 21:20:33 Moving unit 18 Piercing Infantry to zone(0, 0) in space (0, 1) tick=2
2026/09/30 21:20:33 Moving unit 27 Heavy Infantry to zone(1, 0) in space (0, 1) tick=2
2026/09/30 21:20:33 Moving unit 26 Heavy Infantry to zone(1, 0) in space (0, 1) tick=2
2026/09/30 21:20:33 Moving unit 19 Piercing Infantry to zone(0, 0) in space (0, 1) tick=2
2026/09/30 21:20:33 state_hash turn=2 tick=2 hash=7ecedb3cf5cddd4e
2026/09/30 21:20:33 Moving unit 25 Heavy Infantry to zone(0, 0) in space (0, 1) tick=3
2026/09/30 21:20:33 Moving unit 28 Heavy Infantry to zone(0, 0) in space (0, 1) tick=3
2026/09/30 21:20:33 Moving unit 29 Heavy Infantry to zone(0, 0) in space (0, 1) tick=3
2026/09/30 21:20:33 Moving unit 27 Heavy Infantry to zone(0, 0) in space (0, 1) tick=3
2026/09/30 21:20:33 Moving unit 26 Heavy Infantry to zone(0, 0) in space (0, 1) tick=3
2026/09/30 21:20:33 Moving unit 30 Heavy Infantry to zone(0, 0) in space (0, 1) tick=3
2026/09/30 21:20:33 state_hash turn=2 tick=3 hash=a81a605beb494e51
2026/09/30 21:20:33 state_hash turn=2 tick=end hash=1b7a638644aee2e9
2026/09/30 21:20:33 ai ai-1: new turn data {"buildings":[],"enemy_buildings":[],"enemy_units":[],"foundations":[],"population":{"current":30,"limit":0},"resources":{"food":200,"gold":10,"stone":100,"wood":200},"spaces":[{"Space":{"X":0,"Y":-4},"Vision":0,"Owner":-1},{"Space":{"X":1,"Y":-4},"Vision":0,"Owner":-1},{"Space":{"X":2,"Y":-4},"Vision":0,"Owner":-1},{"Space":{"X":3,"Y":-4},"Vision":0,"Owner":-1},{"Space":{"X":4,"Y":-4},"Vision":0,"Owner":-1},{"Space":{"X":-1,"Y":-3},"Vision":0,"Owner":-1},{"Space":{"X":0,"Y":-3},"Vision":0,"Owner":-1},{"Space":{"X":1,"Y":-3},"Vision":0,"Owner":-1},{"Space":{"X":2,"Y":-3},"Vision":0,"Owner":-1},{"Space":{"X":3,"Y":-3},"Vision":0,"Owner":-1},{"Space":{"X":4,"Y":-3},"Vision":0,"Owner":-1},{"Space":{"X":-2,"Y":-2},"Vision":2,"Owner":-1},{"Space":{"X":-1,"Y":-2},"Vision":2,"Owner":-1},{"Space":{"X":0,"Y":-2},"Vision":0,"Owner":-1},{"Space":{"X":1,"Y":-2},"Vision":0,"Owner":-1},{"Space":{"X":2,"Y":-2},"Vision":0,"Owner":-1},{"Space":{"X":3,"Y":-2},"Vision":0,"Owner":-1},{"Space":{"X":4,"Y":-2},"Vision":0,"Owner":-1},{"Space":{"X":-3,"Y":-1},"Vision":2,"Owner":-1},{"Space":{"X":-2,"Y":-1},"Vision":3,"Owner":1},{"Space":{"X":-1,"Y":-1},"Vision":2,"Owner":-1},{"Space":{"X":0,"Y":-1},"Vision":0,"Owner":-1},{"Space":{"X":1,"Y":-1},"Vision":0,"Owner":-1},{"Space":{"X":2,"Y":-1},"Vision":0,"Owner":-1},{"Space":{"X":3,"Y":-1},"Vision":0,"Owner":-1},{"Space":{"X":4,"Y":-1},"Vision":0,"Owner":-1},{"Space":{"X":-4,"Y":0},"Vision":3,"Owner":1},{"Space":{"X":-3,"Y":0},"Vision":2,"Owner":-1},{"Space":{"X":-2,"Y":0},"Vision":2,"Owner":-1},{"Space":{"X":-1,"Y":0},"Vision":0,"Owner":-1},{"Space":{"X":0,"Y":0},"Vision":0,"Owner":-1},{"Space":{"X":1,"Y":0},"Vision":0,"Owner":-1},{"Space":{"X":2,"Y":0},"Vision":0,"Owner":-1},{"Space":{"X":3,"Y":0},"Vision":0,"Owner":-1},{"Space":{"X":4,"Y":0},"Vision":0,"Owner":-1},{"Space":{"X":-4,"Y":1},"Vision":2,"Owner":-1},{"Space":{"X":-3,"Y":1},"Vision":1,"Owner":-1},{"Space":{"X":-2,"Y":1},"Vision":0,"Owner":-1},{"Space":{"X":-1,"Y":1},"Vision":0,"Owner":-1},{"Space":{"X":0,"Y":1},"Vision":0,"Owner":-1},{"Space":{"X":1,"Y":1},"Vision":0,"Owner":-1},{"Space":{"X":2,"Y":1},"Vision":0,"Owner":-1},{"Space":{"X":3,"Y":1},"Vision":0,"Owner":-1},{"Space":{"X":-4,"Y":2},"Vision":0,"Owner":-1},{"Space":{"X":-3,"Y":2},"Vision":0,"Owner":-1},{"Space":{"X":-2,"Y":2},"Vision":0,"Owner":-1},{"Space":{"X":-1,"Y":2},"Vision":0,"Owner":-1},{"Space":{"X":0,"Y":2},"Vision":0,"Owner":-1},{"Space":{"X":1,"Y":2},"Vision":0,"Owner":-1},{"Space":{"X":2,"Y":2},"Vision":0,"Owner":-1},{"Space":{"X":-4,"Y":3},"Vision":0,"Owner":-1},{"Space":{"X":-3,"Y":3},"Vision":0,"Owner":-1},{"Space":{"X":-2,"Y":3},"Vision":0,"Owner":-1},{"Space":{"X":-1,"Y":3},"Vision":0,"Owner":-1},{"Space":{"X":0,"Y":3},"Vision":0,"Owner":-1},{"Space":{"X":1,"Y":3},"Vision":0,"Owner":-1},{"Space":{"X":-4,"Y":4},"Vision":0,"Owner":-1},{"Space":{"X":-3,"Y":4},"Vision":0,"Owner":-1},{"Space":{"X":-2,"Y":4},"Vision":0,"Owner":-1},{"Space":{"X":-1,"Y":4},"Vision":0,"Owner":-1},{"Space":{"X":0,"Y":4},"Vision":0,"Owner":-1}],"units":[{"InternalID":31,"UnitID":11,"Type":2,"Kind":1,"Location":{"Space":{"X":-4,"Y":0},"Zone":{"X":0,"Y":0}},"CurrentStamina":23,"CurrentOrder":null,"Builds":[],"GarrisonedIn":null,"Stance":3,"InterruptCurrent":false,"AttackBack":true,"TargetPriority":"","ActiveOrders":null,"Health":11,"MaxHealth":11},{"InternalID":32,"UnitID":11,"Type":2,"Kind":1,"Location":{"Space":{"X":-2,"Y":-1},"Zone":{"X":0,"Y":0}},"CurrentStamina":23,"CurrentOrder":null,"Builds":[],"GarrisonedIn":null,"Stance":3,"InterruptCurrent":false,"AttackBack":true,"TargetPriority":"","ActiveOrders":null,"Health":11,"MaxHealth":11},{"InternalID":33,"UnitID":11,"Type":2,"Kind":1,"Location":{"Space":{"X":-2,"Y":-1},"Zone":{"X":0,"Y":0}},"CurrentStamina":23,"CurrentOrder":null,"Builds":[],"GarrisonedIn":null,"Stance":3,"InterruptCurrent":false,"AttackBack":true,"TargetPriority":"","ActiveOrders":null,"Health":11,"MaxHealth":11},{"InternalID":34,"UnitID":11,"Type":2,"Kind":1,"Location":{"Space":{"X":-2,"Y":-1},"Zone":{"X":0,"Y":0}},"CurrentStamina":23,"CurrentOrder":null,"Builds":[],"GarrisonedIn":null,"Stance":3,"InterruptCurrent":false,"AttackBack":true,"TargetPriority":"","ActiveOrders":null,"Health":11,"MaxHealth":11},{"InternalID":35,"UnitID":11,"Type":2,"Kind":1,"Location":{"Space":{"X":-2,"Y":-1},"Zone":{"X":0,"Y":0}},"CurrentStamina":23,"CurrentOrder":null,"Builds":[],"GarrisonedIn":null,"Stance":3,"InterruptCurrent":false,"AttackBack":true,"TargetPriority":"","ActiveOrders":null,"Health":11,"MaxHealth":11},{"InternalID":36,"UnitID":11,"Type":2,"Kind":1,"Location":{"Space":{"X":-2,"Y":-1},"Zone":{"X":0,"Y":0}},"CurrentStamina":23,"CurrentOrder":null,"Builds":[],"GarrisonedIn":null,"Stance":3,"InterruptCurrent":false,"AttackBack":true,"TargetPriority":"","ActiveOrders":null,"Health":11,"MaxHealth":11},{"InternalID":37,"UnitID":11,"Type":2,"Kind":1,"Location":{"Space":{"X":-2,"Y":-1},"Zone":{"X":0,"Y":0}},"CurrentStamina":23,"CurrentOrder":null,"Builds":[],"GarrisonedIn":null,"Stance":3,"InterruptCurrent":false,"AttackBack":true,"TargetPriority":"","ActiveOrders":null,"Health":11,"MaxHealth":11},{"InternalID":38,"UnitID":11,"Type":2,"Kind":1,"Location":{"Space":{"X":-2,"Y":-1},"Zone":{"X":0,"Y":0}},"CurrentStamina":23,"CurrentOrder":null,"Builds":[],"GarrisonedIn":null,"Stance":3,"InterruptCurrent":false,"AttackBack":true,"TargetPriority":"","ActiveOrders":null,"Health":11,"MaxHealth":11},{"InternalID":39,"UnitID":11,"Type":2,"Kind":1,"Location":{"Space":{"X":-2,"Y":-1},"Zone":{"X":0,"Y":0}},"CurrentStamina":23,"CurrentOrder":null,"Builds":[],"GarrisonedIn":null,"Stance":3,"InterruptCurrent":false,"AttackBack":true,"TargetPriority":"","ActiveOrders":null,"Health":11,"MaxHealth":11},{"InternalID":40,"UnitID":11,"Type":2,"Kind":1,"Location":{"Space":{"X":-2,"Y":-1},"Zone":{"X":0,"Y":0}},"CurrentStamina":23,"CurrentOrder":null,"Builds":[],"GarrisonedIn":null,"Stance":3,"InterruptCurrent":false,"AttackBack":true,"TargetPriority":"","ActiveOrders":null,"Health":11,"MaxHealth":11},{"InternalID":41,"UnitID":11,"Type":2,"Kind":1,"Location":{"Space":{"X":-2,"Y":-1},"Zone":{"X":0,"Y":0}},"CurrentStamina":23,"CurrentOrder":null,"Builds":[],"GarrisonedIn":null,"Stance":3,"InterruptCurrent":false,"AttackBack":true,"TargetPriority":"","ActiveOrders":null,"Health":11,"MaxHealth":11},{"InternalID":42,"UnitID":11,"Type":2,"Kind":1,"Location":{"Space":{"X":-2,"Y":-1},"Zone":{"X":0,"Y":0}},"CurrentStamina":23,"CurrentOrder":null,"Builds":[],"GarrisonedIn":null,"Stance":3,"InterruptCurrent":false,"AttackBack":true,"TargetPriority":"","ActiveOrders":null,"Health":11,"MaxHealth":11},{"InternalID":43,"UnitID":11,"Type":2,"Kind":1,"Location":{"Space":{"X":-2,"Y":-1},"Zone":{"X":0,"Y":0}},"CurrentStamina":23,"CurrentOrder":null,"Builds":[],"GarrisonedIn":null,"Stance":3,"InterruptCurrent":false,"AttackBack":true,"TargetPriority":"","ActiveOrders":null,"Health":11,"MaxHealth":11},{"InternalID":44,"UnitID":11,"Type":2,"Kind":1,"Location":{"Space":{"X":-2,"Y":-1},"Zone":{"X":0,"Y":0}},"CurrentStamina":23,"CurrentOrder":null,"Builds":[],"GarrisonedIn":null,"Stance":3,"InterruptCurrent":false,"AttackBack":true,"TargetPriority":"","ActiveOrders":null,"Health":11,"MaxHealth":11},{"InternalID":45,"UnitID":11,"Type":2,"Kind":1,"Location":{"Space":{"X":-2,"Y":-1},"Zone":{"X":0,"Y":0}},"CurrentStamina":23,"CurrentOrder":null,"Builds":[],"GarrisonedIn":null,"Stance":3,"InterruptCurrent":false,"AttackBack":true,"TargetPriority":"","ActiveOrders":null,"Health":11,"MaxHealth":11},{"InternalID":46,"UnitID":11,"Type":2,"Kind":1,"Location":{"Space":{"X":-2,"Y":-1},"Zone":{"X":0,"Y":0}},"CurrentStamina":23,"CurrentOrder":null,"Builds":[],"GarrisonedIn":null,"Stance":3,"InterruptCurrent":false,"AttackBack":true,"TargetPriority":"","ActiveOrders":null,"Health":11,"MaxHealth":11},{"InternalID":47,"UnitID":12,"Type":2,"Kind":1,"Location":{"Space":{"X":-2,"Y":-1},"Zone":{"X":0,"Y":0}},"CurrentStamina":18,"CurrentOrder":null,"Builds":[],"GarrisonedIn":null,"Stance":3,"InterruptCurrent":false,"AttackBack":true,"TargetPriority":"","ActiveOrders":null,"Health":16,"MaxHealth":16},{"InternalID":48,"UnitID":12,"Type":2,"Kind":1,"Location":{"Space":{"X":-2,"Y":-1},"Zone":{"X":0,"Y":0}},"CurrentStamina":18,"CurrentOrder":null,"Builds":[],"GarrisonedIn":null,"Stance":3,"InterruptCurrent":false,"AttackBack":true,"TargetPriority":"","ActiveOrders":null,"Health":16,"MaxHealth":16},{"InternalID":49,"UnitID":12,"Type":2,"Kind":1,"Location":{"Space":{"X":-2,"Y":-1},"Zone":{"X":0,"Y":0}},"CurrentStamina":18,"CurrentOrder":null,"Builds":[],"GarrisonedIn":null,"Stance":3,"InterruptCurrent":false,"AttackBack":true,"TargetPriority":"","ActiveOrders":null,"Health":16,"MaxHealth":16},{"InternalID":50,"UnitID":12,"Type":2,"Kind":1,"Location":{"Space":{"X":-2,"Y":-1},"Zone":{"X":0,"Y":0}},"CurrentStamina":18,"CurrentOrder":null,"Builds":[],"GarrisonedIn":null,"Stance":3,"InterruptCurrent":false,"AttackBack":true,"TargetPriority":"","ActiveOrders":null,"Health":16,"MaxHealth":16},{"InternalID":51,"UnitID":12,"Type":2,"Kind":1,"Location":{"Space":{"X":-2,"Y":-1},"Zone":{"X":0,"Y":0}},"CurrentStamina":18,"CurrentOrder":null,"Builds":[],"GarrisonedIn":null,"Stance":3,"InterruptCurrent":false,"AttackBack":true,"TargetPriority":"","ActiveOrders":null,"Health":16,"MaxHealth":16},{"InternalID":52,"UnitID":12,"Type":2,"Kind":1,"Location":{"Space":{"X":-2,"Y":-1},"Zone":{"X":0,"Y":0}},"CurrentStamina":18,"CurrentOrder":null,"Builds":[],"GarrisonedIn":null,"Stance":3,"InterruptCurrent":false,"AttackBack":true,"TargetPriority":"","ActiveOrders":null,"Health":16,"MaxHealth":16},{"InternalID":53,"UnitID":12,"Type":2,"Kind":1,"Location":{"Space":{"X":-2,"Y":-1},"Zone":{"X":0,"Y":0}},"CurrentStamina":18,"CurrentOrder":null,"Builds":[],"GarrisonedIn":null,"Stance":3,"InterruptCurrent":false,"AttackBack":true,"TargetPriority":"","ActiveOrders":null,"Health":16,"MaxHealth":16},{"InternalID":54,"UnitID":12,"Type":2,"Kind":1,"Location":{"Space":{"X":-2,"Y":-1},"Zone":{"X":0,"Y":0}},"CurrentStamina":18,"CurrentOrder":null,"Builds":[],"GarrisonedIn":null,"Stance":3,"InterruptCurrent":false,"AttackBack":true,"TargetPriority":"","ActiveOrders":null,"Health":16,"MaxHealth":16},{"InternalID":55,"UnitID":13,"Type":2,"Kind":1,"Location":{"Space":{"X":-2,"Y":-1},"Zone":{"X":0,"Y":0}},"CurrentStamina":12,"CurrentOrder":null,"Builds":[],"GarrisonedIn":null,"Stance":3,"InterruptCurrent":false,"AttackBack":true,"TargetPriority":"","ActiveOrders":null,"Health":50,"MaxHealth":50},{"InternalID":56,"UnitID":13,"Type":2,"Kind":1,"Location":{"Space":{"X":-2,"Y":-1},"Zone":{"X":0,"Y":0}},"CurrentStamina":12,"CurrentOrder":null,"Builds":[],"GarrisonedIn":null,"Stance":3,"InterruptCurrent":false,"AttackBack":true,"TargetPriority":"","ActiveOrders":null,"Health":50,"MaxHealth":50},{"InternalID":57,"UnitID":13,"Type":2,"Kind":1,"Location":{"Space":{"X":-2,"Y":-1},"Zone":{"X":0,"Y":0}},"CurrentStamina":12,"CurrentOrder":null,"Builds":[],"GarrisonedIn":null,"Stance":3,"InterruptCurrent":false,"AttackBack":true,"TargetPriority":"","ActiveOrders":null,"Health":50,"MaxHealth":50},{"InternalID":58,"UnitID":13,"Type":2,"Kind":1,"Location":{"Space":{"X":-2,"Y":-1},"Zone":{"X":0,"Y":0}},"CurrentStamina":12,"CurrentOrder":null,"Builds":[],"GarrisonedIn":null,"Stance":3,"InterruptCurrent":false,"AttackBack":true,"TargetPriority":"","ActiveOrders":null,"Health":50,"MaxHealth":50},{"InternalID":59,"UnitID":13,"Type":2,"Kind":1,"Location":{"Space":{"X":-2,"Y":-1},"Zone":{"X":0,"Y":0}},"CurrentStamina":12,"CurrentOrder":null,"Builds":[],"GarrisonedIn":null,"Stance":3,"InterruptCurrent":false,"AttackBack":true,"TargetPriority":"","ActiveOrders":null,"Health":50,"MaxHealth":50},{"InternalID":60,"UnitID":13,"Type":2,"Kind":1,"Location":{"Space":{"X":-2,"Y":-1},"Zone":{"X":0,"Y":0}},"CurrentStamina":12,"CurrentOrder":null,"Builds":[],"GarrisonedIn":null,"Stance":3,"InterruptCurrent":false,"AttackBack":true,"TargetPriority":"","ActiveOrders":null,"Health":50,"MaxHealth":50}]}
2026/09/30 21:20:33 ai ai-1: submitting orders [{Subjects:[31] OrderType:2 TargetID:9870 ClearPreviousOrders:true}]
2026/09/30 21:20:33 ai ai-1: vars {}
2026/09/30 21:20:33 player action: submit-orders 0 2 map[orders:[{1 [31] 2 9870 true}]]
2026/09/30 21:20:33 Executing submit orders for: 1 [{1 [31] 2 9870 true}]
2026/09/30 21:20:33 ai ai-0: new turn data {"buildings":[],"enemy_buildings":[],"enemy_units":[],"foundations":[],"population":{"current":30,"limit":0},"resources":{"food":200,"gold":26,"stone":100,"wood":200},"spaces":[{"Space":{"X":0,"Y":-4},"Vision":0,"Owner":-1},{"Space":{"X":1,"Y":-4},"Vision":0,"Owner":-1},{"Space":{"X":2,"Y":-4},"Vision":0,"Owner":-1},{"Space":{"X":3,"Y":-4},"Vision":0,"Owner":-1},{"Space":{"X":4,"Y":-4},"Vision":0,"Owner":-1},{"Space":{"X":-1,"Y":-3},"Vision":0,"Owner":-1},{"Space":{"X":0,"Y":-3},"Vision":0,"Owner":-1},{"Space":{"X":1,"Y":-3},"Vision":0,"Owner":-1},{"Space":{"X":2,"Y":-3},"Vision":0,"Owner":-1},{"Space":{"X":3,"Y":-3},"Vision":0,"Owner":-1},{"Space":{"X":4,"Y":-3},"Vision":0,"Owner":-1},{"Space":{"X":-2,"Y":-2},"Vision":0,"Owner":-1},{"Space":{"X":-1,"Y":-2},"Vision":0,"Owner":-1},{"Space":{"X":0,"Y":-2},"Vision":0,"Owner":-1},{"Space":{"X":1,"Y":-2},"Vision":0,"Owner":-1},{"Space":{"X":2,"Y":-2},"Vision":2,"Owner":-1},{"Space":{"X":3,"Y":-2},"Vision":2,"Owner":-1},{"Space":{"X":4,"Y":-2},"Vision":0,"Owner":-1},{"Space":{"X":-3,"Y":-1},"Vision":0,"Owner":-1},{"Space":{"X":-2,"Y":-1},"Vision":0,"Owner":-1},{"Space":{"X":-1,"Y":-1},"Vision":0,"Owner":-1},{"Space":{"X":0,"Y":-1},"Vision":0,"Owner":-1},{"Space":{"X":1,"Y":-1},"Vision":2,"Owner":-1},{"Space":{"X":2,"Y":-1},"Vision":3,"Owner":0},{"Space":{"X":3,"Y":-1},"Vision":2,"Owner":-1},{"Space":{"X":4,"Y":-1},"Vision":0,"Owner":-1},{"Space":{"X":-4,"Y":0},"Vision":0,"Owner":-1},{"Space":{"X":-3,"Y":0},"Vision":0,"Owner":-1},{"Space":{"X":-2,"Y":0},"Vision":0,"Owner":-1},{"Space":{"X":-1,"Y":0},"Vision":0,"Owner":-1},{"Space":{"X":0,"Y":0},"Vision":2,"Owner":-1},{"Space":{"X":1,"Y":0},"Vision":3,"Owner":0},{"Space":{"X":2,"Y":0},"Vision":2,"Owner":-1},{"Space":{"X":3,"Y":0},"Vision":1,"Owner":-1},{"Space":{"X":4,"Y":0},"Vision":0,"Owner":-1},{"Space":{"X":-4,"Y":1},"Vision":0,"Owner":-1},{"Space":{"X":-3,"Y":1},"Vision":0,"Owner":-1},{"Space":{"X":-2,"Y":1},"Vision":0,"Owner":-1},{"Space":{"X":-1,"Y":1},"Vision":2,"Owner":-1},{"Space":{"X":0,"Y":1},"Vision":3,"Owner":0},{"Space":{"X":1,"Y":1},"Vision":2,"Owner":-1},{"Space":{"X":2,"Y":1},"Vision":1,"Owner":-1},{"Space":{"X":3,"Y":1},"Vision":1,"Owner":-1},{"Space":{"X":-4,"Y":2},"Vision":0,"Owner":-1},{"Space":{"X":-3,"Y":2},"Vision":0,"Owner":-1},{"Space":{"X":-2,"Y":2},"Vision":0,"Owner":-1},{"Space":{"X":-1,"Y":2},"Vision":2,"Owner":-1},{"Space":{"X":0,"Y":2},"Vision":3,"Owner":0},{"Space":{"X":1,"Y":2},"Vision":2,"Owner":-1},{"Space":{"X":2,"Y":2},"Vision":2,"Owner":-1},{"Space":{"X":-4,"Y":3},"Vision":0,"Owner":-1},{"Space":{"X":-3,"Y":3},"Vision":0,"Owner":-1},{"Space":{"X":-2,"Y":3},"Vision":0,"Owner":-1},{"Space":{"X":-1,"Y":3},"Vision":2,"Owner":-1},{"Space":{"X":0,"Y":3},"Vision":3,"Owner":0},{"Space":{"X":1,"Y":3},"Vision":3,"Owner":0},{"Space":{"X":-4,"Y":4},"Vision":0,"Owner":-1},{"Space":{"X":-3,"Y":4},"Vision":0,"Owner":-1},{"Space":{"X":-2,"Y":4},"Vision":0,"Owner":-1},{"Space":{"X":-1,"Y":4},"Vision":2,"Owner":-1},{"Space":{"X":0,"Y":4},"Vision":2,"Owner":-1}],"units":[{"InternalID":1,"UnitID":11,"Type":2,"Kind":1,"Location":{"Space":{"X":0,"Y":1},"Zone":{"X":0,"Y":0}},"CurrentStamina":23,"CurrentOrder":null,"Builds":[],"GarrisonedIn":null,"Stance":3,"InterruptCurrent":true,"AttackBack":true,"TargetPriority":"","ActiveOrders":null,"Health":11,"MaxHealth":11},{"InternalID":2,"UnitID":11,"Type":2,"Kind":1,"Location":{"Space":{"X":0,"Y":2},"Zone":{"X":0,"Y":0}},"CurrentStamina":23,"CurrentOrder":null,"Builds":[],"GarrisonedIn":null,"Stance":3,"InterruptCurrent":true,"AttackBack":true,"TargetPriority":"","ActiveOrders":null,"Health":11,"MaxHealth":11},{"InternalID":3,"UnitID":11,"Type":2,"Kind":1,"Location":{"Space":{"X":0,"Y":3},"Zone":{"X":0,"Y":0}},"CurrentStamina":23,"CurrentOrder":null,"Builds":[],"GarrisonedIn":null,"Stance":3,"InterruptCurrent":true,"AttackBack":true,"TargetPriority":"","ActiveOrders":null,"Health":11,"MaxHealth":11},{"InternalID":4,"UnitID":11,"Type":2,"Kind":1,"Location":{"Space":{"X":1,"Y":0},"Zone":{"X":0,"Y":0}},"CurrentStamina":23,"CurrentOrder":null,"Builds":[],"GarrisonedIn":null,"Stance":3,"InterruptCurrent":true,"AttackBack":true,"TargetPriority":"","ActiveOrders":null,"Health":11,"MaxHealth":11},{"InternalID":5,"UnitID":11,"Type":2,"Kind":1,"Location":{"Space":{"X":1,"Y":3},"Zone":{"X":0,"Y":0}},"CurrentStamina":23,"CurrentOrder":null,"Builds":[],"GarrisonedIn":null,"Stance":3,"InterruptCurrent":true,"AttackBack":true,"TargetPriority":"","ActiveOrders":null,"Health":11,"MaxHealth":11},{"InternalID":6,"UnitID":11,"Type":2,"Kind":1,"Location":{"Space":{"X":2,"Y":-1},"Zone":{"X":0,"Y":0}},"CurrentStamina":23,"CurrentOrder":null,"Builds":[],"GarrisonedIn":null,"Stance":3,"InterruptCurrent":false,"AttackBack":true,"TargetPriority":"","ActiveOrders":null,"Health":11,"MaxHealth":11},{"InternalID":7,"UnitID":11,"Type":2,"Kind":1,"Location":{"Space":{"X":0,"Y":1},"Zone":{"X":0,"Y":0}},"CurrentStamina":23,"CurrentOrder":null,"Builds":[],"GarrisonedIn":null,"Stance":3,"InterruptCurrent":true,"AttackBack":true,"TargetPriority":"","ActiveOrders":null,"Health":11,"MaxHealth":11},{"InternalID":8,"UnitID":11,"Type":2,"Kind":1,"Location":{"Space":{"X":0,"Y":1},"Zone":{"X":0,"Y":0}},"CurrentStamina":23,"CurrentOrder":null,"Builds":[],"GarrisonedIn":null,"Stance":3,"InterruptCurrent":true,"AttackBack":true,"TargetPriority":"","ActiveOrders":null,"Health":11,"MaxHealth":11},{"InternalID":9,"UnitID":11,"Type":2,"Kind":1,"Location":{"Space":{"X":0,"Y":1},"Zone":{"X":0,"Y":0}},"CurrentStamina":23,"CurrentOrder":null,"Builds":[],"GarrisonedIn":null,"Stance":3,"InterruptCurrent":true,"AttackBack":true,"TargetPriority":"","ActiveOrders":null,"Health":11,"MaxHealth":11},{"InternalID":10,"UnitID":11,"Type":2,"Kind":1,"Location":{"Space":{"X":0,"Y":1},"Zone":{"X":0,"Y":0}},"CurrentStamina":23,"CurrentOrder":null,"Builds":[],"GarrisonedIn":null,"Stance":3,"InterruptCurrent":true,"AttackBack":true,"TargetPriority":"","ActiveOrders":null,"Health":11,"MaxHealth":11},{"InternalID":11,"UnitID":11,"Type":2,"Kind":1,"Location":{"Space":{"X":0,"Y":1},"Zone":{"X":0,"Y":0}},"CurrentStamina":23,"CurrentOrder":null,"Builds":[],"GarrisonedIn":null,"Stance":3,"InterruptCurrent":true,"AttackBack":true,"TargetPriority":"","ActiveOrders":null,"Health":11,"MaxHealth":11},{"InternalID":12,"UnitID":11,"Type":2,"Kind":1,"Location":{"Space":{"X":0,"Y":1},"Zone":{"X":0,"Y":0}},"CurrentStamina":23,"CurrentOrder":null,"Builds":[],"GarrisonedIn":null,"Stance":3,"InterruptCurrent":true,"AttackBack":true,"TargetPriority":"","ActiveOrders":null,"Health":11,"MaxHealth":11},{"InternalID":13,"UnitID":11,"Type":2,"Kind":1,"Location":{"Space":{"X":0,"Y":1},"Zone":{"X":0,"Y":0}},"CurrentStamina":23,"CurrentOrder":null,"Builds":[],"GarrisonedIn":null,"Stance":3,"InterruptCurrent":true,"AttackBack":true,"TargetPriority":"","ActiveOrders":null,"Health":11,"MaxHealth":11},{"InternalID":14,"UnitID":11,"Type":2,"Kind":1,"Location":{"Space":{"X":0,"Y":1},"Zone":{"X":0,"Y":0}},"CurrentStamina":23,"CurrentOrder":null,"Builds":[],"GarrisonedIn":null,"Stance":3,"InterruptCurrent":true,"AttackBack":true,"TargetPriority":"","ActiveOrders":null,"Health":11,"MaxHealth":11},{"InternalID":15,"UnitID":11,"Type":2,"Kind":1,"Location":{"Space":{"X":0,"Y":1},"Zone":{"X":0,"Y":0}},"CurrentStamina":23,"CurrentOrder":null,"Builds":[],"GarrisonedIn":null,"Stance":3,"InterruptCurrent":true,"AttackBack":true,"TargetPriority":"","ActiveOrders":null,"Health":11,"MaxHealth":11},{"InternalID":16,"UnitID":11,"Type":2,"Kind":1,"Location":{"Space":{"X":0,"Y":1},"Zone":{"X":0,"Y":0}},"CurrentStamina":23,"CurrentOrder":null,"Builds":[],"GarrisonedIn":null,"Stance":3,"InterruptCurrent":true,"AttackBack":true,"TargetPriority":"","ActiveOrders":null,"Health":11,"MaxHealth":11},{"InternalID":17,"UnitID":12,"Type":2,"Kind":1,"Location":{"Space":{"X":0,"Y":1},"Zone":{"X":0,"Y":0}},"CurrentStamina":18,"CurrentOrder":null,"Builds":[],"GarrisonedIn":null,"Stance":3,"InterruptCurrent":true,"AttackBack":true,"TargetPriority":"","ActiveOrders":null,"Health":16,"MaxHealth":16},{"InternalID":18,"UnitID":12,"Type":2,"Kind":1,"Location":{"Space":{"X":0,"Y":1},"Zone":{"X":0,"Y":0}},"CurrentStamina":18,"CurrentOrder":null,"Builds":[],"GarrisonedIn":null,"Stance":3,"InterruptCurrent":true,"AttackBack":true,"TargetPriority":"","ActiveOrders":null,"Health":16,"MaxHealth":16},{"InternalID":19,"UnitID":12,"Type":2,"Kind":1,"Location":{"Space":{"X":0,"Y":1},"Zone":{"X":0,"Y":0}},"CurrentStamina":18,"CurrentOrder":null,"Builds":[],"GarrisonedIn":null,"Stance":3,"InterruptCurrent":true,"AttackBack":true,"TargetPriority":"","ActiveOrders":null,"Health":16,"MaxHealth":16},{"InternalID":20,"UnitID":12,"Type":2,"Kind":1,"Location":{"Space":{"X":0,"Y":1},"Zone":{"X":0,"Y":0}},"CurrentStamina":18,"CurrentOrder":null,"Builds":[],"GarrisonedIn":null,"Stance":3,"InterruptCurrent":true,"AttackBack":true,"TargetPriority":"","ActiveOrders":null,"Health":16,"MaxHealth":16},{"InternalID":21,"UnitID":12,"Type":2,"Kind":1,"Location":{"Space":{"X":0,"Y":1},"Zone":{"X":0,"Y":0}},"CurrentStamina":18,"CurrentOrder":null,"Builds":[],"GarrisonedIn":null,"Stance":3,"InterruptCurrent":true,"AttackBack":true,"TargetPriority":"","ActiveOrders":null,"Health":16,"MaxHealth":16},{"InternalID":22,"UnitID":12,"Type":2,"Kind":1,"Location":{"Space":{"X":0,"Y":1},"Zone":{"X":0,"Y":0}},"CurrentStamina":18,"CurrentOrder":null,"Builds":[],"GarrisonedIn":null,"Stance":3,"InterruptCurrent":true,"AttackBack":true,"TargetPriority":"","ActiveOrders":null,"Health":16,"MaxHealth":16},{"InternalID":23,"UnitID":12,"Type":2,"Kind":1,"Location":{"Space":{"X":0,"Y":1},"Zone":{"X":0,"Y":0}},"CurrentStamina":18,"CurrentOrder":null,"Builds":[],"GarrisonedIn":null,"Stance":3,"InterruptCurrent":true,"AttackBack":true,"TargetPriority":"","ActiveOrders":null,"Health":16,"MaxHealth":16},{"InternalID":24,"UnitID":12,"Type":2,"Kind":1,"Location":{"Space":{"X":0,"Y":1},"Zone":{"X":0,"Y":0}},"CurrentStamina":18,"CurrentOrder":null,"Builds":[],"GarrisonedIn":null,"Stance":3,"InterruptCurrent":true,"AttackBack":true,"TargetPriority":"","ActiveOrders":null,"Health":16,"MaxHealth":16},{"InternalID":25,"UnitID":13,"Type":2,"Kind":1,"Location":{"Space":{"X":0,"Y":1},"Zone":{"X":0,"Y":0}},"CurrentStamina":8,"CurrentOrder":null,"Builds":[],"GarrisonedIn":null,"Stance":3,"InterruptCurrent":true,"AttackBack":true,"TargetPriority":"","ActiveOrders":null,"Health":50,"MaxHealth":50},{"InternalID":26,"UnitID":13,"Type":2,"Kind":1,"Location":{"Space":{"X":0,"Y":1},"Zone":{"X":0,"Y":0}},"CurrentStamina":8,"CurrentOrder":null,"Builds":[],"GarrisonedIn":null,"Stance":3,"InterruptCurrent":true,"AttackBack":true,"TargetPriority":"","ActiveOrders":null,"Health":50,"MaxHealth":50},{"InternalID":27,"UnitID":13,"Type":2,"Kind":1,"Location":{"Space":{"X":0,"Y":1},"Zone":{"X":0,"Y":0}},"CurrentStamina":8,"CurrentOrder":null,"Builds":[],"GarrisonedIn":null,"Stance":3,"InterruptCurrent":true,"AttackBack":true,"TargetPriority":"","ActiveOrders":null,"Health":50,"MaxHealth":50},{"InternalID":28,"UnitID":13,"Type":2,"Kind":1,"Location":{"Space":{"X":0,"Y":1},"Zone":{"X":0,"Y":0}},"CurrentStamina":8,"CurrentOrder":null,"Builds":[],"GarrisonedIn":null,"Stance":3,"InterruptCurrent":true,"AttackBack":true,"TargetPriority":"","ActiveOrders":null,"Health":50,"MaxHealth":50},{"InternalID":29,"UnitID":13,"Type":2,"Kind":1,"Location":{"Space":{"X":0,"Y":1},"Zone":{"X":0,"Y":0}},"CurrentStamina":8,"CurrentOrder":null,"Builds":[],"GarrisonedIn":null,"Stance":3,"InterruptCurrent":true,"AttackBack":true,"TargetPriority":"","ActiveOrders":null,"Health":50,"MaxHealth":50},{"InternalID":30,"UnitID":13,"Type":2,"Kind":1,"Location":{"Space":{"X":0,"Y":1},"Zone":{"X":0,"Y":0}},"CurrentStamina":8,"CurrentOrder":null,"Builds":[],"GarrisonedIn":null,"Stance":3,"InterruptCurrent":true,"AttackBack":true,"TargetPriority":"","ActiveOrders":null,"Health":50,"MaxHealth":50}]}
2026/09/30 21:20:33 ai ai-0: submitting orders [{Subjects:[1] OrderType:2 TargetID:595 ClearPreviousOrders:true} {Subjects:[2] OrderType:2 TargetID:2080 ClearPreviousOrders:true} {Subjects:[3] OrderType:2 TargetID:5253 ClearPreviousOrders:true} {Subjects:[4] OrderType:2 TargetID:3 ClearPreviousOrders:true} {Subjects:[5] OrderType:2 TargetID:11026 ClearPreviousOrders:true} {Subjects:[6] OrderType:2 TargetID:10 ClearPreviousOrders:true} {Subjects:[7] OrderType:2 TargetID:595 ClearPreviousOrders:true} {Subjects:[8] OrderType:2 TargetID:595 ClearPreviousOrders:true} {Subjects:[9] OrderType:2 TargetID:595 ClearPreviousOrders:true} {Subjects:[10] OrderType:2 TargetID:595 ClearPreviousOrders:true} {Subjects:[11] OrderType:2 TargetID:595 ClearPreviousOrders:true} {Subjects:[12] OrderType:2 TargetID:595 ClearPreviousOrders:true} {Subjects:[13] OrderType:2 TargetID:595 ClearPreviousOrders:true} {Subjects:[14] OrderType:2 TargetID:595 ClearPreviousOrders:true} {Subjects:[15] OrderType:2 TargetID:595 ClearPreviousOrders:true} {Subjects:[16] OrderType:2 TargetID:595 ClearPreviousOrders:true} {Subjects:[17] OrderType:2 TargetID:595 ClearPreviousOrders:true} {Subjects:[18] OrderType:2 TargetID:595 ClearPreviousOrders:true} {Subjects:[19] OrderType:2 TargetID:595 ClearPreviousOrders:true} {Subjects:[20] OrderType:2 TargetID:595 ClearPreviousOrders:true} {Subjects:[21] OrderType:2 TargetID:595 ClearPreviousOrders:true} {Subjects:[22] OrderType:2 TargetID:595 ClearPreviousOrders:true} {Subjects:[23] OrderType:2 TargetID:595 ClearPreviousOrders:true} {Subjects:[24] OrderType:2 TargetID:595 ClearPreviousOrders:true} {Subjects:[25] OrderType:2 TargetID:595 ClearPreviousOrders:true} {Subjects:[26] OrderType:2 TargetID:595 ClearPreviousOrders:true} {Subjects:[27] OrderType:2 TargetID:595 ClearPreviousOrders:true} {Subjects:[28] OrderType:2 TargetID:595 ClearPreviousOrders:true} {Subjects:[29] OrderType:2 TargetID:595 ClearPreviousOrders:true} {Subjects:[30] OrderType:2 TargetID:595 ClearPreviousOrders:true}]
2026/09/30 21:20:33 ai ai-0: vars {"B":16,"Hv":6,"Pi":8,"aPowLocal":0,"aThreat":0,"a_engaged":0,"a_odds":1.3,"a_outnumbered":0,"army_target":50,"army_value":3080,"assault":0,"bank_rate":28,"bar_barracks":0.17072129748186085,"bar_redoubt":1.1111111111111112,"barracks":0,"barracks_B":0,"barracks_P":0,"barracks_save":0,"barracks_spend":78.1,"barracks_want":0,"buffer_food":70,"buffer_gold":0,"buffer_stone":0,"buffer_wood":70,"builders":0,"committed":0,"eB":0,"eGrowth":0,"eH":0,"eMil":0,"eP":0,"ePow":0,"ePowEst":0,"ePowSeen":0,"eTech":1,"eV":0,"es":1,"farm_want":0,"farm_wood_short":0,"farming":0,"fire_barracks":0,"fire_farm0":0,"fire_farm1":0,"fire_farm2":0,"fire_house":0,"fire_outpost":0,"fire_redoubt":0,"fire_smith":0,"fire_vc":0,"food_need":0,"food_over":0,"food_rate":0,"food_slots":1000,"food_workers":0,"free_room":20,"go":0,"gold_income":12,"gold_need":0,"gold_rate":0,"gold_surplus":26,"guaranteed":0,"guard_home":0,"headroom":-30,"hire_B":1400,"hire_P":2200,"homePow":0,"house_builders":0,"house_urgency":0,"house_want":0,"income_proj":0,"left":0,"lf_food":0,"lf_gold":0,"lf_stone":0,"lf_wood":0,"lump_food":0,"lump_gold":0,"lump_stone":0,"lump_wood":0,"maturity":0,"mil":30,"myTech":1,"n_barracks":0,"n_redoubts":0,"needB":19.99511837930193,"needP":0.00488162069807176,"outpost_want":0,"pikes":0,"planned_food":0,"planned_gold":0,"planned_stone":0,"planned_wood":0,"prod_rate":0,"proj_army":3080,"raid_danger":0,"raid_fails":0,"raid_lost":0,"raid_pause":0,"raid_prev":5,"raid_size":4.8,"raid_wiped":0,"rate":6,"redoubt_H":0,"redoubt_gold_ok":0.9155555555555556,"redoubt_save":0,"redoubt_spend":30,"redoubt_want":0,"redoubts":0,"rf_food":0,"rf_gold":0,"rf_stone":0,"rf_wood":0,"sB4":256,"sP4":0.0625,"scale_l":0,"scale_r":0,"shareH":0.2,"smith_want":0,"smiths":0,"spare":0,"spare_food":0.5,"stone_need":0,"stone_rate":0,"tH":26,"target_spend":400,"tech_food":50,"tech_gold":0,"tech_stone":0,"tech_wood":50,"threat_home":0,"turns_left":-300,"u_barracks":0.2868117797695263,"u_redoubt":0.18666666666666668,"unit_spend":120,"vB":4,"vH":1,"vP":0.5,"vc_want":0,"vcs":0,"vil_goal":50,"vil_rate":0,"vil_stamina":8,"vil_want":0,"vil_want_last":0,"vil_worth_now":0.6,"vils":0,"w_food":0,"w_gold":0,"w_stone":0,"w_wood":0,"wild_workers":0,"wood_need":0,"wood_rate":0,"workers":0}
2026/09/30 21:20:33 player action: submit-orders 0 1 map[orders:[{0 [1] 2 595 true} {0 [2] 2 2080 true} {0 [3] 2 5253 true} {0 [4] 2 3 true} {0 [5] 2 11026 true} {0 [6] 2 10 true} {0 [7] 2 595 true} {0 [8] 2 595 true} {0 [9] 2 595 true} {0 [10] 2 595 true} {0 [11] 2 595 true} {0 [12] 2 595 true} {0 [13] 2 595 true} {0 [14] 2 595 true} {0 [15] 2 595 true} {0 [16] 2 595 true} {0 [17] 2 595 true} {0 [18] 2 595 true} {0 [19] 2 595 true} {0 [20] 2 595 true} {0 [21] 2 595 true} {0 [22] 2 595 true} {0 [23] 2 595 true} {0 [24] 2 595 true} {0 [25] 2 595 true} {0 [26] 2 595 true} {0 [27] 2 595 true} {0 [28] 2 595 true} {0 [29] 2 595 true} {0 [30] 2 595 true}]]
2026/09/30 21:20:33 Executing submit orders for: 0 [{0 [1] 2 595 true} {0 [2] 2 2080 true} {0 [3] 2 5253 true} {0 [4] 2 3 true} {0 [5] 2 11026 true} {0 [6] 2 10 true} {0 [7] 2 595 true} {0 [8] 2 595 true} {0 [9] 2 595 true} {0 [10] 2 595 true} {0 [11] 2 595 true} {0 [12] 2 595 true} {0 [13] 2 595 true} {0 [14] 2 595 true} {0 [15] 2 595 true} {0 [16] 2 595 true} {0 [17] 2 595 true} {0 [18] 2 595 true} {0 [19] 2 595 true} {0 [20] 2 595 true} {0 [21] 2 595 true} {0 [22] 2 595 true} {0 [23] 2 595 true} {0 [24] 2 595 true} {0 [25] 2 595 true} {0 [26] 2 595 true} {0 [27] 2 595 true} {0 [28] 2 595 true} {0 [29] 2 595 true} {0 [30] 2 595 true}]
2026/09/30 21:20:33 Resolving active orders
2026/09/30 21:20:33 Moving unit 3 Blunt Infantry to zone(-1, 0) in space (0, 3) tick=1
2026/09/30 21:20:33 Moving unit 6 Blunt Infantry to zone(-1, 0) in space (2, -1) tick=1
2026/09/30 21:20:33 Moving unit 17 Piercing Infantry to zone(-1, 0) in space (0, 1) tick=1
2026/09/30 21:20:33 Moving unit 25 Heavy Infantry to zone(-1, 0) in space (0, 1) tick=1
2026/09/30 21:20:33 Moving unit 10 Blunt Infantry to zone(-1, 0) in space (0, 1) tick=1
2026/09/30 21:20:33 Moving unit 15 Blunt Infantry to zone(-1, 0) in space (0, 1) tick=1
2026/09/30 21:20:33 Moving unit 20 Piercing Infantry to zone(-1, 0) in space (0, 1) tick=1
2026/09/30 21:20:33 Moving unit 28 Heavy Infantry to zone(-1, 0) in space (0, 1) tick=1
2026/09/30 21:20:33 Moving unit 29 Heavy Infantry to zone(-1, 0) in space (0, 1) tick=1
2026/09/30 21:20:33 Moving unit 13 Blunt Infantry to zone(-1, 0) in space (0, 1) tick=1
2026/09/30 21:20:33 Moving unit 4 Blunt Infantry to zone(-1, 0) in space (1, 0) tick=1
2026/09/30 21:20:33 Moving unit 5 Blunt Infantry to zone(-1, 0) in space (1, 3) tick=1
2026/09/30 21:20:33 Moving unit 9 Blunt Infantry to zone(-1, 0) in space (0, 1) tick=1
2026/09/30 21:20:33 Moving unit 18 Piercing Infantry to zone(-1, 0) in space (0, 1) tick=1
2026/09/30 21:20:33 Moving unit 27 Heavy Infantry to zone(-1, 0) in space (0, 1) tick=1
2026/09/30 21:20:33 Moving unit 26 Heavy Infantry to zone(-1, 0) in space (0, 1) tick=1
2026/09/30 21:20:33 Moving unit 12 Blunt Infantry to zone(-1, 0) in space (0, 1) tick=1
2026/09/30 21:20:33 Moving unit 16 Blunt Infantry to zone(-1, 0) in space (0, 1) tick=1
2026/09/30 21:20:33 Moving unit 19 Piercing Infantry to zone(-1, 0) in space (0, 1) tick=1
2026/09/30 21:20:33 Moving unit 21 Piercing Infantry to zone(-1, 0) in space (0, 1) tick=1
2026/09/30 21:20:33 Moving unit 23 Piercing Infantry to zone(-1, 0) in space (0, 1) tick=1
2026/09/30 21:20:33 Moving unit 24 Piercing Infantry to zone(-1, 0) in space (0, 1) tick=1
2026/09/30 21:20:33 Moving unit 30 Heavy Infantry to zone(-1, 0) in space (0, 1) tick=1
2026/09/30 21:20:33 Moving unit 1 Blunt Infantry to zone(-1, 0) in space (0, 1) tick=1
2026/09/30 21:20:33 Moving unit 8 Blunt Infantry to zone(-1, 0) in space (0, 1) tick=1
2026/09/30 21:20:33 Moving unit 11 Blunt Infantry to zone(-1, 0) in space (0, 1) tick=1
2026/09/30 21:20:33 Moving unit 14 Blunt Infantry to zone(-1, 0) in space (0, 1) tick=1
2026/09/30 21:20:33 Moving unit 22 Piercing Infantry to zone(-1, 0) in space (0, 1) tick=1
2026/09/30 21:20:33 Moving unit 2 Blunt Infantry to zone(-1, 0) in space (0, 2) tick=1
2026/09/30 21:20:33 Moving unit 7 Blunt Infantry to zone(-1, 0) in space (0, 1) tick=1
2026/09/30 21:20:33 Moving unit 31 Blunt Infantry to zone(0, 1) in space (-4, 0) tick=1
2026/09/30 21:20:33 state_hash turn=3 tick=1 hash=5c7233a122edd4e8
2026/09/30 21:20:33 Moving unit 4 Blunt Infantry to zone(1, 0) in space (0, 0) tick=2
2026/09/30 21:20:33 Moving unit 5 Blunt Infantry to zone(1, 0) in space (0, 3) tick=2
2026/09/30 21:20:33 Moving unit 9 Blunt Infantry to zone(1, 0) in space (-1, 1) tick=2
2026/09/30 21:20:33 Moving unit 18 Piercing Infantry to zone(1, 0) in space (-1, 1) tick=2
2026/09/30 21:20:33 Moving unit 27 Heavy Infantry to zone(1, 0) in space (-1, 1) tick=2
2026/09/30 21:20:33 Moving unit 26 Heavy Infantry to zone(1, 0) in space (-1, 1) tick=2
2026/09/30 21:20:33 Moving unit 12 Blunt Infantry to zone(1, 0) in space (-1, 1) tick=2
2026/09/30 21:20:33 Moving unit 16 Blunt Infantry to zone(1, 0) in space (-1, 1) tick=2
2026/09/30 21:20:33 Moving unit 19 Piercing Infantry to zone(1, 0) in space (-1, 1) tick=2
2026/09/30 21:20:33 Moving unit 21 Piercing Infantry to zone(1, 0) in space (-1, 1) tick=2
2026/09/30 21:20:33 Moving unit 23 Piercing Infantry to zone(1, 0) in space (-1, 1) tick=2
2026/09/30 21:20:33 Moving unit 24 Piercing Infantry to zone(1, 0) in space (-1, 1) tick=2
2026/09/30 21:20:33 Moving unit 30 Heavy Infantry to zone(1, 0) in space (-1, 1) tick=2
2026/09/30 21:20:33 Moving unit 1 Blunt Infantry to zone(1, 0) in space (-1, 1) tick=2
2026/09/30 21:20:33 Moving unit 8 Blunt Infantry to zone(1, 0) in space (-1, 1) tick=2
2026/09/30 21:20:33 Moving unit 11 Blunt Infantry to zone(1, 0) in space (-1, 1) tick=2
2026/09/30 21:20:33 Moving unit 14 Blunt Infantry to zone(1, 0) in space (-1, 1) tick=2
2026/09/30 21:20:33 Moving unit 22 Piercing Infantry to zone(1, 0) in space (-1, 1) tick=2
2026/09/30 21:20:33 Moving unit 2 Blunt Infantry to zone(1, 0) in space (-1, 2) tick=2
2026/09/30 21:20:33 Moving unit 7 Blunt Infantry to zone(1, 0) in space (-1, 1) tick=2
2026/09/30 21:20:33 Moving unit 3 Blunt Infantry to zone(1, 0) in space (-1, 3) tick=2
2026/09/30 21:20:33 Moving unit 6 Blunt Infantry to zone(1, 0) in space (1, -1) tick=2
2026/09/30 21:20:33 Moving unit 17 Piercing Infantry to zone(1, 0) in space (-1, 1) tick=2
2026/09/30 21:20:33 Moving unit 25 Heavy Infantry to zone(1, 0) in space (-1, 1) tick=2
2026/09/30 21:20:33 Moving unit 10 Blunt Infantry to zone(1, 0) in space (-1, 1) tick=2
2026/09/30 21:20:33 Moving unit 15 Blunt Infantry to zone(1, 0) in space (-1, 1) tick=2
2026/09/30 21:20:33 Moving unit 20 Piercing Infantry to zone(1, 0) in space (-1, 1) tick=2
2026/09/30 21:20:33 Moving unit 28 Heavy Infantry to zone(1, 0) in space (-1, 1) tick=2
2026/09/30 21:20:33 Moving unit 29 Heavy Infantry to zone(1, 0) in space (-1, 1) tick=2
2026/09/30 21:20:33 Moving unit 13 Blunt Infantry to zone(1, 0) in space (-1, 1) tick=2
2026/09/30 21:20:33 Moving unit 31 Blunt Infantry to zone(0, -1) in space (-4, 1) tick=2
2026/09/30 21:20:33 state_hash turn=3 tick=2 hash=fed71479bab93dd2
2026/09/30 21:20:33 Moving unit 13 Blunt Infantry to zone(0, 0) in space (-1, 1) tick=3
2026/09/30 21:20:33 Moving unit 4 Blunt Infantry to zone(0, 0) in space (0, 0) tick=3
2026/09/30 21:20:33 Moving unit 5 Blunt Infantry to zone(0, 0) in space (0, 3) tick=3
2026/09/30 21:20:33 Moving unit 9 Blunt Infantry to zone(0, 0) in space (-1, 1) tick=3
2026/09/30 21:20:33 Moving unit 18 Piercing Infantry to zone(0, 0) in space (-1, 1) tick=3
2026/09/30 21:20:33 Moving unit 27 Heavy Infantry to zone(0, 0) in space (-1, 1) tick=3
2026/09/30 21:20:33 Moving unit 26 Heavy Infantry to zone(0, 0) in space (-1, 1) tick=3
2026/09/30 21:20:33 Moving unit 12 Blunt Infantry to zone(0, 0) in space (-1, 1) tick=3
2026/09/30 21:20:33 Moving unit 16 Blunt Infantry to zone(0, 0) in space (-1, 1) tick=3
2026/09/30 21:20:33 Moving unit 19 Piercing Infantry to zone(0, 0) in space (-1, 1) tick=3
2026/09/30 21:20:33 Moving unit 21 Piercing Infantry to zone(0, 0) in space (-1, 1) tick=3
2026/09/30 21:20:33 Moving unit 23 Piercing Infantry to zone(0, 0) in space (-1, 1) tick=3
2026/09/30 21:20:33 Moving unit 24 Piercing Infantry to zone(0, 0) in space (-1, 1) tick=3
2026/09/30 21:20:33 Moving unit 30 Heavy Infantry to zone(0, 0) in space (-1, 1) tick=3
2026/09/30 21:20:33 Moving unit 1 Blunt Infantry to zone(0, 0) in space (-1, 1) tick=3
2026/09/30 21:20:33 Moving unit 8 Blunt Infantry to zone(0, 0) in space (-1, 1) tick=3
2026/09/30 21:20:33 Moving unit 11 Blunt Infantry to zone(0, 0) in space (-1, 1) tick=3
2026/09/30 21:20:33 Moving unit 14 Blunt Infantry to zone(0, 0) in space (-1, 1) tick=3
2026/09/30 21:20:33 Moving unit 22 Piercing Infantry to zone(0, 0) in space (-1, 1) tick=3
2026/09/30 21:20:33 Moving unit 2 Blunt Infantry to zone(0, 0) in space (-1, 2) tick=3
2026/09/30 21:20:33 Moving unit 7 Blunt Infantry to zone(0, 0) in space (-1, 1) tick=3
2026/09/30 21:20:33 Moving unit 3 Blunt Infantry to zone(0, 0) in space (-1, 3) tick=3
2026/09/30 21:20:33 Moving unit 6 Blunt Infantry to zone(0, 0) in space (1, -1) tick=3
2026/09/30 21:20:33 Moving unit 17 Piercing Infantry to zone(0, 0) in space (-1, 1) tick=3
2026/09/30 21:20:33 Moving unit 25 Heavy Infantry to zone(0, 0) in space (-1, 1) tick=3
2026/09/30 21:20:33 Moving unit 10 Blunt Infantry to zone(0, 0) in space (-1, 1) tick=3
2026/09/30 21:20:33 Moving unit 15 Blunt Infantry to zone(0, 0) in space (-1, 1) tick=3
2026/09/30 21:20:33 Moving unit 20 Piercing Infantry to zone(0, 0) in space (-1, 1) tick=3
2026/09/30 21:20:33 Moving unit 28 Heavy Infantry to zone(0, 0) in space (-1, 1) tick=3
2026/09/30 21:20:33 Moving unit 29 Heavy Infantry to zone(0, 0) in space (-1, 1) tick=3
2026/09/30 21:20:33 Moving unit 31 Blunt Infantry to zone(0, 0) in space (-4, 1) tick=3
2026/09/30 21:20:33 state_hash turn=3 tick=3 hash=cc191c5ab960393c
2026/09/30 21:20:33 Moving unit 13 Blunt Infantry to zone(-1, 0) in space (-1, 1) tick=4
2026/09/30 21:20:33 Moving unit 4 Blunt Infantry to zone(-1, 0) in space (0, 0) tick=4
2026/09/30 21:20:33 Moving unit 5 Blunt Infantry to zone(-1, 1) in space (0, 3) tick=4
2026/09/30 21:20:33 Moving unit 9 Blunt Infantry to zone(-1, 0) in space (-1, 1) tick=4
2026/09/30 21:20:33 Moving unit 18 Piercing Infantry to zone(-1, 0) in space (-1, 1) tick=4
2026/09/30 21:20:33 Moving unit 12 Blunt Infantry to zone(-1, 0) in space (-1, 1) tick=4
2026/09/30 21:20:33 Moving unit 16 Blunt Infantry to zone(-1, 0) in space (-1, 1) tick=4
2026/09/30 21:20:33 Moving unit 19 Piercing Infantry to zone(-1, 0) in space (-1, 1) tick=4
2026/09/30 21:20:33 Moving unit 21 Piercing Infantry to zone(-1, 0) in space (-1, 1) tick=4
2026/09/30 21:20:33 Moving unit 23 Piercing Infantry to zone(-1, 0) in space (-1, 1) tick=4
2026/09/30 21:20:33 Moving unit 24 Piercing Infantry to zone(-1, 0) in space (-1, 1) tick=4
2026/09/30 21:20:33 Moving unit 1 Blunt Infantry to zone(-1, 0) in space (-1, 1) tick=4
2026/09/30 21:20:33 Moving unit 8 Blunt Infantry to zone(-1, 0) in space (-1, 1) tick=4
2026/09/30 21:20:33 Moving unit 11 Blunt Infantry to zone(-1, 0) in space (-1, 1) tick=4
2026/09/30 21:20:33 Moving unit 14 Blunt Infantry to zone(-1, 0) in space (-1, 1) tick=4
2026/09/30 21:20:33 Moving unit 22 Piercing Infantry to zone(-1, 0) in space (-1, 1) tick=4
2026/09/30 21:20:33 Moving unit 2 Blunt Infantry to zone(-1, 0) in space (-1, 2) tick=4
2026/09/30 21:20:33 Moving unit 7 Blunt Infantry to zone(-1, 0) in space (-1, 1) tick=4
2026/09/30 21:20:33 Moving unit 3 Blunt Infantry to zone(-1, 0) in space (-1, 3) tick=4
2026/09/30 21:20:33 Moving unit 6 Blunt Infantry to zone(-1, 0) in space (1, -1) tick=4
2026/09/30 21:20:33 Moving unit 17 Piercing Infantry to zone(-1, 0) in space (-1, 1) tick=4
2026/09/30 21:20:33 Moving unit 10 Blunt Infantry to zone(-1, 0) in space (-1, 1) tick=4
2026/09/30 21:20:33 Moving unit 15 Blunt Infantry to zone(-1, 0) in space (-1, 1) tick=4
2026/09/30 21:20:33 Moving unit 20 Piercing Infantry to zone(-1, 0) in space (-1, 1) tick=4
2026/09/30 21:20:33 Moving unit 31 Blunt Infantry to zone(0, 1) in space (-4, 1) tick=4
2026/09/30 21:20:33 state_hash turn=3 tick=4 hash=71f799f4b442f5e6
2026/09/30 21:20:33 Moving unit 13 Blunt Infantry to zone(1, 0) in space (-2, 1) tick=5
2026/09/30 21:20:33 Moving unit 4 Blunt Infantry to zone(1, 0) in space (-1, 0) tick=5
2026/09/30 21:20:33 Moving unit 5 Blunt Infantry to zone(1, -1) in space (-1, 4) tick=5
2026/09/30 21:20:33 Moving unit 9 Blunt Infantry to zone(1, 0) in space (-2, 1) tick=5
2026/09/30 21:20:33 Moving unit 18 Piercing Infantry to zone(1, 0) in space (-2, 1) tick=5
2026/09/30 21:20:33 Moving unit 12 Blunt Infantry to zone(1, 0) in space (-2, 1) tick=5
2026/09/30 21:20:33 Moving unit 16 Blunt Infantry to zone(1, 0) in space (-2, 1) tick=5
2026/09/30 21:20:33 Moving unit 19 Piercing Infantry to zone(1, 0) in space (-2, 1) tick=5
2026/09/30 21:20:33 Moving unit 21 Piercing Infantry to zone(1, 0) in space (-2, 1) tick=5
2026/09/30 21:20:33 Moving unit 23 Piercing Infantry to zone(1, 0) in space (-2, 1) tick=5
2026/09/30 21:20:33 Moving unit 24 Piercing Infantry to zone(1, 0) in space (-2, 1) tick=5
2026/09/30 21:20:33 Moving unit 1 Blunt Infantry to zone(1, 0) in space (-2, 1) tick=5
2026/09/30 21:20:33 Moving unit 8 Blunt Infantry to zone(1, 0) in space (-2, 1) tick=5
2026/09/30 21:20:33 Moving unit 11 Blunt Infantry to zone(1, 0) in space (-2, 1) tick=5
2026/09/30 21:20:33 Moving unit 14 Blunt Infantry to zone(1, 0) in space (-2, 1) tick=5
2026/09/30 21:20:33 Moving unit 22 Piercing Infantry to zone(1, 0) in space (-2, 1) tick=5
2026/09/30 21:20:33 Moving unit 2 Blunt Infantry to zone(1, 0) in space (-2, 2) tick=5
2026/09/30 21:20:33 Moving unit 7 Blunt Infantry to zone(1, 0) in space (-2, 1) tick=5
2026/09/30 21:20:33 Moving unit 3 Blunt Infantry to zone(1, 0) in space (-2, 3) tick=5
2026/09/30 21:20:33 Moving unit 6 Blunt Infantry to zone(1, 0) in space (0, -1) tick=5
2026/09/30 21:20:33 Moving unit 17 Piercing Infantry to zone(1, 0) in space (-2, 1) tick=5
2026/09/30 21:20:33 Moving unit 10 Blunt Infantry to zone(1, 0) in space (-2, 1) tick=5
2026/09/30 21:20:33 Moving unit 15 Blunt Infantry to zone(1, 0) in space (-2, 1) tick=5
2026/09/30 21:20:33 Moving unit 20 Piercing Infantry to zone(1, 0) in space (-2, 1) tick=5
2026/09/30 21:20:33 Moving unit 31 Blunt Infantry to zone(0, -1) in space (-4, 2) tick=5
2026/09/30 21:20:33 state_hash turn=3 tick=5 hash=00f64b42502abb9d
2026/09/30 21:20:33 Moving unit 11 Blunt Infantry to zone(0, 0) in space (-2, 1) tick=6
2026/09/30 21:20:33 Moving unit 14 Blunt Infantry to zone(0, 0) in space (-2, 1) tick=6
2026/09/30 21:20:33 Moving unit 22 Piercing Infantry to zone(0, 0) in space (-2, 1) tick=6
2026/09/30 21:20:33 Moving unit 2 Blunt Infantry to zone(0, 0) in space (-2, 2) tick=6
2026/09/30 21:20:33 Moving unit 7 Blunt Infantry to zone(0, 0) in space (-2, 1) tick=6
2026/09/30 21:20:33 Moving unit 3 Blunt Infantry to zone(0, 0) in space (-2, 3) tick=6
2026/09/30 21:20:33 Moving unit 17 Piercing Infantry to zone(0, 0) in space (-2, 1) tick=6
2026/09/30 21:20:33 Moving unit 10 Blunt Infantry to zone(0, 0) in space (-2, 1) tick=6
2026/09/30 21:20:33 Moving unit 15 Blunt Infantry to zone(0, 0) in space (-2, 1) tick=6
2026/09/30 21:20:33 Moving unit 20 Piercing Infantry to zone(0, 0) in space (-2, 1) tick=6
2026/09/30 21:20:33 Moving unit 13 Blunt Infantry to zone(0, 0) in space (-2, 1) tick=6
2026/09/30 21:20:33 Moving unit 4 Blunt Infantry to zone(0, 0) in space (-1, 0) tick=6
2026/09/30 21:20:33 Moving unit 5 Blunt Infantry to zone(0, 0) in space (-1, 4) tick=6
2026/09/30 21:20:33 Moving unit 9 Blunt Infantry to zone(0, 0) in space (-2, 1) tick=6
2026/09/30 21:20:33 Moving unit 18 Piercing Infantry to zone(0, 0) in space (-2, 1) tick=6
2026/09/30 21:20:33 Moving unit 12 Blunt Infantry to zone(0, 0) in space (-2, 1) tick=6
2026/09/30 21:20:33 Moving unit 16 Blunt Infantry to zone(0, 0) in space (-2, 1) tick=6
2026/09/30 21:20:33 Moving unit 19 Piercing Infantry to zone(0, 0) in space (-2, 1) tick=6
2026/09/30 21:20:33 Moving unit 21 Piercing Infantry to zone(0, 0) in space (-2, 1) tick=6
2026/09/30 21:20:33 Moving unit 23 Piercing Infantry to zone(0, 0) in space (-2, 1) tick=6
2026/09/30 21:20:33 Moving unit 24 Piercing Infantry to zone(0, 0) in space (-2, 1) tick=6
2026/09/30 21:20:33 Moving unit 1 Blunt Infantry to zone(0, 0) in space (-2, 1) tick=6
2026/09/30 21:20:33 Moving unit 8 Blunt Infantry to zone(0, 0) in space (-2, 1) tick=6
2026/09/30 21:20:33 Moving unit 31 Blunt Infantry to zone(0, 0) in space (-4, 2) tick=6
2026/09/30 21:20:33 state_hash turn=3 tick=6 hash=7977475ca5448005
2026/09/30 21:20:33 Moving unit 5 Blunt Infantry to zone(-1, 0) in space (-1, 4) tick=7
2026/09/30 21:20:33 state_hash turn=3 tick=7 hash=c9a6ef6740a28e2d
2026/09/30 21:20:33 Moving unit 5 Blunt Infantry to zone(1, 0) in space (-2, 4) tick=8
2026/09/30 21:20:33 state_hash turn=3 tick=8 hash=a25ce320dcacca60
2026/09/30 21:20:33 state_hash turn=3 tick=end hash=1e418b784058ccbb
2026/09/30 21:20:33 ai ai-1: new turn data {"buildings":[],"enemy_buildings":[],"enemy_units":[],"foundations":[],"population":{"current":30,"limit":0},"resources":{"food":200,"gold":14,"stone":100,"wood":200},"spaces":[{"Space":{"X":0,"Y":-4},"Vision":0,"Owner":-1},{"Space":{"X":1,"Y":-4},"Vision":0,"Owner":-1},{"Space":{"X":2,"Y":-4},"Vision":0,"Owner":-1},{"Space":{"X":3,"Y":-4},"Vision":0,"Owner":-1},{"Space":{"X":4,"Y":-4},"Vision":0,"Owner":-1},{"Space":{"X":-1,"Y":-3},"Vision":0,"Owner":-1},{"Space":{"X":0,"Y":-3},"Vision":0,"Owner":-1},{"Space":{"X":1,"Y":-3},"Vision":0,"Owner":-1},{"Space":{"X":2,"Y":-3},"Vision":0,"Owner":-1},{"Space":{"X":3,"Y":-3},"Vision":0,"Owner":-1},{"Space":{"X":4,"Y":-3},"Vision":0,"Owner":-1},{"Space":{"X":-2,"Y":-2},"Vision":2,"Owner":-1},{"Space":{"X":-1,"Y":-2},"Vision":2,"Owner":-1},{"Space":{"X":0,"Y":-2},"Vision":0,"Owner":-1},{"Space":{"X":1,"Y":-2},"Vision":0,"Owner":-1},{"Space":{"X":2,"Y":-2},"Vision":0,"Owner":-1},{"Space":{"X":3,"Y":-2},"Vision":0,"Owner":-1},{"Space":{"X":4,"Y":-2},"Vision":0,"Owner":-1},{"Space":{"X":-3,"Y":-1},"Vision":2,"Owner":-1},{"Space":{"X":-2,"Y":-1},"Vision":3,"Owner":1},{"Space":{"X":-1,"Y":-1},"Vision":2,"Owner":-1},{"Space":{"X":0,"Y":-1},"Vision":0,"Owner":-1},{"Space":{"X":1,"Y":-1},"Vision":0,"Owner":-1},{"Space":{"X":2,"Y":-1},"Vision":0,"Owner":-1},{"Space":{"X":3,"Y":-1},"Vision":0,"Owner":-1},{"Space":{"X":4,"Y":-1},"Vision":0,"Owner":-1},{"Space":{"X":-4,"Y":0},"Vision":1,"Owner":-1},{"Space":{"X":-3,"Y":0},"Vision":2,"Owner":-1},{"Space":{"X":-2,"Y":0},"Vision":2,"Owner":-1},{"Space":{"X":-1,"Y":0},"Vision":0,"Owner":-1},{"Space":{"X":0,"Y":0},"Vision":0,"Owner":-1},{"Space":{"X":1,"Y":0},"Vision":0,"Owner":-1},{"Space":{"X":2,"Y":0},"Vision":0,"Owner":-1},{"Space":{"X":3,"Y":0},"Vision":0,"Owner":-1},{"Space":{"X":4,"Y":0},"Vision":0,"Owner":-1},{"Space":{"X":-4,"Y":1},"Vision":2,"Owner":-1},{"Space":{"X":-3,"Y":1},"Vision":2,"Owner":-1},{"Space":{"X":-2,"Y":1},"Vision":0,"Owner":-1},{"Space":{"X":-1,"Y":1},"Vision":0,"Owner":-1},{"Space":{"X":0,"Y":1},"Vision":0,"Owner":-1},{"Space":{"X":1,"Y":1},"Vision":0,"Owner":-1},{"Space":{"X":2,"Y":1},"Vision":0,"Owner":-1},{"Space":{"X":3,"Y":1},"Vision":0,"Owner":-1},{"Space":{"X":-4,"Y":2},"Vision":3,"Owner":1},{"Space":{"X":-3,"Y":2},"Vision":2,"Owner":-1},{"Space":{"X":-2,"Y":2},"Vision":0,"Owner":-1},{"Space":{"X":-1,"Y":2},"Vision":0,"Owner":-1},{"Space":{"X":0,"Y":2},"Vision":0,"Owner":-1},{"Space":{"X":1,"Y":2},"Vision":0,"Owner":-1},{"Space":{"X":2,"Y":2},"Vision":0,"Owner":-1},{"Space":{"X":-4,"Y":3},"Vision":2,"Owner":-1},{"Space":{"X":-3,"Y":3},"Vision":0,"Owner":-1},{"Space":{"X":-2,"Y":3},"Vision":0,"Owner":-1},{"Space":{"X":-1,"Y":3},"Vision":0,"Owner":-1},{"Space":{"X":0,"Y":3},"Vision":0,"Owner":-1},{"Space":{"X":1,"Y":3},"Vision":0,"Owner":-1},{"Space":{"X":-4,"Y":4},"Vision":0,"Owner":-1},{"Space":{"X":-3,"Y":4},"Vision":0,"Owner":-1},{"Space":{"X":-2,"Y":4},"Vision":0,"Owner":-1},{"Space":{"X":-1,"Y":4},"Vision":0,"Owner":-1},{"Space":{"X":0,"Y":4},"Vision":0,"Owner":-1}],"units":[{"InternalID":31,"UnitID":11,"Type":2,"Kind":1,"Location":{"Space":{"X":-4,"Y":2},"Zone":{"X":0,"Y":0}},"CurrentStamina":22,"CurrentOrder":null,"Builds":[],"GarrisonedIn":null,"Stance":3,"InterruptCurrent":false,"AttackBack":true,"TargetPriority":"","ActiveOrders":null,"Health":11,"MaxHealth":11},{"InternalID":32,"UnitID":11,"Type":2,"Kind":1,"Location":{"Space":{"X":-2,"Y":-1},"Zone":{"X":0,"Y":0}},"CurrentStamina":23,"CurrentOrder":null,"Builds":[],"GarrisonedIn":null,"Stance":3,"InterruptCurrent":false,"AttackBack":true,"TargetPriority":"","ActiveOrders":null,"Health":11,"MaxHealth":11},{"InternalID":33,"UnitID":11,"Type":2,"Kind":1,"Location":{"Space":{"X":-2,"Y":-1},"Zone":{"X":0,"Y":0}},"CurrentStamina":23,"CurrentOrder":null,"Builds":[],"GarrisonedIn":null,"Stance":3,"InterruptCurrent":false,"AttackBack":true,"TargetPriority":"","ActiveOrders":null,"Health":11,"MaxHealth":11},{"InternalID":34,"UnitID":11,"Type":2,"Kind":1,"Location":{"Space":{"X":-2,"Y":-1},"Zone":{"X":0,"Y":0}},"CurrentStamina":23,"CurrentOrder":null,"Builds":[],"GarrisonedIn":null,"Stance":3,"InterruptCurrent":false,"AttackBack":true,"TargetPriority":"","ActiveOrders":null,"Health":11,"MaxHealth":11},{"InternalID":35,"UnitID":11,"Type":2,"Kind":1,"Location":{"Space":{"X":-2,"Y":-1},"Zone":{"X":0,"Y":0}},"CurrentStamina":23,"CurrentOrder":null,"Builds":[],"GarrisonedIn":null,"Stance":3,"InterruptCurrent":false,"AttackBack":true,"TargetPriority":"","ActiveOrders":null,"Health":11,"MaxHealth":11},{"InternalID":36,"UnitID":11,"Type":2,"Kind":1,"Location":{"Space":{"X":-2,"Y":-1},"Zone":{"X":0,"Y":0}},"CurrentStamina":23,"CurrentOrder":null,"Builds":[],"GarrisonedIn":null,"Stance":3,"InterruptCurrent":false,"AttackBack":true,"TargetPriority":"","ActiveOrders":null,"Health":11,"MaxHealth":11},{"InternalID":37,"UnitID":11,"Type":2,"Kind":1,"Location":{"Space":{"X":-2,"Y":-1},"Zone":{"X":0,"Y":0}},"CurrentStamina":23,"CurrentOrder":null,"Builds":[],"GarrisonedIn":null,"Stance":3,"InterruptCurrent":false,"AttackBack":true,"TargetPriority":"","ActiveOrders":null,"Health":11,"MaxHealth":11},{"InternalID":38,"UnitID":11,"Type":2,"Kind":1,"Location":{"Space":{"X":-2,"Y":-1},"Zone":{"X":0,"Y":0}},"CurrentStamina":23,"CurrentOrder":null,"Builds":[],"GarrisonedIn":null,"Stance":3,"InterruptCurrent":false,"AttackBack":true,"TargetPriority":"","ActiveOrders":null,"Health":11,"MaxHealth":11},{"InternalID":39,"UnitID":11,"Type":2,"Kind":1,"Location":{"Space":{"X":-2,"Y":-1},"Zone":{"X":0,"Y":0}},"CurrentStamina":23,"CurrentOrder":null,"Builds":[],"GarrisonedIn":null,"Stance":3,"InterruptCurrent":false,"AttackBack":true,"TargetPriority":"","ActiveOrders":null,"Health":11,"MaxHealth":11},{"InternalID":40,"UnitID":11,"Type":2,"Kind":1,"Location":{"Space":{"X":-2,"Y":-1},"Zone":{"X":0,"Y":0}},"CurrentStamina":23,"CurrentOrder":null,"Builds":[],"GarrisonedIn":null,"Stance":3,"InterruptCurrent":false,"AttackBack":true,"TargetPriority":"","ActiveOrders":null,"Health":11,"MaxHealth":11},{"InternalID":41,"UnitID":11,"Type":2,"Kind":1,"Location":{"Space":{"X":-2,"Y":-1},"Zone":{"X":0,"Y":0}},"CurrentStamina":23,"CurrentOrder":null,"Builds":[],"GarrisonedIn":null,"Stance":3,"InterruptCurrent":false,"AttackBack":true,"TargetPriority":"","ActiveOrders":null,"Health":11,"MaxHealth":11},{"InternalID":42,"UnitID":11,"Type":2,"Kind":1,"Location":{"Space":{"X":-2,"Y":-1},"Zone":{"X":0,"Y":0}},"CurrentStamina":23,"CurrentOrder":null,"Builds":[],"GarrisonedIn":null,"Stance":3,"InterruptCurrent":false,"AttackBack":true,"TargetPriority":"","ActiveOrders":null,"Health":11,"MaxHealth":11},{"InternalID":43,"UnitID":11,"Type":2,"Kind":1,"Location":{"Space":{"X":-2,"Y":-1},"Zone":{"X":0,"Y":0}},"CurrentStamina":23,"CurrentOrder":null,"Builds":[],"GarrisonedIn":null,"Stance":3,"InterruptCurrent":false,"AttackBack":true,"TargetPriority":"","ActiveOrders":null,"Health":11,"MaxHealth":11},{"InternalID":44,"UnitID":11,"Type":2,"Kind":1,"Location":{"Space":{"X":-2,"Y":-1},"Zone":{"X":0,"Y":0}},"CurrentStamina":23,"CurrentOrder":null,"Builds":[],"GarrisonedIn":null,"Stance":3,"InterruptCurrent":false,"AttackBack":true,"TargetPriority":"","ActiveOrders":null,"Health":11,"MaxHealth":11},{"InternalID":45,"UnitID":11,"Type":2,"Kind":1,"Location":{"Space":{"X":-2,"Y":-1},"Zone":{"X":0,"Y":0}},"CurrentStamina":23,"CurrentOrder":null,"Builds":[],"GarrisonedIn":null,"Stance":3,"InterruptCurrent":false,"AttackBack":true,"TargetPriority":"","ActiveOrders":null,"Health":11,"MaxHealth":11},{"InternalID":46,"UnitID":11,"Type":2,"Kind":1,"Location":{"Space":{"X":-2,"Y":-1},"Zone":{"X":0,"Y":0}},"CurrentStamina":23,"CurrentOrder":null,"Builds":[],"GarrisonedIn":null,"Stance":3,"InterruptCurrent":false,"AttackBack":true,"TargetPriority":"","ActiveOrders":null,"Health":11,"MaxHealth":11},{"InternalID":47,"UnitID":12,"Type":2,"Kind":1,"Location":{"Space":{"X":-2,"Y":-1},"Zone":{"X":0,"Y":0}},"CurrentStamina":18,"CurrentOrder":null,"Builds":[],"GarrisonedIn":null,"Stance":3,"InterruptCurrent":false,"AttackBack":true,"TargetPriority":"","ActiveOrders":null,"Health":16,"MaxHealth":16},{"InternalID":48,"UnitID":12,"Type":2,"Kind":1,"Location":{"Space":{"X":-2,"Y":-1},"Zone":{"X":0,"Y":0}},"CurrentStamina":18,"CurrentOrder":null,"Builds":[],"GarrisonedIn":null,"Stance":3,"InterruptCurrent":false,"AttackBack":true,"TargetPriority":"","ActiveOrders":null,"Health":16,"MaxHealth":16},{"InternalID":49,"UnitID":12,"Type":2,"Kind":1,"Location":{"Space":{"X":-2,"Y":-1},"Zone":{"X":0,"Y":0}},"CurrentStamina":18,"CurrentOrder":null,"Builds":[],"GarrisonedIn":null,"Stance":3,"InterruptCurrent":false,"AttackBack":true,"TargetPriority":"","ActiveOrders":null,"Health":16,"MaxHealth":16},{"InternalID":50,"UnitID":12,"Type":2,"Kind":1,"Location":{"Space":{"X":-2,"Y":-1},"Zone":{"X":0,"Y":0}},"CurrentStamina":18,"CurrentOrder":null,"Builds":[],"GarrisonedIn":null,"Stance":3,"InterruptCurrent":false,"AttackBack":true,"TargetPriority":"","ActiveOrders":null,"Health":16,"MaxHealth":16},{"InternalID":51,"UnitID":12,"Type":2,"Kind":1,"Location":{"Space":{"X":-2,"Y":-1},"Zone":{"X":0,"Y":0}},"CurrentStamina":18,"CurrentOrder":null,"Builds":[],"GarrisonedIn":null,"Stance":3,"InterruptCurrent":false,"AttackBack":true,"TargetPriority":"","ActiveOrders":null,"Health":16,"MaxHealth":16},{"InternalID":52,"UnitID":12,"Type":2,"Kind":1,"Location":{"Space":{"X":-2,"Y":-1},"Zone":{"X":0,"Y":0}},"CurrentStamina":18,"CurrentOrder":null,"Builds":[],"GarrisonedIn":null,"Stance":3,"InterruptCurrent":false,"AttackBack":true,"TargetPriority":"","ActiveOrders":null,"Health":16,"MaxHealth":16},{"InternalID":53,"UnitID":12,"Type":2,"Kind":1,"Location":{"Space":{"X":-2,"Y":-1},"Zone":{"X":0,"Y":0}},"CurrentStamina":18,"CurrentOrder":null,"Builds":[],"GarrisonedIn":null,"Stance":3,"InterruptCurrent":false,"AttackBack":true,"TargetPriority":"","ActiveOrders":null,"Health":16,"MaxHealth":16},{"InternalID":54,"UnitID":12,"Type":2,"Kind":1,"Location":{"Space":{"X":-2,"Y":-1},"Zone":{"X":0,"Y":0}},"CurrentStamina":18,"CurrentOrder":null,"Builds":[],"GarrisonedIn":null,"Stance":3,"InterruptCurrent":false,"AttackBack":true,"TargetPriority":"","ActiveOrders":null,"Health":16,"MaxHealth":16},{"InternalID":55,"UnitID":13,"Type":2,"Kind":1,"Location":{"Space":{"X":-2,"Y":-1},"Zone":{"X":0,"Y":0}},"CurrentStamina":12,"CurrentOrder":null,"Builds":[],"GarrisonedIn":null,"Stance":3,"InterruptCurrent":false,"AttackBack":true,"TargetPriority":"","ActiveOrders":null,"Health":50,"MaxHealth":50},{"InternalID":56,"UnitID":13,"Type":2,"Kind":1,"Location":{"Space":{"X":-2,"Y":-1},"Zone":{"X":0,"Y":0}},"CurrentStamina":12,"CurrentOrder":null,"Builds":[],"GarrisonedIn":null,"Stance":3,"InterruptCurrent":false,"AttackBack":true,"TargetPriority":"","ActiveOrders":null,"Health":50,"MaxHealth":50},{"InternalID":57,"UnitID":13,"Type":2,"Kind":1,"Location":{"Space":{"X":-2,"Y":-1},"Zone":{"X":0,"Y":0}},"CurrentStamina":12,"CurrentOrder":null,"Builds":[],"GarrisonedIn":null,"Stance":3,"InterruptCurrent":false,"AttackBack":true,"TargetPriority":"","ActiveOrders":null,"Health":50,"MaxHealth":50},{"InternalID":58,"UnitID":13,"Type":2,"Kind":1,"Location":{"Space":{"X":-2,"Y":-1},"Zone":{"X":0,"Y":0}},"CurrentStamina":12,"CurrentOrder":null,"Builds":[],"GarrisonedIn":null,"Stance":3,"InterruptCurrent":false,"AttackBack":true,"TargetPriority":"","ActiveOrders":null,"Health":50,"MaxHealth":50},{"InternalID":59,"UnitID":13,"Type":2,"Kind":1,"Location":{"Space":{"X":-2,"Y":-1},"Zone":{"X":0,"Y":0}},"CurrentStamina":12,"CurrentOrder":null,"Builds":[],"GarrisonedIn":null,"Stance":3,"InterruptCurrent":false,"AttackBack":true,"TargetPriority":"","ActiveOrders":null,"Health":50,"MaxHealth":50},{"InternalID":60,"UnitID":13,"Type":2,"Kind":1,"Location":{"Space":{"X":-2,"Y":-1},"Zone":{"X":0,"Y":0}},"CurrentStamina":12,"CurrentOrder":null,"Builds":[],"GarrisonedIn":null,"Stance":3,"InterruptCurrent":false,"AttackBack":true,"TargetPriority":"","ActiveOrders":null,"Health":50,"MaxHealth":50}]}
2026/09/30 21:20:33 ai ai-1: submitting orders [{Subjects:[31] OrderType:2 TargetID:32896 ClearPreviousOrders:true}]
2026/09/30 21:20:33 ai ai-1: vars {}
2026/09/30 21:20:33 player action: submit-orders 0 2 map[orders:[{1 [31] 2 32896 true}]]
2026/09/30 21:20:33 Executing submit orders for: 1 [{1 [31] 2 32896 true}]
2026/09/30 21:20:33 ai ai-0: new turn data {"buildings":[],"enemy_buildings":[],"enemy_units":[],"foundations":[],"population":{"current":30,"limit":0},"resources":{"food":200,"gold":40,"stone":100,"wood":200},"spaces":[{"Space":{"X":0,"Y":-4},"Vision":0,"Owner":-1},{"Space":{"X":1,"Y":-4},"Vision":0,"Owner":-1},{"Space":{"X":2,"Y":-4},"Vision":0,"Owner":-1},{"Space":{"X":3,"Y":-4},"Vision":0,"Owner":-1},{"Space":{"X":4,"Y":-4},"Vision":0,"Owner":-1},{"Space":{"X":-1,"Y":-3},"Vision":0,"Owner":-1},{"Space":{"X":0,"Y":-3},"Vision":0,"Owner":-1},{"Space":{"X":1,"Y":-3},"Vision":0,"Owner":-1},{"Space":{"X":2,"Y":-3},"Vision":0,"Owner":-1},{"Space":{"X":3,"Y":-3},"Vision":0,"Owner":-1},{"Space":{"X":4,"Y":-3},"Vision":0,"Owner":-1},{"Space":{"X":-2,"Y":-2},"Vision":0,"Owner":-1},{"Space":{"X":-1,"Y":-2},"Vision":0,"Owner":-1},{"Space":{"X":0,"Y":-2},"Vision":2,"Owner":-1},{"Space":{"X":1,"Y":-2},"Vision":2,"Owner":-1},{"Space":{"X":2,"Y":-2},"Vision":1,"Owner":-1},{"Space":{"X":3,"Y":-2},"Vision":1,"Owner":-1},{"Space":{"X":4,"Y":-2},"Vision":0,"Owner":-1},{"Space":{"X":-3,"Y":-1},"Vision":0,"Owner":-1},{"Space":{"X":-2,"Y":-1},"Vision":0,"Owner":-1},{"Space":{"X":-1,"Y":-1},"Vision":2,"Owner":-1},{"Space":{"X":0,"Y":-1},"Vision":3,"Owner":0},{"Space":{"X":1,"Y":-1},"Vision":3,"Owner":-1},{"Space":{"X":2,"Y":-1},"Vision":1,"Owner":-1},{"Space":{"X":3,"Y":-1},"Vision":1,"Owner":-1},{"Space":{"X":4,"Y":-1},"Vision":0,"Owner":-1},{"Space":{"X":-4,"Y":0},"Vision":0,"Owner":-1},{"Space":{"X":-3,"Y":0},"Vision":0,"Owner":-1},{"Space":{"X":-2,"Y":0},"Vision":2,"Owner":-1},{"Space":{"X":-1,"Y":0},"Vision":3,"Owner":0},{"Space":{"X":0,"Y":0},"Vision":2,"Owner":-1},{"Space":{"X":1,"Y":0},"Vision":1,"Owner":-1},{"Space":{"X":2,"Y":0},"Vision":1,"Owner":-1},{"Space":{"X":3,"Y":0},"Vision":1,"Owner":-1},{"Space":{"X":4,"Y":0},"Vision":0,"Owner":-1},{"Space":{"X":-4,"Y":1},"Vision":0,"Owner":-1},{"Space":{"X":-3,"Y":1},"Vision":2,"Owner":-1},{"Space":{"X":-2,"Y":1},"Vision":3,"Owner":0},{"Space":{"X":-1,"Y":1},"Vision":3,"Owner":0},{"Space":{"X":0,"Y":1},"Vision":2,"Owner":-1},{"Space":{"X":1,"Y":1},"Vision":1,"Owner":-1},{"Space":{"X":2,"Y":1},"Vision":1,"Owner":-1},{"Space":{"X":3,"Y":1},"Vision":1,"Owner":-1},{"Space":{"X":-4,"Y":2},"Vision":0,"Owner":-1},{"Space":{"X":-3,"Y":2},"Vision":2,"Owner":-1},{"Space":{"X":-2,"Y":2},"Vision":3,"Owner":0},{"Space":{"X":-1,"Y":2},"Vision":2,"Owner":-1},{"Space":{"X":0,"Y":2},"Vision":1,"Owner":-1},{"Space":{"X":1,"Y":2},"Vision":1,"Owner":-1},{"Space":{"X":2,"Y":2},"Vision":1,"Owner":-1},{"Space":{"X":-4,"Y":3},"Vision":0,"Owner":-1},{"Space":{"X":-3,"Y":3},"Vision":2,"Owner":-1},{"Space":{"X":-2,"Y":3},"Vision":3,"Owner":0},{"Space":{"X":-1,"Y":3},"Vision":2,"Owner":-1},{"Space":{"X":0,"Y":3},"Vision":1,"Owner":-1},{"Space":{"X":1,"Y":3},"Vision":1,"Owner":-1},{"Space":{"X":-4,"Y":4},"Vision":0,"Owner":-1},{"Space":{"X":-3,"Y":4},"Vision":2,"Owner":-1},{"Space":{"X":-2,"Y":4},"Vision":3,"Owner":0},{"Space":{"X":-1,"Y":4},"Vision":3,"Owner":-1},{"Space":{"X":0,"Y":4},"Vision":1,"Owner":-1}],"units":[{"InternalID":1,"UnitID":11,"Type":2,"Kind":1,"Location":{"Space":{"X":-2,"Y":1},"Zone":{"X":0,"Y":0}},"CurrentStamina":22,"CurrentOrder":null,"Builds":[],"GarrisonedIn":null,"Stance":3,"InterruptCurrent":true,"AttackBack":true,"TargetPriority":"","ActiveOrders":null,"Health":11,"MaxHealth":11},{"InternalID":2,"UnitID":11,"Type":2,"Kind":1,"Location":{"Space":{"X":-2,"Y":2},"Zone":{"X":0,"Y":0}},"CurrentStamina":22,"CurrentOrder":null,"Builds":[],"GarrisonedIn":null,"Stance":3,"InterruptCurrent":true,"AttackBack":true,"TargetPriority":"","ActiveOrders":null,"Health":11,"MaxHealth":11},{"InternalID":3,"UnitID":11,"Type":2,"Kind":1,"Location":{"Space":{"X":-2,"Y":3},"Zone":{"X":0,"Y":0}},"CurrentStamina":22,"CurrentOrder":null,"Builds":[],"GarrisonedIn":null,"Stance":3,"InterruptCurrent":true,"AttackBack":true,"TargetPriority":"","ActiveOrders":null,"Health":11,"MaxHealth":11},{"InternalID":4,"UnitID":11,"Type":2,"Kind":1,"Location":{"Space":{"X":-1,"Y":0},"Zone":{"X":0,"Y":0}},"CurrentStamina":17,"CurrentOrder":null,"Builds":[],"GarrisonedIn":null,"Stance":3,"InterruptCurrent":true,"AttackBack":true,"TargetPriority":"","ActiveOrders":null,"Health":11,"MaxHealth":11},{"InternalID":5,"UnitID":11,"Type":2,"Kind":1,"Location":{"Space":{"X":-2,"Y":4},"Zone":{"X":1,"Y":0}},"CurrentStamina":15,"CurrentOrder":{"Kind":0,"TargetZone":{"Space":{"X":-2,"Y":4},"Zone":{"X":0,"Y":0}},"TargetSpace":null,"TargetResource":null,"TargetUnit":null,"TargetBuilding":null},"Builds":[],"GarrisonedIn":null,"Stance":3,"InterruptCurrent":true,"AttackBack":true,"TargetPriority":"","ActiveOrders":[{"ID":37,"Kind":0}],"Health":11,"MaxHealth":11},{"InternalID":6,"UnitID":11,"Type":2,"Kind":1,"Location":{"Space":{"X":0,"Y":-1},"Zone":{"X":1,"Y":0}},"CurrentStamina":15,"CurrentOrder":{"Kind":0,"TargetZone":{"Space":{"X":0,"Y":-1},"Zone":{"X":0,"Y":0}},"TargetSpace":null,"TargetResource":null,"TargetUnit":null,"TargetBuilding":null},"Builds":[],"GarrisonedIn":null,"Stance":3,"InterruptCurrent":false,"AttackBack":true,"TargetPriority":"","ActiveOrders":[{"ID":38,"Kind":0}],"Health":11,"MaxHealth":11},{"InternalID":7,"UnitID":11,"Type":2,"Kind":1,"Location":{"Space":{"X":-2,"Y":1},"Zone":{"X":0,"Y":0}},"CurrentStamina":22,"CurrentOrder":null,"Builds":[],"GarrisonedIn":null,"Stance":3,"InterruptCurrent":true,"AttackBack":true,"TargetPriority":"","ActiveOrders":null,"Health":11,"MaxHealth":11},{"InternalID":8,"UnitID":11,"Type":2,"Kind":1,"Location":{"Space":{"X":-2,"Y":1},"Zone":{"X":0,"Y":0}},"CurrentStamina":22,"CurrentOrder":null,"Builds":[],"GarrisonedIn":null,"Stance":3,"InterruptCurrent":true,"AttackBack":true,"TargetPriority":"","ActiveOrders":null,"Health":11,"MaxHealth":11},{"InternalID":9,"UnitID":11,"Type":2,"Kind":1,"Location":{"Space":{"X":-2,"Y":1},"Zone":{"X":0,"Y":0}},"CurrentStamina":22,"CurrentOrder":null,"Builds":[],"GarrisonedIn":null,"Stance":3,"InterruptCurrent":true,"AttackBack":true,"TargetPriority":"","ActiveOrders":null,"Health":11,"MaxHealth":11},{"InternalID":10,"UnitID":11,"Type":2,"Kind":1,"Location":{"Space":{"X":-2,"Y":1},"Zone":{"X":0,"Y":0}},"CurrentStamina":22,"CurrentOrder":null,"Builds":[],"GarrisonedIn":null,"Stance":3,"InterruptCurrent":true,"AttackBack":true,"TargetPriority":"","ActiveOrders":null,"Health":11,"MaxHealth":11},{"InternalID":11,"UnitID":11,"Type":2,"Kind":1,"Location":{"Space":{"X":-2,"Y":1},"Zone":{"X":0,"Y":0}},"CurrentStamina":22,"CurrentOrder":null,"Builds":[],"GarrisonedIn":null,"Stance":3,"InterruptCurrent":true,"AttackBack":true,"TargetPriority":"","ActiveOrders":null,"Health":11,"MaxHealth":11},{"InternalID":12,"UnitID":11,"Type":2,"Kind":1,"Location":{"Space":{"X":-2,"Y":1},"Zone":{"X":0,"Y":0}},"CurrentStamina":22,"CurrentOrder":null,"Builds":[],"GarrisonedIn":null,"Stance":3,"InterruptCurrent":true,"AttackBack":true,"TargetPriority":"","ActiveOrders":null,"Health":11,"MaxHealth":11},{"InternalID":13,"UnitID":11,"Type":2,"Kind":1,"Location":{"Space":{"X":-2,"Y":1},"Zone":{"X":0,"Y":0}},"CurrentStamina":22,"CurrentOrder":null,"Builds":[],"GarrisonedIn":null,"Stance":3,"InterruptCurrent":true,"AttackBack":true,"TargetPriority":"","ActiveOrders":null,"Health":11,"MaxHealth":11},{"InternalID":14,"UnitID":11,"Type":2,"Kind":1,"Location":{"Space":{"X":-2,"Y":1},"Zone":{"X":0,"Y":0}},"CurrentStamina":22,"CurrentOrder":null,"Builds":[],"GarrisonedIn":null,"Stance":3,"InterruptCurrent":true,"AttackBack":true,"TargetPriority":"","ActiveOrders":null,"Health":11,"MaxHealth":11},{"InternalID":15,"UnitID":11,"Type":2,"Kind":1,"Location":{"Space":{"X":-2,"Y":1},"Zone":{"X":0,"Y":0}},"CurrentStamina":22,"CurrentOrder":null,"Builds":[],"GarrisonedIn":null,"Stance":3,"InterruptCurrent":true,"AttackBack":true,"TargetPriority":"","ActiveOrders":null,"Health":11,"MaxHealth":11},{"InternalID":16,"UnitID":11,"Type":2,"Kind":1,"Location":{"Space":{"X":-2,"Y":1},"Zone":{"X":0,"Y":0}},"CurrentStamina":22,"CurrentOrder":null,"Builds":[],"GarrisonedIn":null,"Stance":3,"InterruptCurrent":true,"AttackBack":true,"TargetPriority":"","ActiveOrders":null,"Health":11,"MaxHealth":11},{"InternalID":17,"UnitID":12,"Type":2,"Kind":1,"Location":{"Space":{"X":-2,"Y":1},"Zone":{"X":0,"Y":0}},"CurrentStamina":14,"CurrentOrder":null,"Builds":[],"GarrisonedIn":null,"Stance":3,"InterruptCurrent":true,"AttackBack":true,"TargetPriority":"","ActiveOrders":null,"Health":16,"MaxHealth":16},{"InternalID":18,"UnitID":12,"Type":2,"Kind":1,"Location":{"Space":{"X":-2,"Y":1},"Zone":{"X":0,"Y":0}},"CurrentStamina":14,"CurrentOrder":null,"Builds":[],"GarrisonedIn":null,"Stance":3,"InterruptCurrent":true,"AttackBack":true,"TargetPriority":"","ActiveOrders":null,"Health":16,"MaxHealth":16},{"InternalID":19,"UnitID":12,"Type":2,"Kind":1,"Location":{"Space":{"X":-2,"Y":1},"Zone":{"X":0,"Y":0}},"CurrentStamina":14,"CurrentOrder":null,"Builds":[],"GarrisonedIn":null,"Stance":3,"InterruptCurrent":true,"AttackBack":true,"TargetPriority":"","ActiveOrders":null,"Health":16,"MaxHealth":16},{"InternalID":20,"UnitID":12,"Type":2,"Kind":1,"Location":{"Space":{"X":-2,"Y":1},"Zone":{"X":0,"Y":0}},"CurrentStamina":14,"CurrentOrder":null,"Builds":[],"GarrisonedIn":null,"Stance":3,"InterruptCurrent":true,"AttackBack":true,"TargetPriority":"","ActiveOrders":null,"Health":16,"MaxHealth":16},{"InternalID":21,"UnitID":12,"Type":2,"Kind":1,"Location":{"Space":{"X":-2,"Y":1},"Zone":{"X":0,"Y":0}},"CurrentStamina":14,"CurrentOrder":null,"Builds":[],"GarrisonedIn":null,"Stance":3,"InterruptCurrent":true,"AttackBack":true,"TargetPriority":"","ActiveOrders":null,"Health":16,"MaxHealth":16},{"InternalID":22,"UnitID":12,"Type":2,"Kind":1,"Location":{"Space":{"X":-2,"Y":1},"Zone":{"X":0,"Y":0}},"CurrentStamina":14,"CurrentOrder":null,"Builds":[],"GarrisonedIn":null,"Stance":3,"InterruptCurrent":true,"AttackBack":true,"TargetPriority":"","ActiveOrders":null,"Health":16,"MaxHealth":16},{"InternalID":23,"UnitID":12,"Type":2,"Kind":1,"Location":{"Space":{"X":-2,"Y":1},"Zone":{"X":0,"Y":0}},"CurrentStamina":14,"CurrentOrder":null,"Builds":[],"GarrisonedIn":null,"Stance":3,"InterruptCurrent":true,"AttackBack":true,"TargetPriority":"","ActiveOrders":null,"Health":16,"MaxHealth":16},{"InternalID":24,"UnitID":12,"Type":2,"Kind":1,"Location":{"Space":{"X":-2,"Y":1},"Zone":{"X":0,"Y":0}},"CurrentStamina":14,"CurrentOrder":null,"Builds":[],"GarrisonedIn":null,"Stance":3,"InterruptCurrent":true,"AttackBack":true,"TargetPriority":"","ActiveOrders":null,"Health":16,"MaxHealth":16},{"InternalID":25,"UnitID":13,"Type":2,"Kind":1,"Location":{"Space":{"X":-1,"Y":1},"Zone":{"X":0,"Y":0}},"CurrentStamina":8,"CurrentOrder":{"Kind":0,"TargetZone":{"Space":{"X":-2,"Y":1},"Zone":{"X":0,"Y":0}},"TargetSpace":null,"TargetResource":null,"TargetUnit":null,"TargetBuilding":null},"Builds":[],"GarrisonedIn":null,"Stance":3,"InterruptCurrent":true,"AttackBack":true,"TargetPriority":"","ActiveOrders":[{"ID":57,"Kind":0}],"Health":50,"MaxHealth":50},{"InternalID":26,"UnitID":13,"Type":2,"Kind":1,"Location":{"Space":{"X":-1,"Y":1},"Zone":{"X":0,"Y":0}},"CurrentStamina":8,"CurrentOrder":{"Kind":0,"TargetZone":{"Space":{"X":-2,"Y":1},"Zone":{"X":0,"Y":0}},"TargetSpace":null,"TargetResource":null,"TargetUnit":null,"TargetBuilding":null},"Builds":[],"GarrisonedIn":null,"Stance":3,"InterruptCurrent":true,"AttackBack":true,"TargetPriority":"","ActiveOrders":[{"ID":58,"Kind":0}],"Health":50,"MaxHealth":50},{"InternalID":27,"UnitID":13,"Type":2,"Kind":1,"Location":{"Space":{"X":-1,"Y":1},"Zone":{"X":0,"Y":0}},"CurrentStamina":8,"CurrentOrder":{"Kind":0,"TargetZone":{"Space":{"X":-2,"Y":1},"Zone":{"X":0,"Y":0}},"TargetSpace":null,"TargetResource":null,"TargetUnit":null,"TargetBuilding":null},"Builds":[],"GarrisonedIn":null,"Stance":3,"InterruptCurrent":true,"AttackBack":true,"TargetPriority":"","ActiveOrders":[{"ID":59,"Kind":0}],"Health":50,"MaxHealth":50},{"InternalID":28,"UnitID":13,"Type":2,"Kind":1,"Location":{"Space":{"X":-1,"Y":1},"Zone":{"X":0,"Y":0}},"CurrentStamina":8,"CurrentOrder":{"Kind":0,"TargetZone":{"Space":{"X":-2,"Y":1},"Zone":{"X":0,"Y":0}},"TargetSpace":null,"TargetResource":null,"TargetUnit":null,"TargetBuilding":null},"Builds":[],"GarrisonedIn":null,"Stance":3,"InterruptCurrent":true,"AttackBack":true,"TargetPriority":"","ActiveOrders":[{"ID":60,"Kind":0}],"Health":50,"MaxHealth":50},{"InternalID":29,"UnitID":13,"Type":2,"Kind":1,"Location":{"Space":{"X":-1,"Y":1},"Zone":{"X":0,"Y":0}},"CurrentStamina":8,"CurrentOrder":{"Kind":0,"TargetZone":{"Space":{"X":-2,"Y":1},"Zone":{"X":0,"Y":0}},"TargetSpace":null,"TargetResource":null,"TargetUnit":null,"TargetBuilding":null},"Builds":[],"GarrisonedIn":null,"Stance":3,"InterruptCurrent":true,"AttackBack":true,"TargetPriority":"","ActiveOrders":[{"ID":61,"Kind":0}],"Health":50,"MaxHealth":50},{"InternalID":30,"UnitID":13,"Type":2,"Kind":1,"Location":{"Space":{"X":-1,"Y":1},"Zone":{"X":0,"Y":0}},"CurrentStamina":8,"CurrentOrder":{"Kind":0,"TargetZone":{"Space":{"X":-2,"Y":1},"Zone":{"X":0,"Y":0}},"TargetSpace":null,"TargetResource":null,"TargetUnit":null,"TargetBuilding":null},"Builds":[],"GarrisonedIn":null,"Stance":3,"InterruptCurrent":true,"AttackBack":true,"TargetPriority":"","ActiveOrders":[{"ID":62,"Kind":0}],"Health":50,"MaxHealth":50}]}
2026/09/30 21:20:33 ai ai-0: submitting orders [{Subjects:[1] OrderType:2 TargetID:4465 ClearPreviousOrders:true} {Subjects:[2] OrderType:2 TargetID:9870 ClearPreviousOrders:true} {Subjects:[3] OrderType:2 TargetID:18915 ClearPreviousOrders:true} {Subjects:[4] OrderType:2 TargetID:465 ClearPreviousOrders:true} {Subjects:[7] OrderType:2 TargetID:4465 ClearPreviousOrders:true} {Subjects:[8] OrderType:2 TargetID:4465 ClearPreviousOrders:true} {Subjects:[9] OrderType:2 TargetID:4465 ClearPreviousOrders:true} {Subjects:[10] OrderType:2 TargetID:4465 ClearPreviousOrders:true} {Subjects:[11] OrderType:2 TargetID:4465 ClearPreviousOrders:true} {Subjects:[12] OrderType:2 TargetID:4465 ClearPreviousOrders:true} {Subjects:[13] OrderType:2 TargetID:4465 ClearPreviousOrders:true} {Subjects:[14] OrderType:2 TargetID:4465 ClearPreviousOrders:true} {Subjects:[15] OrderType:2 TargetID:4465 ClearPreviousOrders:true} {Subjects:[16] OrderType:2 TargetID:4465 ClearPreviousOrders:true} {Subjects:[17] OrderType:2 TargetID:4465 ClearPreviousOrders:true} {Subjects:[18] OrderType:2 TargetID:4465 ClearPreviousOrders:true} {Subjects:[19] OrderType:2 TargetID:4465 ClearPreviousOrders:true} {Subjects:[20] OrderType:2 TargetID:4465 ClearPreviousOrders:true} {Subjects:[21] OrderType:2 TargetID:4465 ClearPreviousOrders:true} {Subjects:[22] OrderType:2 TargetID:4465 ClearPreviousOrders:true} {Subjects:[23] OrderType:2 TargetID:4465 ClearPreviousOrders:true} {Subjects:[24] OrderType:2 TargetID:4465 ClearPreviousOrders:true}]
2026/09/30 21:20:33 ai ai-0: vars {"B":16,"Hv":6,"Pi":8,"aPowLocal":0,"aThreat":0,"a_engaged":0,"a_odds":1.3,"a_outnumbered":0,"army_target":50,"army_value":3080,"assault":0,"bank_rate":28,"bar_barracks":0.17072129748186085,"bar_redoubt":1.1111111111111112,"barracks":0,"barracks_B":0,"barracks_P":0,"barracks_save":0,"barracks_spend":78.1,"barracks_want":0,"buffer_food":70,"buffer_gold":0,"buffer_stone":0,"buffer_wood":70,"builders":0,"committed":0,"eB":0,"eGrowth":0,"eH":0,"eMil":0,"eP":0,"ePow":0,"ePowEst":0,"ePowSeen":0,"eTech":1,"eV":0,"es":1,"farm_want":0,"farm_wood_short":0,"farming":0,"fire_barracks":0,"fire_farm0":0,"fire_farm1":0,"fire_farm2":0,"fire_house":0,"fire_outpost":0,"fire_redoubt":0,"fire_smith":0,"fire_vc":0,"food_need":0,"food_over":0,"food_rate":0,"food_slots":1000,"food_workers":0,"free_room":20,"go":0,"gold_income":14,"gold_need":0,"gold_rate":0,"gold_surplus":40,"guaranteed":0,"guard_home":0,"headroom":-30,"hire_B":2153.846153846154,"hire_P":3384.6153846153843,"homePow":0,"house_builders":0,"house_urgency":0,"house_want":0,"income_proj":0,"left":0,"lf_food":0,"lf_gold":0,"lf_stone":0,"lf_wood":0,"lump_food":0,"lump_gold":0,"lump_stone":0,"lump_wood":0,"maturity":0,"mil":30,"myTech":1,"n_barracks":0,"n_redoubts":0,"needB":19.99511837930193,"needP":0.00488162069807176,"outpost_want":0,"pikes":0,"planned_food":0,"planned_gold":0,"planned_stone":0,"planned_wood":0,"prod_rate":0,"proj_army":3080,"raid_danger":0,"raid_fails":0,"raid_lost":0,"raid_pause":0,"raid_prev":5,"raid_size":4.8,"raid_wiped":0,"rate":6,"redoubt_H":0,"redoubt_gold_ok":1,"redoubt_save":0,"redoubt_spend":30,"redoubt_want":0,"redoubts":0,"rf_food":0,"rf_gold":0,"rf_stone":0,"rf_wood":0,"sB4":256,"sP4":0.0625,"scale_l":0,"scale_r":0,"shareH":0.2,"smith_want":0,"smiths":0,"spare":0,"spare_food":0.5,"stone_need":0,"stone_rate":0,"tH":26,"target_spend":400,"tech_food":50,"tech_gold":0,"tech_stone":0,"tech_wood":50,"threat_home":0,"turns_left":-300,"u_barracks":0.2868117797695263,"u_redoubt":0.18666666666666668,"unit_spend":120,"vB":4,"vH":1,"vP":0.5,"vc_want":0,"vcs":0,"vil_goal":50,"vil_rate":0,"vil_stamina":8,"vil_want":0,"vil_want_last":0,"vil_worth_now":0.6,"vils":0,"w_food":0,"w_gold":0,"w_stone":0,"w_wood":0,"wild_workers":0,"wood_need":0,"wood_rate":0,"workers":0}
2026/09/30 21:20:33 player action: submit-orders 0 1 map[orders:[{0 [1] 2 4465 true} {0 [2] 2 9870 true} {0 [3] 2 18915 true} {0 [4] 2 465 true} {0 [7] 2 4465 true} {0 [8] 2 4465 true} {0 [9] 2 4465 true} {0 [10] 2 4465 true} {0 [11] 2 4465 true} {0 [12] 2 4465 true} {0 [13] 2 4465 true} {0 [14] 2 4465 true} {0 [15] 2 4465 true} {0 [16] 2 4465 true} {0 [17] 2 4465 true} {0 [18] 2 4465 true} {0 [19] 2 4465 true} {0 [20] 2 4465 true} {0 [21] 2 4465 true} {0 [22] 2 4465 true} {0 [23] 2 4465 true} {0 [24] 2 4465 true}]]
2026/09/30 21:20:33 Executing submit orders for: 0 [{0 [1] 2 4465 true} {0 [2] 2 9870 true} {0 [3] 2 18915 true} {0 [4] 2 465 true} {0 [7] 2 4465 true} {0 [8] 2 4465 true} {0 [9] 2 4465 true} {0 [10] 2 4465 true} {0 [11] 2 4465 true} {0 [12] 2 4465 true} {0 [13] 2 4465 true} {0 [14] 2 4465 true} {0 [15] 2 4465 true} {0 [16] 2 4465 true} {0 [17] 2 4465 true} {0 [18] 2 4465 true} {0 [19] 2 4465 true} {0 [20] 2 4465 true} {0 [21] 2 4465 true} {0 [22] 2 4465 true} {0 [23] 2 4465 true} {0 [24] 2 4465 true}]
2026/09/30 21:20:33 Resolving active orders
2026/09/30 21:20:33 Moving unit 3 Blunt Infantry to zone(-1, 0) in space (-2, 3) tick=1
2026/09/30 21:20:33 Moving unit 6 Blunt Infantry to zone(0, 0) in space (0, -1) tick=1
2026/09/30 21:20:33 Moving unit 17 Piercing Infantry to zone(-1, 0) in space (-2, 1) tick=1
2026/09/30 21:20:33 Moving unit 25 Heavy Infantry to zone(-1, 0) in space (-1, 1) tick=1
2026/09/30 21:20:33 Moving unit 10 Blunt Infantry to zone(-1, 0) in space (-2, 1) tick=1
2026/09/30 21:20:33 Moving unit 15 Blunt Infantry to zone(-1, 0) in space (-2, 1) tick=1
2026/09/30 21:20:33 Moving unit 20 Piercing Infantry to zone(-1, 0) in space (-2, 1) tick=1
2026/09/30 21:20:33 Moving unit 28 Heavy Infantry to zone(-1, 0) in space (-1, 1) tick=1
2026/09/30 21:20:33 Moving unit 29 Heavy Infantry to zone(-1, 0) in space (-1, 1) tick=1
2026/09/30 21:20:33 Moving unit 13 Blunt Infantry to zone(-1, 0) in space (-2, 1) tick=1
2026/09/30 21:20:33 Moving unit 4 Blunt Infantry to zone(-1, 0) in space (-1, 0) tick=1
2026/09/30 21:20:33 Moving unit 5 Blunt Infantry to zone(0, 0) in space (-2, 4) tick=1
2026/09/30 21:20:33 Moving unit 9 Blunt Infantry to zone(-1, 0) in space (-2, 1) tick=1
2026/09/30 21:20:33 Moving unit 18 Piercing Infantry to zone(-1, 0) in space (-2, 1) tick=1
2026/09/30 21:20:33 Moving unit 27 Heavy Infantry to zone(-1, 0) in space (-1, 1) tick=1
2026/09/30 21:20:33 Moving unit 26 Heavy Infantry to zone(-1, 0) in space (-1, 1) tick=1
2026/09/30 21:20:33 Moving unit 12 Blunt Infantry to zone(-1, 0) in space (-2, 1) tick=1
2026/09/30 21:20:33 Moving unit 16 Blunt Infantry to zone(-1, 0) in space (-2, 1) tick=1
2026/09/30 21:20:33 Moving unit 19 Piercing Infantry to zone(-1, 0) in space (-2, 1) tick=1
2026/09/30 21:20:33 Moving unit 21 Piercing Infantry to zone(-1, 0) in space (-2, 1) tick=1
2026/09/30 21:20:33 Moving unit 23 Piercing Infantry to zone(-1, 0) in space (-2, 1) tick=1
2026/09/30 21:20:33 Moving unit 24 Piercing Infantry to zone(-1, 0) in space (-2, 1) tick=1
2026/09/30 21:20:33 Moving unit 30 Heavy Infantry to zone(-1, 0) in space (-1, 1) tick=1
2026/09/30 21:20:33 Moving unit 1 Blunt Infantry to zone(-1, 0) in space (-2, 1) tick=1
2026/09/30 21:20:33 Moving unit 8 Blunt Infantry to zone(-1, 0) in space (-2, 1) tick=1
2026/09/30 21:20:33 Moving unit 11 Blunt Infantry to zone(-1, 0) in space (-2, 1) tick=1
2026/09/30 21:20:33 Moving unit 14 Blunt Infantry to zone(-1, 0) in space (-2, 1) tick=1
2026/09/30 21:20:33 Moving unit 22 Piercing Infantry to zone(-1, 0) in space (-2, 1) tick=1
2026/09/30 21:20:33 Moving unit 2 Blunt Infantry to zone(-1, 0) in space (-2, 2) tick=1
2026/09/30 21:20:33 Moving unit 7 Blunt Infantry to zone(-1, 0) in space (-2, 1) tick=1
2026/09/30 21:20:33 Moving unit 31 Blunt Infantry to zone(0, 1) in space (-4, 2) tick=1
2026/09/30 21:20:33 state_hash turn=4 tick=1 hash=f3e4c9c8a0dfb60b
2026/09/30 21:20:33 Moving unit 2 Blunt Infantry to zone(1, 0) in space (-3, 2) tick=2
2026/09/30 21:20:33 Moving unit 7 Blunt Infantry to zone(1, 0) in space (-3, 1) tick=2
2026/09/30 21:20:33 Moving unit 3 Blunt Infantry to zone(1, 0) in space (-3, 3) tick=2
2026/09/30 21:20:33 Moving unit 17 Piercing Infantry to zone(1, 0) in space (-3, 1) tick=2
2026/09/30 21:20:33 Moving unit 25 Heavy Infantry to zone(1, 0) in space (-2, 1) tick=2
2026/09/30 21:20:33 Moving unit 10 Blunt Infantry to zone(1, 0) in space (-3, 1) tick=2
2026/09/30 21:20:33 Moving unit 15 Blunt Infantry to zone(1, 0) in space (-3, 1) tick=2
2026/09/30 21:20:33 Moving unit 20 Piercing Infantry to zone(1, 0) in space (-3, 1) tick=2
2026/09/30 21:20:33 Moving unit 28 Heavy Infantry to zone(1, 0) in space (-2, 1) tick=2
2026/09/30 21:20:33 Moving unit 29 Heavy Infantry to zone(1, 0) in space (-2, 1) tick=2
2026/09/30 21:20:33 Moving unit 13 Blunt Infantry to zone(1, 0) in space (-3, 1) tick=2
2026/09/30 21:20:33 Moving unit 4 Blunt Infantry to zone(1, 0) in space (-2, 0) tick=2
2026/09/30 21:20:33 Moving unit 9 Blunt Infantry to zone(1, 0) in space (-3, 1) tick=2
2026/09/30 21:20:33 Moving unit 18 Piercing Infantry to zone(1, 0) in space (-3, 1) tick=2
2026/09/30 21:20:33 Moving unit 27 Heavy Infantry to zone(1, 0) in space (-2, 1) tick=2
2026/09/30 21:20:33 Moving unit 26 Heavy Infantry to zone(1, 0) in space (-2, 1) tick=2
2026/09/30 21:20:33 Moving unit 12 Blunt Infantry to zone(1, 0) in space (-3, 1) tick=2
2026/09/30 21:20:33 Moving unit 16 Blunt Infantry to zone(1, 0) in space (-3, 1) tick=2
2026/09/30 21:20:33 Moving unit 19 Piercing Infantry to zone(1, 0) in space (-3, 1) tick=2
2026/09/30 21:20:33 Moving unit 21 Piercing Infantry to zone(1, 0) in space (-3, 1) tick=2
2026/09/30 21:20:33 Moving unit 23 Piercing Infantry to zone(1, 0) in space (-3, 1) tick=2
2026/09/30 21:20:33 Moving unit 24 Piercing Infantry to zone(1, 0) in space (-3, 1) tick=2
2026/09/30 21:20:33 Moving unit 30 Heavy Infantry to zone(1, 0) in space (-2, 1) tick=2
2026/09/30 21:20:33 Moving unit 1 Blunt Infantry to zone(1, 0) in space (-3, 1) tick=2
2026/09/30 21:20:33 Moving unit 8 Blunt Infantry to zone(1, 0) in space (-3, 1) tick=2
2026/09/30 21:20:33 Moving unit 11 Blunt Infantry to zone(1, 0) in space (-3, 1) tick=2
2026/09/30 21:20:33 Moving unit 14 Blunt Infantry to zone(1, 0) in space (-3, 1) tick=2
2026/09/30 21:20:33 Moving unit 22 Piercing Infantry to zone(1, 0) in space (-3, 1) tick=2
2026/09/30 21:20:33 Moving unit 31 Blunt Infantry to zone(0, -1) in space (-4, 3) tick=2
2026/09/30 21:20:33 state_hash turn=4 tick=2 hash=ec2d08dcd49e71ab
2026/09/30 21:20:33 Moving unit 26 Heavy Infantry to zone(0, 0) in space (-2, 1) tick=3
2026/09/30 21:20:33 Moving unit 12 Blunt Infantry to zone(0, 0) in space (-3, 1) tick=3
2026/09/30 21:20:33 Moving unit 16 Blunt Infantry to zone(0, 0) in space (-3, 1) tick=3
2026/09/30 21:20:33 Moving unit 19 Piercing Infantry to zone(0, 0) in space (-3, 1) tick=3
2026/09/30 21:20:33 Moving unit 21 Piercing Infantry to zone(0, 0) in space (-3, 1) tick=3
2026/09/30 21:20:33 Moving unit 23 Piercing Infantry to zone(0, 0) in space (-3, 1) tick=3
2026/09/30 21:20:33 Moving unit 24 Piercing Infantry to zone(0, 0) in space (-3, 1) tick=3
2026/09/30 21:20:33 Moving unit 30 Heavy Infantry to zone(0, 0) in space (-2, 1) tick=3
2026/09/30 21:20:33 Moving unit 1 Blunt Infantry to zone(0, 0) in space (-3, 1) tick=3
2026/09/30 21:20:33 Moving unit 8 Blunt Infantry to zone(0, 0) in space (-3, 1) tick=3
2026/09/30 21:20:33 Moving unit 11 Blunt Infantry to zone(0, 0) in space (-3, 1) tick=3
2026/09/30 21:20:33 Moving unit 14 Blunt Infantry to zone(0, 0) in space (-3, 1) tick=3
2026/09/30 21:20:33 Moving unit 22 Piercing Infantry to zone(0, 0) in space (-3, 1) tick=3
2026/09/30 21:20:33 Moving unit 2 Blunt Infantry to zone(0, 0) in space (-3, 2) tick=3
2026/09/30 21:20:33 Moving unit 7 Blunt Infantry to zone(0, 0) in space (-3, 1) tick=3
2026/09/30 21:20:33 Moving unit 3 Blunt Infantry to zone(0, 0) in space (-3, 3) tick=3
2026/09/30 21:20:33 Moving unit 17 Piercing Infantry to zone(0, 0) in space (-3, 1) tick=3
2026/09/30 21:20:33 Moving unit 25 Heavy Infantry to zone(0, 0) in space (-2, 1) tick=3
2026/09/30 21:20:33 Moving unit 10 Blunt Infantry to zone(0, 0) in space (-3, 1) tick=3
2026/09/30 21:20:33 Moving unit 15 Blunt Infantry to zone(0, 0) in space (-3, 1) tick=3
2026/09/30 21:20:33 Moving unit 20 Piercing Infantry to zone(0, 0) in space (-3, 1) tick=3
2026/09/30 21:20:33 Moving unit 28 Heavy Infantry to zone(0, 0) in space (-2, 1) tick=3
2026/09/30 21:20:33 Moving unit 29 Heavy Infantry to zone(0, 0) in space (-2, 1) tick=3
2026/09/30 21:20:33 Moving unit 13 Blunt Infantry to zone(0, 0) in space (-3, 1) tick=3
2026/09/30 21:20:33 Moving unit 4 Blunt Infantry to zone(0, 0) in space (-2, 0) tick=3
2026/09/30 21:20:33 Moving unit 9 Blunt Infantry to zone(0, 0) in space (-3, 1) tick=3
2026/09/30 21:20:33 Moving unit 18 Piercing Infantry to zone(0, 0) in space (-3, 1) tick=3
2026/09/30 21:20:33 Moving unit 27 Heavy Infantry to zone(0, 0) in space (-2, 1) tick=3
2026/09/30 21:20:33 Moving unit 31 Blunt Infantry to zone(0, 0) in space (-4, 3) tick=3
2026/09/30 21:20:33 state_hash turn=4 tick=3 hash=5da4d6f6ce88651d
2026/09/30 21:20:33 Moving unit 24 Piercing Infantry to zone(-1, 0) in space (-3, 1) tick=4
2026/09/30 21:20:33 Moving unit 1 Blunt Infantry to zone(-1, 0) in space (-3, 1) tick=4
2026/09/30 21:20:33 Moving unit 8 Blunt Infantry to zone(-1, 0) in space (-3, 1) tick=4
2026/09/30 21:20:33 Moving unit 11 Blunt Infantry to zone(-1, 0) in space (-3, 1) tick=4
2026/09/30 21:20:33 Moving unit 14 Blunt Infantry to zone(-1, 0) in space (-3, 1) tick=4
2026/09/30 21:20:33 Moving unit 22 Piercing Infantry to zone(-1, 0) in space (-3, 1) tick=4
2026/09/30 21:20:33 Moving unit 2 Blunt Infantry to zone(-1, 0) in space (-3, 2) tick=4
2026/09/30 21:20:33 Moving unit 7 Blunt Infantry to zone(-1, 0) in space (-3, 1) tick=4
2026/09/30 21:20:33 Moving unit 3 Blunt Infantry to zone(-1, 0) in space (-3, 3) tick=4
2026/09/30 21:20:33 Moving unit 17 Piercing Infantry to zone(-1, 0) in space (-3, 1) tick=4
2026/09/30 21:20:33 Moving unit 10 Blunt Infantry to zone(-1, 0) in space (-3, 1) tick=4
2026/09/30 21:20:33 Moving unit 15 Blunt Infantry to zone(-1, 0) in space (-3, 1) tick=4
2026/09/30 21:20:33 Moving unit 20 Piercing Infantry to zone(-1, 0) in space (-3, 1) tick=4
2026/09/30 21:20:33 Moving unit 13 Blunt Infantry to zone(-1, 0) in space (-3, 1) tick=4
2026/09/30 21:20:33 Moving unit 4 Blunt Infantry to zone(-1, 0) in space (-2, 0) tick=4
2026/09/30 21:20:33 Moving unit 9 Blunt Infantry to zone(-1, 0) in space (-3, 1) tick=4
2026/09/30 21:20:33 Moving unit 18 Piercing Infantry to zone(-1, 0) in space (-3, 1) tick=4
2026/09/30 21:20:33 Moving unit 12 Blunt Infantry to zone(-1, 0) in space (-3, 1) tick=4
2026/09/30 21:20:33 Moving unit 16 Blunt Infantry to zone(-1, 0) in space (-3, 1) tick=4
2026/09/30 21:20:33 Moving unit 19 Piercing Infantry to zone(-1, 0) in space (-3, 1) tick=4
2026/09/30 21:20:33 Moving unit 21 Piercing Infantry to zone(-1, 0) in space (-3, 1) tick=4
2026/09/30 21:20:33 Moving unit 23 Piercing Infantry to zone(-1, 0) in space (-3, 1) tick=4
2026/09/30 21:20:33 Moving unit 31 Blunt Infantry to zone(0, 1) in space (-4, 3) tick=4
2026/09/30 21:20:33 state_hash turn=4 tick=4 hash=8d41c48521112635
2026/09/30 21:20:33 Moving unit 1 Blunt Infantry to zone(1, 0) in space (-4, 1) tick=5
2026/09/30 21:20:33 Moving unit 8 Blunt Infantry to zone(1, 0) in space (-4, 1) tick=5
2026/09/30 21:20:33 Moving unit 11 Blunt Infantry to zone(1, 0) in space (-4, 1) tick=5
2026/09/30 21:20:33 Moving unit 14 Blunt Infantry to zone(1, 0) in space (-4, 1) tick=5
2026/09/30 21:20:33 Moving unit 2 Blunt Infantry to zone(1, 0) in space (-4, 2) tick=5
2026/09/30 21:20:33 Moving unit 7 Blunt Infantry to zone(1, 0) in space (-4, 1) tick=5
2026/09/30 21:20:33 Moving unit 3 Blunt Infantry to zone(1, 0) in space (-4, 3) tick=5
2026/09/30 21:20:33 Moving unit 10 Blunt Infantry to zone(1, 0) in space (-4, 1) tick=5
2026/09/30 21:20:33 Moving unit 15 Blunt Infantry to zone(1, 0) in space (-4, 1) tick=5
2026/09/30 21:20:33 Moving unit 13 Blunt Infantry to zone(1, 0) in space (-4, 1) tick=5
2026/09/30 21:20:33 Moving unit 4 Blunt Infantry to zone(1, 0) in space (-3, 0) tick=5
2026/09/30 21:20:33 Moving unit 9 Blunt Infantry to zone(1, 0) in space (-4, 1) tick=5
2026/09/30 21:20:33 Moving unit 12 Blunt Infantry to zone(1, 0) in space (-4, 1) tick=5
2026/09/30 21:20:33 Moving unit 16 Blunt Infantry to zone(1, 0) in space (-4, 1) tick=5
2026/09/30 21:20:33 Moving unit 31 Blunt Infantry to zone(0, -1) in space (-4, 4) tick=5
2026/09/30 21:20:33 state_hash turn=4 tick=5 hash=2027be87746ff259
2026/09/30 21:20:33 Moving unit 13 Blunt Infantry to zone(0, 0) in space (-4, 1) tick=6
2026/09/30 21:20:33 Moving unit 4 Blunt Infantry to zone(0, 0) in space (-3, 0) tick=6
2026/09/30 21:20:33 Moving unit 9 Blunt Infantry to zone(0, 0) in space (-4, 1) tick=6
2026/09/30 21:20:33 Moving unit 12 Blunt Infantry to zone(0, 0) in space (-4, 1) tick=6
2026/09/30 21:20:33 Moving unit 16 Blunt Infantry to zone(0, 0) in space (-4, 1) tick=6
2026/09/30 21:20:33 Moving unit 1 Blunt Infantry to zone(0, 0) in space (-4, 1) tick=6
2026/09/30 21:20:33 Moving unit 8 Blunt Infantry to zone(0, 0) in space (-4, 1) tick=6
2026/09/30 21:20:33 Moving unit 11 Blunt Infantry to zone(0, 0) in space (-4, 1) tick=6
2026/09/30 21:20:33 Moving unit 14 Blunt Infantry to zone(0, 0) in space (-4, 1) tick=6
2026/09/30 21:20:33 Moving unit 2 Blunt Infantry to zone(0, 0) in space (-4, 2) tick=6
2026/09/30 21:20:33 Moving unit 7 Blunt Infantry to zone(0, 0) in space (-4, 1) tick=6
2026/09/30 21:20:33 Moving unit 3 Blunt Infantry to zone(0, 0) in space (-4, 3) tick=6
2026/09/30 21:20:33 Moving unit 10 Blunt Infantry to zone(0, 0) in space (-4, 1) tick=6
2026/09/30 21:20:33 Moving unit 15 Blunt Infantry to zone(0, 0) in space (-4, 1) tick=6
2026/09/30 21:20:33 Moving unit 31 Blunt Infantry to zone(0, 0) in space (-4, 4) tick=6
2026/09/30 21:20:33 state_hash turn=4 tick=6 hash=b8c90e8eeb39a59e
2026/09/30 21:20:33 state_hash turn=4 tick=end hash=e12dba568a94b4f0
2026/09/30 21:20:33 ai ai-1: new turn data {"buildings":[],"enemy_buildings":[],"enemy_units":[],"foundations":[],"population":{"current":30,"limit":0},"resources":{"food":200,"gold":18,"stone":100,"wood":200},"spaces":[{"Space":{"X":0,"Y":-4},"Vision":0,"Owner":-1},{"Space":{"X":1,"Y":-4},"Vision":0,"Owner":-1},{"Space":{"X":2,"Y":-4},"Vision":0,"Owner":-1},{"Space":{"X":3,"Y":-4},"Vision":0,"Owner":-1},{"Space":{"X":4,"Y":-4},"Vision":0,"Owner":-1},{"Space":{"X":-1,"Y":-3},"Vision":0,"Owner":-1},{"Space":{"X":0,"Y":-3},"Vision":0,"Owner":-1},{"Space":{"X":1,"Y":-3},"Vision":0,"Owner":-1},{"Space":{"X":2,"Y":-3},"Vision":0,"Owner":-1},{"Space":{"X":3,"Y":-3},"Vision":0,"Owner":-1},{"Space":{"X":4,"Y":-3},"Vision":0,"Owner":-1},{"Space":{"X":-2,"Y":-2},"Vision":2,"Owner":-1},{"Space":{"X":-1,"Y":-2},"Vision":2,"Owner":-1},{"Space":{"X":0,"Y":-2},"Vision":0,"Owner":-1},{"Space":{"X":1,"Y":-2},"Vision":0,"Owner":-1},{"Space":{"X":2,"Y":-2},"Vision":0,"Owner":-1},{"Space":{"X":3,"Y":-2},"Vision":0,"Owner":-1},{"Space":{"X":4,"Y":-2},"Vision":0,"Owner":-1},{"Space":{"X":-3,"Y":-1},"Vision":2,"Owner":-1},{"Space":{"X":-2,"Y":-1},"Vision":3,"Owner":1},{"Space":{"X":-1,"Y":-1},"Vision":2,"Owner":-1},{"Space":{"X":0,"Y":-1},"Vision":0,"Owner":-1},{"Space":{"X":1,"Y":-1},"Vision":0,"Owner":-1},{"Space":{"X":2,"Y":-1},"Vision":0,"Owner":-1},{"Space":{"X":3,"Y":-1},"Vision":0,"Owner":-1},{"Space":{"X":4,"Y":-1},"Vision":0,"Owner":-1},{"Space":{"X":-4,"Y":0},"Vision":1,"Owner":-1},{"Space":{"X":-3,"Y":0},"Vision":2,"Owner":0},{"Space":{"X":-2,"Y":0},"Vision":2,"Owner":-1},{"Space":{"X":-1,"Y":0},"Vision":0,"Owner":-1},{"Space":{"X":0,"Y":0},"Vision":0,"Owner":-1},{"Space":{"X":1,"Y":0},"Vision":0,"Owner":-1},{"Space":{"X":2,"Y":0},"Vision":0,"Owner":-1},{"Space":{"X":3,"Y":0},"Vision":0,"Owner":-1},{"Space":{"X":4,"Y":0},"Vision":0,"Owner":-1},{"Space":{"X":-4,"Y":1},"Vision":1,"Owner":0},{"Space":{"X":-3,"Y":1},"Vision":1,"Owner":0},{"Space":{"X":-2,"Y":1},"Vision":0,"Owner":-1},{"Space":{"X":-1,"Y":1},"Vision":0,"Owner":-1},{"Space":{"X":0,"Y":1},"Vision":0,"Owner":-1},{"Space":{"X":1,"Y":1},"Vision":0,"Owner":-1},{"Space":{"X":2,"Y":1},"Vision":0,"Owner":-1},{"Space":{"X":3,"Y":1},"Vision":0,"Owner":-1},{"Space":{"X":-4,"Y":2},"Vision":1,"Owner":0},{"Space":{"X":-3,"Y":2},"Vision":1,"Owner":-1},{"Space":{"X":-2,"Y":2},"Vision":0,"Owner":-1},{"Space":{"X":-1,"Y":2},"Vision":0,"Owner":-1},{"Space":{"X":0,"Y":2},"Vision":0,"Owner":-1},{"Space":{"X":1,"Y":2},"Vision":0,"Owner":-1},{"Space":{"X":2,"Y":2},"Vision":0,"Owner":-1},{"Space":{"X":-4,"Y":3},"Vision":2,"Owner":0},{"Space":{"X":-3,"Y":3},"Vision":2,"Owner":-1},{"Space":{"X":-2,"Y":3},"Vision":0,"Owner":-1},{"Space":{"X":-1,"Y":3},"Vision":0,"Owner":-1},{"Space":{"X":0,"Y":3},"Vision":0,"Owner":-1},{"Space":{"X":1,"Y":3},"Vision":0,"Owner":-1},{"Space":{"X":-4,"Y":4},"Vision":3,"Owner":1},{"Space":{"X":-3,"Y":4},"Vision":2,"Owner":-1},{"Space":{"X":-2,"Y":4},"Vision":0,"Owner":-1},{"Space":{"X":-1,"Y":4},"Vision":0,"Owner":-1},{"Space":{"X":0,"Y":4},"Vision":0,"Owner":-1}],"units":[{"InternalID":31,"UnitID":11,"Type":2,"Kind":1,"Location":{"Space":{"X":-4,"Y":4},"Zone":{"X":0,"Y":0}},"CurrentStamina":21,"CurrentOrder":null,"Builds":[],"GarrisonedIn":null,"Stance":3,"InterruptCurrent":false,"AttackBack":true,"TargetPriority":"","ActiveOrders":null,"Health":11,"MaxHealth":11},{"InternalID":32,"UnitID":11,"Type":2,"Kind":1,"Location":{"Space":{"X":-2,"Y":-1},"Zone":{"X":0,"Y":0}},"CurrentStamina":23,"CurrentOrder":null,"Builds":[],"GarrisonedIn":null,"Stance":3,"InterruptCurrent":false,"AttackBack":true,"TargetPriority":"","ActiveOrders":null,"Health":11,"MaxHealth":11},{"InternalID":33,"UnitID":11,"Type":2,"Kind":1,"Location":{"Space":{"X":-2,"Y":-1},"Zone":{"X":0,"Y":0}},"CurrentStamina":23,"CurrentOrder":null,"Builds":[],"GarrisonedIn":null,"Stance":3,"InterruptCurrent":false,"AttackBack":true,"TargetPriority":"","ActiveOrders":null,"Health":11,"MaxHealth":11},{"InternalID":34,"UnitID":11,"Type":2,"Kind":1,"Location":{"Space":{"X":-2,"Y":-1},"Zone":{"X":0,"Y":0}},"CurrentStamina":23,"CurrentOrder":null,"Builds":[],"GarrisonedIn":null,"Stance":3,"InterruptCurrent":false,"AttackBack":true,"TargetPriority":"","ActiveOrders":null,"Health":11,"MaxHealth":11},{"InternalID":35,"UnitID":11,"Type":2,"Kind":1,"Location":{"Space":{"X":-2,"Y":-1},"Zone":{"X":0,"Y":0}},"CurrentStamina":23,"CurrentOrder":null,"Builds":[],"GarrisonedIn":null,"Stance":3,"InterruptCurrent":false,"AttackBack":true,"TargetPriority":"","ActiveOrders":null,"Health":11,"MaxHealth":11},{"InternalID":36,"UnitID":11,"Type":2,"Kind":1,"Location":{"Space":{"X":-2,"Y":-1},"Zone":{"X":0,"Y":0}},"CurrentStamina":23,"CurrentOrder":null,"Builds":[],"GarrisonedIn":null,"Stance":3,"InterruptCurrent":false,"AttackBack":true,"TargetPriority":"","ActiveOrders":null,"Health":11,"MaxHealth":11},{"InternalID":37,"UnitID":11,"Type":2,"Kind":1,"Location":{"Space":{"X":-2,"Y":-1},"Zone":{"X":0,"Y":0}},"CurrentStamina":23,"CurrentOrder":null,"Builds":[],"GarrisonedIn":null,"Stance":3,"InterruptCurrent":false,"AttackBack":true,"TargetPriority":"","ActiveOrders":null,"Health":11,"MaxHealth":11},{"InternalID":38,"UnitID":11,"Type":2,"Kind":1,"Location":{"Space":{"X":-2,"Y":-1},"Zone":{"X":0,"Y":0}},"CurrentStamina":23,"CurrentOrder":null,"Builds":[],"GarrisonedIn":null,"Stance":3,"InterruptCurrent":false,"AttackBack":true,"TargetPriority":"","ActiveOrders":null,"Health":11,"MaxHealth":11},{"InternalID":39,"UnitID":11,"Type":2,"Kind":1,"Location":{"Space":{"X":-2,"Y":-1},"Zone":{"X":0,"Y":0}},"CurrentStamina":23,"CurrentOrder":null,"Builds":[],"GarrisonedIn":null,"Stance":3,"InterruptCurrent":false,"AttackBack":true,"TargetPriority":"","ActiveOrders":null,"Health":11,"MaxHealth":11},{"InternalID":40,"UnitID":11,"Type":2,"Kind":1,"Location":{"Space":{"X":-2,"Y":-1},"Zone":{"X":0,"Y":0}},"CurrentStamina":23,"CurrentOrder":null,"Builds":[],"GarrisonedIn":null,"Stance":3,"InterruptCurrent":false,"AttackBack":true,"TargetPriority":"","ActiveOrders":null,"Health":11,"MaxHealth":11},{"InternalID":41,"UnitID":11,"Type":2,"Kind":1,"Location":{"Space":{"X":-2,"Y":-1},"Zone":{"X":0,"Y":0}},"CurrentStamina":23,"CurrentOrder":null,"Builds":[],"GarrisonedIn":null,"Stance":3,"InterruptCurrent":false,"AttackBack":true,"TargetPriority":"","ActiveOrders":null,"Health":11,"MaxHealth":11},{"InternalID":42,"UnitID":11,"Type":2,"Kind":1,"Location":{"Space":{"X":-2,"Y":-1},"Zone":{"X":0,"Y":0}},"CurrentStamina":23,"CurrentOrder":null,"Builds":[],"GarrisonedIn":null,"Stance":3,"InterruptCurrent":false,"AttackBack":true,"TargetPriority":"","ActiveOrders":null,"Health":11,"MaxHealth":11},{"InternalID":43,"UnitID":11,"Type":2,"Kind":1,"Location":{"Space":{"X":-2,"Y":-1},"Zone":{"X":0,"Y":0}},"CurrentStamina":23,"CurrentOrder":null,"Builds":[],"GarrisonedIn":null,"Stance":3,"InterruptCurrent":false,"AttackBack":true,"TargetPriority":"","ActiveOrders":null,"Health":11,"MaxHealth":11},{"InternalID":44,"UnitID":11,"Type":2,"Kind":1,"Location":{"Space":{"X":-2,"Y":-1},"Zone":{"X":0,"Y":0}},"CurrentStamina":23,"CurrentOrder":null,"Builds":[],"GarrisonedIn":null,"Stance":3,"InterruptCurrent":false,"AttackBack":true,"TargetPriority":"","ActiveOrders":null,"Health":11,"MaxHealth":11},{"InternalID":45,"UnitID":11,"Type":2,"Kind":1,"Location":{"Space":{"X":-2,"Y":-1},"Zone":{"X":0,"Y":0}},"CurrentStamina":23,"CurrentOrder":null,"Builds":[],"GarrisonedIn":null,"Stance":3,"InterruptCurrent":false,"AttackBack":true,"TargetPriority":"","ActiveOrders":null,"Health":11,"MaxHealth":11},{"InternalID":46,"UnitID":11,"Type":2,"Kind":1,"Location":{"Space":{"X":-2,"Y":-1},"Zone":{"X":0,"Y":0}},"CurrentStamina":23,"CurrentOrder":null,"Builds":[],"GarrisonedIn":null,"Stance":3,"InterruptCurrent":false,"AttackBack":true,"TargetPriority":"","ActiveOrders":null,"Health":11,"MaxHealth":11},{"InternalID":47,"UnitID":12,"Type":2,"Kind":1,"Location":{"Space":{"X":-2,"Y":-1},"Zone":{"X":0,"Y":0}},"CurrentStamina":18,"CurrentOrder":null,"Builds":[],"GarrisonedIn":null,"Stance":3,"InterruptCurrent":false,"AttackBack":true,"TargetPriority":"","ActiveOrders":null,"Health":16,"MaxHealth":16},{"InternalID":48,"UnitID":12,"Type":2,"Kind":1,"Location":{"Space":{"X":-2,"Y":-1},"Zone":{"X":0,"Y":0}},"CurrentStamina":18,"CurrentOrder":null,"Builds":[],"GarrisonedIn":null,"Stance":3,"InterruptCurrent":false,"AttackBack":true,"TargetPriority":"","ActiveOrders":null,"Health":16,"MaxHealth":16},{"InternalID":49,"UnitID":12,"Type":2,"Kind":1,"Location":{"Space":{"X":-2,"Y":-1},"Zone":{"X":0,"Y":0}},"CurrentStamina":18,"CurrentOrder":null,"Builds":[],"GarrisonedIn":null,"Stance":3,"InterruptCurrent":false,"AttackBack":true,"TargetPriority":"","ActiveOrders":null,"Health":16,"MaxHealth":16},{"InternalID":50,"UnitID":12,"Type":2,"Kind":1,"Location":{"Space":{"X":-2,"Y":-1},"Zone":{"X":0,"Y":0}},"CurrentStamina":18,"CurrentOrder":null,"Builds":[],"GarrisonedIn":null,"Stance":3,"InterruptCurrent":false,"AttackBack":true,"TargetPriority":"","ActiveOrders":null,"Health":16,"MaxHealth":16},{"InternalID":51,"UnitID":12,"Type":2,"Kind":1,"Location":{"Space":{"X":-2,"Y":-1},"Zone":{"X":0,"Y":0}},"CurrentStamina":18,"CurrentOrder":null,"Builds":[],"GarrisonedIn":null,"Stance":3,"InterruptCurrent":false,"AttackBack":true,"TargetPriority":"","ActiveOrders":null,"Health":16,"MaxHealth":16},{"InternalID":52,"UnitID":12,"Type":2,"Kind":1,"Location":{"Space":{"X":-2,"Y":-1},"Zone":{"X":0,"Y":0}},"CurrentStamina":18,"CurrentOrder":null,"Builds":[],"GarrisonedIn":null,"Stance":3,"InterruptCurrent":false,"AttackBack":true,"TargetPriority":"","ActiveOrders":null,"Health":16,"MaxHealth":16},{"InternalID":53,"UnitID":12,"Type":2,"Kind":1,"Location":{"Space":{"X":-2,"Y":-1},"Zone":{"X":0,"Y":0}},"CurrentStamina":18,"CurrentOrder":null,"Builds":[],"GarrisonedIn":null,"Stance":3,"InterruptCurrent":false,"AttackBack":true,"TargetPriority":"","ActiveOrders":null,"Health":16,"MaxHealth":16},{"InternalID":54,"UnitID":12,"Type":2,"Kind":1,"Location":{"Space":{"X":-2,"Y":-1},"Zone":{"X":0,"Y":0}},"CurrentStamina":18,"CurrentOrder":null,"Builds":[],"GarrisonedIn":null,"Stance":3,"InterruptCurrent":false,"AttackBack":true,"TargetPriority":"","ActiveOrders":null,"Health":16,"MaxHealth":16},{"InternalID":55,"UnitID":13,"Type":2,"Kind":1,"Location":{"Space":{"X":-2,"Y":-1},"Zone":{"X":0,"Y":0}},"CurrentStamina":12,"CurrentOrder":null,"Builds":[],"GarrisonedIn":null,"Stance":3,"InterruptCurrent":false,"AttackBack":true,"TargetPriority":"","ActiveOrders":null,"Health":50,"MaxHealth":50},{"InternalID":56,"UnitID":13,"Type":2,"Kind":1,"Location":{"Space":{"X":-2,"Y":-1},"Zone":{"X":0,"Y":0}},"CurrentStamina":12,"CurrentOrder":null,"Builds":[],"GarrisonedIn":null,"Stance":3,"InterruptCurrent":false,"AttackBack":true,"TargetPriority":"","ActiveOrders":null,"Health":50,"MaxHealth":50},{"InternalID":57,"UnitID":13,"Type":2,"Kind":1,"Location":{"Space":{"X":-2,"Y":-1},"Zone":{"X":0,"Y":0}},"CurrentStamina":12,"CurrentOrder":null,"Builds":[],"GarrisonedIn":null,"Stance":3,"InterruptCurrent":false,"AttackBack":true,"TargetPriority":"","ActiveOrders":null,"Health":50,"MaxHealth":50},{"InternalID":58,"UnitID":13,"Type":2,"Kind":1,"Location":{"Space":{"X":-2,"Y":-1},"Zone":{"X":0,"Y":0}},"CurrentStamina":12,"CurrentOrder":null,"Builds":[],"GarrisonedIn":null,"Stance":3,"InterruptCurrent":false,"AttackBack":true,"TargetPriority":"","ActiveOrders":null,"Health":50,"MaxHealth":50},{"InternalID":59,"UnitID":13,"Type":2,"Kind":1,"Location":{"Space":{"X":-2,"Y":-1},"Zone":{"X":0,"Y":0}},"CurrentStamina":12,"CurrentOrder":null,"Builds":[],"GarrisonedIn":null,"Stance":3,"InterruptCurrent":false,"AttackBack":true,"TargetPriority":"","ActiveOrders":null,"Health":50,"MaxHealth":50},{"InternalID":60,"UnitID":13,"Type":2,"Kind":1,"Location":{"Space":{"X":-2,"Y":-1},"Zone":{"X":0,"Y":0}},"CurrentStamina":12,"CurrentOrder":null,"Builds":[],"GarrisonedIn":null,"Stance":3,"InterruptCurrent":false,"AttackBack":true,"TargetPriority":"","ActiveOrders":null,"Health":50,"MaxHealth":50}]}
2026/09/30 21:20:33 ai ai-1: submitting orders [{Subjects:[31] OrderType:2 TargetID:2080 ClearPreviousOrders:true}]
2026/09/30 21:20:33 ai ai-1: vars {}
2026/09/30 21:20:33 player action: submit-orders 0 2 map[orders:[{1 [31] 2 2080 true}]]
2026/09/30 21:20:33 Executing submit orders for: 1 [{1 [31] 2 2080 true}]
2026/09/30 21:20:33 ai ai-0: new turn data {"buildings":[],"enemy_buildings":[],"enemy_units":[],"foundations":[],"population":{"current":30,"limit":0},"resources":{"food":200,"gold":56,"stone":100,"wood":200},"spaces":[{"Space":{"X":0,"Y":-4},"Vision":0,"Owner":-1},{"Space":{"X":1,"Y":-4},"Vision":0,"Owner":-1},{"Space":{"X":2,"Y":-4},"Vision":0,"Owner":-1},{"Space":{"X":3,"Y":-4},"Vision":0,"Owner":-1},{"Space":{"X":4,"Y":-4},"Vision":0,"Owner":-1},{"Space":{"X":-1,"Y":-3},"Vision":0,"Owner":-1},{"Space":{"X":0,"Y":-3},"Vision":0,"Owner":-1},{"Space":{"X":1,"Y":-3},"Vision":0,"Owner":-1},{"Space":{"X":2,"Y":-3},"Vision":0,"Owner":-1},{"Space":{"X":3,"Y":-3},"Vision":0,"Owner":-1},{"Space":{"X":4,"Y":-3},"Vision":0,"Owner":-1},{"Space":{"X":-2,"Y":-2},"Vision":0,"Owner":-1},{"Space":{"X":-1,"Y":-2},"Vision":0,"Owner":-1},{"Space":{"X":0,"Y":-2},"Vision":2,"Owner":-1},{"Space":{"X":1,"Y":-2},"Vision":2,"Owner":-1},{"Space":{"X":2,"Y":-2},"Vision":1,"Owner":-1},{"Space":{"X":3,"Y":-2},"Vision":1,"Owner":-1},{"Space":{"X":4,"Y":-2},"Vision":0,"Owner":-1},{"Space":{"X":-3,"Y":-1},"Vision":2,"Owner":-1},{"Space":{"X":-2,"Y":-1},"Vision":2,"Owner":1},{"Space":{"X":-1,"Y":-1},"Vision":2,"Owner":-1},{"Space":{"X":0,"Y":-1},"Vision":3,"Owner":0},{"Space":{"X":1,"Y":-1},"Vision":2,"Owner":-1},{"Space":{"X":2,"Y":-1},"Vision":1,"Owner":-1},{"Space":{"X":3,"Y":-1},"Vision":1,"Owner":-1},{"Space":{"X":4,"Y":-1},"Vision":0,"Owner":-1},{"Space":{"X":-4,"Y":0},"Vision":2,"Owner":-1},{"Space":{"X":-3,"Y":0},"Vision":3,"Owner":0},{"Space":{"X":-2,"Y":0},"Vision":2,"Owner":-1},{"Space":{"X":-1,"Y":0},"Vision":2,"Owner":-1},{"Space":{"X":0,"Y":0},"Vision":2,"Owner":-1},{"Space":{"X":1,"Y":0},"Vision":1,"Owner":-1},{"Space":{"X":2,"Y":0},"Vision":1,"Owner":-1},{"Space":{"X":3,"Y":0},"Vision":1,"Owner":-1},{"Space":{"X":4,"Y":0},"Vision":0,"Owner":-1},{"Space":{"X":-4,"Y":1},"Vision":3,"Owner":0},{"Space":{"X":-3,"Y":1},"Vision":3,"Owner":0},{"Space":{"X":-2,"Y":1},"Vision":3,"Owner":0},{"Space":{"X":-1,"Y":1},"Vision":2,"Owner":-1},{"Space":{"X":0,"Y":1},"Vision":1,"Owner":-1},{"Space":{"X":1,"Y":1},"Vision":1,"Owner":-1},{"Space":{"X":2,"Y":1},"Vision":1,"Owner":-1},{"Space":{"X":3,"Y":1},"Vision":1,"Owner":-1},{"Space":{"X":-4,"Y":2},"Vision":3,"Owner":0},{"Space":{"X":-3,"Y":2},"Vision":2,"Owner":-1},{"Space":{"X":-2,"Y":2},"Vision":2,"Owner":-1},{"Space":{"X":-1,"Y":2},"Vision":1,"Owner":-1},{"Space":{"X":0,"Y":2},"Vision":1,"Owner":-1},{"Space":{"X":1,"Y":2},"Vision":1,"Owner":-1},{"Space":{"X":2,"Y":2},"Vision":1,"Owner":-1},{"Space":{"X":-4,"Y":3},"Vision":3,"Owner":0},{"Space":{"X":-3,"Y":3},"Vision":2,"Owner":-1},{"Space":{"X":-2,"Y":3},"Vision":2,"Owner":-1},{"Space":{"X":-1,"Y":3},"Vision":2,"Owner":-1},{"Space":{"X":0,"Y":3},"Vision":1,"Owner":-1},{"Space":{"X":1,"Y":3},"Vision":1,"Owner":-1},{"Space":{"X":-4,"Y":4},"Vision":2,"Owner":1},{"Space":{"X":-3,"Y":4},"Vision":2,"Owner":-1},{"Space":{"X":-2,"Y":4},"Vision":3,"Owner":0},{"Space":{"X":-1,"Y":4},"Vision":2,"Owner":-1},{"Space":{"X":0,"Y":4},"Vision":1,"Owner":-1}],"units":[{"InternalID":1,"UnitID":11,"Type":2,"Kind":1,"Location":{"Space":{"X":-4,"Y":1},"Zone":{"X":0,"Y":0}},"CurrentStamina":21,"CurrentOrder":null,"Builds":[],"GarrisonedIn":null,"Stance":3,"InterruptCurrent":true,"AttackBack":true,"TargetPriority":"","ActiveOrders":null,"Health":11,"MaxHealth":11},{"InternalID":2,"UnitID":11,"Type":2,"Kind":1,"Location":{"Space":{"X":-4,"Y":2},"Zone":{"X":0,"Y":0}},"CurrentStamina":21,"CurrentOrder":null,"Builds":[],"GarrisonedIn":null,"Stance":3,"InterruptCurrent":true,"AttackBack":true,"TargetPriority":"","ActiveOrders":null,"Health":11,"MaxHealth":11},{"InternalID":3,"UnitID":11,"Type":2,"Kind":1,"Location":{"Space":{"X":-4,"Y":3},"Zone":{"X":0,"Y":0}},"CurrentStamina":21,"CurrentOrder":null,"Builds":[],"GarrisonedIn":null,"Stance":3,"InterruptCurrent":true,"AttackBack":true,"TargetPriority":"","ActiveOrders":null,"Health":11,"MaxHealth":11},{"InternalID":4,"UnitID":11,"Type":2,"Kind":1,"Location":{"Space":{"X":-3,"Y":0},"Zone":{"X":0,"Y":0}},"CurrentStamina":15,"CurrentOrder":null,"Builds":[],"GarrisonedIn":null,"Stance":3,"InterruptCurrent":true,"AttackBack":true,"TargetPriority":"","ActiveOrders":null,"Health":11,"MaxHealth":11},{"InternalID":5,"UnitID":11,"Type":2,"Kind":1,"Location":{"Space":{"X":-2,"Y":4},"Zone":{"X":0,"Y":0}},"CurrentStamina":23,"CurrentOrder":null,"Builds":[],"GarrisonedIn":null,"Stance":3,"InterruptCurrent":true,"AttackBack":true,"TargetPriority":"","ActiveOrders":null,"Health":11,"MaxHealth":11},{"InternalID":6,"UnitID":11,"Type":2,"Kind":1,"Location":{"Space":{"X":0,"Y":-1},"Zone":{"X":0,"Y":0}},"CurrentStamina":23,"CurrentOrder":null,"Builds":[],"GarrisonedIn":null,"Stance":3,"InterruptCurrent":false,"AttackBack":true,"TargetPriority":"","ActiveOrders":null,"Health":11,"MaxHealth":11},{"InternalID":7,"UnitID":11,"Type":2,"Kind":1,"Location":{"Space":{"X":-4,"Y":1},"Zone":{"X":0,"Y":0}},"CurrentStamina":21,"CurrentOrder":null,"Builds":[],"GarrisonedIn":null,"Stance":3,"InterruptCurrent":true,"AttackBack":true,"TargetPriority":"","ActiveOrders":null,"Health":11,"MaxHealth":11},{"InternalID":8,"UnitID":11,"Type":2,"Kind":1,"Location":{"Space":{"X":-4,"Y":1},"Zone":{"X":0,"Y":0}},"CurrentStamina":21,"CurrentOrder":null,"Builds":[],"GarrisonedIn":null,"Stance":3,"InterruptCurrent":true,"AttackBack":true,"TargetPriority":"","ActiveOrders":null,"Health":11,"MaxHealth":11},{"InternalID":9,"UnitID":11,"Type":2,"Kind":1,"Location":{"Space":{"X":-4,"Y":1},"Zone":{"X":0,"Y":0}},"CurrentStamina":21,"CurrentOrder":null,"Builds":[],"GarrisonedIn":null,"Stance":3,"InterruptCurrent":true,"AttackBack":true,"TargetPriority":"","ActiveOrders":null,"Health":11,"MaxHealth":11},{"InternalID":10,"UnitID":11,"Type":2,"Kind":1,"Location":{"Space":{"X":-4,"Y":1},"Zone":{"X":0,"Y":0}},"CurrentStamina":21,"CurrentOrder":null,"Builds":[],"GarrisonedIn":null,"Stance":3,"InterruptCurrent":true,"AttackBack":true,"TargetPriority":"","ActiveOrders":null,"Health":11,"MaxHealth":11},{"InternalID":11,"UnitID":11,"Type":2,"Kind":1,"Location":{"Space":{"X":-4,"Y":1},"Zone":{"X":0,"Y":0}},"CurrentStamina":21,"CurrentOrder":null,"Builds":[],"GarrisonedIn":null,"Stance":3,"InterruptCurrent":true,"AttackBack":true,"TargetPriority":"","ActiveOrders":null,"Health":11,"MaxHealth":11},{"InternalID":12,"UnitID":11,"Type":2,"Kind":1,"Location":{"Space":{"X":-4,"Y":1},"Zone":{"X":0,"Y":0}},"CurrentStamina":21,"CurrentOrder":null,"Builds":[],"GarrisonedIn":null,"Stance":3,"InterruptCurrent":true,"AttackBack":true,"TargetPriority":"","ActiveOrders":null,"Health":11,"MaxHealth":11},{"InternalID":13,"UnitID":11,"Type":2,"Kind":1,"Location":{"Space":{"X":-4,"Y":1},"Zone":{"X":0,"Y":0}},"CurrentStamina":21,"CurrentOrder":null,"Builds":[],"GarrisonedIn":null,"Stance":3,"InterruptCurrent":true,"AttackBack":true,"TargetPriority":"","ActiveOrders":null,"Health":11,"MaxHealth":11},{"InternalID":14,"UnitID":11,"Type":2,"Kind":1,"Location":{"Space":{"X":-4,"Y":1},"Zone":{"X":0,"Y":0}},"CurrentStamina":21,"CurrentOrder":null,"Builds":[],"GarrisonedIn":null,"Stance":3,"InterruptCurrent":true,"AttackBack":true,"TargetPriority":"","ActiveOrders":null,"Health":11,"MaxHealth":11},{"InternalID":15,"UnitID":11,"Type":2,"Kind":1,"Location":{"Space":{"X":-4,"Y":1},"Zone":{"X":0,"Y":0}},"CurrentStamina":21,"CurrentOrder":null,"Builds":[],"GarrisonedIn":null,"Stance":3,"InterruptCurrent":true,"AttackBack":true,"TargetPriority":"","ActiveOrders":null,"Health":11,"MaxHealth":11},{"InternalID":16,"UnitID":11,"Type":2,"Kind":1,"Location":{"Space":{"X":-4,"Y":1},"Zone":{"X":0,"Y":0}},"CurrentStamina":21,"CurrentOrder":null,"Builds":[],"GarrisonedIn":null,"Stance":3,"InterruptCurrent":true,"AttackBack":true,"TargetPriority":"","ActiveOrders":null,"Health":11,"MaxHealth":11},{"InternalID":17,"UnitID":12,"Type":2,"Kind":1,"Location":{"Space":{"X":-3,"Y":1},"Zone":{"X":-1,"Y":0}},"CurrentStamina":17,"CurrentOrder":{"Kind":0,"TargetZone":{"Space":{"X":-4,"Y":1},"Zone":{"X":0,"Y":0}},"TargetSpace":null,"TargetResource":null,"TargetUnit":null,"TargetBuilding":null},"Builds":[],"GarrisonedIn":null,"Stance":3,"InterruptCurrent":true,"AttackBack":true,"TargetPriority":"","ActiveOrders":[{"ID":78,"Kind":0}],"Health":16,"MaxHealth":16},{"InternalID":18,"UnitID":12,"Type":2,"Kind":1,"Location":{"Space":{"X":-3,"Y":1},"Zone":{"X":-1,"Y":0}},"CurrentStamina":17,"CurrentOrder":{"Kind":0,"TargetZone":{"Space":{"X":-4,"Y":1},"Zone":{"X":0,"Y":0}},"TargetSpace":null,"TargetResource":null,"TargetUnit":null,"TargetBuilding":null},"Builds":[],"GarrisonedIn":null,"Stance":3,"InterruptCurrent":true,"AttackBack":true,"TargetPriority":"","ActiveOrders":[{"ID":79,"Kind":0}],"Health":16,"MaxHealth":16},{"InternalID":19,"UnitID":12,"Type":2,"Kind":1,"Location":{"Space":{"X":-3,"Y":1},"Zone":{"X":-1,"Y":0}},"CurrentStamina":17,"CurrentOrder":{"Kind":0,"TargetZone":{"Space":{"X":-4,"Y":1},"Zone":{"X":0,"Y":0}},"TargetSpace":null,"TargetResource":null,"TargetUnit":null,"TargetBuilding":null},"Builds":[],"GarrisonedIn":null,"Stance":3,"InterruptCurrent":true,"AttackBack":true,"TargetPriority":"","ActiveOrders":[{"ID":80,"Kind":0}],"Health":16,"MaxHealth":16},{"InternalID":20,"UnitID":12,"Type":2,"Kind":1,"Location":{"Space":{"X":-3,"Y":1},"Zone":{"X":-1,"Y":0}},"CurrentStamina":17,"CurrentOrder":{"Kind":0,"TargetZone":{"Space":{"X":-4,"Y":1},"Zone":{"X":0,"Y":0}},"TargetSpace":null,"TargetResource":null,"TargetUnit":null,"TargetBuilding":null},"Builds":[],"GarrisonedIn":null,"Stance":3,"InterruptCurrent":true,"AttackBack":true,"TargetPriority":"","ActiveOrders":[{"ID":81,"Kind":0}],"Health":16,"MaxHealth":16},{"InternalID":21,"UnitID":12,"Type":2,"Kind":1,"Location":{"Space":{"X":-3,"Y":1},"Zone":{"X":-1,"Y":0}},"CurrentStamina":17,"CurrentOrder":{"Kind":0,"TargetZone":{"Space":{"X":-4,"Y":1},"Zone":{"X":0,"Y":0}},"TargetSpace":null,"TargetResource":null,"TargetUnit":null,"TargetBuilding":null},"Builds":[],"GarrisonedIn":null,"Stance":3,"InterruptCurrent":true,"AttackBack":true,"TargetPriority":"","ActiveOrders":[{"ID":82,"Kind":0}],"Health":16,"MaxHealth":16},{"InternalID":22,"UnitID":12,"Type":2,"Kind":1,"Location":{"Space":{"X":-3,"Y":1},"Zone":{"X":-1,"Y":0}},"CurrentStamina":17,"CurrentOrder":{"Kind":0,"TargetZone":{"Space":{"X":-4,"Y":1},"Zone":{"X":0,"Y":0}},"TargetSpace":null,"TargetResource":null,"TargetUnit":null,"TargetBuilding":null},"Builds":[],"GarrisonedIn":null,"Stance":3,"InterruptCurrent":true,"AttackBack":true,"TargetPriority":"","ActiveOrders":[{"ID":83,"Kind":0}],"Health":16,"MaxHealth":16},{"InternalID":23,"UnitID":12,"Type":2,"Kind":1,"Location":{"Space":{"X":-3,"Y":1},"Zone":{"X":-1,"Y":0}},"CurrentStamina":17,"CurrentOrder":{"Kind":0,"TargetZone":{"Space":{"X":-4,"Y":1},"Zone":{"X":0,"Y":0}},"TargetSpace":null,"TargetResource":null,"TargetUnit":null,"TargetBuilding":null},"Builds":[],"GarrisonedIn":null,"Stance":3,"InterruptCurrent":true,"AttackBack":true,"TargetPriority":"","ActiveOrders":[{"ID":84,"Kind":0}],"Health":16,"MaxHealth":16},{"InternalID":24,"UnitID":12,"Type":2,"Kind":1,"Location":{"Space":{"X":-3,"Y":1},"Zone":{"X":-1,"Y":0}},"CurrentStamina":17,"CurrentOrder":{"Kind":0,"TargetZone":{"Space":{"X":-4,"Y":1},"Zone":{"X":0,"Y":0}},"TargetSpace":null,"TargetResource":null,"TargetUnit":null,"TargetBuilding":null},"Builds":[],"GarrisonedIn":null,"Stance":3,"InterruptCurrent":true,"AttackBack":true,"TargetPriority":"","ActiveOrders":[{"ID":85,"Kind":0}],"Health":16,"MaxHealth":16},{"InternalID":25,"UnitID":13,"Type":2,"Kind":1,"Location":{"Space":{"X":-2,"Y":1},"Zone":{"X":0,"Y":0}},"CurrentStamina":8,"CurrentOrder":null,"Builds":[],"GarrisonedIn":null,"Stance":3,"InterruptCurrent":true,"AttackBack":true,"TargetPriority":"","ActiveOrders":null,"Health":50,"MaxHealth":50},{"InternalID":26,"UnitID":13,"Type":2,"Kind":1,"Location":{"Space":{"X":-2,"Y":1},"Zone":{"X":0,"Y":0}},"CurrentStamina":8,"CurrentOrder":null,"Builds":[],"GarrisonedIn":null,"Stance":3,"InterruptCurrent":true,"AttackBack":true,"TargetPriority":"","ActiveOrders":null,"Health":50,"MaxHealth":50},{"InternalID":27,"UnitID":13,"Type":2,"Kind":1,"Location":{"Space":{"X":-2,"Y":1},"Zone":{"X":0,"Y":0}},"CurrentStamina":8,"CurrentOrder":null,"Builds":[],"GarrisonedIn":null,"Stance":3,"InterruptCurrent":true,"AttackBack":true,"TargetPriority":"","ActiveOrders":null,"Health":50,"MaxHealth":50},{"InternalID":28,"UnitID":13,"Type":2,"Kind":1,"Location":{"Space":{"X":-2,"Y":1},"Zone":{"X":0,"Y":0}},"CurrentStamina":8,"CurrentOrder":null,"Builds":[],"GarrisonedIn":null,"Stance":3,"InterruptCurrent":true,"AttackBack":true,"TargetPriority":"","ActiveOrders":null,"Health":50,"MaxHealth":50},{"InternalID":29,"UnitID":13,"Type":2,"Kind":1,"Location":{"Space":{"X":-2,"Y":1},"Zone":{"X":0,"Y":0}},"CurrentStamina":8,"CurrentOrder":null,"Builds":[],"GarrisonedIn":null,"Stance":3,"InterruptCurrent":true,"AttackBack":true,"TargetPriority":"","ActiveOrders":null,"Health":50,"MaxHealth":50},{"InternalID":30,"UnitID":13,"Type":2,"Kind":1,"Location":{"Space":{"X":-2,"Y":1},"Zone":{"X":0,"Y":0}},"CurrentStamina":8,"CurrentOrder":null,"Builds":[],"GarrisonedIn":null,"Stance":3,"InterruptCurrent":true,"AttackBack":true,"TargetPriority":"","ActiveOrders":null,"Health":50,"MaxHealth":50}]}
2026/09/30 21:20:33 ai ai-0: submitting orders [{Subjects:[1] OrderType:2 TargetID:1176 ClearPreviousOrders:true} {Subjects:[2] OrderType:2 TargetID:351 ClearPreviousOrders:true} {Subjects:[3] OrderType:2 TargetID:1176 ClearPreviousOrders:true} {Subjects:[4] OrderType:2 TargetID:1176 ClearPreviousOrders:true} {Subjects:[5] OrderType:2 TargetID:9591 ClearPreviousOrders:true} {Subjects:[6] OrderType:2 TargetID:820 ClearPreviousOrders:true} {Subjects:[7] OrderType:2 TargetID:1176 ClearPreviousOrders:true} {Subjects:[8] OrderType:2 TargetID:1176 ClearPreviousOrders:true} {Subjects:[9] OrderType:2 TargetID:1176 ClearPreviousOrders:true} {Subjects:[10] OrderType:2 TargetID:1176 ClearPreviousOrders:true} {Subjects:[11] OrderType:2 TargetID:1176 ClearPreviousOrders:true} {Subjects:[12] OrderType:2 TargetID:1176 ClearPreviousOrders:true} {Subjects:[13] OrderType:2 TargetID:1176 ClearPreviousOrders:true} {Subjects:[14] OrderType:2 TargetID:1176 ClearPreviousOrders:true} {Subjects:[15] OrderType:2 TargetID:1176 ClearPreviousOrders:true} {Subjects:[16] OrderType:2 TargetID:1176 ClearPreviousOrders:true} {Subjects:[25] OrderType:2 TargetID:1176 ClearPreviousOrders:true} {Subjects:[26] OrderType:2 TargetID:1176 ClearPreviousOrders:true} {Subjects:[27] OrderType:2 TargetID:1176 ClearPreviousOrders:true} {Subjects:[28] OrderType:2 TargetID:1176 ClearPreviousOrders:true} {Subjects:[29] OrderType:2 TargetID:1176 ClearPreviousOrders:true} {Subjects:[30] OrderType:2 TargetID:1176 ClearPreviousOrders:true}]
2026/09/30 21:20:33 ai ai-0: vars {"B":16,"Hv":6,"Pi":8,"aPowLocal":0,"aThreat":0,"a_engaged":0,"a_odds":1.3,"a_outnumbered":0,"army_target":50,"army_value":3080,"assault":0,"bank_rate":28,"bar_barracks":0.17072129748186085,"bar_redoubt":1.1111111111111112,"barracks":0,"barracks_B":0,"barracks_P":0,"barracks_save":0,"barracks_spend":78.1,"barracks_want":0,"buffer_food":70,"buffer_gold":0,"buffer_stone":0,"buffer_wood":70,"builders":0,"committed":0,"eB":0,"eGrowth":0,"eH":0,"eMil":0,"eP":0,"ePow":0,"ePowEst":0,"ePowSeen":0,"eTech":1,"eV":0,"es":1,"farm_want":0,"farm_wood_short":0,"farming":0,"fire_barracks":0,"fire_farm0":0,"fire_farm1":0,"fire_farm2":0,"fire_house":0,"fire_outpost":0,"fire_redoubt":0,"fire_smith":0,"fire_vc":0,"food_need":0,"food_over":0,"food_rate":0,"food_slots":1000,"food_workers":0,"free_room":20,"go":0,"gold_income":16,"gold_need":0,"gold_rate":0,"gold_surplus":56,"guaranteed":0,"guard_home":0,"headroom":-30,"hire_B":3015.3846153846152,"hire_P":4738.461538461538,"homePow":0,"house_builders":0,"house_urgency":0,"house_want":0,"income_proj":0,"left":0,"lf_food":0,"lf_gold":0,"lf_stone":0,"lf_wood":0,"lump_food":0,"lump_gold":0,"lump_stone":0,"lump_wood":0,"maturity":0,"mil":30,"myTech":1,"n_barracks":0,"n_redoubts":0,"needB":19.99511837930193,"needP":0.00488162069807176,"outpost_want":0,"pikes":0,"planned_food":0,"planned_gold":0,"planned_stone":0,"planned_wood":0,"prod_rate":0,"proj_army":3080,"raid_danger":0,"raid_fails":0,"raid_lost":0,"raid_pause":0,"raid_prev":5,"raid_size":4.8,"raid_wiped":0,"rate":6,"redoubt_H":0,"redoubt_gold_ok":1,"redoubt_save":0,"redoubt_spend":30,"redoubt_want":0,"redoubts":0,"rf_food":0,"rf_gold":0,"rf_stone":0,"rf_wood":0,"sB4":256,"sP4":0.0625,"scale_l":0,"scale_r":0,"shareH":0.2,"smith_want":0,"smiths":0,"spare":0,"spare_food":0.5,"stone_need":0,"stone_rate":0,"tH":26,"target_spend":400,"tech_food":50,"tech_gold":0,"tech_stone":0,"tech_wood":50,"threat_home":0,"turns_left":-300,"u_barracks":0.2868117797695263,"u_redoubt":0.18666666666666668,"unit_spend":120,"vB":4,"vH":1,"vP":0.5,"vc_want":0,"vcs":0,"vil_goal":50,"vil_rate":0,"vil_stamina":8,"vil_want":0,"vil_want_last":0,"vil_worth_now":0.6,"vils":0,"w_food":0,"w_gold":0,"w_stone":0,"w_wood":0,"wild_workers":0,"wood_need":0,"wood_rate":0,"workers":0}
2026/09/30 21:20:33 player action: submit-orders 0 1 map[orders:[{0 [1] 2 1176 true} {0 [2] 2 351 true} {0 [3] 2 1176 true} {0 [4] 2 1176 true} {0 [5] 2 9591 true} {0 [6] 2 820 true} {0 [7] 2 1176 true} {0 [8] 2 1176 true} {0 [9] 2 1176 true} {0 [10] 2 1176 true} {0 [11] 2 1176 true} {0 [12] 2 1176 true} {0 [13] 2 1176 true} {0 [14] 2 1176 true} {0 [15] 2 1176 true} {0 [16] 2 1176 true} {0 [25] 2 1176 true} {0 [26] 2 1176 true} {0 [27] 2 1176 true} {0 [28] 2 1176 true} {0 [29] 2 1176 true} {0 [30] 2 1176 true}]]
2026/09/30 21:20:33 Executing submit orders for: 0 [{0 [1] 2 1176 true} {0 [2] 2 351 true} {0 [3] 2 1176 true} {0 [4] 2 1176 true} {0 [5] 2 9591 true} {0 [6] 2 820 true} {0 [7] 2 1176 true} {0 [8] 2 1176 true} {0 [9] 2 1176 true} {0 [10] 2 1176 true} {0 [11] 2 1176 true} {0 [12] 2 1176 true} {0 [13] 2 1176 true} {0 [14] 2 1176 true} {0 [15] 2 1176 true} {0 [16] 2 1176 true} {0 [25] 2 1176 true} {0 [26] 2 1176 true} {0 [27] 2 1176 true} {0 [28] 2 1176 true} {0 [29] 2 1176 true} {0 [30] 2 1176 true}]
2026/09/30 21:20:33 Resolving active orders
2026/09/30 21:20:33 Moving unit 7 Blunt Infantry to zone(1, -1) in space (-4, 1) tick=1
2026/09/30 21:20:33 Moving unit 3 Blunt Infantry to zone(0, -1) in space (-4, 3) tick=1
2026/09/30 21:20:33 Moving unit 6 Blunt Infantry to zone(0, -1) in space (0, -1) tick=1
2026/09/30 21:20:33 Moving unit 17 Piercing Infantry to zone(1, 0) in space (-4, 1) tick=1
2026/09/30 21:20:33 Moving unit 25 Heavy Infantry to zone(0, -1) in space (-2, 1) tick=1
2026/09/30 21:20:33 Moving unit 10 Blunt Infantry to zone(1, -1) in space (-4, 1) tick=1
2026/09/30 21:20:33 Moving unit 15 Blunt Infantry to zone(1, -1) in space (-4, 1) tick=1
2026/09/30 21:20:33 Moving unit 20 Piercing Infantry to zone(1, 0) in space (-4, 1) tick=1
2026/09/30 21:20:33 Moving unit 28 Heavy Infantry to zone(0, -1) in space (-2, 1) tick=1
2026/09/30 21:20:33 Moving unit 29 Heavy Infantry to zone(0, -1) in space (-2, 1) tick=1
2026/09/30 21:20:33 Moving unit 13 Blunt Infantry to zone(1, -1) in space (-4, 1) tick=1
2026/09/30 21:20:33 Moving unit 4 Blunt Infantry to zone(1, -1) in space (-3, 0) tick=1
2026/09/30 21:20:33 Moving unit 5 Blunt Infantry to zone(1, -1) in space (-2, 4) tick=1
2026/09/30 21:20:33 Moving unit 9 Blunt Infantry to zone(1, -1) in space (-4, 1) tick=1
2026/09/30 21:20:33 Moving unit 18 Piercing Infantry to zone(1, 0) in space (-4, 1) tick=1
2026/09/30 21:20:33 Moving unit 27 Heavy Infantry to zone(0, -1) in space (-2, 1) tick=1
2026/09/30 21:20:33 Moving unit 26 Heavy Infantry to zone(0, -1) in space (-2, 1) tick=1
2026/09/30 21:20:33 Moving unit 12 Blunt Infantry to zone(1, -1) in space (-4, 1) tick=1
2026/09/30 21:20:33 Moving unit 16 Blunt Infantry to zone(1, -1) in space (-4, 1) tick=1
2026/09/30 21:20:33 Moving unit 19 Piercing Infantry to zone(1, 0) in space (-4, 1) tick=1
2026/09/30 21:20:33 Moving unit 21 Piercing Infantry to zone(1, 0) in space (-4, 1) tick=1
2026/09/30 21:20:33 Moving unit 23 Piercing Infantry to zone(1, 0) in space (-4, 1) tick=1
2026/09/30 21:20:33 Moving unit 24 Piercing Infantry to zone(1, 0) in space (-4, 1) tick=1
2026/09/30 21:20:33 Moving unit 30 Heavy Infantry to zone(0, -1) in space (-2, 1) tick=1
2026/09/30 21:20:33 Moving unit 1 Blunt Infantry to zone(1, -1) in space (-4, 1) tick=1
2026/09/30 21:20:33 Moving unit 8 Blunt Infantry to zone(1, -1) in space (-4, 1) tick=1
2026/09/30 21:20:33 Moving unit 11 Blunt Infantry to zone(1, -1) in space (-4, 1) tick=1
2026/09/30 21:20:33 Moving unit 14 Blunt Infantry to zone(1, -1) in space (-4, 1) tick=1
2026/09/30 21:20:33 Moving unit 22 Piercing Infantry to zone(1, 0) in space (-4, 1) tick=1
2026/09/30 21:20:33 Moving unit 2 Blunt Infantry to zone(1, -1) in space (-4, 2) tick=1
2026/09/30 21:20:33 Moving unit 31 Blunt Infantry to zone(1, -1) in space (-4, 4) tick=1
2026/09/30 21:20:33 state_hash turn=5 tick=1 hash=aea97bb3e99c0a0b
2026/09/30 21:20:33 Moving unit 4 Blunt Infantry to zone(-1, 1) in space (-2, -1) tick=2
2026/09/30 21:20:33 Moving unit 5 Blunt Infantry to zone(-1, 1) in space (-1, 3) tick=2
2026/09/30 21:20:33 Moving unit 9 Blunt Infantry to zone(-1, 1) in space (-3, 0) tick=2
2026/09/30 21:20:33 Moving unit 18 Piercing Infantry to zone(0, 0) in space (-4, 1) tick=2
2026/09/30 21:20:33 Moving unit 27 Heavy Infantry to zone(0, 1) in space (-2, 0) tick=2
2026/09/30 21:20:33 Moving unit 26 Heavy Infantry to zone(0, 1) in space (-2, 0) tick=2
2026/09/30 21:20:33 Moving unit 12 Blunt Infantry to zone(-1, 1) in space (-3, 0) tick=2
2026/09/30 21:20:33 Moving unit 16 Blunt Infantry to zone(-1, 1) in space (-3, 0) tick=2
2026/09/30 21:20:33 Moving unit 19 Piercing Infantry to zone(0, 0) in space (-4, 1) tick=2
2026/09/30 21:20:33 Moving unit 21 Piercing Infantry to zone(0, 0) in space (-4, 1) tick=2
2026/09/30 21:20:33 Moving unit 23 Piercing Infantry to zone(0, 0) in space (-4, 1) tick=2
2026/09/30 21:20:33 Moving unit 24 Piercing Infantry to zone(0, 0) in space (-4, 1) tick=2
2026/09/30 21:20:33 Moving unit 30 Heavy Infantry to zone(0, 1) in space (-2, 0) tick=2
2026/09/30 21:20:33 Moving unit 1 Blunt Infantry to zone(-1, 1) in space (-3, 0) tick=2
2026/09/30 21:20:33 Moving unit 8 Blunt Infantry to zone(-1, 1) in space (-3, 0) tick=2
2026/09/30 21:20:33 Moving unit 11 Blunt Infantry to zone(-1, 1) in space (-3, 0) tick=2
2026/09/30 21:20:33 Moving unit 14 Blunt Infantry to zone(-1, 1) in space (-3, 0) tick=2
2026/09/30 21:20:33 Moving unit 22 Piercing Infantry to zone(0, 0) in space (-4, 1) tick=2
2026/09/30 21:20:33 Moving unit 2 Blunt Infantry to zone(-1, 1) in space (-3, 1) tick=2
2026/09/30 21:20:33 Moving unit 7 Blunt Infantry to zone(-1, 1) in space (-3, 0) tick=2
2026/09/30 21:20:33 Moving unit 3 Blunt Infantry to zone(0, 1) in space (-4, 2) tick=2
2026/09/30 21:20:33 Moving unit 6 Blunt Infantry to zone(0, 1) in space (0, -2) tick=2
2026/09/30 21:20:33 Moving unit 17 Piercing Infantry to zone(0, 0) in space (-4, 1) tick=2
2026/09/30 21:20:33 Moving unit 25 Heavy Infantry to zone(0, 1) in space (-2, 0) tick=2
2026/09/30 21:20:33 Moving unit 10 Blunt Infantry to zone(-1, 1) in space (-3, 0) tick=2
2026/09/30 21:20:33 Moving unit 15 Blunt Infantry to zone(-1, 1) in space (-3, 0) tick=2
2026/09/30 21:20:33 Moving unit 20 Piercing Infantry to zone(0, 0) in space (-4, 1) tick=2
2026/09/30 21:20:33 Moving unit 28 Heavy Infantry to zone(0, 1) in space (-2, 0) tick=2
2026/09/30 21:20:33 Moving unit 29 Heavy Infantry to zone(0, 1) in space (-2, 0) tick=2
2026/09/30 21:20:33 Moving unit 13 Blunt Infantry to zone(-1, 1) in space (-3, 0) tick=2
2026/09/30 21:20:33 Moving unit 31 Blunt Infantry to zone(-1, 1) in space (-3, 3) tick=2
2026/09/30 21:20:33 state_hash turn=5 tick=2 hash=697533d3bb8309f5
2026/09/30 21:20:33 Moving unit 25 Heavy Infantry to zone(0, 0) in space (-2, 0) tick=3
2026/09/30 21:20:33 Moving unit 10 Blunt Infantry to zone(0, 0) in space (-3, 0) tick=3
2026/09/30 21:20:33 Moving unit 15 Blunt Infantry to zone(0, 0) in space (-3, 0) tick=3
2026/09/30 21:20:33 Moving unit 28 Heavy Infantry to zone(0, 0) in space (-2, 0) tick=3
2026/09/30 21:20:33 Moving unit 29 Heavy Infantry to zone(0, 0) in space (-2, 0) tick=3
2026/09/30 21:20:33 Moving unit 13 Blunt Infantry to zone(0, 0) in space (-3, 0) tick=3
2026/09/30 21:20:33 Moving unit 4 Blunt Infantry to zone(0, 0) in space (-2, -1) tick=3
2026/09/30 21:20:33 Moving unit 5 Blunt Infantry to zone(0, 0) in space (-1, 3) tick=3
2026/09/30 21:20:33 Moving unit 9 Blunt Infantry to zone(0, 0) in space (-3, 0) tick=3
2026/09/30 21:20:33 Moving unit 27 Heavy Infantry to zone(0, 0) in space (-2, 0) tick=3
2026/09/30 21:20:33 Moving unit 26 Heavy Infantry to zone(0, 0) in space (-2, 0) tick=3
2026/09/30 21:20:33 Moving unit 12 Blunt Infantry to zone(0, 0) in space (-3, 0) tick=3
2026/09/30 21:20:33 Moving unit 16 Blunt Infantry to zone(0, 0) in space (-3, 0) tick=3
2026/09/30 21:20:33 Moving unit 30 Heavy Infantry to zone(0, 0) in space (-2, 0) tick=3
2026/09/30 21:20:33 Moving unit 1 Blunt Infantry to zone(0, 0) in space (-3, 0) tick=3
2026/09/30 21:20:33 Moving unit 8 Blunt Infantry to zone(0, 0) in space (-3, 0) tick=3
2026/09/30 21:20:33 Moving unit 11 Blunt Infantry to zone(0, 0) in space (-3, 0) tick=3
2026/09/30 21:20:33 Moving unit 14 Blunt Infantry to zone(0, 0) in space (-3, 0) tick=3
2026/09/30 21:20:33 Moving unit 2 Blunt Infantry to zone(0, 0) in space (-3, 1) tick=3
2026/09/30 21:20:33 Moving unit 7 Blunt Infantry to zone(0, 0) in space (-3, 0) tick=3
2026/09/30 21:20:33 Moving unit 3 Blunt Infantry to zone(0, 0) in space (-4, 2) tick=3
2026/09/30 21:20:33 Moving unit 6 Blunt Infantry to zone(0, 0) in space (0, -2) tick=3
2026/09/30 21:20:33 Moving unit 39 Blunt Infantry to zone(-1, 1) in space (-2, -1) tick=3
2026/09/30 21:20:33 Moving unit 44 Blunt Infantry to zone(-1, 1) in space (-2, -1) tick=3
2026/09/30 21:20:33 Moving unit 47 Piercing Infantry to zone(-1, 1) in space (-2, -1) tick=3
2026/09/30 21:20:33 Moving unit 49 Piercing Infantry to zone(-1, 1) in space (-2, -1) tick=3
2026/09/30 21:20:33 Moving unit 40 Blunt Infantry to zone(-1, 1) in space (-2, -1) tick=3
2026/09/30 21:20:33 Moving unit 34 Blunt Infantry to zone(-1, 1) in space (-2, -1) tick=3
2026/09/30 21:20:33 Moving unit 46 Blunt Infantry to zone(-1, 1) in space (-2, -1) tick=3
2026/09/30 21:20:33 Moving unit 32 Blunt Infantry to zone(-1, 1) in space (-2, -1) tick=3
2026/09/30 21:20:33 Moving unit 36 Blunt Infantry to zone(-1, 1) in space (-2, -1) tick=3
2026/09/30 21:20:33 Moving unit 37 Blunt Infantry to zone(-1, 1) in space (-2, -1) tick=3
2026/09/30 21:20:33 Moving unit 45 Blunt Infantry to zone(-1, 1) in space (-2, -1) tick=3
2026/09/30 21:20:33 Moving unit 52 Piercing Infantry to zone(-1, 1) in space (-2, -1) tick=3
2026/09/30 21:20:33 Moving unit 58 Heavy Infantry to zone(-1, 1) in space (-2, -1) tick=3
2026/09/30 21:20:33 Moving unit 33 Blunt Infantry to zone(-1, 1) in space (-2, -1) tick=3
2026/09/30 21:20:33 Moving unit 42 Blunt Infantry to zone(-1, 1) in space (-2, -1) tick=3
2026/09/30 21:20:33 Moving unit 50 Piercing Infantry to zone(-1, 1) in space (-2, -1) tick=3
2026/09/30 21:20:33 Moving unit 57 Heavy Infantry to zone(-1, 1) in space (-2, -1) tick=3
2026/09/30 21:20:33 Moving unit 59 Heavy Infantry to zone(-1, 1) in space (-2, -1) tick=3
2026/09/30 21:20:33 Moving unit 31 Blunt Infantry to zone(0, 0) in space (-3, 3) tick=3
2026/09/30 21:20:33 Moving unit 51 Piercing Infantry to zone(-1, 1) in space (-2, -1) tick=3
2026/09/30 21:20:33 Moving unit 54 Piercing Infantry to zone(-1, 1) in space (-2, -1) tick=3
2026/09/30 21:20:33 Moving unit 60 Heavy Infantry to zone(-1, 1) in space (-2, -1) tick=3
2026/09/30 21:20:33 Moving unit 38 Blunt Infantry to zone(-1, 1) in space (-2, -1) tick=3
2026/09/30 21:20:33 Moving unit 41 Blunt Infantry to zone(-1, 1) in space (-2, -1) tick=3
2026/09/30 21:20:33 Moving unit 43 Blunt Infantry to zone(-1, 1) in space (-2, -1) tick=3
2026/09/30 21:20:33 Moving unit 48 Piercing Infantry to zone(-1, 1) in space (-2, -1) tick=3
2026/09/30 21:20:33 Moving unit 53 Piercing Infantry to zone(-1, 1) in space (-2, -1) tick=3
2026/09/30 21:20:33 Moving unit 55 Heavy Infantry to zone(-1, 1) in space (-2, -1) tick=3
2026/09/30 21:20:33 Moving unit 35 Blunt Infantry to zone(-1, 1) in space (-2, -1) tick=3
2026/09/30 21:20:33 Moving unit 56 Heavy Infantry to zone(-1, 1) in space (-2, -1) tick=3
2026/09/30 21:20:33 state_hash turn=5 tick=3 hash=c2b98fd55da94231
2026/09/30 21:20:33 Moving unit 10 Blunt Infantry to zone(1, -1) in space (-3, 0) tick=4
2026/09/30 21:20:33 Moving unit 15 Blunt Infantry to zone(1, -1) in space (-3, 0) tick=4
2026/09/30 21:20:33 Moving unit 13 Blunt Infantry to zone(1, -1) in space (-3, 0) tick=4
2026/09/30 21:20:33 Moving unit 4 Blunt Infantry to zone(-1, 1) in space (-2, -1) tick=4
2026/09/30 21:20:33 Moving unit 5 Blunt Infantry to zone(1, -1) in space (-1, 3) tick=4
2026/09/30 21:20:33 Moving unit 9 Blunt Infantry to zone(1, -1) in space (-3, 0) tick=4
2026/09/30 21:20:33 Moving unit 12 Blunt Infantry to zone(1, -1) in space (-3, 0) tick=4
2026/09/30 21:20:33 Moving unit 16 Blunt Infantry to zone(1, -1) in space (-3, 0) tick=4
2026/09/30 21:20:33 Moving unit 1 Blunt Infantry to zone(1, -1) in space (-3, 0) tick=4
2026/09/30 21:20:33 Moving unit 8 Blunt Infantry to zone(1, -1) in space (-3, 0) tick=4
2026/09/30 21:20:33 Moving unit 11 Blunt Infantry to zone(1, -1) in space (-3, 0) tick=4
2026/09/30 21:20:33 Moving unit 14 Blunt Infantry to zone(1, -1) in space (-3, 0) tick=4
2026/09/30 21:20:33 Moving unit 2 Blunt Infantry to zone(1, -1) in space (-3, 1) tick=4
2026/09/30 21:20:33 Moving unit 7 Blunt Infantry to zone(1, -1) in space (-3, 0) tick=4
2026/09/30 21:20:33 Moving unit 3 Blunt Infantry to zone(1, -1) in space (-4, 2) tick=4
2026/09/30 21:20:33 Moving unit 6 Blunt Infantry to zone(0, -1) in space (0, -2) tick=4
2026/09/30 21:20:33 Moving unit 40 Blunt Infantry to zone(0, 0) in space (-2, -1) tick=4
2026/09/30 21:20:33 Moving unit 34 Blunt Infantry to zone(0, 0) in space (-2, -1) tick=4
2026/09/30 21:20:33 Moving unit 46 Blunt Infantry to zone(0, 0) in space (-2, -1) tick=4
2026/09/30 21:20:33 Moving unit 32 Blunt Infantry to zone(0, 0) in space (-2, -1) tick=4
2026/09/30 21:20:33 Moving unit 36 Blunt Infantry to zone(0, 0) in space (-2, -1) tick=4
2026/09/30 21:20:33 Moving unit 37 Blunt Infantry to zone(0, 0) in space (-2, -1) tick=4
2026/09/30 21:20:33 Moving unit 45 Blunt Infantry to zone(0, 0) in space (-2, -1) tick=4
2026/09/30 21:20:33 Moving unit 52 Piercing Infantry to zone(0, 0) in space (-2, -1) tick=4
2026/09/30 21:20:33 Moving unit 58 Heavy Infantry to zone(0, 0) in space (-2, -1) tick=4
2026/09/30 21:20:33 Moving unit 33 Blunt Infantry to zone(0, 0) in space (-2, -1) tick=4
2026/09/30 21:20:33 Moving unit 42 Blunt Infantry to zone(0, 0) in space (-2, -1) tick=4
2026/09/30 21:20:33 Moving unit 50 Piercing Infantry to zone(0, 0) in space (-2, -1) tick=4
2026/09/30 21:20:33 Moving unit 57 Heavy Infantry to zone(0, 0) in space (-2, -1) tick=4
2026/09/30 21:20:33 Moving unit 59 Heavy Infantry to zone(0, 0) in space (-2, -1) tick=4
2026/09/30 21:20:33 Moving unit 31 Blunt Infantry to zone(1, -1) in space (-3, 3) tick=4
2026/09/30 21:20:33 Moving unit 51 Piercing Infantry to zone(0, 0) in space (-2, -1) tick=4
2026/09/30 21:20:33 Moving unit 54 Piercing Infantry to zone(0, 0) in space (-2, -1) tick=4
2026/09/30 21:20:33 Moving unit 60 Heavy Infantry to zone(0, 0) in space (-2, -1) tick=4
2026/09/30 21:20:33 Moving unit 38 Blunt Infantry to zone(0, 0) in space (-2, -1) tick=4
2026/09/30 21:20:33 Moving unit 41 Blunt Infantry to zone(0, 0) in space (-2, -1) tick=4
2026/09/30 21:20:33 Moving unit 43 Blunt Infantry to zone(0, 0) in space (-2, -1) tick=4
2026/09/30 21:20:33 Moving unit 48 Piercing Infantry to zone(0, 0) in space (-2, -1) tick=4
2026/09/30 21:20:33 Moving unit 53 Piercing Infantry to zone(0, 0) in space (-2, -1) tick=4
2026/09/30 21:20:33 Moving unit 55 Heavy Infantry to zone(0, 0) in space (-2, -1) tick=4
2026/09/30 21:20:33 Moving unit 35 Blunt Infantry to zone(0, 0) in space (-2, -1) tick=4
2026/09/30 21:20:33 Moving unit 56 Heavy Infantry to zone(0, 0) in space (-2, -1) tick=4
2026/09/30 21:20:33 Moving unit 39 Blunt Infantry to zone(0, 0) in space (-2, -1) tick=4
2026/09/30 21:20:33 Moving unit 44 Blunt Infantry to zone(0, 0) in space (-2, -1) tick=4
2026/09/30 21:20:33 Moving unit 47 Piercing Infantry to zone(0, 0) in space (-2, -1) tick=4
2026/09/30 21:20:33 Moving unit 49 Piercing Infantry to zone(0, 0) in space (-2, -1) tick=4
2026/09/30 21:20:33 state_hash turn=5 tick=4 hash=98dac3c25527211d
2026/09/30 21:20:33 Moving unit 10 Blunt Infantry to zone(-1, 1) in space (-2, -1) tick=5
2026/09/30 21:20:33 Moving unit 15 Blunt Infantry to zone(-1, 1) in space (-2, -1) tick=5
2026/09/30 21:20:33 Moving unit 13 Blunt Infantry to zone(-1, 1) in space (-2, -1) tick=5
2026/09/30 21:20:33 Moving unit 4 Blunt Infantry to zone(0, 0) in space (-2, -1) tick=5
2026/09/30 21:20:33 Moving unit 5 Blunt Infantry to zone(-1, 1) in space (0, 2) tick=5
2026/09/30 21:20:33 Moving unit 9 Blunt Infantry to zone(-1, 1) in space (-2, -1) tick=5
2026/09/30 21:20:33 Moving unit 12 Blunt Infantry to zone(-1, 1) in space (-2, -1) tick=5
2026/09/30 21:20:33 Moving unit 16 Blunt Infantry to zone(-1, 1) in space (-2, -1) tick=5
2026/09/30 21:20:33 Moving unit 1 Blunt Infantry to zone(-1, 1) in space (-2, -1) tick=5
2026/09/30 21:20:33 Moving unit 8 Blunt Infantry to zone(-1, 1) in space (-2, -1) tick=5
2026/09/30 21:20:33 Moving unit 11 Blunt Infantry to zone(-1, 1) in space (-2, -1) tick=5
2026/09/30 21:20:33 Moving unit 14 Blunt Infantry to zone(-1, 1) in space (-2, -1) tick=5
2026/09/30 21:20:33 Moving unit 2 Blunt Infantry to zone(-1, 1) in space (-2, 0) tick=5
2026/09/30 21:20:33 Moving unit 7 Blunt Infantry to zone(-1, 1) in space (-2, -1) tick=5
2026/09/30 21:20:33 Moving unit 3 Blunt Infantry to zone(-1, 1) in space (-3, 1) tick=5
2026/09/30 21:20:33 Moving unit 6 Blunt Infantry to zone(0, 1) in space (0, -3) tick=5
2026/09/30 21:20:33 Moving unit 38 Blunt Infantry to zone(-1, 1) in space (-2, -1) tick=5
2026/09/30 21:20:33 Moving unit 41 Blunt Infantry to zone(-1, 1) in space (-2, -1) tick=5
2026/09/30 21:20:33 Moving unit 43 Blunt Infantry to zone(-1, 1) in space (-2, -1) tick=5
2026/09/30 21:20:33 Moving unit 48 Piercing Infantry to zone(-1, 1) in space (-2, -1) tick=5
2026/09/30 21:20:33 Moving unit 53 Piercing Infantry to zone(-1, 1) in space (-2, -1) tick=5
2026/09/30 21:20:33 Moving unit 55 Heavy Infantry to zone(-1, 1) in space (-2, -1) tick=5
2026/09/30 21:20:33 Moving unit 35 Blunt Infantry to zone(-1, 1) in space (-2, -1) tick=5
2026/09/30 21:20:33 Moving unit 56 Heavy Infantry to zone(-1, 1) in space (-2, -1) tick=5
2026/09/30 21:20:33 Moving unit 39 Blunt Infantry to zone(-1, 1) in space (-2, -1) tick=5
2026/09/30 21:20:33 Moving unit 44 Blunt Infantry to zone(-1, 1) in space (-2, -1) tick=5
2026/09/30 21:20:33 Moving unit 47 Piercing Infantry to zone(-1, 1) in space (-2, -1) tick=5
2026/09/30 21:20:33 Moving unit 49 Piercing Infantry to zone(-1, 1) in space (-2, -1) tick=5
2026/09/30 21:20:33 Moving unit 40 Blunt Infantry to zone(-1, 1) in space (-2, -1) tick=5
2026/09/30 21:20:33 Moving unit 34 Blunt Infantry to zone(-1, 1) in space (-2, -1) tick=5
2026/09/30 21:20:33 Moving unit 46 Blunt Infantry to zone(-1, 1) in space (-2, -1) tick=5
2026/09/30 21:20:33 Moving unit 32 Blunt Infantry to zone(-1, 1) in space (-2, -1) tick=5
2026/09/30 21:20:33 Moving unit 36 Blunt Infantry to zone(-1, 1) in space (-2, -1) tick=5
2026/09/30 21:20:33 Moving unit 37 Blunt Infantry to zone(-1, 1) in space (-2, -1) tick=5
2026/09/30 21:20:33 Moving unit 45 Blunt Infantry to zone(-1, 1) in space (-2, -1) tick=5
2026/09/30 21:20:33 Moving unit 52 Piercing Infantry to zone(-1, 1) in space (-2, -1) tick=5
2026/09/30 21:20:33 Moving unit 58 Heavy Infantry to zone(-1, 1) in space (-2, -1) tick=5
2026/09/30 21:20:33 Moving unit 33 Blunt Infantry to zone(-1, 1) in space (-2, -1) tick=5
2026/09/30 21:20:33 Moving unit 42 Blunt Infantry to zone(-1, 1) in space (-2, -1) tick=5
2026/09/30 21:20:33 Moving unit 50 Piercing Infantry to zone(-1, 1) in space (-2, -1) tick=5
2026/09/30 21:20:33 Moving unit 57 Heavy Infantry to zone(-1, 1) in space (-2, -1) tick=5
2026/09/30 21:20:33 Moving unit 59 Heavy Infantry to zone(-1, 1) in space (-2, -1) tick=5
2026/09/30 21:20:33 Moving unit 31 Blunt Infantry to zone(-1, 1) in space (-2, 2) tick=5
2026/09/30 21:20:33 Moving unit 51 Piercing Infantry to zone(-1, 1) in space (-2, -1) tick=5
2026/09/30 21:20:33 Moving unit 54 Piercing Infantry to zone(-1, 1) in space (-2, -1) tick=5
2026/09/30 21:20:33 Moving unit 60 Heavy Infantry to zone(-1, 1) in space (-2, -1) tick=5
2026/09/30 21:20:33 state_hash turn=5 tick=5 hash=3bd8f6973015647f
2026/09/30 21:20:33 Moving unit 5 Blunt Infantry to zone(0, 0) in space (0, 2) tick=6
2026/09/30 21:20:33 combat turn=5 tick=6: 9 u11 (player 0, stamina 3) hits 32 u11 (player 1) for 1.80
2026/09/30 21:20:33 combat turn=5 tick=6: 12 u11 (player 0, stamina 3) hits 32 u11 (player 1) for 1.80
2026/09/30 21:20:33 combat turn=5 tick=6: 16 u11 (player 0, stamina 3) hits 32 u11 (player 1) for 1.80
2026/09/30 21:20:33 combat turn=5 tick=6: 1 u11 (player 0, stamina 3) hits 32 u11 (player 1) for 1.80
2026/09/30 21:20:33 combat turn=5 tick=6: 8 u11 (player 0, stamina 3) hits 32 u11 (player 1) for 1.80
2026/09/30 21:20:33 combat turn=5 tick=6: 11 u11 (player 0, stamina 3) hits 32 u11 (player 1) for 1.80
2026/09/30 21:20:33 combat turn=5 tick=6: 14 u11 (player 0, stamina 3) hits 32 u11 (player 1) for 1.80
2026/09/30 21:20:33 Moving unit 2 Blunt Infantry to zone(0, 0) in space (-2, 0) tick=6
2026/09/30 21:20:33 combat turn=5 tick=6: 7 u11 (player 0, stamina 3) hits 32 u11 (player 1) for 1.80
2026/09/30 21:20:33 Moving unit 3 Blunt Infantry to zone(0, 0) in space (-3, 1) tick=6
2026/09/30 21:20:33 Moving unit 6 Blunt Infantry to zone(0, 0) in space (0, -3) tick=6
2026/09/30 21:20:33 combat turn=5 tick=6: 10 u11 (player 0, stamina 3) hits 32 u11 (player 1) for 1.80
2026/09/30 21:20:33 combat turn=5 tick=6: 15 u11 (player 0, stamina 3) hits 32 u11 (player 1) for 1.80
2026/09/30 21:20:33 combat turn=5 tick=6: 13 u11 (player 0, stamina 3) hits 32 u11 (player 1) for 1.80
2026/09/30 21:20:33 Moving unit 4 Blunt Infantry to zone(-1, 1) in space (-2, -1) tick=6
2026/09/30 21:20:33 Moving unit 31 Blunt Infantry to zone(0, 0) in space (-2, 2) tick=6
2026/09/30 21:20:33 combat turn=5 tick=6: 51 u12 (player 1, stamina 3) hits 1 u11 (player 0) for 2.70
2026/09/30 21:20:33 combat turn=5 tick=6: 54 u12 (player 1, stamina 3) hits 1 u11 (player 0) for 2.70
2026/09/30 21:20:33 combat turn=5 tick=6: 60 u13 (player 1, stamina 3) hits 1 u11 (player 0) for 5.12
2026/09/30 21:20:33 combat turn=5 tick=6: 38 u11 (player 1, stamina 3) hits 1 u11 (player 0) for 1.80
2026/09/30 21:20:33 combat turn=5 tick=6: 41 u11 (player 1, stamina 3) hits 1 u11 (player 0) for 1.80
2026/09/30 21:20:33 combat turn=5 tick=6: 43 u11 (player 1, stamina 3) hits 1 u11 (player 0) for 1.80
2026/09/30 21:20:33 combat turn=5 tick=6: 48 u12 (player 1, stamina 3) hits 1 u11 (player 0) for 2.70
2026/09/30 21:20:33 combat turn=5 tick=6: 53 u12 (player 1, stamina 3) hits 1 u11 (player 0) for 2.70
2026/09/30 21:20:33 combat turn=5 tick=6: 55 u13 (player 1, stamina 3) hits 1 u11 (player 0) for 5.12
2026/09/30 21:20:33 combat turn=5 tick=6: 35 u11 (player 1, stamina 3) hits 1 u11 (player 0) for 1.80
2026/09/30 21:20:33 combat turn=5 tick=6: 56 u13 (player 1, stamina 3) hits 1 u11 (player 0) for 5.12
2026/09/30 21:20:33 combat turn=5 tick=6: 39 u11 (player 1, stamina 3) hits 1 u11 (player 0) for 1.80
2026/09/30 21:20:33 combat turn=5 tick=6: 44 u11 (player 1, stamina 3) hits 1 u11 (player 0) for 1.80
2026/09/30 21:20:33 combat turn=5 tick=6: 47 u12 (player 1, stamina 3) hits 1 u11 (player 0) for 2.70
2026/09/30 21:20:33 combat turn=5 tick=6: 49 u12 (player 1, stamina 3) hits 1 u11 (player 0) for 2.70
2026/09/30 21:20:33 combat turn=5 tick=6: 40 u11 (player 1, stamina 3) hits 1 u11 (player 0) for 1.80
2026/09/30 21:20:33 combat turn=5 tick=6: 34 u11 (player 1, stamina 3) hits 1 u11 (player 0) for 1.80
2026/09/30 21:20:33 combat turn=5 tick=6: 46 u11 (player 1, stamina 3) hits 1 u11 (player 0) for 1.80
2026/09/30 21:20:33 combat turn=5 tick=6: 32 u11 (player 1, stamina 3) hits 1 u11 (player 0) for 1.80
2026/09/30 21:20:33 combat turn=5 tick=6: 36 u11 (player 1, stamina 3) hits 1 u11 (player 0) for 1.80
2026/09/30 21:20:33 combat turn=5 tick=6: 37 u11 (player 1, stamina 3) hits 1 u11 (player 0) for 1.80
2026/09/30 21:20:33 combat turn=5 tick=6: 45 u11 (player 1, stamina 3) hits 1 u11 (player 0) for 1.80
2026/09/30 21:20:33 combat turn=5 tick=6: 52 u12 (player 1, stamina 3) hits 1 u11 (player 0) for 2.70
2026/09/30 21:20:33 combat turn=5 tick=6: 58 u13 (player 1, stamina 3) hits 1 u11 (player 0) for 5.12
2026/09/30 21:20:33 combat turn=5 tick=6: 33 u11 (player 1, stamina 3) hits 1 u11 (player 0) for 1.80
2026/09/30 21:20:33 combat turn=5 tick=6: 42 u11 (player 1, stamina 3) hits 1 u11 (player 0) for 1.80
2026/09/30 21:20:33 combat turn=5 tick=6: 50 u12 (player 1, stamina 3) hits 1 u11 (player 0) for 2.70
2026/09/30 21:20:33 combat turn=5 tick=6: 57 u13 (player 1, stamina 3) hits 1 u11 (player 0) for 5.12
2026/09/30 21:20:33 combat turn=5 tick=6: 59 u13 (player 1, stamina 3) hits 1 u11 (player 0) for 5.12
2026/09/30 21:20:33 state_hash turn=5 tick=6 hash=881c5408e56d68c7
2026/09/30 21:20:33 combat turn=5 tick=7: 13 u11 (player 0, stamina 3) hits 33 u11 (player 1) for 1.80
2026/09/30 21:20:33 combat turn=5 tick=7: 4 u11 (player 0, stamina 3) hits 33 u11 (player 1) for 1.80
2026/09/30 21:20:33 Moving unit 5 Blunt Infantry to zone(1, -1) in space (0, 2) tick=7
2026/09/30 21:20:33 combat turn=5 tick=7: 9 u11 (player 0, stamina 3) hits 33 u11 (player 1) for 1.80
2026/09/30 21:20:33 combat turn=5 tick=7: 12 u11 (player 0, stamina 3) hits 33 u11 (player 1) for 1.80
2026/09/30 21:20:33 combat turn=5 tick=7: 16 u11 (player 0, stamina 3) hits 33 u11 (player 1) for 1.80
2026/09/30 21:20:33 combat turn=5 tick=7: 8 u11 (player 0, stamina 3) hits 33 u11 (player 1) for 1.80
2026/09/30 21:20:33 combat turn=5 tick=7: 11 u11 (player 0, stamina 3) hits 33 u11 (player 1) for 1.80
2026/09/30 21:20:33 combat turn=5 tick=7: 14 u11 (player 0, stamina 3) hits 33 u11 (player 1) for 1.80
2026/09/30 21:20:33 Moving unit 2 Blunt Infantry to zone(1, -1) in space (-2, 0) tick=7
2026/09/30 21:20:33 combat turn=5 tick=7: 7 u11 (player 0, stamina 3) hits 33 u11 (player 1) for 1.80
2026/09/30 21:20:33 Moving unit 3 Blunt Infantry to zone(0, -1) in space (-3, 1) tick=7
2026/09/30 21:20:33 combat turn=5 tick=7: 10 u11 (player 0, stamina 3) hits 33 u11 (player 1) for 1.80
2026/09/30 21:20:33 combat turn=5 tick=7: 15 u11 (player 0, stamina 3) hits 33 u11 (player 1) for 1.80
2026/09/30 21:20:33 combat turn=5 tick=7: 60 u13 (player 1, stamina 3) hits 4 u11 (player 0) for 5.12
2026/09/30 21:20:33 combat turn=5 tick=7: 38 u11 (player 1, stamina 3) hits 4 u11 (player 0) for 1.80
2026/09/30 21:20:33 combat turn=5 tick=7: 41 u11 (player 1, stamina 3) hits 4 u11 (player 0) for 1.80
2026/09/30 21:20:33 combat turn=5 tick=7: 43 u11 (player 1, stamina 3) hits 4 u11 (player 0) for 1.80
2026/09/30 21:20:33 combat turn=5 tick=7: 48 u12 (player 1, stamina 3) hits 4 u11 (player 0) for 2.70
2026/09/30 21:20:33 combat turn=5 tick=7: 53 u12 (player 1, stamina 3) hits 4 u11 (player 0) for 2.70
2026/09/30 21:20:33 combat turn=5 tick=7: 55 u13 (player 1, stamina 3) hits 4 u11 (player 0) for 5.12
2026/09/30 21:20:33 combat turn=5 tick=7: 35 u11 (player 1, stamina 3) hits 4 u11 (player 0) for 1.80
2026/09/30 21:20:33 combat turn=5 tick=7: 56 u13 (player 1, stamina 3) hits 4 u11 (player 0) for 5.12
2026/09/30 21:20:33 combat turn=5 tick=7: 39 u11 (player 1, stamina 3) hits 4 u11 (player 0) for 1.80
2026/09/30 21:20:33 combat turn=5 tick=7: 44 u11 (player 1, stamina 3) hits 4 u11 (player 0) for 1.80
2026/09/30 21:20:33 combat turn=5 tick=7: 47 u12 (player 1, stamina 3) hits 4 u11 (player 0) for 2.70
2026/09/30 21:20:33 combat turn=5 tick=7: 49 u12 (player 1, stamina 3) hits 4 u11 (player 0) for 2.70
2026/09/30 21:20:33 combat turn=5 tick=7: 40 u11 (player 1, stamina 3) hits 4 u11 (player 0) for 1.80
2026/09/30 21:20:33 combat turn=5 tick=7: 34 u11 (player 1, stamina 3) hits 4 u11 (player 0) for 1.80
2026/09/30 21:20:33 combat turn=5 tick=7: 46 u11 (player 1, stamina 3) hits 4 u11 (player 0) for 1.80
2026/09/30 21:20:33 combat turn=5 tick=7: 36 u11 (player 1, stamina 3) hits 4 u11 (player 0) for 1.80
2026/09/30 21:20:33 combat turn=5 tick=7: 37 u11 (player 1, stamina 3) hits 4 u11 (player 0) for 1.80
2026/09/30 21:20:33 combat turn=5 tick=7: 45 u11 (player 1, stamina 3) hits 4 u11 (player 0) for 1.80
2026/09/30 21:20:33 combat turn=5 tick=7: 52 u12 (player 1, stamina 3) hits 4 u11 (player 0) for 2.70
2026/09/30 21:20:33 combat turn=5 tick=7: 58 u13 (player 1, stamina 3) hits 4 u11 (player 0) for 5.12
2026/09/30 21:20:33 combat turn=5 tick=7: 33 u11 (player 1, stamina 3) hits 4 u11 (player 0) for 1.80
2026/09/30 21:20:33 combat turn=5 tick=7: 42 u11 (player 1, stamina 3) hits 4 u11 (player 0) for 1.80
2026/09/30 21:20:33 combat turn=5 tick=7: 50 u12 (player 1, stamina 3) hits 4 u11 (player 0) for 2.70
2026/09/30 21:20:33 combat turn=5 tick=7: 57 u13 (player 1, stamina 3) hits 4 u11 (player 0) for 5.12
2026/09/30 21:20:33 combat turn=5 tick=7: 59 u13 (player 1, stamina 3) hits 4 u11 (player 0) for 5.12
2026/09/30 21:20:33 combat turn=5 tick=7: 51 u12 (player 1, stamina 3) hits 4 u11 (player 0) for 2.70
2026/09/30 21:20:33 combat turn=5 tick=7: 54 u12 (player 1, stamina 3) hits 4 u11 (player 0) for 2.70
2026/09/30 21:20:33 state_hash turn=5 tick=7 hash=ccfb6fcd03213247
2026/09/30 21:20:33 Moving unit 5 Blunt Infantry to zone(-1, 1) in space (1, 1) tick=8
2026/09/30 21:20:33 combat turn=5 tick=8: 38 u11 (player 1, stamina 3) hits 7 u11 (player 0) for 1.80
2026/09/30 21:20:33 combat turn=5 tick=8: 41 u11 (player 1, stamina 3) hits 7 u11 (player 0) for 1.80
2026/09/30 21:20:33 combat turn=5 tick=8: 43 u11 (player 1, stamina 3) hits 7 u11 (player 0) for 1.80
2026/09/30 21:20:33 combat turn=5 tick=8: 48 u12 (player 1, stamina 3) hits 7 u11 (player 0) for 2.70
2026/09/30 21:20:33 combat turn=5 tick=8: 53 u12 (player 1, stamina 3) hits 7 u11 (player 0) for 2.70
2026/09/30 21:20:33 combat turn=5 tick=8: 55 u13 (player 1, stamina 3) hits 7 u11 (player 0) for 5.12
2026/09/30 21:20:33 combat turn=5 tick=8: 35 u11 (player 1, stamina 3) hits 7 u11 (player 0) for 1.80
2026/09/30 21:20:33 combat turn=5 tick=8: 56 u13 (player 1, stamina 3) hits 7 u11 (player 0) for 5.12
2026/09/30 21:20:33 combat turn=5 tick=8: 39 u11 (player 1, stamina 3) hits 7 u11 (player 0) for 1.80
2026/09/30 21:20:33 combat turn=5 tick=8: 44 u11 (player 1, stamina 3) hits 7 u11 (player 0) for 1.80
2026/09/30 21:20:33 combat turn=5 tick=8: 47 u12 (player 1, stamina 3) hits 7 u11 (player 0) for 2.70
2026/09/30 21:20:33 combat turn=5 tick=8: 49 u12 (player 1, stamina 3) hits 7 u11 (player 0) for 2.70
2026/09/30 21:20:33 combat turn=5 tick=8: 40 u11 (player 1, stamina 3) hits 7 u11 (player 0) for 1.80
2026/09/30 21:20:33 combat turn=5 tick=8: 34 u11 (player 1, stamina 3) hits 7 u11 (player 0) for 1.80
2026/09/30 21:20:33 combat turn=5 tick=8: 46 u11 (player 1, stamina 3) hits 7 u11 (player 0) for 1.80
2026/09/30 21:20:33 combat turn=5 tick=8: 36 u11 (player 1, stamina 3) hits 7 u11 (player 0) for 1.80
2026/09/30 21:20:33 combat turn=5 tick=8: 37 u11 (player 1, stamina 3) hits 7 u11 (player 0) for 1.80
2026/09/30 21:20:33 combat turn=5 tick=8: 45 u11 (player 1, stamina 3) hits 7 u11 (player 0) for 1.80
2026/09/30 21:20:33 combat turn=5 tick=8: 52 u12 (player 1, stamina 3) hits 7 u11 (player 0) for 2.70
2026/09/30 21:20:33 combat turn=5 tick=8: 58 u13 (player 1, stamina 3) hits 7 u11 (player 0) for 5.12
2026/09/30 21:20:33 combat turn=5 tick=8: 42 u11 (player 1, stamina 3) hits 7 u11 (player 0) for 1.80
2026/09/30 21:20:33 combat turn=5 tick=8: 50 u12 (player 1, stamina 3) hits 7 u11 (player 0) for 2.70
2026/09/30 21:20:33 combat turn=5 tick=8: 57 u13 (player 1, stamina 3) hits 7 u11 (player 0) for 5.12
2026/09/30 21:20:33 combat turn=5 tick=8: 59 u13 (player 1, stamina 3) hits 7 u11 (player 0) for 5.12
2026/09/30 21:20:33 combat turn=5 tick=8: 51 u12 (player 1, stamina 3) hits 7 u11 (player 0) for 2.70
2026/09/30 21:20:33 combat turn=5 tick=8: 54 u12 (player 1, stamina 3) hits 7 u11 (player 0) for 2.70
2026/09/30 21:20:33 combat turn=5 tick=8: 60 u13 (player 1, stamina 3) hits 7 u11 (player 0) for 5.12
2026/09/30 21:20:33 state_hash turn=5 tick=8 hash=70c032bcf9b56ae3
2026/09/30 21:20:33 combat turn=5 tick=9: 34 u11 (player 1, stamina 3) hits 8 u11 (player 0) for 1.80
2026/09/30 21:20:33 combat turn=5 tick=9: 46 u11 (player 1, stamina 3) hits 8 u11 (player 0) for 1.80
2026/09/30 21:20:33 combat turn=5 tick=9: 36 u11 (player 1, stamina 3) hits 8 u11 (player 0) for 1.80
2026/09/30 21:20:33 combat turn=5 tick=9: 37 u11 (player 1, stamina 3) hits 8 u11 (player 0) for 1.80
2026/09/30 21:20:33 combat turn=5 tick=9: 45 u11 (player 1, stamina 3) hits 8 u11 (player 0) for 1.80
2026/09/30 21:20:33 combat turn=5 tick=9: 52 u12 (player 1, stamina 3) hits 8 u11 (player 0) for 2.70
2026/09/30 21:20:33 combat turn=5 tick=9: 42 u11 (player 1, stamina 3) hits 8 u11 (player 0) for 1.80
2026/09/30 21:20:33 combat turn=5 tick=9: 50 u12 (player 1, stamina 3) hits 8 u11 (player 0) for 2.70
2026/09/30 21:20:33 combat turn=5 tick=9: 51 u12 (player 1, stamina 3) hits 8 u11 (player 0) for 2.70
2026/09/30 21:20:33 combat turn=5 tick=9: 54 u12 (player 1, stamina 3) hits 8 u11 (player 0) for 2.70
2026/09/30 21:20:33 combat turn=5 tick=9: 38 u11 (player 1, stamina 3) hits 8 u11 (player 0) for 1.80
2026/09/30 21:20:33 combat turn=5 tick=9: 41 u11 (player 1, stamina 3) hits 8 u11 (player 0) for 1.80
2026/09/30 21:20:33 combat turn=5 tick=9: 43 u11 (player 1, stamina 3) hits 8 u11 (player 0) for 1.80
2026/09/30 21:20:33 combat turn=5 tick=9: 48 u12 (player 1, stamina 3) hits 8 u11 (player 0) for 2.70
2026/09/30 21:20:33 combat turn=5 tick=9: 53 u12 (player 1, stamina 3) hits 8 u11 (player 0) for 2.70
2026/09/30 21:20:33 combat turn=5 tick=9: 35 u11 (player 1, stamina 3) hits 8 u11 (player 0) for 1.80
2026/09/30 21:20:33 combat turn=5 tick=9: 39 u11 (player 1, stamina 3) hits 8 u11 (player 0) for 1.80
2026/09/30 21:20:33 combat turn=5 tick=9: 44 u11 (player 1, stamina 3) hits 8 u11 (player 0) for 1.80
2026/09/30 21:20:33 combat turn=5 tick=9: 47 u12 (player 1, stamina 3) hits 8 u11 (player 0) for 2.70
2026/09/30 21:20:33 combat turn=5 tick=9: 49 u12 (player 1, stamina 3) hits 8 u11 (player 0) for 2.70
2026/09/30 21:20:33 combat turn=5 tick=9: 40 u11 (player 1, stamina 3) hits 8 u11 (player 0) for 1.80
2026/09/30 21:20:33 state_hash turn=5 tick=9 hash=f1c73328b814f2cf
2026/09/30 21:20:33 combat turn=5 tick=10: 39 u11 (player 1, stamina 3) hits 9 u11 (player 0) for 1.80
2026/09/30 21:20:33 combat turn=5 tick=10: 44 u11 (player 1, stamina 3) hits 9 u11 (player 0) for 1.80
2026/09/30 21:20:33 combat turn=5 tick=10: 47 u12 (player 1, stamina 3) hits 9 u11 (player 0) for 2.70
2026/09/30 21:20:33 combat turn=5 tick=10: 49 u12 (player 1, stamina 3) hits 9 u11 (player 0) for 2.70
2026/09/30 21:20:33 combat turn=5 tick=10: 40 u11 (player 1, stamina 3) hits 9 u11 (player 0) for 1.80
2026/09/30 21:20:33 combat turn=5 tick=10: 34 u11 (player 1, stamina 3) hits 9 u11 (player 0) for 1.80
2026/09/30 21:20:33 combat turn=5 tick=10: 46 u11 (player 1, stamina 3) hits 9 u11 (player 0) for 1.80
2026/09/30 21:20:33 combat turn=5 tick=10: 36 u11 (player 1, stamina 3) hits 9 u11 (player 0) for 1.80
2026/09/30 21:20:33 combat turn=5 tick=10: 37 u11 (player 1, stamina 3) hits 9 u11 (player 0) for 1.80
2026/09/30 21:20:33 combat turn=5 tick=10: 45 u11 (player 1, stamina 3) hits 9 u11 (player 0) for 1.80
2026/09/30 21:20:33 combat turn=5 tick=10: 52 u12 (player 1, stamina 3) hits 9 u11 (player 0) for 2.70
2026/09/30 21:20:33 combat turn=5 tick=10: 42 u11 (player 1, stamina 3) hits 9 u11 (player 0) for 1.80
2026/09/30 21:20:33 combat turn=5 tick=10: 50 u12 (player 1, stamina 3) hits 9 u11 (player 0) for 2.70
2026/09/30 21:20:33 combat turn=5 tick=10: 51 u12 (player 1, stamina 3) hits 9 u11 (player 0) for 2.70
2026/09/30 21:20:33 combat turn=5 tick=10: 54 u12 (player 1, stamina 3) hits 9 u11 (player 0) for 2.70
2026/09/30 21:20:33 combat turn=5 tick=10: 38 u11 (player 1, stamina 3) hits 9 u11 (player 0) for 1.80
2026/09/30 21:20:33 combat turn=5 tick=10: 41 u11 (player 1, stamina 3) hits 9 u11 (player 0) for 1.80
2026/09/30 21:20:33 combat turn=5 tick=10: 43 u11 (player 1, stamina 3) hits 9 u11 (player 0) for 1.80
2026/09/30 21:20:33 combat turn=5 tick=10: 48 u12 (player 1, stamina 3) hits 9 u11 (player 0) for 2.70
2026/09/30 21:20:33 combat turn=5 tick=10: 53 u12 (player 1, stamina 3) hits 9 u11 (player 0) for 2.70
2026/09/30 21:20:33 combat turn=5 tick=10: 35 u11 (player 1, stamina 3) hits 9 u11 (player 0) for 1.80
2026/09/30 21:20:33 state_hash turn=5 tick=10 hash=1ada57decfe78cfa
2026/09/30 21:20:33 combat turn=5 tick=11: 38 u11 (player 1, stamina 3) hits 10 u11 (player 0) for 1.80
2026/09/30 21:20:33 combat turn=5 tick=11: 41 u11 (player 1, stamina 3) hits 10 u11 (player 0) for 1.80
2026/09/30 21:20:33 combat turn=5 tick=11: 43 u11 (player 1, stamina 3) hits 10 u11 (player 0) for 1.80
2026/09/30 21:20:33 combat turn=5 tick=11: 35 u11 (player 1, stamina 3) hits 10 u11 (player 0) for 1.80
2026/09/30 21:20:33 combat turn=5 tick=11: 39 u11 (player 1, stamina 3) hits 10 u11 (player 0) for 1.80
2026/09/30 21:20:33 combat turn=5 tick=11: 44 u11 (player 1, stamina 3) hits 10 u11 (player 0) for 1.80
2026/09/30 21:20:33 combat turn=5 tick=11: 40 u11 (player 1, stamina 3) hits 10 u11 (player 0) for 1.80
2026/09/30 21:20:33 combat turn=5 tick=11: 34 u11 (player 1, stamina 3) hits 10 u11 (player 0) for 1.80
2026/09/30 21:20:33 combat turn=5 tick=11: 46 u11 (player 1, stamina 3) hits 10 u11 (player 0) for 1.80
2026/09/30 21:20:33 combat turn=5 tick=11: 36 u11 (player 1, stamina 3) hits 10 u11 (player 0) for 1.80
2026/09/30 21:20:33 combat turn=5 tick=11: 37 u11 (player 1, stamina 3) hits 10 u11 (player 0) for 1.80
2026/09/30 21:20:33 combat turn=5 tick=11: 45 u11 (player 1, stamina 3) hits 10 u11 (player 0) for 1.80
2026/09/30 21:20:33 combat turn=5 tick=11: 42 u11 (player 1, stamina 3) hits 10 u11 (player 0) for 1.80
2026/09/30 21:20:33 state_hash turn=5 tick=11 hash=285367c9cd8a2e8d
2026/09/30 21:20:33 combat turn=5 tick=12: 39 u11 (player 1, stamina 2) hits 11 u11 (player 0) for 1.20
2026/09/30 21:20:33 combat turn=5 tick=12: 44 u11 (player 1, stamina 2) hits 11 u11 (player 0) for 1.20
2026/09/30 21:20:33 combat turn=5 tick=12: 40 u11 (player 1, stamina 2) hits 11 u11 (player 0) for 1.20
2026/09/30 21:20:33 combat turn=5 tick=12: 34 u11 (player 1, stamina 2) hits 11 u11 (player 0) for 1.20
2026/09/30 21:20:33 combat turn=5 tick=12: 46 u11 (player 1, stamina 2) hits 11 u11 (player 0) for 1.20
2026/09/30 21:20:33 combat turn=5 tick=12: 36 u11 (player 1, stamina 2) hits 11 u11 (player 0) for 1.20
2026/09/30 21:20:33 combat turn=5 tick=12: 37 u11 (player 1, stamina 2) hits 11 u11 (player 0) for 1.20
2026/09/30 21:20:33 combat turn=5 tick=12: 45 u11 (player 1, stamina 2) hits 11 u11 (player 0) for 1.20
2026/09/30 21:20:33 combat turn=5 tick=12: 42 u11 (player 1, stamina 2) hits 11 u11 (player 0) for 1.20
2026/09/30 21:20:33 combat turn=5 tick=12: 38 u11 (player 1, stamina 2) hits 11 u11 (player 0) for 1.20
2026/09/30 21:20:33 combat turn=5 tick=12: 41 u11 (player 1, stamina 2) hits 11 u11 (player 0) for 1.20
2026/09/30 21:20:33 combat turn=5 tick=12: 43 u11 (player 1, stamina 2) hits 11 u11 (player 0) for 1.20
2026/09/30 21:20:33 combat turn=5 tick=12: 35 u11 (player 1, stamina 2) hits 11 u11 (player 0) for 1.20
2026/09/30 21:20:33 state_hash turn=5 tick=12 hash=5f91943ac9bf8c90
2026/09/30 21:20:33 state_hash turn=5 tick=end hash=5038e7555ee645a6
2026/09/30 21:20:33 ai ai-1: new turn data {"buildings":[],"enemy_buildings":[],"enemy_units":[{"InternalID":12,"UnitID":11,"Type":2,"Kind":1,"Location":{"Space":{"X":-2,"Y":-1},"Zone":{"X":-1,"Y":1}},"CurrentStamina":15,"CurrentOrder":null,"Builds":[],"GarrisonedIn":null,"Stance":0,"InterruptCurrent":false,"AttackBack":false,"TargetPriority":"","ActiveOrders":null,"Health":11,"MaxHealth":11},{"InternalID":13,"UnitID":11,"Type":2,"Kind":1,"Location":{"Space":{"X":-2,"Y":-1},"Zone":{"X":-1,"Y":1}},"CurrentStamina":15,"CurrentOrder":null,"Builds":[],"GarrisonedIn":null,"Stance":0,"InterruptCurrent":false,"AttackBack":false,"TargetPriority":"","ActiveOrders":null,"Health":11,"MaxHealth":11},{"InternalID":14,"UnitID":11,"Type":2,"Kind":1,"Location":{"Space":{"X":-2,"Y":-1},"Zone":{"X":-1,"Y":1}},"CurrentStamina":15,"CurrentOrder":null,"Builds":[],"GarrisonedIn":null,"Stance":0,"InterruptCurrent":false,"AttackBack":false,"TargetPriority":"","ActiveOrders":null,"Health":11,"MaxHealth":11},{"InternalID":15,"UnitID":11,"Type":2,"Kind":1,"Location":{"Space":{"X":-2,"Y":-1},"Zone":{"X":-1,"Y":1}},"CurrentStamina":15,"CurrentOrder":null,"Builds":[],"GarrisonedIn":null,"Stance":0,"InterruptCurrent":false,"AttackBack":false,"TargetPriority":"","ActiveOrders":null,"Health":11,"MaxHealth":11},{"InternalID":16,"UnitID":11,"Type":2,"Kind":1,"Location":{"Space":{"X":-2,"Y":-1},"Zone":{"X":-1,"Y":1}},"CurrentStamina":15,"CurrentOrder":null,"Builds":[],"GarrisonedIn":null,"Stance":0,"InterruptCurrent":false,"AttackBack":false,"TargetPriority":"","ActiveOrders":null,"Health":11,"MaxHealth":11}],"foundations":[],"population":{"current":28,"limit":0},"resources":{"food":200,"gold":20,"stone":100,"wood":200},"spaces":[{"Space":{"X":0,"Y":-4},"Vision":0,"Owner":-1},{"Space":{"X":1,"Y":-4},"Vision":0,"Owner":-1},{"Space":{"X":2,"Y":-4},"Vision":0,"Owner":-1},{"Space":{"X":3,"Y":-4},"Vision":0,"Owner":-1},{"Space":{"X":4,"Y":-4},"Vision":0,"Owner":-1},{"Space":{"X":-1,"Y":-3},"Vision":0,"Owner":-1},{"Space":{"X":0,"Y":-3},"Vision":0,"Owner":-1},{"Space":{"X":1,"Y":-3},"Vision":0,"Owner":-1},{"Space":{"X":2,"Y":-3},"Vision":0,"Owner":-1},{"Space":{"X":3,"Y":-3},"Vision":0,"Owner":-1},{"Space":{"X":4,"Y":-3},"Vision":0,"Owner":-1},{"Space":{"X":-2,"Y":-2},"Vision":2,"Owner":-1},{"Space":{"X":-1,"Y":-2},"Vision":2,"Owner":-1},{"Space":{"X":0,"Y":-2},"Vision":0,"Owner":-1},{"Space":{"X":1,"Y":-2},"Vision":0,"Owner":-1},{"Space":{"X":2,"Y":-2},"Vision":0,"Owner":-1},{"Space":{"X":3,"Y":-2},"Vision":0,"Owner":-1},{"Space":{"X":4,"Y":-2},"Vision":0,"Owner":-1},{"Space":{"X":-3,"Y":-1},"Vision":2,"Owner":-1},{"Space":{"X":-2,"Y":-1},"Vision":3,"Owner":-1},{"Space":{"X":-1,"Y":-1},"Vision":2,"Owner":-1},{"Space":{"X":0,"Y":-1},"Vision":0,"Owner":-1},{"Space":{"X":1,"Y":-1},"Vision":0,"Owner":-1},{"Space":{"X":2,"Y":-1},"Vision":0,"Owner":-1},{"Space":{"X":3,"Y":-1},"Vision":0,"Owner":-1},{"Space":{"X":4,"Y":-1},"Vision":0,"Owner":-1},{"Space":{"X":-4,"Y":0},"Vision":1,"Owner":-1},{"Space":{"X":-3,"Y":0},"Vision":3,"Owner":-1},{"Space":{"X":-2,"Y":0},"Vision":2,"Owner":0},{"Space":{"X":-1,"Y":0},"Vision":0,"Owner":-1},{"Space":{"X":0,"Y":0},"Vision":0,"Owner":-1},{"Space":{"X":1,"Y":0},"Vision":0,"Owner":-1},{"Space":{"X":2,"Y":0},"Vision":0,"Owner":-1},{"Space":{"X":3,"Y":0},"Vision":0,"Owner":-1},{"Space":{"X":4,"Y":0},"Vision":0,"Owner":-1},{"Space":{"X":-4,"Y":1},"Vision":1,"Owner":0},{"Space":{"X":-3,"Y":1},"Vision":1,"Owner":0},{"Space":{"X":-2,"Y":1},"Vision":2,"Owner":-1},{"Space":{"X":-1,"Y":1},"Vision":2,"Owner":-1},{"Space":{"X":0,"Y":1},"Vision":0,"Owner":-1},{"Space":{"X":1,"Y":1},"Vision":0,"Owner":-1},{"Space":{"X":2,"Y":1},"Vision":0,"Owner":-1},{"Space":{"X":3,"Y":1},"Vision":0,"Owner":-1},{"Space":{"X":-4,"Y":2},"Vision":1,"Owner":0},{"Space":{"X":-3,"Y":2},"Vision":2,"Owner":-1},{"Space":{"X":-2,"Y":2},"Vision":3,"Owner":1},{"Space":{"X":-1,"Y":2},"Vision":2,"Owner":-1},{"Space":{"X":0,"Y":2},"Vision":0,"Owner":-1},{"Space":{"X":1,"Y":2},"Vision":0,"Owner":-1},{"Space":{"X":2,"Y":2},"Vision":0,"Owner":-1},{"Space":{"X":-4,"Y":3},"Vision":1,"Owner":-1},{"Space":{"X":-3,"Y":3},"Vision":2,"Owner":-1},{"Space":{"X":-2,"Y":3},"Vision":2,"Owner":-1},{"Space":{"X":-1,"Y":3},"Vision":0,"Owner":-1},{"Space":{"X":0,"Y":3},"Vision":0,"Owner":-1},{"Space":{"X":1,"Y":3},"Vision":0,"Owner":-1},{"Space":{"X":-4,"Y":4},"Vision":1,"Owner":-1},{"Space":{"X":-3,"Y":4},"Vision":1,"Owner":-1},{"Space":{"X":-2,"Y":4},"Vision":0,"Owner":-1},{"Space":{"X":-1,"Y":4},"Vision":0,"Owner":-1},{"Space":{"X":0,"Y":4},"Vision":0,"Owner":-1}],"units":[{"InternalID":31,"UnitID":11,"Type":2,"Kind":1,"Location":{"Space":{"X":-2,"Y":2},"Zone":{"X":0,"Y":0}},"CurrentStamina":20,"CurrentOrder":null,"Builds":[],"GarrisonedIn":null,"Stance":3,"InterruptCurrent":false,"AttackBack":true,"TargetPriority":"","ActiveOrders":null,"Health":11,"MaxHealth":11},{"InternalID":34,"UnitID":11,"Type":2,"Kind":1,"Location":{"Space":{"X":-2,"Y":-1},"Zone":{"X":-1,"Y":1}},"CurrentStamina":15,"CurrentOrder":{"Kind":4,"TargetZone":null,"TargetSpace":{"X":-2,"Y":-1},"TargetResource":null,"TargetUnit":null,"TargetBuilding":null},"Builds":[],"GarrisonedIn":null,"Stance":3,"InterruptCurrent":false,"AttackBack":true,"TargetPriority":"","ActiveOrders":[{"ID":115,"Kind":4}],"Health":11,"MaxHealth":11},{"InternalID":35,"UnitID":11,"Type":2,"Kind":1,"Location":{"Space":{"X":-2,"Y":-1},"Zone":{"X":-1,"Y":1}},"CurrentStamina":15,"CurrentOrder":{"Kind":4,"TargetZone":null,"TargetSpace":{"X":-2,"Y":-1},"TargetResource":null,"TargetUnit":null,"TargetBuilding":null},"Builds":[],"GarrisonedIn":null,"Stance":3,"InterruptCurrent":false,"AttackBack":true,"TargetPriority":"","ActiveOrders":[{"ID":137,"Kind":4}],"Health":11,"MaxHealth":11},{"InternalID":36,"UnitID":11,"Type":2,"Kind":1,"Location":{"Space":{"X":-2,"Y":-1},"Zone":{"X":-1,"Y":1}},"CurrentStamina":15,"CurrentOrder":{"Kind":4,"TargetZone":null,"TargetSpace":{"X":-2,"Y":-1},"TargetResource":null,"TargetUnit":null,"TargetBuilding":null},"Builds":[],"GarrisonedIn":null,"Stance":3,"InterruptCurrent":false,"AttackBack":true,"TargetPriority":"","ActiveOrders":[{"ID":118,"Kind":4}],"Health":11,"MaxHealth":11},{"InternalID":37,"UnitID":11,"Type":2,"Kind":1,"Location":{"Space":{"X":-2,"Y":-1},"Zone":{"X":-1,"Y":1}},"CurrentStamina":15,"CurrentOrder":{"Kind":4,"TargetZone":null,"TargetSpace":{"X":-2,"Y":-1},"TargetResource":null,"TargetUnit":null,"TargetBuilding":null},"Builds":[],"GarrisonedIn":null,"Stance":3,"InterruptCurrent":false,"AttackBack":true,"TargetPriority":"","ActiveOrders":[{"ID":119,"Kind":4}],"Health":11,"MaxHealth":11},{"InternalID":38,"UnitID":11,"Type":2,"Kind":1,"Location":{"Space":{"X":-2,"Y":-1},"Zone":{"X":-1,"Y":1}},"CurrentStamina":15,"CurrentOrder":{"Kind":4,"TargetZone":null,"TargetSpace":{"X":-2,"Y":-1},"TargetResource":null,"TargetUnit":null,"TargetBuilding":null},"Builds":[],"GarrisonedIn":null,"Stance":3,"InterruptCurrent":false,"AttackBack":true,"TargetPriority":"","ActiveOrders":[{"ID":131,"Kind":4}],"Health":11,"MaxHealth":11},{"InternalID":39,"UnitID":11,"Type":2,"Kind":1,"Location":{"Space":{"X":-2,"Y":-1},"Zone":{"X":-1,"Y":1}},"CurrentStamina":15,"CurrentOrder":{"Kind":4,"TargetZone":null,"TargetSpace":{"X":-2,"Y":-1},"TargetResource":null,"TargetUnit":null,"TargetBuilding":null},"Builds":[],"GarrisonedIn":null,"Stance":3,"InterruptCurrent":false,"AttackBack":true,"TargetPriority":"","ActiveOrders":[{"ID":110,"Kind":4}],"Health":11,"MaxHealth":11},{"InternalID":40,"UnitID":11,"Type":2,"Kind":1,"Location":{"Space":{"X":-2,"Y":-1},"Zone":{"X":-1,"Y":1}},"CurrentStamina":15,"CurrentOrder":{"Kind":4,"TargetZone":null,"TargetSpace":{"X":-2,"Y":-1},"TargetResource":null,"TargetUnit":null,"TargetBuilding":null},"Builds":[],"GarrisonedIn":null,"Stance":3,"InterruptCurrent":false,"AttackBack":true,"TargetPriority":"","ActiveOrders":[{"ID":114,"Kind":4}],"Health":11,"MaxHealth":11},{"InternalID":41,"UnitID":11,"Type":2,"Kind":1,"Location":{"Space":{"X":-2,"Y":-1},"Zone":{"X":-1,"Y":1}},"CurrentStamina":15,"CurrentOrder":{"Kind":4,"TargetZone":null,"TargetSpace":{"X":-2,"Y":-1},"TargetResource":null,"TargetUnit":null,"TargetBuilding":null},"Builds":[],"GarrisonedIn":null,"Stance":3,"InterruptCurrent":false,"AttackBack":true,"TargetPriority":"","ActiveOrders":[{"ID":132,"Kind":4}],"Health":11,"MaxHealth":11},{"InternalID":42,"UnitID":11,"Type":2,"Kind":1,"Location":{"Space":{"X":-2,"Y":-1},"Zone":{"X":-1,"Y":1}},"CurrentStamina":15,"CurrentOrder":{"Kind":4,"TargetZone":null,"TargetSpace":{"X":-2,"Y":-1},"TargetResource":null,"TargetUnit":null,"TargetBuilding":null},"Builds":[],"GarrisonedIn":null,"Stance":3,"InterruptCurrent":false,"AttackBack":true,"TargetPriority":"","ActiveOrders":[{"ID":124,"Kind":4}],"Health":11,"MaxHealth":11},{"InternalID":43,"UnitID":11,"Type":2,"Kind":1,"Location":{"Space":{"X":-2,"Y":-1},"Zone":{"X":-1,"Y":1}},"CurrentStamina":15,"CurrentOrder":{"Kind":4,"TargetZone":null,"TargetSpace":{"X":-2,"Y":-1},"TargetResource":null,"TargetUnit":null,"TargetBuilding":null},"Builds":[],"GarrisonedIn":null,"Stance":3,"InterruptCurrent":false,"AttackBack":true,"TargetPriority":"","ActiveOrders":[{"ID":133,"Kind":4}],"Health":11,"MaxHealth":11},{"InternalID":44,"UnitID":11,"Type":2,"Kind":1,"Location":{"Space":{"X":-2,"Y":-1},"Zone":{"X":-1,"Y":1}},"CurrentStamina":15,"CurrentOrder":{"Kind":4,"TargetZone":null,"TargetSpace":{"X":-2,"Y":-1},"TargetResource":null,"TargetUnit":null,"TargetBuilding":null},"Builds":[],"GarrisonedIn":null,"Stance":3,"InterruptCurrent":false,"AttackBack":true,"TargetPriority":"","ActiveOrders":[{"ID":111,"Kind":4}],"Health":11,"MaxHealth":11},{"InternalID":45,"UnitID":11,"Type":2,"Kind":1,"Location":{"Space":{"X":-2,"Y":-1},"Zone":{"X":-1,"Y":1}},"CurrentStamina":15,"CurrentOrder":{"Kind":4,"TargetZone":null,"TargetSpace":{"X":-2,"Y":-1},"TargetResource":null,"TargetUnit":null,"TargetBuilding":null},"Builds":[],"GarrisonedIn":null,"Stance":3,"InterruptCurrent":false,"AttackBack":true,"TargetPriority":"","ActiveOrders":[{"ID":120,"Kind":4}],"Health":11,"MaxHealth":11},{"InternalID":46,"UnitID":11,"Type":2,"Kind":1,"Location":{"Space":{"X":-2,"Y":-1},"Zone":{"X":-1,"Y":1}},"CurrentStamina":15,"CurrentOrder":{"Kind":4,"TargetZone":null,"TargetSpace":{"X":-2,"Y":-1},"TargetResource":null,"TargetUnit":null,"TargetBuilding":null},"Builds":[],"GarrisonedIn":null,"Stance":3,"InterruptCurrent":false,"AttackBack":true,"TargetPriority":"","ActiveOrders":[{"ID":116,"Kind":4}],"Health":11,"MaxHealth":11},{"InternalID":47,"UnitID":12,"Type":2,"Kind":1,"Location":{"Space":{"X":-2,"Y":-1},"Zone":{"X":-1,"Y":1}},"CurrentStamina":12,"CurrentOrder":{"Kind":4,"TargetZone":null,"TargetSpace":{"X":-2,"Y":-1},"TargetResource":null,"TargetUnit":null,"TargetBuilding":null},"Builds":[],"GarrisonedIn":null,"Stance":3,"InterruptCurrent":false,"AttackBack":true,"TargetPriority":"","ActiveOrders":[{"ID":112,"Kind":4}],"Health":16,"MaxHealth":16},{"InternalID":48,"UnitID":12,"Type":2,"Kind":1,"Location":{"Space":{"X":-2,"Y":-1},"Zone":{"X":-1,"Y":1}},"CurrentStamina":12,"CurrentOrder":{"Kind":4,"TargetZone":null,"TargetSpace":{"X":-2,"Y":-1},"TargetResource":null,"TargetUnit":null,"TargetBuilding":null},"Builds":[],"GarrisonedIn":null,"Stance":3,"InterruptCurrent":false,"AttackBack":true,"TargetPriority":"","ActiveOrders":[{"ID":134,"Kind":4}],"Health":16,"MaxHealth":16},{"InternalID":49,"UnitID":12,"Type":2,"Kind":1,"Location":{"Space":{"X":-2,"Y":-1},"Zone":{"X":-1,"Y":1}},"CurrentStamina":12,"CurrentOrder":{"Kind":4,"TargetZone":null,"TargetSpace":{"X":-2,"Y":-1},"TargetResource":null,"TargetUnit":null,"TargetBuilding":null},"Builds":[],"GarrisonedIn":null,"Stance":3,"InterruptCurrent":false,"AttackBack":true,"TargetPriority":"","ActiveOrders":[{"ID":113,"Kind":4}],"Health":16,"MaxHealth":16},{"InternalID":50,"UnitID":12,"Type":2,"Kind":1,"Location":{"Space":{"X":-2,"Y":-1},"Zone":{"X":-1,"Y":1}},"CurrentStamina":12,"CurrentOrder":{"Kind":4,"TargetZone":null,"TargetSpace":{"X":-2,"Y":-1},"TargetResource":null,"TargetUnit":null,"TargetBuilding":null},"Builds":[],"GarrisonedIn":null,"Stance":3,"InterruptCurrent":false,"AttackBack":true,"TargetPriority":"","ActiveOrders":[{"ID":125,"Kind":4}],"Health":16,"MaxHealth":16},{"InternalID":51,"UnitID":12,"Type":2,"Kind":1,"Location":{"Space":{"X":-2,"Y":-1},"Zone":{"X":-1,"Y":1}},"CurrentStamina":12,"CurrentOrder":{"Kind":4,"TargetZone":null,"TargetSpace":{"X":-2,"Y":-1},"TargetResource":null,"TargetUnit":null,"TargetBuilding":null},"Builds":[],"GarrisonedIn":null,"Stance":3,"InterruptCurrent":false,"AttackBack":true,"TargetPriority":"","ActiveOrders":[{"ID":128,"Kind":4}],"Health":16,"MaxHealth":16},{"InternalID":52,"UnitID":12,"Type":2,"Kind":1,"Location":{"Space":{"X":-2,"Y":-1},"Zone":{"X":-1,"Y":1}},"CurrentStamina":12,"CurrentOrder":{"Kind":4,"TargetZone":null,"TargetSpace":{"X":-2,"Y":-1},"TargetResource":null,"TargetUnit":null,"TargetBuilding":null},"Builds":[],"GarrisonedIn":null,"Stance":3,"InterruptCurrent":false,"AttackBack":true,"TargetPriority":"","ActiveOrders":[{"ID":121,"Kind":4}],"Health":16,"MaxHealth":16},{"InternalID":53,"UnitID":12,"Type":2,"Kind":1,"Location":{"Space":{"X":-2,"Y":-1},"Zone":{"X":-1,"Y":1}},"CurrentStamina":12,"CurrentOrder":{"Kind":4,"TargetZone":null,"TargetSpace":{"X":-2,"Y":-1},"TargetResource":null,"TargetUnit":null,"TargetBuilding":null},"Builds":[],"GarrisonedIn":null,"Stance":3,"InterruptCurrent":false,"AttackBack":true,"TargetPriority":"","ActiveOrders":[{"ID":135,"Kind":4}],"Health":16,"MaxHealth":16},{"InternalID":54,"UnitID":12,"Type":2,"Kind":1,"Location":{"Space":{"X":-2,"Y":-1},"Zone":{"X":-1,"Y":1}},"CurrentStamina":12,"CurrentOrder":{"Kind":4,"TargetZone":null,"TargetSpace":{"X":-2,"Y":-1},"TargetResource":null,"TargetUnit":null,"TargetBuilding":null},"Builds":[],"GarrisonedIn":null,"Stance":3,"InterruptCurrent":false,"AttackBack":true,"TargetPriority":"","ActiveOrders":[{"ID":129,"Kind":4}],"Health":16,"MaxHealth":16},{"InternalID":55,"UnitID":13,"Type":2,"Kind":1,"Location":{"Space":{"X":-2,"Y":-1},"Zone":{"X":-1,"Y":1}},"CurrentStamina":8,"CurrentOrder":{"Kind":4,"TargetZone":null,"TargetSpace":{"X":-2,"Y":-1},"TargetResource":null,"TargetUnit":null,"TargetBuilding":null},"Builds":[],"GarrisonedIn":null,"Stance":3,"InterruptCurrent":false,"AttackBack":true,"TargetPriority":"","ActiveOrders":[{"ID":136,"Kind":4}],"Health":50,"MaxHealth":50},{"InternalID":56,"UnitID":13,"Type":2,"Kind":1,"Location":{"Space":{"X":-2,"Y":-1},"Zone":{"X":-1,"Y":1}},"CurrentStamina":8,"CurrentOrder":{"Kind":4,"TargetZone":null,"TargetSpace":{"X":-2,"Y":-1},"TargetResource":null,"TargetUnit":null,"TargetBuilding":null},"Builds":[],"GarrisonedIn":null,"Stance":3,"InterruptCurrent":false,"AttackBack":true,"TargetPriority":"","ActiveOrders":[{"ID":138,"Kind":4}],"Health":50,"MaxHealth":50},{"InternalID":57,"UnitID":13,"Type":2,"Kind":1,"Location":{"Space":{"X":-2,"Y":-1},"Zone":{"X":-1,"Y":1}},"CurrentStamina":8,"CurrentOrder":{"Kind":4,"TargetZone":null,"TargetSpace":{"X":-2,"Y":-1},"TargetResource":null,"TargetUnit":null,"TargetBuilding":null},"Builds":[],"GarrisonedIn":null,"Stance":3,"InterruptCurrent":false,"AttackBack":true,"TargetPriority":"","ActiveOrders":[{"ID":126,"Kind":4}],"Health":50,"MaxHealth":50},{"InternalID":58,"UnitID":13,"Type":2,"Kind":1,"Location":{"Space":{"X":-2,"Y":-1},"Zone":{"X":-1,"Y":1}},"CurrentStamina":8,"CurrentOrder":{"Kind":4,"TargetZone":null,"TargetSpace":{"X":-2,"Y":-1},"TargetResource":null,"TargetUnit":null,"TargetBuilding":null},"Builds":[],"GarrisonedIn":null,"Stance":3,"InterruptCurrent":false,"AttackBack":true,"TargetPriority":"","ActiveOrders":[{"ID":122,"Kind":4}],"Health":50,"MaxHealth":50},{"InternalID":59,"UnitID":13,"Type":2,"Kind":1,"Location":{"Space":{"X":-2,"Y":-1},"Zone":{"X":-1,"Y":1}},"CurrentStamina":8,"CurrentOrder":{"Kind":4,"TargetZone":null,"TargetSpace":{"X":-2,"Y":-1},"TargetResource":null,"TargetUnit":null,"TargetBuilding":null},"Builds":[],"GarrisonedIn":null,"Stance":3,"InterruptCurrent":false,"AttackBack":true,"TargetPriority":"","ActiveOrders":[{"ID":127,"Kind":4}],"Health":50,"MaxHealth":50},{"InternalID":60,"UnitID":13,"Type":2,"Kind":1,"Location":{"Space":{"X":-2,"Y":-1},"Zone":{"X":-1,"Y":1}},"CurrentStamina":8,"CurrentOrder":{"Kind":4,"TargetZone":null,"TargetSpace":{"X":-2,"Y":-1},"TargetResource":null,"TargetUnit":null,"TargetBuilding":null},"Builds":[],"GarrisonedIn":null,"Stance":3,"InterruptCurrent":false,"AttackBack":true,"TargetPriority":"","ActiveOrders":[{"ID":130,"Kind":4}],"Health":50,"MaxHealth":50}]}
2026/09/30 21:20:33 ai ai-1: submitting orders [{Subjects:[31] OrderType:2 TargetID:11026 ClearPreviousOrders:true}]
2026/09/30 21:20:33 ai ai-1: vars {}
2026/09/30 21:20:33 player action: submit-orders 0 2 map[orders:[{1 [31] 2 11026 true}]]
2026/09/30 21:20:33 Executing submit orders for: 1 [{1 [31] 2 11026 true}]
2026/09/30 21:20:33 ai ai-0: new turn data {"buildings":[],"enemy_buildings":[],"enemy_units":[{"InternalID":34,"UnitID":11,"Type":2,"Kind":1,"Location":{"Space":{"X":-2,"Y":-1},"Zone":{"X":-1,"Y":1}},"CurrentStamina":15,"CurrentOrder":null,"Builds":[],"GarrisonedIn":null,"Stance":0,"InterruptCurrent":false,"AttackBack":false,"TargetPriority":"","ActiveOrders":null,"Health":11,"MaxHealth":11},{"InternalID":35,"UnitID":11,"Type":2,"Kind":1,"Location":{"Space":{"X":-2,"Y":-1},"Zone":{"X":-1,"Y":1}},"CurrentStamina":15,"CurrentOrder":null,"Builds":[],"GarrisonedIn":null,"Stance":0,"InterruptCurrent":false,"AttackBack":false,"TargetPriority":"","ActiveOrders":null,"Health":11,"MaxHealth":11},{"InternalID":36,"UnitID":11,"Type":2,"Kind":1,"Location":{"Space":{"X":-2,"Y":-1},"Zone":{"X":-1,"Y":1}},"CurrentStamina":15,"CurrentOrder":null,"Builds":[],"GarrisonedIn":null,"Stance":0,"InterruptCurrent":false,"AttackBack":false,"TargetPriority":"","ActiveOrders":null,"Health":11,"MaxHealth":11},{"InternalID":37,"UnitID":11,"Type":2,"Kind":1,"Location":{"Space":{"X":-2,"Y":-1},"Zone":{"X":-1,"Y":1}},"CurrentStamina":15,"CurrentOrder":null,"Builds":[],"GarrisonedIn":null,"Stance":0,"InterruptCurrent":false,"AttackBack":false,"TargetPriority":"","ActiveOrders":null,"Health":11,"MaxHealth":11},{"InternalID":38,"UnitID":11,"Type":2,"Kind":1,"Location":{"Space":{"X":-2,"Y":-1},"Zone":{"X":-1,"Y":1}},"CurrentStamina":15,"CurrentOrder":null,"Builds":[],"GarrisonedIn":null,"Stance":0,"InterruptCurrent":false,"AttackBack":false,"TargetPriority":"","ActiveOrders":null,"Health":11,"MaxHealth":11},{"InternalID":39,"UnitID":11,"Type":2,"Kind":1,"Location":{"Space":{"X":-2,"Y":-1},"Zone":{"X":-1,"Y":1}},"CurrentStamina":15,"CurrentOrder":null,"Builds":[],"GarrisonedIn":null,"Stance":0,"InterruptCurrent":false,"AttackBack":false,"TargetPriority":"","ActiveOrders":null,"Health":11,"MaxHealth":11},{"InternalID":40,"UnitID":11,"Type":2,"Kind":1,"Location":{"Space":{"X":-2,"Y":-1},"Zone":{"X":-1,"Y":1}},"CurrentStamina":15,"CurrentOrder":null,"Builds":[],"GarrisonedIn":null,"Stance":0,"InterruptCurrent":false,"AttackBack":false,"TargetPriority":"","ActiveOrders":null,"Health":11,"MaxHealth":11},{"InternalID":41,"UnitID":11,"Type":2,"Kind":1,"Location":{"Space":{"X":-2,"Y":-1},"Zone":{"X":-1,"Y":1}},"CurrentStamina":15,"CurrentOrder":null,"Builds":[],"GarrisonedIn":null,"Stance":0,"InterruptCurrent":false,"AttackBack":false,"TargetPriority":"","ActiveOrders":null,"Health":11,"MaxHealth":11},{"InternalID":42,"UnitID":11,"Type":2,"Kind":1,"Location":{"Space":{"X":-2,"Y":-1},"Zone":{"X":-1,"Y":1}},"CurrentStamina":15,"CurrentOrder":null,"Builds":[],"GarrisonedIn":null,"Stance":0,"InterruptCurrent":false,"AttackBack":false,"TargetPriority":"","ActiveOrders":null,"Health":11,"MaxHealth":11},{"InternalID":43,"UnitID":11,"Type":2,"Kind":1,"Location":{"Space":{"X":-2,"Y":-1},"Zone":{"X":-1,"Y":1}},"CurrentStamina":15,"CurrentOrder":null,"Builds":[],"GarrisonedIn":null,"Stance":0,"InterruptCurrent":false,"AttackBack":false,"TargetPriority":"","ActiveOrders":null,"Health":11,"MaxHealth":11},{"InternalID":44,"UnitID":11,"Type":2,"Kind":1,"Location":{"Space":{"X":-2,"Y":-1},"Zone":{"X":-1,"Y":1}},"CurrentStamina":15,"CurrentOrder":null,"Builds":[],"GarrisonedIn":null,"Stance":0,"InterruptCurrent":false,"AttackBack":false,"TargetPriority":"","ActiveOrders":null,"Health":11,"MaxHealth":11},{"InternalID":45,"UnitID":11,"Type":2,"Kind":1,"Location":{"Space":{"X":-2,"Y":-1},"Zone":{"X":-1,"Y":1}},"CurrentStamina":15,"CurrentOrder":null,"Builds":[],"GarrisonedIn":null,"Stance":0,"InterruptCurrent":false,"AttackBack":false,"TargetPriority":"","ActiveOrders":null,"Health":11,"MaxHealth":11},{"InternalID":46,"UnitID":11,"Type":2,"Kind":1,"Location":{"Space":{"X":-2,"Y":-1},"Zone":{"X":-1,"Y":1}},"CurrentStamina":15,"CurrentOrder":null,"Builds":[],"GarrisonedIn":null,"Stance":0,"InterruptCurrent":false,"AttackBack":false,"TargetPriority":"","ActiveOrders":null,"Health":11,"MaxHealth":11},{"InternalID":47,"UnitID":12,"Type":2,"Kind":1,"Location":{"Space":{"X":-2,"Y":-1},"Zone":{"X":-1,"Y":1}},"CurrentStamina":12,"CurrentOrder":null,"Builds":[],"GarrisonedIn":null,"Stance":0,"InterruptCurrent":false,"AttackBack":false,"TargetPriority":"","ActiveOrders":null,"Health":16,"MaxHealth":16},{"InternalID":48,"UnitID":12,"Type":2,"Kind":1,"Location":{"Space":{"X":-2,"Y":-1},"Zone":{"X":-1,"Y":1}},"CurrentStamina":12,"CurrentOrder":null,"Builds":[],"GarrisonedIn":null,"Stance":0,"InterruptCurrent":false,"AttackBack":false,"TargetPriority":"","ActiveOrders":null,"Health":16,"MaxHealth":16},{"InternalID":49,"UnitID":12,"Type":2,"Kind":1,"Location":{"Space":{"X":-2,"Y":-1},"Zone":{"X":-1,"Y":1}},"CurrentStamina":12,"CurrentOrder":null,"Builds":[],"GarrisonedIn":null,"Stance":0,"InterruptCurrent":false,"AttackBack":false,"TargetPriority":"","ActiveOrders":null,"Health":16,"MaxHealth":16},{"InternalID":50,"UnitID":12,"Type":2,"Kind":1,"Location":{"Space":{"X":-2,"Y":-1},"Zone":{"X":-1,"Y":1}},"CurrentStamina":12,"CurrentOrder":null,"Builds":[],"GarrisonedIn":null,"Stance":0,"InterruptCurrent":false,"AttackBack":false,"TargetPriority":"","ActiveOrders":null,"Health":16,"MaxHealth":16},{"InternalID":51,"UnitID":12,"Type":2,"Kind":1,"Location":{"Space":{"X":-2,"Y":-1},"Zone":{"X":-1,"Y":1}},"CurrentStamina":12,"CurrentOrder":null,"Builds":[],"GarrisonedIn":null,"Stance":0,"InterruptCurrent":false,"AttackBack":false,"TargetPriority":"","ActiveOrders":null,"Health":16,"MaxHealth":16},{"InternalID":52,"UnitID":12,"Type":2,"Kind":1,"Location":{"Space":{"X":-2,"Y":-1},"Zone":{"X":-1,"Y":1}},"CurrentStamina":12,"CurrentOrder":null,"Builds":[],"GarrisonedIn":null,"Stance":0,"InterruptCurrent":false,"AttackBack":false,"TargetPriority":"","ActiveOrders":null,"Health":16,"MaxHealth":16},{"InternalID":53,"UnitID":12,"Type":2,"Kind":1,"Location":{"Space":{"X":-2,"Y":-1},"Zone":{"X":-1,"Y":1}},"CurrentStamina":12,"CurrentOrder":null,"Builds":[],"GarrisonedIn":null,"Stance":0,"InterruptCurrent":false,"AttackBack":false,"TargetPriority":"","ActiveOrders":null,"Health":16,"MaxHealth":16},{"InternalID":54,"UnitID":12,"Type":2,"Kind":1,"Location":{"Space":{"X":-2,"Y":-1},"Zone":{"X":-1,"Y":1}},"CurrentStamina":12,"CurrentOrder":null,"Builds":[],"GarrisonedIn":null,"Stance":0,"InterruptCurrent":false,"AttackBack":false,"TargetPriority":"","ActiveOrders":null,"Health":16,"MaxHealth":16},{"InternalID":55,"UnitID":13,"Type":2,"Kind":1,"Location":{"Space":{"X":-2,"Y":-1},"Zone":{"X":-1,"Y":1}},"CurrentStamina":8,"CurrentOrder":null,"Builds":[],"GarrisonedIn":null,"Stance":0,"InterruptCurrent":false,"AttackBack":false,"TargetPriority":"","ActiveOrders":null,"Health":50,"MaxHealth":50},{"InternalID":56,"UnitID":13,"Type":2,"Kind":1,"Location":{"Space":{"X":-2,"Y":-1},"Zone":{"X":-1,"Y":1}},"CurrentStamina":8,"CurrentOrder":null,"Builds":[],"GarrisonedIn":null,"Stance":0,"InterruptCurrent":false,"AttackBack":false,"TargetPriority":"","ActiveOrders":null,"Health":50,"MaxHealth":50},{"InternalID":57,"UnitID":13,"Type":2,"Kind":1,"Location":{"Space":{"X":-2,"Y":-1},"Zone":{"X":-1,"Y":1}},"CurrentStamina":8,"CurrentOrder":null,"Builds":[],"GarrisonedIn":null,"Stance":0,"InterruptCurrent":false,"AttackBack":false,"TargetPriority":"","ActiveOrders":null,"Health":50,"MaxHealth":50},{"InternalID":58,"UnitID":13,"Type":2,"Kind":1,"Location":{"Space":{"X":-2,"Y":-1},"Zone":{"X":-1,"Y":1}},"CurrentStamina":8,"CurrentOrder":null,"Builds":[],"GarrisonedIn":null,"Stance":0,"InterruptCurrent":false,"AttackBack":false,"TargetPriority":"","ActiveOrders":null,"Health":50,"MaxHealth":50},{"InternalID":59,"UnitID":13,"Type":2,"Kind":1,"Location":{"Space":{"X":-2,"Y":-1},"Zone":{"X":-1,"Y":1}},"CurrentStamina":8,"CurrentOrder":null,"Builds":[],"GarrisonedIn":null,"Stance":0,"InterruptCurrent":false,"AttackBack":false,"TargetPriority":"","ActiveOrders":null,"Health":50,"MaxHealth":50},{"InternalID":60,"UnitID":13,"Type":2,"Kind":1,"Location":{"Space":{"X":-2,"Y":-1},"Zone":{"X":-1,"Y":1}},"CurrentStamina":8,"CurrentOrder":null,"Builds":[],"GarrisonedIn":null,"Stance":0,"InterruptCurrent":false,"AttackBack":false,"TargetPriority":"","ActiveOrders":null,"Health":50,"MaxHealth":50}],"foundations":[],"population":{"current":23,"limit":0},"resources":{"food":200,"gold":66,"stone":100,"wood":200},"spaces":[{"Space":{"X":0,"Y":-4},"Vision":2,"Owner":-1},{"Space":{"X":1,"Y":-4},"Vision":2,"Owner":-1},{"Space":{"X":2,"Y":-4},"Vision":0,"Owner":-1},{"Space":{"X":3,"Y":-4},"Vision":0,"Owner":-1},{"Space":{"X":4,"Y":-4},"Vision":0,"Owner":-1},{"Space":{"X":-1,"Y":-3},"Vision":2,"Owner":-1},{"Space":{"X":0,"Y":-3},"Vision":3,"Owner":0},{"Space":{"X":1,"Y":-3},"Vision":2,"Owner":-1},{"Space":{"X":2,"Y":-3},"Vision":0,"Owner":-1},{"Space":{"X":3,"Y":-3},"Vision":0,"Owner":-1},{"Space":{"X":4,"Y":-3},"Vision":0,"Owner":-1},{"Space":{"X":-2,"Y":-2},"Vision":2,"Owner":-1},{"Space":{"X":-1,"Y":-2},"Vision":2,"Owner":-1},{"Space":{"X":0,"Y":-2},"Vision":2,"Owner":-1},{"Space":{"X":1,"Y":-2},"Vision":1,"Owner":-1},{"Space":{"X":2,"Y":-2},"Vision":1,"Owner":-1},{"Space":{"X":3,"Y":-2},"Vision":1,"Owner":-1},{"Space":{"X":4,"Y":-2},"Vision":0,"Owner":-1},{"Space":{"X":-3,"Y":-1},"Vision":2,"Owner":-1},{"Space":{"X":-2,"Y":-1},"Vision":3,"Owner":-1},{"Space":{"X":-1,"Y":-1},"Vision":3,"Owner":-1},{"Space":{"X":0,"Y":-1},"Vision":1,"Owner":-1},{"Space":{"X":1,"Y":-1},"Vision":1,"Owner":-1},{"Space":{"X":2,"Y":-1},"Vision":1,"Owner":-1},{"Space":{"X":3,"Y":-1},"Vision":1,"Owner":-1},{"Space":{"X":4,"Y":-1},"Vision":0,"Owner":-1},{"Space":{"X":-4,"Y":0},"Vision":2,"Owner":-1},{"Space":{"X":-3,"Y":0},"Vision":3,"Owner":-1},{"Space":{"X":-2,"Y":0},"Vision":3,"Owner":0},{"Space":{"X":-1,"Y":0},"Vision":2,"Owner":-1},{"Space":{"X":0,"Y":0},"Vision":1,"Owner":-1},{"Space":{"X":1,"Y":0},"Vision":2,"Owner":-1},{"Space":{"X":2,"Y":0},"Vision":2,"Owner":-1},{"Space":{"X":3,"Y":0},"Vision":1,"Owner":-1},{"Space":{"X":4,"Y":0},"Vision":0,"Owner":-1},{"Space":{"X":-4,"Y":1},"Vision":3,"Owner":0},{"Space":{"X":-3,"Y":1},"Vision":3,"Owner":0},{"Space":{"X":-2,"Y":1},"Vision":2,"Owner":-1},{"Space":{"X":-1,"Y":1},"Vision":1,"Owner":-1},{"Space":{"X":0,"Y":1},"Vision":2,"Owner":-1},{"Space":{"X":1,"Y":1},"Vision":3,"Owner":0},{"Space":{"X":2,"Y":1},"Vision":2,"Owner":-1},{"Space":{"X":3,"Y":1},"Vision":1,"Owner":-1},{"Space":{"X":-4,"Y":2},"Vision":2,"Owner":-1},{"Space":{"X":-3,"Y":2},"Vision":2,"Owner":-1},{"Space":{"X":-2,"Y":2},"Vision":1,"Owner":1},{"Space":{"X":-1,"Y":2},"Vision":1,"Owner":-1},{"Space":{"X":0,"Y":2},"Vision":3,"Owner":-1},{"Space":{"X":1,"Y":2},"Vision":2,"Owner":-1},{"Space":{"X":2,"Y":2},"Vision":1,"Owner":-1},{"Space":{"X":-4,"Y":3},"Vision":1,"Owner":-1},{"Space":{"X":-3,"Y":3},"Vision":1,"Owner":-1},{"Space":{"X":-2,"Y":3},"Vision":1,"Owner":-1},{"Space":{"X":-1,"Y":3},"Vision":1,"Owner":-1},{"Space":{"X":0,"Y":3},"Vision":1,"Owner":-1},{"Space":{"X":1,"Y":3},"Vision":1,"Owner":-1},{"Space":{"X":-4,"Y":4},"Vision":1,"Owner":-1},{"Space":{"X":-3,"Y":4},"Vision":1,"Owner":-1},{"Space":{"X":-2,"Y":4},"Vision":1,"Owner":-1},{"Space":{"X":-1,"Y":4},"Vision":1,"Owner":-1},{"Space":{"X":0,"Y":4},"Vision":1,"Owner":-1}],"units":[{"InternalID":2,"UnitID":11,"Type":2,"Kind":1,"Location":{"Space":{"X":-2,"Y":0},"Zone":{"X":1,"Y":-1}},"CurrentStamina":19,"CurrentOrder":{"Kind":0,"TargetZone":{"Space":{"X":-1,"Y":-2},"Zone":{"X":0,"Y":0}},"TargetSpace":null,"TargetResource":null,"TargetUnit":null,"TargetBuilding":null},"Builds":[],"GarrisonedIn":null,"Stance":3,"InterruptCurrent":true,"AttackBack":true,"TargetPriority":"","ActiveOrders":[{"ID":88,"Kind":0}],"Health":11,"MaxHealth":11},{"InternalID":3,"UnitID":11,"Type":2,"Kind":1,"Location":{"Space":{"X":-3,"Y":1},"Zone":{"X":0,"Y":-1}},"CurrentStamina":19,"CurrentOrder":{"Kind":0,"TargetZone":{"Space":{"X":-2,"Y":-2},"Zone":{"X":0,"Y":0}},"TargetSpace":null,"TargetResource":null,"TargetUnit":null,"TargetBuilding":null},"Builds":[],"GarrisonedIn":null,"Stance":3,"InterruptCurrent":true,"AttackBack":true,"TargetPriority":"","ActiveOrders":[{"ID":89,"Kind":0}],"Health":11,"MaxHealth":11},{"InternalID":5,"UnitID":11,"Type":2,"Kind":1,"Location":{"Space":{"X":1,"Y":1},"Zone":{"X":-1,"Y":1}},"CurrentStamina":15,"CurrentOrder":{"Kind":0,"TargetZone":{"Space":{"X":4,"Y":-2},"Zone":{"X":0,"Y":0}},"TargetSpace":null,"TargetResource":null,"TargetUnit":null,"TargetBuilding":null},"Builds":[],"GarrisonedIn":null,"Stance":3,"InterruptCurrent":true,"AttackBack":true,"TargetPriority":"","ActiveOrders":[{"ID":91,"Kind":0}],"Health":11,"MaxHealth":11},{"InternalID":6,"UnitID":11,"Type":2,"Kind":1,"Location":{"Space":{"X":0,"Y":-3},"Zone":{"X":0,"Y":0}},"CurrentStamina":16,"CurrentOrder":null,"Builds":[],"GarrisonedIn":null,"Stance":3,"InterruptCurrent":false,"AttackBack":true,"TargetPriority":"","ActiveOrders":null,"Health":11,"MaxHealth":11},{"InternalID":12,"UnitID":11,"Type":2,"Kind":1,"Location":{"Space":{"X":-2,"Y":-1},"Zone":{"X":-1,"Y":1}},"CurrentStamina":15,"CurrentOrder":{"Kind":4,"TargetZone":null,"TargetSpace":{"X":-2,"Y":-1},"TargetResource":null,"TargetUnit":null,"TargetBuilding":null},"Builds":[],"GarrisonedIn":null,"Stance":3,"InterruptCurrent":true,"AttackBack":true,"TargetPriority":"","ActiveOrders":[{"ID":140,"Kind":4}],"Health":11,"MaxHealth":11},{"InternalID":13,"UnitID":11,"Type":2,"Kind":1,"Location":{"Space":{"X":-2,"Y":-1},"Zone":{"X":-1,"Y":1}},"CurrentStamina":15,"CurrentOrder":{"Kind":4,"TargetZone":null,"TargetSpace":{"X":-2,"Y":-1},"TargetResource":null,"TargetUnit":null,"TargetBuilding":null},"Builds":[],"GarrisonedIn":null,"Stance":3,"InterruptCurrent":true,"AttackBack":true,"TargetPriority":"","ActiveOrders":[{"ID":149,"Kind":4}],"Health":11,"MaxHealth":11},{"InternalID":14,"UnitID":11,"Type":2,"Kind":1,"Location":{"Space":{"X":-2,"Y":-1},"Zone":{"X":-1,"Y":1}},"CurrentStamina":15,"CurrentOrder":{"Kind":4,"TargetZone":null,"TargetSpace":{"X":-2,"Y":-1},"TargetResource":null,"TargetUnit":null,"TargetBuilding":null},"Builds":[],"GarrisonedIn":null,"Stance":3,"InterruptCurrent":true,"AttackBack":true,"TargetPriority":"","ActiveOrders":[{"ID":145,"Kind":4}],"Health":11,"MaxHealth":11},{"InternalID":15,"UnitID":11,"Type":2,"Kind":1,"Location":{"Space":{"X":-2,"Y":-1},"Zone":{"X":-1,"Y":1}},"CurrentStamina":15,"CurrentOrder":{"Kind":4,"TargetZone":null,"TargetSpace":{"X":-2,"Y":-1},"TargetResource":null,"TargetUnit":null,"TargetBuilding":null},"Builds":[],"GarrisonedIn":null,"Stance":3,"InterruptCurrent":true,"AttackBack":true,"TargetPriority":"","ActiveOrders":[{"ID":148,"Kind":4}],"Health":11,"MaxHealth":11},{"InternalID":16,"UnitID":11,"Type":2,"Kind":1,"Location":{"Space":{"X":-2,"Y":-1},"Zone":{"X":-1,"Y":1}},"CurrentStamina":15,"CurrentOrder":{"Kind":4,"TargetZone":null,"TargetSpace":{"X":-2,"Y":-1},"TargetResource":null,"TargetUnit":null,"TargetBuilding":null},"Builds":[],"GarrisonedIn":null,"Stance":3,"InterruptCurrent":true,"AttackBack":true,"TargetPriority":"","ActiveOrders":[{"ID":141,"Kind":4}],"Health":11,"MaxHealth":11},{"InternalID":17,"UnitID":12,"Type":2,"Kind":1,"Location":{"Space":{"X":-4,"Y":1},"Zone":{"X":0,"Y":0}},"CurrentStamina":18,"CurrentOrder":null,"Builds":[],"GarrisonedIn":null,"Stance":3,"InterruptCurrent":true,"AttackBack":true,"TargetPriority":"","ActiveOrders":null,"Health":16,"MaxHealth":16},{"InternalID":18,"UnitID":12,"Type":2,"Kind":1,"Location":{"Space":{"X":-4,"Y":1},"Zone":{"X":0,"Y":0}},"CurrentStamina":18,"CurrentOrder":null,"Builds":[],"GarrisonedIn":null,"Stance":3,"InterruptCurrent":true,"AttackBack":true,"TargetPriority":"","ActiveOrders":null,"Health":16,"MaxHealth":16},{"InternalID":19,"UnitID":12,"Type":2,"Kind":1,"Location":{"Space":{"X":-4,"Y":1},"Zone":{"X":0,"Y":0}},"CurrentStamina":18,"CurrentOrder":null,"Builds":[],"GarrisonedIn":null,"Stance":3,"InterruptCurrent":true,"AttackBack":true,"TargetPriority":"","ActiveOrders":null,"Health":16,"MaxHealth":16},{"InternalID":20,"UnitID":12,"Type":2,"Kind":1,"Location":{"Space":{"X":-4,"Y":1},"Zone":{"X":0,"Y":0}},"CurrentStamina":18,"CurrentOrder":null,"Builds":[],"GarrisonedIn":null,"Stance":3,"InterruptCurrent":true,"AttackBack":true,"TargetPriority":"","ActiveOrders":null,"Health":16,"MaxHealth":16},{"InternalID":21,"UnitID":12,"Type":2,"Kind":1,"Location":{"Space":{"X":-4,"Y":1},"Zone":{"X":0,"Y":0}},"CurrentStamina":18,"CurrentOrder":null,"Builds":[],"GarrisonedIn":null,"Stance":3,"InterruptCurrent":true,"AttackBack":true,"TargetPriority":"","ActiveOrders":null,"Health":16,"MaxHealth":16},{"InternalID":22,"UnitID":12,"Type":2,"Kind":1,"Location":{"Space":{"X":-4,"Y":1},"Zone":{"X":0,"Y":0}},"CurrentStamina":18,"CurrentOrder":null,"Builds":[],"GarrisonedIn":null,"Stance":3,"InterruptCurrent":true,"AttackBack":true,"TargetPriority":"","ActiveOrders":null,"Health":16,"MaxHealth":16},{"InternalID":23,"UnitID":12,"Type":2,"Kind":1,"Location":{"Space":{"X":-4,"Y":1},"Zone":{"X":0,"Y":0}},"CurrentStamina":18,"CurrentOrder":null,"Builds":[],"GarrisonedIn":null,"Stance":3,"InterruptCurrent":true,"AttackBack":true,"TargetPriority":"","ActiveOrders":null,"Health":16,"MaxHealth":16},{"InternalID":24,"UnitID":12,"Type":2,"Kind":1,"Location":{"Space":{"X":-4,"Y":1},"Zone":{"X":0,"Y":0}},"CurrentStamina":18,"CurrentOrder":null,"Builds":[],"GarrisonedIn":null,"Stance":3,"InterruptCurrent":true,"AttackBack":true,"TargetPriority":"","ActiveOrders":null,"Health":16,"MaxHealth":16},{"InternalID":25,"UnitID":13,"Type":2,"Kind":1,"Location":{"Space":{"X":-2,"Y":0},"Zone":{"X":0,"Y":0}},"CurrentStamina":8,"CurrentOrder":{"Kind":0,"TargetZone":{"Space":{"X":-2,"Y":-2},"Zone":{"X":0,"Y":0}},"TargetSpace":null,"TargetResource":null,"TargetUnit":null,"TargetBuilding":null},"Builds":[],"GarrisonedIn":null,"Stance":3,"InterruptCurrent":true,"AttackBack":true,"TargetPriority":"","ActiveOrders":[{"ID":103,"Kind":0}],"Health":50,"MaxHealth":50},{"InternalID":26,"UnitID":13,"Type":2,"Kind":1,"Location":{"Space":{"X":-2,"Y":0},"Zone":{"X":0,"Y":0}},"CurrentStamina":8,"CurrentOrder":{"Kind":0,"TargetZone":{"Space":{"X":-2,"Y":-2},"Zone":{"X":0,"Y":0}},"TargetSpace":null,"TargetResource":null,"TargetUnit":null,"TargetBuilding":null},"Builds":[],"GarrisonedIn":null,"Stance":3,"InterruptCurrent":true,"AttackBack":true,"TargetPriority":"","ActiveOrders":[{"ID":104,"Kind":0}],"Health":50,"MaxHealth":50},{"InternalID":27,"UnitID":13,"Type":2,"Kind":1,"Location":{"Space":{"X":-2,"Y":0},"Zone":{"X":0,"Y":0}},"CurrentStamina":8,"CurrentOrder":{"Kind":0,"TargetZone":{"Space":{"X":-2,"Y":-2},"Zone":{"X":0,"Y":0}},"TargetSpace":null,"TargetResource":null,"TargetUnit":null,"TargetBuilding":null},"Builds":[],"GarrisonedIn":null,"Stance":3,"InterruptCurrent":true,"AttackBack":true,"TargetPriority":"","ActiveOrders":[{"ID":105,"Kind":0}],"Health":50,"MaxHealth":50},{"InternalID":28,"UnitID":13,"Type":2,"Kind":1,"Location":{"Space":{"X":-2,"Y":0},"Zone":{"X":0,"Y":0}},"CurrentStamina":8,"CurrentOrder":{"Kind":0,"TargetZone":{"Space":{"X":-2,"Y":-2},"Zone":{"X":0,"Y":0}},"TargetSpace":null,"TargetResource":null,"TargetUnit":null,"TargetBuilding":null},"Builds":[],"GarrisonedIn":null,"Stance":3,"InterruptCurrent":true,"AttackBack":true,"TargetPriority":"","ActiveOrders":[{"ID":106,"Kind":0}],"Health":50,"MaxHealth":50},{"InternalID":29,"UnitID":13,"Type":2,"Kind":1,"Location":{"Space":{"X":-2,"Y":0},"Zone":{"X":0,"Y":0}},"CurrentStamina":8,"CurrentOrder":{"Kind":0,"TargetZone":{"Space":{"X":-2,"Y":-2},"Zone":{"X":0,"Y":0}},"TargetSpace":null,"TargetResource":null,"TargetUnit":null,"TargetBuilding":null},"Builds":[],"GarrisonedIn":null,"Stance":3,"InterruptCurrent":true,"AttackBack":true,"TargetPriority":"","ActiveOrders":[{"ID":107,"Kind":0}],"Health":50,"MaxHealth":50},{"InternalID":30,"UnitID":13,"Type":2,"Kind":1,"Location":{"Space":{"X":-2,"Y":0},"Zone":{"X":0,"Y":0}},"CurrentStamina":8,"CurrentOrder":{"Kind":0,"TargetZone":{"Space":{"X":-2,"Y":-2},"Zone":{"X":0,"Y":0}},"TargetSpace":null,"TargetResource":null,"TargetUnit":null,"TargetBuilding":null},"Builds":[],"GarrisonedIn":null,"Stance":3,"InterruptCurrent":true,"AttackBack":true,"TargetPriority":"","ActiveOrders":[{"ID":108,"Kind":0}],"Health":50,"MaxHealth":50}]}
2026/09/30 21:20:33 ai ai-0: submitting orders [{Subjects:[6] OrderType:2 TargetID:10731 ClearPreviousOrders:true} {Subjects:[17] OrderType:2 TargetID:10731 ClearPreviousOrders:true} {Subjects:[18] OrderType:2 TargetID:10731 ClearPreviousOrders:true} {Subjects:[19] OrderType:2 TargetID:10731 ClearPreviousOrders:true} {Subjects:[20] OrderType:2 TargetID:10731 ClearPreviousOrders:true} {Subjects:[21] OrderType:2 TargetID:10731 ClearPreviousOrders:true} {Subjects:[22] OrderType:2 TargetID:10731 ClearPreviousOrders:true} {Subjects:[23] OrderType:2 TargetID:10731 ClearPreviousOrders:true} {Subjects:[24] OrderType:2 TargetID:10731 ClearPreviousOrders:true} {Subjects:[2] OrderType:9 TargetID:34 ClearPreviousOrders:true} {Subjects:[3] OrderType:9 TargetID:34 ClearPreviousOrders:true} {Subjects:[5] OrderType:2 TargetID:365 ClearPreviousOrders:true} {Subjects:[6] OrderType:2 TargetID:365 ClearPreviousOrders:true} {Subjects:[12] OrderType:9 TargetID:34 ClearPreviousOrders:true} {Subjects:[13] OrderType:9 TargetID:34 ClearPreviousOrders:true} {Subjects:[14] OrderType:9 TargetID:34 ClearPreviousOrders:true} {Subjects:[15] OrderType:9 TargetID:34 ClearPreviousOrders:true} {Subjects:[16] OrderType:9 TargetID:34 ClearPreviousOrders:true} {Subjects:[17] OrderType:9 TargetID:34 ClearPreviousOrders:true} {Subjects:[18] OrderType:9 TargetID:34 ClearPreviousOrders:true} {Subjects:[19] OrderType:9 TargetID:34 ClearPreviousOrders:true} {Subjects:[20] OrderType:9 TargetID:34 ClearPreviousOrders:true} {Subjects:[21] OrderType:9 TargetID:34 ClearPreviousOrders:true} {Subjects:[22] OrderType:9 TargetID:34 ClearPreviousOrders:true} {Subjects:[23] OrderType:9 TargetID:34 ClearPreviousOrders:true} {Subjects:[24] OrderType:9 TargetID:34 ClearPreviousOrders:true} {Subjects:[25] OrderType:9 TargetID:34 ClearPreviousOrders:true} {Subjects:[26] OrderType:9 TargetID:34 ClearPreviousOrders:true} {Subjects:[27] OrderType:9 TargetID:34 ClearPreviousOrders:true} {Subjects:[28] OrderType:9 TargetID:34 ClearPreviousOrders:true} {Subjects:[29] OrderType:9 TargetID:34 ClearPreviousOrders:true} {Subjects:[30] OrderType:9 TargetID:34 ClearPreviousOrders:true} {Subjects:[12] OrderType:9 TargetID:34 ClearPreviousOrders:true} {Subjects:[12] OrderType:9 TargetID:35 ClearPreviousOrders:false} {Subjects:[12] OrderType:9 TargetID:36 ClearPreviousOrders:false} {Subjects:[12] OrderType:9 TargetID:37 ClearPreviousOrders:false} {Subjects:[12] OrderType:9 TargetID:38 ClearPreviousOrders:false} {Subjects:[12] OrderType:9 TargetID:39 ClearPreviousOrders:false} {Subjects:[13] OrderType:9 TargetID:34 ClearPreviousOrders:true} {Subjects:[13] OrderType:9 TargetID:36 ClearPreviousOrders:false} {Subjects:[13] OrderType:9 TargetID:37 ClearPreviousOrders:false} {Subjects:[13] OrderType:9 TargetID:38 ClearPreviousOrders:false} {Subjects:[13] OrderType:9 TargetID:39 ClearPreviousOrders:false} {Subjects:[13] OrderType:9 TargetID:40 ClearPreviousOrders:false} {Subjects:[14] OrderType:9 TargetID:34 ClearPreviousOrders:true} {Subjects:[14] OrderType:9 TargetID:37 ClearPreviousOrders:false} {Subjects:[14] OrderType:9 TargetID:38 ClearPreviousOrders:false} {Subjects:[14] OrderType:9 TargetID:39 ClearPreviousOrders:false} {Subjects:[14] OrderType:9 TargetID:40 ClearPreviousOrders:false} {Subjects:[14] OrderType:9 TargetID:41 ClearPreviousOrders:false} {Subjects:[15] OrderType:9 TargetID:34 ClearPreviousOrders:true} {Subjects:[15] OrderType:9 TargetID:38 ClearPreviousOrders:false} {Subjects:[15] OrderType:9 TargetID:39 ClearPreviousOrders:false} {Subjects:[15] OrderType:9 TargetID:40 ClearPreviousOrders:false} {Subjects:[15] OrderType:9 TargetID:41 ClearPreviousOrders:false} {Subjects:[15] OrderType:9 TargetID:42 ClearPreviousOrders:false} {Subjects:[16] OrderType:9 TargetID:34 ClearPreviousOrders:true} {Subjects:[16] OrderType:9 TargetID:39 ClearPreviousOrders:false} {Subjects:[16] OrderType:9 TargetID:40 ClearPreviousOrders:false} {Subjects:[16] OrderType:9 TargetID:41 ClearPreviousOrders:false} {Subjects:[16] OrderType:9 TargetID:42 ClearPreviousOrders:false} {Subjects:[16] OrderType:9 TargetID:43 ClearPreviousOrders:false}]
2026/09/30 21:20:33 ai ai-0: vars {"B":9,"Hv":6,"Pi":8,"aPowLocal":0,"aThreat":0,"a_engaged":0,"a_odds":1.3,"a_outnumbered":0,"army_target":50,"army_value":2590,"assault":0,"bank_rate":28,"bar_barracks":0.17072129748186085,"bar_redoubt":1.1111111111111112,"barracks":0,"barracks_B":0,"barracks_P":0,"barracks_save":0,"barracks_spend":78.1,"barracks_want":0,"buffer_food":70,"buffer_gold":0,"buffer_stone":0,"buffer_wood":70,"builders":0,"committed":0,"eB":13,"eGrowth":0,"eH":6,"eMil":27,"eP":8,"ePow":53,"ePowEst":53,"ePowSeen":53,"eTech":1,"eV":0,"es":28,"farm_want":0,"farm_wood_short":0,"farming":0,"fire_barracks":0,"fire_farm0":0,"fire_farm1":0,"fire_farm2":0,"fire_house":0,"fire_outpost":0,"fire_redoubt":0,"fire_smith":0,"fire_vc":0,"food_need":0,"food_over":0,"food_rate":0,"food_slots":1000,"food_workers":0,"free_room":27,"go":0,"gold_income":10,"gold_need":0,"gold_rate":0,"gold_surplus":66,"guaranteed":0,"guard_home":0,"headroom":-23,"hire_B":3553.846153846154,"hire_P":5584.615384615385,"homePow":0,"house_builders":0,"house_urgency":0,"house_want":0,"income_proj":0,"left":0,"lf_food":0,"lf_gold":0,"lf_stone":0,"lf_wood":0,"lump_food":0,"lump_gold":0,"lump_stone":0,"lump_wood":0,"maturity":0,"mil":23,"myTech":1,"n_barracks":0,"n_redoubts":0,"needB":19.882956443523824,"needP":7.117043556476176,"outpost_want":0,"pikes":0,"planned_food":0,"planned_gold":0,"planned_stone":0,"planned_wood":0,"prod_rate":0,"proj_army":2590,"raid_danger":53,"raid_fails":0,"raid_lost":2,"raid_pause":0,"raid_prev":3,"raid_size":3,"raid_wiped":0,"rate":6,"redoubt_H":0,"redoubt_gold_ok":0.9600000000000001,"redoubt_save":0,"redoubt_spend":30,"redoubt_want":0,"redoubts":0,"rf_food":0,"rf_gold":0,"rf_stone":0,"rf_wood":0,"sB4":1.283018536547272,"sP4":0.4592525681133026,"scale_l":0,"scale_r":0,"shareH":0.5041597337770384,"smith_want":0,"smiths":0,"spare":0,"spare_food":0.5,"stone_need":0,"stone_rate":0,"tH":33,"target_spend":400,"tech_food":50,"tech_gold":0,"tech_stone":0,"tech_wood":50,"threat_home":0,"turns_left":-230,"u_barracks":0.17776603654600417,"u_redoubt":0.47054908485856917,"unit_spend":120,"vB":1.0642857142857143,"vH":1.0821428571428573,"vP":0.8232142857142858,"vc_want":0,"vcs":0,"vil_goal":50,"vil_rate":0,"vil_stamina":8,"vil_want":0,"vil_want_last":0,"vil_worth_now":0.6,"vils":0,"w_food":0,"w_gold":0,"w_stone":0,"w_wood":0,"wild_workers":0,"wood_need":0,"wood_rate":0,"workers":0}
2026/09/30 21:20:33 player action: set-unit-behavior 0 1 map[internal_ids:[12 13 14 15 16] interrupt_current:false]
2026/09/30 21:20:33 player action: submit-orders 0 1 map[orders:[{0 [6] 2 10731 true} {0 [17] 2 10731 true} {0 [18] 2 10731 true} {0 [19] 2 10731 true} {0 [20] 2 10731 true} {0 [21] 2 10731 true} {0 [22] 2 10731 true} {0 [23] 2 10731 true} {0 [24] 2 10731 true} {0 [2] 9 34 true} {0 [3] 9 34 true} {0 [5] 2 365 true} {0 [6] 2 365 true} {0 [12] 9 34 true} {0 [13] 9 34 true} {0 [14] 9 34 true} {0 [15] 9 34 true} {0 [16] 9 34 true} {0 [17] 9 34 true} {0 [18] 9 34 true} {0 [19] 9 34 true} {0 [20] 9 34 true} {0 [21] 9 34 true} {0 [22] 9 34 true} {0 [23] 9 34 true} {0 [24] 9 34 true} {0 [25] 9 34 true} {0 [26] 9 34 true} {0 [27] 9 34 true} {0 [28] 9 34 true} {0 [29] 9 34 true} {0 [30] 9 34 true} {0 [12] 9 34 true} {0 [12] 9 35 false} {0 [12] 9 36 false} {0 [12] 9 37 false} {0 [12] 9 38 false} {0 [12] 9 39 false} {0 [13] 9 34 true} {0 [13] 9 36 false} {0 [13] 9 37 false} {0 [13] 9 38 false} {0 [13] 9 39 false} {0 [13] 9 40 false} {0 [14] 9 34 true} {0 [14] 9 37 false} {0 [14] 9 38 false} {0 [14] 9 39 false} {0 [14] 9 40 false} {0 [14] 9 41 false} {0 [15] 9 34 true} {0 [15] 9 38 false} {0 [15] 9 39 false} {0 [15] 9 40 false} {0 [15] 9 41 false} {0 [15] 9 42 false} {0 [16] 9 34 true} {0 [16] 9 39 false} {0 [16] 9 40 false} {0 [16] 9 41 false} {0 [16] 9 42 false} {0 [16] 9 43 false}]]
2026/09/30 21:20:33 Executing submit orders for: 0 [{0 [6] 2 10731 true} {0 [17] 2 10731 true} {0 [18] 2 10731 true} {0 [19] 2 10731 true} {0 [20] 2 10731 true} {0 [21] 2 10731 true} {0 [22] 2 10731 true} {0 [23] 2 10731 true} {0 [24] 2 10731 true} {0 [2] 9 34 true} {0 [3] 9 34 true} {0 [5] 2 365 true} {0 [6] 2 365 true} {0 [12] 9 34 true} {0 [13] 9 34 true} {0 [14] 9 34 true} {0 [15] 9 34 true} {0 [16] 9 34 true} {0 [17] 9 34 true} {0 [18] 9 34 true} {0 [19] 9 34 true} {0 [20] 9 34 true} {0 [21] 9 34 true} {0 [22] 9 34 true} {0 [23] 9 34 true} {0 [24] 9 34 true} {0 [25] 9 34 true} {0 [26] 9 34 true} {0 [27] 9 34 true} {0 [28] 9 34 true} {0 [29] 9 34 true} {0 [30] 9 34 true} {0 [12] 9 34 true} {0 [12] 9 35 false} {0 [12] 9 36 false} {0 [12] 9 37 false} {0 [12] 9 38 false} {0 [12] 9 39 false} {0 [13] 9 34 true} {0 [13] 9 36 false} {0 [13] 9 37 false} {0 [13] 9 38 false} {0 [13] 9 39 false} {0 [13] 9 40 false} {0 [14] 9 34 true} {0 [14] 9 37 false} {0 [14] 9 38 false} {0 [14] 9 39 false} {0 [14] 9 40 false} {0 [14] 9 41 false} {0 [15] 9 34 true} {0 [15] 9 38 false} {0 [15] 9 39 false} {0 [15] 9 40 false} {0 [15] 9 41 false} {0 [15] 9 42 false} {0 [16] 9 34 true} {0 [16] 9 39 false} {0 [16] 9 40 false} {0 [16] 9 41 false} {0 [16] 9 42 false} {0 [16] 9 43 false}]
2026/09/30 21:20:33 Resolving active orders
2026/09/30 21:20:33 Moving unit 29 Heavy Infantry to zone(0, -1) in space (-2, 0) tick=1
2026/09/30 21:20:33 combat turn=6 tick=1: 13 u11 (player 0, stamina 3) hits 34 u11 (player 1) for 1.80
2026/09/30 21:20:33 Moving unit 5 Blunt Infantry to zone(-1, 0) in space (1, 1) tick=1
2026/09/30 21:20:33 Moving unit 18 Piercing Infantry to zone(1, -1) in space (-4, 1) tick=1
2026/09/30 21:20:33 Moving unit 27 Heavy Infantry to zone(0, -1) in space (-2, 0) tick=1
2026/09/30 21:20:33 Moving unit 26 Heavy Infantry to zone(0, -1) in space (-2, 0) tick=1
2026/09/30 21:20:33 combat turn=6 tick=1: 12 u11 (player 0, stamina 3) hits 34 u11 (player 1) for 1.80
2026/09/30 21:20:33 combat turn=6 tick=1: 16 u11 (player 0, stamina 3) hits 34 u11 (player 1) for 1.80
2026/09/30 21:20:33 Moving unit 19 Piercing Infantry to zone(1, -1) in space (-4, 1) tick=1
2026/09/30 21:20:33 Moving unit 21 Piercing Infantry to zone(1, -1) in space (-4, 1) tick=1
2026/09/30 21:20:33 Moving unit 23 Piercing Infantry to zone(1, -1) in space (-4, 1) tick=1
2026/09/30 21:20:33 Moving unit 24 Piercing Infantry to zone(1, -1) in space (-4, 1) tick=1
2026/09/30 21:20:33 Moving unit 30 Heavy Infantry to zone(0, -1) in space (-2, 0) tick=1
2026/09/30 21:20:33 combat turn=6 tick=1: 14 u11 (player 0, stamina 3) hits 34 u11 (player 1) for 1.80
2026/09/30 21:20:33 Moving unit 22 Piercing Infantry to zone(1, -1) in space (-4, 1) tick=1
2026/09/30 21:20:33 Moving unit 2 Blunt Infantry to zone(0, -1) in space (-2, 0) tick=1
2026/09/30 21:20:33 Moving unit 3 Blunt Infantry to zone(0, 1) in space (-3, 0) tick=1
2026/09/30 21:20:33 Moving unit 6 Blunt Infantry to zone(-1, 1) in space (0, -3) tick=1
2026/09/30 21:20:33 Moving unit 17 Piercing Infantry to zone(1, -1) in space (-4, 1) tick=1
2026/09/30 21:20:33 Moving unit 25 Heavy Infantry to zone(0, -1) in space (-2, 0) tick=1
2026/09/30 21:20:33 combat turn=6 tick=1: 15 u11 (player 0, stamina 3) hits 34 u11 (player 1) for 1.80
2026/09/30 21:20:33 Moving unit 20 Piercing Infantry to zone(1, -1) in space (-4, 1) tick=1
2026/09/30 21:20:33 Moving unit 28 Heavy Infantry to zone(0, -1) in space (-2, 0) tick=1
2026/09/30 21:20:33 combat turn=6 tick=1: 39 u11 (player 1, stamina 3) hits 12 u11 (player 0) for 1.80
2026/09/30 21:20:33 combat turn=6 tick=1: 44 u11 (player 1, stamina 3) hits 12 u11 (player 0) for 1.80
2026/09/30 21:20:33 combat turn=6 tick=1: 47 u12 (player 1, stamina 3) hits 12 u11 (player 0) for 2.70
2026/09/30 21:20:33 combat turn=6 tick=1: 49 u12 (player 1, stamina 3) hits 12 u11 (player 0) for 2.70
2026/09/30 21:20:33 combat turn=6 tick=1: 40 u11 (player 1, stamina 3) hits 12 u11 (player 0) for 1.80
2026/09/30 21:20:33 combat turn=6 tick=1: 34 u11 (player 1, stamina 3) hits 12 u11 (player 0) for 1.80
2026/09/30 21:20:33 combat turn=6 tick=1: 46 u11 (player 1, stamina 3) hits 12 u11 (player 0) for 1.80
2026/09/30 21:20:33 combat turn=6 tick=1: 36 u11 (player 1, stamina 3) hits 12 u11 (player 0) for 1.80
2026/09/30 21:20:33 combat turn=6 tick=1: 37 u11 (player 1, stamina 3) hits 12 u11 (player 0) for 1.80
2026/09/30 21:20:33 combat turn=6 tick=1: 45 u11 (player 1, stamina 3) hits 12 u11 (player 0) for 1.80
2026/09/30 21:20:33 combat turn=6 tick=1: 52 u12 (player 1, stamina 3) hits 12 u11 (player 0) for 2.70
2026/09/30 21:20:33 combat turn=6 tick=1: 58 u13 (player 1, stamina 3) hits 12 u11 (player 0) for 5.12
2026/09/30 21:20:33 combat turn=6 tick=1: 42 u11 (player 1, stamina 3) hits 12 u11 (player 0) for 1.80
2026/09/30 21:20:33 combat turn=6 tick=1: 50 u12 (player 1, stamina 3) hits 12 u11 (player 0) for 2.70
2026/09/30 21:20:33 combat turn=6 tick=1: 57 u13 (player 1, stamina 3) hits 12 u11 (player 0) for 5.12
2026/09/30 21:20:33 combat turn=6 tick=1: 59 u13 (player 1, stamina 3) hits 12 u11 (player 0) for 5.12
2026/09/30 21:20:33 Moving unit 31 Blunt Infantry to zone(0, 1) in space (-2, 2) tick=1
2026/09/30 21:20:33 combat turn=6 tick=1: 51 u12 (player 1, stamina 3) hits 12 u11 (player 0) for 2.70
2026/09/30 21:20:33 combat turn=6 tick=1: 54 u12 (player 1, stamina 3) hits 12 u11 (player 0) for 2.70
2026/09/30 21:20:33 combat turn=6 tick=1: 60 u13 (player 1, stamina 3) hits 12 u11 (player 0) for 5.12
2026/09/30 21:20:33 combat turn=6 tick=1: 38 u11 (player 1, stamina 3) hits 12 u11 (player 0) for 1.80
2026/09/30 21:20:33 combat turn=6 tick=1: 41 u11 (player 1, stamina 3) hits 12 u11 (player 0) for 1.80
2026/09/30 21:20:33 combat turn=6 tick=1: 43 u11 (player 1, stamina 3) hits 12 u11 (player 0) for 1.80
2026/09/30 21:20:33 combat turn=6 tick=1: 48 u12 (player 1, stamina 3) hits 12 u11 (player 0) for 2.70
2026/09/30 21:20:33 combat turn=6 tick=1: 53 u12 (player 1, stamina 3) hits 12 u11 (player 0) for 2.70
2026/09/30 21:20:33 combat turn=6 tick=1: 55 u13 (player 1, stamina 3) hits 12 u11 (player 0) for 5.12
2026/09/30 21:20:33 combat turn=6 tick=1: 35 u11 (player 1, stamina 3) hits 12 u11 (player 0) for 1.80
2026/09/30 21:20:33 combat turn=6 tick=1: 56 u13 (player 1, stamina 3) hits 12 u11 (player 0) for 5.12
2026/09/30 21:20:33 state_hash turn=6 tick=1 hash=aab8ba0352842127
2026/09/30 21:20:33 combat turn=6 tick=2: 15 u11 (player 0, stamina 3) hits 34 u11 (player 1) for 1.80
2026/09/30 21:20:33 Moving unit 20 Piercing Infantry to zone(-1, 1) in space (-3, 0) tick=2
2026/09/30 21:20:33 Moving unit 28 Heavy Infantry to zone(0, 1) in space (-2, -1) tick=2
2026/09/30 21:20:33 Moving unit 29 Heavy Infantry to zone(0, 1) in space (-2, -1) tick=2
2026/09/30 21:20:33 combat turn=6 tick=2: 13 u11 (player 0, stamina 3) hits 34 u11 (player 1) for 1.80
2026/09/30 21:20:33 Moving unit 5 Blunt Infantry to zone(1, 0) in space (0, 1) tick=2
2026/09/30 21:20:33 Moving unit 18 Piercing Infantry to zone(-1, 1) in space (-3, 0) tick=2
2026/09/30 21:20:33 Moving unit 27 Heavy Infantry to zone(0, 1) in space (-2, -1) tick=2
2026/09/30 21:20:33 Moving unit 26 Heavy Infantry to zone(0, 1) in space (-2, -1) tick=2
2026/09/30 21:20:33 combat turn=6 tick=2: 16 u11 (player 0, stamina 3) hits 34 u11 (player 1) for 1.80
2026/09/30 21:20:33 Moving unit 19 Piercing Infantry to zone(-1, 1) in space (-3, 0) tick=2
2026/09/30 21:20:33 Moving unit 21 Piercing Infantry to zone(-1, 1) in space (-3, 0) tick=2
2026/09/30 21:20:33 Moving unit 23 Piercing Infantry to zone(-1, 1) in space (-3, 0) tick=2
2026/09/30 21:20:33 Moving unit 24 Piercing Infantry to zone(-1, 1) in space (-3, 0) tick=2
2026/09/30 21:20:33 Moving unit 30 Heavy Infantry to zone(0, 1) in space (-2, -1) tick=2
2026/09/30 21:20:33 combat turn=6 tick=2: 14 u11 (player 0, stamina 3) hits 34 u11 (player 1) for 1.80
2026/09/30 21:20:33 Moving unit 22 Piercing Infantry to zone(-1, 1) in space (-3, 0) tick=2
2026/09/30 21:20:33 Moving unit 2 Blunt Infantry to zone(0, 1) in space (-2, -1) tick=2
2026/09/30 21:20:33 Moving unit 3 Blunt Infantry to zone(0, 0) in space (-3, 0) tick=2
2026/09/30 21:20:33 Moving unit 6 Blunt Infantry to zone(1, -1) in space (-1, -2) tick=2
2026/09/30 21:20:33 Moving unit 17 Piercing Infantry to zone(-1, 1) in space (-3, 0) tick=2
2026/09/30 21:20:33 Moving unit 25 Heavy Infantry to zone(0, 1) in space (-2, -1) tick=2
2026/09/30 21:20:33 combat turn=6 tick=2: 60 u13 (player 1, stamina 3) hits 13 u11 (player 0) for 5.12
2026/09/30 21:20:33 combat turn=6 tick=2: 38 u11 (player 1, stamina 3) hits 13 u11 (player 0) for 1.80
2026/09/30 21:20:33 combat turn=6 tick=2: 41 u11 (player 1, stamina 3) hits 13 u11 (player 0) for 1.80
2026/09/30 21:20:33 combat turn=6 tick=2: 43 u11 (player 1, stamina 3) hits 13 u11 (player 0) for 1.80
2026/09/30 21:20:33 combat turn=6 tick=2: 48 u12 (player 1, stamina 3) hits 13 u11 (player 0) for 2.70
2026/09/30 21:20:33 combat turn=6 tick=2: 53 u12 (player 1, stamina 3) hits 13 u11 (player 0) for 2.70
2026/09/30 21:20:33 combat turn=6 tick=2: 55 u13 (player 1, stamina 3) hits 13 u11 (player 0) for 5.12
2026/09/30 21:20:33 combat turn=6 tick=2: 35 u11 (player 1, stamina 3) hits 13 u11 (player 0) for 1.80
2026/09/30 21:20:33 combat turn=6 tick=2: 56 u13 (player 1, stamina 3) hits 13 u11 (player 0) for 5.12
2026/09/30 21:20:33 combat turn=6 tick=2: 39 u11 (player 1, stamina 3) hits 13 u11 (player 0) for 1.80
2026/09/30 21:20:33 combat turn=6 tick=2: 44 u11 (player 1, stamina 3) hits 13 u11 (player 0) for 1.80
2026/09/30 21:20:33 combat turn=6 tick=2: 47 u12 (player 1, stamina 3) hits 13 u11 (player 0) for 2.70
2026/09/30 21:20:33 combat turn=6 tick=2: 49 u12 (player 1, stamina 3) hits 13 u11 (player 0) for 2.70
2026/09/30 21:20:33 combat turn=6 tick=2: 40 u11 (player 1, stamina 3) hits 13 u11 (player 0) for 1.80
2026/09/30 21:20:33 combat turn=6 tick=2: 34 u11 (player 1, stamina 3) hits 13 u11 (player 0) for 1.80
2026/09/30 21:20:33 combat turn=6 tick=2: 46 u11 (player 1, stamina 3) hits 13 u11 (player 0) for 1.80
2026/09/30 21:20:33 combat turn=6 tick=2: 36 u11 (player 1, stamina 3) hits 13 u11 (player 0) for 1.80
2026/09/30 21:20:33 combat turn=6 tick=2: 37 u11 (player 1, stamina 3) hits 13 u11 (player 0) for 1.80
2026/09/30 21:20:33 combat turn=6 tick=2: 45 u11 (player 1, stamina 3) hits 13 u11 (player 0) for 1.80
2026/09/30 21:20:33 combat turn=6 tick=2: 52 u12 (player 1, stamina 3) hits 13 u11 (player 0) for 2.70
2026/09/30 21:20:33 combat turn=6 tick=2: 58 u13 (player 1, stamina 3) hits 13 u11 (player 0) for 5.12
2026/09/30 21:20:33 combat turn=6 tick=2: 42 u11 (player 1, stamina 3) hits 13 u11 (player 0) for 1.80
2026/09/30 21:20:33 combat turn=6 tick=2: 50 u12 (player 1, stamina 3) hits 13 u11 (player 0) for 2.70
2026/09/30 21:20:33 combat turn=6 tick=2: 57 u13 (player 1, stamina 3) hits 13 u11 (player 0) for 5.12
2026/09/30 21:20:33 combat turn=6 tick=2: 59 u13 (player 1, stamina 3) hits 13 u11 (player 0) for 5.12
2026/09/30 21:20:33 Moving unit 31 Blunt Infantry to zone(0, -1) in space (-2, 3) tick=2
2026/09/30 21:20:33 combat turn=6 tick=2: 51 u12 (player 1, stamina 3) hits 13 u11 (player 0) for 2.70
2026/09/30 21:20:33 combat turn=6 tick=2: 54 u12 (player 1, stamina 3) hits 13 u11 (player 0) for 2.70
2026/09/30 21:20:33 state_hash turn=6 tick=2 hash=21ac42a88fbaa7cc
2026/09/30 21:20:33 Moving unit 25 Heavy Infantry to zone(-1, 1) in space (-2, -1) tick=3
2026/09/30 21:20:33 combat turn=6 tick=3: 15 u11 (player 0, stamina 3) hits 38 u11 (player 1) for 1.80
2026/09/30 21:20:33 Moving unit 28 Heavy Infantry to zone(-1, 1) in space (-2, -1) tick=3
2026/09/30 21:20:33 Moving unit 29 Heavy Infantry to zone(-1, 1) in space (-2, -1) tick=3
2026/09/30 21:20:33 Moving unit 5 Blunt Infantry to zone(0, 0) in space (0, 1) tick=3
2026/09/30 21:20:33 Moving unit 27 Heavy Infantry to zone(-1, 1) in space (-2, -1) tick=3
2026/09/30 21:20:33 Moving unit 26 Heavy Infantry to zone(-1, 1) in space (-2, -1) tick=3
2026/09/30 21:20:33 combat turn=6 tick=3: 16 u11 (player 0, stamina 3) hits 39 u11 (player 1) for 1.80
2026/09/30 21:20:33 Moving unit 30 Heavy Infantry to zone(-1, 1) in space (-2, -1) tick=3
2026/09/30 21:20:33 combat turn=6 tick=3: 14 u11 (player 0, stamina 3) hits 37 u11 (player 1) for 1.80
2026/09/30 21:20:33 Moving unit 2 Blunt Infantry to zone(-1, 1) in space (-2, -1) tick=3
2026/09/30 21:20:33 Moving unit 6 Blunt Infantry to zone(0, 0) in space (-1, -2) tick=3
2026/09/30 21:20:33 combat turn=6 tick=3: 54 u12 (player 1, stamina 3) hits 14 u11 (player 0) for 2.70
2026/09/30 21:20:33 combat turn=6 tick=3: 60 u13 (player 1, stamina 2) hits 14 u11 (player 0) for 3.41
2026/09/30 21:20:33 combat turn=6 tick=3: 38 u11 (player 1, stamina 3) hits 14 u11 (player 0) for 1.80
2026/09/30 21:20:33 combat turn=6 tick=3: 41 u11 (player 1, stamina 3) hits 14 u11 (player 0) for 1.80
2026/09/30 21:20:33 combat turn=6 tick=3: 43 u11 (player 1, stamina 3) hits 14 u11 (player 0) for 1.80
2026/09/30 21:20:33 combat turn=6 tick=3: 48 u12 (player 1, stamina 3) hits 14 u11 (player 0) for 2.70
2026/09/30 21:20:33 combat turn=6 tick=3: 53 u12 (player 1, stamina 3) hits 14 u11 (player 0) for 2.70
2026/09/30 21:20:33 combat turn=6 tick=3: 55 u13 (player 1, stamina 2) hits 14 u11 (player 0) for 3.41
2026/09/30 21:20:33 combat turn=6 tick=3: 35 u11 (player 1, stamina 3) hits 14 u11 (player 0) for 1.80
2026/09/30 21:20:33 combat turn=6 tick=3: 56 u13 (player 1, stamina 2) hits 14 u11 (player 0) for 3.41
2026/09/30 21:20:33 combat turn=6 tick=3: 39 u11 (player 1, stamina 3) hits 14 u11 (player 0) for 1.80
2026/09/30 21:20:33 combat turn=6 tick=3: 44 u11 (player 1, stamina 3) hits 14 u11 (player 0) for 1.80
2026/09/30 21:20:33 combat turn=6 tick=3: 47 u12 (player 1, stamina 3) hits 14 u11 (player 0) for 2.70
2026/09/30 21:20:33 combat turn=6 tick=3: 49 u12 (player 1, stamina 3) hits 14 u11 (player 0) for 2.70
2026/09/30 21:20:33 combat turn=6 tick=3: 40 u11 (player 1, stamina 3) hits 14 u11 (player 0) for 1.80
2026/09/30 21:20:33 combat turn=6 tick=3: 46 u11 (player 1, stamina 3) hits 14 u11 (player 0) for 1.80
2026/09/30 21:20:33 combat turn=6 tick=3: 36 u11 (player 1, stamina 3) hits 14 u11 (player 0) for 1.80
2026/09/30 21:20:33 combat turn=6 tick=3: 37 u11 (player 1, stamina 3) hits 14 u11 (player 0) for 1.80
2026/09/30 21:20:33 combat turn=6 tick=3: 45 u11 (player 1, stamina 3) hits 14 u11 (player 0) for 1.80
2026/09/30 21:20:33 combat turn=6 tick=3: 52 u12 (player 1, stamina 3) hits 14 u11 (player 0) for 2.70
2026/09/30 21:20:33 combat turn=6 tick=3: 58 u13 (player 1, stamina 2) hits 14 u11 (player 0) for 3.41
2026/09/30 21:20:33 combat turn=6 tick=3: 42 u11 (player 1, stamina 3) hits 14 u11 (player 0) for 1.80
2026/09/30 21:20:33 combat turn=6 tick=3: 50 u12 (player 1, stamina 3) hits 14 u11 (player 0) for 2.70
2026/09/30 21:20:33 combat turn=6 tick=3: 57 u13 (player 1, stamina 2) hits 14 u11 (player 0) for 3.41
2026/09/30 21:20:33 combat turn=6 tick=3: 59 u13 (player 1, stamina 2) hits 14 u11 (player 0) for 3.41
2026/09/30 21:20:33 Moving unit 31 Blunt Infantry to zone(0, 0) in space (-2, 3) tick=3
2026/09/30 21:20:33 combat turn=6 tick=3: 51 u12 (player 1, stamina 3) hits 14 u11 (player 0) for 2.70
2026/09/30 21:20:33 state_hash turn=6 tick=3 hash=db727d99ac4a639c
2026/09/30 21:20:33 combat turn=6 tick=4: 15 u11 (player 0, stamina 3) hits 38 u11 (player 1) for 1.80
2026/09/30 21:20:33 Moving unit 5 Blunt Infantry to zone(-1, 0) in space (0, 1) tick=4
2026/09/30 21:20:33 combat turn=6 tick=4: 16 u11 (player 0, stamina 3) hits 39 u11 (player 1) for 1.80
2026/09/30 21:20:33 combat turn=6 tick=4: 2 u11 (player 0, stamina 3) hits 35 u11 (player 1) for 1.80
2026/09/30 21:20:33 Moving unit 6 Blunt Infantry to zone(0, 1) in space (-1, -2) tick=4
2026/09/30 21:20:33 combat turn=6 tick=4: 42 u11 (player 1, stamina 3) hits 2 u11 (player 0) for 1.80
2026/09/30 21:20:33 combat turn=6 tick=4: 50 u12 (player 1, stamina 3) hits 2 u11 (player 0) for 2.70
2026/09/30 21:20:33 Moving unit 31 Blunt Infantry to zone(0, 1) in space (-2, 3) tick=4
2026/09/30 21:20:33 combat turn=6 tick=4: 51 u12 (player 1, stamina 3) hits 2 u11 (player 0) for 2.70
2026/09/30 21:20:33 combat turn=6 tick=4: 54 u12 (player 1, stamina 3) hits 2 u11 (player 0) for 2.70
2026/09/30 21:20:33 combat turn=6 tick=4: 38 u11 (player 1, stamina 3) hits 2 u11 (player 0) for 1.80
2026/09/30 21:20:33 combat turn=6 tick=4: 41 u11 (player 1, stamina 3) hits 2 u11 (player 0) for 1.80
2026/09/30 21:20:33 combat turn=6 tick=4: 43 u11 (player 1, stamina 3) hits 2 u11 (player 0) for 1.80
2026/09/30 21:20:33 combat turn=6 tick=4: 48 u12 (player 1, stamina 3) hits 2 u11 (player 0) for 2.70
2026/09/30 21:20:33 combat turn=6 tick=4: 53 u12 (player 1, stamina 3) hits 2 u11 (player 0) for 2.70
2026/09/30 21:20:33 combat turn=6 tick=4: 35 u11 (player 1, stamina 3) hits 2 u11 (player 0) for 1.80
2026/09/30 21:20:33 combat turn=6 tick=4: 39 u11 (player 1, stamina 3) hits 2 u11 (player 0) for 1.80
2026/09/30 21:20:33 combat turn=6 tick=4: 44 u11 (player 1, stamina 3) hits 2 u11 (player 0) for 1.80
2026/09/30 21:20:33 combat turn=6 tick=4: 47 u12 (player 1, stamina 3) hits 2 u11 (player 0) for 2.70
2026/09/30 21:20:33 combat turn=6 tick=4: 49 u12 (player 1, stamina 3) hits 2 u11 (player 0) for 2.70
2026/09/30 21:20:33 combat turn=6 tick=4: 40 u11 (player 1, stamina 3) hits 2 u11 (player 0) for 1.80
2026/09/30 21:20:33 combat turn=6 tick=4: 46 u11 (player 1, stamina 3) hits 2 u11 (player 0) for 1.80
2026/09/30 21:20:33 combat turn=6 tick=4: 36 u11 (player 1, stamina 3) hits 2 u11 (player 0) for 1.80
2026/09/30 21:20:33 combat turn=6 tick=4: 37 u11 (player 1, stamina 3) hits 2 u11 (player 0) for 1.80
2026/09/30 21:20:33 combat turn=6 tick=4: 45 u11 (player 1, stamina 3) hits 2 u11 (player 0) for 1.80
2026/09/30 21:20:33 combat turn=6 tick=4: 52 u12 (player 1, stamina 3) hits 2 u11 (player 0) for 2.70
2026/09/30 21:20:33 state_hash turn=6 tick=4 hash=087eb12083948de1
2026/09/30 21:20:33 combat turn=6 tick=5: 16 u11 (player 0, stamina 3) hits 39 u11 (player 1) for 1.80
2026/09/30 21:20:33 Moving unit 6 Blunt Infantry to zone(0, -1) in space (-1, -1) tick=5
2026/09/30 21:20:33 combat turn=6 tick=5: 15 u11 (player 0, stamina 3) hits 38 u11 (player 1) for 1.80
2026/09/30 21:20:33 Moving unit 5 Blunt Infantry to zone(1, 0) in space (-1, 1) tick=5
2026/09/30 21:20:33 combat turn=6 tick=5: 46 u11 (player 1, stamina 3) hits 15 u11 (player 0) for 1.80
2026/09/30 21:20:33 combat turn=6 tick=5: 36 u11 (player 1, stamina 3) hits 15 u11 (player 0) for 1.80
2026/09/30 21:20:33 combat turn=6 tick=5: 37 u11 (player 1, stamina 3) hits 15 u11 (player 0) for 1.80
2026/09/30 21:20:33 combat turn=6 tick=5: 45 u11 (player 1, stamina 3) hits 15 u11 (player 0) for 1.80
2026/09/30 21:20:33 combat turn=6 tick=5: 42 u11 (player 1, stamina 3) hits 15 u11 (player 0) for 1.80
2026/09/30 21:20:33 Moving unit 31 Blunt Infantry to zone(0, -1) in space (-2, 4) tick=5
2026/09/30 21:20:33 combat turn=6 tick=5: 38 u11 (player 1, stamina 3) hits 15 u11 (player 0) for 1.80
2026/09/30 21:20:33 combat turn=6 tick=5: 41 u11 (player 1, stamina 3) hits 15 u11 (player 0) for 1.80
2026/09/30 21:20:33 combat turn=6 tick=5: 43 u11 (player 1, stamina 3) hits 15 u11 (player 0) for 1.80
2026/09/30 21:20:33 combat turn=6 tick=5: 35 u11 (player 1, stamina 3) hits 15 u11 (player 0) for 1.80
2026/09/30 21:20:33 combat turn=6 tick=5: 39 u11 (player 1, stamina 3) hits 15 u11 (player 0) for 1.80
2026/09/30 21:20:33 combat turn=6 tick=5: 44 u11 (player 1, stamina 3) hits 15 u11 (player 0) for 1.80
2026/09/30 21:20:33 combat turn=6 tick=5: 40 u11 (player 1, stamina 3) hits 15 u11 (player 0) for 1.80
2026/09/30 21:20:33 state_hash turn=6 tick=5 hash=813768c68e7f9462
2026/09/30 21:20:33 Moving unit 6 Blunt Infantry to zone(0, 0) in space (-1, -1) tick=6
2026/09/30 21:20:33 Moving unit 31 Blunt Infantry to zone(0, 0) in space (-2, 4) tick=6
2026/09/30 21:20:33 state_hash turn=6 tick=6 hash=9311b0745ab10a56
2026/09/30 21:20:33 state_hash turn=6 tick=end hash=cd1533d4ce2236c9
2026/09/30 21:20:33 ai ai-1: new turn data {"buildings":[],"enemy_buildings":[],"enemy_units":[{"InternalID":3,"UnitID":11,"Type":2,"Kind":1,"Location":{"Space":{"X":-3,"Y":0},"Zone":{"X":0,"Y":0}},"CurrentStamina":23,"CurrentOrder":null,"Builds":[],"GarrisonedIn":null,"Stance":0,"InterruptCurrent":false,"AttackBack":false,"TargetPriority":"","ActiveOrders":null,"Health":11,"MaxHealth":11},{"InternalID":16,"UnitID":11,"Type":2,"Kind":1,"Location":{"Space":{"X":-2,"Y":-1},"Zone":{"X":-1,"Y":1}},"CurrentStamina":15,"CurrentOrder":null,"Builds":[],"GarrisonedIn":null,"Stance":0,"InterruptCurrent":false,"AttackBack":false,"TargetPriority":"","ActiveOrders":null,"Health":11,"MaxHealth":11},{"InternalID":17,"UnitID":12,"Type":2,"Kind":1,"Location":{"Space":{"X":-3,"Y":0},"Zone":{"X":-1,"Y":1}},"CurrentStamina":18,"CurrentOrder":null,"Builds":[],"GarrisonedIn":null,"Stance":0,"InterruptCurrent":false,"AttackBack":false,"TargetPriority":"","ActiveOrders":null,"Health":16,"MaxHealth":16},{"InternalID":18,"UnitID":12,"Type":2,"Kind":1,"Location":{"Space":{"X":-3,"Y":0},"Zone":{"X":-1,"Y":1}},"CurrentStamina":18,"CurrentOrder":null,"Builds":[],"GarrisonedIn":null,"Stance":0,"InterruptCurrent":false,"AttackBack":false,"TargetPriority":"","ActiveOrders":null,"Health":16,"MaxHealth":16},{"InternalID":19,"UnitID":12,"Type":2,"Kind":1,"Location":{"Space":{"X":-3,"Y":0},"Zone":{"X":-1,"Y":1}},"CurrentStamina":18,"CurrentOrder":null,"Builds":[],"GarrisonedIn":null,"Stance":0,"InterruptCurrent":false,"AttackBack":false,"TargetPriority":"","ActiveOrders":null,"Health":16,"MaxHealth":16},{"InternalID":20,"UnitID":12,"Type":2,"Kind":1,"Location":{"Space":{"X":-3,"Y":0},"Zone":{"X":-1,"Y":1}},"CurrentStamina":18,"CurrentOrder":null,"Builds":[],"GarrisonedIn":null,"Stance":0,"InterruptCurrent":false,"AttackBack":false,"TargetPriority":"","ActiveOrders":null,"Health":16,"MaxHealth":16},{"InternalID":21,"UnitID":12,"Type":2,"Kind":1,"Location":{"Space":{"X":-3,"Y":0},"Zone":{"X":-1,"Y":1}},"CurrentStamina":18,"CurrentOrder":null,"Builds":[],"GarrisonedIn":null,"Stance":0,"InterruptCurrent":false,"AttackBack":false,"TargetPriority":"","ActiveOrders":null,"Health":16,"MaxHealth":16},{"InternalID":22,"UnitID":12,"Type":2,"Kind":1,"Location":{"Space":{"X":-3,"Y":0},"Zone":{"X":-1,"Y":1}},"CurrentStamina":18,"CurrentOrder":null,"Builds":[],"GarrisonedIn":null,"Stance":0,"InterruptCurrent":false,"AttackBack":false,"TargetPriority":"","ActiveOrders":null,"Health":16,"MaxHealth":16},{"InternalID":23,"UnitID":12,"Type":2,"Kind":1,"Location":{"Space":{"X":-3,"Y":0},"Zone":{"X":-1,"Y":1}},"CurrentStamina":18,"CurrentOrder":null,"Builds":[],"GarrisonedIn":null,"Stance":0,"InterruptCurrent":false,"AttackBack":false,"TargetPriority":"","ActiveOrders":null,"Health":16,"MaxHealth":16},{"InternalID":24,"UnitID":12,"Type":2,"Kind":1,"Location":{"Space":{"X":-3,"Y":0},"Zone":{"X":-1,"Y":1}},"CurrentStamina":18,"CurrentOrder":null,"Builds":[],"GarrisonedIn":null,"Stance":0,"InterruptCurrent":false,"AttackBack":false,"TargetPriority":"","ActiveOrders":null,"Health":16,"MaxHealth":16},{"InternalID":25,"UnitID":13,"Type":2,"Kind":1,"Location":{"Space":{"X":-2,"Y":-1},"Zone":{"X":-1,"Y":1}},"CurrentStamina":8,"CurrentOrder":null,"Builds":[],"GarrisonedIn":null,"Stance":0,"InterruptCurrent":false,"AttackBack":false,"TargetPriority":"","ActiveOrders":null,"Health":50,"MaxHealth":50},{"InternalID":26,"UnitID":13,"Type":2,"Kind":1,"Location":{"Space":{"X":-2,"Y":-1},"Zone":{"X":-1,"Y":1}},"CurrentStamina":8,"CurrentOrder":null,"Builds":[],"GarrisonedIn":null,"Stance":0,"InterruptCurrent":false,"AttackBack":false,"TargetPriority":"","ActiveOrders":null,"Health":50,"MaxHealth":50},{"InternalID":27,"UnitID":13,"Type":2,"Kind":1,"Location":{"Space":{"X":-2,"Y":-1},"Zone":{"X":-1,"Y":1}},"CurrentStamina":8,"CurrentOrder":null,"Builds":[],"GarrisonedIn":null,"Stance":0,"InterruptCurrent":false,"AttackBack":false,"TargetPriority":"","ActiveOrders":null,"Health":50,"MaxHealth":50},{"InternalID":28,"UnitID":13,"Type":2,"Kind":1,"Location":{"Space":{"X":-2,"Y":-1},"Zone":{"X":-1,"Y":1}},"CurrentStamina":8,"CurrentOrder":null,"Builds":[],"GarrisonedIn":null,"Stance":0,"InterruptCurrent":false,"AttackBack":false,"TargetPriority":"","ActiveOrders":null,"Health":50,"MaxHealth":50},{"InternalID":29,"UnitID":13,"Type":2,"Kind":1,"Location":{"Space":{"X":-2,"Y":-1},"Zone":{"X":-1,"Y":1}},"CurrentStamina":8,"CurrentOrder":null,"Builds":[],"GarrisonedIn":null,"Stance":0,"InterruptCurrent":false,"AttackBack":false,"TargetPriority":"","ActiveOrders":null,"Health":50,"MaxHealth":50},{"InternalID":30,"UnitID":13,"Type":2,"Kind":1,"Location":{"Space":{"X":-2,"Y":-1},"Zone":{"X":-1,"Y":1}},"CurrentStamina":8,"CurrentOrder":null,"Builds":[],"GarrisonedIn":null,"Stance":0,"InterruptCurrent":false,"AttackBack":false,"TargetPriority":"","ActiveOrders":null,"Health":50,"MaxHealth":50}],"foundations":[],"population":{"current":27,"limit":0},"resources":{"food":200,"gold":22,"stone":100,"wood":200},"spaces":[{"Space":{"X":0,"Y":-4},"Vision":0,"Owner":-1},{"Space":{"X":1,"Y":-4},"Vision":0,"Owner":-1},{"Space":{"X":2,"Y":-4},"Vision":0,"Owner":-1},{"Space":{"X":3,"Y":-4},"Vision":0,"Owner":-1},{"Space":{"X":4,"Y":-4},"Vision":0,"Owner":-1},{"Space":{"X":-1,"Y":-3},"Vision":0,"Owner":-1},{"Space":{"X":0,"Y":-3},"Vision":0,"Owner":-1},{"Space":{"X":1,"Y":-3},"Vision":0,"Owner":-1},{"Space":{"X":2,"Y":-3},"Vision":0,"Owner":-1},{"Space":{"X":3,"Y":-3},"Vision":0,"Owner":-1},{"Space":{"X":4,"Y":-3},"Vision":0,"Owner":-1},{"Space":{"X":-2,"Y":-2},"Vision":2,"Owner":-1},{"Space":{"X":-1,"Y":-2},"Vision":2,"Owner":-1},{"Space":{"X":0,"Y":-2},"Vision":0,"Owner":-1},{"Space":{"X":1,"Y":-2},"Vision":0,"Owner":-1},{"Space":{"X":2,"Y":-2},"Vision":0,"Owner":-1},{"Space":{"X":3,"Y":-2},"Vision":0,"Owner":-1},{"Space":{"X":4,"Y":-2},"Vision":0,"Owner":-1},{"Space":{"X":-3,"Y":-1},"Vision":2,"Owner":-1},{"Space":{"X":-2,"Y":-1},"Vision":3,"Owner":-1},{"Space":{"X":-1,"Y":-1},"Vision":2,"Owner":0},{"Space":{"X":0,"Y":-1},"Vision":0,"Owner":-1},{"Space":{"X":1,"Y":-1},"Vision":0,"Owner":-1},{"Space":{"X":2,"Y":-1},"Vision":0,"Owner":-1},{"Space":{"X":3,"Y":-1},"Vision":0,"Owner":-1},{"Space":{"X":4,"Y":-1},"Vision":0,"Owner":-1},{"Space":{"X":-4,"Y":0},"Vision":1,"Owner":-1},{"Space":{"X":-3,"Y":0},"Vision":3,"Owner":0},{"Space":{"X":-2,"Y":0},"Vision":2,"Owner":-1},{"Space":{"X":-1,"Y":0},"Vision":0,"Owner":-1},{"Space":{"X":0,"Y":0},"Vision":0,"Owner":-1},{"Space":{"X":1,"Y":0},"Vision":0,"Owner":-1},{"Space":{"X":2,"Y":0},"Vision":0,"Owner":-1},{"Space":{"X":3,"Y":0},"Vision":0,"Owner":-1},{"Space":{"X":4,"Y":0},"Vision":0,"Owner":-1},{"Space":{"X":-4,"Y":1},"Vision":1,"Owner":0},{"Space":{"X":-3,"Y":1},"Vision":1,"Owner":0},{"Space":{"X":-2,"Y":1},"Vision":1,"Owner":-1},{"Space":{"X":-1,"Y":1},"Vision":1,"Owner":0},{"Space":{"X":0,"Y":1},"Vision":0,"Owner":-1},{"Space":{"X":1,"Y":1},"Vision":0,"Owner":-1},{"Space":{"X":2,"Y":1},"Vision":0,"Owner":-1},{"Space":{"X":3,"Y":1},"Vision":0,"Owner":-1},{"Space":{"X":-4,"Y":2},"Vision":1,"Owner":0},{"Space":{"X":-3,"Y":2},"Vision":1,"Owner":-1},{"Space":{"X":-2,"Y":2},"Vision":1,"Owner":-1},{"Space":{"X":-1,"Y":2},"Vision":1,"Owner":-1},{"Space":{"X":0,"Y":2},"Vision":0,"Owner":-1},{"Space":{"X":1,"Y":2},"Vision":0,"Owner":-1},{"Space":{"X":2,"Y":2},"Vision":0,"Owner":-1},{"Space":{"X":-4,"Y":3},"Vision":1,"Owner":-1},{"Space":{"X":-3,"Y":3},"Vision":1,"Owner":-1},{"Space":{"X":-2,"Y":3},"Vision":2,"Owner":-1},{"Space":{"X":-1,"Y":3},"Vision":2,"Owner":-1},{"Space":{"X":0,"Y":3},"Vision":0,"Owner":-1},{"Space":{"X":1,"Y":3},"Vision":0,"Owner":-1},{"Space":{"X":-4,"Y":4},"Vision":1,"Owner":-1},{"Space":{"X":-3,"Y":4},"Vision":2,"Owner":-1},{"Space":{"X":-2,"Y":4},"Vision":3,"Owner":1},{"Space":{"X":-1,"Y":4},"Vision":2,"Owner":-1},{"Space":{"X":0,"Y":4},"Vision":0,"Owner":-1}],"units":[{"InternalID":31,"UnitID":11,"Type":2,"Kind":1,"Location":{"Space":{"X":-2,"Y":4},"Zone":{"X":0,"Y":0}},"CurrentStamina":19,"CurrentOrder":null,"Builds":[],"GarrisonedIn":null,"Stance":3,"InterruptCurrent":false,"AttackBack":true,"TargetPriority":"","ActiveOrders":null,"Health":11,"MaxHealth":11},{"InternalID":35,"UnitID":11,"Type":2,"Kind":1,"Location":{"Space":{"X":-2,"Y":-1},"Zone":{"X":-1,"Y":1}},"CurrentStamina":15,"CurrentOrder":{"Kind":4,"TargetZone":null,"TargetSpace":{"X":-2,"Y":-1},"TargetResource":null,"TargetUnit":null,"TargetBuilding":null},"Builds":[],"GarrisonedIn":null,"Stance":3,"InterruptCurrent":false,"AttackBack":true,"TargetPriority":"","ActiveOrders":[{"ID":137,"Kind":4}],"Health":9.2,"MaxHealth":11},{"InternalID":36,"UnitID":11,"Type":2,"Kind":1,"Location":{"Space":{"X":-2,"Y":-1},"Zone":{"X":-1,"Y":1}},"CurrentStamina":15,"CurrentOrder":{"Kind":4,"TargetZone":null,"TargetSpace":{"X":-2,"Y":-1},"TargetResource":null,"TargetUnit":null,"TargetBuilding":null},"Builds":[],"GarrisonedIn":null,"Stance":3,"InterruptCurrent":false,"AttackBack":true,"TargetPriority":"","ActiveOrders":[{"ID":118,"Kind":4}],"Health":11,"MaxHealth":11},{"InternalID":37,"UnitID":11,"Type":2,"Kind":1,"Location":{"Space":{"X":-2,"Y":-1},"Zone":{"X":-1,"Y":1}},"CurrentStamina":15,"CurrentOrder":{"Kind":4,"TargetZone":null,"TargetSpace":{"X":-2,"Y":-1},"TargetResource":null,"TargetUnit":null,"TargetBuilding":null},"Builds":[],"GarrisonedIn":null,"Stance":3,"InterruptCurrent":false,"AttackBack":true,"TargetPriority":"","ActiveOrders":[{"ID":119,"Kind":4}],"Health":9.2,"MaxHealth":11},{"InternalID":38,"UnitID":11,"Type":2,"Kind":1,"Location":{"Space":{"X":-2,"Y":-1},"Zone":{"X":-1,"Y":1}},"CurrentStamina":15,"CurrentOrder":{"Kind":4,"TargetZone":null,"TargetSpace":{"X":-2,"Y":-1},"TargetResource":null,"TargetUnit":null,"TargetBuilding":null},"Builds":[],"GarrisonedIn":null,"Stance":3,"InterruptCurrent":false,"AttackBack":true,"TargetPriority":"","ActiveOrders":[{"ID":131,"Kind":4}],"Health":5.6,"MaxHealth":11},{"InternalID":39,"UnitID":11,"Type":2,"Kind":1,"Location":{"Space":{"X":-2,"Y":-1},"Zone":{"X":-1,"Y":1}},"CurrentStamina":15,"CurrentOrder":{"Kind":4,"TargetZone":null,"TargetSpace":{"X":-2,"Y":-1},"TargetResource":null,"TargetUnit":null,"TargetBuilding":null},"Builds":[],"GarrisonedIn":null,"Stance":3,"InterruptCurrent":false,"AttackBack":true,"TargetPriority":"","ActiveOrders":[{"ID":110,"Kind":4}],"Health":5.6,"MaxHealth":11},{"InternalID":40,"UnitID":11,"Type":2,"Kind":1,"Location":{"Space":{"X":-2,"Y":-1},"Zone":{"X":-1,"Y":1}},"CurrentStamina":15,"CurrentOrder":{"Kind":4,"TargetZone":null,"TargetSpace":{"X":-2,"Y":-1},"TargetResource":null,"TargetUnit":null,"TargetBuilding":null},"Builds":[],"GarrisonedIn":null,"Stance":3,"InterruptCurrent":false,"AttackBack":true,"TargetPriority":"","ActiveOrders":[{"ID":114,"Kind":4}],"Health":11,"MaxHealth":11},{"InternalID":41,"UnitID":11,"Type":2,"Kind":1,"Location":{"Space":{"X":-2,"Y":-1},"Zone":{"X":-1,"Y":1}},"CurrentStamina":15,"CurrentOrder":{"Kind":4,"TargetZone":null,"TargetSpace":{"X":-2,"Y":-1},"TargetResource":null,"TargetUnit":null,"TargetBuilding":null},"Builds":[],"GarrisonedIn":null,"Stance":3,"InterruptCurrent":false,"AttackBack":true,"TargetPriority":"","ActiveOrders":[{"ID":132,"Kind":4}],"Health":11,"MaxHealth":11},{"InternalID":42,"UnitID":11,"Type":2,"Kind":1,"Location":{"Space":{"X":-2,"Y":-1},"Zone":{"X":-1,"Y":1}},"CurrentStamina":15,"CurrentOrder":{"Kind":4,"TargetZone":null,"TargetSpace":{"X":-2,"Y":-1},"TargetResource":null,"TargetUnit":null,"TargetBuilding":null},"Builds":[],"GarrisonedIn":null,"Stance":3,"InterruptCurrent":false,"AttackBack":true,"TargetPriority":"","ActiveOrders":[{"ID":124,"Kind":4}],"Health":11,"MaxHealth":11},{"InternalID":43,"UnitID":11,"Type":2,"Kind":1,"Location":{"Space":{"X":-2,"Y":-1},"Zone":{"X":-1,"Y":1}},"CurrentStamina":15,"CurrentOrder":{"Kind":4,"TargetZone":null,"TargetSpace":{"X":-2,"Y":-1},"TargetResource":null,"TargetUnit":null,"TargetBuilding":null},"Builds":[],"GarrisonedIn":null,"Stance":3,"InterruptCurrent":false,"AttackBack":true,"TargetPriority":"","ActiveOrders":[{"ID":133,"Kind":4}],"Health":11,"MaxHealth":11},{"InternalID":44,"UnitID":11,"Type":2,"Kind":1,"Location":{"Space":{"X":-2,"Y":-1},"Zone":{"X":-1,"Y":1}},"CurrentStamina":15,"CurrentOrder":{"Kind":4,"TargetZone":null,"TargetSpace":{"X":-2,"Y":-1},"TargetResource":null,"TargetUnit":null,"TargetBuilding":null},"Builds":[],"GarrisonedIn":null,"Stance":3,"InterruptCurrent":false,"AttackBack":true,"TargetPriority":"","ActiveOrders":[{"ID":111,"Kind":4}],"Health":11,"MaxHealth":11},{"InternalID":45,"UnitID":11,"Type":2,"Kind":1,"Location":{"Space":{"X":-2,"Y":-1},"Zone":{"X":-1,"Y":1}},"CurrentStamina":15,"CurrentOrder":{"Kind":4,"TargetZone":null,"TargetSpace":{"X":-2,"Y":-1},"TargetResource":null,"TargetUnit":null,"TargetBuilding":null},"Builds":[],"GarrisonedIn":null,"Stance":3,"InterruptCurrent":false,"AttackBack":true,"TargetPriority":"","ActiveOrders":[{"ID":120,"Kind":4}],"Health":11,"MaxHealth":11},{"InternalID":46,"UnitID":11,"Type":2,"Kind":1,"Location":{"Space":{"X":-2,"Y":-1},"Zone":{"X":-1,"Y":1}},"CurrentStamina":15,"CurrentOrder":{"Kind":4,"TargetZone":null,"TargetSpace":{"X":-2,"Y":-1},"TargetResource":null,"TargetUnit":null,"TargetBuilding":null},"Builds":[],"GarrisonedIn":null,"Stance":3,"InterruptCurrent":false,"AttackBack":true,"TargetPriority":"","ActiveOrders":[{"ID":116,"Kind":4}],"Health":11,"MaxHealth":11},{"InternalID":47,"UnitID":12,"Type":2,"Kind":1,"Location":{"Space":{"X":-2,"Y":-1},"Zone":{"X":-1,"Y":1}},"CurrentStamina":12,"CurrentOrder":{"Kind":4,"TargetZone":null,"TargetSpace":{"X":-2,"Y":-1},"TargetResource":null,"TargetUnit":null,"TargetBuilding":null},"Builds":[],"GarrisonedIn":null,"Stance":3,"InterruptCurrent":false,"AttackBack":true,"TargetPriority":"","ActiveOrders":[{"ID":112,"Kind":4}],"Health":16,"MaxHealth":16},{"InternalID":48,"UnitID":12,"Type":2,"Kind":1,"Location":{"Space":{"X":-2,"Y":-1},"Zone":{"X":-1,"Y":1}},"CurrentStamina":12,"CurrentOrder":{"Kind":4,"TargetZone":null,"TargetSpace":{"X":-2,"Y":-1},"TargetResource":null,"TargetUnit":null,"TargetBuilding":null},"Builds":[],"GarrisonedIn":null,"Stance":3,"InterruptCurrent":false,"AttackBack":true,"TargetPriority":"","ActiveOrders":[{"ID":134,"Kind":4}],"Health":16,"MaxHealth":16},{"InternalID":49,"UnitID":12,"Type":2,"Kind":1,"Location":{"Space":{"X":-2,"Y":-1},"Zone":{"X":-1,"Y":1}},"CurrentStamina":12,"CurrentOrder":{"Kind":4,"TargetZone":null,"TargetSpace":{"X":-2,"Y":-1},"TargetResource":null,"TargetUnit":null,"TargetBuilding":null},"Builds":[],"GarrisonedIn":null,"Stance":3,"InterruptCurrent":false,"AttackBack":true,"TargetPriority":"","ActiveOrders":[{"ID":113,"Kind":4}],"Health":16,"MaxHealth":16},{"InternalID":50,"UnitID":12,"Type":2,"Kind":1,"Location":{"Space":{"X":-2,"Y":-1},"Zone":{"X":-1,"Y":1}},"CurrentStamina":12,"CurrentOrder":{"Kind":4,"TargetZone":null,"TargetSpace":{"X":-2,"Y":-1},"TargetResource":null,"TargetUnit":null,"TargetBuilding":null},"Builds":[],"GarrisonedIn":null,"Stance":3,"InterruptCurrent":false,"AttackBack":true,"TargetPriority":"","ActiveOrders":[{"ID":125,"Kind":4}],"Health":16,"MaxHealth":16},{"InternalID":51,"UnitID":12,"Type":2,"Kind":1,"Location":{"Space":{"X":-2,"Y":-1},"Zone":{"X":-1,"Y":1}},"CurrentStamina":12,"CurrentOrder":{"Kind":4,"TargetZone":null,"TargetSpace":{"X":-2,"Y":-1},"TargetResource":null,"TargetUnit":null,"TargetBuilding":null},"Builds":[],"GarrisonedIn":null,"Stance":3,"InterruptCurrent":false,"AttackBack":true,"TargetPriority":"","ActiveOrders":[{"ID":128,"Kind":4}],"Health":16,"MaxHealth":16},{"InternalID":52,"UnitID":12,"Type":2,"Kind":1,"Location":{"Space":{"X":-2,"Y":-1},"Zone":{"X":-1,"Y":1}},"CurrentStamina":12,"CurrentOrder":{"Kind":4,"TargetZone":null,"TargetSpace":{"X":-2,"Y":-1},"TargetResource":null,"TargetUnit":null,"TargetBuilding":null},"Builds":[],"GarrisonedIn":null,"Stance":3,"InterruptCurrent":false,"AttackBack":true,"TargetPriority":"","ActiveOrders":[{"ID":121,"Kind":4}],"Health":16,"MaxHealth":16},{"InternalID":53,"UnitID":12,"Type":2,"Kind":1,"Location":{"Space":{"X":-2,"Y":-1},"Zone":{"X":-1,"Y":1}},"CurrentStamina":12,"CurrentOrder":{"Kind":4,"TargetZone":null,"TargetSpace":{"X":-2,"Y":-1},"TargetResource":null,"TargetUnit":null,"TargetBuilding":null},"Builds":[],"GarrisonedIn":null,"Stance":3,"InterruptCurrent":false,"AttackBack":true,"TargetPriority":"","ActiveOrders":[{"ID":135,"Kind":4}],"Health":16,"MaxHealth":16},{"InternalID":54,"UnitID":12,"Type":2,"Kind":1,"Location":{"Space":{"X":-2,"Y":-1},"Zone":{"X":-1,"Y":1}},"CurrentStamina":12,"CurrentOrder":{"Kind":4,"TargetZone":null,"TargetSpace":{"X":-2,"Y":-1},"TargetResource":null,"TargetUnit":null,"TargetBuilding":null},"Builds":[],"GarrisonedIn":null,"Stance":3,"InterruptCurrent":false,"AttackBack":true,"TargetPriority":"","ActiveOrders":[{"ID":129,"Kind":4}],"Health":16,"MaxHealth":16},{"InternalID":55,"UnitID":13,"Type":2,"Kind":1,"Location":{"Space":{"X":-2,"Y":-1},"Zone":{"X":-1,"Y":1}},"CurrentStamina":8,"CurrentOrder":{"Kind":4,"TargetZone":null,"TargetSpace":{"X":-2,"Y":-1},"TargetResource":null,"TargetUnit":null,"TargetBuilding":null},"Builds":[],"GarrisonedIn":null,"Stance":3,"InterruptCurrent":false,"AttackBack":true,"TargetPriority":"","ActiveOrders":[{"ID":136,"Kind":4}],"Health":50,"MaxHealth":50},{"InternalID":56,"UnitID":13,"Type":2,"Kind":1,"Location":{"Space":{"X":-2,"Y":-1},"Zone":{"X":-1,"Y":1}},"CurrentStamina":8,"CurrentOrder":{"Kind":4,"TargetZone":null,"TargetSpace":{"X":-2,"Y":-1},"TargetResource":null,"TargetUnit":null,"TargetBuilding":null},"Builds":[],"GarrisonedIn":null,"Stance":3,"InterruptCurrent":false,"AttackBack":true,"TargetPriority":"","ActiveOrders":[{"ID":138,"Kind":4}],"Health":50,"MaxHealth":50},{"InternalID":57,"UnitID":13,"Type":2,"Kind":1,"Location":{"Space":{"X":-2,"Y":-1},"Zone":{"X":-1,"Y":1}},"CurrentStamina":8,"CurrentOrder":{"Kind":4,"TargetZone":null,"TargetSpace":{"X":-2,"Y":-1},"TargetResource":null,"TargetUnit":null,"TargetBuilding":null},"Builds":[],"GarrisonedIn":null,"Stance":3,"InterruptCurrent":false,"AttackBack":true,"TargetPriority":"","ActiveOrders":[{"ID":126,"Kind":4}],"Health":50,"MaxHealth":50},{"InternalID":58,"UnitID":13,"Type":2,"Kind":1,"Location":{"Space":{"X":-2,"Y":-1},"Zone":{"X":-1,"Y":1}},"CurrentStamina":8,"CurrentOrder":{"Kind":4,"TargetZone":null,"TargetSpace":{"X":-2,"Y":-1},"TargetResource":null,"TargetUnit":null,"TargetBuilding":null},"Builds":[],"GarrisonedIn":null,"Stance":3,"InterruptCurrent":false,"AttackBack":true,"TargetPriority":"","ActiveOrders":[{"ID":122,"Kind":4}],"Health":50,"MaxHealth":50},{"InternalID":59,"UnitID":13,"Type":2,"Kind":1,"Location":{"Space":{"X":-2,"Y":-1},"Zone":{"X":-1,"Y":1}},"CurrentStamina":8,"CurrentOrder":{"Kind":4,"TargetZone":null,"TargetSpace":{"X":-2,"Y":-1},"TargetResource":null,"TargetUnit":null,"TargetBuilding":null},"Builds":[],"GarrisonedIn":null,"Stance":3,"InterruptCurrent":false,"AttackBack":true,"TargetPriority":"","ActiveOrders":[{"ID":127,"Kind":4}],"Health":50,"MaxHealth":50},{"InternalID":60,"UnitID":13,"Type":2,"Kind":1,"Location":{"Space":{"X":-2,"Y":-1},"Zone":{"X":-1,"Y":1}},"CurrentStamina":8,"CurrentOrder":{"Kind":4,"TargetZone":null,"TargetSpace":{"X":-2,"Y":-1},"TargetResource":null,"TargetUnit":null,"TargetBuilding":null},"Builds":[],"GarrisonedIn":null,"Stance":3,"InterruptCurrent":false,"AttackBack":true,"TargetPriority":"","ActiveOrders":[{"ID":130,"Kind":4}],"Health":50,"MaxHealth":50}]}
2026/09/30 21:20:33 ai ai-1: submitting orders [{Subjects:[31] OrderType:2 TargetID:406 ClearPreviousOrders:true}]
2026/09/30 21:20:33 ai ai-1: vars {}
2026/09/30 21:20:33 player action: submit-orders 0 2 map[orders:[{1 [31] 2 406 true}]]
2026/09/30 21:20:33 Executing submit orders for: 1 [{1 [31] 2 406 true}]
2026/09/30 21:20:33 ai ai-0: new turn data {"buildings":[],"enemy_buildings":[],"enemy_units":[{"InternalID":35,"UnitID":11,"Type":2,"Kind":1,"Location":{"Space":{"X":-2,"Y":-1},"Zone":{"X":-1,"Y":1}},"CurrentStamina":15,"CurrentOrder":null,"Builds":[],"GarrisonedIn":null,"Stance":0,"InterruptCurrent":false,"AttackBack":false,"TargetPriority":"","ActiveOrders":null,"Health":9.2,"MaxHealth":11},{"InternalID":36,"UnitID":11,"Type":2,"Kind":1,"Location":{"Space":{"X":-2,"Y":-1},"Zone":{"X":-1,"Y":1}},"CurrentStamina":15,"CurrentOrder":null,"Builds":[],"GarrisonedIn":null,"Stance":0,"InterruptCurrent":false,"AttackBack":false,"TargetPriority":"","ActiveOrders":null,"Health":11,"MaxHealth":11},{"InternalID":37,"UnitID":11,"Type":2,"Kind":1,"Location":{"Space":{"X":-2,"Y":-1},"Zone":{"X":-1,"Y":1}},"CurrentStamina":15,"CurrentOrder":null,"Builds":[],"GarrisonedIn":null,"Stance":0,"InterruptCurrent":false,"AttackBack":false,"TargetPriority":"","ActiveOrders":null,"Health":9.2,"MaxHealth":11},{"InternalID":38,"UnitID":11,"Type":2,"Kind":1,"Location":{"Space":{"X":-2,"Y":-1},"Zone":{"X":-1,"Y":1}},"CurrentStamina":15,"CurrentOrder":null,"Builds":[],"GarrisonedIn":null,"Stance":0,"InterruptCurrent":false,"AttackBack":false,"TargetPriority":"","ActiveOrders":null,"Health":5.6,"MaxHealth":11},{"InternalID":39,"UnitID":11,"Type":2,"Kind":1,"Location":{"Space":{"X":-2,"Y":-1},"Zone":{"X":-1,"Y":1}},"CurrentStamina":15,"CurrentOrder":null,"Builds":[],"GarrisonedIn":null,"Stance":0,"InterruptCurrent":false,"AttackBack":false,"TargetPriority":"","ActiveOrders":null,"Health":5.6,"MaxHealth":11},{"InternalID":40,"UnitID":11,"Type":2,"Kind":1,"Location":{"Space":{"X":-2,"Y":-1},"Zone":{"X":-1,"Y":1}},"CurrentStamina":15,"CurrentOrder":null,"Builds":[],"GarrisonedIn":null,"Stance":0,"InterruptCurrent":false,"AttackBack":false,"TargetPriority":"","ActiveOrders":null,"Health":11,"MaxHealth":11},{"InternalID":41,"UnitID":11,"Type":2,"Kind":1,"Location":{"Space":{"X":-2,"Y":-1},"Zone":{"X":-1,"Y":1}},"CurrentStamina":15,"CurrentOrder":null,"Builds":[],"GarrisonedIn":null,"Stance":0,"InterruptCurrent":false,"AttackBack":false,"TargetPriority":"","ActiveOrders":null,"Health":11,"MaxHealth":11},{"InternalID":42,"UnitID":11,"Type":2,"Kind":1,"Location":{"Space":{"X":-2,"Y":-1},"Zone":{"X":-1,"Y":1}},"CurrentStamina":15,"CurrentOrder":null,"Builds":[],"GarrisonedIn":null,"Stance":0,"InterruptCurrent":false,"AttackBack":false,"TargetPriority":"","ActiveOrders":null,"Health":11,"MaxHealth":11},{"InternalID":43,"UnitID":11,"Type":2,"Kind":1,"Location":{"Space":{"X":-2,"Y":-1},"Zone":{"X":-1,"Y":1}},"CurrentStamina":15,"CurrentOrder":null,"Builds":[],"GarrisonedIn":null,"Stance":0,"InterruptCurrent":false,"AttackBack":false,"TargetPriority":"","ActiveOrders":null,"Health":11,"MaxHealth":11},{"InternalID":44,"UnitID":11,"Type":2,"Kind":1,"Location":{"Space":{"X":-2,"Y":-1},"Zone":{"X":-1,"Y":1}},"CurrentStamina":15,"CurrentOrder":null,"Builds":[],"GarrisonedIn":null,"Stance":0,"InterruptCurrent":false,"AttackBack":false,"TargetPriority":"","ActiveOrders":null,"Health":11,"MaxHealth":11},{"InternalID":45,"UnitID":11,"Type":2,"Kind":1,"Location":{"Space":{"X":-2,"Y":-1},"Zone":{"X":-1,"Y":1}},"CurrentStamina":15,"CurrentOrder":null,"Builds":[],"GarrisonedIn":null,"Stance":0,"InterruptCurrent":false,"AttackBack":false,"TargetPriority":"","ActiveOrders":null,"Health":11,"MaxHealth":11},{"InternalID":46,"UnitID":11,"Type":2,"Kind":1,"Location":{"Space":{"X":-2,"Y":-1},"Zone":{"X":-1,"Y":1}},"CurrentStamina":15,"CurrentOrder":null,"Builds":[],"GarrisonedIn":null,"Stance":0,"InterruptCurrent":false,"AttackBack":false,"TargetPriority":"","ActiveOrders":null,"Health":11,"MaxHealth":11},{"InternalID":47,"UnitID":12,"Type":2,"Kind":1,"Location":{"Space":{"X":-2,"Y":-1},"Zone":{"X":-1,"Y":1}},"CurrentStamina":12,"CurrentOrder":null,"Builds":[],"GarrisonedIn":null,"Stance":0,"InterruptCurrent":false,"AttackBack":false,"TargetPriority":"","ActiveOrders":null,"Health":16,"MaxHealth":16},{"InternalID":48,"UnitID":12,"Type":2,"Kind":1,"Location":{"Space":{"X":-2,"Y":-1},"Zone":{"X":-1,"Y":1}},"CurrentStamina":12,"CurrentOrder":null,"Builds":[],"GarrisonedIn":null,"Stance":0,"InterruptCurrent":false,"AttackBack":false,"TargetPriority":"","ActiveOrders":null,"Health":16,"MaxHealth":16},{"InternalID":49,"UnitID":12,"Type":2,"Kind":1,"Location":{"Space":{"X":-2,"Y":-1},"Zone":{"X":-1,"Y":1}},"CurrentStamina":12,"CurrentOrder":null,"Builds":[],"GarrisonedIn":null,"Stance":0,"InterruptCurrent":false,"AttackBack":false,"TargetPriority":"","ActiveOrders":null,"Health":16,"MaxHealth":16},{"InternalID":50,"UnitID":12,"Type":2,"Kind":1,"Location":{"Space":{"X":-2,"Y":-1},"Zone":{"X":-1,"Y":1}},"CurrentStamina":12,"CurrentOrder":null,"Builds":[],"GarrisonedIn":null,"Stance":0,"InterruptCurrent":false,"AttackBack":false,"TargetPriority":"","ActiveOrders":null,"Health":16,"MaxHealth":16},{"InternalID":51,"UnitID":12,"Type":2,"Kind":1,"Location":{"Space":{"X":-2,"Y":-1},"Zone":{"X":-1,"Y":1}},"CurrentStamina":12,"CurrentOrder":null,"Builds":[],"GarrisonedIn":null,"Stance":0,"InterruptCurrent":false,"AttackBack":false,"TargetPriority":"","ActiveOrders":null,"Health":16,"MaxHealth":16},{"InternalID":52,"UnitID":12,"Type":2,"Kind":1,"Location":{"Space":{"X":-2,"Y":-1},"Zone":{"X":-1,"Y":1}},"CurrentStamina":12,"CurrentOrder":null,"Builds":[],"GarrisonedIn":null,"Stance":0,"InterruptCurrent":false,"AttackBack":false,"TargetPriority":"","ActiveOrders":null,"Health":16,"MaxHealth":16},{"InternalID":53,"UnitID":12,"Type":2,"Kind":1,"Location":{"Space":{"X":-2,"Y":-1},"Zone":{"X":-1,"Y":1}},"CurrentStamina":12,"CurrentOrder":null,"Builds":[],"GarrisonedIn":null,"Stance":0,"InterruptCurrent":false,"AttackBack":false,"TargetPriority":"","ActiveOrders":null,"Health":16,"MaxHealth":16},{"InternalID":54,"UnitID":12,"Type":2,"Kind":1,"Location":{"Space":{"X":-2,"Y":-1},"Zone":{"X":-1,"Y":1}},"CurrentStamina":12,"CurrentOrder":null,"Builds":[],"GarrisonedIn":null,"Stance":0,"InterruptCurrent":false,"AttackBack":false,"TargetPriority":"","ActiveOrders":null,"Health":16,"MaxHealth":16},{"InternalID":55,"UnitID":13,"Type":2,"Kind":1,"Location":{"Space":{"X":-2,"Y":-1},"Zone":{"X":-1,"Y":1}},"CurrentStamina":8,"CurrentOrder":null,"Builds":[],"GarrisonedIn":null,"Stance":0,"InterruptCurrent":false,"AttackBack":false,"TargetPriority":"","ActiveOrders":null,"Health":50,"MaxHealth":50},{"InternalID":56,"UnitID":13,"Type":2,"Kind":1,"Location":{"Space":{"X":-2,"Y":-1},"Zone":{"X":-1,"Y":1}},"CurrentStamina":8,"CurrentOrder":null,"Builds":[],"GarrisonedIn":null,"Stance":0,"InterruptCurrent":false,"AttackBack":false,"TargetPriority":"","ActiveOrders":null,"Health":50,"MaxHealth":50},{"InternalID":57,"UnitID":13,"Type":2,"Kind":1,"Location":{"Space":{"X":-2,"Y":-1},"Zone":{"X":-1,"Y":1}},"CurrentStamina":8,"CurrentOrder":null,"Builds":[],"GarrisonedIn":null,"Stance":0,"InterruptCurrent":false,"AttackBack":false,"TargetPriority":"","ActiveOrders":null,"Health":50,"MaxHealth":50},{"InternalID":58,"UnitID":13,"Type":2,"Kind":1,"Location":{"Space":{"X":-2,"Y":-1},"Zone":{"X":-1,"Y":1}},"CurrentStamina":8,"CurrentOrder":null,"Builds":[],"GarrisonedIn":null,"Stance":0,"InterruptCurrent":false,"AttackBack":false,"TargetPriority":"","ActiveOrders":null,"Health":50,"MaxHealth":50},{"InternalID":59,"UnitID":13,"Type":2,"Kind":1,"Location":{"Space":{"X":-2,"Y":-1},"Zone":{"X":-1,"Y":1}},"CurrentStamina":8,"CurrentOrder":null,"Builds":[],"GarrisonedIn":null,"Stance":0,"InterruptCurrent":false,"AttackBack":false,"TargetPriority":"","ActiveOrders":null,"Health":50,"MaxHealth":50},{"InternalID":60,"UnitID":13,"Type":2,"Kind":1,"Location":{"Space":{"X":-2,"Y":-1},"Zone":{"X":-1,"Y":1}},"CurrentStamina":8,"CurrentOrder":null,"Builds":[],"GarrisonedIn":null,"Stance":0,"InterruptCurrent":false,"AttackBack":false,"TargetPriority":"","ActiveOrders":null,"Health":50,"MaxHealth":50}],"foundations":[],"population":{"current":18,"limit":0},"resources":{"food":200,"gold":72,"stone":100,"wood":200},"spaces":[{"Space":{"X":0,"Y":-4},"Vision":1,"Owner":-1},{"Space":{"X":1,"Y":-4},"Vision":1,"Owner":-1},{"Space":{"X":2,"Y":-4},"Vision":0,"Owner":-1},{"Space":{"X":3,"Y":-4},"Vision":0,"Owner":-1},{"Space":{"X":4,"Y":-4},"Vision":0,"Owner":-1},{"Space":{"X":-1,"Y":-3},"Vision":1,"Owner":-1},{"Space":{"X":0,"Y":-3},"Vision":1,"Owner":-1},{"Space":{"X":1,"Y":-3},"Vision":1,"Owner":-1},{"Space":{"X":2,"Y":-3},"Vision":0,"Owner":-1},{"Space":{"X":3,"Y":-3},"Vision":0,"Owner":-1},{"Space":{"X":4,"Y":-3},"Vision":0,"Owner":-1},{"Space":{"X":-2,"Y":-2},"Vision":2,"Owner":-1},{"Space":{"X":-1,"Y":-2},"Vision":2,"Owner":-1},{"Space":{"X":0,"Y":-2},"Vision":2,"Owner":-1},{"Space":{"X":1,"Y":-2},"Vision":1,"Owner":-1},{"Space":{"X":2,"Y":-2},"Vision":1,"Owner":-1},{"Space":{"X":3,"Y":-2},"Vision":1,"Owner":-1},{"Space":{"X":4,"Y":-2},"Vision":0,"Owner":-1},{"Space":{"X":-3,"Y":-1},"Vision":2,"Owner":-1},{"Space":{"X":-2,"Y":-1},"Vision":3,"Owner":-1},{"Space":{"X":-1,"Y":-1},"Vision":3,"Owner":0},{"Space":{"X":0,"Y":-1},"Vision":2,"Owner":-1},{"Space":{"X":1,"Y":-1},"Vision":1,"Owner":-1},{"Space":{"X":2,"Y":-1},"Vision":1,"Owner":-1},{"Space":{"X":3,"Y":-1},"Vision":1,"Owner":-1},{"Space":{"X":4,"Y":-1},"Vision":0,"Owner":-1},{"Space":{"X":-4,"Y":0},"Vision":2,"Owner":-1},{"Space":{"X":-3,"Y":0},"Vision":3,"Owner":0},{"Space":{"X":-2,"Y":0},"Vision":2,"Owner":-1},{"Space":{"X":-1,"Y":0},"Vision":2,"Owner":-1},{"Space":{"X":0,"Y":0},"Vision":2,"Owner":-1},{"Space":{"X":1,"Y":0},"Vision":1,"Owner":-1},{"Space":{"X":2,"Y":0},"Vision":1,"Owner":-1},{"Space":{"X":3,"Y":0},"Vision":1,"Owner":-1},{"Space":{"X":4,"Y":0},"Vision":0,"Owner":-1},{"Space":{"X":-4,"Y":1},"Vision":3,"Owner":-1},{"Space":{"X":-3,"Y":1},"Vision":2,"Owner":-1},{"Space":{"X":-2,"Y":1},"Vision":2,"Owner":-1},{"Space":{"X":-1,"Y":1},"Vision":3,"Owner":0},{"Space":{"X":0,"Y":1},"Vision":3,"Owner":-1},{"Space":{"X":1,"Y":1},"Vision":1,"Owner":-1},{"Space":{"X":2,"Y":1},"Vision":1,"Owner":-1},{"Space":{"X":3,"Y":1},"Vision":1,"Owner":-1},{"Space":{"X":-4,"Y":2},"Vision":1,"Owner":-1},{"Space":{"X":-3,"Y":2},"Vision":1,"Owner":-1},{"Space":{"X":-2,"Y":2},"Vision":2,"Owner":-1},{"Space":{"X":-1,"Y":2},"Vision":2,"Owner":-1},{"Space":{"X":0,"Y":2},"Vision":1,"Owner":-1},{"Space":{"X":1,"Y":2},"Vision":1,"Owner":-1},{"Space":{"X":2,"Y":2},"Vision":1,"Owner":-1},{"Space":{"X":-4,"Y":3},"Vision":1,"Owner":-1},{"Space":{"X":-3,"Y":3},"Vision":1,"Owner":-1},{"Space":{"X":-2,"Y":3},"Vision":1,"Owner":-1},{"Space":{"X":-1,"Y":3},"Vision":1,"Owner":-1},{"Space":{"X":0,"Y":3},"Vision":1,"Owner":-1},{"Space":{"X":1,"Y":3},"Vision":1,"Owner":-1},{"Space":{"X":-4,"Y":4},"Vision":1,"Owner":-1},{"Space":{"X":-3,"Y":4},"Vision":1,"Owner":-1},{"Space":{"X":-2,"Y":4},"Vision":1,"Owner":-1},{"Space":{"X":-1,"Y":4},"Vision":1,"Owner":-1},{"Space":{"X":0,"Y":4},"Vision":1,"Owner":-1}],"units":[{"InternalID":3,"UnitID":11,"Type":2,"Kind":1,"Location":{"Space":{"X":-3,"Y":0},"Zone":{"X":0,"Y":0}},"CurrentStamina":23,"CurrentOrder":null,"Builds":[],"GarrisonedIn":null,"Stance":3,"InterruptCurrent":true,"AttackBack":true,"TargetPriority":"","ActiveOrders":null,"Health":11,"MaxHealth":11},{"InternalID":5,"UnitID":11,"Type":2,"Kind":1,"Location":{"Space":{"X":-1,"Y":1},"Zone":{"X":1,"Y":0}},"CurrentStamina":15,"CurrentOrder":{"Kind":0,"TargetZone":{"Space":{"X":-2,"Y":0},"Zone":{"X":1,"Y":-1}},"TargetSpace":null,"TargetResource":null,"TargetUnit":null,"TargetBuilding":null},"Builds":[],"GarrisonedIn":null,"Stance":3,"InterruptCurrent":true,"AttackBack":true,"TargetPriority":"","ActiveOrders":[{"ID":162,"Kind":0}],"Health":11,"MaxHealth":11},{"InternalID":6,"UnitID":11,"Type":2,"Kind":1,"Location":{"Space":{"X":-1,"Y":-1},"Zone":{"X":0,"Y":0}},"CurrentStamina":15,"CurrentOrder":{"Kind":0,"TargetZone":{"Space":{"X":-2,"Y":0},"Zone":{"X":1,"Y":-1}},"TargetSpace":null,"TargetResource":null,"TargetUnit":null,"TargetBuilding":null},"Builds":[],"GarrisonedIn":null,"Stance":3,"InterruptCurrent":false,"AttackBack":true,"TargetPriority":"","ActiveOrders":[{"ID":163,"Kind":0}],"Health":11,"MaxHealth":11},{"InternalID":16,"UnitID":11,"Type":2,"Kind":1,"Location":{"Space":{"X":-2,"Y":-1},"Zone":{"X":-1,"Y":1}},"CurrentStamina":15,"CurrentOrder":{"Kind":6,"TargetZone":null,"TargetSpace":null,"TargetResource":null,"TargetUnit":{"InternalID":39,"UnitID":11,"Type":2,"Kind":1,"Location":{"Space":{"X":-2,"Y":-1},"Zone":{"X":-1,"Y":1}},"CurrentStamina":15,"CurrentOrder":null,"Builds":[],"GarrisonedIn":null,"Stance":0,"InterruptCurrent":false,"AttackBack":false,"TargetPriority":"","ActiveOrders":null,"Health":5.6,"MaxHealth":11},"TargetBuilding":null},"Builds":[],"GarrisonedIn":null,"Stance":3,"InterruptCurrent":false,"AttackBack":true,"TargetPriority":"","ActiveOrders":[{"ID":208,"Kind":6},{"ID":209,"Kind":6},{"ID":210,"Kind":6},{"ID":211,"Kind":6},{"ID":212,"Kind":6}],"Health":11,"MaxHealth":11},{"InternalID":17,"UnitID":12,"Type":2,"Kind":1,"Location":{"Space":{"X":-3,"Y":0},"Zone":{"X":-1,"Y":1}},"CurrentStamina":18,"CurrentOrder":null,"Builds":[],"GarrisonedIn":null,"Stance":3,"InterruptCurrent":true,"AttackBack":true,"TargetPriority":"","ActiveOrders":null,"Health":16,"MaxHealth":16},{"InternalID":18,"UnitID":12,"Type":2,"Kind":1,"Location":{"Space":{"X":-3,"Y":0},"Zone":{"X":-1,"Y":1}},"CurrentStamina":18,"CurrentOrder":null,"Builds":[],"GarrisonedIn":null,"Stance":3,"InterruptCurrent":true,"AttackBack":true,"TargetPriority":"","ActiveOrders":null,"Health":16,"MaxHealth":16},{"InternalID":19,"UnitID":12,"Type":2,"Kind":1,"Location":{"Space":{"X":-3,"Y":0},"Zone":{"X":-1,"Y":1}},"CurrentStamina":18,"CurrentOrder":null,"Builds":[],"GarrisonedIn":null,"Stance":3,"InterruptCurrent":true,"AttackBack":true,"TargetPriority":"","ActiveOrders":null,"Health":16,"MaxHealth":16},{"InternalID":20,"UnitID":12,"Type":2,"Kind":1,"Location":{"Space":{"X":-3,"Y":0},"Zone":{"X":-1,"Y":1}},"CurrentStamina":18,"CurrentOrder":null,"Builds":[],"GarrisonedIn":null,"Stance":3,"InterruptCurrent":true,"AttackBack":true,"TargetPriority":"","ActiveOrders":null,"Health":16,"MaxHealth":16},{"InternalID":21,"UnitID":12,"Type":2,"Kind":1,"Location":{"Space":{"X":-3,"Y":0},"Zone":{"X":-1,"Y":1}},"CurrentStamina":18,"CurrentOrder":null,"Builds":[],"GarrisonedIn":null,"Stance":3,"InterruptCurrent":true,"AttackBack":true,"TargetPriority":"","ActiveOrders":null,"Health":16,"MaxHealth":16},{"InternalID":22,"UnitID":12,"Type":2,"Kind":1,"Location":{"Space":{"X":-3,"Y":0},"Zone":{"X":-1,"Y":1}},"CurrentStamina":18,"CurrentOrder":null,"Builds":[],"GarrisonedIn":null,"Stance":3,"InterruptCurrent":true,"AttackBack":true,"TargetPriority":"","ActiveOrders":null,"Health":16,"MaxHealth":16},{"InternalID":23,"UnitID":12,"Type":2,"Kind":1,"Location":{"Space":{"X":-3,"Y":0},"Zone":{"X":-1,"Y":1}},"CurrentStamina":18,"CurrentOrder":null,"Builds":[],"GarrisonedIn":null,"Stance":3,"InterruptCurrent":true,"AttackBack":true,"TargetPriority":"","ActiveOrders":null,"Health":16,"MaxHealth":16},{"InternalID":24,"UnitID":12,"Type":2,"Kind":1,"Location":{"Space":{"X":-3,"Y":0},"Zone":{"X":-1,"Y":1}},"CurrentStamina":18,"CurrentOrder":null,"Builds":[],"GarrisonedIn":null,"Stance":3,"InterruptCurrent":true,"AttackBack":true,"TargetPriority":"","ActiveOrders":null,"Health":16,"MaxHealth":16},{"InternalID":25,"UnitID":13,"Type":2,"Kind":1,"Location":{"Space":{"X":-2,"Y":-1},"Zone":{"X":-1,"Y":1}},"CurrentStamina":8,"CurrentOrder":{"Kind":4,"TargetZone":null,"TargetSpace":{"X":-2,"Y":-1},"TargetResource":null,"TargetUnit":null,"TargetBuilding":null},"Builds":[],"GarrisonedIn":null,"Stance":3,"InterruptCurrent":true,"AttackBack":true,"TargetPriority":"","ActiveOrders":[{"ID":213,"Kind":4}],"Health":50,"MaxHealth":50},{"InternalID":26,"UnitID":13,"Type":2,"Kind":1,"Location":{"Space":{"X":-2,"Y":-1},"Zone":{"X":-1,"Y":1}},"CurrentStamina":8,"CurrentOrder":{"Kind":4,"TargetZone":null,"TargetSpace":{"X":-2,"Y":-1},"TargetResource":null,"TargetUnit":null,"TargetBuilding":null},"Builds":[],"GarrisonedIn":null,"Stance":3,"InterruptCurrent":true,"AttackBack":true,"TargetPriority":"","ActiveOrders":[{"ID":217,"Kind":4}],"Health":50,"MaxHealth":50},{"InternalID":27,"UnitID":13,"Type":2,"Kind":1,"Location":{"Space":{"X":-2,"Y":-1},"Zone":{"X":-1,"Y":1}},"CurrentStamina":8,"CurrentOrder":{"Kind":4,"TargetZone":null,"TargetSpace":{"X":-2,"Y":-1},"TargetResource":null,"TargetUnit":null,"TargetBuilding":null},"Builds":[],"GarrisonedIn":null,"Stance":3,"InterruptCurrent":true,"AttackBack":true,"TargetPriority":"","ActiveOrders":[{"ID":216,"Kind":4}],"Health":50,"MaxHealth":50},{"InternalID":28,"UnitID":13,"Type":2,"Kind":1,"Location":{"Space":{"X":-2,"Y":-1},"Zone":{"X":-1,"Y":1}},"CurrentStamina":8,"CurrentOrder":{"Kind":4,"TargetZone":null,"TargetSpace":{"X":-2,"Y":-1},"TargetResource":null,"TargetUnit":null,"TargetBuilding":null},"Builds":[],"GarrisonedIn":null,"Stance":3,"InterruptCurrent":true,"AttackBack":true,"TargetPriority":"","ActiveOrders":[{"ID":214,"Kind":4}],"Health":50,"MaxHealth":50},{"InternalID":29,"UnitID":13,"Type":2,"Kind":1,"Location":{"Space":{"X":-2,"Y":-1},"Zone":{"X":-1,"Y":1}},"CurrentStamina":8,"CurrentOrder":{"Kind":4,"TargetZone":null,"TargetSpace":{"X":-2,"Y":-1},"TargetResource":null,"TargetUnit":null,"TargetBuilding":null},"Builds":[],"GarrisonedIn":null,"Stance":3,"InterruptCurrent":true,"AttackBack":true,"TargetPriority":"","ActiveOrders":[{"ID":215,"Kind":4}],"Health":50,"MaxHealth":50},{"InternalID":30,"UnitID":13,"Type":2,"Kind":1,"Location":{"Space":{"X":-2,"Y":-1},"Zone":{"X":-1,"Y":1}},"CurrentStamina":8,"CurrentOrder":{"Kind":4,"TargetZone":null,"TargetSpace":{"X":-2,"Y":-1},"TargetResource":null,"TargetUnit":null,"TargetBuilding":null},"Builds":[],"GarrisonedIn":null,"Stance":3,"InterruptCurrent":true,"AttackBack":true,"TargetPriority":"","ActiveOrders":[{"ID":218,"Kind":4}],"Health":50,"MaxHealth":50}]}
2026/09/30 21:20:33 ai ai-0: submitting orders [{Subjects:[3] OrderType:2 TargetID:10731 ClearPreviousOrders:true} {Subjects:[17] OrderType:2 TargetID:10731 ClearPreviousOrders:true} {Subjects:[18] OrderType:2 TargetID:10731 ClearPreviousOrders:true} {Subjects:[19] OrderType:2 TargetID:10731 ClearPreviousOrders:true} {Subjects:[20] OrderType:2 TargetID:10731 ClearPreviousOrders:true} {Subjects:[21] OrderType:2 TargetID:10731 ClearPreviousOrders:true} {Subjects:[22] OrderType:2 TargetID:10731 ClearPreviousOrders:true} {Subjects:[23] OrderType:2 TargetID:10731 ClearPreviousOrders:true} {Subjects:[24] OrderType:2 TargetID:10731 ClearPreviousOrders:true} {Subjects:[3] OrderType:9 TargetID:35 ClearPreviousOrders:true} {Subjects:[5] OrderType:2 TargetID:465 ClearPreviousOrders:true} {Subjects:[6] OrderType:9 TargetID:35 ClearPreviousOrders:true} {Subjects:[16] OrderType:9 TargetID:35 ClearPreviousOrders:true} {Subjects:[17] OrderType:9 TargetID:35 ClearPreviousOrders:true} {Subjects:[18] OrderType:9 TargetID:35 ClearPreviousOrders:true} {Subjects:[19] OrderType:9 TargetID:35 ClearPreviousOrders:true} {Subjects:[20] OrderType:9 TargetID:35 ClearPreviousOrders:true} {Subjects:[21] OrderType:9 TargetID:35 ClearPreviousOrders:true} {Subjects:[22] OrderType:9 TargetID:35 ClearPreviousOrders:true} {Subjects:[23] OrderType:9 TargetID:35 ClearPreviousOrders:true} {Subjects:[24] OrderType:9 TargetID:35 ClearPreviousOrders:true} {Subjects:[25] OrderType:9 TargetID:35 ClearPreviousOrders:true} {Subjects:[26] OrderType:9 TargetID:35 ClearPreviousOrders:true} {Subjects:[27] OrderType:9 TargetID:35 ClearPreviousOrders:true} {Subjects:[28] OrderType:9 TargetID:35 ClearPreviousOrders:true} {Subjects:[29] OrderType:9 TargetID:35 ClearPreviousOrders:true} {Subjects:[30] OrderType:9 TargetID:35 ClearPreviousOrders:true} {Subjects:[16] OrderType:9 TargetID:35 ClearPreviousOrders:true} {Subjects:[16] OrderType:9 TargetID:36 ClearPreviousOrders:false} {Subjects:[16] OrderType:9 TargetID:37 ClearPreviousOrders:false} {Subjects:[16] OrderType:9 TargetID:38 ClearPreviousOrders:false} {Subjects:[16] OrderType:9 TargetID:39 ClearPreviousOrders:false} {Subjects:[16] OrderType:9 TargetID:40 ClearPreviousOrders:false} {Subjects:[25] OrderType:9 TargetID:35 ClearPreviousOrders:true} {Subjects:[25] OrderType:9 TargetID:37 ClearPreviousOrders:false} {Subjects:[25] OrderType:9 TargetID:38 ClearPreviousOrders:false} {Subjects:[25] OrderType:9 TargetID:39 ClearPreviousOrders:false} {Subjects:[25] OrderType:9 TargetID:40 ClearPreviousOrders:false} {Subjects:[25] OrderType:9 TargetID:41 ClearPreviousOrders:false} {Subjects:[26] OrderType:9 TargetID:35 ClearPreviousOrders:true} {Subjects:[26] OrderType:9 TargetID:38 ClearPreviousOrders:false} {Subjects:[26] OrderType:9 TargetID:39 ClearPreviousOrders:false} {Subjects:[26] OrderType:9 TargetID:40 ClearPreviousOrders:false} {Subjects:[26] OrderType:9 TargetID:41 ClearPreviousOrders:false} {Subjects:[26] OrderType:9 TargetID:42 ClearPreviousOrders:false} {Subjects:[27] OrderType:9 TargetID:35 ClearPreviousOrders:true} {Subjects:[27] OrderType:9 TargetID:39 ClearPreviousOrders:false} {Subjects:[27] OrderType:9 TargetID:40 ClearPreviousOrders:false} {Subjects:[27] OrderType:9 TargetID:41 ClearPreviousOrders:false} {Subjects:[27] OrderType:9 TargetID:42 ClearPreviousOrders:false} {Subjects:[27] OrderType:9 TargetID:43 ClearPreviousOrders:false} {Subjects:[28] OrderType:9 TargetID:35 ClearPreviousOrders:true} {Subjects:[28] OrderType:9 TargetID:40 ClearPreviousOrders:false} {Subjects:[28] OrderType:9 TargetID:41 ClearPreviousOrders:false} {Subjects:[28] OrderType:9 TargetID:42 ClearPreviousOrders:false} {Subjects:[28] OrderType:9 TargetID:43 ClearPreviousOrders:false} {Subjects:[28] OrderType:9 TargetID:44 ClearPreviousOrders:false} {Subjects:[29] OrderType:9 TargetID:35 ClearPreviousOrders:true} {Subjects:[29] OrderType:9 TargetID:41 ClearPreviousOrders:false} {Subjects:[29] OrderType:9 TargetID:42 ClearPreviousOrders:false} {Subjects:[29] OrderType:9 TargetID:43 ClearPreviousOrders:false} {Subjects:[29] OrderType:9 TargetID:44 ClearPreviousOrders:false} {Subjects:[29] OrderType:9 TargetID:45 ClearPreviousOrders:false} {Subjects:[30] OrderType:9 TargetID:35 ClearPreviousOrders:true} {Subjects:[30] OrderType:9 TargetID:42 ClearPreviousOrders:false} {Subjects:[30] OrderType:9 TargetID:43 ClearPreviousOrders:false} {Subjects:[30] OrderType:9 TargetID:44 ClearPreviousOrders:false} {Subjects:[30] OrderType:9 TargetID:45 ClearPreviousOrders:false} {Subjects:[30] OrderType:9 TargetID:46 ClearPreviousOrders:false}]
2026/09/30 21:20:33 ai ai-0: vars {"B":4,"Hv":6,"Pi":8,"aPowLocal":0,"aThreat":0,"a_engaged":0,"a_odds":1.3,"a_outnumbered":0,"army_target":50,"army_value":2240,"assault":0,"bank_rate":28,"bar_barracks":0.17072129748186085,"bar_redoubt":1.1111111111111112,"barracks":0,"barracks_B":0,"barracks_P":0,"barracks_save":0,"barracks_spend":78.1,"barracks_want":0,"buffer_food":70,"buffer_gold":0,"buffer_stone":0,"buffer_wood":70,"builders":0,"committed":0,"eB":12.7,"eGrowth":0,"eH":6,"eMil":26.7,"eP":8,"ePow":52.7,"ePowEst":52,"ePowSeen":52,"eTech":1,"eV":0,"es":27.7,"farm_want":0,"farm_wood_short":0,"farming":0,"fire_barracks":0,"fire_farm0":0,"fire_farm1":0,"fire_farm2":0,"fire_house":0,"fire_outpost":0,"fire_redoubt":0,"fire_smith":0,"fire_vc":0,"food_need":0,"food_over":0,"food_rate":0,"food_slots":1000,"food_workers":0,"free_room":32,"go":0,"gold_income":6,"gold_need":0,"gold_rate":0,"gold_surplus":72,"guaranteed":0,"guard_home":0,"headroom":-18,"hire_B":3876.9230769230767,"hire_P":6092.3076923076915,"homePow":0,"house_builders":0,"house_urgency":0,"house_want":0,"income_proj":0,"left":0,"lf_food":0,"lf_gold":0,"lf_stone":0,"lf_wood":0,"lump_food":0,"lump_gold":0,"lump_stone":0,"lump_wood":0,"maturity":0,"mil":18,"myTech":1,"n_barracks":0,"n_redoubts":0,"needB":23.557310932103736,"needP":8.44268906789626,"outpost_want":0,"pikes":0,"planned_food":0,"planned_gold":0,"planned_stone":0,"planned_wood":0,"prod_rate":0,"proj_army":2240,"raid_danger":52,"raid_fails":0,"raid_lost":1,"raid_pause":0,"raid_prev":2,"raid_size":3,"raid_wiped":0,"rate":6,"redoubt_H":0,"redoubt_gold_ok":0.7200000000000001,"redoubt_save":0,"redoubt_spend":30,"redoubt_want":0,"redoubts":0,"rf_food":0,"rf_gold":0,"rf_stone":0,"rf_wood":0,"sB4":1.2863791362628858,"sP4":0.46102456694647137,"scale_l":0,"scale_r":0,"shareH":0.5034505975425012,"smith_want":0,"smiths":0,"spare":0,"spare_food":0.5,"stone_need":0,"stone_rate":0,"tH":38,"target_spend":400,"tech_food":50,"tech_gold":0,"tech_stone":0,"tech_wood":50,"threat_home":0,"turns_left":-180,"u_barracks":0.1780202723279125,"u_redoubt":0.4698872243730011,"unit_spend":120,"vB":1.0649819494584838,"vH":1.0797833935018049,"vP":0.8240072202166064,"vc_want":0,"vcs":0,"vil_goal":50,"vil_rate":0,"vil_stamina":8,"vil_want":0,"vil_want_last":0,"vil_worth_now":0.6,"vils":0,"w_food":0,"w_gold":0,"w_stone":0,"w_wood":0,"wild_workers":0,"wood_need":0,"wood_rate":0,"workers":0}
2026/09/30 21:20:33 player action: set-unit-behavior 0 1 map[internal_ids:[16] interrupt_current:true]
2026/09/30 21:20:33 player action: set-unit-behavior 0 1 map[internal_ids:[25 26 27 28 29 30] interrupt_current:false]
2026/09/30 21:20:33 player action: submit-orders 0 1 map[orders:[{0 [3] 2 10731 true} {0 [17] 2 10731 true} {0 [18] 2 10731 true} {0 [19] 2 10731 true} {0 [20] 2 10731 true} {0 [21] 2 10731 true} {0 [22] 2 10731 true} {0 [23] 2 10731 true} {0 [24] 2 10731 true} {0 [3] 9 35 true} {0 [5] 2 465 true} {0 [6] 9 35 true} {0 [16] 9 35 true} {0 [17] 9 35 true} {0 [18] 9 35 true} {0 [19] 9 35 true} {0 [20] 9 35 true} {0 [21] 9 35 true} {0 [22] 9 35 true} {0 [23] 9 35 true} {0 [24] 9 35 true} {0 [25] 9 35 true} {0 [26] 9 35 true} {0 [27] 9 35 true} {0 [28] 9 35 true} {0 [29] 9 35 true} {0 [30] 9 35 true} {0 [16] 9 35 true} {0 [16] 9 36 false} {0 [16] 9 37 false} {0 [16] 9 38 false} {0 [16] 9 39 false} {0 [16] 9 40 false} {0 [25] 9 35 true} {0 [25] 9 37 false} {0 [25] 9 38 false} {0 [25] 9 39 false} {0 [25] 9 40 false} {0 [25] 9 41 false} {0 [26] 9 35 true} {0 [26] 9 38 false} {0 [26] 9 39 false} {0 [26] 9 40 false} {0 [26] 9 41 false} {0 [26] 9 42 false} {0 [27] 9 35 true} {0 [27] 9 39 false} {0 [27] 9 40 false} {0 [27] 9 41 false} {0 [27] 9 42 false} {0 [27] 9 43 false} {0 [28] 9 35 true} {0 [28] 9 40 false} {0 [28] 9 41 false} {0 [28] 9 42 false} {0 [28] 9 43 false} {0 [28] 9 44 false} {0 [29] 9 35 true} {0 [29] 9 41 false} {0 [29] 9 42 false} {0 [29] 9 43 false} {0 [29] 9 44 false} {0 [29] 9 45 false} {0 [30] 9 35 true} {0 [30] 9 42 false} {0 [30] 9 43 false} {0 [30] 9 44 false} {0 [30] 9 45 false} {0 [30] 9 46 false}]]
2026/09/30 21:20:33 Executing submit orders for: 0 [{0 [3] 2 10731 true} {0 [17] 2 10731 true} {0 [18] 2 10731 true} {0 [19] 2 10731 true} {0 [20] 2 10731 true} {0 [21] 2 10731 true} {0 [22] 2 10731 true} {0 [23] 2 10731 true} {0 [24] 2 10731 true} {0 [3] 9 35 true} {0 [5] 2 465 true} {0 [6] 9 35 true} {0 [16] 9 35 true} {0 [17] 9 35 true} {0 [18] 9 35 true} {0 [19] 9 35 true} {0 [20] 9 35 true} {0 [21] 9 35 true} {0 [22] 9 35 true} {0 [23] 9 35 true} {0 [24] 9 35 true} {0 [25] 9 35 true} {0 [26] 9 35 true} {0 [27] 9 35 true} {0 [28] 9 35 true} {0 [29] 9 35 true} {0 [30] 9 35 true} {0 [16] 9 35 true} {0 [16] 9 36 false} {0 [16] 9 37 false} {0 [16] 9 38 false} {0 [16] 9 39 false} {0 [16] 9 40 false} {0 [25] 9 35 true} {0 [25] 9 37 false} {0 [25] 9 38 false} {0 [25] 9 39 false} {0 [25] 9 40 false} {0 [25] 9 41 false} {0 [26] 9 35 true} {0 [26] 9 38 false} {0 [26] 9 39 false} {0 [26] 9 40 false} {0 [26] 9 41 false} {0 [26] 9 42 false} {0 [27] 9 35 true} {0 [27] 9 39 false} {0 [27] 9 40 false} {0 [27] 9 41 false} {0 [27] 9 42 false} {0 [27] 9 43 false} {0 [28] 9 35 true} {0 [28] 9 40 false} {0 [28] 9 41 false} {0 [28] 9 42 false} {0 [28] 9 43 false} {0 [28] 9 44 false} {0 [29] 9 35 true} {0 [29] 9 41 false} {0 [29] 9 42 false} {0 [29] 9 43 false} {0 [29] 9 44 false} {0 [29] 9 45 false} {0 [30] 9 35 true} {0 [30] 9 42 false} {0 [30] 9 43 false} {0 [30] 9 44 false} {0 [30] 9 45 false} {0 [30] 9 46 false}]
2026/09/30 21:20:33 Resolving active orders
2026/09/30 21:20:33 combat turn=7 tick=1: 29 u13 (player 0, stamina 3) hits 35 u11 (player 1) for 5.12
2026/09/30 21:20:33 Moving unit 5 Blunt Infantry to zone(0, 0) in space (-1, 1) tick=1
2026/09/30 21:20:33 Moving unit 18 Piercing Infantry to zone(0, 0) in space (-3, 0) tick=1
2026/09/30 21:20:33 combat turn=7 tick=1: 27 u13 (player 0, stamina 3) hits 35 u11 (player 1) for 5.12
2026/09/30 21:20:33 combat turn=7 tick=1: 26 u13 (player 0, stamina 3) hits 35 u11 (player 1) for 5.12
2026/09/30 21:20:33 combat turn=7 tick=1: 16 u11 (player 0, stamina 3) hits 35 u11 (player 1) for 1.80
2026/09/30 21:20:33 Moving unit 19 Piercing Infantry to zone(0, 0) in space (-3, 0) tick=1
2026/09/30 21:20:33 Moving unit 21 Piercing Infantry to zone(0, 0) in space (-3, 0) tick=1
2026/09/30 21:20:33 Moving unit 23 Piercing Infantry to zone(0, 0) in space (-3, 0) tick=1
2026/09/30 21:20:33 Moving unit 24 Piercing Infantry to zone(0, 0) in space (-3, 0) tick=1
2026/09/30 21:20:33 combat turn=7 tick=1: 30 u13 (player 0, stamina 3) hits 35 u11 (player 1) for 5.12
2026/09/30 21:20:33 Moving unit 22 Piercing Infantry to zone(0, 0) in space (-3, 0) tick=1
2026/09/30 21:20:33 Moving unit 3 Blunt Infantry to zone(1, -1) in space (-3, 0) tick=1
2026/09/30 21:20:33 Moving unit 6 Blunt Infantry to zone(-1, 0) in space (-1, -1) tick=1
2026/09/30 21:20:33 Moving unit 17 Piercing Infantry to zone(0, 0) in space (-3, 0) tick=1
2026/09/30 21:20:33 combat turn=7 tick=1: 25 u13 (player 0, stamina 3) hits 35 u11 (player 1) for 5.12
2026/09/30 21:20:33 Moving unit 20 Piercing Infantry to zone(0, 0) in space (-3, 0) tick=1
2026/09/30 21:20:33 combat turn=7 tick=1: 28 u13 (player 0, stamina 3) hits 35 u11 (player 1) for 5.12
2026/09/30 21:20:33 combat turn=7 tick=1: 36 u11 (player 1, stamina 3) hits 16 u11 (player 0) for 1.80
2026/09/30 21:20:33 combat turn=7 tick=1: 37 u11 (player 1, stamina 3) hits 16 u11 (player 0) for 1.80
2026/09/30 21:20:33 combat turn=7 tick=1: 45 u11 (player 1, stamina 3) hits 16 u11 (player 0) for 1.80
2026/09/30 21:20:33 combat turn=7 tick=1: 52 u12 (player 1, stamina 3) hits 16 u11 (player 0) for 2.70
2026/09/30 21:20:33 combat turn=7 tick=1: 58 u13 (player 1, stamina 3) hits 16 u11 (player 0) for 5.12
2026/09/30 21:20:33 combat turn=7 tick=1: 42 u11 (player 1, stamina 3) hits 16 u11 (player 0) for 1.80
2026/09/30 21:20:33 combat turn=7 tick=1: 50 u12 (player 1, stamina 3) hits 16 u11 (player 0) for 2.70
2026/09/30 21:20:33 combat turn=7 tick=1: 57 u13 (player 1, stamina 3) hits 16 u11 (player 0) for 5.12
2026/09/30 21:20:33 combat turn=7 tick=1: 59 u13 (player 1, stamina 3) hits 16 u11 (player 0) for 5.12
2026/09/30 21:20:33 Moving unit 31 Blunt Infantry to zone(1, -1) in space (-2, 4) tick=1
2026/09/30 21:20:33 combat turn=7 tick=1: 51 u12 (player 1, stamina 3) hits 16 u11 (player 0) for 2.70
2026/09/30 21:20:33 combat turn=7 tick=1: 54 u12 (player 1, stamina 3) hits 16 u11 (player 0) for 2.70
2026/09/30 21:20:33 combat turn=7 tick=1: 60 u13 (player 1, stamina 3) hits 16 u11 (player 0) for 5.12
2026/09/30 21:20:33 combat turn=7 tick=1: 38 u11 (player 1, stamina 3) hits 16 u11 (player 0) for 1.80
2026/09/30 21:20:33 combat turn=7 tick=1: 41 u11 (player 1, stamina 3) hits 16 u11 (player 0) for 1.80
2026/09/30 21:20:33 combat turn=7 tick=1: 43 u11 (player 1, stamina 3) hits 16 u11 (player 0) for 1.80
2026/09/30 21:20:33 combat turn=7 tick=1: 48 u12 (player 1, stamina 3) hits 16 u11 (player 0) for 2.70
2026/09/30 21:20:33 combat turn=7 tick=1: 53 u12 (player 1, stamina 3) hits 16 u11 (player 0) for 2.70
2026/09/30 21:20:33 combat turn=7 tick=1: 55 u13 (player 1, stamina 3) hits 16 u11 (player 0) for 5.12
2026/09/30 21:20:33 combat turn=7 tick=1: 35 u11 (player 1, stamina 3) hits 16 u11 (player 0) for 1.80
2026/09/30 21:20:33 combat turn=7 tick=1: 56 u13 (player 1, stamina 3) hits 16 u11 (player 0) for 5.12
2026/09/30 21:20:33 combat turn=7 tick=1: 39 u11 (player 1, stamina 3) hits 16 u11 (player 0) for 1.80
2026/09/30 21:20:33 combat turn=7 tick=1: 44 u11 (player 1, stamina 3) hits 16 u11 (player 0) for 1.80
2026/09/30 21:20:33 combat turn=7 tick=1: 47 u12 (player 1, stamina 3) hits 16 u11 (player 0) for 2.70
2026/09/30 21:20:33 combat turn=7 tick=1: 49 u12 (player 1, stamina 3) hits 16 u11 (player 0) for 2.70
2026/09/30 21:20:33 combat turn=7 tick=1: 40 u11 (player 1, stamina 3) hits 16 u11 (player 0) for 1.80
2026/09/30 21:20:33 combat turn=7 tick=1: 46 u11 (player 1, stamina 3) hits 16 u11 (player 0) for 1.80
2026/09/30 21:20:33 state_hash turn=7 tick=1 hash=56068db930faf0a6
2026/09/30 21:20:33 Moving unit 5 Blunt Infantry to zone(-1, 0) in space (-1, 1) tick=2
2026/09/30 21:20:33 combat turn=7 tick=2: 27 u13 (player 0, stamina 3) hits 39 u11 (player 1) for 5.12
2026/09/30 21:20:33 combat turn=7 tick=2: 26 u13 (player 0, stamina 3) hits 38 u11 (player 1) for 5.12
2026/09/30 21:20:33 combat turn=7 tick=2: 30 u13 (player 0, stamina 3) hits 42 u11 (player 1) for 5.12
2026/09/30 21:20:33 combat turn=7 tick=2: 25 u13 (player 0, stamina 3) hits 37 u11 (player 1) for 5.12
2026/09/30 21:20:33 combat turn=7 tick=2: 28 u13 (player 0, stamina 3) hits 40 u11 (player 1) for 5.12
2026/09/30 21:20:33 combat turn=7 tick=2: 29 u13 (player 0, stamina 3) hits 41 u11 (player 1) for 5.12
2026/09/30 21:20:33 combat turn=7 tick=2: 39 u11 (player 1, stamina 3) hits 25 u13 (player 0) for 0.71
2026/09/30 21:20:33 combat turn=7 tick=2: 44 u11 (player 1, stamina 3) hits 25 u13 (player 0) for 0.71
2026/09/30 21:20:33 combat turn=7 tick=2: 47 u12 (player 1, stamina 3) hits 25 u13 (player 0) for 2.10
2026/09/30 21:20:33 combat turn=7 tick=2: 49 u12 (player 1, stamina 3) hits 25 u13 (player 0) for 2.10
2026/09/30 21:20:33 combat turn=7 tick=2: 40 u11 (player 1, stamina 3) hits 25 u13 (player 0) for 0.71
2026/09/30 21:20:33 combat turn=7 tick=2: 46 u11 (player 1, stamina 3) hits 25 u13 (player 0) for 0.71
2026/09/30 21:20:33 combat turn=7 tick=2: 36 u11 (player 1, stamina 3) hits 25 u13 (player 0) for 0.71
2026/09/30 21:20:33 combat turn=7 tick=2: 37 u11 (player 1, stamina 3) hits 25 u13 (player 0) for 0.71
2026/09/30 21:20:33 combat turn=7 tick=2: 45 u11 (player 1, stamina 3) hits 25 u13 (player 0) for 0.71
2026/09/30 21:20:33 combat turn=7 tick=2: 52 u12 (player 1, stamina 3) hits 25 u13 (player 0) for 2.10
2026/09/30 21:20:33 combat turn=7 tick=2: 58 u13 (player 1, stamina 3) hits 25 u13 (player 0) for 3.41
2026/09/30 21:20:33 combat turn=7 tick=2: 42 u11 (player 1, stamina 3) hits 25 u13 (player 0) for 0.71
2026/09/30 21:20:33 combat turn=7 tick=2: 50 u12 (player 1, stamina 3) hits 25 u13 (player 0) for 2.10
2026/09/30 21:20:33 combat turn=7 tick=2: 57 u13 (player 1, stamina 3) hits 25 u13 (player 0) for 3.41
2026/09/30 21:20:33 combat turn=7 tick=2: 59 u13 (player 1, stamina 3) hits 25 u13 (player 0) for 3.41
2026/09/30 21:20:33 Moving unit 31 Blunt Infantry to zone(-1, 1) in space (-1, 3) tick=2
2026/09/30 21:20:33 combat turn=7 tick=2: 51 u12 (player 1, stamina 3) hits 25 u13 (player 0) for 2.10
2026/09/30 21:20:33 combat turn=7 tick=2: 54 u12 (player 1, stamina 3) hits 25 u13 (player 0) for 2.10
2026/09/30 21:20:33 combat turn=7 tick=2: 60 u13 (player 1, stamina 3) hits 25 u13 (player 0) for 3.41
2026/09/30 21:20:33 combat turn=7 tick=2: 38 u11 (player 1, stamina 3) hits 25 u13 (player 0) for 0.71
2026/09/30 21:20:33 combat turn=7 tick=2: 41 u11 (player 1, stamina 3) hits 25 u13 (player 0) for 0.71
2026/09/30 21:20:33 combat turn=7 tick=2: 43 u11 (player 1, stamina 3) hits 25 u13 (player 0) for 0.71
2026/09/30 21:20:33 combat turn=7 tick=2: 48 u12 (player 1, stamina 3) hits 25 u13 (player 0) for 2.10
2026/09/30 21:20:33 combat turn=7 tick=2: 53 u12 (player 1, stamina 3) hits 25 u13 (player 0) for 2.10
2026/09/30 21:20:33 combat turn=7 tick=2: 55 u13 (player 1, stamina 3) hits 25 u13 (player 0) for 3.41
2026/09/30 21:20:33 combat turn=7 tick=2: 56 u13 (player 1, stamina 3) hits 25 u13 (player 0) for 3.41
2026/09/30 21:20:33 state_hash turn=7 tick=2 hash=71a1ea248ea69aaa
2026/09/30 21:20:33 combat turn=7 tick=3: 30 u13 (player 0, stamina 2) hits 42 u11 (player 1) for 3.41
2026/09/30 21:20:33 combat turn=7 tick=3: 25 u13 (player 0, stamina 2) hits 37 u11 (player 1) for 3.41
2026/09/30 21:20:33 combat turn=7 tick=3: 28 u13 (player 0, stamina 2) hits 40 u11 (player 1) for 3.41
2026/09/30 21:20:33 combat turn=7 tick=3: 29 u13 (player 0, stamina 2) hits 41 u11 (player 1) for 3.41
2026/09/30 21:20:33 Moving unit 5 Blunt Infantry to zone(1, 0) in space (-2, 1) tick=3
2026/09/30 21:20:33 combat turn=7 tick=3: 27 u13 (player 0, stamina 2) hits 39 u11 (player 1) for 3.41
2026/09/30 21:20:33 combat turn=7 tick=3: 26 u13 (player 0, stamina 2) hits 38 u11 (player 1) for 3.41
2026/09/30 21:20:33 combat turn=7 tick=3: 39 u11 (player 1, stamina 3) hits 25 u13 (player 0) for 0.71
2026/09/30 21:20:33 combat turn=7 tick=3: 44 u11 (player 1, stamina 3) hits 25 u13 (player 0) for 0.71
2026/09/30 21:20:33 combat turn=7 tick=3: 47 u12 (player 1, stamina 3) hits 25 u13 (player 0) for 2.10
2026/09/30 21:20:33 combat turn=7 tick=3: 49 u12 (player 1, stamina 3) hits 25 u13 (player 0) for 2.10
2026/09/30 21:20:33 combat turn=7 tick=3: 40 u11 (player 1, stamina 3) hits 25 u13 (player 0) for 0.71
2026/09/30 21:20:33 combat turn=7 tick=3: 46 u11 (player 1, stamina 3) hits 25 u13 (player 0) for 0.71
2026/09/30 21:20:33 combat turn=7 tick=3: 36 u11 (player 1, stamina 3) hits 25 u13 (player 0) for 0.71
2026/09/30 21:20:33 combat turn=7 tick=3: 37 u11 (player 1, stamina 3) hits 25 u13 (player 0) for 0.71
2026/09/30 21:20:33 combat turn=7 tick=3: 45 u11 (player 1, stamina 3) hits 25 u13 (player 0) for 0.71
2026/09/30 21:20:33 combat turn=7 tick=3: 52 u12 (player 1, stamina 3) hits 25 u13 (player 0) for 2.10
2026/09/30 21:20:33 combat turn=7 tick=3: 58 u13 (player 1, stamina 2) hits 25 u13 (player 0) for 2.27
2026/09/30 21:20:33 combat turn=7 tick=3: 42 u11 (player 1, stamina 3) hits 25 u13 (player 0) for 0.71
2026/09/30 21:20:33 combat turn=7 tick=3: 50 u12 (player 1, stamina 3) hits 25 u13 (player 0) for 2.10
2026/09/30 21:20:33 combat turn=7 tick=3: 57 u13 (player 1, stamina 2) hits 25 u13 (player 0) for 2.27
2026/09/30 21:20:33 combat turn=7 tick=3: 59 u13 (player 1, stamina 2) hits 25 u13 (player 0) for 2.27
2026/09/30 21:20:33 Moving unit 31 Blunt Infantry to zone(0, 0) in space (-1, 3) tick=3
2026/09/30 21:20:33 combat turn=7 tick=3: 51 u12 (player 1, stamina 3) hits 25 u13 (player 0) for 2.10
2026/09/30 21:20:33 combat turn=7 tick=3: 54 u12 (player 1, stamina 3) hits 25 u13 (player 0) for 2.10
2026/09/30 21:20:33 combat turn=7 tick=3: 60 u13 (player 1, stamina 2) hits 25 u13 (player 0) for 2.27
2026/09/30 21:20:33 combat turn=7 tick=3: 38 u11 (player 1, stamina 3) hits 25 u13 (player 0) for 0.71
2026/09/30 21:20:33 combat turn=7 tick=3: 41 u11 (player 1, stamina 3) hits 25 u13 (player 0) for 0.71
2026/09/30 21:20:33 combat turn=7 tick=3: 43 u11 (player 1, stamina 3) hits 25 u13 (player 0) for 0.71
2026/09/30 21:20:33 combat turn=7 tick=3: 48 u12 (player 1, stamina 3) hits 25 u13 (player 0) for 2.10
2026/09/30 21:20:33 combat turn=7 tick=3: 53 u12 (player 1, stamina 3) hits 25 u13 (player 0) for 2.10
2026/09/30 21:20:33 combat turn=7 tick=3: 55 u13 (player 1, stamina 2) hits 25 u13 (player 0) for 2.27
2026/09/30 21:20:33 combat turn=7 tick=3: 56 u13 (player 1, stamina 2) hits 25 u13 (player 0) for 2.27
2026/09/30 21:20:33 state_hash turn=7 tick=3 hash=2b2d3c6f3d1bdad2
2026/09/30 21:20:33 Moving unit 5 Blunt Infantry to zone(0, 0) in space (-2, 1) tick=4
2026/09/30 21:20:33 combat turn=7 tick=4: 41 u11 (player 1, stamina 3) hits 26 u13 (player 0) for 0.71
2026/09/30 21:20:33 combat turn=7 tick=4: 43 u11 (player 1, stamina 3) hits 26 u13 (player 0) for 0.71
2026/09/30 21:20:33 combat turn=7 tick=4: 48 u12 (player 1, stamina 3) hits 26 u13 (player 0) for 2.10
2026/09/30 21:20:33 combat turn=7 tick=4: 53 u12 (player 1, stamina 3) hits 26 u13 (player 0) for 2.10
2026/09/30 21:20:33 combat turn=7 tick=4: 44 u11 (player 1, stamina 3) hits 26 u13 (player 0) for 0.71
2026/09/30 21:20:33 combat turn=7 tick=4: 47 u12 (player 1, stamina 3) hits 26 u13 (player 0) for 2.10
2026/09/30 21:20:33 combat turn=7 tick=4: 49 u12 (player 1, stamina 3) hits 26 u13 (player 0) for 2.10
2026/09/30 21:20:33 combat turn=7 tick=4: 40 u11 (player 1, stamina 3) hits 26 u13 (player 0) for 0.71
2026/09/30 21:20:33 combat turn=7 tick=4: 46 u11 (player 1, stamina 3) hits 26 u13 (player 0) for 0.71
2026/09/30 21:20:33 combat turn=7 tick=4: 36 u11 (player 1, stamina 3) hits 26 u13 (player 0) for 0.71
2026/09/30 21:20:33 combat turn=7 tick=4: 37 u11 (player 1, stamina 3) hits 26 u13 (player 0) for 0.71
2026/09/30 21:20:33 combat turn=7 tick=4: 45 u11 (player 1, stamina 3) hits 26 u13 (player 0) for 0.71
2026/09/30 21:20:33 combat turn=7 tick=4: 52 u12 (player 1, stamina 3) hits 26 u13 (player 0) for 2.10
2026/09/30 21:20:33 combat turn=7 tick=4: 42 u11 (player 1, stamina 3) hits 26 u13 (player 0) for 0.71
2026/09/30 21:20:33 combat turn=7 tick=4: 50 u12 (player 1, stamina 3) hits 26 u13 (player 0) for 2.10
2026/09/30 21:20:33 Moving unit 31 Blunt Infantry to zone(1, -1) in space (-1, 3) tick=4
2026/09/30 21:20:33 combat turn=7 tick=4: 51 u12 (player 1, stamina 3) hits 26 u13 (player 0) for 2.10
2026/09/30 21:20:33 combat turn=7 tick=4: 54 u12 (player 1, stamina 3) hits 26 u13 (player 0) for 2.10
2026/09/30 21:20:33 state_hash turn=7 tick=4 hash=5f86f9aafb0f3dc1
2026/09/30 21:20:33 Moving unit 5 Blunt Infantry to zone(-1, 0) in space (-2, 1) tick=5
2026/09/30 21:20:33 combat turn=7 tick=5: 44 u11 (player 1, stamina 3) hits 26 u13 (player 0) for 0.71
2026/09/30 21:20:33 combat turn=7 tick=5: 40 u11 (player 1, stamina 3) hits 26 u13 (player 0) for 0.71
2026/09/30 21:20:33 combat turn=7 tick=5: 46 u11 (player 1, stamina 3) hits 26 u13 (player 0) for 0.71
2026/09/30 21:20:33 combat turn=7 tick=5: 36 u11 (player 1, stamina 3) hits 26 u13 (player 0) for 0.71
2026/09/30 21:20:33 combat turn=7 tick=5: 37 u11 (player 1, stamina 3) hits 26 u13 (player 0) for 0.71
2026/09/30 21:20:33 combat turn=7 tick=5: 45 u11 (player 1, stamina 3) hits 26 u13 (player 0) for 0.71
2026/09/30 21:20:33 combat turn=7 tick=5: 42 u11 (player 1, stamina 3) hits 26 u13 (player 0) for 0.71
2026/09/30 21:20:33 Moving unit 31 Blunt Infantry to zone(-1, 1) in space (0, 2) tick=5
2026/09/30 21:20:33 combat turn=7 tick=5: 41 u11 (player 1, stamina 3) hits 26 u13 (player 0) for 0.71
2026/09/30 21:20:33 combat turn=7 tick=5: 43 u11 (player 1, stamina 3) hits 26 u13 (player 0) for 0.71
2026/09/30 21:20:33 state_hash turn=7 tick=5 hash=b5ccf471832f5e9a
2026/09/30 21:20:33 Moving unit 31 Blunt Infantry to zone(0, 0) in space (0, 2) tick=6
2026/09/30 21:20:33 state_hash turn=7 tick=6 hash=0762e1d82a3bcd20
2026/09/30 21:20:33 state_hash turn=7 tick=end hash=c2001c3cc1e423c5
2026/09/30 21:20:33 ai ai-1: new turn data {"buildings":[],"enemy_buildings":[],"enemy_units":[{"InternalID":3,"UnitID":11,"Type":2,"Kind":1,"Location":{"Space":{"X":-3,"Y":0},"Zone":{"X":1,"Y":-1}},"CurrentStamina":23,"CurrentOrder":null,"Builds":[],"GarrisonedIn":null,"Stance":0,"InterruptCurrent":false,"AttackBack":false,"TargetPriority":"","ActiveOrders":null,"Health":11,"MaxHealth":11},{"InternalID":17,"UnitID":12,"Type":2,"Kind":1,"Location":{"Space":{"X":-3,"Y":0},"Zone":{"X":0,"Y":0}},"CurrentStamina":18,"CurrentOrder":null,"Builds":[],"GarrisonedIn":null,"Stance":0,"InterruptCurrent":false,"AttackBack":false,"TargetPriority":"","ActiveOrders":null,"Health":16,"MaxHealth":16},{"InternalID":18,"UnitID":12,"Type":2,"Kind":1,"Location":{"Space":{"X":-3,"Y":0},"Zone":{"X":0,"Y":0}},"CurrentStamina":18,"CurrentOrder":null,"Builds":[],"GarrisonedIn":null,"Stance":0,"InterruptCurrent":false,"AttackBack":false,"TargetPriority":"","ActiveOrders":null,"Health":16,"MaxHealth":16},{"InternalID":19,"UnitID":12,"Type":2,"Kind":1,"Location":{"Space":{"X":-3,"Y":0},"Zone":{"X":0,"Y":0}},"CurrentStamina":18,"CurrentOrder":null,"Builds":[],"GarrisonedIn":null,"Stance":0,"InterruptCurrent":false,"AttackBack":false,"TargetPriority":"","ActiveOrders":null,"Health":16,"MaxHealth":16},{"InternalID":20,"UnitID":12,"Type":2,"Kind":1,"Location":{"Space":{"X":-3,"Y":0},"Zone":{"X":0,"Y":0}},"CurrentStamina":18,"CurrentOrder":null,"Builds":[],"GarrisonedIn":null,"Stance":0,"InterruptCurrent":false,"AttackBack":false,"TargetPriority":"","ActiveOrders":null,"Health":16,"MaxHealth":16},{"InternalID":21,"UnitID":12,"Type":2,"Kind":1,"Location":{"Space":{"X":-3,"Y":0},"Zone":{"X":0,"Y":0}},"CurrentStamina":18,"CurrentOrder":null,"Builds":[],"GarrisonedIn":null,"Stance":0,"InterruptCurrent":false,"AttackBack":false,"TargetPriority":"","ActiveOrders":null,"Health":16,"MaxHealth":16},{"InternalID":22,"UnitID":12,"Type":2,"Kind":1,"Location":{"Space":{"X":-3,"Y":0},"Zone":{"X":0,"Y":0}},"CurrentStamina":18,"CurrentOrder":null,"Builds":[],"GarrisonedIn":null,"Stance":0,"InterruptCurrent":false,"AttackBack":false,"TargetPriority":"","ActiveOrders":null,"Health":16,"MaxHealth":16},{"InternalID":23,"UnitID":12,"Type":2,"Kind":1,"Location":{"Space":{"X":-3,"Y":0},"Zone":{"X":0,"Y":0}},"CurrentStamina":18,"CurrentOrder":null,"Builds":[],"GarrisonedIn":null,"Stance":0,"InterruptCurrent":false,"AttackBack":false,"TargetPriority":"","ActiveOrders":null,"Health":16,"MaxHealth":16},{"InternalID":24,"UnitID":12,"Type":2,"Kind":1,"Location":{"Space":{"X":-3,"Y":0},"Zone":{"X":0,"Y":0}},"CurrentStamina":18,"CurrentOrder":null,"Builds":[],"GarrisonedIn":null,"Stance":0,"InterruptCurrent":false,"AttackBack":false,"TargetPriority":"","ActiveOrders":null,"Health":16,"MaxHealth":16},{"InternalID":26,"UnitID":13,"Type":2,"Kind":1,"Location":{"Space":{"X":-2,"Y":-1},"Zone":{"X":-1,"Y":1}},"CurrentStamina":8,"CurrentOrder":null,"Builds":[],"GarrisonedIn":null,"Stance":0,"InterruptCurrent":false,"AttackBack":false,"TargetPriority":"","ActiveOrders":null,"Health":20.3426,"MaxHealth":50},{"InternalID":27,"UnitID":13,"Type":2,"Kind":1,"Location":{"Space":{"X":-2,"Y":-1},"Zone":{"X":-1,"Y":1}},"CurrentStamina":8,"CurrentOrder":null,"Builds":[],"GarrisonedIn":null,"Stance":0,"InterruptCurrent":false,"AttackBack":false,"TargetPriority":"","ActiveOrders":null,"Health":50,"MaxHealth":50},{"InternalID":28,"UnitID":13,"Type":2,"Kind":1,"Location":{"Space":{"X":-2,"Y":-1},"Zone":{"X":-1,"Y":1}},"CurrentStamina":8,"CurrentOrder":null,"Builds":[],"GarrisonedIn":null,"Stance":0,"InterruptCurrent":false,"AttackBack":false,"TargetPriority":"","ActiveOrders":null,"Health":50,"MaxHealth":50},{"InternalID":29,"UnitID":13,"Type":2,"Kind":1,"Location":{"Space":{"X":-2,"Y":-1},"Zone":{"X":-1,"Y":1}},"CurrentStamina":8,"CurrentOrder":null,"Builds":[],"GarrisonedIn":null,"Stance":0,"InterruptCurrent":false,"AttackBack":false,"TargetPriority":"","ActiveOrders":null,"Health":50,"MaxHealth":50},{"InternalID":30,"UnitID":13,"Type":2,"Kind":1,"Location":{"Space":{"X":-2,"Y":-1},"Zone":{"X":-1,"Y":1}},"CurrentStamina":8,"CurrentOrder":null,"Builds":[],"GarrisonedIn":null,"Stance":0,"InterruptCurrent":false,"AttackBack":false,"TargetPriority":"","ActiveOrders":null,"Health":50,"MaxHealth":50}],"foundations":[],"population":{"current":24,"limit":0},"resources":{"food":200,"gold":24,"stone":100,"wood":200},"spaces":[{"Space":{"X":0,"Y":-4},"Vision":0,"Owner":-1},{"Space":{"X":1,"Y":-4},"Vision":0,"Owner":-1},{"Space":{"X":2,"Y":-4},"Vision":0,"Owner":-1},{"Space":{"X":3,"Y":-4},"Vision":0,"Owner":-1},{"Space":{"X":4,"Y":-4},"Vision":0,"Owner":-1},{"Space":{"X":-1,"Y":-3},"Vision":0,"Owner":-1},{"Space":{"X":0,"Y":-3},"Vision":0,"Owner":-1},{"Space":{"X":1,"Y":-3},"Vision":0,"Owner":-1},{"Space":{"X":2,"Y":-3},"Vision":0,"Owner":-1},{"Space":{"X":3,"Y":-3},"Vision":0,"Owner":-1},{"Space":{"X":4,"Y":-3},"Vision":0,"Owner":-1},{"Space":{"X":-2,"Y":-2},"Vision":2,"Owner":-1},{"Space":{"X":-1,"Y":-2},"Vision":2,"Owner":-1},{"Space":{"X":0,"Y":-2},"Vision":0,"Owner":-1},{"Space":{"X":1,"Y":-2},"Vision":0,"Owner":-1},{"Space":{"X":2,"Y":-2},"Vision":0,"Owner":-1},{"Space":{"X":3,"Y":-2},"Vision":0,"Owner":-1},{"Space":{"X":4,"Y":-2},"Vision":0,"Owner":-1},{"Space":{"X":-3,"Y":-1},"Vision":2,"Owner":-1},{"Space":{"X":-2,"Y":-1},"Vision":3,"Owner":-1},{"Space":{"X":-1,"Y":-1},"Vision":2,"Owner":0},{"Space":{"X":0,"Y":-1},"Vision":0,"Owner":-1},{"Space":{"X":1,"Y":-1},"Vision":0,"Owner":-1},{"Space":{"X":2,"Y":-1},"Vision":0,"Owner":-1},{"Space":{"X":3,"Y":-1},"Vision":0,"Owner":-1},{"Space":{"X":4,"Y":-1},"Vision":0,"Owner":-1},{"Space":{"X":-4,"Y":0},"Vision":1,"Owner":-1},{"Space":{"X":-3,"Y":0},"Vision":3,"Owner":0},{"Space":{"X":-2,"Y":0},"Vision":2,"Owner":-1},{"Space":{"X":-1,"Y":0},"Vision":0,"Owner":-1},{"Space":{"X":0,"Y":0},"Vision":0,"Owner":-1},{"Space":{"X":1,"Y":0},"Vision":0,"Owner":-1},{"Space":{"X":2,"Y":0},"Vision":0,"Owner":-1},{"Space":{"X":3,"Y":0},"Vision":0,"Owner":-1},{"Space":{"X":4,"Y":0},"Vision":0,"Owner":-1},{"Space":{"X":-4,"Y":1},"Vision":1,"Owner":0},{"Space":{"X":-3,"Y":1},"Vision":1,"Owner":0},{"Space":{"X":-2,"Y":1},"Vision":1,"Owner":-1},{"Space":{"X":-1,"Y":1},"Vision":1,"Owner":0},{"Space":{"X":0,"Y":1},"Vision":2,"Owner":-1},{"Space":{"X":1,"Y":1},"Vision":2,"Owner":-1},{"Space":{"X":2,"Y":1},"Vision":0,"Owner":-1},{"Space":{"X":3,"Y":1},"Vision":0,"Owner":-1},{"Space":{"X":-4,"Y":2},"Vision":1,"Owner":0},{"Space":{"X":-3,"Y":2},"Vision":1,"Owner":-1},{"Space":{"X":-2,"Y":2},"Vision":1,"Owner":-1},{"Space":{"X":-1,"Y":2},"Vision":2,"Owner":-1},{"Space":{"X":0,"Y":2},"Vision":3,"Owner":1},{"Space":{"X":1,"Y":2},"Vision":2,"Owner":-1},{"Space":{"X":2,"Y":2},"Vision":0,"Owner":-1},{"Space":{"X":-4,"Y":3},"Vision":1,"Owner":-1},{"Space":{"X":-3,"Y":3},"Vision":1,"Owner":-1},{"Space":{"X":-2,"Y":3},"Vision":1,"Owner":-1},{"Space":{"X":-1,"Y":3},"Vision":2,"Owner":-1},{"Space":{"X":0,"Y":3},"Vision":2,"Owner":-1},{"Space":{"X":1,"Y":3},"Vision":0,"Owner":-1},{"Space":{"X":-4,"Y":4},"Vision":1,"Owner":-1},{"Space":{"X":-3,"Y":4},"Vision":1,"Owner":-1},{"Space":{"X":-2,"Y":4},"Vision":1,"Owner":-1},{"Space":{"X":-1,"Y":4},"Vision":1,"Owner":-1},{"Space":{"X":0,"Y":4},"Vision":0,"Owner":-1}],"units":[{"InternalID":31,"UnitID":11,"Type":2,"Kind":1,"Location":{"Space":{"X":0,"Y":2},"Zone":{"X":0,"Y":0}},"CurrentStamina":18,"CurrentOrder":null,"Builds":[],"GarrisonedIn":null,"Stance":3,"InterruptCurrent":false,"AttackBack":true,"TargetPriority":"","ActiveOrders":null,"Health":11,"MaxHealth":11},{"InternalID":36,"UnitID":11,"Type":2,"Kind":1,"Location":{"Space":{"X":-2,"Y":-1},"Zone":{"X":-1,"Y":1}},"CurrentStamina":15,"CurrentOrder":{"Kind":4,"TargetZone":null,"TargetSpace":{"X":-2,"Y":-1},"TargetResource":null,"TargetUnit":null,"TargetBuilding":null},"Builds":[],"GarrisonedIn":null,"Stance":3,"InterruptCurrent":false,"AttackBack":true,"TargetPriority":"","ActiveOrders":[{"ID":118,"Kind":4}],"Health":11,"MaxHealth":11},{"InternalID":37,"UnitID":11,"Type":2,"Kind":1,"Location":{"Space":{"X":-2,"Y":-1},"Zone":{"X":-1,"Y":1}},"CurrentStamina":15,"CurrentOrder":{"Kind":4,"TargetZone":null,"TargetSpace":{"X":-2,"Y":-1},"TargetResource":null,"TargetUnit":null,"TargetBuilding":null},"Builds":[],"GarrisonedIn":null,"Stance":3,"InterruptCurrent":false,"AttackBack":true,"TargetPriority":"","ActiveOrders":[{"ID":119,"Kind":4}],"Health":0.675,"MaxHealth":11},{"InternalID":40,"UnitID":11,"Type":2,"Kind":1,"Location":{"Space":{"X":-2,"Y":-1},"Zone":{"X":-1,"Y":1}},"CurrentStamina":15,"CurrentOrder":{"Kind":4,"TargetZone":null,"TargetSpace":{"X":-2,"Y":-1},"TargetResource":null,"TargetUnit":null,"TargetBuilding":null},"Builds":[],"GarrisonedIn":null,"Stance":3,"InterruptCurrent":false,"AttackBack":true,"TargetPriority":"","ActiveOrders":[{"ID":114,"Kind":4}],"Health":2.475,"MaxHealth":11},{"InternalID":41,"UnitID":11,"Type":2,"Kind":1,"Location":{"Space":{"X":-2,"Y":-1},"Zone":{"X":-1,"Y":1}},"CurrentStamina":15,"CurrentOrder":{"Kind":4,"TargetZone":null,"TargetSpace":{"X":-2,"Y":-1},"TargetResource":null,"TargetUnit":null,"TargetBuilding":null},"Builds":[],"GarrisonedIn":null,"Stance":3,"InterruptCurrent":false,"AttackBack":true,"TargetPriority":"","ActiveOrders":[{"ID":132,"Kind":4}],"Health":2.475,"MaxHealth":11},{"InternalID":42,"UnitID":11,"Type":2,"Kind":1,"Location":{"Space":{"X":-2,"Y":-1},"Zone":{"X":-1,"Y":1}},"CurrentStamina":15,"CurrentOrder":{"Kind":4,"TargetZone":null,"TargetSpace":{"X":-2,"Y":-1},"TargetResource":null,"TargetUnit":null,"TargetBuilding":null},"Builds":[],"GarrisonedIn":null,"Stance":3,"InterruptCurrent":false,"AttackBack":true,"TargetPriority":"","ActiveOrders":[{"ID":124,"Kind":4}],"Health":2.475,"MaxHealth":11},{"InternalID":43,"UnitID":11,"Type":2,"Kind":1,"Location":{"Space":{"X":-2,"Y":-1},"Zone":{"X":-1,"Y":1}},"CurrentStamina":15,"CurrentOrder":{"Kind":4,"TargetZone":null,"TargetSpace":{"X":-2,"Y":-1},"TargetResource":null,"TargetUnit":null,"TargetBuilding":null},"Builds":[],"GarrisonedIn":null,"Stance":3,"InterruptCurrent":false,"AttackBack":true,"TargetPriority":"","ActiveOrders":[{"ID":133,"Kind":4}],"Health":11,"MaxHealth":11},{"InternalID":44,"UnitID":11,"Type":2,"Kind":1,"Location":{"Space":{"X":-2,"Y":-1},"Zone":{"X":-1,"Y":1}},"CurrentStamina":15,"CurrentOrder":{"Kind":4,"TargetZone":null,"TargetSpace":{"X":-2,"Y":-1},"TargetResource":null,"TargetUnit":null,"TargetBuilding":null},"Builds":[],"GarrisonedIn":null,"Stance":3,"InterruptCurrent":false,"AttackBack":true,"TargetPriority":"","ActiveOrders":[{"ID":111,"Kind":4}],"Health":11,"MaxHealth":11},{"InternalID":45,"UnitID":11,"Type":2,"Kind":1,"Location":{"Space":{"X":-2,"Y":-1},"Zone":{"X":-1,"Y":1}},"CurrentStamina":15,"CurrentOrder":{"Kind":4,"TargetZone":null,"TargetSpace":{"X":-2,"Y":-1},"TargetResource":null,"TargetUnit":null,"TargetBuilding":null},"Builds":[],"GarrisonedIn":null,"Stance":3,"InterruptCurrent":false,"AttackBack":true,"TargetPriority":"","ActiveOrders":[{"ID":120,"Kind":4}],"Health":11,"MaxHealth":11},{"InternalID":46,"UnitID":11,"Type":2,"Kind":1,"Location":{"Space":{"X":-2,"Y":-1},"Zone":{"X":-1,"Y":1}},"CurrentStamina":15,"CurrentOrder":{"Kind":4,"TargetZone":null,"TargetSpace":{"X":-2,"Y":-1},"TargetResource":null,"TargetUnit":null,"TargetBuilding":null},"Builds":[],"GarrisonedIn":null,"Stance":3,"InterruptCurrent":false,"AttackBack":true,"TargetPriority":"","ActiveOrders":[{"ID":116,"Kind":4}],"Health":11,"MaxHealth":11},{"InternalID":47,"UnitID":12,"Type":2,"Kind":1,"Location":{"Space":{"X":-2,"Y":-1},"Zone":{"X":-1,"Y":1}},"CurrentStamina":12,"CurrentOrder":{"Kind":4,"TargetZone":null,"TargetSpace":{"X":-2,"Y":-1},"TargetResource":null,"TargetUnit":null,"TargetBuilding":null},"Builds":[],"GarrisonedIn":null,"Stance":3,"InterruptCurrent":false,"AttackBack":true,"TargetPriority":"","ActiveOrders":[{"ID":112,"Kind":4}],"Health":16,"MaxHealth":16},{"InternalID":48,"UnitID":12,"Type":2,"Kind":1,"Location":{"Space":{"X":-2,"Y":-1},"Zone":{"X":-1,"Y":1}},"CurrentStamina":12,"CurrentOrder":{"Kind":4,"TargetZone":null,"TargetSpace":{"X":-2,"Y":-1},"TargetResource":null,"TargetUnit":null,"TargetBuilding":null},"Builds":[],"GarrisonedIn":null,"Stance":3,"InterruptCurrent":false,"AttackBack":true,"TargetPriority":"","ActiveOrders":[{"ID":134,"Kind":4}],"Health":16,"MaxHealth":16},{"InternalID":49,"UnitID":12,"Type":2,"Kind":1,"Location":{"Space":{"X":-2,"Y":-1},"Zone":{"X":-1,"Y":1}},"CurrentStamina":12,"CurrentOrder":{"Kind":4,"TargetZone":null,"TargetSpace":{"X":-2,"Y":-1},"TargetResource":null,"TargetUnit":null,"TargetBuilding":null},"Builds":[],"GarrisonedIn":null,"Stance":3,"InterruptCurrent":false,"AttackBack":true,"TargetPriority":"","ActiveOrders":[{"ID":113,"Kind":4}],"Health":16,"MaxHealth":16},{"InternalID":50,"UnitID":12,"Type":2,"Kind":1,"Location":{"Space":{"X":-2,"Y":-1},"Zone":{"X":-1,"Y":1}},"CurrentStamina":12,"CurrentOrder":{"Kind":4,"TargetZone":null,"TargetSpace":{"X":-2,"Y":-1},"TargetResource":null,"TargetUnit":null,"TargetBuilding":null},"Builds":[],"GarrisonedIn":null,"Stance":3,"InterruptCurrent":false,"AttackBack":true,"TargetPriority":"","ActiveOrders":[{"ID":125,"Kind":4}],"Health":16,"MaxHealth":16},{"InternalID":51,"UnitID":12,"Type":2,"Kind":1,"Location":{"Space":{"X":-2,"Y":-1},"Zone":{"X":-1,"Y":1}},"CurrentStamina":12,"CurrentOrder":{"Kind":4,"TargetZone":null,"TargetSpace":{"X":-2,"Y":-1},"TargetResource":null,"TargetUnit":null,"TargetBuilding":null},"Builds":[],"GarrisonedIn":null,"Stance":3,"InterruptCurrent":false,"AttackBack":true,"TargetPriority":"","ActiveOrders":[{"ID":128,"Kind":4}],"Health":16,"MaxHealth":16},{"InternalID":52,"UnitID":12,"Type":2,"Kind":1,"Location":{"Space":{"X":-2,"Y":-1},"Zone":{"X":-1,"Y":1}},"CurrentStamina":12,"CurrentOrder":{"Kind":4,"TargetZone":null,"TargetSpace":{"X":-2,"Y":-1},"TargetResource":null,"TargetUnit":null,"TargetBuilding":null},"Builds":[],"GarrisonedIn":null,"Stance":3,"InterruptCurrent":false,"AttackBack":true,"TargetPriority":"","ActiveOrders":[{"ID":121,"Kind":4}],"Health":16,"MaxHealth":16},{"InternalID":53,"UnitID":12,"Type":2,"Kind":1,"Location":{"Space":{"X":-2,"Y":-1},"Zone":{"X":-1,"Y":1}},"CurrentStamina":12,"CurrentOrder":{"Kind":4,"TargetZone":null,"TargetSpace":{"X":-2,"Y":-1},"TargetResource":null,"TargetUnit":null,"TargetBuilding":null},"Builds":[],"GarrisonedIn":null,"Stance":3,"InterruptCurrent":false,"AttackBack":true,"TargetPriority":"","ActiveOrders":[{"ID":135,"Kind":4}],"Health":16,"MaxHealth":16},{"InternalID":54,"UnitID":12,"Type":2,"Kind":1,"Location":{"Space":{"X":-2,"Y":-1},"Zone":{"X":-1,"Y":1}},"CurrentStamina":12,"CurrentOrder":{"Kind":4,"TargetZone":null,"TargetSpace":{"X":-2,"Y":-1},"TargetResource":null,"TargetUnit":null,"TargetBuilding":null},"Builds":[],"GarrisonedIn":null,"Stance":3,"InterruptCurrent":false,"AttackBack":true,"TargetPriority":"","ActiveOrders":[{"ID":129,"Kind":4}],"Health":16,"MaxHealth":16},{"InternalID":55,"UnitID":13,"Type":2,"Kind":1,"Location":{"Space":{"X":-2,"Y":-1},"Zone":{"X":-1,"Y":1}},"CurrentStamina":8,"CurrentOrder":{"Kind":4,"TargetZone":null,"TargetSpace":{"X":-2,"Y":-1},"TargetResource":null,"TargetUnit":null,"TargetBuilding":null},"Builds":[],"GarrisonedIn":null,"Stance":3,"InterruptCurrent":false,"AttackBack":true,"TargetPriority":"","ActiveOrders":[{"ID":136,"Kind":4}],"Health":50,"MaxHealth":50},{"InternalID":56,"UnitID":13,"Type":2,"Kind":1,"Location":{"Space":{"X":-2,"Y":-1},"Zone":{"X":-1,"Y":1}},"CurrentStamina":8,"CurrentOrder":{"Kind":4,"TargetZone":null,"TargetSpace":{"X":-2,"Y":-1},"TargetResource":null,"TargetUnit":null,"TargetBuilding":null},"Builds":[],"GarrisonedIn":null,"Stance":3,"InterruptCurrent":false,"AttackBack":true,"TargetPriority":"","ActiveOrders":[{"ID":138,"Kind":4}],"Health":50,"MaxHealth":50},{"InternalID":57,"UnitID":13,"Type":2,"Kind":1,"Location":{"Space":{"X":-2,"Y":-1},"Zone":{"X":-1,"Y":1}},"CurrentStamina":8,"CurrentOrder":{"Kind":4,"TargetZone":null,"TargetSpace":{"X":-2,"Y":-1},"TargetResource":null,"TargetUnit":null,"TargetBuilding":null},"Builds":[],"GarrisonedIn":null,"Stance":3,"InterruptCurrent":false,"AttackBack":true,"TargetPriority":"","ActiveOrders":[{"ID":126,"Kind":4}],"Health":50,"MaxHealth":50},{"InternalID":58,"UnitID":13,"Type":2,"Kind":1,"Location":{"Space":{"X":-2,"Y":-1},"Zone":{"X":-1,"Y":1}},"CurrentStamina":8,"CurrentOrder":{"Kind":4,"TargetZone":null,"TargetSpace":{"X":-2,"Y":-1},"TargetResource":null,"TargetUnit":null,"TargetBuilding":null},"Builds":[],"GarrisonedIn":null,"Stance":3,"InterruptCurrent":false,"AttackBack":true,"TargetPriority":"","ActiveOrders":[{"ID":122,"Kind":4}],"Health":50,"MaxHealth":50},{"InternalID":59,"UnitID":13,"Type":2,"Kind":1,"Location":{"Space":{"X":-2,"Y":-1},"Zone":{"X":-1,"Y":1}},"CurrentStamina":8,"CurrentOrder":{"Kind":4,"TargetZone":null,"TargetSpace":{"X":-2,"Y":-1},"TargetResource":null,"TargetUnit":null,"TargetBuilding":null},"Builds":[],"GarrisonedIn":null,"Stance":3,"InterruptCurrent":false,"AttackBack":true,"TargetPriority":"","ActiveOrders":[{"ID":127,"Kind":4}],"Health":50,"MaxHealth":50},{"InternalID":60,"UnitID":13,"Type":2,"Kind":1,"Location":{"Space":{"X":-2,"Y":-1},"Zone":{"X":-1,"Y":1}},"CurrentStamina":8,"CurrentOrder":{"Kind":4,"TargetZone":null,"TargetSpace":{"X":-2,"Y":-1},"TargetResource":null,"TargetUnit":null,"TargetBuilding":null},"Builds":[],"GarrisonedIn":null,"Stance":3,"InterruptCurrent":false,"AttackBack":true,"TargetPriority":"","ActiveOrders":[{"ID":130,"Kind":4}],"Health":50,"MaxHealth":50}]}
2026/09/30 21:20:33 ai ai-1: submitting orders [{Subjects:[31] OrderType:2 TargetID:0 ClearPreviousOrders:true}]
2026/09/30 21:20:33 ai ai-1: vars {}
2026/09/30 21:20:33 player action: submit-orders 0 2 map[orders:[{1 [31] 2 0 true}]]
2026/09/30 21:20:33 Executing submit orders for: 1 [{1 [31] 2 0 true}]
2026/09/30 21:20:33 ai ai-0: new turn data {"buildings":[],"enemy_buildings":[],"enemy_units":[{"InternalID":36,"UnitID":11,"Type":2,"Kind":1,"Location":{"Space":{"X":-2,"Y":-1},"Zone":{"X":-1,"Y":1}},"CurrentStamina":15,"CurrentOrder":null,"Builds":[],"GarrisonedIn":null,"Stance":0,"InterruptCurrent":false,"AttackBack":false,"TargetPriority":"","ActiveOrders":null,"Health":11,"MaxHealth":11},{"InternalID":37,"UnitID":11,"Type":2,"Kind":1,"Location":{"Space":{"X":-2,"Y":-1},"Zone":{"X":-1,"Y":1}},"CurrentStamina":15,"CurrentOrder":null,"Builds":[],"GarrisonedIn":null,"Stance":0,"InterruptCurrent":false,"AttackBack":false,"TargetPriority":"","ActiveOrders":null,"Health":0.675,"MaxHealth":11},{"InternalID":40,"UnitID":11,"Type":2,"Kind":1,"Location":{"Space":{"X":-2,"Y":-1},"Zone":{"X":-1,"Y":1}},"CurrentStamina":15,"CurrentOrder":null,"Builds":[],"GarrisonedIn":null,"Stance":0,"InterruptCurrent":false,"AttackBack":false,"TargetPriority":"","ActiveOrders":null,"Health":2.475,"MaxHealth":11},{"InternalID":41,"UnitID":11,"Type":2,"Kind":1,"Location":{"Space":{"X":-2,"Y":-1},"Zone":{"X":-1,"Y":1}},"CurrentStamina":15,"CurrentOrder":null,"Builds":[],"GarrisonedIn":null,"Stance":0,"InterruptCurrent":false,"AttackBack":false,"TargetPriority":"","ActiveOrders":null,"Health":2.475,"MaxHealth":11},{"InternalID":42,"UnitID":11,"Type":2,"Kind":1,"Location":{"Space":{"X":-2,"Y":-1},"Zone":{"X":-1,"Y":1}},"CurrentStamina":15,"CurrentOrder":null,"Builds":[],"GarrisonedIn":null,"Stance":0,"InterruptCurrent":false,"AttackBack":false,"TargetPriority":"","ActiveOrders":null,"Health":2.475,"MaxHealth":11},{"InternalID":43,"UnitID":11,"Type":2,"Kind":1,"Location":{"Space":{"X":-2,"Y":-1},"Zone":{"X":-1,"Y":1}},"CurrentStamina":15,"CurrentOrder":null,"Builds":[],"GarrisonedIn":null,"Stance":0,"InterruptCurrent":false,"AttackBack":false,"TargetPriority":"","ActiveOrders":null,"Health":11,"MaxHealth":11},{"InternalID":44,"UnitID":11,"Type":2,"Kind":1,"Location":{"Space":{"X":-2,"Y":-1},"Zone":{"X":-1,"Y":1}},"CurrentStamina":15,"CurrentOrder":null,"Builds":[],"GarrisonedIn":null,"Stance":0,"InterruptCurrent":false,"AttackBack":false,"TargetPriority":"","ActiveOrders":null,"Health":11,"MaxHealth":11},{"InternalID":45,"UnitID":11,"Type":2,"Kind":1,"Location":{"Space":{"X":-2,"Y":-1},"Zone":{"X":-1,"Y":1}},"CurrentStamina":15,"CurrentOrder":null,"Builds":[],"GarrisonedIn":null,"Stance":0,"InterruptCurrent":false,"AttackBack":false,"TargetPriority":"","ActiveOrders":null,"Health":11,"MaxHealth":11},{"InternalID":46,"UnitID":11,"Type":2,"Kind":1,"Location":{"Space":{"X":-2,"Y":-1},"Zone":{"X":-1,"Y":1}},"CurrentStamina":15,"CurrentOrder":null,"Builds":[],"GarrisonedIn":null,"Stance":0,"InterruptCurrent":false,"AttackBack":false,"TargetPriority":"","ActiveOrders":null,"Health":11,"MaxHealth":11},{"InternalID":47,"UnitID":12,"Type":2,"Kind":1,"Location":{"Space":{"X":-2,"Y":-1},"Zone":{"X":-1,"Y":1}},"CurrentStamina":12,"CurrentOrder":null,"Builds":[],"GarrisonedIn":null,"Stance":0,"InterruptCurrent":false,"AttackBack":false,"TargetPriority":"","ActiveOrders":null,"Health":16,"MaxHealth":16},{"InternalID":48,"UnitID":12,"Type":2,"Kind":1,"Location":{"Space":{"X":-2,"Y":-1},"Zone":{"X":-1,"Y":1}},"CurrentStamina":12,"CurrentOrder":null,"Builds":[],"GarrisonedIn":null,"Stance":0,"InterruptCurrent":false,"AttackBack":false,"TargetPriority":"","ActiveOrders":null,"Health":16,"MaxHealth":16},{"InternalID":49,"UnitID":12,"Type":2,"Kind":1,"Location":{"Space":{"X":-2,"Y":-1},"Zone":{"X":-1,"Y":1}},"CurrentStamina":12,"CurrentOrder":null,"Builds":[],"GarrisonedIn":null,"Stance":0,"InterruptCurrent":false,"AttackBack":false,"TargetPriority":"","ActiveOrders":null,"Health":16,"MaxHealth":16},{"InternalID":50,"UnitID":12,"Type":2,"Kind":1,"Location":{"Space":{"X":-2,"Y":-1},"Zone":{"X":-1,"Y":1}},"CurrentStamina":12,"CurrentOrder":null,"Builds":[],"GarrisonedIn":null,"Stance":0,"InterruptCurrent":false,"AttackBack":false,"TargetPriority":"","ActiveOrders":null,"Health":16,"MaxHealth":16},{"InternalID":51,"UnitID":12,"Type":2,"Kind":1,"Location":{"Space":{"X":-2,"Y":-1},"Zone":{"X":-1,"Y":1}},"CurrentStamina":12,"CurrentOrder":null,"Builds":[],"GarrisonedIn":null,"Stance":0,"InterruptCurrent":false,"AttackBack":false,"TargetPriority":"","ActiveOrders":null,"Health":16,"MaxHealth":16},{"InternalID":52,"UnitID":12,"Type":2,"Kind":1,"Location":{"Space":{"X":-2,"Y":-1},"Zone":{"X":-1,"Y":1}},"CurrentStamina":12,"CurrentOrder":null,"Builds":[],"GarrisonedIn":null,"Stance":0,"InterruptCurrent":false,"AttackBack":false,"TargetPriority":"","ActiveOrders":null,"Health":16,"MaxHealth":16},{"InternalID":53,"UnitID":12,"Type":2,"Kind":1,"Location":{"Space":{"X":-2,"Y":-1},"Zone":{"X":-1,"Y":1}},"CurrentStamina":12,"CurrentOrder":null,"Builds":[],"GarrisonedIn":null,"Stance":0,"InterruptCurrent":false,"AttackBack":false,"TargetPriority":"","ActiveOrders":null,"Health":16,"MaxHealth":16},{"InternalID":54,"UnitID":12,"Type":2,"Kind":1,"Location":{"Space":{"X":-2,"Y":-1},"Zone":{"X":-1,"Y":1}},"CurrentStamina":12,"CurrentOrder":null,"Builds":[],"GarrisonedIn":null,"Stance":0,"InterruptCurrent":false,"AttackBack":false,"TargetPriority":"","ActiveOrders":null,"Health":16,"MaxHealth":16},{"InternalID":55,"UnitID":13,"Type":2,"Kind":1,"Location":{"Space":{"X":-2,"Y":-1},"Zone":{"X":-1,"Y":1}},"CurrentStamina":8,"CurrentOrder":null,"Builds":[],"GarrisonedIn":null,"Stance":0,"InterruptCurrent":false,"AttackBack":false,"TargetPriority":"","ActiveOrders":null,"Health":50,"MaxHealth":50},{"InternalID":56,"UnitID":13,"Type":2,"Kind":1,"Location":{"Space":{"X":-2,"Y":-1},"Zone":{"X":-1,"Y":1}},"CurrentStamina":8,"CurrentOrder":null,"Builds":[],"GarrisonedIn":null,"Stance":0,"InterruptCurrent":false,"AttackBack":false,"TargetPriority":"","ActiveOrders":null,"Health":50,"MaxHealth":50},{"InternalID":57,"UnitID":13,"Type":2,"Kind":1,"Location":{"Space":{"X":-2,"Y":-1},"Zone":{"X":-1,"Y":1}},"CurrentStamina":8,"CurrentOrder":null,"Builds":[],"GarrisonedIn":null,"Stance":0,"InterruptCurrent":false,"AttackBack":false,"TargetPriority":"","ActiveOrders":null,"Health":50,"MaxHealth":50},{"InternalID":58,"UnitID":13,"Type":2,"Kind":1,"Location":{"Space":{"X":-2,"Y":-1},"Zone":{"X":-1,"Y":1}},"CurrentStamina":8,"CurrentOrder":null,"Builds":[],"GarrisonedIn":null,"Stance":0,"InterruptCurrent":false,"AttackBack":false,"TargetPriority":"","ActiveOrders":null,"Health":50,"MaxHealth":50},{"InternalID":59,"UnitID":13,"Type":2,"Kind":1,"Location":{"Space":{"X":-2,"Y":-1},"Zone":{"X":-1,"Y":1}},"CurrentStamina":8,"CurrentOrder":null,"Builds":[],"GarrisonedIn":null,"Stance":0,"InterruptCurrent":false,"AttackBack":false,"TargetPriority":"","ActiveOrders":null,"Health":50,"MaxHealth":50},{"InternalID":60,"UnitID":13,"Type":2,"Kind":1,"Location":{"Space":{"X":-2,"Y":-1},"Zone":{"X":-1,"Y":1}},"CurrentStamina":8,"CurrentOrder":null,"Builds":[],"GarrisonedIn":null,"Stance":0,"InterruptCurrent":false,"AttackBack":false,"TargetPriority":"","ActiveOrders":null,"Health":50,"MaxHealth":50}],"foundations":[],"population":{"current":16,"limit":0},"resources":{"food":200,"gold":78,"stone":100,"wood":200},"spaces":[{"Space":{"X":0,"Y":-4},"Vision":1,"Owner":-1},{"Space":{"X":1,"Y":-4},"Vision":1,"Owner":-1},{"Space":{"X":2,"Y":-4},"Vision":0,"Owner":-1},{"Space":{"X":3,"Y":-4},"Vision":0,"Owner":-1},{"Space":{"X":4,"Y":-4},"Vision":0,"Owner":-1},{"Space":{"X":-1,"Y":-3},"Vision":1,"Owner":-1},{"Space":{"X":0,"Y":-3},"Vision":1,"Owner":-1},{"Space":{"X":1,"Y":-3},"Vision":1,"Owner":-1},{"Space":{"X":2,"Y":-3},"Vision":0,"Owner":-1},{"Space":{"X":3,"Y":-3},"Vision":0,"Owner":-1},{"Space":{"X":4,"Y":-3},"Vision":0,"Owner":-1},{"Space":{"X":-2,"Y":-2},"Vision":2,"Owner":-1},{"Space":{"X":-1,"Y":-2},"Vision":2,"Owner":-1},{"Space":{"X":0,"Y":-2},"Vision":2,"Owner":-1},{"Space":{"X":1,"Y":-2},"Vision":1,"Owner":-1},{"Space":{"X":2,"Y":-2},"Vision":1,"Owner":-1},{"Space":{"X":3,"Y":-2},"Vision":1,"Owner":-1},{"Space":{"X":4,"Y":-2},"Vision":0,"Owner":-1},{"Space":{"X":-3,"Y":-1},"Vision":2,"Owner":-1},{"Space":{"X":-2,"Y":-1},"Vision":3,"Owner":-1},{"Space":{"X":-1,"Y":-1},"Vision":3,"Owner":0},{"Space":{"X":0,"Y":-1},"Vision":2,"Owner":-1},{"Space":{"X":1,"Y":-1},"Vision":1,"Owner":-1},{"Space":{"X":2,"Y":-1},"Vision":1,"Owner":-1},{"Space":{"X":3,"Y":-1},"Vision":1,"Owner":-1},{"Space":{"X":4,"Y":-1},"Vision":0,"Owner":-1},{"Space":{"X":-4,"Y":0},"Vision":2,"Owner":-1},{"Space":{"X":-3,"Y":0},"Vision":3,"Owner":0},{"Space":{"X":-2,"Y":0},"Vision":2,"Owner":-1},{"Space":{"X":-1,"Y":0},"Vision":2,"Owner":-1},{"Space":{"X":0,"Y":0},"Vision":1,"Owner":-1},{"Space":{"X":1,"Y":0},"Vision":1,"Owner":-1},{"Space":{"X":2,"Y":0},"Vision":1,"Owner":-1},{"Space":{"X":3,"Y":0},"Vision":1,"Owner":-1},{"Space":{"X":4,"Y":0},"Vision":0,"Owner":-1},{"Space":{"X":-4,"Y":1},"Vision":2,"Owner":-1},{"Space":{"X":-3,"Y":1},"Vision":3,"Owner":-1},{"Space":{"X":-2,"Y":1},"Vision":3,"Owner":0},{"Space":{"X":-1,"Y":1},"Vision":2,"Owner":-1},{"Space":{"X":0,"Y":1},"Vision":1,"Owner":-1},{"Space":{"X":1,"Y":1},"Vision":1,"Owner":-1},{"Space":{"X":2,"Y":1},"Vision":1,"Owner":-1},{"Space":{"X":3,"Y":1},"Vision":1,"Owner":-1},{"Space":{"X":-4,"Y":2},"Vision":1,"Owner":-1},{"Space":{"X":-3,"Y":2},"Vision":2,"Owner":-1},{"Space":{"X":-2,"Y":2},"Vision":2,"Owner":-1},{"Space":{"X":-1,"Y":2},"Vision":1,"Owner":-1},{"Space":{"X":0,"Y":2},"Vision":1,"Owner":-1},{"Space":{"X":1,"Y":2},"Vision":1,"Owner":-1},{"Space":{"X":2,"Y":2},"Vision":1,"Owner":-1},{"Space":{"X":-4,"Y":3},"Vision":1,"Owner":-1},{"Space":{"X":-3,"Y":3},"Vision":1,"Owner":-1},{"Space":{"X":-2,"Y":3},"Vision":1,"Owner":-1},{"Space":{"X":-1,"Y":3},"Vision":1,"Owner":-1},{"Space":{"X":0,"Y":3},"Vision":1,"Owner":-1},{"Space":{"X":1,"Y":3},"Vision":1,"Owner":-1},{"Space":{"X":-4,"Y":4},"Vision":1,"Owner":-1},{"Space":{"X":-3,"Y":4},"Vision":1,"Owner":-1},{"Space":{"X":-2,"Y":4},"Vision":1,"Owner":-1},{"Space":{"X":-1,"Y":4},"Vision":1,"Owner":-1},{"Space":{"X":0,"Y":4},"Vision":1,"Owner":-1}],"units":[{"InternalID":3,"UnitID":11,"Type":2,"Kind":1,"Location":{"Space":{"X":-3,"Y":0},"Zone":{"X":1,"Y":-1}},"CurrentStamina":23,"CurrentOrder":null,"Builds":[],"GarrisonedIn":null,"Stance":3,"InterruptCurrent":true,"AttackBack":true,"TargetPriority":"","ActiveOrders":null,"Health":11,"MaxHealth":11},{"InternalID":5,"UnitID":11,"Type":2,"Kind":1,"Location":{"Space":{"X":-2,"Y":1},"Zone":{"X":-1,"Y":0}},"CurrentStamina":20,"CurrentOrder":{"Kind":0,"TargetZone":{"Space":{"X":-3,"Y":0},"Zone":{"X":0,"Y":0}},"TargetSpace":null,"TargetResource":null,"TargetUnit":null,"TargetBuilding":null},"Builds":[],"GarrisonedIn":null,"Stance":3,"InterruptCurrent":true,"AttackBack":true,"TargetPriority":"","ActiveOrders":[{"ID":231,"Kind":0}],"Health":11,"MaxHealth":11},{"InternalID":6,"UnitID":11,"Type":2,"Kind":1,"Location":{"Space":{"X":-1,"Y":-1},"Zone":{"X":-1,"Y":0}},"CurrentStamina":23,"CurrentOrder":null,"Builds":[],"GarrisonedIn":null,"Stance":3,"InterruptCurrent":false,"AttackBack":true,"TargetPriority":"","ActiveOrders":null,"Health":11,"MaxHealth":11},{"InternalID":17,"UnitID":12,"Type":2,"Kind":1,"Location":{"Space":{"X":-3,"Y":0},"Zone":{"X":0,"Y":0}},"CurrentStamina":18,"CurrentOrder":null,"Builds":[],"GarrisonedIn":null,"Stance":3,"InterruptCurrent":true,"AttackBack":true,"TargetPriority":"","ActiveOrders":null,"Health":16,"MaxHealth":16},{"InternalID":18,"UnitID":12,"Type":2,"Kind":1,"Location":{"Space":{"X":-3,"Y":0},"Zone":{"X":0,"Y":0}},"CurrentStamina":18,"CurrentOrder":null,"Builds":[],"GarrisonedIn":null,"Stance":3,"InterruptCurrent":true,"AttackBack":true,"TargetPriority":"","ActiveOrders":null,"Health":16,"MaxHealth":16},{"InternalID":19,"UnitID":12,"Type":2,"Kind":1,"Location":{"Space":{"X":-3,"Y":0},"Zone":{"X":0,"Y":0}},"CurrentStamina":18,"CurrentOrder":null,"Builds":[],"GarrisonedIn":null,"Stance":3,"InterruptCurrent":true,"AttackBack":true,"TargetPriority":"","ActiveOrders":null,"Health":16,"MaxHealth":16},{"InternalID":20,"UnitID":12,"Type":2,"Kind":1,"Location":{"Space":{"X":-3,"Y":0},"Zone":{"X":0,"Y":0}},"CurrentStamina":18,"CurrentOrder":null,"Builds":[],"GarrisonedIn":null,"Stance":3,"InterruptCurrent":true,"AttackBack":true,"TargetPriority":"","ActiveOrders":null,"Health":16,"MaxHealth":16},{"InternalID":21,"UnitID":12,"Type":2,"Kind":1,"Location":{"Space":{"X":-3,"Y":0},"Zone":{"X":0,"Y":0}},"CurrentStamina":18,"CurrentOrder":null,"Builds":[],"GarrisonedIn":null,"Stance":3,"InterruptCurrent":true,"AttackBack":true,"TargetPriority":"","ActiveOrders":null,"Health":16,"MaxHealth":16},{"InternalID":22,"UnitID":12,"Type":2,"Kind":1,"Location":{"Space":{"X":-3,"Y":0},"Zone":{"X":0,"Y":0}},"CurrentStamina":18,"CurrentOrder":null,"Builds":[],"GarrisonedIn":null,"Stance":3,"InterruptCurrent":true,"AttackBack":true,"TargetPriority":"","ActiveOrders":null,"Health":16,"MaxHealth":16},{"InternalID":23,"UnitID":12,"Type":2,"Kind":1,"Location":{"Space":{"X":-3,"Y":0},"Zone":{"X":0,"Y":0}},"CurrentStamina":18,"CurrentOrder":null,"Builds":[],"GarrisonedIn":null,"Stance":3,"InterruptCurrent":true,"AttackBack":true,"TargetPriority":"","ActiveOrders":null,"Health":16,"MaxHealth":16},{"InternalID":24,"UnitID":12,"Type":2,"Kind":1,"Location":{"Space":{"X":-3,"Y":0},"Zone":{"X":0,"Y":0}},"CurrentStamina":18,"CurrentOrder":null,"Builds":[],"GarrisonedIn":null,"Stance":3,"InterruptCurrent":true,"AttackBack":true,"TargetPriority":"","ActiveOrders":null,"Health":16,"MaxHealth":16},{"InternalID":26,"UnitID":13,"Type":2,"Kind":1,"Location":{"Space":{"X":-2,"Y":-1},"Zone":{"X":-1,"Y":1}},"CurrentStamina":8,"CurrentOrder":{"Kind":6,"TargetZone":null,"TargetSpace":null,"TargetResource":null,"TargetUnit":{"InternalID":40,"UnitID":11,"Type":2,"Kind":1,"Location":{"Space":{"X":-2,"Y":-1},"Zone":{"X":-1,"Y":1}},"CurrentStamina":15,"CurrentOrder":null,"Builds":[],"GarrisonedIn":null,"Stance":0,"InterruptCurrent":false,"AttackBack":false,"TargetPriority":"","ActiveOrders":null,"Health":2.475,"MaxHealth":11},"TargetBuilding":null},"Builds":[],"GarrisonedIn":null,"Stance":3,"InterruptCurrent":false,"AttackBack":true,"TargetPriority":"","ActiveOrders":[{"ID":263,"Kind":6},{"ID":264,"Kind":6},{"ID":265,"Kind":6}],"Health":20.3426,"MaxHealth":50},{"InternalID":27,"UnitID":13,"Type":2,"Kind":1,"Location":{"Space":{"X":-2,"Y":-1},"Zone":{"X":-1,"Y":1}},"CurrentStamina":8,"CurrentOrder":{"Kind":6,"TargetZone":null,"TargetSpace":null,"TargetResource":null,"TargetUnit":{"InternalID":40,"UnitID":11,"Type":2,"Kind":1,"Location":{"Space":{"X":-2,"Y":-1},"Zone":{"X":-1,"Y":1}},"CurrentStamina":15,"CurrentOrder":null,"Builds":[],"GarrisonedIn":null,"Stance":0,"InterruptCurrent":false,"AttackBack":false,"TargetPriority":"","ActiveOrders":null,"Health":2.475,"MaxHealth":11},"TargetBuilding":null},"Builds":[],"GarrisonedIn":null,"Stance":3,"InterruptCurrent":false,"AttackBack":true,"TargetPriority":"","ActiveOrders":[{"ID":268,"Kind":6},{"ID":269,"Kind":6},{"ID":270,"Kind":6},{"ID":271,"Kind":6}],"Health":50,"MaxHealth":50},{"InternalID":28,"UnitID":13,"Type":2,"Kind":1,"Location":{"Space":{"X":-2,"Y":-1},"Zone":{"X":-1,"Y":1}},"CurrentStamina":8,"CurrentOrder":{"Kind":6,"TargetZone":null,"TargetSpace":null,"TargetResource":null,"TargetUnit":{"InternalID":40,"UnitID":11,"Type":2,"Kind":1,"Location":{"Space":{"X":-2,"Y":-1},"Zone":{"X":-1,"Y":1}},"CurrentStamina":15,"CurrentOrder":null,"Builds":[],"GarrisonedIn":null,"Stance":0,"InterruptCurrent":false,"AttackBack":false,"TargetPriority":"","ActiveOrders":null,"Health":2.475,"MaxHealth":11},"TargetBuilding":null},"Builds":[],"GarrisonedIn":null,"Stance":3,"InterruptCurrent":false,"AttackBack":true,"TargetPriority":"","ActiveOrders":[{"ID":273,"Kind":6},{"ID":274,"Kind":6},{"ID":275,"Kind":6},{"ID":276,"Kind":6},{"ID":277,"Kind":6}],"Health":50,"MaxHealth":50},{"InternalID":29,"UnitID":13,"Type":2,"Kind":1,"Location":{"Space":{"X":-2,"Y":-1},"Zone":{"X":-1,"Y":1}},"CurrentStamina":8,"CurrentOrder":{"Kind":6,"TargetZone":null,"TargetSpace":null,"TargetResource":null,"TargetUnit":{"InternalID":41,"UnitID":11,"Type":2,"Kind":1,"Location":{"Space":{"X":-2,"Y":-1},"Zone":{"X":-1,"Y":1}},"CurrentStamina":15,"CurrentOrder":null,"Builds":[],"GarrisonedIn":null,"Stance":0,"InterruptCurrent":false,"AttackBack":false,"TargetPriority":"","ActiveOrders":null,"Health":2.475,"MaxHealth":11},"TargetBuilding":null},"Builds":[],"GarrisonedIn":null,"Stance":3,"InterruptCurrent":false,"AttackBack":true,"TargetPriority":"","ActiveOrders":[{"ID":279,"Kind":6},{"ID":280,"Kind":6},{"ID":281,"Kind":6},{"ID":282,"Kind":6},{"ID":283,"Kind":6}],"Health":50,"MaxHealth":50},{"InternalID":30,"UnitID":13,"Type":2,"Kind":1,"Location":{"Space":{"X":-2,"Y":-1},"Zone":{"X":-1,"Y":1}},"CurrentStamina":8,"CurrentOrder":{"Kind":6,"TargetZone":null,"TargetSpace":null,"TargetResource":null,"TargetUnit":{"InternalID":42,"UnitID":11,"Type":2,"Kind":1,"Location":{"Space":{"X":-2,"Y":-1},"Zone":{"X":-1,"Y":1}},"CurrentStamina":15,"CurrentOrder":null,"Builds":[],"GarrisonedIn":null,"Stance":0,"InterruptCurrent":false,"AttackBack":false,"TargetPriority":"","ActiveOrders":null,"Health":2.475,"MaxHealth":11},"TargetBuilding":null},"Builds":[],"GarrisonedIn":null,"Stance":3,"InterruptCurrent":false,"AttackBack":true,"TargetPriority":"","ActiveOrders":[{"ID":285,"Kind":6},{"ID":286,"Kind":6},{"ID":287,"Kind":6},{"ID":288,"Kind":6},{"ID":289,"Kind":6}],"Health":50,"MaxHealth":50}]}
2026/09/30 21:20:33 ai ai-0: submitting orders [{Subjects:[6] OrderType:2 TargetID:10731 ClearPreviousOrders:true} {Subjects:[3] OrderType:2 TargetID:10731 ClearPreviousOrders:true} {Subjects:[17] OrderType:2 TargetID:10731 ClearPreviousOrders:true} {Subjects:[18] OrderType:2 TargetID:10731 ClearPreviousOrders:true} {Subjects:[19] OrderType:2 TargetID:10731 ClearPreviousOrders:true} {Subjects:[20] OrderType:2 TargetID:10731 ClearPreviousOrders:true} {Subjects:[21] OrderType:2 TargetID:10731 ClearPreviousOrders:true} {Subjects:[22] OrderType:2 TargetID:10731 ClearPreviousOrders:true} {Subjects:[23] OrderType:2 TargetID:10731 ClearPreviousOrders:true} {Subjects:[24] OrderType:2 TargetID:10731 ClearPreviousOrders:true} {Subjects:[3] OrderType:9 TargetID:36 ClearPreviousOrders:true} {Subjects:[5] OrderType:9 TargetID:36 ClearPreviousOrders:true} {Subjects:[6] OrderType:9 TargetID:36 ClearPreviousOrders:true} {Subjects:[17] OrderType:9 TargetID:36 ClearPreviousOrders:true} {Subjects:[18] OrderType:9 TargetID:36 ClearPreviousOrders:true} {Subjects:[19] OrderType:9 TargetID:36 ClearPreviousOrders:true} {Subjects:[20] OrderType:9 TargetID:36 ClearPreviousOrders:true} {Subjects:[21] OrderType:9 TargetID:36 ClearPreviousOrders:true} {Subjects:[22] OrderType:9 TargetID:36 ClearPreviousOrders:true} {Subjects:[23] OrderType:9 TargetID:36 ClearPreviousOrders:true} {Subjects:[24] OrderType:9 TargetID:36 ClearPreviousOrders:true} {Subjects:[26] OrderType:9 TargetID:36 ClearPreviousOrders:true} {Subjects:[27] OrderType:9 TargetID:36 ClearPreviousOrders:true} {Subjects:[28] OrderType:9 TargetID:36 ClearPreviousOrders:true} {Subjects:[29] OrderType:9 TargetID:36 ClearPreviousOrders:true} {Subjects:[30] OrderType:9 TargetID:36 ClearPreviousOrders:true} {Subjects:[26] OrderType:9 TargetID:36 ClearPreviousOrders:true} {Subjects:[26] OrderType:9 TargetID:37 ClearPreviousOrders:false} {Subjects:[26] OrderType:9 TargetID:40 ClearPreviousOrders:false} {Subjects:[26] OrderType:9 TargetID:41 ClearPreviousOrders:false} {Subjects:[26] OrderType:9 TargetID:42 ClearPreviousOrders:false} {Subjects:[26] OrderType:9 TargetID:43 ClearPreviousOrders:false} {Subjects:[27] OrderType:9 TargetID:36 ClearPreviousOrders:true} {Subjects:[27] OrderType:9 TargetID:40 ClearPreviousOrders:false} {Subjects:[27] OrderType:9 TargetID:41 ClearPreviousOrders:false} {Subjects:[27] OrderType:9 TargetID:42 ClearPreviousOrders:false} {Subjects:[27] OrderType:9 TargetID:43 ClearPreviousOrders:false} {Subjects:[27] OrderType:9 TargetID:44 ClearPreviousOrders:false} {Subjects:[28] OrderType:9 TargetID:36 ClearPreviousOrders:true} {Subjects:[28] OrderType:9 TargetID:41 ClearPreviousOrders:false} {Subjects:[28] OrderType:9 TargetID:42 ClearPreviousOrders:false} {Subjects:[28] OrderType:9 TargetID:43 ClearPreviousOrders:false} {Subjects:[28] OrderType:9 TargetID:44 ClearPreviousOrders:false} {Subjects:[28] OrderType:9 TargetID:45 ClearPreviousOrders:false} {Subjects:[29] OrderType:9 TargetID:36 ClearPreviousOrders:true} {Subjects:[29] OrderType:9 TargetID:42 ClearPreviousOrders:false} {Subjects:[29] OrderType:9 TargetID:43 ClearPreviousOrders:false} {Subjects:[29] OrderType:9 TargetID:44 ClearPreviousOrders:false} {Subjects:[29] OrderType:9 TargetID:45 ClearPreviousOrders:false} {Subjects:[29] OrderType:9 TargetID:46 ClearPreviousOrders:false} {Subjects:[30] OrderType:9 TargetID:36 ClearPreviousOrders:true} {Subjects:[30] OrderType:9 TargetID:43 ClearPreviousOrders:false} {Subjects:[30] OrderType:9 TargetID:44 ClearPreviousOrders:false} {Subjects:[30] OrderType:9 TargetID:45 ClearPreviousOrders:false} {Subjects:[30] OrderType:9 TargetID:46 ClearPreviousOrders:false} {Subjects:[30] OrderType:9 TargetID:47 ClearPreviousOrders:false}]
2026/09/30 21:20:33 ai ai-0: vars {"B":3,"Hv":5,"Pi":8,"aPowLocal":0,"aThreat":0,"a_engaged":0,"a_odds":1.3,"a_outnumbered":0,"army_target":50,"army_value":1990,"assault":0,"bank_rate":28,"bar_barracks":0.17072129748186085,"bar_redoubt":1.1111111111111112,"barracks":0,"barracks_B":0,"barracks_P":0,"barracks_save":0,"barracks_spend":78.1,"barracks_want":0,"buffer_food":70,"buffer_gold":0,"buffer_stone":0,"buffer_wood":70,"builders":0,"committed":0,"eB":12.399999999999999,"eGrowth":0,"eH":6,"eMil":26.4,"eP":8,"ePow":52.4,"ePowEst":50.96,"ePowSeen":50.96,"eTech":1,"eV":0,"es":27.4,"farm_want":0,"farm_wood_short":0,"farming":0,"fire_barracks":0,"fire_farm0":0,"fire_farm1":0,"fire_farm2":0,"fire_house":0,"fire_outpost":0,"fire_redoubt":0,"fire_smith":0,"fire_vc":0,"food_need":0,"food_over":0,"food_rate":0,"food_slots":1000,"food_workers":0,"free_room":34,"go":0,"gold_income":6,"gold_need":0,"gold_rate":0,"gold_surplus":78,"guaranteed":0,"guard_home":0,"headroom":-16,"hire_B":4200,"hire_P":6600,"homePow":0,"house_builders":0,"house_urgency":0,"house_want":0,"income_proj":0,"left":0,"lf_food":0,"lf_gold":0,"lf_stone":0,"lf_wood":0,"lump_food":0,"lump_gold":0,"lump_stone":0,"lump_wood":0,"maturity":0,"mil":16,"myTech":1,"n_barracks":0,"n_redoubts":0,"needB":25.021318868343545,"needP":8.978681131656455,"outpost_want":0,"pikes":0,"planned_food":0,"planned_gold":0,"planned_stone":0,"planned_wood":0,"prod_rate":0,"proj_army":1990,"raid_danger":49,"raid_fails":0,"raid_lost":0,"raid_pause":0,"raid_prev":2,"raid_size":3,"raid_wiped":0,"rate":6,"redoubt_H":0,"redoubt_gold_ok":0.7466666666666666,"redoubt_save":0,"redoubt_spend":30,"redoubt_want":0,"redoubts":0,"rf_food":0,"rf_gold":0,"rf_stone":0,"rf_wood":0,"sB4":1.289820141579529,"sP4":0.46284066117244,"scale_l":0,"scale_r":0,"shareH":0.5027247956403269,"smith_want":0,"smiths":0,"spare":0,"spare_food":0.5,"stone_need":0,"stone_rate":0,"tH":39,"target_spend":400,"tech_food":50,"tech_gold":0,"tech_stone":0,"tech_wood":50,"threat_home":0,"turns_left":-160,"u_barracks":0.1782804829970659,"u_redoubt":0.46920980926430517,"unit_spend":120,"vB":1.0656934306569341,"vH":1.0773722627737226,"vP":0.8248175182481752,"vc_want":0,"vcs":0,"vil_goal":50,"vil_rate":0,"vil_stamina":8,"vil_want":0,"vil_want_last":0,"vil_worth_now":0.6,"vils":0,"w_food":0,"w_gold":0,"w_stone":0,"w_wood":0,"wild_workers":0,"wood_need":0,"wood_rate":0,"workers":0}
2026/09/30 21:20:33 player action: set-unit-behavior 0 1 map[internal_ids:[26 27 28 29 30] interrupt_current:true]
2026/09/30 21:20:33 player action: submit-orders 0 1 map[orders:[{0 [6] 2 10731 true} {0 [3] 2 10731 true} {0 [17] 2 10731 true} {0 [18] 2 10731 true} {0 [19] 2 10731 true} {0 [20] 2 10731 true} {0 [21] 2 10731 true} {0 [22] 2 10731 true} {0 [23] 2 10731 true} {0 [24] 2 10731 true} {0 [3] 9 36 true} {0 [5] 9 36 true} {0 [6] 9 36 true} {0 [17] 9 36 true} {0 [18] 9 36 true} {0 [19] 9 36 true} {0 [20] 9 36 true} {0 [21] 9 36 true} {0 [22] 9 36 true} {0 [23] 9 36 true} {0 [24] 9 36 true} {0 [26] 9 36 true} {0 [27] 9 36 true} {0 [28] 9 36 true} {0 [29] 9 36 true} {0 [30] 9 36 true} {0 [26] 9 36 true} {0 [26] 9 37 false} {0 [26] 9 40 false} {0 [26] 9 41 false} {0 [26] 9 42 false} {0 [26] 9 43 false} {0 [27] 9 36 true} {0 [27] 9 40 false} {0 [27] 9 41 false} {0 [27] 9 42 false} {0 [27] 9 43 false} {0 [27] 9 44 false} {0 [28] 9 36 true} {0 [28] 9 41 false} {0 [28] 9 42 false} {0 [28] 9 43 false} {0 [28] 9 44 false} {0 [28] 9 45 false} {0 [29] 9 36 true} {0 [29] 9 42 false} {0 [29] 9 43 false} {0 [29] 9 44 false} {0 [29] 9 45 false} {0 [29] 9 46 false} {0 [30] 9 36 true} {0 [30] 9 43 false} {0 [30] 9 44 false} {0 [30] 9 45 false} {0 [30] 9 46 false} {0 [30] 9 47 false}]]
2026/09/30 21:20:33 Executing submit orders for: 0 [{0 [6] 2 10731 true} {0 [3] 2 10731 true} {0 [17] 2 10731 true} {0 [18] 2 10731 true} {0 [19] 2 10731 true} {0 [20] 2 10731 true} {0 [21] 2 10731 true} {0 [22] 2 10731 true} {0 [23] 2 10731 true} {0 [24] 2 10731 true} {0 [3] 9 36 true} {0 [5] 9 36 true} {0 [6] 9 36 true} {0 [17] 9 36 true} {0 [18] 9 36 true} {0 [19] 9 36 true} {0 [20] 9 36 true} {0 [21] 9 36 true} {0 [22] 9 36 true} {0 [23] 9 36 true} {0 [24] 9 36 true} {0 [26] 9 36 true} {0 [27] 9 36 true} {0 [28] 9 36 true} {0 [29] 9 36 true} {0 [30] 9 36 true} {0 [26] 9 36 true} {0 [26] 9 37 false} {0 [26] 9 40 false} {0 [26] 9 41 false} {0 [26] 9 42 false} {0 [26] 9 43 false} {0 [27] 9 36 true} {0 [27] 9 40 false} {0 [27] 9 41 false} {0 [27] 9 42 false} {0 [27] 9 43 false} {0 [27] 9 44 false} {0 [28] 9 36 true} {0 [28] 9 41 false} {0 [28] 9 42 false} {0 [28] 9 43 false} {0 [28] 9 44 false} {0 [28] 9 45 false} {0 [29] 9 36 true} {0 [29] 9 42 false} {0 [29] 9 43 false} {0 [29] 9 44 false} {0 [29] 9 45 false} {0 [29] 9 46 false} {0 [30] 9 36 true} {0 [30] 9 43 false} {0 [30] 9 44 false} {0 [30] 9 45 false} {0 [30] 9 46 false} {0 [30] 9 47 false}]
2026/09/30 21:20:33 Resolving active orders
2026/09/30 21:20:33 Moving unit 17 Piercing Infantry to zone(1, -1) in space (-3, 0) tick=1
2026/09/30 21:20:33 Moving unit 20 Piercing Infantry to zone(1, -1) in space (-3, 0) tick=1
2026/09/30 21:20:33 combat turn=8 tick=1: 28 u13 (player 0, stamina 3) hits 36 u11 (player 1) for 5.12
2026/09/30 21:20:33 combat turn=8 tick=1: 29 u13 (player 0, stamina 3) hits 36 u11 (player 1) for 5.12
2026/09/30 21:20:33 Moving unit 5 Blunt Infantry to zone(0, -1) in space (-2, 1) tick=1
2026/09/30 21:20:33 Moving unit 18 Piercing Infantry to zone(1, -1) in space (-3, 0) tick=1
2026/09/30 21:20:33 combat turn=8 tick=1: 27 u13 (player 0, stamina 3) hits 36 u11 (player 1) for 5.12
2026/09/30 21:20:33 combat turn=8 tick=1: 26 u13 (player 0, stamina 3) hits 36 u11 (player 1) for 5.12
2026/09/30 21:20:33 Moving unit 19 Piercing Infantry to zone(1, -1) in space (-3, 0) tick=1
2026/09/30 21:20:33 Moving unit 21 Piercing Infantry to zone(1, -1) in space (-3, 0) tick=1
2026/09/30 21:20:33 Moving unit 23 Piercing Infantry to zone(1, -1) in space (-3, 0) tick=1
2026/09/30 21:20:33 Moving unit 24 Piercing Infantry to zone(1, -1) in space (-3, 0) tick=1
2026/09/30 21:20:33 combat turn=8 tick=1: 30 u13 (player 0, stamina 3) hits 36 u11 (player 1) for 5.12
2026/09/30 21:20:33 Moving unit 22 Piercing Infantry to zone(1, -1) in space (-3, 0) tick=1
2026/09/30 21:20:33 Moving unit 3 Blunt Infantry to zone(-1, 1) in space (-2, -1) tick=1
2026/09/30 21:20:33 Moving unit 6 Blunt Infantry to zone(1, 0) in space (-2, -1) tick=1
2026/09/30 21:20:33 combat turn=8 tick=1: 58 u13 (player 1, stamina 3) hits 26 u13 (player 0) for 3.41
2026/09/30 21:20:33 combat turn=8 tick=1: 42 u11 (player 1, stamina 3) hits 26 u13 (player 0) for 0.71
2026/09/30 21:20:33 combat turn=8 tick=1: 50 u12 (player 1, stamina 3) hits 26 u13 (player 0) for 2.10
2026/09/30 21:20:33 combat turn=8 tick=1: 57 u13 (player 1, stamina 3) hits 26 u13 (player 0) for 3.41
2026/09/30 21:20:33 combat turn=8 tick=1: 59 u13 (player 1, stamina 3) hits 26 u13 (player 0) for 3.41
2026/09/30 21:20:33 Moving unit 31 Blunt Infantry to zone(0, -1) in space (0, 2) tick=1
2026/09/30 21:20:33 combat turn=8 tick=1: 51 u12 (player 1, stamina 3) hits 26 u13 (player 0) for 2.10
2026/09/30 21:20:33 combat turn=8 tick=1: 54 u12 (player 1, stamina 3) hits 26 u13 (player 0) for 2.10
2026/09/30 21:20:33 combat turn=8 tick=1: 60 u13 (player 1, stamina 3) hits 26 u13 (player 0) for 3.41
2026/09/30 21:20:33 combat turn=8 tick=1: 41 u11 (player 1, stamina 3) hits 26 u13 (player 0) for 0.71
2026/09/30 21:20:33 combat turn=8 tick=1: 43 u11 (player 1, stamina 3) hits 26 u13 (player 0) for 0.71
2026/09/30 21:20:33 combat turn=8 tick=1: 48 u12 (player 1, stamina 3) hits 26 u13 (player 0) for 2.10
2026/09/30 21:20:33 combat turn=8 tick=1: 53 u12 (player 1, stamina 3) hits 26 u13 (player 0) for 2.10
2026/09/30 21:20:33 combat turn=8 tick=1: 55 u13 (player 1, stamina 3) hits 26 u13 (player 0) for 3.41
2026/09/30 21:20:33 combat turn=8 tick=1: 56 u13 (player 1, stamina 3) hits 26 u13 (player 0) for 3.41
2026/09/30 21:20:33 combat turn=8 tick=1: 44 u11 (player 1, stamina 3) hits 26 u13 (player 0) for 0.71
2026/09/30 21:20:33 combat turn=8 tick=1: 47 u12 (player 1, stamina 3) hits 26 u13 (player 0) for 2.10
2026/09/30 21:20:33 combat turn=8 tick=1: 49 u12 (player 1, stamina 3) hits 26 u13 (player 0) for 2.10
2026/09/30 21:20:33 combat turn=8 tick=1: 40 u11 (player 1, stamina 3) hits 26 u13 (player 0) for 0.71
2026/09/30 21:20:33 combat turn=8 tick=1: 46 u11 (player 1, stamina 3) hits 26 u13 (player 0) for 0.71
2026/09/30 21:20:33 combat turn=8 tick=1: 36 u11 (player 1, stamina 3) hits 26 u13 (player 0) for 0.71
2026/09/30 21:20:33 combat turn=8 tick=1: 37 u11 (player 1, stamina 3) hits 26 u13 (player 0) for 0.71
2026/09/30 21:20:33 combat turn=8 tick=1: 45 u11 (player 1, stamina 3) hits 26 u13 (player 0) for 0.71
2026/09/30 21:20:33 combat turn=8 tick=1: 52 u12 (player 1, stamina 3) hits 26 u13 (player 0) for 2.10
2026/09/30 21:20:33 state_hash turn=8 tick=1 hash=4f363c89f44f8779
2026/09/30 21:20:33 combat turn=8 tick=2: 28 u13 (player 0, stamina 3) hits 37 u11 (player 1) for 5.12
2026/09/30 21:20:33 combat turn=8 tick=2: 29 u13 (player 0, stamina 3) hits 37 u11 (player 1) for 5.12
2026/09/30 21:20:33 combat turn=8 tick=2: 27 u13 (player 0, stamina 3) hits 37 u11 (player 1) for 5.12
2026/09/30 21:20:33 combat turn=8 tick=2: 30 u13 (player 0, stamina 3) hits 37 u11 (player 1) for 5.12
2026/09/30 21:20:33 combat turn=8 tick=2: 3 u11 (player 0, stamina 3) hits 37 u11 (player 1) for 1.80
2026/09/30 21:20:33 combat turn=8 tick=2: 41 u11 (player 1, stamina 3) hits 3 u11 (player 0) for 1.80
2026/09/30 21:20:33 combat turn=8 tick=2: 43 u11 (player 1, stamina 3) hits 3 u11 (player 0) for 1.80
2026/09/30 21:20:33 combat turn=8 tick=2: 48 u12 (player 1, stamina 3) hits 3 u11 (player 0) for 2.70
2026/09/30 21:20:33 combat turn=8 tick=2: 53 u12 (player 1, stamina 3) hits 3 u11 (player 0) for 2.70
2026/09/30 21:20:33 combat turn=8 tick=2: 55 u13 (player 1, stamina 3) hits 3 u11 (player 0) for 5.12
2026/09/30 21:20:33 combat turn=8 tick=2: 56 u13 (player 1, stamina 3) hits 3 u11 (player 0) for 5.12
2026/09/30 21:20:33 combat turn=8 tick=2: 44 u11 (player 1, stamina 3) hits 3 u11 (player 0) for 1.80
2026/09/30 21:20:33 combat turn=8 tick=2: 47 u12 (player 1, stamina 3) hits 3 u11 (player 0) for 2.70
2026/09/30 21:20:33 combat turn=8 tick=2: 49 u12 (player 1, stamina 3) hits 3 u11 (player 0) for 2.70
2026/09/30 21:20:33 combat turn=8 tick=2: 40 u11 (player 1, stamina 3) hits 3 u11 (player 0) for 1.80
2026/09/30 21:20:33 combat turn=8 tick=2: 46 u11 (player 1, stamina 3) hits 3 u11 (player 0) for 1.80
2026/09/30 21:20:33 combat turn=8 tick=2: 37 u11 (player 1, stamina 3) hits 3 u11 (player 0) for 1.80
2026/09/30 21:20:33 combat turn=8 tick=2: 45 u11 (player 1, stamina 3) hits 3 u11 (player 0) for 1.80
2026/09/30 21:20:33 combat turn=8 tick=2: 52 u12 (player 1, stamina 3) hits 3 u11 (player 0) for 2.70
2026/09/30 21:20:33 combat turn=8 tick=2: 58 u13 (player 1, stamina 3) hits 3 u11 (player 0) for 5.12
2026/09/30 21:20:33 combat turn=8 tick=2: 42 u11 (player 1, stamina 3) hits 3 u11 (player 0) for 1.80
2026/09/30 21:20:33 combat turn=8 tick=2: 50 u12 (player 1, stamina 3) hits 3 u11 (player 0) for 2.70
2026/09/30 21:20:33 combat turn=8 tick=2: 57 u13 (player 1, stamina 3) hits 3 u11 (player 0) for 5.12
2026/09/30 21:20:33 combat turn=8 tick=2: 59 u13 (player 1, stamina 3) hits 3 u11 (player 0) for 5.12
2026/09/30 21:20:33 Moving unit 31 Blunt Infantry to zone(0, 1) in space (0, 1) tick=2
2026/09/30 21:20:33 combat turn=8 tick=2: 51 u12 (player 1, stamina 3) hits 3 u11 (player 0) for 2.70
2026/09/30 21:20:33 combat turn=8 tick=2: 54 u12 (player 1, stamina 3) hits 3 u11 (player 0) for 2.70
2026/09/30 21:20:33 combat turn=8 tick=2: 60 u13 (player 1, stamina 3) hits 3 u11 (player 0) for 5.12
2026/09/30 21:20:33 state_hash turn=8 tick=2 hash=3fe7650b066bfc15
2026/09/30 21:20:33 Moving unit 6 Blunt Infantry to zone(0, 0) in space (-2, -1) tick=3
2026/09/30 21:20:33 combat turn=8 tick=3: 28 u13 (player 0, stamina 2) hits 40 u11 (player 1) for 3.41
2026/09/30 21:20:33 combat turn=8 tick=3: 29 u13 (player 0, stamina 2) hits 40 u11 (player 1) for 3.41
2026/09/30 21:20:33 combat turn=8 tick=3: 27 u13 (player 0, stamina 2) hits 40 u11 (player 1) for 3.41
2026/09/30 21:20:33 combat turn=8 tick=3: 30 u13 (player 0, stamina 2) hits 40 u11 (player 1) for 3.41
2026/09/30 21:20:33 combat turn=8 tick=3: 46 u11 (player 1, stamina 3) hits 27 u13 (player 0) for 0.71
2026/09/30 21:20:33 combat turn=8 tick=3: 45 u11 (player 1, stamina 3) hits 27 u13 (player 0) for 0.71
2026/09/30 21:20:33 combat turn=8 tick=3: 52 u12 (player 1, stamina 3) hits 27 u13 (player 0) for 2.10
2026/09/30 21:20:33 combat turn=8 tick=3: 58 u13 (player 1, stamina 2) hits 27 u13 (player 0) for 2.27
2026/09/30 21:20:33 combat turn=8 tick=3: 42 u11 (player 1, stamina 3) hits 27 u13 (player 0) for 0.71
2026/09/30 21:20:33 combat turn=8 tick=3: 50 u12 (player 1, stamina 3) hits 27 u13 (player 0) for 2.10
2026/09/30 21:20:33 combat turn=8 tick=3: 57 u13 (player 1, stamina 2) hits 27 u13 (player 0) for 2.27
2026/09/30 21:20:33 combat turn=8 tick=3: 59 u13 (player 1, stamina 2) hits 27 u13 (player 0) for 2.27
2026/09/30 21:20:33 Moving unit 31 Blunt Infantry to zone(0, 0) in space (0, 1) tick=3
2026/09/30 21:20:33 combat turn=8 tick=3: 51 u12 (player 1, stamina 3) hits 27 u13 (player 0) for 2.10
2026/09/30 21:20:33 combat turn=8 tick=3: 54 u12 (player 1, stamina 3) hits 27 u13 (player 0) for 2.10
2026/09/30 21:20:33 combat turn=8 tick=3: 60 u13 (player 1, stamina 2) hits 27 u13 (player 0) for 2.27
2026/09/30 21:20:33 combat turn=8 tick=3: 41 u11 (player 1, stamina 3) hits 27 u13 (player 0) for 0.71
2026/09/30 21:20:33 combat turn=8 tick=3: 43 u11 (player 1, stamina 3) hits 27 u13 (player 0) for 0.71
2026/09/30 21:20:33 combat turn=8 tick=3: 48 u12 (player 1, stamina 3) hits 27 u13 (player 0) for 2.10
2026/09/30 21:20:33 combat turn=8 tick=3: 53 u12 (player 1, stamina 3) hits 27 u13 (player 0) for 2.10
2026/09/30 21:20:33 combat turn=8 tick=3: 55 u13 (player 1, stamina 2) hits 27 u13 (player 0) for 2.27
2026/09/30 21:20:33 combat turn=8 tick=3: 56 u13 (player 1, stamina 2) hits 27 u13 (player 0) for 2.27
2026/09/30 21:20:33 combat turn=8 tick=3: 44 u11 (player 1, stamina 3) hits 27 u13 (player 0) for 0.71
2026/09/30 21:20:33 combat turn=8 tick=3: 47 u12 (player 1, stamina 3) hits 27 u13 (player 0) for 2.10
2026/09/30 21:20:33 combat turn=8 tick=3: 49 u12 (player 1, stamina 3) hits 27 u13 (player 0) for 2.10
2026/09/30 21:20:33 combat turn=8 tick=3: 40 u11 (player 1, stamina 3) hits 27 u13 (player 0) for 0.71
2026/09/30 21:20:33 state_hash turn=8 tick=3 hash=c63070d50ad92276
2026/09/30 21:20:33 Moving unit 6 Blunt Infantry to zone(-1, 1) in space (-2, -1) tick=4
2026/09/30 21:20:33 combat turn=8 tick=4: 46 u11 (player 1, stamina 3) hits 27 u13 (player 0) for 0.71
2026/09/30 21:20:33 combat turn=8 tick=4: 45 u11 (player 1, stamina 3) hits 27 u13 (player 0) for 0.71
2026/09/30 21:20:33 combat turn=8 tick=4: 52 u12 (player 1, stamina 3) hits 27 u13 (player 0) for 2.10
2026/09/30 21:20:33 combat turn=8 tick=4: 42 u11 (player 1, stamina 3) hits 27 u13 (player 0) for 0.71
2026/09/30 21:20:33 combat turn=8 tick=4: 50 u12 (player 1, stamina 3) hits 27 u13 (player 0) for 2.10
2026/09/30 21:20:33 Moving unit 31 Blunt Infantry to zone(0, -1) in space (0, 1) tick=4
2026/09/30 21:20:33 combat turn=8 tick=4: 51 u12 (player 1, stamina 3) hits 27 u13 (player 0) for 2.10
2026/09/30 21:20:33 combat turn=8 tick=4: 54 u12 (player 1, stamina 3) hits 27 u13 (player 0) for 2.10
2026/09/30 21:20:33 combat turn=8 tick=4: 41 u11 (player 1, stamina 3) hits 27 u13 (player 0) for 0.71
2026/09/30 21:20:33 combat turn=8 tick=4: 43 u11 (player 1, stamina 3) hits 27 u13 (player 0) for 0.71
2026/09/30 21:20:33 combat turn=8 tick=4: 48 u12 (player 1, stamina 3) hits 27 u13 (player 0) for 2.10
2026/09/30 21:20:33 combat turn=8 tick=4: 53 u12 (player 1, stamina 3) hits 27 u13 (player 0) for 2.10
2026/09/30 21:20:33 combat turn=8 tick=4: 44 u11 (player 1, stamina 3) hits 27 u13 (player 0) for 0.71
2026/09/30 21:20:33 combat turn=8 tick=4: 47 u12 (player 1, stamina 3) hits 27 u13 (player 0) for 2.10
2026/09/30 21:20:33 combat turn=8 tick=4: 49 u12 (player 1, stamina 3) hits 27 u13 (player 0) for 2.10
2026/09/30 21:20:33 state_hash turn=8 tick=4 hash=3494163074efda21
2026/09/30 21:20:33 combat turn=8 tick=5: 6 u11 (player 0, stamina 3) hits 41 u11 (player 1) for 1.80
2026/09/30 21:20:33 combat turn=8 tick=5: 41 u11 (player 1, stamina 3) hits 6 u11 (player 0) for 1.80
2026/09/30 21:20:33 combat turn=8 tick=5: 43 u11 (player 1, stamina 3) hits 6 u11 (player 0) for 1.80
2026/09/30 21:20:33 combat turn=8 tick=5: 44 u11 (player 1, stamina 3) hits 6 u11 (player 0) for 1.80
2026/09/30 21:20:33 combat turn=8 tick=5: 46 u11 (player 1, stamina 3) hits 6 u11 (player 0) for 1.80
2026/09/30 21:20:33 combat turn=8 tick=5: 45 u11 (player 1, stamina 3) hits 6 u11 (player 0) for 1.80
2026/09/30 21:20:33 combat turn=8 tick=5: 42 u11 (player 1, stamina 3) hits 6 u11 (player 0) for 1.80
2026/09/30 21:20:33 Moving unit 31 Blunt Infantry to zone(0, 1) in space (0, 0) tick=5
2026/09/30 21:20:33 state_hash turn=8 tick=5 hash=2a0b0aa37783aeb3
2026/09/30 21:20:33 combat turn=8 tick=6: 6 u11 (player 0, stamina 3) hits 41 u11 (player 1) for 1.80
2026/09/30 21:20:33 Moving unit 31 Blunt Infantry to zone(0, 0) in space (0, 0) tick=6
2026/09/30 21:20:33 state_hash turn=8 tick=6 hash=221054fadf0ee70f
2026/09/30 21:20:33 combat turn=8 tick=7: 6 u11 (player 0, stamina 3) hits 42 u11 (player 1) for 1.80
2026/09/30 21:20:33 state_hash turn=8 tick=7 hash=7e9dabfc42949cc7
2026/09/30 21:20:33 combat turn=8 tick=8: 6 u11 (player 0, stamina 3) hits 42 u11 (player 1) for 1.80
2026/09/30 21:20:33 state_hash turn=8 tick=8 hash=f565a97290b0ba57
2026/09/30 21:20:33 combat turn=8 tick=9: 6 u11 (player 0, stamina 3) hits 43 u11 (player 1) for 1.80
2026/09/30 21:20:33 state_hash turn=8 tick=9 hash=78db1c42dba4ebfe
2026/09/30 21:20:33 state_hash turn=8 tick=end hash=062b8913fd10c901
2026/09/30 21:20:33 ai ai-1: new turn data {"buildings":[],"enemy_buildings":[],"enemy_units":[{"InternalID":6,"UnitID":11,"Type":2,"Kind":1,"Location":{"Space":{"X":-2,"Y":-1},"Zone":{"X":-1,"Y":1}},"CurrentStamina":15,"CurrentOrder":null,"Builds":[],"GarrisonedIn":null,"Stance":0,"InterruptCurrent":false,"AttackBack":false,"TargetPriority":"","ActiveOrders":null,"Health":0.2,"MaxHealth":11},{"InternalID":17,"UnitID":12,"Type":2,"Kind":1,"Location":{"Space":{"X":-3,"Y":0},"Zone":{"X":1,"Y":-1}},"CurrentStamina":18,"CurrentOrder":null,"Builds":[],"GarrisonedIn":null,"Stance":0,"InterruptCurrent":false,"AttackBack":false,"TargetPriority":"","ActiveOrders":null,"Health":16,"MaxHealth":16},{"InternalID":18,"UnitID":12,"Type":2,"Kind":1,"Location":{"Space":{"X":-3,"Y":0},"Zone":{"X":1,"Y":-1}},"CurrentStamina":18,"CurrentOrder":null,"Builds":[],"GarrisonedIn":null,"Stance":0,"InterruptCurrent":false,"AttackBack":false,"TargetPriority":"","ActiveOrders":null,"Health":16,"MaxHealth":16},{"InternalID":19,"UnitID":12,"Type":2,"Kind":1,"Location":{"Space":{"X":-3,"Y":0},"Zone":{"X":1,"Y":-1}},"CurrentStamina":18,"CurrentOrder":null,"Builds":[],"GarrisonedIn":null,"Stance":0,"InterruptCurrent":false,"AttackBack":false,"TargetPriority":"","ActiveOrders":null,"Health":16,"MaxHealth":16},{"InternalID":20,"UnitID":12,"Type":2,"Kind":1,"Location":{"Space":{"X":-3,"Y":0},"Zone":{"X":1,"Y":-1}},"CurrentStamina":18,"CurrentOrder":null,"Builds":[],"GarrisonedIn":null,"Stance":0,"InterruptCurrent":false,"AttackBack":false,"TargetPriority":"","ActiveOrders":null,"Health":16,"MaxHealth":16},{"InternalID":21,"UnitID":12,"Type":2,"Kind":1,"Location":{"Space":{"X":-3,"Y":0},"Zone":{"X":1,"Y":-1}},"CurrentStamina":18,"CurrentOrder":null,"Builds":[],"GarrisonedIn":null,"Stance":0,"InterruptCurrent":false,"AttackBack":false,"TargetPriority":"","ActiveOrders":null,"Health":16,"MaxHealth":16},{"InternalID":22,"UnitID":12,"Type":2,"Kind":1,"Location":{"Space":{"X":-3,"Y":0},"Zone":{"X":1,"Y":-1}},"CurrentStamina":18,"CurrentOrder":null,"Builds":[],"GarrisonedIn":null,"Stance":0,"InterruptCurrent":false,"AttackBack":false,"TargetPriority":"","ActiveOrders":null,"Health":16,"MaxHealth":16},{"InternalID":23,"UnitID":12,"Type":2,"Kind":1,"Location":{"Space":{"X":-3,"Y":0},"Zone":{"X":1,"Y":-1}},"CurrentStamina":18,"CurrentOrder":null,"Builds":[],"GarrisonedIn":null,"Stance":0,"InterruptCurrent":false,"AttackBack":false,"TargetPriority":"","ActiveOrders":null,"Health":16,"MaxHealth":16},{"InternalID":24,"UnitID":12,"Type":2,"Kind":1,"Location":{"Space":{"X":-3,"Y":0},"Zone":{"X":1,"Y":-1}},"CurrentStamina":18,"CurrentOrder":null,"Builds":[],"GarrisonedIn":null,"Stance":0,"InterruptCurrent":false,"AttackBack":false,"TargetPriority":"","ActiveOrders":null,"Health":16,"MaxHealth":16},{"InternalID":28,"UnitID":13,"Type":2,"Kind":1,"Location":{"Space":{"X":-2,"Y":-1},"Zone":{"X":-1,"Y":1}},"CurrentStamina":8,"CurrentOrder":null,"Builds":[],"GarrisonedIn":null,"Stance":0,"InterruptCurrent":false,"AttackBack":false,"TargetPriority":"","ActiveOrders":null,"Health":50,"MaxHealth":50},{"InternalID":29,"UnitID":13,"Type":2,"Kind":1,"Location":{"Space":{"X":-2,"Y":-1},"Zone":{"X":-1,"Y":1}},"CurrentStamina":8,"CurrentOrder":null,"Builds":[],"GarrisonedIn":null,"Stance":0,"InterruptCurrent":false,"AttackBack":false,"TargetPriority":"","ActiveOrders":null,"Health":50,"MaxHealth":50},{"InternalID":30,"UnitID":13,"Type":2,"Kind":1,"Location":{"Space":{"X":-2,"Y":-1},"Zone":{"X":-1,"Y":1}},"CurrentStamina":8,"CurrentOrder":null,"Builds":[],"GarrisonedIn":null,"Stance":0,"InterruptCurrent":false,"AttackBack":false,"TargetPriority":"","ActiveOrders":null,"Health":50,"MaxHealth":50}],"foundations":[],"population":{"current":19,"limit":0},"resources":{"food":200,"gold":26,"stone":100,"wood":200},"spaces":[{"Space":{"X":0,"Y":-4},"Vision":0,"Owner":-1},{"Space":{"X":1,"Y":-4},"Vision":0,"Owner":-1},{"Space":{"X":2,"Y":-4},"Vision":0,"Owner":-1},{"Space":{"X":3,"Y":-4},"Vision":0,"Owner":-1},{"Space":{"X":4,"Y":-4},"Vision":0,"Owner":-1},{"Space":{"X":-1,"Y":-3},"Vision":0,"Owner":-1},{"Space":{"X":0,"Y":-3},"Vision":0,"Owner":-1},{"Space":{"X":1,"Y":-3},"Vision":0,"Owner":-1},{"Space":{"X":2,"Y":-3},"Vision":0,"Owner":-1},{"Space":{"X":3,"Y":-3},"Vision":0,"Owner":-1},{"Space":{"X":4,"Y":-3},"Vision":0,"Owner":-1},{"Space":{"X":-2,"Y":-2},"Vision":2,"Owner":-1},{"Space":{"X":-1,"Y":-2},"Vision":2,"Owner":-1},{"Space":{"X":0,"Y":-2},"Vision":0,"Owner":-1},{"Space":{"X":1,"Y":-2},"Vision":0,"Owner":-1},{"Space":{"X":2,"Y":-2},"Vision":0,"Owner":-1},{"Space":{"X":3,"Y":-2},"Vision":0,"Owner":-1},{"Space":{"X":4,"Y":-2},"Vision":0,"Owner":-1},{"Space":{"X":-3,"Y":-1},"Vision":2,"Owner":-1},{"Space":{"X":-2,"Y":-1},"Vision":3,"Owner":-1},{"Space":{"X":-1,"Y":-1},"Vision":2,"Owner":-1},{"Space":{"X":0,"Y":-1},"Vision":2,"Owner":-1},{"Space":{"X":1,"Y":-1},"Vision":2,"Owner":-1},{"Space":{"X":2,"Y":-1},"Vision":0,"Owner":-1},{"Space":{"X":3,"Y":-1},"Vision":0,"Owner":-1},{"Space":{"X":4,"Y":-1},"Vision":0,"Owner":-1},{"Space":{"X":-4,"Y":0},"Vision":1,"Owner":-1},{"Space":{"X":-3,"Y":0},"Vision":3,"Owner":0},{"Space":{"X":-2,"Y":0},"Vision":2,"Owner":-1},{"Space":{"X":-1,"Y":0},"Vision":2,"Owner":-1},{"Space":{"X":0,"Y":0},"Vision":3,"Owner":1},{"Space":{"X":1,"Y":0},"Vision":2,"Owner":-1},{"Space":{"X":2,"Y":0},"Vision":0,"Owner":-1},{"Space":{"X":3,"Y":0},"Vision":0,"Owner":-1},{"Space":{"X":4,"Y":0},"Vision":0,"Owner":-1},{"Space":{"X":-4,"Y":1},"Vision":1,"Owner":0},{"Space":{"X":-3,"Y":1},"Vision":1,"Owner":0},{"Space":{"X":-2,"Y":1},"Vision":1,"Owner":-1},{"Space":{"X":-1,"Y":1},"Vision":2,"Owner":-1},{"Space":{"X":0,"Y":1},"Vision":2,"Owner":-1},{"Space":{"X":1,"Y":1},"Vision":1,"Owner":-1},{"Space":{"X":2,"Y":1},"Vision":0,"Owner":-1},{"Space":{"X":3,"Y":1},"Vision":0,"Owner":-1},{"Space":{"X":-4,"Y":2},"Vision":1,"Owner":0},{"Space":{"X":-3,"Y":2},"Vision":1,"Owner":-1},{"Space":{"X":-2,"Y":2},"Vision":1,"Owner":-1},{"Space":{"X":-1,"Y":2},"Vision":1,"Owner":-1},{"Space":{"X":0,"Y":2},"Vision":1,"Owner":-1},{"Space":{"X":1,"Y":2},"Vision":1,"Owner":-1},{"Space":{"X":2,"Y":2},"Vision":0,"Owner":-1},{"Space":{"X":-4,"Y":3},"Vision":1,"Owner":-1},{"Space":{"X":-3,"Y":3},"Vision":1,"Owner":-1},{"Space":{"X":-2,"Y":3},"Vision":1,"Owner":-1},{"Space":{"X":-1,"Y":3},"Vision":1,"Owner":-1},{"Space":{"X":0,"Y":3},"Vision":1,"Owner":-1},{"Space":{"X":1,"Y":3},"Vision":0,"Owner":-1},{"Space":{"X":-4,"Y":4},"Vision":1,"Owner":-1},{"Space":{"X":-3,"Y":4},"Vision":1,"Owner":-1},{"Space":{"X":-2,"Y":4},"Vision":1,"Owner":-1},{"Space":{"X":-1,"Y":4},"Vision":1,"Owner":-1},{"Space":{"X":0,"Y":4},"Vision":0,"Owner":-1}],"units":[{"InternalID":31,"UnitID":11,"Type":2,"Kind":1,"Location":{"Space":{"X":0,"Y":0},"Zone":{"X":0,"Y":0}},"CurrentStamina":17,"CurrentOrder":null,"Builds":[],"GarrisonedIn":null,"Stance":3,"InterruptCurrent":false,"AttackBack":true,"TargetPriority":"","ActiveOrders":null,"Health":11,"MaxHealth":11},{"InternalID":43,"UnitID":11,"Type":2,"Kind":1,"Location":{"Space":{"X":-2,"Y":-1},"Zone":{"X":-1,"Y":1}},"CurrentStamina":15,"CurrentOrder":{"Kind":4,"TargetZone":null,"TargetSpace":{"X":-2,"Y":-1},"TargetResource":null,"TargetUnit":null,"TargetBuilding":null},"Builds":[],"GarrisonedIn":null,"Stance":3,"InterruptCurrent":false,"AttackBack":true,"TargetPriority":"","ActiveOrders":[{"ID":133,"Kind":4}],"Health":9.2,"MaxHealth":11},{"InternalID":44,"UnitID":11,"Type":2,"Kind":1,"Location":{"Space":{"X":-2,"Y":-1},"Zone":{"X":-1,"Y":1}},"CurrentStamina":15,"CurrentOrder":{"Kind":4,"TargetZone":null,"TargetSpace":{"X":-2,"Y":-1},"TargetResource":null,"TargetUnit":null,"TargetBuilding":null},"Builds":[],"GarrisonedIn":null,"Stance":3,"InterruptCurrent":false,"AttackBack":true,"TargetPriority":"","ActiveOrders":[{"ID":111,"Kind":4}],"Health":11,"MaxHealth":11},{"InternalID":45,"UnitID":11,"Type":2,"Kind":1,"Location":{"Space":{"X":-2,"Y":-1},"Zone":{"X":-1,"Y":1}},"CurrentStamina":15,"CurrentOrder":{"Kind":4,"TargetZone":null,"TargetSpace":{"X":-2,"Y":-1},"TargetResource":null,"TargetUnit":null,"TargetBuilding":null},"Builds":[],"GarrisonedIn":null,"Stance":3,"InterruptCurrent":false,"AttackBack":true,"TargetPriority":"","ActiveOrders":[{"ID":120,"Kind":4}],"Health":11,"MaxHealth":11},{"InternalID":46,"UnitID":11,"Type":2,"Kind":1,"Location":{"Space":{"X":-2,"Y":-1},"Zone":{"X":-1,"Y":1}},"CurrentStamina":15,"CurrentOrder":{"Kind":4,"TargetZone":null,"TargetSpace":{"X":-2,"Y":-1},"TargetResource":null,"TargetUnit":null,"TargetBuilding":null},"Builds":[],"GarrisonedIn":null,"Stance":3,"InterruptCurrent":false,"AttackBack":true,"TargetPriority":"","ActiveOrders":[{"ID":116,"Kind":4}],"Health":11,"MaxHealth":11},{"InternalID":47,"UnitID":12,"Type":2,"Kind":1,"Location":{"Space":{"X":-2,"Y":-1},"Zone":{"X":-1,"Y":1}},"CurrentStamina":12,"CurrentOrder":{"Kind":4,"TargetZone":null,"TargetSpace":{"X":-2,"Y":-1},"TargetResource":null,"TargetUnit":null,"TargetBuilding":null},"Builds":[],"GarrisonedIn":null,"Stance":3,"InterruptCurrent":false,"AttackBack":true,"TargetPriority":"","ActiveOrders":[{"ID":112,"Kind":4}],"Health":16,"MaxHealth":16},{"InternalID":48,"UnitID":12,"Type":2,"Kind":1,"Location":{"Space":{"X":-2,"Y":-1},"Zone":{"X":-1,"Y":1}},"CurrentStamina":12,"CurrentOrder":{"Kind":4,"TargetZone":null,"TargetSpace":{"X":-2,"Y":-1},"TargetResource":null,"TargetUnit":null,"TargetBuilding":null},"Builds":[],"GarrisonedIn":null,"Stance":3,"InterruptCurrent":false,"AttackBack":true,"TargetPriority":"","ActiveOrders":[{"ID":134,"Kind":4}],"Health":16,"MaxHealth":16},{"InternalID":49,"UnitID":12,"Type":2,"Kind":1,"Location":{"Space":{"X":-2,"Y":-1},"Zone":{"X":-1,"Y":1}},"CurrentStamina":12,"CurrentOrder":{"Kind":4,"TargetZone":null,"TargetSpace":{"X":-2,"Y":-1},"TargetResource":null,"TargetUnit":null,"TargetBuilding":null},"Builds":[],"GarrisonedIn":null,"Stance":3,"InterruptCurrent":false,"AttackBack":true,"TargetPriority":"","ActiveOrders":[{"ID":113,"Kind":4}],"Health":16,"MaxHealth":16},{"InternalID":50,"UnitID":12,"Type":2,"Kind":1,"Location":{"Space":{"X":-2,"Y":-1},"Zone":{"X":-1,"Y":1}},"CurrentStamina":12,"CurrentOrder":{"Kind":4,"TargetZone":null,"TargetSpace":{"X":-2,"Y":-1},"TargetResource":null,"TargetUnit":null,"TargetBuilding":null},"Builds":[],"GarrisonedIn":null,"Stance":3,"InterruptCurrent":false,"AttackBack":true,"TargetPriority":"","ActiveOrders":[{"ID":125,"Kind":4}],"Health":16,"MaxHealth":16},{"InternalID":51,"UnitID":12,"Type":2,"Kind":1,"Location":{"Space":{"X":-2,"Y":-1},"Zone":{"X":-1,"Y":1}},"CurrentStamina":12,"CurrentOrder":{"Kind":4,"TargetZone":null,"TargetSpace":{"X":-2,"Y":-1},"TargetResource":null,"TargetUnit":null,"TargetBuilding":null},"Builds":[],"GarrisonedIn":null,"Stance":3,"InterruptCurrent":false,"AttackBack":true,"TargetPriority":"","ActiveOrders":[{"ID":128,"Kind":4}],"Health":16,"MaxHealth":16},{"InternalID":52,"UnitID":12,"Type":2,"Kind":1,"Location":{"Space":{"X":-2,"Y":-1},"Zone":{"X":-1,"Y":1}},"CurrentStamina":12,"CurrentOrder":{"Kind":4,"TargetZone":null,"TargetSpace":{"X":-2,"Y":-1},"TargetResource":null,"TargetUnit":null,"TargetBuilding":null},"Builds":[],"GarrisonedIn":null,"Stance":3,"InterruptCurrent":false,"AttackBack":true,"TargetPriority":"","ActiveOrders":[{"ID":121,"Kind":4}],"Health":16,"MaxHealth":16},{"InternalID":53,"UnitID":12,"Type":2,"Kind":1,"Location":{"Space":{"X":-2,"Y":-1},"Zone":{"X":-1,"Y":1}},"CurrentStamina":12,"CurrentOrder":{"Kind":4,"TargetZone":null,"TargetSpace":{"X":-2,"Y":-1},"TargetResource":null,"TargetUnit":null,"TargetBuilding":null},"Builds":[],"GarrisonedIn":null,"Stance":3,"InterruptCurrent":false,"AttackBack":true,"TargetPriority":"","ActiveOrders":[{"ID":135,"Kind":4}],"Health":16,"MaxHealth":16},{"InternalID":54,"UnitID":12,"Type":2,"Kind":1,"Location":{"Space":{"X":-2,"Y":-1},"Zone":{"X":-1,"Y":1}},"CurrentStamina":12,"CurrentOrder":{"Kind":4,"TargetZone":null,"TargetSpace":{"X":-2,"Y":-1},"TargetResource":null,"TargetUnit":null,"TargetBuilding":null},"Builds":[],"GarrisonedIn":null,"Stance":3,"InterruptCurrent":false,"AttackBack":true,"TargetPriority":"","ActiveOrders":[{"ID":129,"Kind":4}],"Health":16,"MaxHealth":16},{"InternalID":55,"UnitID":13,"Type":2,"Kind":1,"Location":{"Space":{"X":-2,"Y":-1},"Zone":{"X":-1,"Y":1}},"CurrentStamina":8,"CurrentOrder":{"Kind":4,"TargetZone":null,"TargetSpace":{"X":-2,"Y":-1},"TargetResource":null,"TargetUnit":null,"TargetBuilding":null},"Builds":[],"GarrisonedIn":null,"Stance":3,"InterruptCurrent":false,"AttackBack":true,"TargetPriority":"","ActiveOrders":[{"ID":136,"Kind":4}],"Health":50,"MaxHealth":50},{"InternalID":56,"UnitID":13,"Type":2,"Kind":1,"Location":{"Space":{"X":-2,"Y":-1},"Zone":{"X":-1,"Y":1}},"CurrentStamina":8,"CurrentOrder":{"Kind":4,"TargetZone":null,"TargetSpace":{"X":-2,"Y":-1},"TargetResource":null,"TargetUnit":null,"TargetBuilding":null},"Builds":[],"GarrisonedIn":null,"Stance":3,"InterruptCurrent":false,"AttackBack":true,"TargetPriority":"","ActiveOrders":[{"ID":138,"Kind":4}],"Health":50,"MaxHealth":50},{"InternalID":57,"UnitID":13,"Type":2,"Kind":1,"Location":{"Space":{"X":-2,"Y":-1},"Zone":{"X":-1,"Y":1}},"CurrentStamina":8,"CurrentOrder":{"Kind":4,"TargetZone":null,"TargetSpace":{"X":-2,"Y":-1},"TargetResource":null,"TargetUnit":null,"TargetBuilding":null},"Builds":[],"GarrisonedIn":null,"Stance":3,"InterruptCurrent":false,"AttackBack":true,"TargetPriority":"","ActiveOrders":[{"ID":126,"Kind":4}],"Health":50,"MaxHealth":50},{"InternalID":58,"UnitID":13,"Type":2,"Kind":1,"Location":{"Space":{"X":-2,"Y":-1},"Zone":{"X":-1,"Y":1}},"CurrentStamina":8,"CurrentOrder":{"Kind":4,"TargetZone":null,"TargetSpace":{"X":-2,"Y":-1},"TargetResource":null,"TargetUnit":null,"TargetBuilding":null},"Builds":[],"GarrisonedIn":null,"Stance":3,"InterruptCurrent":false,"AttackBack":true,"TargetPriority":"","ActiveOrders":[{"ID":122,"Kind":4}],"Health":50,"MaxHealth":50},{"InternalID":59,"UnitID":13,"Type":2,"Kind":1,"Location":{"Space":{"X":-2,"Y":-1},"Zone":{"X":-1,"Y":1}},"CurrentStamina":8,"CurrentOrder":{"Kind":4,"TargetZone":null,"TargetSpace":{"X":-2,"Y":-1},"TargetResource":null,"TargetUnit":null,"TargetBuilding":null},"Builds":[],"GarrisonedIn":null,"Stance":3,"InterruptCurrent":false,"AttackBack":true,"TargetPriority":"","ActiveOrders":[{"ID":127,"Kind":4}],"Health":50,"MaxHealth":50},{"InternalID":60,"UnitID":13,"Type":2,"Kind":1,"Location":{"Space":{"X":-2,"Y":-1},"Zone":{"X":-1,"Y":1}},"CurrentStamina":8,"CurrentOrder":{"Kind":4,"TargetZone":null,"TargetSpace":{"X":-2,"Y":-1},"TargetResource":null,"TargetUnit":null,"TargetBuilding":null},"Builds":[],"GarrisonedIn":null,"Stance":3,"InterruptCurrent":false,"AttackBack":true,"TargetPriority":"","ActiveOrders":[{"ID":130,"Kind":4}],"Health":50,"MaxHealth":50}]}
2026/09/30 21:20:33 ai ai-0: new turn data {"buildings":[],"enemy_buildings":[],"enemy_units":[{"InternalID":43,"UnitID":11,"Type":2,"Kind":1,"Location":{"Space":{"X":-2,"Y":-1},"Zone":{"X":-1,"Y":1}},"CurrentStamina":15,"CurrentOrder":null,"Builds":[],"GarrisonedIn":null,"Stance":0,"InterruptCurrent":false,"AttackBack":false,"TargetPriority":"","ActiveOrders":null,"Health":9.2,"MaxHealth":11},{"InternalID":44,"UnitID":11,"Type":2,"Kind":1,"Location":{"Space":{"X":-2,"Y":-1},"Zone":{"X":-1,"Y":1}},"CurrentStamina":15,"CurrentOrder":null,"Builds":[],"GarrisonedIn":null,"Stance":0,"InterruptCurrent":false,"AttackBack":false,"TargetPriority":"","ActiveOrders":null,"Health":11,"MaxHealth":11},{"InternalID":45,"UnitID":11,"Type":2,"Kind":1,"Location":{"Space":{"X":-2,"Y":-1},"Zone":{"X":-1,"Y":1}},"CurrentStamina":15,"CurrentOrder":null,"Builds":[],"GarrisonedIn":null,"Stance":0,"InterruptCurrent":false,"AttackBack":false,"TargetPriority":"","ActiveOrders":null,"Health":11,"MaxHealth":11},{"InternalID":46,"UnitID":11,"Type":2,"Kind":1,"Location":{"Space":{"X":-2,"Y":-1},"Zone":{"X":-1,"Y":1}},"CurrentStamina":15,"CurrentOrder":null,"Builds":[],"GarrisonedIn":null,"Stance":0,"InterruptCurrent":false,"AttackBack":false,"TargetPriority":"","ActiveOrders":null,"Health":11,"MaxHealth":11},{"InternalID":47,"UnitID":12,"Type":2,"Kind":1,"Location":{"Space":{"X":-2,"Y":-1},"Zone":{"X":-1,"Y":1}},"CurrentStamina":12,"CurrentOrder":null,"Builds":[],"GarrisonedIn":null,"Stance":0,"InterruptCurrent":false,"AttackBack":false,"TargetPriority":"","ActiveOrders":null,"Health":16,"MaxHealth":16},{"InternalID":48,"UnitID":12,"Type":2,"Kind":1,"Location":{"Space":{"X":-2,"Y":-1},"Zone":{"X":-1,"Y":1}},"CurrentStamina":12,"CurrentOrder":null,"Builds":[],"GarrisonedIn":null,"Stance":0,"InterruptCurrent":false,"AttackBack":false,"TargetPriority":"","ActiveOrders":null,"Health":16,"MaxHealth":16},{"InternalID":49,"UnitID":12,"Type":2,"Kind":1,"Location":{"Space":{"X":-2,"Y":-1},"Zone":{"X":-1,"Y":1}},"CurrentStamina":12,"CurrentOrder":null,"Builds":[],"GarrisonedIn":null,"Stance":0,"InterruptCurrent":false,"AttackBack":false,"TargetPriority":"","ActiveOrders":null,"Health":16,"MaxHealth":16},{"InternalID":50,"UnitID":12,"Type":2,"Kind":1,"Location":{"Space":{"X":-2,"Y":-1},"Zone":{"X":-1,"Y":1}},"CurrentStamina":12,"CurrentOrder":null,"Builds":[],"GarrisonedIn":null,"Stance":0,"InterruptCurrent":false,"AttackBack":false,"TargetPriority":"","ActiveOrders":null,"Health":16,"MaxHealth":16},{"InternalID":51,"UnitID":12,"Type":2,"Kind":1,"Location":{"Space":{"X":-2,"Y":-1},"Zone":{"X":-1,"Y":1}},"CurrentStamina":12,"CurrentOrder":null,"Builds":[],"GarrisonedIn":null,"Stance":0,"InterruptCurrent":false,"AttackBack":false,"TargetPriority":"","ActiveOrders":null,"Health":16,"MaxHealth":16},{"InternalID":52,"UnitID":12,"Type":2,"Kind":1,"Location":{"Space":{"X":-2,"Y":-1},"Zone":{"X":-1,"Y":1}},"CurrentStamina":12,"CurrentOrder":null,"Builds":[],"GarrisonedIn":null,"Stance":0,"InterruptCurrent":false,"AttackBack":false,"TargetPriority":"","ActiveOrders":null,"Health":16,"MaxHealth":16},{"InternalID":53,"UnitID":12,"Type":2,"Kind":1,"Location":{"Space":{"X":-2,"Y":-1},"Zone":{"X":-1,"Y":1}},"CurrentStamina":12,"CurrentOrder":null,"Builds":[],"GarrisonedIn":null,"Stance":0,"InterruptCurrent":false,"AttackBack":false,"TargetPriority":"","ActiveOrders":null,"Health":16,"MaxHealth":16},{"InternalID":54,"UnitID":12,"Type":2,"Kind":1,"Location":{"Space":{"X":-2,"Y":-1},"Zone":{"X":-1,"Y":1}},"CurrentStamina":12,"CurrentOrder":null,"Builds":[],"GarrisonedIn":null,"Stance":0,"InterruptCurrent":false,"AttackBack":false,"TargetPriority":"","ActiveOrders":null,"Health":16,"MaxHealth":16},{"InternalID":55,"UnitID":13,"Type":2,"Kind":1,"Location":{"Space":{"X":-2,"Y":-1},"Zone":{"X":-1,"Y":1}},"CurrentStamina":8,"CurrentOrder":null,"Builds":[],"GarrisonedIn":null,"Stance":0,"InterruptCurrent":false,"AttackBack":false,"TargetPriority":"","ActiveOrders":null,"Health":50,"MaxHealth":50},{"InternalID":56,"UnitID":13,"Type":2,"Kind":1,"Location":{"Space":{"X":-2,"Y":-1},"Zone":{"X":-1,"Y":1}},"CurrentStamina":8,"CurrentOrder":null,"Builds":[],"GarrisonedIn":null,"Stance":0,"InterruptCurrent":false,"AttackBack":false,"TargetPriority":"","ActiveOrders":null,"Health":50,"MaxHealth":50},{"InternalID":57,"UnitID":13,"Type":2,"Kind":1,"Location":{"Space":{"X":-2,"Y":-1},"Zone":{"X":-1,"Y":1}},"CurrentStamina":8,"CurrentOrder":null,"Builds":[],"GarrisonedIn":null,"Stance":0,"InterruptCurrent":false,"AttackBack":false,"TargetPriority":"","ActiveOrders":null,"Health":50,"MaxHealth":50},{"InternalID":58,"UnitID":13,"Type":2,"Kind":1,"Location":{"Space":{"X":-2,"Y":-1},"Zone":{"X":-1,"Y":1}},"CurrentStamina":8,"CurrentOrder":null,"Builds":[],"GarrisonedIn":null,"Stance":0,"InterruptCurrent":false,"AttackBack":false,"TargetPriority":"","ActiveOrders":null,"Health":50,"MaxHealth":50},{"InternalID":59,"UnitID":13,"Type":2,"Kind":1,"Location":{"Space":{"X":-2,"Y":-1},"Zone":{"X":-1,"Y":1}},"CurrentStamina":8,"CurrentOrder":null,"Builds":[],"GarrisonedIn":null,"Stance":0,"InterruptCurrent":false,"AttackBack":false,"TargetPriority":"","ActiveOrders":null,"Health":50,"MaxHealth":50},{"InternalID":60,"UnitID":13,"Type":2,"Kind":1,"Location":{"Space":{"X":-2,"Y":-1},"Zone":{"X":-1,"Y":1}},"CurrentStamina":8,"CurrentOrder":null,"Builds":[],"GarrisonedIn":null,"Stance":0,"InterruptCurrent":false,"AttackBack":false,"TargetPriority":"","ActiveOrders":null,"Health":50,"MaxHealth":50}],"foundations":[],"population":{"current":13,"limit":0},"resources":{"food":200,"gold":82,"stone":100,"wood":200},"spaces":[{"Space":{"X":0,"Y":-4},"Vision":1,"Owner":-1},{"Space":{"X":1,"Y":-4},"Vision":1,"Owner":-1},{"Space":{"X":2,"Y":-4},"Vision":0,"Owner":-1},{"Space":{"X":3,"Y":-4},"Vision":0,"Owner":-1},{"Space":{"X":4,"Y":-4},"Vision":0,"Owner":-1},{"Space":{"X":-1,"Y":-3},"Vision":1,"Owner":-1},{"Space":{"X":0,"Y":-3},"Vision":1,"Owner":-1},{"Space":{"X":1,"Y":-3},"Vision":1,"Owner":-1},{"Space":{"X":2,"Y":-3},"Vision":0,"Owner":-1},{"Space":{"X":3,"Y":-3},"Vision":0,"Owner":-1},{"Space":{"X":4,"Y":-3},"Vision":0,"Owner":-1},{"Space":{"X":-2,"Y":-2},"Vision":2,"Owner":-1},{"Space":{"X":-1,"Y":-2},"Vision":2,"Owner":-1},{"Space":{"X":0,"Y":-2},"Vision":1,"Owner":-1},{"Space":{"X":1,"Y":-2},"Vision":1,"Owner":-1},{"Space":{"X":2,"Y":-2},"Vision":1,"Owner":-1},{"Space":{"X":3,"Y":-2},"Vision":1,"Owner":-1},{"Space":{"X":4,"Y":-2},"Vision":0,"Owner":-1},{"Space":{"X":-3,"Y":-1},"Vision":2,"Owner":-1},{"Space":{"X":-2,"Y":-1},"Vision":3,"Owner":-1},{"Space":{"X":-1,"Y":-1},"Vision":2,"Owner":-1},{"Space":{"X":0,"Y":-1},"Vision":1,"Owner":-1},{"Space":{"X":1,"Y":-1},"Vision":1,"Owner":-1},{"Space":{"X":2,"Y":-1},"Vision":1,"Owner":-1},{"Space":{"X":3,"Y":-1},"Vision":1,"Owner":-1},{"Space":{"X":4,"Y":-1},"Vision":0,"Owner":-1},{"Space":{"X":-4,"Y":0},"Vision":2,"Owner":-1},{"Space":{"X":-3,"Y":0},"Vision":3,"Owner":0},{"Space":{"X":-2,"Y":0},"Vision":3,"Owner":-1},{"Space":{"X":-1,"Y":0},"Vision":2,"Owner":-1},{"Space":{"X":0,"Y":0},"Vision":1,"Owner":-1},{"Space":{"X":1,"Y":0},"Vision":1,"Owner":-1},{"Space":{"X":2,"Y":0},"Vision":1,"Owner":-1},{"Space":{"X":3,"Y":0},"Vision":1,"Owner":-1},{"Space":{"X":4,"Y":0},"Vision":0,"Owner":-1},{"Space":{"X":-4,"Y":1},"Vision":2,"Owner":-1},{"Space":{"X":-3,"Y":1},"Vision":2,"Owner":-1},{"Space":{"X":-2,"Y":1},"Vision":3,"Owner":0},{"Space":{"X":-1,"Y":1},"Vision":2,"Owner":-1},{"Space":{"X":0,"Y":1},"Vision":1,"Owner":-1},{"Space":{"X":1,"Y":1},"Vision":1,"Owner":-1},{"Space":{"X":2,"Y":1},"Vision":1,"Owner":-1},{"Space":{"X":3,"Y":1},"Vision":1,"Owner":-1},{"Space":{"X":-4,"Y":2},"Vision":1,"Owner":-1},{"Space":{"X":-3,"Y":2},"Vision":2,"Owner":-1},{"Space":{"X":-2,"Y":2},"Vision":2,"Owner":-1},{"Space":{"X":-1,"Y":2},"Vision":1,"Owner":-1},{"Space":{"X":0,"Y":2},"Vision":1,"Owner":-1},{"Space":{"X":1,"Y":2},"Vision":1,"Owner":-1},{"Space":{"X":2,"Y":2},"Vision":1,"Owner":-1},{"Space":{"X":-4,"Y":3},"Vision":1,"Owner":-1},{"Space":{"X":-3,"Y":3},"Vision":1,"Owner":-1},{"Space":{"X":-2,"Y":3},"Vision":1,"Owner":-1},{"Space":{"X":-1,"Y":3},"Vision":1,"Owner":-1},{"Space":{"X":0,"Y":3},"Vision":1,"Owner":-1},{"Space":{"X":1,"Y":3},"Vision":1,"Owner":-1},{"Space":{"X":-4,"Y":4},"Vision":1,"Owner":-1},{"Space":{"X":-3,"Y":4},"Vision":1,"Owner":-1},{"Space":{"X":-2,"Y":4},"Vision":1,"Owner":-1},{"Space":{"X":-1,"Y":4},"Vision":1,"Owner":-1},{"Space":{"X":0,"Y":4},"Vision":1,"Owner":-1}],"units":[{"InternalID":5,"UnitID":11,"Type":2,"Kind":1,"Location":{"Space":{"X":-2,"Y":1},"Zone":{"X":0,"Y":-1}},"CurrentStamina":23,"CurrentOrder":null,"Builds":[],"GarrisonedIn":null,"Stance":3,"InterruptCurrent":true,"AttackBack":true,"TargetPriority":"","ActiveOrders":null,"Health":11,"MaxHealth":11},{"InternalID":6,"UnitID":11,"Type":2,"Kind":1,"Location":{"Space":{"X":-2,"Y":-1},"Zone":{"X":-1,"Y":1}},"CurrentStamina":15,"CurrentOrder":{"Kind":4,"TargetZone":null,"TargetSpace":{"X":-2,"Y":-1},"TargetResource":null,"TargetUnit":null,"TargetBuilding":null},"Builds":[],"GarrisonedIn":null,"Stance":3,"InterruptCurrent":false,"AttackBack":true,"TargetPriority":"","ActiveOrders":[{"ID":354,"Kind":4}],"Health":0.2,"MaxHealth":11},{"InternalID":17,"UnitID":12,"Type":2,"Kind":1,"Location":{"Space":{"X":-3,"Y":0},"Zone":{"X":1,"Y":-1}},"CurrentStamina":18,"CurrentOrder":null,"Builds":[],"GarrisonedIn":null,"Stance":3,"InterruptCurrent":true,"AttackBack":true,"TargetPriority":"","ActiveOrders":null,"Health":16,"MaxHealth":16},{"InternalID":18,"UnitID":12,"Type":2,"Kind":1,"Location":{"Space":{"X":-3,"Y":0},"Zone":{"X":1,"Y":-1}},"CurrentStamina":18,"CurrentOrder":null,"Builds":[],"GarrisonedIn":null,"Stance":3,"InterruptCurrent":true,"AttackBack":true,"TargetPriority":"","ActiveOrders":null,"Health":16,"MaxHealth":16},{"InternalID":19,"UnitID":12,"Type":2,"Kind":1,"Location":{"Space":{"X":-3,"Y":0},"Zone":{"X":1,"Y":-1}},"CurrentStamina":18,"CurrentOrder":null,"Builds":[],"GarrisonedIn":null,"Stance":3,"InterruptCurrent":true,"AttackBack":true,"TargetPriority":"","ActiveOrders":null,"Health":16,"MaxHealth":16},{"InternalID":20,"UnitID":12,"Type":2,"Kind":1,"Location":{"Space":{"X":-3,"Y":0},"Zone":{"X":1,"Y":-1}},"CurrentStamina":18,"CurrentOrder":null,"Builds":[],"GarrisonedIn":null,"Stance":3,"InterruptCurrent":true,"AttackBack":true,"TargetPriority":"","ActiveOrders":null,"Health":16,"MaxHealth":16},{"InternalID":21,"UnitID":12,"Type":2,"Kind":1,"Location":{"Space":{"X":-3,"Y":0},"Zone":{"X":1,"Y":-1}},"CurrentStamina":18,"CurrentOrder":null,"Builds":[],"GarrisonedIn":null,"Stance":3,"InterruptCurrent":true,"AttackBack":true,"TargetPriority":"","ActiveOrders":null,"Health":16,"MaxHealth":16},{"InternalID":22,"UnitID":12,"Type":2,"Kind":1,"Location":{"Space":{"X":-3,"Y":0},"Zone":{"X":1,"Y":-1}},"CurrentStamina":18,"CurrentOrder":null,"Builds":[],"GarrisonedIn":null,"Stance":3,"InterruptCurrent":true,"AttackBack":true,"TargetPriority":"","ActiveOrders":null,"Health":16,"MaxHealth":16},{"InternalID":23,"UnitID":12,"Type":2,"Kind":1,"Location":{"Space":{"X":-3,"Y":0},"Zone":{"X":1,"Y":-1}},"CurrentStamina":18,"CurrentOrder":null,"Builds":[],"GarrisonedIn":null,"Stance":3,"InterruptCurrent":true,"AttackBack":true,"TargetPriority":"","ActiveOrders":null,"Health":16,"MaxHealth":16},{"InternalID":24,"UnitID":12,"Type":2,"Kind":1,"Location":{"Space":{"X":-3,"Y":0},"Zone":{"X":1,"Y":-1}},"CurrentStamina":18,"CurrentOrder":null,"Builds":[],"GarrisonedIn":null,"Stance":3,"InterruptCurrent":true,"AttackBack":true,"TargetPriority":"","ActiveOrders":null,"Health":16,"MaxHealth":16},{"InternalID":28,"UnitID":13,"Type":2,"Kind":1,"Location":{"Space":{"X":-2,"Y":-1},"Zone":{"X":-1,"Y":1}},"CurrentStamina":8,"CurrentOrder":{"Kind":4,"TargetZone":null,"TargetSpace":{"X":-2,"Y":-1},"TargetResource":null,"TargetUnit":null,"TargetBuilding":null},"Builds":[],"GarrisonedIn":null,"Stance":3,"InterruptCurrent":true,"AttackBack":true,"TargetPriority":"","ActiveOrders":[{"ID":348,"Kind":4}],"Health":50,"MaxHealth":50},{"InternalID":29,"UnitID":13,"Type":2,"Kind":1,"Location":{"Space":{"X":-2,"Y":-1},"Zone":{"X":-1,"Y":1}},"CurrentStamina":8,"CurrentOrder":{"Kind":4,"TargetZone":null,"TargetSpace":{"X":-2,"Y":-1},"TargetResource":null,"TargetUnit":null,"TargetBuilding":null},"Builds":[],"GarrisonedIn":null,"Stance":3,"InterruptCurrent":true,"AttackBack":true,"TargetPriority":"","ActiveOrders":[{"ID":349,"Kind":4}],"Health":50,"MaxHealth":50},{"InternalID":30,"UnitID":13,"Type":2,"Kind":1,"Location":{"Space":{"X":-2,"Y":-1},"Zone":{"X":-1,"Y":1}},"CurrentStamina":8,"CurrentOrder":{"Kind":4,"TargetZone":null,"TargetSpace":{"X":-2,"Y":-1},"TargetResource":null,"TargetUnit":null,"TargetBuilding":null},"Builds":[],"GarrisonedIn":null,"Stance":3,"InterruptCurrent":true,"AttackBack":true,"TargetPriority":"","ActiveOrders":[{"ID":352,"Kind":4}],"Health":50,"MaxHealth":50}]}
2026/09/30 21:20:33 ai ai-1: submitting orders [{Subjects:[31] OrderType:2 TargetID:171 ClearPreviousOrders:true}]
2026/09/30 21:20:33 ai ai-1: vars {}
2026/09/30 21:20:33 player action: submit-orders 0 2 map[orders:[{1 [31] 2 171 true}]]
2026/09/30 21:20:33 Executing submit orders for: 1 [{1 [31] 2 171 true}]
2026/09/30 21:20:33 ai ai-0: submitting orders [{Subjects:[5] OrderType:2 TargetID:10731 ClearPreviousOrders:true} {Subjects:[17] OrderType:2 TargetID:10731 ClearPreviousOrders:true} {Subjects:[18] OrderType:2 TargetID:10731 ClearPreviousOrders:true} {Subjects:[19] OrderType:2 TargetID:10731 ClearPreviousOrders:true} {Subjects:[20] OrderType:2 TargetID:10731 ClearPreviousOrders:true} {Subjects:[21] OrderType:2 TargetID:10731 ClearPreviousOrders:true} {Subjects:[22] OrderType:2 TargetID:10731 ClearPreviousOrders:true} {Subjects:[23] OrderType:2 TargetID:10731 ClearPreviousOrders:true} {Subjects:[24] OrderType:2 TargetID:10731 ClearPreviousOrders:true} {Subjects:[5] OrderType:9 TargetID:43 ClearPreviousOrders:true} {Subjects:[6] OrderType:9 TargetID:43 ClearPreviousOrders:true} {Subjects:[17] OrderType:9 TargetID:43 ClearPreviousOrders:true} {Subjects:[18] OrderType:9 TargetID:43 ClearPreviousOrders:true} {Subjects:[19] OrderType:9 TargetID:43 ClearPreviousOrders:true} {Subjects:[20] OrderType:9 TargetID:43 ClearPreviousOrders:true} {Subjects:[21] OrderType:9 TargetID:43 ClearPreviousOrders:true} {Subjects:[22] OrderType:9 TargetID:43 ClearPreviousOrders:true} {Subjects:[23] OrderType:9 TargetID:43 ClearPreviousOrders:true} {Subjects:[24] OrderType:9 TargetID:43 ClearPreviousOrders:true} {Subjects:[28] OrderType:9 TargetID:43 ClearPreviousOrders:true} {Subjects:[29] OrderType:9 TargetID:43 ClearPreviousOrders:true} {Subjects:[30] OrderType:9 TargetID:43 ClearPreviousOrders:true} {Subjects:[6] OrderType:9 TargetID:43 ClearPreviousOrders:true} {Subjects:[6] OrderType:9 TargetID:44 ClearPreviousOrders:false} {Subjects:[6] OrderType:9 TargetID:45 ClearPreviousOrders:false} {Subjects:[6] OrderType:9 TargetID:46 ClearPreviousOrders:false} {Subjects:[6] OrderType:9 TargetID:47 ClearPreviousOrders:false} {Subjects:[6] OrderType:9 TargetID:48 ClearPreviousOrders:false} {Subjects:[28] OrderType:9 TargetID:43 ClearPreviousOrders:true} {Subjects:[28] OrderType:9 TargetID:45 ClearPreviousOrders:false} {Subjects:[28] OrderType:9 TargetID:46 ClearPreviousOrders:false} {Subjects:[28] OrderType:9 TargetID:47 ClearPreviousOrders:false} {Subjects:[28] OrderType:9 TargetID:48 ClearPreviousOrders:false} {Subjects:[28] OrderType:9 TargetID:49 ClearPreviousOrders:false} {Subjects:[29] OrderType:9 TargetID:43 ClearPreviousOrders:true} {Subjects:[29] OrderType:9 TargetID:46 ClearPreviousOrders:false} {Subjects:[29] OrderType:9 TargetID:47 ClearPreviousOrders:false} {Subjects:[29] OrderType:9 TargetID:48 ClearPreviousOrders:false} {Subjects:[29] OrderType:9 TargetID:49 ClearPreviousOrders:false} {Subjects:[29] OrderType:9 TargetID:50 ClearPreviousOrders:false} {Subjects:[30] OrderType:9 TargetID:43 ClearPreviousOrders:true} {Subjects:[30] OrderType:9 TargetID:47 ClearPreviousOrders:false} {Subjects:[30] OrderType:9 TargetID:48 ClearPreviousOrders:false} {Subjects:[30] OrderType:9 TargetID:49 ClearPreviousOrders:false} {Subjects:[30] OrderType:9 TargetID:50 ClearPreviousOrders:false} {Subjects:[30] OrderType:9 TargetID:51 ClearPreviousOrders:false}]
2026/09/30 21:20:33 ai ai-0: vars {"B":2,"Hv":3,"Pi":8,"aPowLocal":0,"aThreat":0,"a_engaged":0,"a_odds":1.3,"a_outnumbered":0,"army_target":50,"army_value":1560,"assault":0,"bank_rate":28,"bar_barracks":0.17072129748186085,"bar_redoubt":1.1111111111111112,"barracks":0,"barracks_B":0,"barracks_P":0,"barracks_save":0,"barracks_spend":78.1,"barracks_want":0,"buffer_food":70,"buffer_gold":0,"buffer_stone":0,"buffer_wood":70,"builders":0,"committed":0,"eB":12.099999999999998,"eGrowth":0,"eH":6,"eMil":26.099999999999998,"eP":8,"ePow":52.099999999999994,"ePowEst":49.9408,"ePowSeen":49.9408,"eTech":1,"eV":0,"es":27.099999999999998,"farm_want":0,"farm_wood_short":0,"farming":0,"fire_barracks":0,"fire_farm0":0,"fire_farm1":0,"fire_farm2":0,"fire_house":0,"fire_outpost":0,"fire_redoubt":0,"fire_smith":0,"fire_vc":0,"food_need":0,"food_over":0,"food_rate":0,"food_slots":1000,"food_workers":0,"free_room":37,"go":0,"gold_income":4,"gold_need":0,"gold_rate":0,"gold_surplus":82,"guaranteed":0,"guard_home":0,"headroom":-13,"hire_B":4415.384615384615,"hire_P":6938.461538461538,"homePow":0,"house_builders":0,"house_urgency":0,"house_want":0,"income_proj":0,"left":0,"lf_food":0,"lf_gold":0,"lf_stone":0,"lf_wood":0,"lump_food":0,"lump_gold":0,"lump_stone":0,"lump_wood":0,"maturity":0,"mil":13,"myTech":1,"n_barracks":0,"n_redoubts":0,"needB":27.219833153869395,"needP":9.780166846130605,"outpost_want":0,"pikes":0,"planned_food":0,"planned_gold":0,"planned_stone":0,"planned_wood":0,"prod_rate":0,"proj_army":1560,"raid_danger":44,"raid_fails":0,"raid_lost":1,"raid_pause":0,"raid_prev":0,"raid_size":0,"raid_wiped":0,"rate":6,"redoubt_H":0,"redoubt_gold_ok":0.6311111111111111,"redoubt_save":0,"redoubt_spend":30,"redoubt_want":0,"redoubts":0,"rf_food":0,"rf_gold":0,"rf_stone":0,"rf_wood":0,"sB4":1.2933444611744547,"sP4":0.46470250380674855,"scale_l":0,"scale_r":0,"shareH":0.5019817335860761,"smith_want":0,"smiths":0,"spare":0,"spare_food":0.5,"stone_need":0,"stone_rate":0,"tH":40,"target_spend":400,"tech_food":50,"tech_gold":0,"tech_stone":0,"tech_wood":50,"threat_home":0,"turns_left":-130,"u_barracks":0.1785468816848895,"u_redoubt":0.46851628468033774,"unit_spend":120,"vB":1.066420664206642,"vH":1.0749077490774908,"vP":0.8256457564575647,"vc_want":0,"vcs":0,"vil_goal":50,"vil_rate":0,"vil_stamina":8,"vil_want":0,"vil_want_last":0,"vil_worth_now":0.6,"vils":0,"w_food":0,"w_gold":0,"w_stone":0,"w_wood":0,"wild_workers":0,"wood_need":0,"wood_rate":0,"workers":0}
2026/09/30 21:20:33 player action: set-unit-behavior 0 1 map[internal_ids:[28 29 30] interrupt_current:false]
2026/09/30 21:20:33 player action: submit-orders 0 1 map[orders:[{0 [5] 2 10731 true} {0 [17] 2 10731 true} {0 [18] 2 10731 true} {0 [19] 2 10731 true} {0 [20] 2 10731 true} {0 [21] 2 10731 true} {0 [22] 2 10731 true} {0 [23] 2 10731 true} {0 [24] 2 10731 true} {0 [5] 9 43 true} {0 [6] 9 43 true} {0 [17] 9 43 true} {0 [18] 9 43 true} {0 [19] 9 43 true} {0 [20] 9 43 true} {0 [21] 9 43 true} {0 [22] 9 43 true} {0 [23] 9 43 true} {0 [24] 9 43 true} {0 [28] 9 43 true} {0 [29] 9 43 true} {0 [30] 9 43 true} {0 [6] 9 43 true} {0 [6] 9 44 false} {0 [6] 9 45 false} {0 [6] 9 46 false} {0 [6] 9 47 false} {0 [6] 9 48 false} {0 [28] 9 43 true} {0 [28] 9 45 false} {0 [28] 9 46 false} {0 [28] 9 47 false} {0 [28] 9 48 false} {0 [28] 9 49 false} {0 [29] 9 43 true} {0 [29] 9 46 false} {0 [29] 9 47 false} {0 [29] 9 48 false} {0 [29] 9 49 false} {0 [29] 9 50 false} {0 [30] 9 43 true} {0 [30] 9 47 false} {0 [30] 9 48 false} {0 [30] 9 49 false} {0 [30] 9 50 false} {0 [30] 9 51 false}]]
2026/09/30 21:20:33 Executing submit orders for: 0 [{0 [5] 2 10731 true} {0 [17] 2 10731 true} {0 [18] 2 10731 true} {0 [19] 2 10731 true} {0 [20] 2 10731 true} {0 [21] 2 10731 true} {0 [22] 2 10731 true} {0 [23] 2 10731 true} {0 [24] 2 10731 true} {0 [5] 9 43 true} {0 [6] 9 43 true} {0 [17] 9 43 true} {0 [18] 9 43 true} {0 [19] 9 43 true} {0 [20] 9 43 true} {0 [21] 9 43 true} {0 [22] 9 43 true} {0 [23] 9 43 true} {0 [24] 9 43 true} {0 [28] 9 43 true} {0 [29] 9 43 true} {0 [30] 9 43 true} {0 [6] 9 43 true} {0 [6] 9 44 false} {0 [6] 9 45 false} {0 [6] 9 46 false} {0 [6] 9 47 false} {0 [6] 9 48 false} {0 [28] 9 43 true} {0 [28] 9 45 false} {0 [28] 9 46 false} {0 [28] 9 47 false} {0 [28] 9 48 false} {0 [28] 9 49 false} {0 [29] 9 43 true} {0 [29] 9 46 false} {0 [29] 9 47 false} {0 [29] 9 48 false} {0 [29] 9 49 false} {0 [29] 9 50 false} {0 [30] 9 43 true} {0 [30] 9 47 false} {0 [30] 9 48 false} {0 [30] 9 49 false} {0 [30] 9 50 false} {0 [30] 9 51 false}]
2026/09/30 21:20:33 Resolving active orders
2026/09/30 21:20:33 Moving unit 5 Blunt Infantry to zone(0, 1) in space (-2, 0) tick=1
2026/09/30 21:20:33 Moving unit 18 Piercing Infantry to zone(-1, 1) in space (-2, -1) tick=1
2026/09/30 21:20:33 Moving unit 19 Piercing Infantry to zone(-1, 1) in space (-2, -1) tick=1
2026/09/30 21:20:33 Moving unit 21 Piercing Infantry to zone(-1, 1) in space (-2, -1) tick=1
2026/09/30 21:20:33 Moving unit 23 Piercing Infantry to zone(-1, 1) in space (-2, -1) tick=1
2026/09/30 21:20:33 Moving unit 24 Piercing Infantry to zone(-1, 1) in space (-2, -1) tick=1
2026/09/30 21:20:33 combat turn=9 tick=1: 30 u13 (player 0, stamina 3) hits 43 u11 (player 1) for 5.12
2026/09/30 21:20:33 Moving unit 22 Piercing Infantry to zone(-1, 1) in space (-2, -1) tick=1
2026/09/30 21:20:33 combat turn=9 tick=1: 6 u11 (player 0, stamina 3) hits 43 u11 (player 1) for 1.80
2026/09/30 21:20:33 Moving unit 17 Piercing Infantry to zone(-1, 1) in space (-2, -1) tick=1
2026/09/30 21:20:33 Moving unit 20 Piercing Infantry to zone(-1, 1) in space (-2, -1) tick=1
2026/09/30 21:20:33 combat turn=9 tick=1: 28 u13 (player 0, stamina 3) hits 43 u11 (player 1) for 5.12
2026/09/30 21:20:33 combat turn=9 tick=1: 29 u13 (player 0, stamina 3) hits 43 u11 (player 1) for 5.12
2026/09/30 21:20:33 combat turn=9 tick=1: 45 u11 (player 1, stamina 3) hits 6 u11 (player 0) for 1.80
2026/09/30 21:20:33 combat turn=9 tick=1: 52 u12 (player 1, stamina 3) hits 6 u11 (player 0) for 2.70
2026/09/30 21:20:33 combat turn=9 tick=1: 58 u13 (player 1, stamina 3) hits 6 u11 (player 0) for 5.12
2026/09/30 21:20:33 combat turn=9 tick=1: 50 u12 (player 1, stamina 3) hits 6 u11 (player 0) for 2.70
2026/09/30 21:20:33 combat turn=9 tick=1: 57 u13 (player 1, stamina 3) hits 6 u11 (player 0) for 5.12
2026/09/30 21:20:33 combat turn=9 tick=1: 59 u13 (player 1, stamina 3) hits 6 u11 (player 0) for 5.12
2026/09/30 21:20:33 Moving unit 31 Blunt Infantry to zone(0, -1) in space (0, 0) tick=1
2026/09/30 21:20:33 combat turn=9 tick=1: 51 u12 (player 1, stamina 3) hits 6 u11 (player 0) for 2.70
2026/09/30 21:20:33 combat turn=9 tick=1: 54 u12 (player 1, stamina 3) hits 6 u11 (player 0) for 2.70
2026/09/30 21:20:33 combat turn=9 tick=1: 60 u13 (player 1, stamina 3) hits 6 u11 (player 0) for 5.12
2026/09/30 21:20:33 combat turn=9 tick=1: 43 u11 (player 1, stamina 3) hits 6 u11 (player 0) for 1.80
2026/09/30 21:20:33 combat turn=9 tick=1: 48 u12 (player 1, stamina 3) hits 6 u11 (player 0) for 2.70
2026/09/30 21:20:33 combat turn=9 tick=1: 53 u12 (player 1, stamina 3) hits 6 u11 (player 0) for 2.70
2026/09/30 21:20:33 combat turn=9 tick=1: 55 u13 (player 1, stamina 3) hits 6 u11 (player 0) for 5.12
2026/09/30 21:20:33 combat turn=9 tick=1: 56 u13 (player 1, stamina 3) hits 6 u11 (player 0) for 5.12
2026/09/30 21:20:33 combat turn=9 tick=1: 44 u11 (player 1, stamina 3) hits 6 u11 (player 0) for 1.80
2026/09/30 21:20:33 combat turn=9 tick=1: 47 u12 (player 1, stamina 3) hits 6 u11 (player 0) for 2.70
2026/09/30 21:20:33 combat turn=9 tick=1: 49 u12 (player 1, stamina 3) hits 6 u11 (player 0) for 2.70
2026/09/30 21:20:33 combat turn=9 tick=1: 46 u11 (player 1, stamina 3) hits 6 u11 (player 0) for 1.80
2026/09/30 21:20:33 state_hash turn=9 tick=1 hash=a8ea0a67b2ad4b8b
2026/09/30 21:20:33 combat turn=9 tick=2: 20 u12 (player 0, stamina 3) hits 44 u11 (player 1) for 2.70
2026/09/30 21:20:33 combat turn=9 tick=2: 28 u13 (player 0, stamina 3) hits 45 u11 (player 1) for 5.12
2026/09/30 21:20:33 combat turn=9 tick=2: 29 u13 (player 0, stamina 3) hits 46 u11 (player 1) for 5.12
2026/09/30 21:20:33 combat turn=9 tick=2: 18 u12 (player 0, stamina 3) hits 44 u11 (player 1) for 2.70
2026/09/30 21:20:33 combat turn=9 tick=2: 19 u12 (player 0, stamina 3) hits 44 u11 (player 1) for 2.70
2026/09/30 21:20:33 combat turn=9 tick=2: 21 u12 (player 0, stamina 3) hits 44 u11 (player 1) for 2.70
2026/09/30 21:20:33 combat turn=9 tick=2: 23 u12 (player 0, stamina 3) hits 44 u11 (player 1) for 2.70
2026/09/30 21:20:33 combat turn=9 tick=2: 24 u12 (player 0, stamina 3) hits 44 u11 (player 1) for 2.70
2026/09/30 21:20:33 combat turn=9 tick=2: 30 u13 (player 0, stamina 3) hits 47 u12 (player 1) for 4.54
2026/09/30 21:20:33 combat turn=9 tick=2: 22 u12 (player 0, stamina 3) hits 44 u11 (player 1) for 2.70
2026/09/30 21:20:33 combat turn=9 tick=2: 17 u12 (player 0, stamina 3) hits 44 u11 (player 1) for 2.70
2026/09/30 21:20:33 combat turn=9 tick=2: 54 u12 (player 1, stamina 3) hits 17 u12 (player 0) for 2.40
2026/09/30 21:20:33 combat turn=9 tick=2: 60 u13 (player 1, stamina 3) hits 17 u12 (player 0) for 4.54
2026/09/30 21:20:33 combat turn=9 tick=2: 48 u12 (player 1, stamina 3) hits 17 u12 (player 0) for 2.40
2026/09/30 21:20:33 combat turn=9 tick=2: 53 u12 (player 1, stamina 3) hits 17 u12 (player 0) for 2.40
2026/09/30 21:20:33 combat turn=9 tick=2: 55 u13 (player 1, stamina 3) hits 17 u12 (player 0) for 4.54
2026/09/30 21:20:33 combat turn=9 tick=2: 56 u13 (player 1, stamina 3) hits 17 u12 (player 0) for 4.54
2026/09/30 21:20:33 combat turn=9 tick=2: 44 u11 (player 1, stamina 3) hits 17 u12 (player 0) for 1.50
2026/09/30 21:20:33 combat turn=9 tick=2: 47 u12 (player 1, stamina 3) hits 17 u12 (player 0) for 2.40
2026/09/30 21:20:33 combat turn=9 tick=2: 49 u12 (player 1, stamina 3) hits 17 u12 (player 0) for 2.40
2026/09/30 21:20:33 combat turn=9 tick=2: 46 u11 (player 1, stamina 3) hits 17 u12 (player 0) for 1.50
2026/09/30 21:20:33 combat turn=9 tick=2: 45 u11 (player 1, stamina 3) hits 17 u12 (player 0) for 1.50
2026/09/30 21:20:33 combat turn=9 tick=2: 52 u12 (player 1, stamina 3) hits 17 u12 (player 0) for 2.40
2026/09/30 21:20:33 combat turn=9 tick=2: 58 u13 (player 1, stamina 3) hits 17 u12 (player 0) for 4.54
2026/09/30 21:20:33 combat turn=9 tick=2: 50 u12 (player 1, stamina 3) hits 17 u12 (player 0) for 2.40
2026/09/30 21:20:33 combat turn=9 tick=2: 57 u13 (player 1, stamina 3) hits 17 u12 (player 0) for 4.54
2026/09/30 21:20:33 combat turn=9 tick=2: 59 u13 (player 1, stamina 3) hits 17 u12 (player 0) for 4.54
2026/09/30 21:20:33 Moving unit 31 Blunt Infantry to zone(0, 1) in space (0, -1) tick=2
2026/09/30 21:20:33 combat turn=9 tick=2: 51 u12 (player 1, stamina 3) hits 17 u12 (player 0) for 2.40
2026/09/30 21:20:33 state_hash turn=9 tick=2 hash=3ff26de558424ff3
2026/09/30 21:20:33 combat turn=9 tick=3: 23 u12 (player 0, stamina 3) hits 45 u11 (player 1) for 2.70
2026/09/30 21:20:33 combat turn=9 tick=3: 24 u12 (player 0, stamina 3) hits 45 u11 (player 1) for 2.70
2026/09/30 21:20:33 combat turn=9 tick=3: 30 u13 (player 0, stamina 2) hits 47 u12 (player 1) for 3.03
2026/09/30 21:20:33 combat turn=9 tick=3: 22 u12 (player 0, stamina 3) hits 45 u11 (player 1) for 2.70
2026/09/30 21:20:33 combat turn=9 tick=3: 20 u12 (player 0, stamina 3) hits 45 u11 (player 1) for 2.70
2026/09/30 21:20:33 combat turn=9 tick=3: 28 u13 (player 0, stamina 2) hits 45 u11 (player 1) for 3.41
2026/09/30 21:20:33 combat turn=9 tick=3: 29 u13 (player 0, stamina 2) hits 46 u11 (player 1) for 3.41
2026/09/30 21:20:33 combat turn=9 tick=3: 18 u12 (player 0, stamina 3) hits 45 u11 (player 1) for 2.70
2026/09/30 21:20:33 combat turn=9 tick=3: 19 u12 (player 0, stamina 3) hits 45 u11 (player 1) for 2.70
2026/09/30 21:20:33 combat turn=9 tick=3: 21 u12 (player 0, stamina 3) hits 45 u11 (player 1) for 2.70
2026/09/30 21:20:33 combat turn=9 tick=3: 48 u12 (player 1, stamina 3) hits 18 u12 (player 0) for 2.40
2026/09/30 21:20:33 combat turn=9 tick=3: 53 u12 (player 1, stamina 3) hits 18 u12 (player 0) for 2.40
2026/09/30 21:20:33 combat turn=9 tick=3: 55 u13 (player 1, stamina 2) hits 18 u12 (player 0) for 3.03
2026/09/30 21:20:33 combat turn=9 tick=3: 56 u13 (player 1, stamina 2) hits 18 u12 (player 0) for 3.03
2026/09/30 21:20:33 combat turn=9 tick=3: 47 u12 (player 1, stamina 3) hits 18 u12 (player 0) for 2.40
2026/09/30 21:20:33 combat turn=9 tick=3: 49 u12 (player 1, stamina 3) hits 18 u12 (player 0) for 2.40
2026/09/30 21:20:33 combat turn=9 tick=3: 46 u11 (player 1, stamina 3) hits 18 u12 (player 0) for 1.50
2026/09/30 21:20:33 combat turn=9 tick=3: 45 u11 (player 1, stamina 3) hits 18 u12 (player 0) for 1.50
2026/09/30 21:20:33 combat turn=9 tick=3: 52 u12 (player 1, stamina 3) hits 18 u12 (player 0) for 2.40
2026/09/30 21:20:33 combat turn=9 tick=3: 58 u13 (player 1, stamina 2) hits 18 u12 (player 0) for 3.03
2026/09/30 21:20:33 combat turn=9 tick=3: 50 u12 (player 1, stamina 3) hits 18 u12 (player 0) for 2.40
2026/09/30 21:20:33 combat turn=9 tick=3: 57 u13 (player 1, stamina 2) hits 18 u12 (player 0) for 3.03
2026/09/30 21:20:33 combat turn=9 tick=3: 59 u13 (player 1, stamina 2) hits 18 u12 (player 0) for 3.03
2026/09/30 21:20:33 Moving unit 31 Blunt Infantry to zone(0, 0) in space (0, -1) tick=3
2026/09/30 21:20:33 combat turn=9 tick=3: 51 u12 (player 1, stamina 3) hits 18 u12 (player 0) for 2.40
2026/09/30 21:20:33 combat turn=9 tick=3: 54 u12 (player 1, stamina 3) hits 18 u12 (player 0) for 2.40
2026/09/30 21:20:33 combat turn=9 tick=3: 60 u13 (player 1, stamina 2) hits 18 u12 (player 0) for 3.03
2026/09/30 21:20:33 state_hash turn=9 tick=3 hash=6374213cffc1952f
2026/09/30 21:20:33 combat turn=9 tick=4: 20 u12 (player 0, stamina 3) hits 46 u11 (player 1) for 2.70
2026/09/30 21:20:33 combat turn=9 tick=4: 19 u12 (player 0, stamina 3) hits 46 u11 (player 1) for 2.70
2026/09/30 21:20:33 combat turn=9 tick=4: 21 u12 (player 0, stamina 3) hits 46 u11 (player 1) for 2.70
2026/09/30 21:20:33 combat turn=9 tick=4: 23 u12 (player 0, stamina 3) hits 46 u11 (player 1) for 2.70
2026/09/30 21:20:33 combat turn=9 tick=4: 24 u12 (player 0, stamina 3) hits 46 u11 (player 1) for 2.70
2026/09/30 21:20:33 combat turn=9 tick=4: 22 u12 (player 0, stamina 3) hits 46 u11 (player 1) for 2.70
2026/09/30 21:20:33 combat turn=9 tick=4: 52 u12 (player 1, stamina 3) hits 19 u12 (player 0) for 2.40
2026/09/30 21:20:33 combat turn=9 tick=4: 50 u12 (player 1, stamina 3) hits 19 u12 (player 0) for 2.40
2026/09/30 21:20:33 Moving unit 31 Blunt Infantry to zone(0, -1) in space (0, -1) tick=4
2026/09/30 21:20:33 combat turn=9 tick=4: 51 u12 (player 1, stamina 3) hits 19 u12 (player 0) for 2.40
2026/09/30 21:20:33 combat turn=9 tick=4: 54 u12 (player 1, stamina 3) hits 19 u12 (player 0) for 2.40
2026/09/30 21:20:33 combat turn=9 tick=4: 48 u12 (player 1, stamina 3) hits 19 u12 (player 0) for 2.40
2026/09/30 21:20:33 combat turn=9 tick=4: 53 u12 (player 1, stamina 3) hits 19 u12 (player 0) for 2.40
2026/09/30 21:20:33 combat turn=9 tick=4: 47 u12 (player 1, stamina 3) hits 19 u12 (player 0) for 2.40
2026/09/30 21:20:33 combat turn=9 tick=4: 49 u12 (player 1, stamina 3) hits 19 u12 (player 0) for 2.40
2026/09/30 21:20:33 combat turn=9 tick=4: 46 u11 (player 1, stamina 3) hits 19 u12 (player 0) for 1.50
2026/09/30 21:20:33 state_hash turn=9 tick=4 hash=1d07af37d21472e0
2026/09/30 21:20:33 combat turn=9 tick=5: 21 u12 (player 0, stamina 3) hits 47 u12 (player 1) for 2.40
2026/09/30 21:20:33 combat turn=9 tick=5: 23 u12 (player 0, stamina 3) hits 47 u12 (player 1) for 2.40
2026/09/30 21:20:33 combat turn=9 tick=5: 24 u12 (player 0, stamina 3) hits 47 u12 (player 1) for 2.40
2026/09/30 21:20:33 combat turn=9 tick=5: 22 u12 (player 0, stamina 3) hits 47 u12 (player 1) for 2.40
2026/09/30 21:20:33 combat turn=9 tick=5: 20 u12 (player 0, stamina 3) hits 47 u12 (player 1) for 2.40
2026/09/30 21:20:33 state_hash turn=9 tick=5 hash=e55ea20a29801980
2026/09/30 21:20:33 state_hash turn=9 tick=end hash=e1580d71504923f4
2026/09/30 21:20:33 ai ai-1: new turn data {"buildings":[],"enemy_buildings":[],"enemy_units":[{"InternalID":20,"UnitID":12,"Type":2,"Kind":1,"Location":{"Space":{"X":-2,"Y":-1},"Zone":{"X":-1,"Y":1}},"CurrentStamina":12,"CurrentOrder":null,"Builds":[],"GarrisonedIn":null,"Stance":0,"InterruptCurrent":false,"AttackBack":false,"TargetPriority":"","ActiveOrders":null,"Health":16,"MaxHealth":16},{"InternalID":21,"UnitID":12,"Type":2,"Kind":1,"Location":{"Space":{"X":-2,"Y":-1},"Zone":{"X":-1,"Y":1}},"CurrentStamina":12,"CurrentOrder":null,"Builds":[],"GarrisonedIn":null,"Stance":0,"InterruptCurrent":false,"AttackBack":false,"TargetPriority":"","ActiveOrders":null,"Health":16,"MaxHealth":16},{"InternalID":22,"UnitID":12,"Type":2,"Kind":1,"Location":{"Space":{"X":-2,"Y":-1},"Zone":{"X":-1,"Y":1}},"CurrentStamina":12,"CurrentOrder":null,"Builds":[],"GarrisonedIn":null,"Stance":0,"InterruptCurrent":false,"AttackBack":false,"TargetPriority":"","ActiveOrders":null,"Health":16,"MaxHealth":16},{"InternalID":23,"UnitID":12,"Type":2,"Kind":1,"Location":{"Space":{"X":-2,"Y":-1},"Zone":{"X":-1,"Y":1}},"CurrentStamina":12,"CurrentOrder":null,"Builds":[],"GarrisonedIn":null,"Stance":0,"InterruptCurrent":false,"AttackBack":false,"TargetPriority":"","ActiveOrders":null,"Health":16,"MaxHealth":16},{"InternalID":24,"UnitID":12,"Type":2,"Kind":1,"Location":{"Space":{"X":-2,"Y":-1},"Zone":{"X":-1,"Y":1}},"CurrentStamina":12,"CurrentOrder":null,"Builds":[],"GarrisonedIn":null,"Stance":0,"InterruptCurrent":false,"AttackBack":false,"TargetPriority":"","ActiveOrders":null,"Health":16,"MaxHealth":16},{"InternalID":28,"UnitID":13,"Type":2,"Kind":1,"Location":{"Space":{"X":-2,"Y":-1},"Zone":{"X":-1,"Y":1}},"CurrentStamina":8,"CurrentOrder":null,"Builds":[],"GarrisonedIn":null,"Stance":0,"InterruptCurrent":false,"AttackBack":false,"TargetPriority":"","ActiveOrders":null,"Health":50,"MaxHealth":50},{"InternalID":29,"UnitID":13,"Type":2,"Kind":1,"Location":{"Space":{"X":-2,"Y":-1},"Zone":{"X":-1,"Y":1}},"CurrentStamina":8,"CurrentOrder":null,"Builds":[],"GarrisonedIn":null,"Stance":0,"InterruptCurrent":false,"AttackBack":false,"TargetPriority":"","ActiveOrders":null,"Health":50,"MaxHealth":50},{"InternalID":30,"UnitID":13,"Type":2,"Kind":1,"Location":{"Space":{"X":-2,"Y":-1},"Zone":{"X":-1,"Y":1}},"CurrentStamina":8,"CurrentOrder":null,"Builds":[],"GarrisonedIn":null,"Stance":0,"InterruptCurrent":false,"AttackBack":false,"TargetPriority":"","ActiveOrders":null,"Health":50,"MaxHealth":50}],"foundations":[],"population":{"current":14,"limit":0},"resources":{"food":200,"gold":28,"stone":100,"wood":200},"spaces":[{"Space":{"X":0,"Y":-4},"Vision":0,"Owner":-1},{"Space":{"X":1,"Y":-4},"Vision":0,"Owner":-1},{"Space":{"X":2,"Y":-4},"Vision":0,"Owner":-1},{"Space":{"X":3,"Y":-4},"Vision":0,"Owner":-1},{"Space":{"X":4,"Y":-4},"Vision":0,"Owner":-1},{"Space":{"X":-1,"Y":-3},"Vision":0,"Owner":-1},{"Space":{"X":0,"Y":-3},"Vision":0,"Owner":-1},{"Space":{"X":1,"Y":-3},"Vision":0,"Owner":-1},{"Space":{"X":2,"Y":-3},"Vision":0,"Owner":-1},{"Space":{"X":3,"Y":-3},"Vision":0,"Owner":-1},{"Space":{"X":4,"Y":-3},"Vision":0,"Owner":-1},{"Space":{"X":-2,"Y":-2},"Vision":2,"Owner":-1},{"Space":{"X":-1,"Y":-2},"Vision":2,"Owner":-1},{"Space":{"X":0,"Y":-2},"Vision":3,"Owner":-1},{"Space":{"X":1,"Y":-2},"Vision":2,"Owner":-1},{"Space":{"X":2,"Y":-2},"Vision":0,"Owner":-1},{"Space":{"X":3,"Y":-2},"Vision":0,"Owner":-1},{"Space":{"X":4,"Y":-2},"Vision":0,"Owner":-1},{"Space":{"X":-3,"Y":-1},"Vision":2,"Owner":-1},{"Space":{"X":-2,"Y":-1},"Vision":3,"Owner":-1},{"Space":{"X":-1,"Y":-1},"Vision":2,"Owner":-1},{"Space":{"X":0,"Y":-1},"Vision":3,"Owner":1},{"Space":{"X":1,"Y":-1},"Vision":2,"Owner":-1},{"Space":{"X":2,"Y":-1},"Vision":0,"Owner":-1},{"Space":{"X":3,"Y":-1},"Vision":0,"Owner":-1},{"Space":{"X":4,"Y":-1},"Vision":0,"Owner":-1},{"Space":{"X":-4,"Y":0},"Vision":1,"Owner":-1},{"Space":{"X":-3,"Y":0},"Vision":3,"Owner":-1},{"Space":{"X":-2,"Y":0},"Vision":2,"Owner":0},{"Space":{"X":-1,"Y":0},"Vision":2,"Owner":-1},{"Space":{"X":0,"Y":0},"Vision":2,"Owner":-1},{"Space":{"X":1,"Y":0},"Vision":1,"Owner":-1},{"Space":{"X":2,"Y":0},"Vision":0,"Owner":-1},{"Space":{"X":3,"Y":0},"Vision":0,"Owner":-1},{"Space":{"X":4,"Y":0},"Vision":0,"Owner":-1},{"Space":{"X":-4,"Y":1},"Vision":1,"Owner":0},{"Space":{"X":-3,"Y":1},"Vision":1,"Owner":0},{"Space":{"X":-2,"Y":1},"Vision":1,"Owner":-1},{"Space":{"X":-1,"Y":1},"Vision":1,"Owner":-1},{"Space":{"X":0,"Y":1},"Vision":1,"Owner":-1},{"Space":{"X":1,"Y":1},"Vision":1,"Owner":-1},{"Space":{"X":2,"Y":1},"Vision":0,"Owner":-1},{"Space":{"X":3,"Y":1},"Vision":0,"Owner":-1},{"Space":{"X":-4,"Y":2},"Vision":1,"Owner":0},{"Space":{"X":-3,"Y":2},"Vision":1,"Owner":-1},{"Space":{"X":-2,"Y":2},"Vision":1,"Owner":-1},{"Space":{"X":-1,"Y":2},"Vision":1,"Owner":-1},{"Space":{"X":0,"Y":2},"Vision":1,"Owner":-1},{"Space":{"X":1,"Y":2},"Vision":1,"Owner":-1},{"Space":{"X":2,"Y":2},"Vision":0,"Owner":-1},{"Space":{"X":-4,"Y":3},"Vision":1,"Owner":-1},{"Space":{"X":-3,"Y":3},"Vision":1,"Owner":-1},{"Space":{"X":-2,"Y":3},"Vision":1,"Owner":-1},{"Space":{"X":-1,"Y":3},"Vision":1,"Owner":-1},{"Space":{"X":0,"Y":3},"Vision":1,"Owner":-1},{"Space":{"X":1,"Y":3},"Vision":0,"Owner":-1},{"Space":{"X":-4,"Y":4},"Vision":1,"Owner":-1},{"Space":{"X":-3,"Y":4},"Vision":1,"Owner":-1},{"Space":{"X":-2,"Y":4},"Vision":1,"Owner":-1},{"Space":{"X":-1,"Y":4},"Vision":1,"Owner":-1},{"Space":{"X":0,"Y":4},"Vision":0,"Owner":-1}],"units":[{"InternalID":31,"UnitID":11,"Type":2,"Kind":1,"Location":{"Space":{"X":0,"Y":-1},"Zone":{"X":0,"Y":-1}},"CurrentStamina":18,"CurrentOrder":{"Kind":0,"TargetZone":{"Space":{"X":0,"Y":-2},"Zone":{"X":0,"Y":0}},"TargetSpace":null,"TargetResource":null,"TargetUnit":null,"TargetBuilding":null},"Builds":[],"GarrisonedIn":null,"Stance":3,"InterruptCurrent":false,"AttackBack":true,"TargetPriority":"","ActiveOrders":[{"ID":356,"Kind":0}],"Health":11,"MaxHealth":11},{"InternalID":48,"UnitID":12,"Type":2,"Kind":1,"Location":{"Space":{"X":-2,"Y":-1},"Zone":{"X":-1,"Y":1}},"CurrentStamina":12,"CurrentOrder":{"Kind":4,"TargetZone":null,"TargetSpace":{"X":-2,"Y":-1},"TargetResource":null,"TargetUnit":null,"TargetBuilding":null},"Builds":[],"GarrisonedIn":null,"Stance":3,"InterruptCurrent":false,"AttackBack":true,"TargetPriority":"","ActiveOrders":[{"ID":134,"Kind":4}],"Health":16,"MaxHealth":16},{"InternalID":49,"UnitID":12,"Type":2,"Kind":1,"Location":{"Space":{"X":-2,"Y":-1},"Zone":{"X":-1,"Y":1}},"CurrentStamina":12,"CurrentOrder":{"Kind":4,"TargetZone":null,"TargetSpace":{"X":-2,"Y":-1},"TargetResource":null,"TargetUnit":null,"TargetBuilding":null},"Builds":[],"GarrisonedIn":null,"Stance":3,"InterruptCurrent":false,"AttackBack":true,"TargetPriority":"","ActiveOrders":[{"ID":113,"Kind":4}],"Health":16,"MaxHealth":16},{"InternalID":50,"UnitID":12,"Type":2,"Kind":1,"Location":{"Space":{"X":-2,"Y":-1},"Zone":{"X":-1,"Y":1}},"CurrentStamina":12,"CurrentOrder":{"Kind":4,"TargetZone":null,"TargetSpace":{"X":-2,"Y":-1},"TargetResource":null,"TargetUnit":null,"TargetBuilding":null},"Builds":[],"GarrisonedIn":null,"Stance":3,"InterruptCurrent":false,"AttackBack":true,"TargetPriority":"","ActiveOrders":[{"ID":125,"Kind":4}],"Health":16,"MaxHealth":16},{"InternalID":51,"UnitID":12,"Type":2,"Kind":1,"Location":{"Space":{"X":-2,"Y":-1},"Zone":{"X":-1,"Y":1}},"CurrentStamina":12,"CurrentOrder":{"Kind":4,"TargetZone":null,"TargetSpace":{"X":-2,"Y":-1},"TargetResource":null,"TargetUnit":null,"TargetBuilding":null},"Builds":[],"GarrisonedIn":null,"Stance":3,"InterruptCurrent":false,"AttackBack":true,"TargetPriority":"","ActiveOrders":[{"ID":128,"Kind":4}],"Health":16,"MaxHealth":16},{"InternalID":52,"UnitID":12,"Type":2,"Kind":1,"Location":{"Space":{"X":-2,"Y":-1},"Zone":{"X":-1,"Y":1}},"CurrentStamina":12,"CurrentOrder":{"Kind":4,"TargetZone":null,"TargetSpace":{"X":-2,"Y":-1},"TargetResource":null,"TargetUnit":null,"TargetBuilding":null},"Builds":[],"GarrisonedIn":null,"Stance":3,"InterruptCurrent":false,"AttackBack":true,"TargetPriority":"","ActiveOrders":[{"ID":121,"Kind":4}],"Health":16,"MaxHealth":16},{"InternalID":53,"UnitID":12,"Type":2,"Kind":1,"Location":{"Space":{"X":-2,"Y":-1},"Zone":{"X":-1,"Y":1}},"CurrentStamina":12,"CurrentOrder":{"Kind":4,"TargetZone":null,"TargetSpace":{"X":-2,"Y":-1},"TargetResource":null,"TargetUnit":null,"TargetBuilding":null},"Builds":[],"GarrisonedIn":null,"Stance":3,"InterruptCurrent":false,"AttackBack":true,"TargetPriority":"","ActiveOrders":[{"ID":135,"Kind":4}],"Health":16,"MaxHealth":16},{"InternalID":54,"UnitID":12,"Type":2,"Kind":1,"Location":{"Space":{"X":-2,"Y":-1},"Zone":{"X":-1,"Y":1}},"CurrentStamina":12,"CurrentOrder":{"Kind":4,"TargetZone":null,"TargetSpace":{"X":-2,"Y":-1},"TargetResource":null,"TargetUnit":null,"TargetBuilding":null},"Builds":[],"GarrisonedIn":null,"Stance":3,"InterruptCurrent":false,"AttackBack":true,"TargetPriority":"","ActiveOrders":[{"ID":129,"Kind":4}],"Health":16,"MaxHealth":16},{"InternalID":55,"UnitID":13,"Type":2,"Kind":1,"Location":{"Space":{"X":-2,"Y":-1},"Zone":{"X":-1,"Y":1}},"CurrentStamina":8,"CurrentOrder":{"Kind":4,"TargetZone":null,"TargetSpace":{"X":-2,"Y":-1},"TargetResource":null,"TargetUnit":null,"TargetBuilding":null},"Builds":[],"GarrisonedIn":null,"Stance":3,"InterruptCurrent":false,"AttackBack":true,"TargetPriority":"","ActiveOrders":[{"ID":136,"Kind":4}],"Health":50,"MaxHealth":50},{"InternalID":56,"UnitID":13,"Type":2,"Kind":1,"Location":{"Space":{"X":-2,"Y":-1},"Zone":{"X":-1,"Y":1}},"CurrentStamina":8,"CurrentOrder":{"Kind":4,"TargetZone":null,"TargetSpace":{"X":-2,"Y":-1},"TargetResource":null,"TargetUnit":null,"TargetBuilding":null},"Builds":[],"GarrisonedIn":null,"Stance":3,"InterruptCurrent":false,"AttackBack":true,"TargetPriority":"","ActiveOrders":[{"ID":138,"Kind":4}],"Health":50,"MaxHealth":50},{"InternalID":57,"UnitID":13,"Type":2,"Kind":1,"Location":{"Space":{"X":-2,"Y":-1},"Zone":{"X":-1,"Y":1}},"CurrentStamina":8,"CurrentOrder":{"Kind":4,"TargetZone":null,"TargetSpace":{"X":-2,"Y":-1},"TargetResource":null,"TargetUnit":null,"TargetBuilding":null},"Builds":[],"GarrisonedIn":null,"Stance":3,"InterruptCurrent":false,"AttackBack":true,"TargetPriority":"","ActiveOrders":[{"ID":126,"Kind":4}],"Health":50,"MaxHealth":50},{"InternalID":58,"UnitID":13,"Type":2,"Kind":1,"Location":{"Space":{"X":-2,"Y":-1},"Zone":{"X":-1,"Y":1}},"CurrentStamina":8,"CurrentOrder":{"Kind":4,"TargetZone":null,"TargetSpace":{"X":-2,"Y":-1},"TargetResource":null,"TargetUnit":null,"TargetBuilding":null},"Builds":[],"GarrisonedIn":null,"Stance":3,"InterruptCurrent":false,"AttackBack":true,"TargetPriority":"","ActiveOrders":[{"ID":122,"Kind":4}],"Health":50,"MaxHealth":50},{"InternalID":59,"UnitID":13,"Type":2,"Kind":1,"Location":{"Space":{"X":-2,"Y":-1},"Zone":{"X":-1,"Y":1}},"CurrentStamina":8,"CurrentOrder":{"Kind":4,"TargetZone":null,"TargetSpace":{"X":-2,"Y":-1},"TargetResource":null,"TargetUnit":null,"TargetBuilding":null},"Builds":[],"GarrisonedIn":null,"Stance":3,"InterruptCurrent":false,"AttackBack":true,"TargetPriority":"","ActiveOrders":[{"ID":127,"Kind":4}],"Health":50,"MaxHealth":50},{"InternalID":60,"UnitID":13,"Type":2,"Kind":1,"Location":{"Space":{"X":-2,"Y":-1},"Zone":{"X":-1,"Y":1}},"CurrentStamina":8,"CurrentOrder":{"Kind":4,"TargetZone":null,"TargetSpace":{"X":-2,"Y":-1},"TargetResource":null,"TargetUnit":null,"TargetBuilding":null},"Builds":[],"GarrisonedIn":null,"Stance":3,"InterruptCurrent":false,"AttackBack":true,"TargetPriority":"","ActiveOrders":[{"ID":130,"Kind":4}],"Health":50,"MaxHealth":50}]}
2026/09/30 21:20:33 ai ai-1: submitting orders []
2026/09/30 21:20:33 ai ai-1: vars {}
2026/09/30 21:20:33 player action: submit-orders 0 2 map[orders:[]]
2026/09/30 21:20:33 Executing submit orders for: 1 []
2026/09/30 21:20:33 ai ai-0: new turn data {"buildings":[],"enemy_buildings":[],"enemy_units":[{"InternalID":48,"UnitID":12,"Type":2,"Kind":1,"Location":{"Space":{"X":-2,"Y":-1},"Zone":{"X":-1,"Y":1}},"CurrentStamina":12,"CurrentOrder":null,"Builds":[],"GarrisonedIn":null,"Stance":0,"InterruptCurrent":false,"AttackBack":false,"TargetPriority":"","ActiveOrders":null,"Health":16,"MaxHealth":16},{"InternalID":49,"UnitID":12,"Type":2,"Kind":1,"Location":{"Space":{"X":-2,"Y":-1},"Zone":{"X":-1,"Y":1}},"CurrentStamina":12,"CurrentOrder":null,"Builds":[],"GarrisonedIn":null,"Stance":0,"InterruptCurrent":false,"AttackBack":false,"TargetPriority":"","ActiveOrders":null,"Health":16,"MaxHealth":16},{"InternalID":50,"UnitID":12,"Type":2,"Kind":1,"Location":{"Space":{"X":-2,"Y":-1},"Zone":{"X":-1,"Y":1}},"CurrentStamina":12,"CurrentOrder":null,"Builds":[],"GarrisonedIn":null,"Stance":0,"InterruptCurrent":false,"AttackBack":false,"TargetPriority":"","ActiveOrders":null,"Health":16,"MaxHealth":16},{"InternalID":51,"UnitID":12,"Type":2,"Kind":1,"Location":{"Space":{"X":-2,"Y":-1},"Zone":{"X":-1,"Y":1}},"CurrentStamina":12,"CurrentOrder":null,"Builds":[],"GarrisonedIn":null,"Stance":0,"InterruptCurrent":false,"AttackBack":false,"TargetPriority":"","ActiveOrders":null,"Health":16,"MaxHealth":16},{"InternalID":52,"UnitID":12,"Type":2,"Kind":1,"Location":{"Space":{"X":-2,"Y":-1},"Zone":{"X":-1,"Y":1}},"CurrentStamina":12,"CurrentOrder":null,"Builds":[],"GarrisonedIn":null,"Stance":0,"InterruptCurrent":false,"AttackBack":false,"TargetPriority":"","ActiveOrders":null,"Health":16,"MaxHealth":16},{"InternalID":53,"UnitID":12,"Type":2,"Kind":1,"Location":{"Space":{"X":-2,"Y":-1},"Zone":{"X":-1,"Y":1}},"CurrentStamina":12,"CurrentOrder":null,"Builds":[],"GarrisonedIn":null,"Stance":0,"InterruptCurrent":false,"AttackBack":false,"TargetPriority":"","ActiveOrders":null,"Health":16,"MaxHealth":16},{"InternalID":54,"UnitID":12,"Type":2,"Kind":1,"Location":{"Space":{"X":-2,"Y":-1},"Zone":{"X":-1,"Y":1}},"CurrentStamina":12,"CurrentOrder":null,"Builds":[],"GarrisonedIn":null,"Stance":0,"InterruptCurrent":false,"AttackBack":false,"TargetPriority":"","ActiveOrders":null,"Health":16,"MaxHealth":16},{"InternalID":55,"UnitID":13,"Type":2,"Kind":1,"Location":{"Space":{"X":-2,"Y":-1},"Zone":{"X":-1,"Y":1}},"CurrentStamina":8,"CurrentOrder":null,"Builds":[],"GarrisonedIn":null,"Stance":0,"InterruptCurrent":false,"AttackBack":false,"TargetPriority":"","ActiveOrders":null,"Health":50,"MaxHealth":50},{"InternalID":56,"UnitID":13,"Type":2,"Kind":1,"Location":{"Space":{"X":-2,"Y":-1},"Zone":{"X":-1,"Y":1}},"CurrentStamina":8,"CurrentOrder":null,"Builds":[],"GarrisonedIn":null,"Stance":0,"InterruptCurrent":false,"AttackBack":false,"TargetPriority":"","ActiveOrders":null,"Health":50,"MaxHealth":50},{"InternalID":57,"UnitID":13,"Type":2,"Kind":1,"Location":{"Space":{"X":-2,"Y":-1},"Zone":{"X":-1,"Y":1}},"CurrentStamina":8,"CurrentOrder":null,"Builds":[],"GarrisonedIn":null,"Stance":0,"InterruptCurrent":false,"AttackBack":false,"TargetPriority":"","ActiveOrders":null,"Health":50,"MaxHealth":50},{"InternalID":58,"UnitID":13,"Type":2,"Kind":1,"Location":{"Space":{"X":-2,"Y":-1},"Zone":{"X":-1,"Y":1}},"CurrentStamina":8,"CurrentOrder":null,"Builds":[],"GarrisonedIn":null,"Stance":0,"InterruptCurrent":false,"AttackBack":false,"TargetPriority":"","ActiveOrders":null,"Health":50,"MaxHealth":50},{"InternalID":59,"UnitID":13,"Type":2,"Kind":1,"Location":{"Space":{"X":-2,"Y":-1},"Zone":{"X":-1,"Y":1}},"CurrentStamina":8,"CurrentOrder":null,"Builds":[],"GarrisonedIn":null,"Stance":0,"InterruptCurrent":false,"AttackBack":false,"TargetPriority":"","ActiveOrders":null,"Health":50,"MaxHealth":50},{"InternalID":60,"UnitID":13,"Type":2,"Kind":1,"Location":{"Space":{"X":-2,"Y":-1},"Zone":{"X":-1,"Y":1}},"CurrentStamina":8,"CurrentOrder":null,"Builds":[],"GarrisonedIn":null,"Stance":0,"InterruptCurrent":false,"AttackBack":false,"TargetPriority":"","ActiveOrders":null,"Health":50,"MaxHealth":50}],"foundations":[],"population":{"current":9,"limit":0},"resources":{"food":200,"gold":84,"stone":100,"wood":200},"spaces":[{"Space":{"X":0,"Y":-4},"Vision":1,"Owner":-1},{"Space":{"X":1,"Y":-4},"Vision":1,"Owner":-1},{"Space":{"X":2,"Y":-4},"Vision":0,"Owner":-1},{"Space":{"X":3,"Y":-4},"Vision":0,"Owner":-1},{"Space":{"X":4,"Y":-4},"Vision":0,"Owner":-1},{"Space":{"X":-1,"Y":-3},"Vision":1,"Owner":-1},{"Space":{"X":0,"Y":-3},"Vision":1,"Owner":-1},{"Space":{"X":1,"Y":-3},"Vision":1,"Owner":-1},{"Space":{"X":2,"Y":-3},"Vision":0,"Owner":-1},{"Space":{"X":3,"Y":-3},"Vision":0,"Owner":-1},{"Space":{"X":4,"Y":-3},"Vision":0,"Owner":-1},{"Space":{"X":-2,"Y":-2},"Vision":2,"Owner":-1},{"Space":{"X":-1,"Y":-2},"Vision":2,"Owner":-1},{"Space":{"X":0,"Y":-2},"Vision":1,"Owner":-1},{"Space":{"X":1,"Y":-2},"Vision":1,"Owner":-1},{"Space":{"X":2,"Y":-2},"Vision":1,"Owner":-1},{"Space":{"X":3,"Y":-2},"Vision":1,"Owner":-1},{"Space":{"X":4,"Y":-2},"Vision":0,"Owner":-1},{"Space":{"X":-3,"Y":-1},"Vision":2,"Owner":-1},{"Space":{"X":-2,"Y":-1},"Vision":3,"Owner":-1},{"Space":{"X":-1,"Y":-1},"Vision":2,"Owner":-1},{"Space":{"X":0,"Y":-1},"Vision":1,"Owner":-1},{"Space":{"X":1,"Y":-1},"Vision":1,"Owner":-1},{"Space":{"X":2,"Y":-1},"Vision":1,"Owner":-1},{"Space":{"X":3,"Y":-1},"Vision":1,"Owner":-1},{"Space":{"X":4,"Y":-1},"Vision":0,"Owner":-1},{"Space":{"X":-4,"Y":0},"Vision":1,"Owner":-1},{"Space":{"X":-3,"Y":0},"Vision":3,"Owner":-1},{"Space":{"X":-2,"Y":0},"Vision":3,"Owner":0},{"Space":{"X":-1,"Y":0},"Vision":2,"Owner":-1},{"Space":{"X":0,"Y":0},"Vision":1,"Owner":-1},{"Space":{"X":1,"Y":0},"Vision":1,"Owner":-1},{"Space":{"X":2,"Y":0},"Vision":1,"Owner":-1},{"Space":{"X":3,"Y":0},"Vision":1,"Owner":-1},{"Space":{"X":4,"Y":0},"Vision":0,"Owner":-1},{"Space":{"X":-4,"Y":1},"Vision":1,"Owner":-1},{"Space":{"X":-3,"Y":1},"Vision":2,"Owner":-1},{"Space":{"X":-2,"Y":1},"Vision":3,"Owner":-1},{"Space":{"X":-1,"Y":1},"Vision":1,"Owner":-1},{"Space":{"X":0,"Y":1},"Vision":1,"Owner":-1},{"Space":{"X":1,"Y":1},"Vision":1,"Owner":-1},{"Space":{"X":2,"Y":1},"Vision":1,"Owner":-1},{"Space":{"X":3,"Y":1},"Vision":1,"Owner":-1},{"Space":{"X":-4,"Y":2},"Vision":1,"Owner":-1},{"Space":{"X":-3,"Y":2},"Vision":1,"Owner":-1},{"Space":{"X":-2,"Y":2},"Vision":1,"Owner":-1},{"Space":{"X":-1,"Y":2},"Vision":1,"Owner":-1},{"Space":{"X":0,"Y":2},"Vision":1,"Owner":-1},{"Space":{"X":1,"Y":2},"Vision":1,"Owner":-1},{"Space":{"X":2,"Y":2},"Vision":1,"Owner":-1},{"Space":{"X":-4,"Y":3},"Vision":1,"Owner":-1},{"Space":{"X":-3,"Y":3},"Vision":1,"Owner":-1},{"Space":{"X":-2,"Y":3},"Vision":1,"Owner":-1},{"Space":{"X":-1,"Y":3},"Vision":1,"Owner":-1},{"Space":{"X":0,"Y":3},"Vision":1,"Owner":-1},{"Space":{"X":1,"Y":3},"Vision":1,"Owner":-1},{"Space":{"X":-4,"Y":4},"Vision":1,"Owner":-1},{"Space":{"X":-3,"Y":4},"Vision":1,"Owner":-1},{"Space":{"X":-2,"Y":4},"Vision":1,"Owner":-1},{"Space":{"X":-1,"Y":4},"Vision":1,"Owner":-1},{"Space":{"X":0,"Y":4},"Vision":1,"Owner":-1}],"units":[{"InternalID":5,"UnitID":11,"Type":2,"Kind":1,"Location":{"Space":{"X":-2,"Y":0},"Zone":{"X":0,"Y":1}},"CurrentStamina":23,"CurrentOrder":null,"Builds":[],"GarrisonedIn":null,"Stance":3,"InterruptCurrent":true,"AttackBack":true,"TargetPriority":"","ActiveOrders":null,"Health":11,"MaxHealth":11},{"InternalID":20,"UnitID":12,"Type":2,"Kind":1,"Location":{"Space":{"X":-2,"Y":-1},"Zone":{"X":-1,"Y":1}},"CurrentStamina":12,"CurrentOrder":{"Kind":4,"TargetZone":null,"TargetSpace":{"X":-2,"Y":-1},"TargetResource":null,"TargetUnit":null,"TargetBuilding":null},"Builds":[],"GarrisonedIn":null,"Stance":3,"InterruptCurrent":true,"AttackBack":true,"TargetPriority":"","ActiveOrders":[{"ID":403,"Kind":4}],"Health":16,"MaxHealth":16},{"InternalID":21,"UnitID":12,"Type":2,"Kind":1,"Location":{"Space":{"X":-2,"Y":-1},"Zone":{"X":-1,"Y":1}},"CurrentStamina":12,"CurrentOrder":{"Kind":4,"TargetZone":null,"TargetSpace":{"X":-2,"Y":-1},"TargetResource":null,"TargetUnit":null,"TargetBuilding":null},"Builds":[],"GarrisonedIn":null,"Stance":3,"InterruptCurrent":true,"AttackBack":true,"TargetPriority":"","ActiveOrders":[{"ID":406,"Kind":4}],"Health":16,"MaxHealth":16},{"InternalID":22,"UnitID":12,"Type":2,"Kind":1,"Location":{"Space":{"X":-2,"Y":-1},"Zone":{"X":-1,"Y":1}},"CurrentStamina":12,"CurrentOrder":{"Kind":4,"TargetZone":null,"TargetSpace":{"X":-2,"Y":-1},"TargetResource":null,"TargetUnit":null,"TargetBuilding":null},"Builds":[],"GarrisonedIn":null,"Stance":3,"InterruptCurrent":true,"AttackBack":true,"TargetPriority":"","ActiveOrders":[{"ID":409,"Kind":4}],"Health":16,"MaxHealth":16},{"InternalID":23,"UnitID":12,"Type":2,"Kind":1,"Location":{"Space":{"X":-2,"Y":-1},"Zone":{"X":-1,"Y":1}},"CurrentStamina":12,"CurrentOrder":{"Kind":4,"TargetZone":null,"TargetSpace":{"X":-2,"Y":-1},"TargetResource":null,"TargetUnit":null,"TargetBuilding":null},"Builds":[],"GarrisonedIn":null,"Stance":3,"InterruptCurrent":true,"AttackBack":true,"TargetPriority":"","ActiveOrders":[{"ID":407,"Kind":4}],"Health":16,"MaxHealth":16},{"InternalID":24,"UnitID":12,"Type":2,"Kind":1,"Location":{"Space":{"X":-2,"Y":-1},"Zone":{"X":-1,"Y":1}},"CurrentStamina":12,"CurrentOrder":{"Kind":4,"TargetZone":null,"TargetSpace":{"X":-2,"Y":-1},"TargetResource":null,"TargetUnit":null,"TargetBuilding":null},"Builds":[],"GarrisonedIn":null,"Stance":3,"InterruptCurrent":true,"AttackBack":true,"TargetPriority":"","ActiveOrders":[{"ID":408,"Kind":4}],"Health":16,"MaxHealth":16},{"InternalID":28,"UnitID":13,"Type":2,"Kind":1,"Location":{"Space":{"X":-2,"Y":-1},"Zone":{"X":-1,"Y":1}},"CurrentStamina":8,"CurrentOrder":{"Kind":6,"TargetZone":null,"TargetSpace":null,"TargetResource":null,"TargetUnit":{"InternalID":48,"UnitID":12,"Type":2,"Kind":1,"Location":{"Space":{"X":-2,"Y":-1},"Zone":{"X":-1,"Y":1}},"CurrentStamina":12,"CurrentOrder":null,"Builds":[],"GarrisonedIn":null,"Stance":0,"InterruptCurrent":false,"AttackBack":false,"TargetPriority":"","ActiveOrders":null,"Health":16,"MaxHealth":16},"TargetBuilding":null},"Builds":[],"GarrisonedIn":null,"Stance":3,"InterruptCurrent":false,"AttackBack":true,"TargetPriority":"","ActiveOrders":[{"ID":389,"Kind":6},{"ID":390,"Kind":6}],"Health":50,"MaxHealth":50},{"InternalID":29,"UnitID":13,"Type":2,"Kind":1,"Location":{"Space":{"X":-2,"Y":-1},"Zone":{"X":-1,"Y":1}},"CurrentStamina":8,"CurrentOrder":{"Kind":6,"TargetZone":null,"TargetSpace":null,"TargetResource":null,"TargetUnit":{"InternalID":48,"UnitID":12,"Type":2,"Kind":1,"Location":{"Space":{"X":-2,"Y":-1},"Zone":{"X":-1,"Y":1}},"CurrentStamina":12,"CurrentOrder":null,"Builds":[],"GarrisonedIn":null,"Stance":0,"InterruptCurrent":false,"AttackBack":false,"TargetPriority":"","ActiveOrders":null,"Health":16,"MaxHealth":16},"TargetBuilding":null},"Builds":[],"GarrisonedIn":null,"Stance":3,"InterruptCurrent":false,"AttackBack":true,"TargetPriority":"","ActiveOrders":[{"ID":394,"Kind":6},{"ID":395,"Kind":6},{"ID":396,"Kind":6}],"Health":50,"MaxHealth":50},{"InternalID":30,"UnitID":13,"Type":2,"Kind":1,"Location":{"Space":{"X":-2,"Y":-1},"Zone":{"X":-1,"Y":1}},"CurrentStamina":8,"CurrentOrder":{"Kind":6,"TargetZone":null,"TargetSpace":null,"TargetResource":null,"TargetUnit":{"InternalID":48,"UnitID":12,"Type":2,"Kind":1,"Location":{"Space":{"X":-2,"Y":-1},"Zone":{"X":-1,"Y":1}},"CurrentStamina":12,"CurrentOrder":null,"Builds":[],"GarrisonedIn":null,"Stance":0,"InterruptCurrent":false,"AttackBack":false,"TargetPriority":"","ActiveOrders":null,"Health":16,"MaxHealth":16},"TargetBuilding":null},"Builds":[],"GarrisonedIn":null,"Stance":3,"InterruptCurrent":false,"AttackBack":true,"TargetPriority":"","ActiveOrders":[{"ID":399,"Kind":6},{"ID":400,"Kind":6},{"ID":401,"Kind":6},{"ID":402,"Kind":6}],"Health":50,"MaxHealth":50}]}
2026/09/30 21:20:33 ai ai-0: submitting orders [{Subjects:[5] OrderType:2 TargetID:10731 ClearPreviousOrders:true} {Subjects:[5] OrderType:9 TargetID:48 ClearPreviousOrders:true} {Subjects:[20] OrderType:9 TargetID:48 ClearPreviousOrders:true} {Subjects:[21] OrderType:9 TargetID:48 ClearPreviousOrders:true} {Subjects:[22] OrderType:9 TargetID:48 ClearPreviousOrders:true} {Subjects:[23] OrderType:9 TargetID:48 ClearPreviousOrders:true} {Subjects:[24] OrderType:9 TargetID:48 ClearPreviousOrders:true} {Subjects:[28] OrderType:9 TargetID:48 ClearPreviousOrders:true} {Subjects:[29] OrderType:9 TargetID:48 ClearPreviousOrders:true} {Subjects:[30] OrderType:9 TargetID:48 ClearPreviousOrders:true} {Subjects:[20] OrderType:9 TargetID:48 ClearPreviousOrders:true} {Subjects:[20] OrderType:9 TargetID:49 ClearPreviousOrders:false} {Subjects:[20] OrderType:9 TargetID:50 ClearPreviousOrders:false} {Subjects:[20] OrderType:9 TargetID:51 ClearPreviousOrders:false} {Subjects:[20] OrderType:9 TargetID:52 ClearPreviousOrders:false} {Subjects:[20] OrderType:9 TargetID:53 ClearPreviousOrders:false} {Subjects:[21] OrderType:9 TargetID:48 ClearPreviousOrders:true} {Subjects:[21] OrderType:9 TargetID:50 ClearPreviousOrders:false} {Subjects:[21] OrderType:9 TargetID:51 ClearPreviousOrders:false} {Subjects:[21] OrderType:9 TargetID:52 ClearPreviousOrders:false} {Subjects:[21] OrderType:9 TargetID:53 ClearPreviousOrders:false} {Subjects:[21] OrderType:9 TargetID:54 ClearPreviousOrders:false} {Subjects:[22] OrderType:9 TargetID:48 ClearPreviousOrders:true} {Subjects:[22] OrderType:9 TargetID:51 ClearPreviousOrders:false} {Subjects:[22] OrderType:9 TargetID:52 ClearPreviousOrders:false} {Subjects:[22] OrderType:9 TargetID:53 ClearPreviousOrders:false} {Subjects:[22] OrderType:9 TargetID:54 ClearPreviousOrders:false} {Subjects:[22] OrderType:9 TargetID:55 ClearPreviousOrders:false} {Subjects:[23] OrderType:9 TargetID:48 ClearPreviousOrders:true} {Subjects:[23] OrderType:9 TargetID:52 ClearPreviousOrders:false} {Subjects:[23] OrderType:9 TargetID:53 ClearPreviousOrders:false} {Subjects:[23] OrderType:9 TargetID:54 ClearPreviousOrders:false} {Subjects:[23] OrderType:9 TargetID:55 ClearPreviousOrders:false} {Subjects:[23] OrderType:9 TargetID:56 ClearPreviousOrders:false} {Subjects:[24] OrderType:9 TargetID:48 ClearPreviousOrders:true} {Subjects:[24] OrderType:9 TargetID:53 ClearPreviousOrders:false} {Subjects:[24] OrderType:9 TargetID:54 ClearPreviousOrders:false} {Subjects:[24] OrderType:9 TargetID:55 ClearPreviousOrders:false} {Subjects:[24] OrderType:9 TargetID:56 ClearPreviousOrders:false} {Subjects:[24] OrderType:9 TargetID:57 ClearPreviousOrders:false} {Subjects:[28] OrderType:9 TargetID:48 ClearPreviousOrders:true} {Subjects:[28] OrderType:9 TargetID:54 ClearPreviousOrders:false} {Subjects:[28] OrderType:9 TargetID:55 ClearPreviousOrders:false} {Subjects:[28] OrderType:9 TargetID:56 ClearPreviousOrders:false} {Subjects:[28] OrderType:9 TargetID:57 ClearPreviousOrders:false} {Subjects:[28] OrderType:9 TargetID:58 ClearPreviousOrders:false} {Subjects:[29] OrderType:9 TargetID:48 ClearPreviousOrders:true} {Subjects:[29] OrderType:9 TargetID:55 ClearPreviousOrders:false} {Subjects:[29] OrderType:9 TargetID:56 ClearPreviousOrders:false} {Subjects:[29] OrderType:9 TargetID:57 ClearPreviousOrders:false} {Subjects:[29] OrderType:9 TargetID:58 ClearPreviousOrders:false} {Subjects:[29] OrderType:9 TargetID:59 ClearPreviousOrders:false} {Subjects:[30] OrderType:9 TargetID:48 ClearPreviousOrders:true} {Subjects:[30] OrderType:9 TargetID:56 ClearPreviousOrders:false} {Subjects:[30] OrderType:9 TargetID:57 ClearPreviousOrders:false} {Subjects:[30] OrderType:9 TargetID:58 ClearPreviousOrders:false} {Subjects:[30] OrderType:9 TargetID:59 ClearPreviousOrders:false} {Subjects:[30] OrderType:9 TargetID:60 ClearPreviousOrders:false}]
2026/09/30 21:20:33 ai ai-0: vars {"B":1,"Hv":3,"Pi":5,"aPowLocal":0,"aThreat":0,"a_engaged":0,"a_odds":1.3,"a_outnumbered":0,"army_target":50,"army_value":1160,"assault":0,"bank_rate":28,"bar_barracks":0.17072129748186085,"bar_redoubt":1.1111111111111112,"barracks":0,"barracks_B":0,"barracks_P":0,"barracks_save":0,"barracks_spend":78.1,"barracks_want":0,"buffer_food":70,"buffer_gold":0,"buffer_stone":0,"buffer_wood":70,"builders":0,"committed":0,"eB":11.799999999999997,"eGrowth":0,"eH":6,"eMil":25.499999999999996,"eP":7.7,"ePow":51.199999999999996,"ePowEst":48.941984000000005,"ePowSeen":48.941984000000005,"eTech":1,"eV":0,"es":26.499999999999996,"farm_want":0,"farm_wood_short":0,"farming":0,"fire_barracks":0,"fire_farm0":0,"fire_farm1":0,"fire_farm2":0,"fire_house":0,"fire_outpost":0,"fire_redoubt":0,"fire_smith":0,"fire_vc":0,"food_need":0,"food_over":0,"food_rate":0,"food_slots":1000,"food_workers":0,"free_room":41,"go":0,"gold_income":2,"gold_need":0,"gold_rate":0,"gold_surplus":84,"guaranteed":0,"guard_home":0,"headroom":-9,"hire_B":4523.076923076923,"hire_P":7107.692307692308,"homePow":0,"house_builders":0,"house_urgency":0,"house_want":0,"income_proj":0,"left":0,"lf_food":0,"lf_gold":0,"lf_stone":0,"lf_wood":0,"lump_food":0,"lump_gold":0,"lump_stone":0,"lump_wood":0,"maturity":0,"mil":9,"myTech":1,"n_barracks":0,"n_redoubts":0,"needB":30.14906303867725,"needP":10.850936961322745,"outpost_want":0,"pikes":0,"planned_food":0,"planned_gold":0,"planned_stone":0,"planned_wood":0,"prod_rate":0,"proj_army":1160,"raid_danger":0,"raid_fails":0,"raid_lost":0,"raid_pause":0,"raid_prev":0,"raid_size":0,"raid_wiped":0,"rate":6,"redoubt_H":0,"redoubt_gold_ok":0.5066666666666666,"redoubt_save":0,"redoubt_spend":30,"redoubt_want":0,"redoubts":0,"rf_food":0,"rf_gold":0,"rf_stone":0,"rf_wood":0,"sB4":1.2841887141264212,"sP4":0.4621918354660509,"scale_l":0,"scale_r":0,"shareH":0.5025568682771998,"smith_want":0,"smiths":0,"spare":0,"spare_food":0.5,"stone_need":0,"stone_rate":0,"tH":44,"target_spend":400,"tech_food":50,"tech_gold":0,"tech_stone":0,"tech_wood":50,"threat_home":0,"turns_left":-90,"u_barracks":0.17834068742942902,"u_redoubt":0.46905307705871985,"unit_spend":120,"vB":1.0645283018867924,"vH":1.0754716981132075,"vP":0.8245283018867925,"vc_want":0,"vcs":0,"vil_goal":50,"vil_rate":0,"vil_stamina":8,"vil_want":0,"vil_want_last":0,"vil_worth_now":0.6,"vils":0,"w_food":0,"w_gold":0,"w_stone":0,"w_wood":0,"wild_workers":0,"wood_need":0,"wood_rate":0,"workers":0}
2026/09/30 21:20:33 player action: set-unit-behavior 0 1 map[internal_ids:[28 29 30] interrupt_current:true]
2026/09/30 21:20:33 player action: set-unit-behavior 0 1 map[internal_ids:[20 21 22 23 24] interrupt_current:false]
2026/09/30 21:20:33 player action: submit-orders 0 1 map[orders:[{0 [5] 2 10731 true} {0 [5] 9 48 true} {0 [20] 9 48 true} {0 [21] 9 48 true} {0 [22] 9 48 true} {0 [23] 9 48 true} {0 [24] 9 48 true} {0 [28] 9 48 true} {0 [29] 9 48 true} {0 [30] 9 48 true} {0 [20] 9 48 true} {0 [20] 9 49 false} {0 [20] 9 50 false} {0 [20] 9 51 false} {0 [20] 9 52 false} {0 [20] 9 53 false} {0 [21] 9 48 true} {0 [21] 9 50 false} {0 [21] 9 51 false} {0 [21] 9 52 false} {0 [21] 9 53 false} {0 [21] 9 54 false} {0 [22] 9 48 true} {0 [22] 9 51 false} {0 [22] 9 52 false} {0 [22] 9 53 false} {0 [22] 9 54 false} {0 [22] 9 55 false} {0 [23] 9 48 true} {0 [23] 9 52 false} {0 [23] 9 53 false} {0 [23] 9 54 false} {0 [23] 9 55 false} {0 [23] 9 56 false} {0 [24] 9 48 true} {0 [24] 9 53 false} {0 [24] 9 54 false} {0 [24] 9 55 false} {0 [24] 9 56 false} {0 [24] 9 57 false} {0 [28] 9 48 true} {0 [28] 9 54 false} {0 [28] 9 55 false} {0 [28] 9 56 false} {0 [28] 9 57 false} {0 [28] 9 58 false} {0 [29] 9 48 true} {0 [29] 9 55 false} {0 [29] 9 56 false} {0 [29] 9 57 false} {0 [29] 9 58 false} {0 [29] 9 59 false} {0 [30] 9 48 true} {0 [30] 9 56 false} {0 [30] 9 57 false} {0 [30] 9 58 false} {0 [30] 9 59 false} {0 [30] 9 60 false}]]
2026/09/30 21:20:33 Executing submit orders for: 0 [{0 [5] 2 10731 true} {0 [5] 9 48 true} {0 [20] 9 48 true} {0 [21] 9 48 true} {0 [22] 9 48 true} {0 [23] 9 48 true} {0 [24] 9 48 true} {0 [28] 9 48 true} {0 [29] 9 48 true} {0 [30] 9 48 true} {0 [20] 9 48 true} {0 [20] 9 49 false} {0 [20] 9 50 false} {0 [20] 9 51 false} {0 [20] 9 52 false} {0 [20] 9 53 false} {0 [21] 9 48 true} {0 [21] 9 50 false} {0 [21] 9 51 false} {0 [21] 9 52 false} {0 [21] 9 53 false} {0 [21] 9 54 false} {0 [22] 9 48 true} {0 [22] 9 51 false} {0 [22] 9 52 false} {0 [22] 9 53 false} {0 [22] 9 54 false} {0 [22] 9 55 false} {0 [23] 9 48 true} {0 [23] 9 52 false} {0 [23] 9 53 false} {0 [23] 9 54 false} {0 [23] 9 55 false} {0 [23] 9 56 false} {0 [24] 9 48 true} {0 [24] 9 53 false} {0 [24] 9 54 false} {0 [24] 9 55 false} {0 [24] 9 56 false} {0 [24] 9 57 false} {0 [28] 9 48 true} {0 [28] 9 54 false} {0 [28] 9 55 false} {0 [28] 9 56 false} {0 [28] 9 57 false} {0 [28] 9 58 false} {0 [29] 9 48 true} {0 [29] 9 55 false} {0 [29] 9 56 false} {0 [29] 9 57 false} {0 [29] 9 58 false} {0 [29] 9 59 false} {0 [30] 9 48 true} {0 [30] 9 56 false} {0 [30] 9 57 false} {0 [30] 9 58 false} {0 [30] 9 59 false} {0 [30] 9 60 false}]
2026/09/30 21:20:33 Resolving active orders
2026/09/30 21:20:33 combat turn=10 tick=1: 20 u12 (player 0, stamina 3) hits 48 u12 (player 1) for 2.40
2026/09/30 21:20:33 combat turn=10 tick=1: 28 u13 (player 0, stamina 3) hits 48 u12 (player 1) for 4.54
2026/09/30 21:20:33 combat turn=10 tick=1: 29 u13 (player 0, stamina 3) hits 48 u12 (player 1) for 4.54
2026/09/30 21:20:33 Moving unit 5 Blunt Infantry to zone(0, 0) in space (-2, 0) tick=1
2026/09/30 21:20:33 combat turn=10 tick=1: 21 u12 (player 0, stamina 3) hits 48 u12 (player 1) for 2.40
2026/09/30 21:20:33 combat turn=10 tick=1: 23 u12 (player 0, stamina 3) hits 48 u12 (player 1) for 2.40
2026/09/30 21:20:33 combat turn=10 tick=1: 24 u12 (player 0, stamina 3) hits 48 u12 (player 1) for 2.40
2026/09/30 21:20:33 combat turn=10 tick=1: 30 u13 (player 0, stamina 3) hits 48 u12 (player 1) for 4.54
2026/09/30 21:20:33 combat turn=10 tick=1: 22 u12 (player 0, stamina 3) hits 48 u12 (player 1) for 2.40
2026/09/30 21:20:33 combat turn=10 tick=1: 51 u12 (player 1, stamina 3) hits 20 u12 (player 0) for 2.40
2026/09/30 21:20:33 combat turn=10 tick=1: 54 u12 (player 1, stamina 3) hits 20 u12 (player 0) for 2.40
2026/09/30 21:20:33 combat turn=10 tick=1: 60 u13 (player 1, stamina 3) hits 20 u12 (player 0) for 4.54
2026/09/30 21:20:33 combat turn=10 tick=1: 48 u12 (player 1, stamina 3) hits 20 u12 (player 0) for 2.40
2026/09/30 21:20:33 combat turn=10 tick=1: 53 u12 (player 1, stamina 3) hits 20 u12 (player 0) for 2.40
2026/09/30 21:20:33 combat turn=10 tick=1: 55 u13 (player 1, stamina 3) hits 20 u12 (player 0) for 4.54
2026/09/30 21:20:33 combat turn=10 tick=1: 56 u13 (player 1, stamina 3) hits 20 u12 (player 0) for 4.54
2026/09/30 21:20:33 combat turn=10 tick=1: 49 u12 (player 1, stamina 3) hits 20 u12 (player 0) for 2.40
2026/09/30 21:20:33 combat turn=10 tick=1: 52 u12 (player 1, stamina 3) hits 20 u12 (player 0) for 2.40
2026/09/30 21:20:33 combat turn=10 tick=1: 58 u13 (player 1, stamina 3) hits 20 u12 (player 0) for 4.54
2026/09/30 21:20:33 combat turn=10 tick=1: 50 u12 (player 1, stamina 3) hits 20 u12 (player 0) for 2.40
2026/09/30 21:20:33 combat turn=10 tick=1: 57 u13 (player 1, stamina 3) hits 20 u12 (player 0) for 4.54
2026/09/30 21:20:33 combat turn=10 tick=1: 59 u13 (player 1, stamina 3) hits 20 u12 (player 0) for 4.54
2026/09/30 21:20:33 Moving unit 31 Blunt Infantry to zone(0, 1) in space (0, -2) tick=1
2026/09/30 21:20:33 state_hash turn=10 tick=1 hash=331089330adc196c
2026/09/30 21:20:33 combat turn=10 tick=2: 28 u13 (player 0, stamina 3) hits 49 u12 (player 1) for 4.54
2026/09/30 21:20:33 combat turn=10 tick=2: 29 u13 (player 0, stamina 3) hits 49 u12 (player 1) for 4.54
2026/09/30 21:20:33 combat turn=10 tick=2: 21 u12 (player 0, stamina 3) hits 50 u12 (player 1) for 2.40
2026/09/30 21:20:33 combat turn=10 tick=2: 23 u12 (player 0, stamina 3) hits 52 u12 (player 1) for 2.40
2026/09/30 21:20:33 combat turn=10 tick=2: 24 u12 (player 0, stamina 3) hits 53 u12 (player 1) for 2.40
2026/09/30 21:20:33 combat turn=10 tick=2: 30 u13 (player 0, stamina 3) hits 49 u12 (player 1) for 4.54
2026/09/30 21:20:33 combat turn=10 tick=2: 22 u12 (player 0, stamina 3) hits 51 u12 (player 1) for 2.40
2026/09/30 21:20:33 combat turn=10 tick=2: 52 u12 (player 1, stamina 3) hits 21 u12 (player 0) for 2.40
2026/09/30 21:20:33 combat turn=10 tick=2: 58 u13 (player 1, stamina 3) hits 21 u12 (player 0) for 4.54
2026/09/30 21:20:33 combat turn=10 tick=2: 50 u12 (player 1, stamina 3) hits 21 u12 (player 0) for 2.40
2026/09/30 21:20:33 combat turn=10 tick=2: 57 u13 (player 1, stamina 3) hits 21 u12 (player 0) for 4.54
2026/09/30 21:20:33 combat turn=10 tick=2: 59 u13 (player 1, stamina 3) hits 21 u12 (player 0) for 4.54
2026/09/30 21:20:33 Moving unit 31 Blunt Infantry to zone(0, 0) in space (0, -2) tick=2
2026/09/30 21:20:33 combat turn=10 tick=2: 51 u12 (player 1, stamina 3) hits 21 u12 (player 0) for 2.40
2026/09/30 21:20:33 combat turn=10 tick=2: 54 u12 (player 1, stamina 3) hits 21 u12 (player 0) for 2.40
2026/09/30 21:20:33 combat turn=10 tick=2: 60 u13 (player 1, stamina 3) hits 21 u12 (player 0) for 4.54
2026/09/30 21:20:33 combat turn=10 tick=2: 53 u12 (player 1, stamina 3) hits 21 u12 (player 0) for 2.40
2026/09/30 21:20:33 combat turn=10 tick=2: 55 u13 (player 1, stamina 3) hits 21 u12 (player 0) for 4.54
2026/09/30 21:20:33 combat turn=10 tick=2: 56 u13 (player 1, stamina 3) hits 21 u12 (player 0) for 4.54
2026/09/30 21:20:33 combat turn=10 tick=2: 49 u12 (player 1, stamina 3) hits 21 u12 (player 0) for 2.40
2026/09/30 21:20:33 state_hash turn=10 tick=2 hash=e0517ef12de356b4
2026/09/30 21:20:33 combat turn=10 tick=3: 23 u12 (player 0, stamina 3) hits 52 u12 (player 1) for 2.40
2026/09/30 21:20:33 combat turn=10 tick=3: 24 u12 (player 0, stamina 3) hits 53 u12 (player 1) for 2.40
2026/09/30 21:20:33 combat turn=10 tick=3: 30 u13 (player 0, stamina 2) hits 49 u12 (player 1) for 3.03
2026/09/30 21:20:33 combat turn=10 tick=3: 22 u12 (player 0, stamina 3) hits 51 u12 (player 1) for 2.40
2026/09/30 21:20:33 combat turn=10 tick=3: 28 u13 (player 0, stamina 2) hits 49 u12 (player 1) for 3.03
2026/09/30 21:20:33 combat turn=10 tick=3: 29 u13 (player 0, stamina 2) hits 49 u12 (player 1) for 3.03
2026/09/30 21:20:33 combat turn=10 tick=3: 52 u12 (player 1, stamina 3) hits 22 u12 (player 0) for 2.40
2026/09/30 21:20:33 combat turn=10 tick=3: 58 u13 (player 1, stamina 2) hits 22 u12 (player 0) for 3.03
2026/09/30 21:20:33 combat turn=10 tick=3: 50 u12 (player 1, stamina 3) hits 22 u12 (player 0) for 2.40
2026/09/30 21:20:33 combat turn=10 tick=3: 57 u13 (player 1, stamina 2) hits 22 u12 (player 0) for 3.03
2026/09/30 21:20:33 combat turn=10 tick=3: 59 u13 (player 1, stamina 2) hits 22 u12 (player 0) for 3.03
2026/09/30 21:20:33 combat turn=10 tick=3: 51 u12 (player 1, stamina 3) hits 22 u12 (player 0) for 2.40
2026/09/30 21:20:33 combat turn=10 tick=3: 54 u12 (player 1, stamina 3) hits 22 u12 (player 0) for 2.40
2026/09/30 21:20:33 combat turn=10 tick=3: 60 u13 (player 1, stamina 2) hits 22 u12 (player 0) for 3.03
2026/09/30 21:20:33 combat turn=10 tick=3: 53 u12 (player 1, stamina 3) hits 22 u12 (player 0) for 2.40
2026/09/30 21:20:33 combat turn=10 tick=3: 55 u13 (player 1, stamina 2) hits 22 u12 (player 0) for 3.03
2026/09/30 21:20:33 combat turn=10 tick=3: 56 u13 (player 1, stamina 2) hits 22 u12 (player 0) for 3.03
2026/09/30 21:20:33 combat turn=10 tick=3: 49 u12 (player 1, stamina 3) hits 22 u12 (player 0) for 2.40
2026/09/30 21:20:33 state_hash turn=10 tick=3 hash=8a8433dba9f15199
2026/09/30 21:20:33 combat turn=10 tick=4: 23 u12 (player 0, stamina 3) hits 52 u12 (player 1) for 2.40
2026/09/30 21:20:33 combat turn=10 tick=4: 24 u12 (player 0, stamina 3) hits 53 u12 (player 1) for 2.40
2026/09/30 21:20:33 combat turn=10 tick=4: 52 u12 (player 1, stamina 3) hits 23 u12 (player 0) for 2.40
2026/09/30 21:20:33 combat turn=10 tick=4: 50 u12 (player 1, stamina 3) hits 23 u12 (player 0) for 2.40
2026/09/30 21:20:33 combat turn=10 tick=4: 51 u12 (player 1, stamina 3) hits 23 u12 (player 0) for 2.40
2026/09/30 21:20:33 combat turn=10 tick=4: 54 u12 (player 1, stamina 3) hits 23 u12 (player 0) for 2.40
2026/09/30 21:20:33 combat turn=10 tick=4: 53 u12 (player 1, stamina 3) hits 23 u12 (player 0) for 2.40
2026/09/30 21:20:33 state_hash turn=10 tick=4 hash=d8aece9386654fff
2026/09/30 21:20:33 state_hash turn=10 tick=end hash=2f02508b2e8fc76f
2026/09/30 21:20:33 ai ai-0: new turn data {"buildings":[],"enemy_buildings":[],"enemy_units":[{"InternalID":50,"UnitID":12,"Type":2,"Kind":1,"Location":{"Space":{"X":-2,"Y":-1},"Zone":{"X":-1,"Y":1}},"CurrentStamina":12,"CurrentOrder":null,"Builds":[],"GarrisonedIn":null,"Stance":0,"InterruptCurrent":false,"AttackBack":false,"TargetPriority":"","ActiveOrders":null,"Health":13.6,"MaxHealth":16},{"InternalID":51,"UnitID":12,"Type":2,"Kind":1,"Location":{"Space":{"X":-2,"Y":-1},"Zone":{"X":-1,"Y":1}},"CurrentStamina":12,"CurrentOrder":null,"Builds":[],"GarrisonedIn":null,"Stance":0,"InterruptCurrent":false,"AttackBack":false,"TargetPriority":"","ActiveOrders":null,"Health":11.2,"MaxHealth":16},{"InternalID":52,"UnitID":12,"Type":2,"Kind":1,"Location":{"Space":{"X":-2,"Y":-1},"Zone":{"X":-1,"Y":1}},"CurrentStamina":12,"CurrentOrder":null,"Builds":[],"GarrisonedIn":null,"Stance":0,"InterruptCurrent":false,"AttackBack":false,"TargetPriority":"","ActiveOrders":null,"Health":8.8,"MaxHealth":16},{"InternalID":53,"UnitID":12,"Type":2,"Kind":1,"Location":{"Space":{"X":-2,"Y":-1},"Zone":{"X":-1,"Y":1}},"CurrentStamina":12,"CurrentOrder":null,"Builds":[],"GarrisonedIn":null,"Stance":0,"InterruptCurrent":false,"AttackBack":false,"TargetPriority":"","ActiveOrders":null,"Health":8.8,"MaxHealth":16},{"InternalID":54,"UnitID":12,"Type":2,"Kind":1,"Location":{"Space":{"X":-2,"Y":-1},"Zone":{"X":-1,"Y":1}},"CurrentStamina":12,"CurrentOrder":null,"Builds":[],"GarrisonedIn":null,"Stance":0,"InterruptCurrent":false,"AttackBack":false,"TargetPriority":"","ActiveOrders":null,"Health":16,"MaxHealth":16},{"InternalID":55,"UnitID":13,"Type":2,"Kind":1,"Location":{"Space":{"X":-2,"Y":-1},"Zone":{"X":-1,"Y":1}},"CurrentStamina":8,"CurrentOrder":null,"Builds":[],"GarrisonedIn":null,"Stance":0,"InterruptCurrent":false,"AttackBack":false,"TargetPriority":"","ActiveOrders":null,"Health":50,"MaxHealth":50},{"InternalID":56,"UnitID":13,"Type":2,"Kind":1,"Location":{"Space":{"X":-2,"Y":-1},"Zone":{"X":-1,"Y":1}},"CurrentStamina":8,"CurrentOrder":null,"Builds":[],"GarrisonedIn":null,"Stance":0,"InterruptCurrent":false,"AttackBack":false,"TargetPriority":"","ActiveOrders":null,"Health":50,"MaxHealth":50},{"InternalID":57,"UnitID":13,"Type":2,"Kind":1,"Location":{"Space":{"X":-2,"Y":-1},"Zone":{"X":-1,"Y":1}},"CurrentStamina":8,"CurrentOrder":null,"Builds":[],"GarrisonedIn":null,"Stance":0,"InterruptCurrent":false,"AttackBack":false,"TargetPriority":"","ActiveOrders":null,"Health":50,"MaxHealth":50},{"InternalID":58,"UnitID":13,"Type":2,"Kind":1,"Location":{"Space":{"X":-2,"Y":-1},"Zone":{"X":-1,"Y":1}},"CurrentStamina":8,"CurrentOrder":null,"Builds":[],"GarrisonedIn":null,"Stance":0,"InterruptCurrent":false,"AttackBack":false,"TargetPriority":"","ActiveOrders":null,"Health":50,"MaxHealth":50},{"InternalID":59,"UnitID":13,"Type":2,"Kind":1,"Location":{"Space":{"X":-2,"Y":-1},"Zone":{"X":-1,"Y":1}},"CurrentStamina":8,"CurrentOrder":null,"Builds":[],"GarrisonedIn":null,"Stance":0,"InterruptCurrent":false,"AttackBack":false,"TargetPriority":"","ActiveOrders":null,"Health":50,"MaxHealth":50},{"InternalID":60,"UnitID":13,"Type":2,"Kind":1,"Location":{"Space":{"X":-2,"Y":-1},"Zone":{"X":-1,"Y":1}},"CurrentStamina":8,"CurrentOrder":null,"Builds":[],"GarrisonedIn":null,"Stance":0,"InterruptCurrent":false,"AttackBack":false,"TargetPriority":"","ActiveOrders":null,"Health":50,"MaxHealth":50}],"foundations":[],"population":{"current":6,"limit":0},"resources":{"food":200,"gold":86,"stone":100,"wood":200},"spaces":[{"Space":{"X":0,"Y":-4},"Vision":1,"Owner":-1},{"Space":{"X":1,"Y":-4},"Vision":1,"Owner":-1},{"Space":{"X":2,"Y":-4},"Vision":0,"Owner":-1},{"Space":{"X":3,"Y":-4},"Vision":0,"Owner":-1},{"Space":{"X":4,"Y":-4},"Vision":0,"Owner":-1},{"Space":{"X":-1,"Y":-3},"Vision":1,"Owner":-1},{"Space":{"X":0,"Y":-3},"Vision":1,"Owner":-1},{"Space":{"X":1,"Y":-3},"Vision":1,"Owner":-1},{"Space":{"X":2,"Y":-3},"Vision":0,"Owner":-1},{"Space":{"X":3,"Y":-3},"Vision":0,"Owner":-1},{"Space":{"X":4,"Y":-3},"Vision":0,"Owner":-1},{"Space":{"X":-2,"Y":-2},"Vision":2,"Owner":-1},{"Space":{"X":-1,"Y":-2},"Vision":2,"Owner":-1},{"Space":{"X":0,"Y":-2},"Vision":1,"Owner":-1},{"Space":{"X":1,"Y":-2},"Vision":1,"Owner":-1},{"Space":{"X":2,"Y":-2},"Vision":1,"Owner":-1},{"Space":{"X":3,"Y":-2},"Vision":1,"Owner":-1},{"Space":{"X":4,"Y":-2},"Vision":0,"Owner":-1},{"Space":{"X":-3,"Y":-1},"Vision":2,"Owner":-1},{"Space":{"X":-2,"Y":-1},"Vision":3,"Owner":-1},{"Space":{"X":-1,"Y":-1},"Vision":2,"Owner":-1},{"Space":{"X":0,"Y":-1},"Vision":1,"Owner":-1},{"Space":{"X":1,"Y":-1},"Vision":1,"Owner":-1},{"Space":{"X":2,"Y":-1},"Vision":1,"Owner":-1},{"Space":{"X":3,"Y":-1},"Vision":1,"Owner":-1},{"Space":{"X":4,"Y":-1},"Vision":0,"Owner":-1},{"Space":{"X":-4,"Y":0},"Vision":1,"Owner":-1},{"Space":{"X":-3,"Y":0},"Vision":3,"Owner":-1},{"Space":{"X":-2,"Y":0},"Vision":3,"Owner":0},{"Space":{"X":-1,"Y":0},"Vision":2,"Owner":-1},{"Space":{"X":0,"Y":0},"Vision":1,"Owner":-1},{"Space":{"X":1,"Y":0},"Vision":1,"Owner":-1},{"Space":{"X":2,"Y":0},"Vision":1,"Owner":-1},{"Space":{"X":3,"Y":0},"Vision":1,"Owner":-1},{"Space":{"X":4,"Y":0},"Vision":0,"Owner":-1},{"Space":{"X":-4,"Y":1},"Vision":1,"Owner":-1},{"Space":{"X":-3,"Y":1},"Vision":2,"Owner":-1},{"Space":{"X":-2,"Y":1},"Vision":2,"Owner":-1},{"Space":{"X":-1,"Y":1},"Vision":1,"Owner":-1},{"Space":{"X":0,"Y":1},"Vision":1,"Owner":-1},{"Space":{"X":1,"Y":1},"Vision":1,"Owner":-1},{"Space":{"X":2,"Y":1},"Vision":1,"Owner":-1},{"Space":{"X":3,"Y":1},"Vision":1,"Owner":-1},{"Space":{"X":-4,"Y":2},"Vision":1,"Owner":-1},{"Space":{"X":-3,"Y":2},"Vision":1,"Owner":-1},{"Space":{"X":-2,"Y":2},"Vision":1,"Owner":-1},{"Space":{"X":-1,"Y":2},"Vision":1,"Owner":-1},{"Space":{"X":0,"Y":2},"Vision":1,"Owner":-1},{"Space":{"X":1,"Y":2},"Vision":1,"Owner":-1},{"Space":{"X":2,"Y":2},"Vision":1,"Owner":-1},{"Space":{"X":-4,"Y":3},"Vision":1,"Owner":-1},{"Space":{"X":-3,"Y":3},"Vision":1,"Owner":-1},{"Space":{"X":-2,"Y":3},"Vision":1,"Owner":-1},{"Space":{"X":-1,"Y":3},"Vision":1,"Owner":-1},{"Space":{"X":0,"Y":3},"Vision":1,"Owner":-1},{"Space":{"X":1,"Y":3},"Vision":1,"Owner":-1},{"Space":{"X":-4,"Y":4},"Vision":1,"Owner":-1},{"Space":{"X":-3,"Y":4},"Vision":1,"Owner":-1},{"Space":{"X":-2,"Y":4},"Vision":1,"Owner":-1},{"Space":{"X":-1,"Y":4},"Vision":1,"Owner":-1},{"Space":{"X":0,"Y":4},"Vision":1,"Owner":-1}],"units":[{"InternalID":5,"UnitID":11,"Type":2,"Kind":1,"Location":{"Space":{"X":-2,"Y":0},"Zone":{"X":0,"Y":0}},"CurrentStamina":23,"CurrentOrder":null,"Builds":[],"GarrisonedIn":null,"Stance":3,"InterruptCurrent":true,"AttackBack":true,"TargetPriority":"","ActiveOrders":null,"Health":11,"MaxHealth":11},{"InternalID":23,"UnitID":12,"Type":2,"Kind":1,"Location":{"Space":{"X":-2,"Y":-1},"Zone":{"X":-1,"Y":1}},"CurrentStamina":12,"CurrentOrder":{"Kind":6,"TargetZone":null,"TargetSpace":null,"TargetResource":null,"TargetUnit":{"InternalID":52,"UnitID":12,"Type":2,"Kind":1,"Location":{"Space":{"X":-2,"Y":-1},"Zone":{"X":-1,"Y":1}},"CurrentStamina":12,"CurrentOrder":null,"Builds":[],"GarrisonedIn":null,"Stance":0,"InterruptCurrent":false,"AttackBack":false,"TargetPriority":"","ActiveOrders":null,"Health":8.8,"MaxHealth":16},"TargetBuilding":null},"Builds":[],"GarrisonedIn":null,"Stance":3,"InterruptCurrent":false,"AttackBack":true,"TargetPriority":"","ActiveOrders":[{"ID":440,"Kind":6},{"ID":441,"Kind":6},{"ID":442,"Kind":6},{"ID":443,"Kind":6},{"ID":444,"Kind":6}],"Health":4,"MaxHealth":16},{"InternalID":24,"UnitID":12,"Type":2,"Kind":1,"Location":{"Space":{"X":-2,"Y":-1},"Zone":{"X":-1,"Y":1}},"CurrentStamina":12,"CurrentOrder":{"Kind":6,"TargetZone":null,"TargetSpace":null,"TargetResource":null,"TargetUnit":{"InternalID":53,"UnitID":12,"Type":2,"Kind":1,"Location":{"Space":{"X":-2,"Y":-1},"Zone":{"X":-1,"Y":1}},"CurrentStamina":12,"CurrentOrder":null,"Builds":[],"GarrisonedIn":null,"Stance":0,"InterruptCurrent":false,"AttackBack":false,"TargetPriority":"","ActiveOrders":null,"Health":8.8,"MaxHealth":16},"TargetBuilding":null},"Builds":[],"GarrisonedIn":null,"Stance":3,"InterruptCurrent":false,"AttackBack":true,"TargetPriority":"","ActiveOrders":[{"ID":446,"Kind":6},{"ID":447,"Kind":6},{"ID":448,"Kind":6},{"ID":449,"Kind":6},{"ID":450,"Kind":6}],"Health":16,"MaxHealth":16},{"InternalID":28,"UnitID":13,"Type":2,"Kind":1,"Location":{"Space":{"X":-2,"Y":-1},"Zone":{"X":-1,"Y":1}},"CurrentStamina":8,"CurrentOrder":{"Kind":4,"TargetZone":null,"TargetSpace":{"X":-2,"Y":-1},"TargetResource":null,"TargetUnit":null,"TargetBuilding":null},"Builds":[],"GarrisonedIn":null,"Stance":3,"InterruptCurrent":true,"AttackBack":true,"TargetPriority":"","ActiveOrders":[{"ID":469,"Kind":4}],"Health":50,"MaxHealth":50},{"InternalID":29,"UnitID":13,"Type":2,"Kind":1,"Location":{"Space":{"X":-2,"Y":-1},"Zone":{"X":-1,"Y":1}},"CurrentStamina":8,"CurrentOrder":{"Kind":4,"TargetZone":null,"TargetSpace":{"X":-2,"Y":-1},"TargetResource":null,"TargetUnit":null,"TargetBuilding":null},"Builds":[],"GarrisonedIn":null,"Stance":3,"InterruptCurrent":true,"AttackBack":true,"TargetPriority":"","ActiveOrders":[{"ID":470,"Kind":4}],"Health":50,"MaxHealth":50},{"InternalID":30,"UnitID":13,"Type":2,"Kind":1,"Location":{"Space":{"X":-2,"Y":-1},"Zone":{"X":-1,"Y":1}},"CurrentStamina":8,"CurrentOrder":{"Kind":4,"TargetZone":null,"TargetSpace":{"X":-2,"Y":-1},"TargetResource":null,"TargetUnit":null,"TargetBuilding":null},"Builds":[],"GarrisonedIn":null,"Stance":3,"InterruptCurrent":true,"AttackBack":true,"TargetPriority":"","ActiveOrders":[{"ID":471,"Kind":4}],"Health":50,"MaxHealth":50}]}
2026/09/30 21:20:33 ai ai-1: new turn data {"buildings":[],"enemy_buildings":[],"enemy_units":[{"InternalID":23,"UnitID":12,"Type":2,"Kind":1,"Location":{"Space":{"X":-2,"Y":-1},"Zone":{"X":-1,"Y":1}},"CurrentStamina":12,"CurrentOrder":null,"Builds":[],"GarrisonedIn":null,"Stance":0,"InterruptCurrent":false,"AttackBack":false,"TargetPriority":"","ActiveOrders":null,"Health":4,"MaxHealth":16},{"InternalID":24,"UnitID":12,"Type":2,"Kind":1,"Location":{"Space":{"X":-2,"Y":-1},"Zone":{"X":-1,"Y":1}},"CurrentStamina":12,"CurrentOrder":null,"Builds":[],"GarrisonedIn":null,"Stance":0,"InterruptCurrent":false,"AttackBack":false,"TargetPriority":"","ActiveOrders":null,"Health":16,"MaxHealth":16},{"InternalID":28,"UnitID":13,"Type":2,"Kind":1,"Location":{"Space":{"X":-2,"Y":-1},"Zone":{"X":-1,"Y":1}},"CurrentStamina":8,"CurrentOrder":null,"Builds":[],"GarrisonedIn":null,"Stance":0,"InterruptCurrent":false,"AttackBack":false,"TargetPriority":"","ActiveOrders":null,"Health":50,"MaxHealth":50},{"InternalID":29,"UnitID":13,"Type":2,"Kind":1,"Location":{"Space":{"X":-2,"Y":-1},"Zone":{"X":-1,"Y":1}},"CurrentStamina":8,"CurrentOrder":null,"Builds":[],"GarrisonedIn":null,"Stance":0,"InterruptCurrent":false,"AttackBack":false,"TargetPriority":"","ActiveOrders":null,"Health":50,"MaxHealth":50},{"InternalID":30,"UnitID":13,"Type":2,"Kind":1,"Location":{"Space":{"X":-2,"Y":-1},"Zone":{"X":-1,"Y":1}},"CurrentStamina":8,"CurrentOrder":null,"Builds":[],"GarrisonedIn":null,"Stance":0,"InterruptCurrent":false,"AttackBack":false,"TargetPriority":"","ActiveOrders":null,"Health":50,"MaxHealth":50}],"foundations":[],"population":{"current":12,"limit":0},"resources":{"food":200,"gold":30,"stone":100,"wood":200},"spaces":[{"Space":{"X":0,"Y":-4},"Vision":0,"Owner":-1},{"Space":{"X":1,"Y":-4},"Vision":0,"Owner":-1},{"Space":{"X":2,"Y":-4},"Vision":0,"Owner":-1},{"Space":{"X":3,"Y":-4},"Vision":0,"Owner":-1},{"Space":{"X":4,"Y":-4},"Vision":0,"Owner":-1},{"Space":{"X":-1,"Y":-3},"Vision":0,"Owner":-1},{"Space":{"X":0,"Y":-3},"Vision":2,"Owner":-1},{"Space":{"X":1,"Y":-3},"Vision":2,"Owner":-1},{"Space":{"X":2,"Y":-3},"Vision":0,"Owner":-1},{"Space":{"X":3,"Y":-3},"Vision":0,"Owner":-1},{"Space":{"X":4,"Y":-3},"Vision":0,"Owner":-1},{"Space":{"X":-2,"Y":-2},"Vision":2,"Owner":-1},{"Space":{"X":-1,"Y":-2},"Vision":2,"Owner":-1},{"Space":{"X":0,"Y":-2},"Vision":3,"Owner":1},{"Space":{"X":1,"Y":-2},"Vision":2,"Owner":-1},{"Space":{"X":2,"Y":-2},"Vision":0,"Owner":-1},{"Space":{"X":3,"Y":-2},"Vision":0,"Owner":-1},{"Space":{"X":4,"Y":-2},"Vision":0,"Owner":-1},{"Space":{"X":-3,"Y":-1},"Vision":2,"Owner":-1},{"Space":{"X":-2,"Y":-1},"Vision":3,"Owner":-1},{"Space":{"X":-1,"Y":-1},"Vision":2,"Owner":-1},{"Space":{"X":0,"Y":-1},"Vision":2,"Owner":-1},{"Space":{"X":1,"Y":-1},"Vision":1,"Owner":-1},{"Space":{"X":2,"Y":-1},"Vision":0,"Owner":-1},{"Space":{"X":3,"Y":-1},"Vision":0,"Owner":-1},{"Space":{"X":4,"Y":-1},"Vision":0,"Owner":-1},{"Space":{"X":-4,"Y":0},"Vision":1,"Owner":-1},{"Space":{"X":-3,"Y":0},"Vision":3,"Owner":-1},{"Space":{"X":-2,"Y":0},"Vision":2,"Owner":0},{"Space":{"X":-1,"Y":0},"Vision":1,"Owner":-1},{"Space":{"X":0,"Y":0},"Vision":1,"Owner":-1},{"Space":{"X":1,"Y":0},"Vision":1,"Owner":-1},{"Space":{"X":2,"Y":0},"Vision":0,"Owner":-1},{"Space":{"X":3,"Y":0},"Vision":0,"Owner":-1},{"Space":{"X":4,"Y":0},"Vision":0,"Owner":-1},{"Space":{"X":-4,"Y":1},"Vision":1,"Owner":0},{"Space":{"X":-3,"Y":1},"Vision":1,"Owner":0},{"Space":{"X":-2,"Y":1},"Vision":1,"Owner":-1},{"Space":{"X":-1,"Y":1},"Vision":1,"Owner":-1},{"Space":{"X":0,"Y":1},"Vision":1,"Owner":-1},{"Space":{"X":1,"Y":1},"Vision":1,"Owner":-1},{"Space":{"X":2,"Y":1},"Vision":0,"Owner":-1},{"Space":{"X":3,"Y":1},"Vision":0,"Owner":-1},{"Space":{"X":-4,"Y":2},"Vision":1,"Owner":0},{"Space":{"X":-3,"Y":2},"Vision":1,"Owner":-1},{"Space":{"X":-2,"Y":2},"Vision":1,"Owner":-1},{"Space":{"X":-1,"Y":2},"Vision":1,"Owner":-1},{"Space":{"X":0,"Y":2},"Vision":1,"Owner":-1},{"Space":{"X":1,"Y":2},"Vision":1,"Owner":-1},{"Space":{"X":2,"Y":2},"Vision":0,"Owner":-1},{"Space":{"X":-4,"Y":3},"Vision":1,"Owner":-1},{"Space":{"X":-3,"Y":3},"Vision":1,"Owner":-1},{"Space":{"X":-2,"Y":3},"Vision":1,"Owner":-1},{"Space":{"X":-1,"Y":3},"Vision":1,"Owner":-1},{"Space":{"X":0,"Y":3},"Vision":1,"Owner":-1},{"Space":{"X":1,"Y":3},"Vision":0,"Owner":-1},{"Space":{"X":-4,"Y":4},"Vision":1,"Owner":-1},{"Space":{"X":-3,"Y":4},"Vision":1,"Owner":-1},{"Space":{"X":-2,"Y":4},"Vision":1,"Owner":-1},{"Space":{"X":-1,"Y":4},"Vision":1,"Owner":-1},{"Space":{"X":0,"Y":4},"Vision":0,"Owner":-1}],"units":[{"InternalID":31,"UnitID":11,"Type":2,"Kind":1,"Location":{"Space":{"X":0,"Y":-2},"Zone":{"X":0,"Y":0}},"CurrentStamina":22,"CurrentOrder":null,"Builds":[],"GarrisonedIn":null,"Stance":3,"InterruptCurrent":false,"AttackBack":true,"TargetPriority":"","ActiveOrders":null,"Health":11,"MaxHealth":11},{"InternalID":50,"UnitID":12,"Type":2,"Kind":1,"Location":{"Space":{"X":-2,"Y":-1},"Zone":{"X":-1,"Y":1}},"CurrentStamina":12,"CurrentOrder":{"Kind":4,"TargetZone":null,"TargetSpace":{"X":-2,"Y":-1},"TargetResource":null,"TargetUnit":null,"TargetBuilding":null},"Builds":[],"GarrisonedIn":null,"Stance":3,"InterruptCurrent":false,"AttackBack":true,"TargetPriority":"","ActiveOrders":[{"ID":125,"Kind":4}],"Health":13.6,"MaxHealth":16},{"InternalID":51,"UnitID":12,"Type":2,"Kind":1,"Location":{"Space":{"X":-2,"Y":-1},"Zone":{"X":-1,"Y":1}},"CurrentStamina":12,"CurrentOrder":{"Kind":4,"TargetZone":null,"TargetSpace":{"X":-2,"Y":-1},"TargetResource":null,"TargetUnit":null,"TargetBuilding":null},"Builds":[],"GarrisonedIn":null,"Stance":3,"InterruptCurrent":false,"AttackBack":true,"TargetPriority":"","ActiveOrders":[{"ID":128,"Kind":4}],"Health":11.2,"MaxHealth":16},{"InternalID":52,"UnitID":12,"Type":2,"Kind":1,"Location":{"Space":{"X":-2,"Y":-1},"Zone":{"X":-1,"Y":1}},"CurrentStamina":12,"CurrentOrder":{"Kind":4,"TargetZone":null,"TargetSpace":{"X":-2,"Y":-1},"TargetResource":null,"TargetUnit":null,"TargetBuilding":null},"Builds":[],"GarrisonedIn":null,"Stance":3,"InterruptCurrent":false,"AttackBack":true,"TargetPriority":"","ActiveOrders":[{"ID":121,"Kind":4}],"Health":8.8,"MaxHealth":16},{"InternalID":53,"UnitID":12,"Type":2,"Kind":1,"Location":{"Space":{"X":-2,"Y":-1},"Zone":{"X":-1,"Y":1}},"CurrentStamina":12,"CurrentOrder":{"Kind":4,"TargetZone":null,"TargetSpace":{"X":-2,"Y":-1},"TargetResource":null,"TargetUnit":null,"TargetBuilding":null},"Builds":[],"GarrisonedIn":null,"Stance":3,"InterruptCurrent":false,"AttackBack":true,"TargetPriority":"","ActiveOrders":[{"ID":135,"Kind":4}],"Health":8.8,"MaxHealth":16},{"InternalID":54,"UnitID":12,"Type":2,"Kind":1,"Location":{"Space":{"X":-2,"Y":-1},"Zone":{"X":-1,"Y":1}},"CurrentStamina":12,"CurrentOrder":{"Kind":4,"TargetZone":null,"TargetSpace":{"X":-2,"Y":-1},"TargetResource":null,"TargetUnit":null,"TargetBuilding":null},"Builds":[],"GarrisonedIn":null,"Stance":3,"InterruptCurrent":false,"AttackBack":true,"TargetPriority":"","ActiveOrders":[{"ID":129,"Kind":4}],"Health":16,"MaxHealth":16},{"InternalID":55,"UnitID":13,"Type":2,"Kind":1,"Location":{"Space":{"X":-2,"Y":-1},"Zone":{"X":-1,"Y":1}},"CurrentStamina":8,"CurrentOrder":{"Kind":4,"TargetZone":null,"TargetSpace":{"X":-2,"Y":-1},"TargetResource":null,"TargetUnit":null,"TargetBuilding":null},"Builds":[],"GarrisonedIn":null,"Stance":3,"InterruptCurrent":false,"AttackBack":true,"TargetPriority":"","ActiveOrders":[{"ID":136,"Kind":4}],"Health":50,"MaxHealth":50},{"InternalID":56,"UnitID":13,"Type":2,"Kind":1,"Location":{"Space":{"X":-2,"Y":-1},"Zone":{"X":-1,"Y":1}},"CurrentStamina":8,"CurrentOrder":{"Kind":4,"TargetZone":null,"TargetSpace":{"X":-2,"Y":-1},"TargetResource":null,"TargetUnit":null,"TargetBuilding":null},"Builds":[],"GarrisonedIn":null,"Stance":3,"InterruptCurrent":false,"AttackBack":true,"TargetPriority":"","ActiveOrders":[{"ID":138,"Kind":4}],"Health":50,"MaxHealth":50},{"InternalID":57,"UnitID":13,"Type":2,"Kind":1,"Location":{"Space":{"X":-2,"Y":-1},"Zone":{"X":-1,"Y":1}},"CurrentStamina":8,"CurrentOrder":{"Kind":4,"TargetZone":null,"TargetSpace":{"X":-2,"Y":-1},"TargetResource":null,"TargetUnit":null,"TargetBuilding":null},"Builds":[],"GarrisonedIn":null,"Stance":3,"InterruptCurrent":false,"AttackBack":true,"TargetPriority":"","ActiveOrders":[{"ID":126,"Kind":4}],"Health":50,"MaxHealth":50},{"InternalID":58,"UnitID":13,"Type":2,"Kind":1,"Location":{"Space":{"X":-2,"Y":-1},"Zone":{"X":-1,"Y":1}},"CurrentStamina":8,"CurrentOrder":{"Kind":4,"TargetZone":null,"TargetSpace":{"X":-2,"Y":-1},"TargetResource":null,"TargetUnit":null,"TargetBuilding":null},"Builds":[],"GarrisonedIn":null,"Stance":3,"InterruptCurrent":false,"AttackBack":true,"TargetPriority":"","ActiveOrders":[{"ID":122,"Kind":4}],"Health":50,"MaxHealth":50},{"InternalID":59,"UnitID":13,"Type":2,"Kind":1,"Location":{"Space":{"X":-2,"Y":-1},"Zone":{"X":-1,"Y":1}},"CurrentStamina":8,"CurrentOrder":{"Kind":4,"TargetZone":null,"TargetSpace":{"X":-2,"Y":-1},"TargetResource":null,"TargetUnit":null,"TargetBuilding":null},"Builds":[],"GarrisonedIn":null,"Stance":3,"InterruptCurrent":false,"AttackBack":true,"TargetPriority":"","ActiveOrders":[{"ID":127,"Kind":4}],"Health":50,"MaxHealth":50},{"InternalID":60,"UnitID":13,"Type":2,"Kind":1,"Location":{"Space":{"X":-2,"Y":-1},"Zone":{"X":-1,"Y":1}},"CurrentStamina":8,"CurrentOrder":{"Kind":4,"TargetZone":null,"TargetSpace":{"X":-2,"Y":-1},"TargetResource":null,"TargetUnit":null,"TargetBuilding":null},"Builds":[],"GarrisonedIn":null,"Stance":3,"InterruptCurrent":false,"AttackBack":true,"TargetPriority":"","ActiveOrders":[{"ID":130,"Kind":4}],"Health":50,"MaxHealth":50}]}
2026/09/30 21:20:33 ai ai-1: submitting orders [{Subjects:[31] OrderType:2 TargetID:1378 ClearPreviousOrders:true}]
2026/09/30 21:20:33 ai ai-1: vars {}
2026/09/30 21:20:33 player action: submit-orders 0 2 map[orders:[{1 [31] 2 1378 true}]]
2026/09/30 21:20:33 Executing submit orders for: 1 [{1 [31] 2 1378 true}]
2026/09/30 21:20:33 ai ai-0: submitting orders [{Subjects:[5] OrderType:2 TargetID:10731 ClearPreviousOrders:true} {Subjects:[5] OrderType:9 TargetID:50 ClearPreviousOrders:true} {Subjects:[23] OrderType:9 TargetID:50 ClearPreviousOrders:true} {Subjects:[24] OrderType:9 TargetID:50 ClearPreviousOrders:true} {Subjects:[28] OrderType:9 TargetID:50 ClearPreviousOrders:true} {Subjects:[29] OrderType:9 TargetID:50 ClearPreviousOrders:true} {Subjects:[30] OrderType:9 TargetID:50 ClearPreviousOrders:true} {Subjects:[23] OrderType:9 TargetID:50 ClearPreviousOrders:true} {Subjects:[23] OrderType:9 TargetID:51 ClearPreviousOrders:false} {Subjects:[23] OrderType:9 TargetID:52 ClearPreviousOrders:false} {Subjects:[23] OrderType:9 TargetID:53 ClearPreviousOrders:false} {Subjects:[23] OrderType:9 TargetID:54 ClearPreviousOrders:false} {Subjects:[23] OrderType:9 TargetID:55 ClearPreviousOrders:false} {Subjects:[24] OrderType:9 TargetID:50 ClearPreviousOrders:true} {Subjects:[24] OrderType:9 TargetID:52 ClearPreviousOrders:false} {Subjects:[24] OrderType:9 TargetID:53 ClearPreviousOrders:false} {Subjects:[24] OrderType:9 TargetID:54 ClearPreviousOrders:false} {Subjects:[24] OrderType:9 TargetID:55 ClearPreviousOrders:false} {Subjects:[24] OrderType:9 TargetID:56 ClearPreviousOrders:false} {Subjects:[28] OrderType:9 TargetID:50 ClearPreviousOrders:true} {Subjects:[28] OrderType:9 TargetID:53 ClearPreviousOrders:false} {Subjects:[28] OrderType:9 TargetID:54 ClearPreviousOrders:false} {Subjects:[28] OrderType:9 TargetID:55 ClearPreviousOrders:false} {Subjects:[28] OrderType:9 TargetID:56 ClearPreviousOrders:false} {Subjects:[28] OrderType:9 TargetID:57 ClearPreviousOrders:false} {Subjects:[29] OrderType:9 TargetID:50 ClearPreviousOrders:true} {Subjects:[29] OrderType:9 TargetID:54 ClearPreviousOrders:false} {Subjects:[29] OrderType:9 TargetID:55 ClearPreviousOrders:false} {Subjects:[29] OrderType:9 TargetID:56 ClearPreviousOrders:false} {Subjects:[29] OrderType:9 TargetID:57 ClearPreviousOrders:false} {Subjects:[29] OrderType:9 TargetID:58 ClearPreviousOrders:false} {Subjects:[30] OrderType:9 TargetID:50 ClearPreviousOrders:true} {Subjects:[30] OrderType:9 TargetID:55 ClearPreviousOrders:false} {Subjects:[30] OrderType:9 TargetID:56 ClearPreviousOrders:false} {Subjects:[30] OrderType:9 TargetID:57 ClearPreviousOrders:false} {Subjects:[30] OrderType:9 TargetID:58 ClearPreviousOrders:false} {Subjects:[30] OrderType:9 TargetID:59 ClearPreviousOrders:false}]
2026/09/30 21:20:33 ai ai-0: vars {"B":1,"Hv":3,"Pi":2,"aPowLocal":0,"aThreat":0,"a_engaged":0,"a_odds":1.3,"a_outnumbered":0,"army_target":50,"army_value":830,"assault":0,"bank_rate":28,"bar_barracks":0.17072129748186085,"bar_redoubt":1.1111111111111112,"barracks":0,"barracks_B":0,"barracks_P":0,"barracks_save":0,"barracks_spend":78.1,"barracks_want":0,"buffer_food":70,"buffer_gold":0,"buffer_stone":0,"buffer_wood":70,"builders":0,"committed":0,"eB":11.499999999999996,"eGrowth":0,"eH":6,"eMil":24.9,"eP":7.4,"ePow":50.3,"ePowEst":47.963144320000005,"ePowSeen":47.963144320000005,"eTech":1,"eV":0,"es":25.9,"farm_want":0,"farm_wood_short":0,"farming":0,"fire_barracks":0,"fire_farm0":0,"fire_farm1":0,"fire_farm2":0,"fire_house":0,"fire_outpost":0,"fire_redoubt":0,"fire_smith":0,"fire_vc":0,"food_need":0,"food_over":0,"food_rate":0,"food_slots":1000,"food_workers":0,"free_room":44,"go":0,"gold_income":2,"gold_need":0,"gold_rate":0,"gold_surplus":86,"guaranteed":0,"guard_home":0,"headroom":-6,"hire_B":4630.7692307692305,"hire_P":7276.923076923076,"homePow":0,"house_builders":0,"house_urgency":0,"house_want":0,"income_proj":0,"left":0,"lf_food":0,"lf_gold":0,"lf_stone":0,"lf_wood":0,"lump_food":0,"lump_gold":0,"lump_stone":0,"lump_wood":0,"maturity":0,"mil":6,"myTech":1,"n_barracks":0,"n_redoubts":0,"needB":32.33992291626961,"needP":11.660077083730389,"outpost_want":0,"pikes":0,"planned_food":0,"planned_gold":0,"planned_stone":0,"planned_wood":0,"prod_rate":0,"proj_army":830,"raid_danger":0,"raid_fails":0,"raid_lost":0,"raid_pause":0,"raid_prev":0,"raid_size":0,"raid_wiped":0,"rate":6,"redoubt_H":0,"redoubt_gold_ok":0.5155555555555555,"redoubt_save":0,"redoubt_spend":30,"redoubt_want":0,"redoubts":0,"rf_food":0,"rf_gold":0,"rf_stone":0,"rf_wood":0,"sB4":1.2746608936093207,"sP4":0.4595757483275949,"scale_l":0,"scale_r":0,"shareH":0.5031594150568695,"smith_want":0,"smiths":0,"spare":0,"spare_food":0.5,"stone_need":0,"stone_rate":0,"tH":47,"target_spend":400,"tech_food":50,"tech_gold":0,"tech_stone":0,"tech_wood":50,"threat_home":0,"turns_left":-60,"u_barracks":0.1781246655365897,"u_redoubt":0.46961545405307814,"unit_spend":120,"vB":1.0625482625482625,"vH":1.076061776061776,"vP":0.8233590733590733,"vc_want":0,"vcs":0,"vil_goal":50,"vil_rate":0,"vil_stamina":8,"vil_want":0,"vil_want_last":0,"vil_worth_now":0.6,"vils":0,"w_food":0,"w_gold":0,"w_stone":0,"w_wood":0,"wild_workers":0,"wood_need":0,"wood_rate":0,"workers":0}
2026/09/30 21:20:33 player action: set-unit-behavior 0 1 map[internal_ids:[23 24] interrupt_current:true]
2026/09/30 21:20:33 player action: set-unit-behavior 0 1 map[internal_ids:[28 29 30] interrupt_current:false]
2026/09/30 21:20:33 player action: submit-orders 0 1 map[orders:[{0 [5] 2 10731 true} {0 [5] 9 50 true} {0 [23] 9 50 true} {0 [24] 9 50 true} {0 [28] 9 50 true} {0 [29] 9 50 true} {0 [30] 9 50 true} {0 [23] 9 50 true} {0 [23] 9 51 false} {0 [23] 9 52 false} {0 [23] 9 53 false} {0 [23] 9 54 false} {0 [23] 9 55 false} {0 [24] 9 50 true} {0 [24] 9 52 false} {0 [24] 9 53 false} {0 [24] 9 54 false} {0 [24] 9 55 false} {0 [24] 9 56 false} {0 [28] 9 50 true} {0 [28] 9 53 false} {0 [28] 9 54 false} {0 [28] 9 55 false} {0 [28] 9 56 false} {0 [28] 9 57 false} {0 [29] 9 50 true} {0 [29] 9 54 false} {0 [29] 9 55 false} {0 [29] 9 56 false} {0 [29] 9 57 false} {0 [29] 9 58 false} {0 [30] 9 50 true} {0 [30] 9 55 false} {0 [30] 9 56 false} {0 [30] 9 57 false} {0 [30] 9 58 false} {0 [30] 9 59 false}]]
2026/09/30 21:20:33 Executing submit orders for: 0 [{0 [5] 2 10731 true} {0 [5] 9 50 true} {0 [23] 9 50 true} {0 [24] 9 50 true} {0 [28] 9 50 true} {0 [29] 9 50 true} {0 [30] 9 50 true} {0 [23] 9 50 true} {0 [23] 9 51 false} {0 [23] 9 52 false} {0 [23] 9 53 false} {0 [23] 9 54 false} {0 [23] 9 55 false} {0 [24] 9 50 true} {0 [24] 9 52 false} {0 [24] 9 53 false} {0 [24] 9 54 false} {0 [24] 9 55 false} {0 [24] 9 56 false} {0 [28] 9 50 true} {0 [28] 9 53 false} {0 [28] 9 54 false} {0 [28] 9 55 false} {0 [28] 9 56 false} {0 [28] 9 57 false} {0 [29] 9 50 true} {0 [29] 9 54 false} {0 [29] 9 55 false} {0 [29] 9 56 false} {0 [29] 9 57 false} {0 [29] 9 58 false} {0 [30] 9 50 true} {0 [30] 9 55 false} {0 [30] 9 56 false} {0 [30] 9 57 false} {0 [30] 9 58 false} {0 [30] 9 59 false}]
2026/09/30 21:20:33 Resolving active orders
2026/09/30 21:20:33 combat turn=11 tick=1: 28 u13 (player 0, stamina 3) hits 50 u12 (player 1) for 4.54
2026/09/30 21:20:33 combat turn=11 tick=1: 29 u13 (player 0, stamina 3) hits 50 u12 (player 1) for 4.54
2026/09/30 21:20:33 Moving unit 5 Blunt Infantry to zone(0, -1) in space (-2, 0) tick=1
2026/09/30 21:20:33 combat turn=11 tick=1: 23 u12 (player 0, stamina 3) hits 50 u12 (player 1) for 2.40
2026/09/30 21:20:33 combat turn=11 tick=1: 24 u12 (player 0, stamina 3) hits 50 u12 (player 1) for 2.40
2026/09/30 21:20:33 combat turn=11 tick=1: 30 u13 (player 0, stamina 3) hits 50 u12 (player 1) for 4.54
2026/09/30 21:20:33 combat turn=11 tick=1: 53 u12 (player 1, stamina 3) hits 23 u12 (player 0) for 2.40
2026/09/30 21:20:33 combat turn=11 tick=1: 55 u13 (player 1, stamina 3) hits 23 u12 (player 0) for 4.54
2026/09/30 21:20:33 combat turn=11 tick=1: 56 u13 (player 1, stamina 3) hits 23 u12 (player 0) for 4.54
2026/09/30 21:20:33 combat turn=11 tick=1: 52 u12 (player 1, stamina 3) hits 23 u12 (player 0) for 2.40
2026/09/30 21:20:33 combat turn=11 tick=1: 58 u13 (player 1, stamina 3) hits 23 u12 (player 0) for 4.54
2026/09/30 21:20:33 combat turn=11 tick=1: 50 u12 (player 1, stamina 3) hits 23 u12 (player 0) for 2.40
2026/09/30 21:20:33 combat turn=11 tick=1: 57 u13 (player 1, stamina 3) hits 23 u12 (player 0) for 4.54
2026/09/30 21:20:33 combat turn=11 tick=1: 59 u13 (player 1, stamina 3) hits 23 u12 (player 0) for 4.54
2026/09/30 21:20:33 Moving unit 31 Blunt Infantry to zone(-1, 0) in space (0, -2) tick=1
2026/09/30 21:20:33 combat turn=11 tick=1: 51 u12 (player 1, stamina 3) hits 23 u12 (player 0) for 2.40
2026/09/30 21:20:33 combat turn=11 tick=1: 54 u12 (player 1, stamina 3) hits 23 u12 (player 0) for 2.40
2026/09/30 21:20:33 combat turn=11 tick=1: 60 u13 (player 1, stamina 3) hits 23 u12 (player 0) for 4.54
2026/09/30 21:20:33 state_hash turn=11 tick=1 hash=3e0a5fc28287f207
2026/09/30 21:20:33 combat turn=11 tick=2: 30 u13 (player 0, stamina 3) hits 55 u13 (player 1) for 3.41
2026/09/30 21:20:33 combat turn=11 tick=2: 28 u13 (player 0, stamina 3) hits 53 u12 (player 1) for 4.54
2026/09/30 21:20:33 combat turn=11 tick=2: 29 u13 (player 0, stamina 3) hits 54 u12 (player 1) for 4.54
2026/09/30 21:20:33 combat turn=11 tick=2: 24 u12 (player 0, stamina 3) hits 51 u12 (player 1) for 2.40
2026/09/30 21:20:33 combat turn=11 tick=2: 52 u12 (player 1, stamina 3) hits 24 u12 (player 0) for 2.40
2026/09/30 21:20:33 combat turn=11 tick=2: 58 u13 (player 1, stamina 3) hits 24 u12 (player 0) for 4.54
2026/09/30 21:20:33 combat turn=11 tick=2: 57 u13 (player 1, stamina 3) hits 24 u12 (player 0) for 4.54
2026/09/30 21:20:33 combat turn=11 tick=2: 59 u13 (player 1, stamina 3) hits 24 u12 (player 0) for 4.54
2026/09/30 21:20:33 Moving unit 31 Blunt Infantry to zone(1, 0) in space (-1, -2) tick=2
2026/09/30 21:20:33 combat turn=11 tick=2: 51 u12 (player 1, stamina 3) hits 24 u12 (player 0) for 2.40
2026/09/30 21:20:33 combat turn=11 tick=2: 54 u12 (player 1, stamina 3) hits 24 u12 (player 0) for 2.40
2026/09/30 21:20:33 combat turn=11 tick=2: 60 u13 (player 1, stamina 3) hits 24 u12 (player 0) for 4.54
2026/09/30 21:20:33 combat turn=11 tick=2: 53 u12 (player 1, stamina 3) hits 24 u12 (player 0) for 2.40
2026/09/30 21:20:33 combat turn=11 tick=2: 55 u13 (player 1, stamina 3) hits 24 u12 (player 0) for 4.54
2026/09/30 21:20:33 combat turn=11 tick=2: 56 u13 (player 1, stamina 3) hits 24 u12 (player 0) for 4.54
2026/09/30 21:20:33 state_hash turn=11 tick=2 hash=45dcb45113155830
2026/09/30 21:20:33 combat turn=11 tick=3: 28 u13 (player 0, stamina 2) hits 53 u12 (player 1) for 3.03
2026/09/30 21:20:33 combat turn=11 tick=3: 29 u13 (player 0, stamina 2) hits 54 u12 (player 1) for 3.03
2026/09/30 21:20:33 combat turn=11 tick=3: 30 u13 (player 0, stamina 2) hits 55 u13 (player 1) for 2.27
2026/09/30 21:20:33 combat turn=11 tick=3: 52 u12 (player 1, stamina 3) hits 28 u13 (player 0) for 2.10
2026/09/30 21:20:33 combat turn=11 tick=3: 58 u13 (player 1, stamina 2) hits 28 u13 (player 0) for 2.27
2026/09/30 21:20:33 combat turn=11 tick=3: 57 u13 (player 1, stamina 2) hits 28 u13 (player 0) for 2.27
2026/09/30 21:20:33 combat turn=11 tick=3: 59 u13 (player 1, stamina 2) hits 28 u13 (player 0) for 2.27
2026/09/30 21:20:33 Moving unit 31 Blunt Infantry to zone(0, 0) in space (-1, -2) tick=3
2026/09/30 21:20:33 combat turn=11 tick=3: 51 u12 (player 1, stamina 3) hits 28 u13 (player 0) for 2.10
2026/09/30 21:20:33 combat turn=11 tick=3: 54 u12 (player 1, stamina 3) hits 28 u13 (player 0) for 2.10
2026/09/30 21:20:33 combat turn=11 tick=3: 60 u13 (player 1, stamina 2) hits 28 u13 (player 0) for 2.27
2026/09/30 21:20:33 combat turn=11 tick=3: 53 u12 (player 1, stamina 3) hits 28 u13 (player 0) for 2.10
2026/09/30 21:20:33 combat turn=11 tick=3: 55 u13 (player 1, stamina 2) hits 28 u13 (player 0) for 2.27
2026/09/30 21:20:33 combat turn=11 tick=3: 56 u13 (player 1, stamina 2) hits 28 u13 (player 0) for 2.27
2026/09/30 21:20:33 state_hash turn=11 tick=3 hash=e2cb27d4e68fcd3a
2026/09/30 21:20:33 Moving unit 31 Blunt Infantry to zone(0, -1) in space (-1, -2) tick=4
2026/09/30 21:20:33 combat turn=11 tick=4: 51 u12 (player 1, stamina 3) hits 28 u13 (player 0) for 2.10
2026/09/30 21:20:33 combat turn=11 tick=4: 54 u12 (player 1, stamina 3) hits 28 u13 (player 0) for 2.10
2026/09/30 21:20:33 combat turn=11 tick=4: 53 u12 (player 1, stamina 3) hits 28 u13 (player 0) for 2.10
2026/09/30 21:20:33 combat turn=11 tick=4: 52 u12 (player 1, stamina 3) hits 28 u13 (player 0) for 2.10
2026/09/30 21:20:33 state_hash turn=11 tick=4 hash=bde618969d3b0286
2026/09/30 21:20:33 Moving unit 31 Blunt Infantry to zone(0, 1) in space (-1, -3) tick=5
2026/09/30 21:20:33 state_hash turn=11 tick=5 hash=87e0e0c954b4f644
2026/09/30 21:20:33 Moving unit 31 Blunt Infantry to zone(0, 0) in space (-1, -3) tick=6
2026/09/30 21:20:33 state_hash turn=11 tick=6 hash=9e5ec7a8dc758053
2026/09/30 21:20:33 state_hash turn=11 tick=end hash=1a75ba1da54b6d6e
2026/09/30 21:20:33 ai ai-1: new turn data {"buildings":[],"enemy_buildings":[],"enemy_units":[{"InternalID":28,"UnitID":13,"Type":2,"Kind":1,"Location":{"Space":{"X":-2,"Y":-1},"Zone":{"X":-1,"Y":1}},"CurrentStamina":8,"CurrentOrder":null,"Builds":[],"GarrisonedIn":null,"Stance":0,"InterruptCurrent":false,"AttackBack":false,"TargetPriority":"","ActiveOrders":null,"Health":19.58,"MaxHealth":50},{"InternalID":29,"UnitID":13,"Type":2,"Kind":1,"Location":{"Space":{"X":-2,"Y":-1},"Zone":{"X":-1,"Y":1}},"CurrentStamina":8,"CurrentOrder":null,"Builds":[],"GarrisonedIn":null,"Stance":0,"InterruptCurrent":false,"AttackBack":false,"TargetPriority":"","ActiveOrders":null,"Health":50,"MaxHealth":50},{"InternalID":30,"UnitID":13,"Type":2,"Kind":1,"Location":{"Space":{"X":-2,"Y":-1},"Zone":{"X":-1,"Y":1}},"CurrentStamina":8,"CurrentOrder":null,"Builds":[],"GarrisonedIn":null,"Stance":0,"InterruptCurrent":false,"AttackBack":false,"TargetPriority":"","ActiveOrders":null,"Health":50,"MaxHealth":50}],"foundations":[],"population":{"current":11,"limit":0},"resources":{"food":200,"gold":32,"stone":100,"wood":200},"spaces":[{"Space":{"X":0,"Y":-4},"Vision":2,"Owner":-1},{"Space":{"X":1,"Y":-4},"Vision":0,"Owner":-1},{"Space":{"X":2,"Y":-4},"Vision":0,"Owner":-1},{"Space":{"X":3,"Y":-4},"Vision":0,"Owner":-1},{"Space":{"X":4,"Y":-4},"Vision":0,"Owner":-1},{"Space":{"X":-1,"Y":-3},"Vision":3,"Owner":1},{"Space":{"X":0,"Y":-3},"Vision":2,"Owner":-1},{"Space":{"X":1,"Y":-3},"Vision":1,"Owner":-1},{"Space":{"X":2,"Y":-3},"Vision":0,"Owner":-1},{"Space":{"X":3,"Y":-3},"Vision":0,"Owner":-1},{"Space":{"X":4,"Y":-3},"Vision":0,"Owner":-1},{"Space":{"X":-2,"Y":-2},"Vision":2,"Owner":-1},{"Space":{"X":-1,"Y":-2},"Vision":2,"Owner":-1},{"Space":{"X":0,"Y":-2},"Vision":1,"Owner":-1},{"Space":{"X":1,"Y":-2},"Vision":1,"Owner":-1},{"Space":{"X":2,"Y":-2},"Vision":0,"Owner":-1},{"Space":{"X":3,"Y":-2},"Vision":0,"Owner":-1},{"Space":{"X":4,"Y":-2},"Vision":0,"Owner":-1},{"Space":{"X":-3,"Y":-1},"Vision":2,"Owner":-1},{"Space":{"X":-2,"Y":-1},"Vision":3,"Owner":-1},{"Space":{"X":-1,"Y":-1},"Vision":2,"Owner":-1},{"Space":{"X":0,"Y":-1},"Vision":1,"Owner":-1},{"Space":{"X":1,"Y":-1},"Vision":1,"Owner":-1},{"Space":{"X":2,"Y":-1},"Vision":0,"Owner":-1},{"Space":{"X":3,"Y":-1},"Vision":0,"Owner":-1},{"Space":{"X":4,"Y":-1},"Vision":0,"Owner":-1},{"Space":{"X":-4,"Y":0},"Vision":1,"Owner":-1},{"Space":{"X":-3,"Y":0},"Vision":3,"Owner":-1},{"Space":{"X":-2,"Y":0},"Vision":2,"Owner":0},{"Space":{"X":-1,"Y":0},"Vision":1,"Owner":-1},{"Space":{"X":0,"Y":0},"Vision":1,"Owner":-1},{"Space":{"X":1,"Y":0},"Vision":1,"Owner":-1},{"Space":{"X":2,"Y":0},"Vision":0,"Owner":-1},{"Space":{"X":3,"Y":0},"Vision":0,"Owner":-1},{"Space":{"X":4,"Y":0},"Vision":0,"Owner":-1},{"Space":{"X":-4,"Y":1},"Vision":1,"Owner":0},{"Space":{"X":-3,"Y":1},"Vision":1,"Owner":0},{"Space":{"X":-2,"Y":1},"Vision":1,"Owner":-1},{"Space":{"X":-1,"Y":1},"Vision":1,"Owner":-1},{"Space":{"X":0,"Y":1},"Vision":1,"Owner":-1},{"Space":{"X":1,"Y":1},"Vision":1,"Owner":-1},{"Space":{"X":2,"Y":1},"Vision":0,"Owner":-1},{"Space":{"X":3,"Y":1},"Vision":0,"Owner":-1},{"Space":{"X":-4,"Y":2},"Vision":1,"Owner":0},{"Space":{"X":-3,"Y":2},"Vision":1,"Owner":-1},{"Space":{"X":-2,"Y":2},"Vision":1,"Owner":-1},{"Space":{"X":-1,"Y":2},"Vision":1,"Owner":-1},{"Space":{"X":0,"Y":2},"Vision":1,"Owner":-1},{"Space":{"X":1,"Y":2},"Vision":1,"Owner":-1},{"Space":{"X":2,"Y":2},"Vision":0,"Owner":-1},{"Space":{"X":-4,"Y":3},"Vision":1,"Owner":-1},{"Space":{"X":-3,"Y":3},"Vision":1,"Owner":-1},{"Space":{"X":-2,"Y":3},"Vision":1,"Owner":-1},{"Space":{"X":-1,"Y":3},"Vision":1,"Owner":-1},{"Space":{"X":0,"Y":3},"Vision":1,"Owner":-1},{"Space":{"X":1,"Y":3},"Vision":0,"Owner":-1},{"Space":{"X":-4,"Y":4},"Vision":1,"Owner":-1},{"Space":{"X":-3,"Y":4},"Vision":1,"Owner":-1},{"Space":{"X":-2,"Y":4},"Vision":1,"Owner":-1},{"Space":{"X":-1,"Y":4},"Vision":1,"Owner":-1},{"Space":{"X":0,"Y":4},"Vision":0,"Owner":-1}],"units":[{"InternalID":31,"UnitID":11,"Type":2,"Kind":1,"Location":{"Space":{"X":-1,"Y":-3},"Zone":{"X":0,"Y":0}},"CurrentStamina":20,"CurrentOrder":null,"Builds":[],"GarrisonedIn":null,"Stance":3,"InterruptCurrent":false,"AttackBack":true,"TargetPriority":"","ActiveOrders":null,"Health":11,"MaxHealth":11},{"InternalID":51,"UnitID":12,"Type":2,"Kind":1,"Location":{"Space":{"X":-2,"Y":-1},"Zone":{"X":-1,"Y":1}},"CurrentStamina":12,"CurrentOrder":{"Kind":4,"TargetZone":null,"TargetSpace":{"X":-2,"Y":-1},"TargetResource":null,"TargetUnit":null,"TargetBuilding":null},"Builds":[],"GarrisonedIn":null,"Stance":3,"InterruptCurrent":false,"AttackBack":true,"TargetPriority":"","ActiveOrders":[{"ID":128,"Kind":4}],"Health":8.8,"MaxHealth":16},{"InternalID":52,"UnitID":12,"Type":2,"Kind":1,"Location":{"Space":{"X":-2,"Y":-1},"Zone":{"X":-1,"Y":1}},"CurrentStamina":12,"CurrentOrder":{"Kind":4,"TargetZone":null,"TargetSpace":{"X":-2,"Y":-1},"TargetResource":null,"TargetUnit":null,"TargetBuilding":null},"Builds":[],"GarrisonedIn":null,"Stance":3,"InterruptCurrent":false,"AttackBack":true,"TargetPriority":"","ActiveOrders":[{"ID":121,"Kind":4}],"Health":8.8,"MaxHealth":16},{"InternalID":53,"UnitID":12,"Type":2,"Kind":1,"Location":{"Space":{"X":-2,"Y":-1},"Zone":{"X":-1,"Y":1}},"CurrentStamina":12,"CurrentOrder":{"Kind":4,"TargetZone":null,"TargetSpace":{"X":-2,"Y":-1},"TargetResource":null,"TargetUnit":null,"TargetBuilding":null},"Builds":[],"GarrisonedIn":null,"Stance":3,"InterruptCurrent":false,"AttackBack":true,"TargetPriority":"","ActiveOrders":[{"ID":135,"Kind":4}],"Health":1.225,"MaxHealth":16},{"InternalID":54,"UnitID":12,"Type":2,"Kind":1,"Location":{"Space":{"X":-2,"Y":-1},"Zone":{"X":-1,"Y":1}},"CurrentStamina":12,"CurrentOrder":{"Kind":4,"TargetZone":null,"TargetSpace":{"X":-2,"Y":-1},"TargetResource":null,"TargetUnit":null,"TargetBuilding":null},"Builds":[],"GarrisonedIn":null,"Stance":3,"InterruptCurrent":false,"AttackBack":true,"TargetPriority":"","ActiveOrders":[{"ID":129,"Kind":4}],"Health":8.425,"MaxHealth":16},{"InternalID":55,"UnitID":13,"Type":2,"Kind":1,"Location":{"Space":{"X":-2,"Y":-1},"Zone":{"X":-1,"Y":1}},"CurrentStamina":8,"CurrentOrder":{"Kind":4,"TargetZone":null,"TargetSpace":{"X":-2,"Y":-1},"TargetResource":null,"TargetUnit":null,"TargetBuilding":null},"Builds":[],"GarrisonedIn":null,"Stance":3,"InterruptCurrent":false,"AttackBack":true,"TargetPriority":"","ActiveOrders":[{"ID":136,"Kind":4}],"Health":44.325,"MaxHealth":50},{"InternalID":56,"UnitID":13,"Type":2,"Kind":1,"Location":{"Space":{"X":-2,"Y":-1},"Zone":{"X":-1,"Y":1}},"CurrentStamina":8,"CurrentOrder":{"Kind":4,"TargetZone":null,"TargetSpace":{"X":-2,"Y":-1},"TargetResource":null,"TargetUnit":null,"TargetBuilding":null},"Builds":[],"GarrisonedIn":null,"Stance":3,"InterruptCurrent":false,"AttackBack":true,"TargetPriority":"","ActiveOrders":[{"ID":138,"Kind":4}],"Health":50,"MaxHealth":50},{"InternalID":57,"UnitID":13,"Type":2,"Kind":1,"Location":{"Space":{"X":-2,"Y":-1},"Zone":{"X":-1,"Y":1}},"CurrentStamina":8,"CurrentOrder":{"Kind":4,"TargetZone":null,"TargetSpace":{"X":-2,"Y":-1},"TargetResource":null,"TargetUnit":null,"TargetBuilding":null},"Builds":[],"GarrisonedIn":null,"Stance":3,"InterruptCurrent":false,"AttackBack":true,"TargetPriority":"","ActiveOrders":[{"ID":126,"Kind":4}],"Health":50,"MaxHealth":50},{"InternalID":58,"UnitID":13,"Type":2,"Kind":1,"Location":{"Space":{"X":-2,"Y":-1},"Zone":{"X":-1,"Y":1}},"CurrentStamina":8,"CurrentOrder":{"Kind":4,"TargetZone":null,"TargetSpace":{"X":-2,"Y":-1},"TargetResource":null,"TargetUnit":null,"TargetBuilding":null},"Builds":[],"GarrisonedIn":null,"Stance":3,"InterruptCurrent":false,"AttackBack":true,"TargetPriority":"","ActiveOrders":[{"ID":122,"Kind":4}],"Health":50,"MaxHealth":50},{"InternalID":59,"UnitID":13,"Type":2,"Kind":1,"Location":{"Space":{"X":-2,"Y":-1},"Zone":{"X":-1,"Y":1}},"CurrentStamina":8,"CurrentOrder":{"Kind":4,"TargetZone":null,"TargetSpace":{"X":-2,"Y":-1},"TargetResource":null,"TargetUnit":null,"TargetBuilding":null},"Builds":[],"GarrisonedIn":null,"Stance":3,"InterruptCurrent":false,"AttackBack":true,"TargetPriority":"","ActiveOrders":[{"ID":127,"Kind":4}],"Health":50,"MaxHealth":50},{"InternalID":60,"UnitID":13,"Type":2,"Kind":1,"Location":{"Space":{"X":-2,"Y":-1},"Zone":{"X":-1,"Y":1}},"CurrentStamina":8,"CurrentOrder":{"Kind":4,"TargetZone":null,"TargetSpace":{"X":-2,"Y":-1},"TargetResource":null,"TargetUnit":null,"TargetBuilding":null},"Builds":[],"GarrisonedIn":null,"Stance":3,"InterruptCurrent":false,"AttackBack":true,"TargetPriority":"","ActiveOrders":[{"ID":130,"Kind":4}],"Health":50,"MaxHealth":50}]}
2026/09/30 21:20:33 ai ai-1: submitting orders [{Subjects:[31] OrderType:2 TargetID:5460 ClearPreviousOrders:true}]
2026/09/30 21:20:33 ai ai-1: vars {}
2026/09/30 21:20:33 player action: submit-orders 0 2 map[orders:[{1 [31] 2 5460 true}]]
2026/09/30 21:20:33 Executing submit orders for: 1 [{1 [31] 2 5460 true}]
2026/09/30 21:20:33 ai ai-0: new turn data {"buildings":[],"enemy_buildings":[],"enemy_units":[{"InternalID":51,"UnitID":12,"Type":2,"Kind":1,"Location":{"Space":{"X":-2,"Y":-1},"Zone":{"X":-1,"Y":1}},"CurrentStamina":12,"CurrentOrder":null,"Builds":[],"GarrisonedIn":null,"Stance":0,"InterruptCurrent":false,"AttackBack":false,"TargetPriority":"","ActiveOrders":null,"Health":8.8,"MaxHealth":16},{"InternalID":52,"UnitID":12,"Type":2,"Kind":1,"Location":{"Space":{"X":-2,"Y":-1},"Zone":{"X":-1,"Y":1}},"CurrentStamina":12,"CurrentOrder":null,"Builds":[],"GarrisonedIn":null,"Stance":0,"InterruptCurrent":false,"AttackBack":false,"TargetPriority":"","ActiveOrders":null,"Health":8.8,"MaxHealth":16},{"InternalID":53,"UnitID":12,"Type":2,"Kind":1,"Location":{"Space":{"X":-2,"Y":-1},"Zone":{"X":-1,"Y":1}},"CurrentStamina":12,"CurrentOrder":null,"Builds":[],"GarrisonedIn":null,"Stance":0,"InterruptCurrent":false,"AttackBack":false,"TargetPriority":"","ActiveOrders":null,"Health":1.225,"MaxHealth":16},{"InternalID":54,"UnitID":12,"Type":2,"Kind":1,"Location":{"Space":{"X":-2,"Y":-1},"Zone":{"X":-1,"Y":1}},"CurrentStamina":12,"CurrentOrder":null,"Builds":[],"GarrisonedIn":null,"Stance":0,"InterruptCurrent":false,"AttackBack":false,"TargetPriority":"","ActiveOrders":null,"Health":8.425,"MaxHealth":16},{"InternalID":55,"UnitID":13,"Type":2,"Kind":1,"Location":{"Space":{"X":-2,"Y":-1},"Zone":{"X":-1,"Y":1}},"CurrentStamina":8,"CurrentOrder":null,"Builds":[],"GarrisonedIn":null,"Stance":0,"InterruptCurrent":false,"AttackBack":false,"TargetPriority":"","ActiveOrders":null,"Health":44.325,"MaxHealth":50},{"InternalID":56,"UnitID":13,"Type":2,"Kind":1,"Location":{"Space":{"X":-2,"Y":-1},"Zone":{"X":-1,"Y":1}},"CurrentStamina":8,"CurrentOrder":null,"Builds":[],"GarrisonedIn":null,"Stance":0,"InterruptCurrent":false,"AttackBack":false,"TargetPriority":"","ActiveOrders":null,"Health":50,"MaxHealth":50},{"InternalID":57,"UnitID":13,"Type":2,"Kind":1,"Location":{"Space":{"X":-2,"Y":-1},"Zone":{"X":-1,"Y":1}},"CurrentStamina":8,"CurrentOrder":null,"Builds":[],"GarrisonedIn":null,"Stance":0,"InterruptCurrent":false,"AttackBack":false,"TargetPriority":"","ActiveOrders":null,"Health":50,"MaxHealth":50},{"InternalID":58,"UnitID":13,"Type":2,"Kind":1,"Location":{"Space":{"X":-2,"Y":-1},"Zone":{"X":-1,"Y":1}},"CurrentStamina":8,"CurrentOrder":null,"Builds":[],"GarrisonedIn":null,"Stance":0,"InterruptCurrent":false,"AttackBack":false,"TargetPriority":"","ActiveOrders":null,"Health":50,"MaxHealth":50},{"InternalID":59,"UnitID":13,"Type":2,"Kind":1,"Location":{"Space":{"X":-2,"Y":-1},"Zone":{"X":-1,"Y":1}},"CurrentStamina":8,"CurrentOrder":null,"Builds":[],"GarrisonedIn":null,"Stance":0,"InterruptCurrent":false,"AttackBack":false,"TargetPriority":"","ActiveOrders":null,"Health":50,"MaxHealth":50},{"InternalID":60,"UnitID":13,"Type":2,"Kind":1,"Location":{"Space":{"X":-2,"Y":-1},"Zone":{"X":-1,"Y":1}},"CurrentStamina":8,"CurrentOrder":null,"Builds":[],"GarrisonedIn":null,"Stance":0,"InterruptCurrent":false,"AttackBack":false,"TargetPriority":"","ActiveOrders":null,"Health":50,"MaxHealth":50}],"foundations":[],"population":{"current":4,"limit":0},"resources":{"food":200,"gold":88,"stone":100,"wood":200},"spaces":[{"Space":{"X":0,"Y":-4},"Vision":1,"Owner":-1},{"Space":{"X":1,"Y":-4},"Vision":1,"Owner":-1},{"Space":{"X":2,"Y":-4},"Vision":0,"Owner":-1},{"Space":{"X":3,"Y":-4},"Vision":0,"Owner":-1},{"Space":{"X":4,"Y":-4},"Vision":0,"Owner":-1},{"Space":{"X":-1,"Y":-3},"Vision":1,"Owner":-1},{"Space":{"X":0,"Y":-3},"Vision":1,"Owner":-1},{"Space":{"X":1,"Y":-3},"Vision":1,"Owner":-1},{"Space":{"X":2,"Y":-3},"Vision":0,"Owner":-1},{"Space":{"X":3,"Y":-3},"Vision":0,"Owner":-1},{"Space":{"X":4,"Y":-3},"Vision":0,"Owner":-1},{"Space":{"X":-2,"Y":-2},"Vision":2,"Owner":-1},{"Space":{"X":-1,"Y":-2},"Vision":2,"Owner":-1},{"Space":{"X":0,"Y":-2},"Vision":1,"Owner":-1},{"Space":{"X":1,"Y":-2},"Vision":1,"Owner":-1},{"Space":{"X":2,"Y":-2},"Vision":1,"Owner":-1},{"Space":{"X":3,"Y":-2},"Vision":1,"Owner":-1},{"Space":{"X":4,"Y":-2},"Vision":0,"Owner":-1},{"Space":{"X":-3,"Y":-1},"Vision":2,"Owner":-1},{"Space":{"X":-2,"Y":-1},"Vision":3,"Owner":-1},{"Space":{"X":-1,"Y":-1},"Vision":2,"Owner":-1},{"Space":{"X":0,"Y":-1},"Vision":1,"Owner":-1},{"Space":{"X":1,"Y":-1},"Vision":1,"Owner":-1},{"Space":{"X":2,"Y":-1},"Vision":1,"Owner":-1},{"Space":{"X":3,"Y":-1},"Vision":1,"Owner":-1},{"Space":{"X":4,"Y":-1},"Vision":0,"Owner":-1},{"Space":{"X":-4,"Y":0},"Vision":1,"Owner":-1},{"Space":{"X":-3,"Y":0},"Vision":3,"Owner":-1},{"Space":{"X":-2,"Y":0},"Vision":3,"Owner":0},{"Space":{"X":-1,"Y":0},"Vision":2,"Owner":-1},{"Space":{"X":0,"Y":0},"Vision":1,"Owner":-1},{"Space":{"X":1,"Y":0},"Vision":1,"Owner":-1},{"Space":{"X":2,"Y":0},"Vision":1,"Owner":-1},{"Space":{"X":3,"Y":0},"Vision":1,"Owner":-1},{"Space":{"X":4,"Y":0},"Vision":0,"Owner":-1},{"Space":{"X":-4,"Y":1},"Vision":1,"Owner":-1},{"Space":{"X":-3,"Y":1},"Vision":2,"Owner":-1},{"Space":{"X":-2,"Y":1},"Vision":2,"Owner":-1},{"Space":{"X":-1,"Y":1},"Vision":1,"Owner":-1},{"Space":{"X":0,"Y":1},"Vision":1,"Owner":-1},{"Space":{"X":1,"Y":1},"Vision":1,"Owner":-1},{"Space":{"X":2,"Y":1},"Vision":1,"Owner":-1},{"Space":{"X":3,"Y":1},"Vision":1,"Owner":-1},{"Space":{"X":-4,"Y":2},"Vision":1,"Owner":-1},{"Space":{"X":-3,"Y":2},"Vision":1,"Owner":-1},{"Space":{"X":-2,"Y":2},"Vision":1,"Owner":-1},{"Space":{"X":-1,"Y":2},"Vision":1,"Owner":-1},{"Space":{"X":0,"Y":2},"Vision":1,"Owner":-1},{"Space":{"X":1,"Y":2},"Vision":1,"Owner":-1},{"Space":{"X":2,"Y":2},"Vision":1,"Owner":-1},{"Space":{"X":-4,"Y":3},"Vision":1,"Owner":-1},{"Space":{"X":-3,"Y":3},"Vision":1,"Owner":-1},{"Space":{"X":-2,"Y":3},"Vision":1,"Owner":-1},{"Space":{"X":-1,"Y":3},"Vision":1,"Owner":-1},{"Space":{"X":0,"Y":3},"Vision":1,"Owner":-1},{"Space":{"X":1,"Y":3},"Vision":1,"Owner":-1},{"Space":{"X":-4,"Y":4},"Vision":1,"Owner":-1},{"Space":{"X":-3,"Y":4},"Vision":1,"Owner":-1},{"Space":{"X":-2,"Y":4},"Vision":1,"Owner":-1},{"Space":{"X":-1,"Y":4},"Vision":1,"Owner":-1},{"Space":{"X":0,"Y":4},"Vision":1,"Owner":-1}],"units":[{"InternalID":5,"UnitID":11,"Type":2,"Kind":1,"Location":{"Space":{"X":-2,"Y":0},"Zone":{"X":0,"Y":-1}},"CurrentStamina":23,"CurrentOrder":null,"Builds":[],"GarrisonedIn":null,"Stance":3,"InterruptCurrent":true,"AttackBack":true,"TargetPriority":"","ActiveOrders":null,"Health":11,"MaxHealth":11},{"InternalID":28,"UnitID":13,"Type":2,"Kind":1,"Location":{"Space":{"X":-2,"Y":-1},"Zone":{"X":-1,"Y":1}},"CurrentStamina":8,"CurrentOrder":{"Kind":6,"TargetZone":null,"TargetSpace":null,"TargetResource":null,"TargetUnit":{"InternalID":53,"UnitID":12,"Type":2,"Kind":1,"Location":{"Space":{"X":-2,"Y":-1},"Zone":{"X":-1,"Y":1}},"CurrentStamina":12,"CurrentOrder":null,"Builds":[],"GarrisonedIn":null,"Stance":0,"InterruptCurrent":false,"AttackBack":false,"TargetPriority":"","ActiveOrders":null,"Health":1.225,"MaxHealth":16},"TargetBuilding":null},"Builds":[],"GarrisonedIn":null,"Stance":3,"InterruptCurrent":false,"AttackBack":true,"TargetPriority":"","ActiveOrders":[{"ID":493,"Kind":6},{"ID":494,"Kind":6},{"ID":495,"Kind":6},{"ID":496,"Kind":6},{"ID":497,"Kind":6}],"Health":19.58,"MaxHealth":50},{"InternalID":29,"UnitID":13,"Type":2,"Kind":1,"Location":{"Space":{"X":-2,"Y":-1},"Zone":{"X":-1,"Y":1}},"CurrentStamina":8,"CurrentOrder":{"Kind":6,"TargetZone":null,"TargetSpace":null,"TargetResource":null,"TargetUnit":{"InternalID":54,"UnitID":12,"Type":2,"Kind":1,"Location":{"Space":{"X":-2,"Y":-1},"Zone":{"X":-1,"Y":1}},"CurrentStamina":12,"CurrentOrder":null,"Builds":[],"GarrisonedIn":null,"Stance":0,"InterruptCurrent":false,"AttackBack":false,"TargetPriority":"","ActiveOrders":null,"Health":8.425,"MaxHealth":16},"TargetBuilding":null},"Builds":[],"GarrisonedIn":null,"Stance":3,"InterruptCurrent":false,"AttackBack":true,"TargetPriority":"","ActiveOrders":[{"ID":499,"Kind":6},{"ID":500,"Kind":6},{"ID":501,"Kind":6},{"ID":502,"Kind":6},{"ID":503,"Kind":6}],"Health":50,"MaxHealth":50},{"InternalID":30,"UnitID":13,"Type":2,"Kind":1,"Location":{"Space":{"X":-2,"Y":-1},"Zone":{"X":-1,"Y":1}},"CurrentStamina":8,"CurrentOrder":{"Kind":6,"TargetZone":null,"TargetSpace":null,"TargetResource":null,"TargetUnit":{"InternalID":55,"UnitID":13,"Type":2,"Kind":1,"Location":{"Space":{"X":-2,"Y":-1},"Zone":{"X":-1,"Y":1}},"CurrentStamina":8,"CurrentOrder":null,"Builds":[],"GarrisonedIn":null,"Stance":0,"InterruptCurrent":false,"AttackBack":false,"TargetPriority":"","ActiveOrders":null,"Health":44.325,"MaxHealth":50},"TargetBuilding":null},"Builds":[],"GarrisonedIn":null,"Stance":3,"InterruptCurrent":false,"AttackBack":true,"TargetPriority":"","ActiveOrders":[{"ID":505,"Kind":6},{"ID":506,"Kind":6},{"ID":507,"Kind":6},{"ID":508,"Kind":6},{"ID":509,"Kind":6}],"Health":50,"MaxHealth":50}]}
2026/09/30 21:20:33 ai ai-0: submitting orders [{Subjects:[5] OrderType:2 TargetID:10731 ClearPreviousOrders:true} {Subjects:[5] OrderType:9 TargetID:51 ClearPreviousOrders:true} {Subjects:[28] OrderType:9 TargetID:51 ClearPreviousOrders:true} {Subjects:[29] OrderType:9 TargetID:51 ClearPreviousOrders:true} {Subjects:[30] OrderType:9 TargetID:51 ClearPreviousOrders:true} {Subjects:[28] OrderType:9 TargetID:51 ClearPreviousOrders:true} {Subjects:[28] OrderType:9 TargetID:52 ClearPreviousOrders:false} {Subjects:[28] OrderType:9 TargetID:53 ClearPreviousOrders:false} {Subjects:[28] OrderType:9 TargetID:54 ClearPreviousOrders:false} {Subjects:[28] OrderType:9 TargetID:55 ClearPreviousOrders:false} {Subjects:[28] OrderType:9 TargetID:56 ClearPreviousOrders:false} {Subjects:[29] OrderType:9 TargetID:51 ClearPreviousOrders:true} {Subjects:[29] OrderType:9 TargetID:53 ClearPreviousOrders:false} {Subjects:[29] OrderType:9 TargetID:54 ClearPreviousOrders:false} {Subjects:[29] OrderType:9 TargetID:55 ClearPreviousOrders:false} {Subjects:[29] OrderType:9 TargetID:56 ClearPreviousOrders:false} {Subjects:[29] OrderType:9 TargetID:57 ClearPreviousOrders:false} {Subjects:[30] OrderType:9 TargetID:51 ClearPreviousOrders:true} {Subjects:[30] OrderType:9 TargetID:54 ClearPreviousOrders:false} {Subjects:[30] OrderType:9 TargetID:55 ClearPreviousOrders:false} {Subjects:[30] OrderType:9 TargetID:56 ClearPreviousOrders:false} {Subjects:[30] OrderType:9 TargetID:57 ClearPreviousOrders:false} {Subjects:[30] OrderType:9 TargetID:58 ClearPreviousOrders:false}]
2026/09/30 21:20:33 ai ai-0: vars {"B":1,"Hv":3,"Pi":0,"aPowLocal":0,"aThreat":0,"a_engaged":0,"a_odds":1.3,"a_outnumbered":0,"army_target":50,"army_value":610,"assault":0,"bank_rate":28,"bar_barracks":0.17072129748186085,"bar_redoubt":1.1111111111111112,"barracks":0,"barracks_B":0,"barracks_P":0,"barracks_save":0,"barracks_spend":78.1,"barracks_want":0,"buffer_food":70,"buffer_gold":0,"buffer_stone":0,"buffer_wood":70,"builders":0,"committed":0,"eB":11.199999999999996,"eGrowth":0,"eH":6,"eMil":24.299999999999997,"eP":7.1000000000000005,"ePow":49.4,"ePowEst":47.00388143360001,"ePowSeen":47.00388143360001,"eTech":1,"eV":0,"es":25.299999999999997,"farm_want":0,"farm_wood_short":0,"farming":0,"fire_barracks":0,"fire_farm0":0,"fire_farm1":0,"fire_farm2":0,"fire_house":0,"fire_outpost":0,"fire_redoubt":0,"fire_smith":0,"fire_vc":0,"food_need":0,"food_over":0,"food_rate":0,"food_slots":1000,"food_workers":0,"free_room":46,"go":0,"gold_income":2,"gold_need":0,"gold_rate":0,"gold_surplus":88,"guaranteed":0,"guard_home":0,"headroom":-4,"hire_B":4738.461538461538,"hire_P":7446.153846153847,"homePow":0,"house_builders":0,"house_urgency":0,"house_want":0,"income_proj":0,"left":0,"lf_food":0,"lf_gold":0,"lf_stone":0,"lf_wood":0,"lump_food":0,"lump_gold":0,"lump_stone":0,"lump_wood":0,"maturity":0,"mil":4,"myTech":1,"n_barracks":0,"n_redoubts":0,"needB":33.7932384313903,"needP":12.206761568609705,"outpost_want":0,"pikes":0,"planned_food":0,"planned_gold":0,"planned_stone":0,"planned_wood":0,"prod_rate":0,"proj_army":610,"raid_danger":0,"raid_fails":0,"raid_lost":0,"raid_pause":0,"raid_prev":0,"raid_size":0,"raid_wiped":0,"rate":6,"redoubt_H":0,"redoubt_gold_ok":0.5244444444444444,"redoubt_save":0,"redoubt_spend":30,"redoubt_want":0,"redoubts":0,"rf_food":0,"rf_gold":0,"rf_stone":0,"rf_wood":0,"sB4":1.2647381121980135,"sP4":0.4568475026055544,"scale_l":0,"scale_r":0,"shareH":0.503791381542445,"smith_want":0,"smiths":0,"spare":0,"spare_food":0.5,"stone_need":0,"stone_rate":0,"tH":49,"target_spend":400,"tech_food":50,"tech_gold":0,"tech_stone":0,"tech_wood":50,"threat_home":0,"turns_left":-40,"u_barracks":0.17789809624598646,"u_redoubt":0.4702052894396153,"unit_spend":120,"vB":1.0604743083003954,"vH":1.0766798418972332,"vP":0.8221343873517787,"vc_want":0,"vcs":0,"vil_goal":50,"vil_rate":0,"vil_stamina":8,"vil_want":0,"vil_want_last":0,"vil_worth_now":0.6,"vils":0,"w_food":0,"w_gold":0,"w_stone":0,"w_wood":0,"wild_workers":0,"wood_need":0,"wood_rate":0,"workers":0}
2026/09/30 21:20:33 player action: set-unit-behavior 0 1 map[internal_ids:[28 29 30] interrupt_current:true]
2026/09/30 21:20:33 player action: submit-orders 0 1 map[orders:[{0 [5] 2 10731 true} {0 [5] 9 51 true} {0 [28] 9 51 true} {0 [29] 9 51 true} {0 [30] 9 51 true} {0 [28] 9 51 true} {0 [28] 9 52 false} {0 [28] 9 53 false} {0 [28] 9 54 false} {0 [28] 9 55 false} {0 [28] 9 56 false} {0 [29] 9 51 true} {0 [29] 9 53 false} {0 [29] 9 54 false} {0 [29] 9 55 false} {0 [29] 9 56 false} {0 [29] 9 57 false} {0 [30] 9 51 true} {0 [30] 9 54 false} {0 [30] 9 55 false} {0 [30] 9 56 false} {0 [30] 9 57 false} {0 [30] 9 58 false}]]
2026/09/30 21:20:33 Executing submit orders for: 0 [{0 [5] 2 10731 true} {0 [5] 9 51 true} {0 [28] 9 51 true} {0 [29] 9 51 true} {0 [30] 9 51 true} {0 [28] 9 51 true} {0 [28] 9 52 false} {0 [28] 9 53 false} {0 [28] 9 54 false} {0 [28] 9 55 false} {0 [28] 9 56 false} {0 [29] 9 51 true} {0 [29] 9 53 false} {0 [29] 9 54 false} {0 [29] 9 55 false} {0 [29] 9 56 false} {0 [29] 9 57 false} {0 [30] 9 51 true} {0 [30] 9 54 false} {0 [30] 9 55 false} {0 [30] 9 56 false} {0 [30] 9 57 false} {0 [30] 9 58 false}]
2026/09/30 21:20:33 Resolving active orders
2026/09/30 21:20:33 combat turn=12 tick=1: 30 u13 (player 0, stamina 3) hits 51 u12 (player 1) for 4.54
2026/09/30 21:20:33 combat turn=12 tick=1: 28 u13 (player 0, stamina 3) hits 51 u12 (player 1) for 4.54
2026/09/30 21:20:33 combat turn=12 tick=1: 29 u13 (player 0, stamina 3) hits 51 u12 (player 1) for 4.54
2026/09/30 21:20:33 Moving unit 5 Blunt Infantry to zone(0, 1) in space (-2, -1) tick=1
2026/09/30 21:20:33 combat turn=12 tick=1: 60 u13 (player 1, stamina 3) hits 28 u13 (player 0) for 3.41
2026/09/30 21:20:33 combat turn=12 tick=1: 53 u12 (player 1, stamina 3) hits 28 u13 (player 0) for 2.10
2026/09/30 21:20:33 combat turn=12 tick=1: 55 u13 (player 1, stamina 3) hits 28 u13 (player 0) for 3.41
2026/09/30 21:20:33 combat turn=12 tick=1: 56 u13 (player 1, stamina 3) hits 28 u13 (player 0) for 3.41
2026/09/30 21:20:33 combat turn=12 tick=1: 52 u12 (player 1, stamina 3) hits 28 u13 (player 0) for 2.10
2026/09/30 21:20:33 combat turn=12 tick=1: 58 u13 (player 1, stamina 3) hits 28 u13 (player 0) for 3.41
2026/09/30 21:20:33 combat turn=12 tick=1: 57 u13 (player 1, stamina 3) hits 28 u13 (player 0) for 3.41
2026/09/30 21:20:33 combat turn=12 tick=1: 59 u13 (player 1, stamina 3) hits 28 u13 (player 0) for 3.41
2026/09/30 21:20:33 Moving unit 31 Blunt Infantry to zone(1, 0) in space (-1, -3) tick=1
2026/09/30 21:20:33 combat turn=12 tick=1: 51 u12 (player 1, stamina 3) hits 28 u13 (player 0) for 2.10
2026/09/30 21:20:33 combat turn=12 tick=1: 54 u12 (player 1, stamina 3) hits 28 u13 (player 0) for 2.10
2026/09/30 21:20:33 state_hash turn=12 tick=1 hash=6448ba4f8d720ba2
2026/09/30 21:20:33 combat turn=12 tick=2: 29 u13 (player 0, stamina 3) hits 52 u12 (player 1) for 4.54
2026/09/30 21:20:33 Moving unit 5 Blunt Infantry to zone(-1, 1) in space (-2, -1) tick=2
2026/09/30 21:20:33 combat turn=12 tick=2: 30 u13 (player 0, stamina 3) hits 52 u12 (player 1) for 4.54
2026/09/30 21:20:33 combat turn=12 tick=2: 52 u12 (player 1, stamina 3) hits 29 u13 (player 0) for 2.10
2026/09/30 21:20:33 combat turn=12 tick=2: 58 u13 (player 1, stamina 3) hits 29 u13 (player 0) for 3.41
2026/09/30 21:20:33 combat turn=12 tick=2: 57 u13 (player 1, stamina 3) hits 29 u13 (player 0) for 3.41
2026/09/30 21:20:33 combat turn=12 tick=2: 59 u13 (player 1, stamina 3) hits 29 u13 (player 0) for 3.41
2026/09/30 21:20:33 Moving unit 31 Blunt Infantry to zone(-1, 0) in space (0, -3) tick=2
2026/09/30 21:20:33 combat turn=12 tick=2: 54 u12 (player 1, stamina 3) hits 29 u13 (player 0) for 2.10
2026/09/30 21:20:33 combat turn=12 tick=2: 60 u13 (player 1, stamina 3) hits 29 u13 (player 0) for 3.41
2026/09/30 21:20:33 combat turn=12 tick=2: 53 u12 (player 1, stamina 3) hits 29 u13 (player 0) for 2.10
2026/09/30 21:20:33 combat turn=12 tick=2: 55 u13 (player 1, stamina 3) hits 29 u13 (player 0) for 3.41
2026/09/30 21:20:33 combat turn=12 tick=2: 56 u13 (player 1, stamina 3) hits 29 u13 (player 0) for 3.41
2026/09/30 21:20:33 state_hash turn=12 tick=2 hash=703ce3e371075e18
2026/09/30 21:20:33 combat turn=12 tick=3: 5 u11 (player 0, stamina 3) hits 53 u12 (player 1) for 1.50
2026/09/30 21:20:33 combat turn=12 tick=3: 30 u13 (player 0, stamina 2) hits 53 u12 (player 1) for 3.03
2026/09/30 21:20:33 combat turn=12 tick=3: 29 u13 (player 0, stamina 2) hits 53 u12 (player 1) for 3.03
2026/09/30 21:20:33 combat turn=12 tick=3: 57 u13 (player 1, stamina 2) hits 5 u11 (player 0) for 3.41
2026/09/30 21:20:33 combat turn=12 tick=3: 59 u13 (player 1, stamina 2) hits 5 u11 (player 0) for 3.41
2026/09/30 21:20:33 Moving unit 31 Blunt Infantry to zone(0, 0) in space (0, -3) tick=3
2026/09/30 21:20:33 combat turn=12 tick=3: 54 u12 (player 1, stamina 3) hits 5 u11 (player 0) for 2.70
2026/09/30 21:20:33 combat turn=12 tick=3: 60 u13 (player 1, stamina 2) hits 5 u11 (player 0) for 3.41
2026/09/30 21:20:33 combat turn=12 tick=3: 53 u12 (player 1, stamina 3) hits 5 u11 (player 0) for 2.70
2026/09/30 21:20:33 combat turn=12 tick=3: 55 u13 (player 1, stamina 2) hits 5 u11 (player 0) for 3.41
2026/09/30 21:20:33 combat turn=12 tick=3: 56 u13 (player 1, stamina 2) hits 5 u11 (player 0) for 3.41
2026/09/30 21:20:33 combat turn=12 tick=3: 58 u13 (player 1, stamina 2) hits 5 u11 (player 0) for 3.41
2026/09/30 21:20:33 state_hash turn=12 tick=3 hash=eafcb7c3bcd9417c
2026/09/30 21:20:33 Moving unit 31 Blunt Infantry to zone(1, -1) in space (0, -3) tick=4
2026/09/30 21:20:33 combat turn=12 tick=4: 54 u12 (player 1, stamina 3) hits 29 u13 (player 0) for 2.10
2026/09/30 21:20:33 state_hash turn=12 tick=4 hash=da1575991bcc18a0
2026/09/30 21:20:33 Moving unit 31 Blunt Infantry to zone(-1, 1) in space (1, -4) tick=5
2026/09/30 21:20:33 state_hash turn=12 tick=5 hash=e705dee4395b4e4e
2026/09/30 21:20:33 Moving unit 31 Blunt Infantry to zone(0, 0) in space (1, -4) tick=6
2026/09/30 21:20:33 state_hash turn=12 tick=6 hash=28ccdd1b888d3cea
2026/09/30 21:20:33 state_hash turn=12 tick=end hash=73156222820fdd87
2026/09/30 21:20:33 ai ai-1: new turn data {"buildings":[],"enemy_buildings":[],"enemy_units":[{"InternalID":29,"UnitID":13,"Type":2,"Kind":1,"Location":{"Space":{"X":-2,"Y":-1},"Zone":{"X":-1,"Y":1}},"CurrentStamina":8,"CurrentOrder":null,"Builds":[],"GarrisonedIn":null,"Stance":0,"InterruptCurrent":false,"AttackBack":false,"TargetPriority":"","ActiveOrders":null,"Health":21.17,"MaxHealth":50},{"InternalID":30,"UnitID":13,"Type":2,"Kind":1,"Location":{"Space":{"X":-2,"Y":-1},"Zone":{"X":-1,"Y":1}},"CurrentStamina":8,"CurrentOrder":null,"Builds":[],"GarrisonedIn":null,"Stance":0,"InterruptCurrent":false,"AttackBack":false,"TargetPriority":"","ActiveOrders":null,"Health":50,"MaxHealth":50}],"foundations":[],"population":{"current":8,"limit":0},"resources":{"food":200,"gold":34,"stone":100,"wood":200},"spaces":[{"Space":{"X":0,"Y":-4},"Vision":2,"Owner":-1},{"Space":{"X":1,"Y":-4},"Vision":3,"Owner":1},{"Space":{"X":2,"Y":-4},"Vision":2,"Owner":-1},{"Space":{"X":3,"Y":-4},"Vision":0,"Owner":-1},{"Space":{"X":4,"Y":-4},"Vision":0,"Owner":-1},{"Space":{"X":-1,"Y":-3},"Vision":1,"Owner":-1},{"Space":{"X":0,"Y":-3},"Vision":2,"Owner":-1},{"Space":{"X":1,"Y":-3},"Vision":2,"Owner":-1},{"Space":{"X":2,"Y":-3},"Vision":0,"Owner":-1},{"Space":{"X":3,"Y":-3},"Vision":0,"Owner":-1},{"Space":{"X":4,"Y":-3},"Vision":0,"Owner":-1},{"Space":{"X":-2,"Y":-2},"Vision":2,"Owner":-1},{"Space":{"X":-1,"Y":-2},"Vision":2,"Owner":-1},{"Space":{"X":0,"Y":-2},"Vision":1,"Owner":-1},{"Space":{"X":1,"Y":-2},"Vision":1,"Owner":-1},{"Space":{"X":2,"Y":-2},"Vision":0,"Owner":-1},{"Space":{"X":3,"Y":-2},"Vision":0,"Owner":-1},{"Space":{"X":4,"Y":-2},"Vision":0,"Owner":-1},{"Space":{"X":-3,"Y":-1},"Vision":2,"Owner":-1},{"Space":{"X":-2,"Y":-1},"Vision":3,"Owner":-1},{"Space":{"X":-1,"Y":-1},"Vision":2,"Owner":-1},{"Space":{"X":0,"Y":-1},"Vision":1,"Owner":-1},{"Space":{"X":1,"Y":-1},"Vision":1,"Owner":-1},{"Space":{"X":2,"Y":-1},"Vision":0,"Owner":-1},{"Space":{"X":3,"Y":-1},"Vision":0,"Owner":-1},{"Space":{"X":4,"Y":-1},"Vision":0,"Owner":-1},{"Space":{"X":-4,"Y":0},"Vision":1,"Owner":-1},{"Space":{"X":-3,"Y":0},"Vision":3,"Owner":-1},{"Space":{"X":-2,"Y":0},"Vision":2,"Owner":-1},{"Space":{"X":-1,"Y":0},"Vision":1,"Owner":-1},{"Space":{"X":0,"Y":0},"Vision":1,"Owner":-1},{"Space":{"X":1,"Y":0},"Vision":1,"Owner":-1},{"Space":{"X":2,"Y":0},"Vision":0,"Owner":-1},{"Space":{"X":3,"Y":0},"Vision":0,"Owner":-1},{"Space":{"X":4,"Y":0},"Vision":0,"Owner":-1},{"Space":{"X":-4,"Y":1},"Vision":1,"Owner":0},{"Space":{"X":-3,"Y":1},"Vision":1,"Owner":0},{"Space":{"X":-2,"Y":1},"Vision":1,"Owner":-1},{"Space":{"X":-1,"Y":1},"Vision":1,"Owner":-1},{"Space":{"X":0,"Y":1},"Vision":1,"Owner":-1},{"Space":{"X":1,"Y":1},"Vision":1,"Owner":-1},{"Space":{"X":2,"Y":1},"Vision":0,"Owner":-1},{"Space":{"X":3,"Y":1},"Vision":0,"Owner":-1},{"Space":{"X":-4,"Y":2},"Vision":1,"Owner":0},{"Space":{"X":-3,"Y":2},"Vision":1,"Owner":-1},{"Space":{"X":-2,"Y":2},"Vision":1,"Owner":-1},{"Space":{"X":-1,"Y":2},"Vision":1,"Owner":-1},{"Space":{"X":0,"Y":2},"Vision":1,"Owner":-1},{"Space":{"X":1,"Y":2},"Vision":1,"Owner":-1},{"Space":{"X":2,"Y":2},"Vision":0,"Owner":-1},{"Space":{"X":-4,"Y":3},"Vision":1,"Owner":-1},{"Space":{"X":-3,"Y":3},"Vision":1,"Owner":-1},{"Space":{"X":-2,"Y":3},"Vision":1,"Owner":-1},{"Space":{"X":-1,"Y":3},"Vision":1,"Owner":-1},{"Space":{"X":0,"Y":3},"Vision":1,"Owner":-1},{"Space":{"X":1,"Y":3},"Vision":0,"Owner":-1},{"Space":{"X":-4,"Y":4},"Vision":1,"Owner":-1},{"Space":{"X":-3,"Y":4},"Vision":1,"Owner":-1},{"Space":{"X":-2,"Y":4},"Vision":1,"Owner":-1},{"Space":{"X":-1,"Y":4},"Vision":1,"Owner":-1},{"Space":{"X":0,"Y":4},"Vision":0,"Owner":-1}],"units":[{"InternalID":31,"UnitID":11,"Type":2,"Kind":1,"Location":{"Space":{"X":1,"Y":-4},"Zone":{"X":0,"Y":0}},"CurrentStamina":19,"CurrentOrder":null,"Builds":[],"GarrisonedIn":null,"Stance":3,"InterruptCurrent":false,"AttackBack":true,"TargetPriority":"","ActiveOrders":null,"Health":11,"MaxHealth":11},{"InternalID":54,"UnitID":12,"Type":2,"Kind":1,"Location":{"Space":{"X":-2,"Y":-1},"Zone":{"X":-1,"Y":1}},"CurrentStamina":12,"CurrentOrder":{"Kind":4,"TargetZone":null,"TargetSpace":{"X":-2,"Y":-1},"TargetResource":null,"TargetUnit":null,"TargetBuilding":null},"Builds":[],"GarrisonedIn":null,"Stance":3,"InterruptCurrent":false,"AttackBack":true,"TargetPriority":"","ActiveOrders":[{"ID":129,"Kind":4}],"Health":8.425,"MaxHealth":16},{"InternalID":55,"UnitID":13,"Type":2,"Kind":1,"Location":{"Space":{"X":-2,"Y":-1},"Zone":{"X":-1,"Y":1}},"CurrentStamina":8,"CurrentOrder":{"Kind":4,"TargetZone":null,"TargetSpace":{"X":-2,"Y":-1},"TargetResource":null,"TargetUnit":null,"TargetBuilding":null},"Builds":[],"GarrisonedIn":null,"Stance":3,"InterruptCurrent":false,"AttackBack":true,"TargetPriority":"","ActiveOrders":[{"ID":136,"Kind":4}],"Health":44.325,"MaxHealth":50},{"InternalID":56,"UnitID":13,"Type":2,"Kind":1,"Location":{"Space":{"X":-2,"Y":-1},"Zone":{"X":-1,"Y":1}},"CurrentStamina":8,"CurrentOrder":{"Kind":4,"TargetZone":null,"TargetSpace":{"X":-2,"Y":-1},"TargetResource":null,"TargetUnit":null,"TargetBuilding":null},"Builds":[],"GarrisonedIn":null,"Stance":3,"InterruptCurrent":false,"AttackBack":true,"TargetPriority":"","ActiveOrders":[{"ID":138,"Kind":4}],"Health":50,"MaxHealth":50},{"InternalID":57,"UnitID":13,"Type":2,"Kind":1,"Location":{"Space":{"X":-2,"Y":-1},"Zone":{"X":-1,"Y":1}},"CurrentStamina":8,"CurrentOrder":{"Kind":4,"TargetZone":null,"TargetSpace":{"X":-2,"Y":-1},"TargetResource":null,"TargetUnit":null,"TargetBuilding":null},"Builds":[],"GarrisonedIn":null,"Stance":3,"InterruptCurrent":false,"AttackBack":true,"TargetPriority":"","ActiveOrders":[{"ID":126,"Kind":4}],"Health":50,"MaxHealth":50},{"InternalID":58,"UnitID":13,"Type":2,"Kind":1,"Location":{"Space":{"X":-2,"Y":-1},"Zone":{"X":-1,"Y":1}},"CurrentStamina":8,"CurrentOrder":{"Kind":4,"TargetZone":null,"TargetSpace":{"X":-2,"Y":-1},"TargetResource":null,"TargetUnit":null,"TargetBuilding":null},"Builds":[],"GarrisonedIn":null,"Stance":3,"InterruptCurrent":false,"AttackBack":true,"TargetPriority":"","ActiveOrders":[{"ID":122,"Kind":4}],"Health":50,"MaxHealth":50},{"InternalID":59,"UnitID":13,"Type":2,"Kind":1,"Location":{"Space":{"X":-2,"Y":-1},"Zone":{"X":-1,"Y":1}},"CurrentStamina":8,"CurrentOrder":{"Kind":4,"TargetZone":null,"TargetSpace":{"X":-2,"Y":-1},"TargetResource":null,"TargetUnit":null,"TargetBuilding":null},"Builds":[],"GarrisonedIn":null,"Stance":3,"InterruptCurrent":false,"AttackBack":true,"TargetPriority":"","ActiveOrders":[{"ID":127,"Kind":4}],"Health":50,"MaxHealth":50},{"InternalID":60,"UnitID":13,"Type":2,"Kind":1,"Location":{"Space":{"X":-2,"Y":-1},"Zone":{"X":-1,"Y":1}},"CurrentStamina":8,"CurrentOrder":{"Kind":4,"TargetZone":null,"TargetSpace":{"X":-2,"Y":-1},"TargetResource":null,"TargetUnit":null,"TargetBuilding":null},"Builds":[],"GarrisonedIn":null,"Stance":3,"InterruptCurrent":false,"AttackBack":true,"TargetPriority":"","ActiveOrders":[{"ID":130,"Kind":4}],"Health":50,"MaxHealth":50}]}
2026/09/30 21:20:33 ai ai-0: new turn data {"buildings":[],"enemy_buildings":[],"enemy_units":[{"InternalID":54,"UnitID":12,"Type":2,"Kind":1,"Location":{"Space":{"X":-2,"Y":-1},"Zone":{"X":-1,"Y":1}},"CurrentStamina":12,"CurrentOrder":null,"Builds":[],"GarrisonedIn":null,"Stance":0,"InterruptCurrent":false,"AttackBack":false,"TargetPriority":"","ActiveOrders":null,"Health":8.425,"MaxHealth":16},{"InternalID":55,"UnitID":13,"Type":2,"Kind":1,"Location":{"Space":{"X":-2,"Y":-1},"Zone":{"X":-1,"Y":1}},"CurrentStamina":8,"CurrentOrder":null,"Builds":[],"GarrisonedIn":null,"Stance":0,"InterruptCurrent":false,"AttackBack":false,"TargetPriority":"","ActiveOrders":null,"Health":44.325,"MaxHealth":50},{"InternalID":56,"UnitID":13,"Type":2,"Kind":1,"Location":{"Space":{"X":-2,"Y":-1},"Zone":{"X":-1,"Y":1}},"CurrentStamina":8,"CurrentOrder":null,"Builds":[],"GarrisonedIn":null,"Stance":0,"InterruptCurrent":false,"AttackBack":false,"TargetPriority":"","ActiveOrders":null,"Health":50,"MaxHealth":50},{"InternalID":57,"UnitID":13,"Type":2,"Kind":1,"Location":{"Space":{"X":-2,"Y":-1},"Zone":{"X":-1,"Y":1}},"CurrentStamina":8,"CurrentOrder":null,"Builds":[],"GarrisonedIn":null,"Stance":0,"InterruptCurrent":false,"AttackBack":false,"TargetPriority":"","ActiveOrders":null,"Health":50,"MaxHealth":50},{"InternalID":58,"UnitID":13,"Type":2,"Kind":1,"Location":{"Space":{"X":-2,"Y":-1},"Zone":{"X":-1,"Y":1}},"CurrentStamina":8,"CurrentOrder":null,"Builds":[],"GarrisonedIn":null,"Stance":0,"InterruptCurrent":false,"AttackBack":false,"TargetPriority":"","ActiveOrders":null,"Health":50,"MaxHealth":50},{"InternalID":59,"UnitID":13,"Type":2,"Kind":1,"Location":{"Space":{"X":-2,"Y":-1},"Zone":{"X":-1,"Y":1}},"CurrentStamina":8,"CurrentOrder":null,"Builds":[],"GarrisonedIn":null,"Stance":0,"InterruptCurrent":false,"AttackBack":false,"TargetPriority":"","ActiveOrders":null,"Health":50,"MaxHealth":50},{"InternalID":60,"UnitID":13,"Type":2,"Kind":1,"Location":{"Space":{"X":-2,"Y":-1},"Zone":{"X":-1,"Y":1}},"CurrentStamina":8,"CurrentOrder":null,"Builds":[],"GarrisonedIn":null,"Stance":0,"InterruptCurrent":false,"AttackBack":false,"TargetPriority":"","ActiveOrders":null,"Health":50,"MaxHealth":50}],"foundations":[],"population":{"current":2,"limit":0},"resources":{"food":200,"gold":88,"stone":100,"wood":200},"spaces":[{"Space":{"X":0,"Y":-4},"Vision":1,"Owner":-1},{"Space":{"X":1,"Y":-4},"Vision":1,"Owner":-1},{"Space":{"X":2,"Y":-4},"Vision":0,"Owner":-1},{"Space":{"X":3,"Y":-4},"Vision":0,"Owner":-1},{"Space":{"X":4,"Y":-4},"Vision":0,"Owner":-1},{"Space":{"X":-1,"Y":-3},"Vision":1,"Owner":-1},{"Space":{"X":0,"Y":-3},"Vision":1,"Owner":-1},{"Space":{"X":1,"Y":-3},"Vision":1,"Owner":-1},{"Space":{"X":2,"Y":-3},"Vision":0,"Owner":-1},{"Space":{"X":3,"Y":-3},"Vision":0,"Owner":-1},{"Space":{"X":4,"Y":-3},"Vision":0,"Owner":-1},{"Space":{"X":-2,"Y":-2},"Vision":2,"Owner":-1},{"Space":{"X":-1,"Y":-2},"Vision":2,"Owner":-1},{"Space":{"X":0,"Y":-2},"Vision":1,"Owner":-1},{"Space":{"X":1,"Y":-2},"Vision":1,"Owner":-1},{"Space":{"X":2,"Y":-2},"Vision":1,"Owner":-1},{"Space":{"X":3,"Y":-2},"Vision":1,"Owner":-1},{"Space":{"X":4,"Y":-2},"Vision":0,"Owner":-1},{"Space":{"X":-3,"Y":-1},"Vision":2,"Owner":-1},{"Space":{"X":-2,"Y":-1},"Vision":3,"Owner":-1},{"Space":{"X":-1,"Y":-1},"Vision":2,"Owner":-1},{"Space":{"X":0,"Y":-1},"Vision":1,"Owner":-1},{"Space":{"X":1,"Y":-1},"Vision":1,"Owner":-1},{"Space":{"X":2,"Y":-1},"Vision":1,"Owner":-1},{"Space":{"X":3,"Y":-1},"Vision":1,"Owner":-1},{"Space":{"X":4,"Y":-1},"Vision":0,"Owner":-1},{"Space":{"X":-4,"Y":0},"Vision":1,"Owner":-1},{"Space":{"X":-3,"Y":0},"Vision":3,"Owner":-1},{"Space":{"X":-2,"Y":0},"Vision":2,"Owner":-1},{"Space":{"X":-1,"Y":0},"Vision":1,"Owner":-1},{"Space":{"X":0,"Y":0},"Vision":1,"Owner":-1},{"Space":{"X":1,"Y":0},"Vision":1,"Owner":-1},{"Space":{"X":2,"Y":0},"Vision":1,"Owner":-1},{"Space":{"X":3,"Y":0},"Vision":1,"Owner":-1},{"Space":{"X":4,"Y":0},"Vision":0,"Owner":-1},{"Space":{"X":-4,"Y":1},"Vision":1,"Owner":-1},{"Space":{"X":-3,"Y":1},"Vision":1,"Owner":-1},{"Space":{"X":-2,"Y":1},"Vision":1,"Owner":-1},{"Space":{"X":-1,"Y":1},"Vision":1,"Owner":-1},{"Space":{"X":0,"Y":1},"Vision":1,"Owner":-1},{"Space":{"X":1,"Y":1},"Vision":1,"Owner":-1},{"Space":{"X":2,"Y":1},"Vision":1,"Owner":-1},{"Space":{"X":3,"Y":1},"Vision":1,"Owner":-1},{"Space":{"X":-4,"Y":2},"Vision":1,"Owner":-1},{"Space":{"X":-3,"Y":2},"Vision":1,"Owner":-1},{"Space":{"X":-2,"Y":2},"Vision":1,"Owner":-1},{"Space":{"X":-1,"Y":2},"Vision":1,"Owner":-1},{"Space":{"X":0,"Y":2},"Vision":1,"Owner":-1},{"Space":{"X":1,"Y":2},"Vision":1,"Owner":-1},{"Space":{"X":2,"Y":2},"Vision":1,"Owner":-1},{"Space":{"X":-4,"Y":3},"Vision":1,"Owner":-1},{"Space":{"X":-3,"Y":3},"Vision":1,"Owner":-1},{"Space":{"X":-2,"Y":3},"Vision":1,"Owner":-1},{"Space":{"X":-1,"Y":3},"Vision":1,"Owner":-1},{"Space":{"X":0,"Y":3},"Vision":1,"Owner":-1},{"Space":{"X":1,"Y":3},"Vision":1,"Owner":-1},{"Space":{"X":-4,"Y":4},"Vision":1,"Owner":-1},{"Space":{"X":-3,"Y":4},"Vision":1,"Owner":-1},{"Space":{"X":-2,"Y":4},"Vision":1,"Owner":-1},{"Space":{"X":-1,"Y":4},"Vision":1,"Owner":-1},{"Space":{"X":0,"Y":4},"Vision":1,"Owner":-1}],"units":[{"InternalID":29,"UnitID":13,"Type":2,"Kind":1,"Location":{"Space":{"X":-2,"Y":-1},"Zone":{"X":-1,"Y":1}},"CurrentStamina":8,"CurrentOrder":{"Kind":6,"TargetZone":null,"TargetSpace":null,"TargetResource":null,"TargetUnit":null,"TargetBuilding":null},"Builds":[],"GarrisonedIn":null,"Stance":3,"InterruptCurrent":true,"AttackBack":true,"TargetPriority":"","ActiveOrders":[{"ID":541,"Kind":6}],"Health":21.17,"MaxHealth":50},{"InternalID":30,"UnitID":13,"Type":2,"Kind":1,"Location":{"Space":{"X":-2,"Y":-1},"Zone":{"X":-1,"Y":1}},"CurrentStamina":8,"CurrentOrder":{"Kind":4,"TargetZone":null,"TargetSpace":{"X":-2,"Y":-1},"TargetResource":null,"TargetUnit":null,"TargetBuilding":null},"Builds":[],"GarrisonedIn":null,"Stance":3,"InterruptCurrent":true,"AttackBack":true,"TargetPriority":"","ActiveOrders":[{"ID":536,"Kind":4}],"Health":50,"MaxHealth":50}]}
2026/09/30 21:20:33 ai ai-1: submitting orders [{Subjects:[31] OrderType:2 TargetID:5050 ClearPreviousOrders:true}]
2026/09/30 21:20:33 ai ai-1: vars {}
2026/09/30 21:20:33 player action: submit-orders 0 2 map[orders:[{1 [31] 2 5050 true}]]
2026/09/30 21:20:33 Executing submit orders for: 1 [{1 [31] 2 5050 true}]
2026/09/30 21:20:33 ai ai-0: submitting orders [{Subjects:[29] OrderType:9 TargetID:54 ClearPreviousOrders:true} {Subjects:[30] OrderType:9 TargetID:54 ClearPreviousOrders:true} {Subjects:[29] OrderType:9 TargetID:54 ClearPreviousOrders:true} {Subjects:[29] OrderType:9 TargetID:55 ClearPreviousOrders:false} {Subjects:[29] OrderType:9 TargetID:56 ClearPreviousOrders:false} {Subjects:[29] OrderType:9 TargetID:57 ClearPreviousOrders:false} {Subjects:[29] OrderType:9 TargetID:58 ClearPreviousOrders:false} {Subjects:[29] OrderType:9 TargetID:59 ClearPreviousOrders:false} {Subjects:[30] OrderType:9 TargetID:54 ClearPreviousOrders:true} {Subjects:[30] OrderType:9 TargetID:56 ClearPreviousOrders:false} {Subjects:[30] OrderType:9 TargetID:57 ClearPreviousOrders:false} {Subjects:[30] OrderType:9 TargetID:58 ClearPreviousOrders:false} {Subjects:[30] OrderType:9 TargetID:59 ClearPreviousOrders:false} {Subjects:[30] OrderType:9 TargetID:60 ClearPreviousOrders:false}]
2026/09/30 21:20:33 ai ai-0: vars {"B":0,"Hv":2,"Pi":0,"aPowLocal":0,"aThreat":0,"a_engaged":0,"a_odds":1.3,"a_outnumbered":0,"army_target":50,"army_value":360,"assault":0,"bank_rate":28,"bar_barracks":0.17072129748186085,"bar_redoubt":1.1111111111111112,"barracks":0,"barracks_B":0,"barracks_P":0,"barracks_save":0,"barracks_spend":78.1,"barracks_want":0,"buffer_food":70,"buffer_gold":0,"buffer_stone":0,"buffer_wood":70,"builders":0,"committed":0,"eB":10.899999999999995,"eGrowth":0,"eH":6,"eMil":23.699999999999996,"eP":6.800000000000001,"ePow":48.5,"ePowEst":46.06380380492801,"ePowSeen":46.06380380492801,"eTech":1,"eV":0,"es":24.699999999999996,"farm_want":0,"farm_wood_short":0,"farming":0,"fire_barracks":0,"fire_farm0":0,"fire_farm1":0,"fire_farm2":0,"fire_house":0,"fire_outpost":0,"fire_redoubt":0,"fire_smith":0,"fire_vc":0,"food_need":0,"food_over":0,"food_rate":0,"food_slots":1000,"food_workers":0,"free_room":48,"go":0,"gold_income":0,"gold_need":0,"gold_rate":0,"gold_surplus":88,"guaranteed":0,"guard_home":0,"headroom":-2,"hire_B":4738.461538461538,"hire_P":7446.153846153847,"homePow":0,"house_builders":0,"house_urgency":0,"house_want":0,"income_proj":0,"left":0,"lf_food":0,"lf_gold":0,"lf_stone":0,"lf_wood":0,"lump_food":0,"lump_gold":0,"lump_stone":0,"lump_wood":0,"maturity":0,"mil":2,"myTech":1,"n_barracks":0,"n_redoubts":0,"needB":35.24417683032064,"needP":12.755823169679362,"outpost_want":0,"pikes":0,"planned_food":0,"planned_gold":0,"planned_stone":0,"planned_wood":0,"prod_rate":0,"proj_army":360,"raid_danger":0,"raid_fails":0,"raid_lost":0,"raid_pause":0,"raid_prev":0,"raid_size":0,"raid_wiped":0,"rate":6,"redoubt_H":0,"redoubt_gold_ok":0.3911111111111111,"redoubt_save":0,"redoubt_spend":30,"redoubt_want":0,"redoubts":0,"rf_food":0,"rf_gold":0,"rf_stone":0,"rf_wood":0,"sB4":1.2543955940965428,"sP4":0.4539997759106356,"scale_l":0,"scale_r":0,"shareH":0.5044549763033176,"smith_want":0,"smiths":0,"spare":0,"spare_food":0.5,"stone_need":0,"stone_rate":0,"tH":50,"target_spend":400,"tech_food":50,"tech_gold":0,"tech_stone":0,"tech_wood":50,"threat_home":0,"turns_left":-20,"u_barracks":0.17766018775297193,"u_redoubt":0.4708246445497631,"unit_spend":120,"vB":1.0582995951417002,"vH":1.0773279352226721,"vP":0.8208502024291499,"vc_want":0,"vcs":0,"vil_goal":50,"vil_rate":0,"vil_stamina":8,"vil_want":0,"vil_want_last":0,"vil_worth_now":0.6,"vils":0,"w_food":0,"w_gold":0,"w_stone":0,"w_wood":0,"wild_workers":0,"wood_need":0,"wood_rate":0,"workers":0}
2026/09/30 21:20:33 player action: set-unit-behavior 0 1 map[internal_ids:[29 30] interrupt_current:false]
2026/09/30 21:20:33 player action: submit-orders 0 1 map[orders:[{0 [29] 9 54 true} {0 [30] 9 54 true} {0 [29] 9 54 true} {0 [29] 9 55 false} {0 [29] 9 56 false} {0 [29] 9 57 false} {0 [29] 9 58 false} {0 [29] 9 59 false} {0 [30] 9 54 true} {0 [30] 9 56 false} {0 [30] 9 57 false} {0 [30] 9 58 false} {0 [30] 9 59 false} {0 [30] 9 60 false}]]
2026/09/30 21:20:33 Executing submit orders for: 0 [{0 [29] 9 54 true} {0 [30] 9 54 true} {0 [29] 9 54 true} {0 [29] 9 55 false} {0 [29] 9 56 false} {0 [29] 9 57 false} {0 [29] 9 58 false} {0 [29] 9 59 false} {0 [30] 9 54 true} {0 [30] 9 56 false} {0 [30] 9 57 false} {0 [30] 9 58 false} {0 [30] 9 59 false} {0 [30] 9 60 false}]
2026/09/30 21:20:33 Resolving active orders
2026/09/30 21:20:33 combat turn=13 tick=1: 29 u13 (player 0, stamina 3) hits 54 u12 (player 1) for 4.54
2026/09/30 21:20:33 combat turn=13 tick=1: 30 u13 (player 0, stamina 3) hits 54 u12 (player 1) for 4.54
2026/09/30 21:20:33 combat turn=13 tick=1: 58 u13 (player 1, stamina 3) hits 29 u13 (player 0) for 3.41
2026/09/30 21:20:33 combat turn=13 tick=1: 57 u13 (player 1, stamina 3) hits 29 u13 (player 0) for 3.41
2026/09/30 21:20:33 combat turn=13 tick=1: 59 u13 (player 1, stamina 3) hits 29 u13 (player 0) for 3.41
2026/09/30 21:20:33 Moving unit 31 Blunt Infantry to zone(1, 0) in space (1, -4) tick=1
2026/09/30 21:20:33 combat turn=13 tick=1: 54 u12 (player 1, stamina 3) hits 29 u13 (player 0) for 2.10
2026/09/30 21:20:33 combat turn=13 tick=1: 60 u13 (player 1, stamina 3) hits 29 u13 (player 0) for 3.41
2026/09/30 21:20:33 combat turn=13 tick=1: 55 u13 (player 1, stamina 3) hits 29 u13 (player 0) for 3.41
2026/09/30 21:20:33 combat turn=13 tick=1: 56 u13 (player 1, stamina 3) hits 29 u13 (player 0) for 3.41
2026/09/30 21:20:33 state_hash turn=13 tick=1 hash=c48160068f84da86
2026/09/30 21:20:33 combat turn=13 tick=2: 30 u13 (player 0, stamina 3) hits 56 u13 (player 1) for 3.41
2026/09/30 21:20:33 combat turn=13 tick=2: 58 u13 (player 1, stamina 3) hits 30 u13 (player 0) for 3.41
2026/09/30 21:20:33 combat turn=13 tick=2: 57 u13 (player 1, stamina 3) hits 30 u13 (player 0) for 3.41
2026/09/30 21:20:33 combat turn=13 tick=2: 59 u13 (player 1, stamina 3) hits 30 u13 (player 0) for 3.41
2026/09/30 21:20:33 Moving unit 31 Blunt Infantry to zone(-1, 0) in space (2, -4) tick=2
2026/09/30 21:20:33 combat turn=13 tick=2: 60 u13 (player 1, stamina 3) hits 30 u13 (player 0) for 3.41
2026/09/30 21:20:33 combat turn=13 tick=2: 55 u13 (player 1, stamina 3) hits 30 u13 (player 0) for 3.41
2026/09/30 21:20:33 combat turn=13 tick=2: 56 u13 (player 1, stamina 3) hits 30 u13 (player 0) for 3.41
2026/09/30 21:20:33 state_hash turn=13 tick=2 hash=ef1623fd625c2ffe
2026/09/30 21:20:33 combat turn=13 tick=3: 30 u13 (player 0, stamina 2) hits 56 u13 (player 1) for 2.27
2026/09/30 21:20:33 combat turn=13 tick=3: 55 u13 (player 1, stamina 2) hits 30 u13 (player 0) for 2.27
2026/09/30 21:20:33 combat turn=13 tick=3: 56 u13 (player 1, stamina 2) hits 30 u13 (player 0) for 2.27
2026/09/30 21:20:33 combat turn=13 tick=3: 58 u13 (player 1, stamina 2) hits 30 u13 (player 0) for 2.27
2026/09/30 21:20:33 combat turn=13 tick=3: 57 u13 (player 1, stamina 2) hits 30 u13 (player 0) for 2.27
2026/09/30 21:20:33 combat turn=13 tick=3: 59 u13 (player 1, stamina 2) hits 30 u13 (player 0) for 2.27
2026/09/30 21:20:33 Moving unit 31 Blunt Infantry to zone(0, 0) in space (2, -4) tick=3
2026/09/30 21:20:33 combat turn=13 tick=3: 60 u13 (player 1, stamina 2) hits 30 u13 (player 0) for 2.27
2026/09/30 21:20:33 state_hash turn=13 tick=3 hash=6ed568cef5c4d4c1
2026/09/30 21:20:33 Moving unit 31 Blunt Infantry to zone(0, 1) in space (2, -4) tick=4
2026/09/30 21:20:33 state_hash turn=13 tick=4 hash=148982b45b2a863c
2026/09/30 21:20:33 Moving unit 31 Blunt Infantry to zone(0, -1) in space (2, -3) tick=5
2026/09/30 21:20:33 state_hash turn=13 tick=5 hash=5af9c5378c471cfd
2026/09/30 21:20:33 Moving unit 31 Blunt Infantry to zone(0, 0) in space (2, -3) tick=6
2026/09/30 21:20:33 state_hash turn=13 tick=6 hash=879bf094a3cc28d3
2026/09/30 21:20:33 state_hash turn=13 tick=end hash=4d01278fd4f338a2
2026/09/30 21:20:33 ai ai-0: new turn data {"buildings":[],"enemy_buildings":[],"enemy_units":[{"InternalID":55,"UnitID":13,"Type":2,"Kind":1,"Location":{"Space":{"X":-2,"Y":-1},"Zone":{"X":-1,"Y":1}},"CurrentStamina":8,"CurrentOrder":null,"Builds":[],"GarrisonedIn":null,"Stance":0,"InterruptCurrent":false,"AttackBack":false,"TargetPriority":"","ActiveOrders":null,"Health":44.325,"MaxHealth":50},{"InternalID":56,"UnitID":13,"Type":2,"Kind":1,"Location":{"Space":{"X":-2,"Y":-1},"Zone":{"X":-1,"Y":1}},"CurrentStamina":8,"CurrentOrder":null,"Builds":[],"GarrisonedIn":null,"Stance":0,"InterruptCurrent":false,"AttackBack":false,"TargetPriority":"","ActiveOrders":null,"Health":44.325,"MaxHealth":50},{"InternalID":57,"UnitID":13,"Type":2,"Kind":1,"Location":{"Space":{"X":-2,"Y":-1},"Zone":{"X":-1,"Y":1}},"CurrentStamina":8,"CurrentOrder":null,"Builds":[],"GarrisonedIn":null,"Stance":0,"InterruptCurrent":false,"AttackBack":false,"TargetPriority":"","ActiveOrders":null,"Health":50,"MaxHealth":50},{"InternalID":58,"UnitID":13,"Type":2,"Kind":1,"Location":{"Space":{"X":-2,"Y":-1},"Zone":{"X":-1,"Y":1}},"CurrentStamina":8,"CurrentOrder":null,"Builds":[],"GarrisonedIn":null,"Stance":0,"InterruptCurrent":false,"AttackBack":false,"TargetPriority":"","ActiveOrders":null,"Health":50,"MaxHealth":50},{"InternalID":59,"UnitID":13,"Type":2,"Kind":1,"Location":{"Space":{"X":-2,"Y":-1},"Zone":{"X":-1,"Y":1}},"CurrentStamina":8,"CurrentOrder":null,"Builds":[],"GarrisonedIn":null,"Stance":0,"InterruptCurrent":false,"AttackBack":false,"TargetPriority":"","ActiveOrders":null,"Health":50,"MaxHealth":50},{"InternalID":60,"UnitID":13,"Type":2,"Kind":1,"Location":{"Space":{"X":-2,"Y":-1},"Zone":{"X":-1,"Y":1}},"CurrentStamina":8,"CurrentOrder":null,"Builds":[],"GarrisonedIn":null,"Stance":0,"InterruptCurrent":false,"AttackBack":false,"TargetPriority":"","ActiveOrders":null,"Health":50,"MaxHealth":50}],"foundations":[],"population":{"current":1,"limit":0},"resources":{"food":200,"gold":88,"stone":100,"wood":200},"spaces":[{"Space":{"X":0,"Y":-4},"Vision":1,"Owner":-1},{"Space":{"X":1,"Y":-4},"Vision":1,"Owner":-1},{"Space":{"X":2,"Y":-4},"Vision":0,"Owner":-1},{"Space":{"X":3,"Y":-4},"Vision":0,"Owner":-1},{"Space":{"X":4,"Y":-4},"Vision":0,"Owner":-1},{"Space":{"X":-1,"Y":-3},"Vision":1,"Owner":-1},{"Space":{"X":0,"Y":-3},"Vision":1,"Owner":-1},{"Space":{"X":1,"Y":-3},"Vision":1,"Owner":-1},{"Space":{"X":2,"Y":-3},"Vision":0,"Owner":-1},{"Space":{"X":3,"Y":-3},"Vision":0,"Owner":-1},{"Space":{"X":4,"Y":-3},"Vision":0,"Owner":-1},{"Space":{"X":-2,"Y":-2},"Vision":2,"Owner":-1},{"Space":{"X":-1,"Y":-2},"Vision":2,"Owner":-1},{"Space":{"X":0,"Y":-2},"Vision":1,"Owner":-1},{"Space":{"X":1,"Y":-2},"Vision":1,"Owner":-1},{"Space":{"X":2,"Y":-2},"Vision":1,"Owner":-1},{"Space":{"X":3,"Y":-2},"Vision":1,"Owner":-1},{"Space":{"X":4,"Y":-2},"Vision":0,"Owner":-1},{"Space":{"X":-3,"Y":-1},"Vision":2,"Owner":-1},{"Space":{"X":-2,"Y":-1},"Vision":3,"Owner":-1},{"Space":{"X":-1,"Y":-1},"Vision":2,"Owner":-1},{"Space":{"X":0,"Y":-1},"Vision":1,"Owner":-1},{"Space":{"X":1,"Y":-1},"Vision":1,"Owner":-1},{"Space":{"X":2,"Y":-1},"Vision":1,"Owner":-1},{"Space":{"X":3,"Y":-1},"Vision":1,"Owner":-1},{"Space":{"X":4,"Y":-1},"Vision":0,"Owner":-1},{"Space":{"X":-4,"Y":0},"Vision":1,"Owner":-1},{"Space":{"X":-3,"Y":0},"Vision":3,"Owner":-1},{"Space":{"X":-2,"Y":0},"Vision":2,"Owner":-1},{"Space":{"X":-1,"Y":0},"Vision":1,"Owner":-1},{"Space":{"X":0,"Y":0},"Vision":1,"Owner":-1},{"Space":{"X":1,"Y":0},"Vision":1,"Owner":-1},{"Space":{"X":2,"Y":0},"Vision":1,"Owner":-1},{"Space":{"X":3,"Y":0},"Vision":1,"Owner":-1},{"Space":{"X":4,"Y":0},"Vision":0,"Owner":-1},{"Space":{"X":-4,"Y":1},"Vision":1,"Owner":-1},{"Space":{"X":-3,"Y":1},"Vision":1,"Owner":-1},{"Space":{"X":-2,"Y":1},"Vision":1,"Owner":-1},{"Space":{"X":-1,"Y":1},"Vision":1,"Owner":-1},{"Space":{"X":0,"Y":1},"Vision":1,"Owner":-1},{"Space":{"X":1,"Y":1},"Vision":1,"Owner":-1},{"Space":{"X":2,"Y":1},"Vision":1,"Owner":-1},{"Space":{"X":3,"Y":1},"Vision":1,"Owner":-1},{"Space":{"X":-4,"Y":2},"Vision":1,"Owner":-1},{"Space":{"X":-3,"Y":2},"Vision":1,"Owner":-1},{"Space":{"X":-2,"Y":2},"Vision":1,"Owner":-1},{"Space":{"X":-1,"Y":2},"Vision":1,"Owner":-1},{"Space":{"X":0,"Y":2},"Vision":1,"Owner":-1},{"Space":{"X":1,"Y":2},"Vision":1,"Owner":-1},{"Space":{"X":2,"Y":2},"Vision":1,"Owner":-1},{"Space":{"X":-4,"Y":3},"Vision":1,"Owner":-1},{"Space":{"X":-3,"Y":3},"Vision":1,"Owner":-1},{"Space":{"X":-2,"Y":3},"Vision":1,"Owner":-1},{"Space":{"X":-1,"Y":3},"Vision":1,"Owner":-1},{"Space":{"X":0,"Y":3},"Vision":1,"Owner":-1},{"Space":{"X":1,"Y":3},"Vision":1,"Owner":-1},{"Space":{"X":-4,"Y":4},"Vision":1,"Owner":-1},{"Space":{"X":-3,"Y":4},"Vision":1,"Owner":-1},{"Space":{"X":-2,"Y":4},"Vision":1,"Owner":-1},{"Space":{"X":-1,"Y":4},"Vision":1,"Owner":-1},{"Space":{"X":0,"Y":4},"Vision":1,"Owner":-1}],"units":[{"InternalID":30,"UnitID":13,"Type":2,"Kind":1,"Location":{"Space":{"X":-2,"Y":-1},"Zone":{"X":-1,"Y":1}},"CurrentStamina":8,"CurrentOrder":{"Kind":6,"TargetZone":null,"TargetSpace":null,"TargetResource":null,"TargetUnit":{"InternalID":56,"UnitID":13,"Type":2,"Kind":1,"Location":{"Space":{"X":-2,"Y":-1},"Zone":{"X":-1,"Y":1}},"CurrentStamina":8,"CurrentOrder":null,"Builds":[],"GarrisonedIn":null,"Stance":0,"InterruptCurrent":false,"AttackBack":false,"TargetPriority":"","ActiveOrders":null,"Health":44.325,"MaxHealth":50},"TargetBuilding":null},"Builds":[],"GarrisonedIn":null,"Stance":3,"InterruptCurrent":false,"AttackBack":true,"TargetPriority":"","ActiveOrders":[{"ID":552,"Kind":6},{"ID":553,"Kind":6},{"ID":554,"Kind":6},{"ID":555,"Kind":6},{"ID":556,"Kind":6}],"Health":15.95,"MaxHealth":50}]}
2026/09/30 21:20:33 ai ai-1: new turn data {"buildings":[],"enemy_buildings":[],"enemy_units":[{"InternalID":30,"UnitID":13,"Type":2,"Kind":1,"Location":{"Space":{"X":-2,"Y":-1},"Zone":{"X":-1,"Y":1}},"CurrentStamina":8,"CurrentOrder":null,"Builds":[],"GarrisonedIn":null,"Stance":0,"InterruptCurrent":false,"AttackBack":false,"TargetPriority":"","ActiveOrders":null,"Health":15.95,"MaxHealth":50}],"foundations":[],"population":{"current":7,"limit":0},"resources":{"food":200,"gold":36,"stone":100,"wood":200},"spaces":[{"Space":{"X":0,"Y":-4},"Vision":1,"Owner":-1},{"Space":{"X":1,"Y":-4},"Vision":1,"Owner":-1},{"Space":{"X":2,"Y":-4},"Vision":2,"Owner":-1},{"Space":{"X":3,"Y":-4},"Vision":2,"Owner":-1},{"Space":{"X":4,"Y":-4},"Vision":0,"Owner":-1},{"Space":{"X":-1,"Y":-3},"Vision":1,"Owner":-1},{"Space":{"X":0,"Y":-3},"Vision":1,"Owner":-1},{"Space":{"X":1,"Y":-3},"Vision":2,"Owner":-1},{"Space":{"X":2,"Y":-3},"Vision":3,"Owner":1},{"Space":{"X":3,"Y":-3},"Vision":2,"Owner":-1},{"Space":{"X":4,"Y":-3},"Vision":0,"Owner":-1},{"Space":{"X":-2,"Y":-2},"Vision":2,"Owner":-1},{"Space":{"X":-1,"Y":-2},"Vision":2,"Owner":-1},{"Space":{"X":0,"Y":-2},"Vision":1,"Owner":-1},{"Space":{"X":1,"Y":-2},"Vision":2,"Owner":-1},{"Space":{"X":2,"Y":-2},"Vision":2,"Owner":-1},{"Space":{"X":3,"Y":-2},"Vision":0,"Owner":-1},{"Space":{"X":4,"Y":-2},"Vision":0,"Owner":-1},{"Space":{"X":-3,"Y":-1},"Vision":2,"Owner":-1},{"Space":{"X":-2,"Y":-1},"Vision":3,"Owner":-1},{"Space":{"X":-1,"Y":-1},"Vision":2,"Owner":-1},{"Space":{"X":0,"Y":-1},"Vision":1,"Owner":-1},{"Space":{"X":1,"Y":-1},"Vision":1,"Owner":-1},{"Space":{"X":2,"Y":-1},"Vision":0,"Owner":-1},{"Space":{"X":3,"Y":-1},"Vision":0,"Owner":-1},{"Space":{"X":4,"Y":-1},"Vision":0,"Owner":-1},{"Space":{"X":-4,"Y":0},"Vision":1,"Owner":-1},{"Space":{"X":-3,"Y":0},"Vision":3,"Owner":-1},{"Space":{"X":-2,"Y":0},"Vision":2,"Owner":-1},{"Space":{"X":-1,"Y":0},"Vision":1,"Owner":-1},{"Space":{"X":0,"Y":0},"Vision":1,"Owner":-1},{"Space":{"X":1,"Y":0},"Vision":1,"Owner":-1},{"Space":{"X":2,"Y":0},"Vision":0,"Owner":-1},{"Space":{"X":3,"Y":0},"Vision":0,"Owner":-1},{"Space":{"X":4,"Y":0},"Vision":0,"Owner":-1},{"Space":{"X":-4,"Y":1},"Vision":1,"Owner":0},{"Space":{"X":-3,"Y":1},"Vision":1,"Owner":0},{"Space":{"X":-2,"Y":1},"Vision":1,"Owner":-1},{"Space":{"X":-1,"Y":1},"Vision":1,"Owner":-1},{"Space":{"X":0,"Y":1},"Vision":1,"Owner":-1},{"Space":{"X":1,"Y":1},"Vision":1,"Owner":-1},{"Space":{"X":2,"Y":1},"Vision":0,"Owner":-1},{"Space":{"X":3,"Y":1},"Vision":0,"Owner":-1},{"Space":{"X":-4,"Y":2},"Vision":1,"Owner":0},{"Space":{"X":-3,"Y":2},"Vision":1,"Owner":-1},{"Space":{"X":-2,"Y":2},"Vision":1,"Owner":-1},{"Space":{"X":-1,"Y":2},"Vision":1,"Owner":-1},{"Space":{"X":0,"Y":2},"Vision":1,"Owner":-1},{"Space":{"X":1,"Y":2},"Vision":1,"Owner":-1},{"Space":{"X":2,"Y":2},"Vision":0,"Owner":-1},{"Space":{"X":-4,"Y":3},"Vision":1,"Owner":-1},{"Space":{"X":-3,"Y":3},"Vision":1,"Owner":-1},{"Space":{"X":-2,"Y":3},"Vision":1,"Owner":-1},{"Space":{"X":-1,"Y":3},"Vision":1,"Owner":-1},{"Space":{"X":0,"Y":3},"Vision":1,"Owner":-1},{"Space":{"X":1,"Y":3},"Vision":0,"Owner":-1},{"Space":{"X":-4,"Y":4},"Vision":1,"Owner":-1},{"Space":{"X":-3,"Y":4},"Vision":1,"Owner":-1},{"Space":{"X":-2,"Y":4},"Vision":1,"Owner":-1},{"Space":{"X":-1,"Y":4},"Vision":1,"Owner":-1},{"Space":{"X":0,"Y":4},"Vision":0,"Owner":-1}],"units":[{"InternalID":31,"UnitID":11,"Type":2,"Kind":1,"Location":{"Space":{"X":2,"Y":-3},"Zone":{"X":0,"Y":0}},"CurrentStamina":18,"CurrentOrder":null,"Builds":[],"GarrisonedIn":null,"Stance":3,"InterruptCurrent":false,"AttackBack":true,"TargetPriority":"","ActiveOrders":null,"Health":11,"MaxHealth":11},{"InternalID":55,"UnitID":13,"Type":2,"Kind":1,"Location":{"Space":{"X":-2,"Y":-1},"Zone":{"X":-1,"Y":1}},"CurrentStamina":8,"CurrentOrder":{"Kind":4,"TargetZone":null,"TargetSpace":{"X":-2,"Y":-1},"TargetResource":null,"TargetUnit":null,"TargetBuilding":null},"Builds":[],"GarrisonedIn":null,"Stance":3,"InterruptCurrent":false,"AttackBack":true,"TargetPriority":"","ActiveOrders":[{"ID":136,"Kind":4}],"Health":44.325,"MaxHealth":50},{"InternalID":56,"UnitID":13,"Type":2,"Kind":1,"Location":{"Space":{"X":-2,"Y":-1},"Zone":{"X":-1,"Y":1}},"CurrentStamina":8,"CurrentOrder":{"Kind":4,"TargetZone":null,"TargetSpace":{"X":-2,"Y":-1},"TargetResource":null,"TargetUnit":null,"TargetBuilding":null},"Builds":[],"GarrisonedIn":null,"Stance":3,"InterruptCurrent":false,"AttackBack":true,"TargetPriority":"","ActiveOrders":[{"ID":138,"Kind":4}],"Health":44.325,"MaxHealth":50},{"InternalID":57,"UnitID":13,"Type":2,"Kind":1,"Location":{"Space":{"X":-2,"Y":-1},"Zone":{"X":-1,"Y":1}},"CurrentStamina":8,"CurrentOrder":{"Kind":4,"TargetZone":null,"TargetSpace":{"X":-2,"Y":-1},"TargetResource":null,"TargetUnit":null,"TargetBuilding":null},"Builds":[],"GarrisonedIn":null,"Stance":3,"InterruptCurrent":false,"AttackBack":true,"TargetPriority":"","ActiveOrders":[{"ID":126,"Kind":4}],"Health":50,"MaxHealth":50},{"InternalID":58,"UnitID":13,"Type":2,"Kind":1,"Location":{"Space":{"X":-2,"Y":-1},"Zone":{"X":-1,"Y":1}},"CurrentStamina":8,"CurrentOrder":{"Kind":4,"TargetZone":null,"TargetSpace":{"X":-2,"Y":-1},"TargetResource":null,"TargetUnit":null,"TargetBuilding":null},"Builds":[],"GarrisonedIn":null,"Stance":3,"InterruptCurrent":false,"AttackBack":true,"TargetPriority":"","ActiveOrders":[{"ID":122,"Kind":4}],"Health":50,"MaxHealth":50},{"InternalID":59,"UnitID":13,"Type":2,"Kind":1,"Location":{"Space":{"X":-2,"Y":-1},"Zone":{"X":-1,"Y":1}},"CurrentStamina":8,"CurrentOrder":{"Kind":4,"TargetZone":null,"TargetSpace":{"X":-2,"Y":-1},"TargetResource":null,"TargetUnit":null,"TargetBuilding":null},"Builds":[],"GarrisonedIn":null,"Stance":3,"InterruptCurrent":false,"AttackBack":true,"TargetPriority":"","ActiveOrders":[{"ID":127,"Kind":4}],"Health":50,"MaxHealth":50},{"InternalID":60,"UnitID":13,"Type":2,"Kind":1,"Location":{"Space":{"X":-2,"Y":-1},"Zone":{"X":-1,"Y":1}},"CurrentStamina":8,"CurrentOrder":{"Kind":4,"TargetZone":null,"TargetSpace":{"X":-2,"Y":-1},"TargetResource":null,"TargetUnit":null,"TargetBuilding":null},"Builds":[],"GarrisonedIn":null,"Stance":3,"InterruptCurrent":false,"AttackBack":true,"TargetPriority":"","ActiveOrders":[{"ID":130,"Kind":4}],"Health":50,"MaxHealth":50}]}
2026/09/30 21:20:33 ai ai-1: submitting orders [{Subjects:[31] OrderType:2 TargetID:528 ClearPreviousOrders:true}]
2026/09/30 21:20:33 ai ai-1: vars {}
2026/09/30 21:20:33 player action: submit-orders 0 2 map[orders:[{1 [31] 2 528 true}]]
2026/09/30 21:20:33 Executing submit orders for: 1 [{1 [31] 2 528 true}]
2026/09/30 21:20:33 ai ai-0: submitting orders [{Subjects:[30] OrderType:9 TargetID:55 ClearPreviousOrders:true} {Subjects:[30] OrderType:9 TargetID:55 ClearPreviousOrders:true} {Subjects:[30] OrderType:9 TargetID:56 ClearPreviousOrders:false} {Subjects:[30] OrderType:9 TargetID:57 ClearPreviousOrders:false} {Subjects:[30] OrderType:9 TargetID:58 ClearPreviousOrders:false} {Subjects:[30] OrderType:9 TargetID:59 ClearPreviousOrders:false} {Subjects:[30] OrderType:9 TargetID:60 ClearPreviousOrders:false}]
2026/09/30 21:20:33 ai ai-0: vars {"B":0,"Hv":1,"Pi":0,"aPowLocal":0,"aThreat":0,"a_engaged":0,"a_odds":1.3,"a_outnumbered":0,"army_target":50,"army_value":180,"assault":0,"bank_rate":28,"bar_barracks":0.17072129748186085,"bar_redoubt":1.1111111111111112,"barracks":0,"barracks_B":0,"barracks_P":0,"barracks_save":0,"barracks_spend":78.1,"barracks_want":0,"buffer_food":70,"buffer_gold":0,"buffer_stone":0,"buffer_wood":70,"builders":0,"committed":0,"eB":10.599999999999994,"eGrowth":0,"eH":6,"eMil":23.099999999999994,"eP":6.500000000000001,"ePow":47.599999999999994,"ePowEst":45.14252772882945,"ePowSeen":45.14252772882945,"eTech":1,"eV":0,"es":24.099999999999994,"farm_want":0,"farm_wood_short":0,"farming":0,"fire_barracks":0,"fire_farm0":0,"fire_farm1":0,"fire_farm2":0,"fire_house":0,"fire_outpost":0,"fire_redoubt":0,"fire_smith":0,"fire_vc":0,"food_need":0,"food_over":0,"food_rate":0,"food_slots":1000,"food_workers":0,"free_room":49,"go":0,"gold_income":0,"gold_need":0,"gold_rate":0,"gold_surplus":88,"guaranteed":0,"guard_home":0,"headroom":-1,"hire_B":4738.461538461538,"hire_P":7446.153846153847,"homePow":0,"house_builders":0,"house_urgency":0,"house_want":0,"income_proj":0,"left":0,"lf_food":0,"lf_gold":0,"lf_stone":0,"lf_wood":0,"lump_food":0,"lump_gold":0,"lump_stone":0,"lump_wood":0,"maturity":0,"mil":1,"myTech":1,"n_barracks":0,"n_redoubts":0,"needB":35.95869228348332,"needP":13.041307716516673,"outpost_want":0,"pikes":0,"planned_food":0,"planned_gold":0,"planned_stone":0,"planned_wood":0,"prod_rate":0,"proj_army":180,"raid_danger":0,"raid_fails":0,"raid_lost":0,"raid_pause":0,"raid_prev":0,"raid_size":0,"raid_wiped":0,"rate":6,"redoubt_H":0,"redoubt_gold_ok":0.3911111111111111,"redoubt_save":0,"redoubt_spend":30,"redoubt_want":0,"redoubts":0,"rf_food":0,"rf_gold":0,"rf_stone":0,"rf_wood":0,"sB4":1.2436064801643163,"sP4":0.451024599510435,"scale_l":0,"scale_r":0,"shareH":0.5051526346490375,"smith_want":0,"smiths":0,"spare":0,"spare_food":0.5,"stone_need":0,"stone_rate":0,"tH":50,"target_spend":400,"tech_food":50,"tech_gold":0,"tech_stone":0,"tech_wood":50,"threat_home":0,"turns_left":-10,"u_barracks":0.1774100669632132,"u_redoubt":0.47147579233910164,"unit_spend":120,"vB":1.0560165975103735,"vH":1.0780082987551867,"vP":0.8195020746887968,"vc_want":0,"vcs":0,"vil_goal":50,"vil_rate":0,"vil_stamina":8,"vil_want":0,"vil_want_last":0,"vil_worth_now":0.6,"vils":0,"w_food":0,"w_gold":0,"w_stone":0,"w_wood":0,"wild_workers":0,"wood_need":0,"wood_rate":0,"workers":0}
2026/09/30 21:20:33 player action: set-unit-behavior 0 1 map[internal_ids:[30] interrupt_current:true]
2026/09/30 21:20:33 player action: submit-orders 0 1 map[orders:[{0 [30] 9 55 true} {0 [30] 9 55 true} {0 [30] 9 56 false} {0 [30] 9 57 false} {0 [30] 9 58 false} {0 [30] 9 59 false} {0 [30] 9 60 false}]]
2026/09/30 21:20:33 Executing submit orders for: 0 [{0 [30] 9 55 true} {0 [30] 9 55 true} {0 [30] 9 56 false} {0 [30] 9 57 false} {0 [30] 9 58 false} {0 [30] 9 59 false} {0 [30] 9 60 false}]
2026/09/30 21:20:33 Resolving active orders
2026/09/30 21:20:33 combat turn=14 tick=1: 30 u13 (player 0, stamina 3) hits 55 u13 (player 1) for 3.41
2026/09/30 21:20:33 combat turn=14 tick=1: 58 u13 (player 1, stamina 3) hits 30 u13 (player 0) for 3.41
2026/09/30 21:20:33 combat turn=14 tick=1: 57 u13 (player 1, stamina 3) hits 30 u13 (player 0) for 3.41
2026/09/30 21:20:33 combat turn=14 tick=1: 59 u13 (player 1, stamina 3) hits 30 u13 (player 0) for 3.41
2026/09/30 21:20:33 Moving unit 31 Blunt Infantry to zone(0, 1) in space (2, -3) tick=1
2026/09/30 21:20:33 combat turn=14 tick=1: 60 u13 (player 1, stamina 3) hits 30 u13 (player 0) for 3.41
2026/09/30 21:20:33 combat turn=14 tick=1: 55 u13 (player 1, stamina 3) hits 30 u13 (player 0) for 3.41
2026/09/30 21:20:33 combat turn=14 tick=1: 56 u13 (player 1, stamina 3) hits 30 u13 (player 0) for 3.41
2026/09/30 21:20:33 state_hash turn=14 tick=1 hash=212eb5ade0aa9344
2026/09/30 21:20:33 Moving unit 31 Blunt Infantry to zone(0, -1) in space (2, -2) tick=2
2026/09/30 21:20:33 state_hash turn=14 tick=2 hash=1a715d217762d646
2026/09/30 21:20:33 Moving unit 31 Blunt Infantry to zone(0, 0) in space (2, -2) tick=3
2026/09/30 21:20:33 state_hash turn=14 tick=3 hash=be33543ec68a411b
2026/09/30 21:20:33 Moving unit 31 Blunt Infantry to zone(0, 1) in space (2, -2) tick=4
2026/09/30 21:20:33 state_hash turn=14 tick=4 hash=96c8bb6f0aa2e8fa
2026/09/30 21:20:33 Moving unit 31 Blunt Infantry to zone(0, -1) in space (2, -1) tick=5
2026/09/30 21:20:33 state_hash turn=14 tick=5 hash=012c4a264f34502f
2026/09/30 21:20:33 Moving unit 31 Blunt Infantry to zone(0, 0) in space (2, -1) tick=6
2026/09/30 21:20:33 state_hash turn=14 tick=6 hash=a4a39cf393c41bd2
2026/09/30 21:20:33 state_hash turn=14 tick=end hash=80ec29ce1b031edc
