2026/09/30 21:20:38 board: space (0,-4) terrain_id=1
2026/09/30 21:20:38 board: space (1,-4) terrain_id=2
2026/09/30 21:20:38 board: space (2,-4) terrain_id=1
2026/09/30 21:20:38 board:   zone (0,-1) key=11329 resource_id=33 category=2 amount=1600
2026/09/30 21:20:38 board:   zone (-1,0) key=11028 resource_id=43 category=3 amount=400
2026/09/30 21:20:38 board:   zone (-1,1) key=13219 resource_id=2 category=1 amount=150
2026/09/30 21:20:38 board: space (3,-4) terrain_id=1
2026/09/30 21:20:38 board:   zone (0,-1) key=20104 resource_id=1 category=1 amount=250
2026/09/30 21:20:38 board:   zone (1,-1) key=22169 resource_id=25 category=2 amount=350
2026/09/30 21:20:38 board:   zone (1,0) key=20509 resource_id=42 category=3 amount=250
2026/09/30 21:20:38 board: space (4,-4) terrain_id=52
2026/09/30 21:20:38 board: space (-1,-3) terrain_id=10
2026/09/30 21:20:38 board: space (0,-3) terrain_id=9
2026/09/30 21:20:38 board: space (1,-3) terrain_id=1
2026/09/30 21:20:38 board:   zone (0,-1) key=2489 resource_id=26 category=2 amount=450
2026/09/30 21:20:38 board:   zone (0,1) key=2936 resource_id=34 category=2 amount=2000
2026/09/30 21:20:38 board: space (2,-3) terrain_id=1
2026/09/30 21:20:38 board:   zone (1,-1) key=6569 resource_id=23 category=2 amount=400
2026/09/30 21:20:38 board:   zone (-1,0) key=5255 resource_id=1 category=1 amount=250
2026/09/30 21:20:38 board:   zone (1,0) key=5677 resource_id=2 category=1 amount=150
2026/09/30 21:20:38 board:   zone (-1,1) key=6802 resource_id=21 category=2 amount=500
2026/09/30 21:20:38 board:   zone (0,1) key=6115 resource_id=41 category=3 amount=100
2026/09/30 21:20:38 board: space (3,-3) terrain_id=1
2026/09/30 21:20:38 board:   zone (1,-1) key=12260 resource_id=31 category=2 amount=2000
2026/09/30 21:20:38 board: space (4,-3) terrain_id=51
2026/09/30 21:20:38 board:   zone (-1,0) key=18917 resource_id=2 category=1 amount=150
2026/09/30 21:20:38 board:   zone (1,0) key=19707 resource_id=35 category=2 amount=1400
2026/09/30 21:20:38 board:   zone (-1,1) key=21752 resource_id=31 category=2 amount=2000
2026/09/30 21:20:38 board:   zone (0,1) key=20513 resource_id=24 category=2 amount=500
2026/09/30 21:20:38 board: space (-2,-2) terrain_id=1
2026/09/30 21:20:38 board:   zone (1,-1) key=1967 resource_id=21 category=2 amount=500
2026/09/30 21:20:38 board:   zone (0,1) key=1721 resource_id=31 category=2 amount=2000
2026/09/30 21:20:38 board: space (-1,-2) terrain_id=11
2026/09/30 21:20:38 board:   zone (-1,1) key=919 resource_id=35 category=2 amount=1400
2026/09/30 21:20:38 board: space (0,-2) terrain_id=1
2026/09/30 21:20:38 board: space (1,-2) terrain_id=1
2026/09/30 21:20:38 board:   zone (-1,1) key=1394 resource_id=2 category=1 amount=150
2026/09/30 21:20:38 board:   zone (0,1) key=1091 resource_id=1 category=1 amount=250
2026/09/30 21:20:38 board: space (2,-2) terrain_id=1
2026/09/30 21:20:38 board:   zone (0,1) key=2638 resource_id=24 category=2 amount=500
2026/09/30 21:20:38 board: space (3,-2) terrain_id=1
2026/09/30 21:20:38 board:   zone (0,-1) key=5054 resource_id=21 category=2 amount=500
2026/09/30 21:20:38 board:   zone (-1,0) key=4853 resource_id=21 category=2 amount=500
2026/09/30 21:20:38 board: space (4,-2) terrain_id=1
2026/09/30 21:20:38 board:   zone (1,-1) key=11642 resource_id=21 category=2 amount=500
2026/09/30 21:20:38 board:   zone (-1,0) key=9872 resource_id=21 category=2 amount=500
2026/09/30 21:20:38 board: space (-3,-1) terrain_id=1
2026/09/30 21:20:38 board:   zone (0,-1) key=1180 resource_id=31 category=2 amount=2000
2026/09/30 21:20:38 board:   zone (0,1) key=1495 resource_id=1 category=1 amount=250
2026/09/30 21:20:38 board: space (-2,-1) terrain_id=11
2026/09/30 21:20:38 board:   zone (-1,1) key=757 resource_id=2 category=1 amount=150
2026/09/30 21:20:38 board: space (-1,-1) terrain_id=11
2026/09/30 21:20:38 board:   zone (-1,0) key=57 resource_id=35 category=2 amount=1400
2026/09/30 21:20:38 board: space (0,-1) terrain_id=2
2026/09/30 21:20:38 board:   zone (0,1) key=115 resource_id=33 category=2 amount=1600
2026/09/30 21:20:38 board: space (1,-1) terrain_id=54
2026/09/30 21:20:38 board: space (2,-1) terrain_id=1
2026/09/30 21:20:38 board:   zone (-1,0) key=597 resource_id=21 category=2 amount=500
2026/09/30 21:20:38 board:   zone (1,0) key=747 resource_id=22 category=2 amount=300
2026/09/30 21:20:38 board: space (3,-1) terrain_id=1
2026/09/30 21:20:38 board:   zone (-1,1) key=2791 resource_id=22 category=2 amount=300
2026/09/30 21:20:38 board:   zone (0,1) key=2356 resource_id=26 category=2 amount=450
2026/09/30 21:20:38 board: space (4,-1) terrain_id=1
2026/09/30 21:20:38 board: space (-4,0) terrain_id=1
2026/09/30 21:20:38 board: space (-3,0) terrain_id=1
2026/09/30 21:20:38 board: space (-2,0) terrain_id=1
2026/09/30 21:20:38 board:   zone (-1,0) key=107 resource_id=35 category=2 amount=1400
2026/09/30 21:20:38 board:   zone (-1,1) key=422 resource_id=21 category=2 amount=500
2026/09/30 21:20:38 board: space (-1,0) terrain_id=2
2026/09/30 21:20:38 board: space (0,0) terrain_id=53
2026/09/30 21:20:38 board:   zone (-1,1) key=152 resource_id=33 category=2 amount=1600
2026/09/30 21:20:38 board: space (1,0) terrain_id=53
2026/09/30 21:20:38 board: space (2,0) terrain_id=54
2026/09/30 21:20:38 board: space (3,0) terrain_id=1
2026/09/30 21:20:38 board:   zone (-1,0) key=992 resource_id=34 category=2 amount=2000
2026/09/30 21:20:38 board:   zone (-1,1) key=1727 resource_id=43 category=3 amount=400
2026/09/30 21:20:38 board: space (4,0) terrain_id=1
2026/09/30 21:20:38 board: space (-4,1) terrain_id=1
2026/09/30 21:20:38 board: space (-3,1) terrain_id=1
2026/09/30 21:20:38 board:   zone (0,1) key=2495 resource_id=41 category=3 amount=100
2026/09/30 21:20:38 board: space (-2,1) terrain_id=1
2026/09/30 21:20:38 board:   zone (-1,0) key=668 resource_id=33 category=2 amount=1600
2026/09/30 21:20:38 board: space (-1,1) terrain_id=1
2026/09/30 21:20:38 board:   zone (1,-1) key=479 resource_id=26 category=2 amount=450
2026/09/30 21:20:38 board:   zone (0,1) key=361 resource_id=42 category=3 amount=250
2026/09/30 21:20:38 board: space (0,1) terrain_id=1
2026/09/30 21:20:38 board: space (1,1) terrain_id=52
2026/09/30 21:20:38 board:   zone (-1,1) key=836 resource_id=32 category=2 amount=1200
2026/09/30 21:20:38 board: space (2,1) terrain_id=1
2026/09/30 21:20:38 board:   zone (1,0) key=1384 resource_id=25 category=2 amount=350
2026/09/30 21:20:38 board: space (3,1) terrain_id=1
2026/09/30 21:20:38 board: space (-4,2) terrain_id=1
2026/09/30 21:20:38 board: space (-3,2) terrain_id=1
2026/09/30 21:20:38 board:   zone (1,-1) key=6342 resource_id=24 category=2 amount=500
2026/09/30 21:20:38 board: space (-2,2) terrain_id=1
2026/09/30 21:20:38 board:   zone (0,-1) key=2350 resource_id=24 category=2 amount=500
2026/09/30 21:20:38 board: space (-1,2) terrain_id=1
2026/09/30 21:20:38 board:   zone (0,-1) key=907 resource_id=1 category=1 amount=250
2026/09/30 21:20:38 board:   zone (1,-1) key=1392 resource_id=2 category=1 amount=150
2026/09/30 21:20:38 board: space (0,2) terrain_id=51
2026/09/30 21:20:38 board:   zone (1,-1) key=917 resource_id=36 category=2 amount=1800
2026/09/30 21:20:38 board:   zone (-1,1) key=1006 resource_id=25 category=2 amount=350
2026/09/30 21:20:38 board: space (1,2) terrain_id=54
2026/09/30 21:20:38 board:   zone (0,-1) key=1489 resource_id=21 category=2 amount=500
2026/09/30 21:20:38 board:   zone (1,0) key=1602 resource_id=36 category=2 amount=1800
2026/09/30 21:20:38 board: space (2,2) terrain_id=53
2026/09/30 21:20:38 board:   zone (0,-1) key=3574 resource_id=42 category=3 amount=250
2026/09/30 21:20:38 board: space (-4,3) terrain_id=1
2026/09/30 21:20:38 board:   zone (0,-1) key=19705 resource_id=23 category=2 amount=400
2026/09/30 21:20:38 board:   zone (1,0) key=20106 resource_id=35 category=2 amount=1400
2026/09/30 21:20:38 board: space (-3,3) terrain_id=1
2026/09/30 21:20:38 board:   zone (-1,1) key=12896 resource_id=31 category=2 amount=2000
2026/09/30 21:20:38 board: space (-2,3) terrain_id=1
2026/09/30 21:20:38 board:   zone (0,-1) key=5675 resource_id=41 category=3 amount=100
2026/09/30 21:20:38 board:   zone (1,-1) key=6800 resource_id=21 category=2 amount=500
2026/09/30 21:20:38 board:   zone (-1,0) key=5462 resource_id=2 category=1 amount=150
2026/09/30 21:20:38 board:   zone (1,0) key=5892 resource_id=1 category=1 amount=250
2026/09/30 21:20:38 board:   zone (-1,1) key=7037 resource_id=23 category=2 amount=400
2026/09/30 21:20:38 board: space (-1,3) terrain_id=1
2026/09/30 21:20:38 board:   zone (0,-1) key=2632 resource_id=34 category=2 amount=2000
2026/09/30 21:20:38 board:   zone (0,1) key=3091 resource_id=26 category=2 amount=450
2026/09/30 21:20:38 board: space (0,3) terrain_id=54
2026/09/30 21:20:38 board: space (1,3) terrain_id=54
2026/09/30 21:20:38 board:   zone (1,-1) key=4865 resource_id=2 category=1 amount=150
2026/09/30 21:20:38 board:   zone (-1,0) key=3743 resource_id=33 category=2 amount=1600
2026/09/30 21:20:38 board: space (-4,4) terrain_id=2
2026/09/30 21:20:38 board:   zone (1,0) key=34459 resource_id=41 category=3 amount=100
2026/09/30 21:20:38 board: space (-3,4) terrain_id=1
2026/09/30 21:20:38 board:   zone (-1,0) key=20102 resource_id=42 category=3 amount=250
2026/09/30 21:20:38 board:   zone (-1,1) key=23021 resource_id=25 category=2 amount=350
2026/09/30 21:20:38 board:   zone (0,1) key=21746 resource_id=1 category=1 amount=250
2026/09/30 21:20:38 board: space (-2,4) terrain_id=1
2026/09/30 21:20:38 board:   zone (1,-1) key=13217 resource_id=2 category=1 amount=150
2026/09/30 21:20:38 board:   zone (1,0) key=11941 resource_id=43 category=3 amount=400
2026/09/30 21:20:38 board:   zone (0,1) key=12571 resource_id=33 category=2 amount=1600
2026/09/30 21:20:38 board: space (-1,4) terrain_id=1
2026/09/30 21:20:38 board: space (0,4) terrain_id=1
2026/09/30 21:20:38 board:   zone (-1,1) key=5476 resource_id=26 category=2 amount=450
2026/09/30 21:20:38 state_hash turn=0 tick=end hash=ed662d724344ff07
2026/09/30 21:20:38 ai ai-1: new turn data {"buildings":[],"enemy_buildings":[],"enemy_units":[],"foundations":[],"population":{"current":30,"limit":0},"resources":{"food":200,"gold":2,"stone":100,"wood":200},"spaces":[{"Space":{"X":0,"Y":-4},"Vision":0,"Owner":-1},{"Space":{"X":1,"Y":-4},"Vision":0,"Owner":-1},{"Space":{"X":2,"Y":-4},"Vision":2,"Owner":-1},{"Space":{"X":3,"Y":-4},"Vision":2,"Owner":-1},{"Space":{"X":4,"Y":-4},"Vision":0,"Owner":-1},{"Space":{"X":-1,"Y":-3},"Vision":0,"Owner":-1},{"Space":{"X":0,"Y":-3},"Vision":0,"Owner":-1},{"Space":{"X":1,"Y":-3},"Vision":2,"Owner":-1},{"Space":{"X":2,"Y":-3},"Vision":3,"Owner":1},{"Space":{"X":3,"Y":-3},"Vision":2,"Owner":-1},{"Space":{"X":4,"Y":-3},"Vision":0,"Owner":-1},{"Space":{"X":-2,"Y":-2},"Vision":0,"Owner":-1},{"Space":{"X":-1,"Y":-2},"Vision":0,"Owner":-1},{"Space":{"X":0,"Y":-2},"Vision":0,"Owner":-1},{"Space":{"X":1,"Y":-2},"Vision":2,"Owner":-1},{"Space":{"X":2,"Y":-2},"Vision":2,"Owner":-1},{"Space":{"X":3,"Y":-2},"Vision":0,"Owner":-1},{"Space":{"X":4,"Y":-2},"Vision":0,"Owner":-1},{"Space":{"X":-3,"Y":-1},"Vision":0,"Owner":-1},{"Space":{"X":-2,"Y":-1},"Vision":0,"Owner":-1},{"Space":{"X":-1,"Y":-1},"Vision":0,"Owner":-1},{"Space":{"X":0,"Y":-1},"Vision":0,"Owner":-1},{"Space":{"X":1,"Y":-1},"Vision":0,"Owner":-1},{"Space":{"X":2,"Y":-1},"Vision":0,"Owner":-1},{"Space":{"X":3,"Y":-1},"Vision":0,"Owner":-1},{"Space":{"X":4,"Y":-1},"Vision":0,"Owner":-1},{"Space":{"X":-4,"Y":0},"Vision":0,"Owner":-1},{"Space":{"X":-3,"Y":0},"Vision":0,"Owner":-1},{"Space":{"X":-2,"Y":0},"Vision":0,"Owner":-1},{"Space":{"X":-1,"Y":0},"Vision":0,"Owner":-1},{"Space":{"X":0,"Y":0},"Vision":0,"Owner":-1},{"Space":{"X":1,"Y":0},"Vision":0,"Owner":-1},{"Space":{"X":2,"Y":0},"Vision":0,"Owner":-1},{"Space":{"X":3,"Y":0},"Vision":0,"Owner":-1},{"Space":{"X":4,"Y":0},"Vision":0,"Owner":-1},{"Space":{"X":-4,"Y":1},"Vision":0,"Owner":-1},{"Space":{"X":-3,"Y":1},"Vision":0,"Owner":-1},{"Space":{"X":-2,"Y":1},"Vision":0,"Owner":-1},{"Space":{"X":-1,"Y":1},"Vision":0,"Owner":-1},{"Space":{"X":0,"Y":1},"Vision":0,"Owner":-1},{"Space":{"X":1,"Y":1},"Vision":0,"Owner":-1},{"Space":{"X":2,"Y":1},"Vision":0,"Owner":-1},{"Space":{"X":3,"Y":1},"Vision":0,"Owner":-1},{"Space":{"X":-4,"Y":2},"Vision":0,"Owner":-1},{"Space":{"X":-3,"Y":2},"Vision":0,"Owner":-1},{"Space":{"X":-2,"Y":2},"Vision":0,"Owner":-1},{"Space":{"X":-1,"Y":2},"Vision":0,"Owner":-1},{"Space":{"X":0,"Y":2},"Vision":0,"Owner":-1},{"Space":{"X":1,"Y":2},"Vision":0,"Owner":-1},{"Space":{"X":2,"Y":2},"Vision":0,"Owner":-1},{"Space":{"X":-4,"Y":3},"Vision":0,"Owner":-1},{"Space":{"X":-3,"Y":3},"Vision":0,"Owner":-1},{"Space":{"X":-2,"Y":3},"Vision":0,"Owner":-1},{"Space":{"X":-1,"Y":3},"Vision":0,"Owner":-1},{"Space":{"X":0,"Y":3},"Vision":0,"Owner":-1},{"Space":{"X":1,"Y":3},"Vision":0,"Owner":-1},{"Space":{"X":-4,"Y":4},"Vision":0,"Owner":-1},{"Space":{"X":-3,"Y":4},"Vision":0,"Owner":-1},{"Space":{"X":-2,"Y":4},"Vision":0,"Owner":-1},{"Space":{"X":-1,"Y":4},"Vision":0,"Owner":-1},{"Space":{"X":0,"Y":4},"Vision":0,"Owner":-1}],"units":[{"InternalID":31,"UnitID":11,"Type":2,"Kind":1,"Location":{"Space":{"X":2,"Y":-3},"Zone":{"X":0,"Y":0}},"CurrentStamina":15,"CurrentOrder":null,"Builds":[],"GarrisonedIn":null,"Stance":3,"InterruptCurrent":false,"AttackBack":true,"TargetPriority":"","ActiveOrders":null,"Health":11,"MaxHealth":11},{"InternalID":32,"UnitID":11,"Type":2,"Kind":1,"Location":{"Space":{"X":2,"Y":-3},"Zone":{"X":0,"Y":0}},"CurrentStamina":15,"CurrentOrder":null,"Builds":[],"GarrisonedIn":null,"Stance":3,"InterruptCurrent":false,"AttackBack":true,"TargetPriority":"","ActiveOrders":null,"Health":11,"MaxHealth":11},{"InternalID":33,"UnitID":11,"Type":2,"Kind":1,"Location":{"Space":{"X":2,"Y":-3},"Zone":{"X":0,"Y":0}},"CurrentStamina":15,"CurrentOrder":null,"Builds":[],"GarrisonedIn":null,"Stance":3,"InterruptCurrent":false,"AttackBack":true,"TargetPriority":"","ActiveOrders":null,"Health":11,"MaxHealth":11},{"InternalID":34,"UnitID":11,"Type":2,"Kind":1,"Location":{"Space":{"X":2,"Y":-3},"Zone":{"X":0,"Y":0}},"CurrentStamina":15,"CurrentOrder":null,"Builds":[],"GarrisonedIn":null,"Stance":3,"InterruptCurrent":false,"AttackBack":true,"TargetPriority":"","ActiveOrders":null,"Health":11,"MaxHealth":11},{"InternalID":35,"UnitID":11,"Type":2,"Kind":1,"Location":{"Space":{"X":2,"Y":-3},"Zone":{"X":0,"Y":0}},"CurrentStamina":15,"CurrentOrder":null,"Builds":[],"GarrisonedIn":null,"Stance":3,"InterruptCurrent":false,"AttackBack":true,"TargetPriority":"","ActiveOrders":null,"Health":11,"MaxHealth":11},{"InternalID":36,"UnitID":11,"Type":2,"Kind":1,"Location":{"Space":{"X":2,"Y":-3},"Zone":{"X":0,"Y":0}},"CurrentStamina":15,"CurrentOrder":null,"Builds":[],"GarrisonedIn":null,"Stance":3,"InterruptCurrent":false,"AttackBack":true,"TargetPriority":"","ActiveOrders":null,"Health":11,"MaxHealth":11},{"InternalID":37,"UnitID":11,"Type":2,"Kind":1,"Location":{"Space":{"X":2,"Y":-3},"Zone":{"X":0,"Y":0}},"CurrentStamina":15,"CurrentOrder":null,"Builds":[],"GarrisonedIn":null,"Stance":3,"InterruptCurrent":false,"AttackBack":true,"TargetPriority":"","ActiveOrders":null,"Health":11,"MaxHealth":11},{"InternalID":38,"UnitID":11,"Type":2,"Kind":1,"Location":{"Space":{"X":2,"Y":-3},"Zone":{"X":0,"Y":0}},"CurrentStamina":15,"CurrentOrder":null,"Builds":[],"GarrisonedIn":null,"Stance":3,"InterruptCurrent":false,"AttackBack":true,"TargetPriority":"","ActiveOrders":null,"Health":11,"MaxHealth":11},{"InternalID":39,"UnitID":11,"Type":2,"Kind":1,"Location":{"Space":{"X":2,"Y":-3},"Zone":{"X":0,"Y":0}},"CurrentStamina":15,"CurrentOrder":null,"Builds":[],"GarrisonedIn":null,"Stance":3,"InterruptCurrent":false,"AttackBack":true,"TargetPriority":"","ActiveOrders":null,"Health":11,"MaxHealth":11},{"InternalID":40,"UnitID":11,"Type":2,"Kind":1,"Location":{"Space":{"X":2,"Y":-3},"Zone":{"X":0,"Y":0}},"CurrentStamina":15,"CurrentOrder":null,"Builds":[],"GarrisonedIn":null,"Stance":3,"InterruptCurrent":false,"AttackBack":true,"TargetPriority":"","ActiveOrders":null,"Health":11,"MaxHealth":11},{"InternalID":41,"UnitID":11,"Type":2,"Kind":1,"Location":{"Space":{"X":2,"Y":-3},"Zone":{"X":0,"Y":0}},"CurrentStamina":15,"CurrentOrder":null,"Builds":[],"GarrisonedIn":null,"Stance":3,"InterruptCurrent":false,"AttackBack":true,"TargetPriority":"","ActiveOrders":null,"Health":11,"MaxHealth":11},{"InternalID":42,"UnitID":11,"Type":2,"Kind":1,"Location":{"Space":{"X":2,"Y":-3},"Zone":{"X":0,"Y":0}},"CurrentStamina":15,"CurrentOrder":null,"Builds":[],"GarrisonedIn":null,"Stance":3,"InterruptCurrent":false,"AttackBack":true,"TargetPriority":"","ActiveOrders":null,"Health":11,"MaxHealth":11},{"InternalID":43,"UnitID":11,"Type":2,"Kind":1,"Location":{"Space":{"X":2,"Y":-3},"Zone":{"X":0,"Y":0}},"CurrentStamina":15,"CurrentOrder":null,"Builds":[],"GarrisonedIn":null,"Stance":3,"InterruptCurrent":false,"AttackBack":true,"TargetPriority":"","ActiveOrders":null,"Health":11,"MaxHealth":11},{"InternalID":44,"UnitID":11,"Type":2,"Kind":1,"Location":{"Space":{"X":2,"Y":-3},"Zone":{"X":0,"Y":0}},"CurrentStamina":15,"CurrentOrder":null,"Builds":[],"GarrisonedIn":null,"Stance":3,"InterruptCurrent":false,"AttackBack":true,"TargetPriority":"","ActiveOrders":null,"Health":11,"MaxHealth":11},{"InternalID":45,"UnitID":11,"Type":2,"Kind":1,"Location":{"Space":{"X":2,"Y":-3},"Zone":{"X":0,"Y":0}},"CurrentStamina":15,"CurrentOrder":null,"Builds":[],"GarrisonedIn":null,"Stance":3,"InterruptCurrent":false,"AttackBack":true,"TargetPriority":"","ActiveOrders":null,"Health":11,"MaxHealth":11},{"InternalID":46,"UnitID":11,"Type":2,"Kind":1,"Location":{"Space":{"X":2,"Y":-3},"Zone":{"X":0,"Y":0}},"CurrentStamina":15,"CurrentOrder":null,"Builds":[],"GarrisonedIn":null,"Stance":3,"InterruptCurrent":false,"AttackBack":true,"TargetPriority":"","ActiveOrders":null,"Health":11,"MaxHealth":11},{"InternalID":47,"UnitID":12,"Type":2,"Kind":1,"Location":{"Space":{"X":2,"Y":-3},"Zone":{"X":0,"Y":0}},"CurrentStamina":12,"CurrentOrder":null,"Builds":[],"GarrisonedIn":null,"Stance":3,"InterruptCurrent":false,"AttackBack":true,"TargetPriority":"","ActiveOrders":null,"Health":16,"MaxHealth":16},{"InternalID":48,"UnitID":12,"Type":2,"Kind":1,"Location":{"Space":{"X":2,"Y":-3},"Zone":{"X":0,"Y":0}},"CurrentStamina":12,"CurrentOrder":null,"Builds":[],"GarrisonedIn":null,"Stance":3,"InterruptCurrent":false,"AttackBack":true,"TargetPriority":"","ActiveOrders":null,"Health":16,"MaxHealth":16},{"InternalID":49,"UnitID":12,"Type":2,"Kind":1,"Location":{"Space":{"X":2,"Y":-3},"Zone":{"X":0,"Y":0}},"CurrentStamina":12,"CurrentOrder":null,"Builds":[],"GarrisonedIn":null,"Stance":3,"InterruptCurrent":false,"AttackBack":true,"TargetPriority":"","ActiveOrders":null,"Health":16,"MaxHealth":16},{"InternalID":50,"UnitID":12,"Type":2,"Kind":1,"Location":{"Space":{"X":2,"Y":-3},"Zone":{"X":0,"Y":0}},"CurrentStamina":12,"CurrentOrder":null,"Builds":[],"GarrisonedIn":null,"Stance":3,"InterruptCurrent":false,"AttackBack":true,"TargetPriority":"","ActiveOrders":null,"Health":16,"MaxHealth":16},{"InternalID":51,"UnitID":12,"Type":2,"Kind":1,"Location":{"Space":{"X":2,"Y":-3},"Zone":{"X":0,"Y":0}},"CurrentStamina":12,"CurrentOrder":null,"Builds":[],"GarrisonedIn":null,"Stance":3,"InterruptCurrent":false,"AttackBack":true,"TargetPriority":"","ActiveOrders":null,"Health":16,"MaxHealth":16},{"InternalID":52,"UnitID":12,"Type":2,"Kind":1,"Location":{"Space":{"X":2,"Y":-3},"Zone":{"X":0,"Y":0}},"CurrentStamina":12,"CurrentOrder":null,"Builds":[],"GarrisonedIn":null,"Stance":3,"InterruptCurrent":false,"AttackBack":true,"TargetPriority":"","ActiveOrders":null,"Health":16,"MaxHealth":16},{"InternalID":53,"UnitID":12,"Type":2,"Kind":1,"Location":{"Space":{"X":2,"Y":-3},"Zone":{"X":0,"Y":0}},"CurrentStamina":12,"CurrentOrder":null,"Builds":[],"GarrisonedIn":null,"Stance":3,"InterruptCurrent":false,"AttackBack":true,"TargetPriority":"","ActiveOrders":null,"Health":16,"MaxHealth":16},{"InternalID":54,"UnitID":12,"Type":2,"Kind":1,"Location":{"Space":{"X":2,"Y":-3},"Zone":{"X":0,"Y":0}},"CurrentStamina":12,"CurrentOrder":null,"Builds":[],"GarrisonedIn":null,"Stance":3,"InterruptCurrent":false,"AttackBack":true,"TargetPriority":"","ActiveOrders":null,"Health":16,"MaxHealth":16},{"InternalID":55,"UnitID":13,"Type":2,"Kind":1,"Location":{"Space":{"X":2,"Y":-3},"Zone":{"X":0,"Y":0}},"CurrentStamina":8,"CurrentOrder":null,"Builds":[],"GarrisonedIn":null,"Stance":3,"InterruptCurrent":false,"AttackBack":true,"TargetPriority":"","ActiveOrders":null,"Health":50,"MaxHealth":50},{"InternalID":56,"UnitID":13,"Type":2,"Kind":1,"Location":{"Space":{"X":2,"Y":-3},"Zone":{"X":0,"Y":0}},"CurrentStamina":8,"CurrentOrder":null,"Builds":[],"GarrisonedIn":null,"Stance":3,"InterruptCurrent":false,"AttackBack":true,"TargetPriority":"","ActiveOrders":null,"Health":50,"MaxHealth":50},{"InternalID":57,"UnitID":13,"Type":2,"Kind":1,"Location":{"Space":{"X":2,"Y":-3},"Zone":{"X":0,"Y":0}},"CurrentStamina":8,"CurrentOrder":null,"Builds":[],"GarrisonedIn":null,"Stance":3,"InterruptCurrent":false,"AttackBack":true,"TargetPriority":"","ActiveOrders":null,"Health":50,"MaxHealth":50},{"InternalID":58,"UnitID":13,"Type":2,"Kind":1,"Location":{"Space":{"X":2,"Y":-3},"Zone":{"X":0,"Y":0}},"CurrentStamina":8,"CurrentOrder":null,"Builds":[],"GarrisonedIn":null,"Stance":3,"InterruptCurrent":false,"AttackBack":true,"TargetPriority":"","ActiveOrders":null,"Health":50,"MaxHealth":50},{"InternalID":59,"UnitID":13,"Type":2,"Kind":1,"Location":{"Space":{"X":2,"Y":-3},"Zone":{"X":0,"Y":0}},"CurrentStamina":8,"CurrentOrder":null,"Builds":[],"GarrisonedIn":null,"Stance":3,"InterruptCurrent":false,"AttackBack":true,"TargetPriority":"","ActiveOrders":null,"Health":50,"MaxHealth":50},{"InternalID":60,"UnitID":13,"Type":2,"Kind":1,"Location":{"Space":{"X":2,"Y":-3},"Zone":{"X":0,"Y":0}},"CurrentStamina":8,"CurrentOrder":null,"Builds":[],"GarrisonedIn":null,"Stance":3,"InterruptCurrent":false,"AttackBack":true,"TargetPriority":"","ActiveOrders":null,"Health":50,"MaxHealth":50}]}
2026/09/30 21:20:38 ai ai-0: new turn data {"buildings":[],"enemy_buildings":[],"enemy_units":[],"foundations":[],"population":{"current":30,"limit":0},"resources":{"food":200,"gold":2,"stone":100,"wood":200},"spaces":[{"Space":{"X":0,"Y":-4},"Vision":0,"Owner":-1},{"Space":{"X":1,"Y":-4},"Vision":0,"Owner":-1},{"Space":{"X":2,"Y":-4},"Vision":0,"Owner":-1},{"Space":{"X":3,"Y":-4},"Vision":0,"Owner":-1},{"Space":{"X":4,"Y":-4},"Vision":0,"Owner":-1},{"Space":{"X":-1,"Y":-3},"Vision":0,"Owner":-1},{"Space":{"X":0,"Y":-3},"Vision":0,"Owner":-1},{"Space":{"X":1,"Y":-3},"Vision":0,"Owner":-1},{"Space":{"X":2,"Y":-3},"Vision":0,"Owner":-1},{"Space":{"X":3,"Y":-3},"Vision":0,"Owner":-1},{"Space":{"X":4,"Y":-3},"Vision":0,"Owner":-1},{"Space":{"X":-2,"Y":-2},"Vision":0,"Owner":-1},{"Space":{"X":-1,"Y":-2},"Vision":0,"Owner":-1},{"Space":{"X":0,"Y":-2},"Vision":0,"Owner":-1},{"Space":{"X":1,"Y":-2},"Vision":0,"Owner":-1},{"Space":{"X":2,"Y":-2},"Vision":0,"Owner":-1},{"Space":{"X":3,"Y":-2},"Vision":0,"Owner":-1},{"Space":{"X":4,"Y":-2},"Vision":0,"Owner":-1},{"Space":{"X":-3,"Y":-1},"Vision":0,"Owner":-1},{"Space":{"X":-2,"Y":-1},"Vision":0,"Owner":-1},{"Space":{"X":-1,"Y":-1},"Vision":0,"Owner":-1},{"Space":{"X":0,"Y":-1},"Vision":0,"Owner":-1},{"Space":{"X":1,"Y":-1},"Vision":0,"Owner":-1},{"Space":{"X":2,"Y":-1},"Vision":0,"Owner":-1},{"Space":{"X":3,"Y":-1},"Vision":0,"Owner":-1},{"Space":{"X":4,"Y":-1},"Vision":0,"Owner":-1},{"Space":{"X":-4,"Y":0},"Vision":0,"Owner":-1},{"Space":{"X":-3,"Y":0},"Vision":0,"Owner":-1},{"Space":{"X":-2,"Y":0},"Vision":0,"Owner":-1},{"Space":{"X":-1,"Y":0},"Vision":0,"Owner":-1},{"Space":{"X":0,"Y":0},"Vision":0,"Owner":-1},{"Space":{"X":1,"Y":0},"Vision":0,"Owner":-1},{"Space":{"X":2,"Y":0},"Vision":0,"Owner":-1},{"Space":{"X":3,"Y":0},"Vision":0,"Owner":-1},{"Space":{"X":4,"Y":0},"Vision":0,"Owner":-1},{"Space":{"X":-4,"Y":1},"Vision":0,"Owner":-1},{"Space":{"X":-3,"Y":1},"Vision":0,"Owner":-1},{"Space":{"X":-2,"Y":1},"Vision":0,"Owner":-1},{"Space":{"X":-1,"Y":1},"Vision":0,"Owner":-1},{"Space":{"X":0,"Y":1},"Vision":0,"Owner":-1},{"Space":{"X":1,"Y":1},"Vision":0,"Owner":-1},{"Space":{"X":2,"Y":1},"Vision":0,"Owner":-1},{"Space":{"X":3,"Y":1},"Vision":0,"Owner":-1},{"Space":{"X":-4,"Y":2},"Vision":0,"Owner":-1},{"Space":{"X":-3,"Y":2},"Vision":0,"Owner":-1},{"Space":{"X":-2,"Y":2},"Vision":2,"Owner":-1},{"Space":{"X":-1,"Y":2},"Vision":2,"Owner":-1},{"Space":{"X":0,"Y":2},"Vision":0,"Owner":-1},{"Space":{"X":1,"Y":2},"Vision":0,"Owner":-1},{"Space":{"X":2,"Y":2},"Vision":0,"Owner":-1},{"Space":{"X":-4,"Y":3},"Vision":0,"Owner":-1},{"Space":{"X":-3,"Y":3},"Vision":2,"Owner":-1},{"Space":{"X":-2,"Y":3},"Vision":3,"Owner":0},{"Space":{"X":-1,"Y":3},"Vision":2,"Owner":-1},{"Space":{"X":0,"Y":3},"Vision":0,"Owner":-1},{"Space":{"X":1,"Y":3},"Vision":0,"Owner":-1},{"Space":{"X":-4,"Y":4},"Vision":0,"Owner":-1},{"Space":{"X":-3,"Y":4},"Vision":2,"Owner":-1},{"Space":{"X":-2,"Y":4},"Vision":2,"Owner":-1},{"Space":{"X":-1,"Y":4},"Vision":0,"Owner":-1},{"Space":{"X":0,"Y":4},"Vision":0,"Owner":-1}],"units":[{"InternalID":1,"UnitID":11,"Type":2,"Kind":1,"Location":{"Space":{"X":-2,"Y":3},"Zone":{"X":0,"Y":0}},"CurrentStamina":15,"CurrentOrder":null,"Builds":[],"GarrisonedIn":null,"Stance":3,"InterruptCurrent":false,"AttackBack":true,"TargetPriority":"","ActiveOrders":null,"Health":11,"MaxHealth":11},{"InternalID":2,"UnitID":11,"Type":2,"Kind":1,"Location":{"Space":{"X":-2,"Y":3},"Zone":{"X":0,"Y":0}},"CurrentStamina":15,"CurrentOrder":null,"Builds":[],"GarrisonedIn":null,"Stance":3,"InterruptCurrent":false,"AttackBack":true,"TargetPriority":"","ActiveOrders":null,"Health":11,"MaxHealth":11},{"InternalID":3,"UnitID":11,"Type":2,"Kind":1,"Location":{"Space":{"X":-2,"Y":3},"Zone":{"X":0,"Y":0}},"CurrentStamina":15,"CurrentOrder":null,"Builds":[],"GarrisonedIn":null,"Stance":3,"InterruptCurrent":false,"AttackBack":true,"TargetPriority":"","ActiveOrders":null,"Health":11,"MaxHealth":11},{"InternalID":4,"UnitID":11,"Type":2,"Kind":1,"Location":{"Space":{"X":-2,"Y":3},"Zone":{"X":0,"Y":0}},"CurrentStamina":15,"CurrentOrder":null,"Builds":[],"GarrisonedIn":null,"Stance":3,"InterruptCurrent":false,"AttackBack":true,"TargetPriority":"","ActiveOrders":null,"Health":11,"MaxHealth":11},{"InternalID":5,"UnitID":11,"Type":2,"Kind":1,"Location":{"Space":{"X":-2,"Y":3},"Zone":{"X":0,"Y":0}},"CurrentStamina":15,"CurrentOrder":null,"Builds":[],"GarrisonedIn":null,"Stance":3,"InterruptCurrent":false,"AttackBack":true,"TargetPriority":"","ActiveOrders":null,"Health":11,"MaxHealth":11},{"InternalID":6,"UnitID":11,"Type":2,"Kind":1,"Location":{"Space":{"X":-2,"Y":3},"Zone":{"X":0,"Y":0}},"CurrentStamina":15,"CurrentOrder":null,"Builds":[],"GarrisonedIn":null,"Stance":3,"InterruptCurrent":false,"AttackBack":true,"TargetPriority":"","ActiveOrders":null,"Health":11,"MaxHealth":11},{"InternalID":7,"UnitID":11,"Type":2,"Kind":1,"Location":{"Space":{"X":-2,"Y":3},"Zone":{"X":0,"Y":0}},"CurrentStamina":15,"CurrentOrder":null,"Builds":[],"GarrisonedIn":null,"Stance":3,"InterruptCurrent":false,"AttackBack":true,"TargetPriority":"","ActiveOrders":null,"Health":11,"MaxHealth":11},{"InternalID":8,"UnitID":11,"Type":2,"Kind":1,"Location":{"Space":{"X":-2,"Y":3},"Zone":{"X":0,"Y":0}},"CurrentStamina":15,"CurrentOrder":null,"Builds":[],"GarrisonedIn":null,"Stance":3,"InterruptCurrent":false,"AttackBack":true,"TargetPriority":"","ActiveOrders":null,"Health":11,"MaxHealth":11},{"InternalID":9,"UnitID":11,"Type":2,"Kind":1,"Location":{"Space":{"X":-2,"Y":3},"Zone":{"X":0,"Y":0}},"CurrentStamina":15,"CurrentOrder":null,"Builds":[],"GarrisonedIn":null,"Stance":3,"InterruptCurrent":false,"AttackBack":true,"TargetPriority":"","ActiveOrders":null,"Health":11,"MaxHealth":11},{"InternalID":10,"UnitID":11,"Type":2,"Kind":1,"Location":{"Space":{"X":-2,"Y":3},"Zone":{"X":0,"Y":0}},"CurrentStamina":15,"CurrentOrder":null,"Builds":[],"GarrisonedIn":null,"Stance":3,"InterruptCurrent":false,"AttackBack":true,"TargetPriority":"","ActiveOrders":null,"Health":11,"MaxHealth":11},{"InternalID":11,"UnitID":11,"Type":2,"Kind":1,"Location":{"Space":{"X":-2,"Y":3},"Zone":{"X":0,"Y":0}},"CurrentStamina":15,"CurrentOrder":null,"Builds":[],"GarrisonedIn":null,"Stance":3,"InterruptCurrent":false,"AttackBack":true,"TargetPriority":"","ActiveOrders":null,"Health":11,"MaxHealth":11},{"InternalID":12,"UnitID":11,"Type":2,"Kind":1,"Location":{"Space":{"X":-2,"Y":3},"Zone":{"X":0,"Y":0}},"CurrentStamina":15,"CurrentOrder":null,"Builds":[],"GarrisonedIn":null,"Stance":3,"InterruptCurrent":false,"AttackBack":true,"TargetPriority":"","ActiveOrders":null,"Health":11,"MaxHealth":11},{"InternalID":13,"UnitID":11,"Type":2,"Kind":1,"Location":{"Space":{"X":-2,"Y":3},"Zone":{"X":0,"Y":0}},"CurrentStamina":15,"CurrentOrder":null,"Builds":[],"GarrisonedIn":null,"Stance":3,"InterruptCurrent":false,"AttackBack":true,"TargetPriority":"","ActiveOrders":null,"Health":11,"MaxHealth":11},{"InternalID":14,"UnitID":11,"Type":2,"Kind":1,"Location":{"Space":{"X":-2,"Y":3},"Zone":{"X":0,"Y":0}},"CurrentStamina":15,"CurrentOrder":null,"Builds":[],"GarrisonedIn":null,"Stance":3,"InterruptCurrent":false,"AttackBack":true,"TargetPriority":"","ActiveOrders":null,"Health":11,"MaxHealth":11},{"InternalID":15,"UnitID":11,"Type":2,"Kind":1,"Location":{"Space":{"X":-2,"Y":3},"Zone":{"X":0,"Y":0}},"CurrentStamina":15,"CurrentOrder":null,"Builds":[],"GarrisonedIn":null,"Stance":3,"InterruptCurrent":false,"AttackBack":true,"TargetPriority":"","ActiveOrders":null,"Health":11,"MaxHealth":11},{"InternalID":16,"UnitID":11,"Type":2,"Kind":1,"Location":{"Space":{"X":-2,"Y":3},"Zone":{"X":0,"Y":0}},"CurrentStamina":15,"CurrentOrder":null,"Builds":[],"GarrisonedIn":null,"Stance":3,"InterruptCurrent":false,"AttackBack":true,"TargetPriority":"","ActiveOrders":null,"Health":11,"MaxHealth":11},{"InternalID":17,"UnitID":12,"Type":2,"Kind":1,"Location":{"Space":{"X":-2,"Y":3},"Zone":{"X":0,"Y":0}},"CurrentStamina":12,"CurrentOrder":null,"Builds":[],"GarrisonedIn":null,"Stance":3,"InterruptCurrent":false,"AttackBack":true,"TargetPriority":"","ActiveOrders":null,"Health":16,"MaxHealth":16},{"InternalID":18,"UnitID":12,"Type":2,"Kind":1,"Location":{"Space":{"X":-2,"Y":3},"Zone":{"X":0,"Y":0}},"CurrentStamina":12,"CurrentOrder":null,"Builds":[],"GarrisonedIn":null,"Stance":3,"InterruptCurrent":false,"AttackBack":true,"TargetPriority":"","ActiveOrders":null,"Health":16,"MaxHealth":16},{"InternalID":19,"UnitID":12,"Type":2,"Kind":1,"Location":{"Space":{"X":-2,"Y":3},"Zone":{"X":0,"Y":0}},"CurrentStamina":12,"CurrentOrder":null,"Builds":[],"GarrisonedIn":null,"Stance":3,"InterruptCurrent":false,"AttackBack":true,"TargetPriority":"","ActiveOrders":null,"Health":16,"MaxHealth":16},{"InternalID":20,"UnitID":12,"Type":2,"Kind":1,"Location":{"Space":{"X":-2,"Y":3},"Zone":{"X":0,"Y":0}},"CurrentStamina":12,"CurrentOrder":null,"Builds":[],"GarrisonedIn":null,"Stance":3,"InterruptCurrent":false,"AttackBack":true,"TargetPriority":"","ActiveOrders":null,"Health":16,"MaxHealth":16},{"InternalID":21,"UnitID":12,"Type":2,"Kind":1,"Location":{"Space":{"X":-2,"Y":3},"Zone":{"X":0,"Y":0}},"CurrentStamina":12,"CurrentOrder":null,"Builds":[],"GarrisonedIn":null,"Stance":3,"InterruptCurrent":false,"AttackBack":true,"TargetPriority":"","ActiveOrders":null,"Health":16,"MaxHealth":16},{"InternalID":22,"UnitID":12,"Type":2,"Kind":1,"Location":{"Space":{"X":-2,"Y":3},"Zone":{"X":0,"Y":0}},"CurrentStamina":12,"CurrentOrder":null,"Builds":[],"GarrisonedIn":null,"Stance":3,"InterruptCurrent":false,"AttackBack":true,"TargetPriority":"","ActiveOrders":null,"Health":16,"MaxHealth":16},{"InternalID":23,"UnitID":12,"Type":2,"Kind":1,"Location":{"Space":{"X":-2,"Y":3},"Zone":{"X":0,"Y":0}},"CurrentStamina":12,"CurrentOrder":null,"Builds":[],"GarrisonedIn":null,"Stance":3,"InterruptCurrent":false,"AttackBack":true,"TargetPriority":"","ActiveOrders":null,"Health":16,"MaxHealth":16},{"InternalID":24,"UnitID":12,"Type":2,"Kind":1,"Location":{"Space":{"X":-2,"Y":3},"Zone":{"X":0,"Y":0}},"CurrentStamina":12,"CurrentOrder":null,"Builds":[],"GarrisonedIn":null,"Stance":3,"InterruptCurrent":false,"AttackBack":true,"TargetPriority":"","ActiveOrders":null,"Health":16,"MaxHealth":16},{"InternalID":25,"UnitID":13,"Type":2,"Kind":1,"Location":{"Space":{"X":-2,"Y":3},"Zone":{"X":0,"Y":0}},"CurrentStamina":8,"CurrentOrder":null,"Builds":[],"GarrisonedIn":null,"Stance":3,"InterruptCurrent":false,"AttackBack":true,"TargetPriority":"","ActiveOrders":null,"Health":50,"MaxHealth":50},{"InternalID":26,"UnitID":13,"Type":2,"Kind":1,"Location":{"Space":{"X":-2,"Y":3},"Zone":{"X":0,"Y":0}},"CurrentStamina":8,"CurrentOrder":null,"Builds":[],"GarrisonedIn":null,"Stance":3,"InterruptCurrent":false,"AttackBack":true,"TargetPriority":"","ActiveOrders":null,"Health":50,"MaxHealth":50},{"InternalID":27,"UnitID":13,"Type":2,"Kind":1,"Location":{"Space":{"X":-2,"Y":3},"Zone":{"X":0,"Y":0}},"CurrentStamina":8,"CurrentOrder":null,"Builds":[],"GarrisonedIn":null,"Stance":3,"InterruptCurrent":false,"AttackBack":true,"TargetPriority":"","ActiveOrders":null,"Health":50,"MaxHealth":50},{"InternalID":28,"UnitID":13,"Type":2,"Kind":1,"Location":{"Space":{"X":-2,"Y":3},"Zone":{"X":0,"Y":0}},"CurrentStamina":8,"CurrentOrder":null,"Builds":[],"GarrisonedIn":null,"Stance":3,"InterruptCurrent":false,"AttackBack":true,"TargetPriority":"","ActiveOrders":null,"Health":50,"MaxHealth":50},{"InternalID":29,"UnitID":13,"Type":2,"Kind":1,"Location":{"Space":{"X":-2,"Y":3},"Zone":{"X":0,"Y":0}},"CurrentStamina":8,"CurrentOrder":null,"Builds":[],"GarrisonedIn":null,"Stance":3,"InterruptCurrent":false,"AttackBack":true,"TargetPriority":"","ActiveOrders":null,"Health":50,"MaxHealth":50},{"InternalID":30,"UnitID":13,"Type":2,"Kind":1,"Location":{"Space":{"X":-2,"Y":3},"Zone":{"X":0,"Y":0}},"CurrentStamina":8,"CurrentOrder":null,"Builds":[],"GarrisonedIn":null,"Stance":3,"InterruptCurrent":false,"AttackBack":true,"TargetPriority":"","ActiveOrders":null,"Health":50,"MaxHealth":50}]}
2026/09/30 21:20:38 ai ai-1: submitting orders [{Subjects:[31] OrderType:2 TargetID:820 ClearPreviousOrders:true}]
2026/09/30 21:20:38 ai ai-1: vars {}
2026/09/30 21:20:38 player action: submit-orders 0 2 map[orders:[{1 [31] 2 820 true}]]
2026/09/30 21:20:38 Executing submit orders for: 1 [{1 [31] 2 820 true}]
2026/09/30 21:20:38 ai ai-0: submitting orders [{Subjects:[1] OrderType:2 TargetID:18915 ClearPreviousOrders:true} {Subjects:[2] OrderType:2 TargetID:32896 ClearPreviousOrders:true} {Subjects:[3] OrderType:2 TargetID:4851 ClearPreviousOrders:true} {Subjects:[4] OrderType:2 TargetID:595 ClearPreviousOrders:true} {Subjects:[5] OrderType:2 TargetID:136 ClearPreviousOrders:true} {Subjects:[6] OrderType:2 TargetID:5671 ClearPreviousOrders:true} {Subjects:[7] OrderType:2 TargetID:18915 ClearPreviousOrders:true} {Subjects:[8] OrderType:2 TargetID:18915 ClearPreviousOrders:true} {Subjects:[9] OrderType:2 TargetID:18915 ClearPreviousOrders:true} {Subjects:[10] OrderType:2 TargetID:18915 ClearPreviousOrders:true} {Subjects:[11] OrderType:2 TargetID:18915 ClearPreviousOrders:true} {Subjects:[12] OrderType:2 TargetID:18915 ClearPreviousOrders:true} {Subjects:[13] OrderType:2 TargetID:18915 ClearPreviousOrders:true} {Subjects:[14] OrderType:2 TargetID:18915 ClearPreviousOrders:true} {Subjects:[15] OrderType:2 TargetID:18915 ClearPreviousOrders:true} {Subjects:[16] OrderType:2 TargetID:18915 ClearPreviousOrders:true} {Subjects:[17] OrderType:2 TargetID:18915 ClearPreviousOrders:true} {Subjects:[18] OrderType:2 TargetID:18915 ClearPreviousOrders:true} {Subjects:[19] OrderType:2 TargetID:18915 ClearPreviousOrders:true} {Subjects:[20] OrderType:2 TargetID:18915 ClearPreviousOrders:true} {Subjects:[21] OrderType:2 TargetID:18915 ClearPreviousOrders:true} {Subjects:[22] OrderType:2 TargetID:18915 ClearPreviousOrders:true} {Subjects:[23] OrderType:2 TargetID:18915 ClearPreviousOrders:true} {Subjects:[24] OrderType:2 TargetID:18915 ClearPreviousOrders:true} {Subjects:[25] OrderType:2 TargetID:18915 ClearPreviousOrders:true} {Subjects:[26] OrderType:2 TargetID:18915 ClearPreviousOrders:true} {Subjects:[27] OrderType:2 TargetID:18915 ClearPreviousOrders:true} {Subjects:[28] OrderType:2 TargetID:18915 ClearPreviousOrders:true} {Subjects:[29] OrderType:2 TargetID:18915 ClearPreviousOrders:true} {Subjects:[30] OrderType:2 TargetID:18915 ClearPreviousOrders:true}]
2026/09/30 21:20:38 ai ai-0: vars {"B":16,"Hv":6,"Pi":8,"aPowLocal":0,"aThreat":0,"a_engaged":0,"a_odds":1.3,"a_outnumbered":0,"army_target":50,"army_value":3080,"assault":0,"bank_rate":28,"bar_barracks":0.17072129748186085,"bar_redoubt":1.1111111111111112,"barracks":0,"barracks_B":0,"barracks_P":0,"barracks_save":0,"barracks_spend":78.1,"barracks_want":0,"buffer_food":70,"buffer_gold":0,"buffer_stone":0,"buffer_wood":70,"builders":0,"committed":0,"eB":0,"eGrowth":0,"eH":0,"eMil":0,"eP":0,"ePow":0,"ePowEst":0,"ePowSeen":0,"eTech":1,"eV":0,"es":1,"farm_want":0,"farm_wood_short":0,"farming":0,"fire_barracks":0,"fire_farm0":0,"fire_farm1":0,"fire_farm2":0,"fire_house":0,"fire_outpost":0,"fire_redoubt":0,"fire_smith":0,"fire_vc":0,"food_need":0,"food_over":0,"food_rate":0,"food_slots":1000,"food_workers":0,"free_room":20,"go":0,"gold_income":2,"gold_need":0,"gold_rate":0,"gold_surplus":2,"guaranteed":0,"guard_home":0,"headroom":-30,"hire_B":107.69230769230768,"hire_P":169.23076923076923,"homePow":0,"house_builders":0,"house_urgency":0,"house_want":0,"income_proj":0,"left":0,"lf_food":0,"lf_gold":0,"lf_stone":0,"lf_wood":0,"lump_food":0,"lump_gold":0,"lump_stone":0,"lump_wood":0,"maturity":0,"mil":30,"myTech":1,"n_barracks":0,"n_redoubts":0,"needB":19.99511837930193,"needP":0.00488162069807176,"outpost_want":0,"pikes":0,"planned_food":0,"planned_gold":0,"planned_stone":0,"planned_wood":0,"prod_rate":0,"proj_army":3080,"raid_danger":0,"raid_fails":0,"raid_lost":0,"raid_pause":0,"raid_prev":5,"raid_size":4.8,"raid_wiped":0,"rate":6,"redoubt_H":0,"redoubt_gold_ok":0.14222222222222222,"redoubt_save":0,"redoubt_spend":30,"redoubt_want":0,"redoubts":0,"rf_food":0,"rf_gold":0,"rf_stone":0,"rf_wood":0,"sB4":256,"sP4":0.0625,"scale_l":0,"scale_r":0,"shareH":0.2,"smith_want":0,"smiths":0,"spare":0,"spare_food":0.5,"stone_need":0,"stone_rate":0,"tH":26,"target_spend":400,"tech_food":50,"tech_gold":0,"tech_stone":0,"tech_wood":50,"threat_home":0,"turns_left":-300,"u_barracks":0.2868117797695263,"u_redoubt":0.18666666666666668,"unit_spend":120,"vB":4,"vH":1,"vP":0.5,"vc_want":0,"vcs":0,"vil_goal":50,"vil_rate":0,"vil_stamina":8,"vil_want":0,"vil_want_last":0,"vil_worth_now":0.6,"vils":0,"w_food":0,"w_gold":0,"w_stone":0,"w_wood":0,"wild_workers":0,"wood_need":0,"wood_rate":0,"workers":0}
2026/09/30 21:20:38 player action: set-unit-behavior 0 1 map[internal_ids:[7 8 9 10 11 12 13 14 15 16 17 18 19 20 21 22 23 24 25 26 27 28 29 30] interrupt_current:true]
2026/09/30 21:20:38 player action: set-unit-behavior 0 1 map[internal_ids:[1 2 3 4 5] interrupt_current:true]
2026/09/30 21:20:38 player action: submit-orders 0 1 map[orders:[{0 [1] 2 18915 true} {0 [2] 2 32896 true} {0 [3] 2 4851 true} {0 [4] 2 595 true} {0 [5] 2 136 true} {0 [6] 2 5671 true} {0 [7] 2 18915 true} {0 [8] 2 18915 true} {0 [9] 2 18915 true} {0 [10] 2 18915 true} {0 [11] 2 18915 true} {0 [12] 2 18915 true} {0 [13] 2 18915 true} {0 [14] 2 18915 true} {0 [15] 2 18915 true} {0 [16] 2 18915 true} {0 [17] 2 18915 true} {0 [18] 2 18915 true} {0 [19] 2 18915 true} {0 [20] 2 18915 true} {0 [21] 2 18915 true} {0 [22] 2 18915 true} {0 [23] 2 18915 true} {0 [24] 2 18915 true} {0 [25] 2 18915 true} {0 [26] 2 18915 true} {0 [27] 2 18915 true} {0 [28] 2 18915 true} {0 [29] 2 18915 true} {0 [30] 2 18915 true}]]
2026/09/30 21:20:38 Executing submit orders for: 0 [{0 [1] 2 18915 true} {0 [2] 2 32896 true} {0 [3] 2 4851 true} {0 [4] 2 595 true} {0 [5] 2 136 true} {0 [6] 2 5671 true} {0 [7] 2 18915 true} {0 [8] 2 18915 true} {0 [9] 2 18915 true} {0 [10] 2 18915 true} {0 [11] 2 18915 true} {0 [12] 2 18915 true} {0 [13] 2 18915 true} {0 [14] 2 18915 true} {0 [15] 2 18915 true} {0 [16] 2 18915 true} {0 [17] 2 18915 true} {0 [18] 2 18915 true} {0 [19] 2 18915 true} {0 [20] 2 18915 true} {0 [21] 2 18915 true} {0 [22] 2 18915 true} {0 [23] 2 18915 true} {0 [24] 2 18915 true} {0 [25] 2 18915 true} {0 [26] 2 18915 true} {0 [27] 2 18915 true} {0 [28] 2 18915 true} {0 [29] 2 18915 true} {0 [30] 2 18915 true}]
2026/09/30 21:20:38 Resolving active orders
2026/09/30 21:20:38 Moving unit 27 Heavy Infantry to zone(-1, 0) in space (-2, 3) tick=1
2026/09/30 21:20:38 Moving unit 30 Heavy Infantry to zone(-1, 0) in space (-2, 3) tick=1
2026/09/30 21:20:38 Moving unit 1 Blunt Infantry to zone(-1, 0) in space (-2, 3) tick=1
2026/09/30 21:20:38 Moving unit 2 Blunt Infantry to zone(-1, 1) in space (-2, 3) tick=1
2026/09/30 21:20:38 Moving unit 11 Blunt Infantry to zone(-1, 0) in space (-2, 3) tick=1
2026/09/30 21:20:38 Moving unit 13 Blunt Infantry to zone(-1, 0) in space (-2, 3) tick=1
2026/09/30 21:20:38 Moving unit 18 Piercing Infantry to zone(-1, 0) in space (-2, 3) tick=1
2026/09/30 21:20:38 Moving unit 29 Heavy Infantry to zone(-1, 0) in space (-2, 3) tick=1
2026/09/30 21:20:38 Moving unit 5 Blunt Infantry to zone(1, -1) in space (-2, 3) tick=1
2026/09/30 21:20:38 Moving unit 14 Blunt Infantry to zone(-1, 0) in space (-2, 3) tick=1
2026/09/30 21:20:38 Moving unit 17 Piercing Infantry to zone(-1, 0) in space (-2, 3) tick=1
2026/09/30 21:20:38 Moving unit 21 Piercing Infantry to zone(-1, 0) in space (-2, 3) tick=1
2026/09/30 21:20:38 Moving unit 24 Piercing Infantry to zone(-1, 0) in space (-2, 3) tick=1
2026/09/30 21:20:38 Moving unit 25 Heavy Infantry to zone(-1, 0) in space (-2, 3) tick=1
2026/09/30 21:20:38 Moving unit 26 Heavy Infantry to zone(-1, 0) in space (-2, 3) tick=1
2026/09/30 21:20:38 Moving unit 23 Piercing Infantry to zone(-1, 0) in space (-2, 3) tick=1
2026/09/30 21:20:38 Moving unit 3 Blunt Infantry to zone(-1, 0) in space (-2, 3) tick=1
2026/09/30 21:20:38 Moving unit 9 Blunt Infantry to zone(-1, 0) in space (-2, 3) tick=1
2026/09/30 21:20:38 Moving unit 20 Piercing Infantry to zone(-1, 0) in space (-2, 3) tick=1
2026/09/30 21:20:38 Moving unit 22 Piercing Infantry to zone(-1, 0) in space (-2, 3) tick=1
2026/09/30 21:20:38 Moving unit 4 Blunt Infantry to zone(0, -1) in space (-2, 3) tick=1
2026/09/30 21:20:38 Moving unit 6 Blunt Infantry to zone(1, 0) in space (-2, 3) tick=1
2026/09/30 21:20:38 Moving unit 8 Blunt Infantry to zone(-1, 0) in space (-2, 3) tick=1
2026/09/30 21:20:38 Moving unit 10 Blunt Infantry to zone(-1, 0) in space (-2, 3) tick=1
2026/09/30 21:20:38 Moving unit 16 Blunt Infantry to zone(-1, 0) in space (-2, 3) tick=1
2026/09/30 21:20:38 Moving unit 28 Heavy Infantry to zone(-1, 0) in space (-2, 3) tick=1
2026/09/30 21:20:38 Moving unit 7 Blunt Infantry to zone(-1, 0) in space (-2, 3) tick=1
2026/09/30 21:20:38 Moving unit 15 Blunt Infantry to zone(-1, 0) in space (-2, 3) tick=1
2026/09/30 21:20:38 Moving unit 19 Piercing Infantry to zone(-1, 0) in space (-2, 3) tick=1
2026/09/30 21:20:38 Moving unit 12 Blunt Infantry to zone(-1, 0) in space (-2, 3) tick=1
2026/09/30 21:20:38 Moving unit 31 Blunt Infantry to zone(-1, 0) in space (2, -3) tick=1
2026/09/30 21:20:38 state_hash turn=1 tick=1 hash=b3e46599b1b65097
2026/09/30 21:20:38 Moving unit 12 Blunt Infantry to zone(1, 0) in space (-3, 3) tick=2
2026/09/30 21:20:38 Moving unit 27 Heavy Infantry to zone(1, 0) in space (-3, 3) tick=2
2026/09/30 21:20:38 Moving unit 30 Heavy Infantry to zone(1, 0) in space (-3, 3) tick=2
2026/09/30 21:20:38 Moving unit 1 Blunt Infantry to zone(1, 0) in space (-3, 3) tick=2
2026/09/30 21:20:38 Moving unit 2 Blunt Infantry to zone(1, -1) in space (-3, 4) tick=2
2026/09/30 21:20:38 Moving unit 11 Blunt Infantry to zone(1, 0) in space (-3, 3) tick=2
2026/09/30 21:20:38 Moving unit 13 Blunt Infantry to zone(1, 0) in space (-3, 3) tick=2
2026/09/30 21:20:38 Moving unit 18 Piercing Infantry to zone(1, 0) in space (-3, 3) tick=2
2026/09/30 21:20:38 Moving unit 29 Heavy Infantry to zone(1, 0) in space (-3, 3) tick=2
2026/09/30 21:20:38 Moving unit 5 Blunt Infantry to zone(-1, 1) in space (-1, 2) tick=2
2026/09/30 21:20:38 Moving unit 14 Blunt Infantry to zone(1, 0) in space (-3, 3) tick=2
2026/09/30 21:20:38 Moving unit 17 Piercing Infantry to zone(1, 0) in space (-3, 3) tick=2
2026/09/30 21:20:38 Moving unit 21 Piercing Infantry to zone(1, 0) in space (-3, 3) tick=2
2026/09/30 21:20:38 Moving unit 24 Piercing Infantry to zone(1, 0) in space (-3, 3) tick=2
2026/09/30 21:20:38 Moving unit 25 Heavy Infantry to zone(1, 0) in space (-3, 3) tick=2
2026/09/30 21:20:38 Moving unit 26 Heavy Infantry to zone(1, 0) in space (-3, 3) tick=2
2026/09/30 21:20:38 Moving unit 23 Piercing Infantry to zone(1, 0) in space (-3, 3) tick=2
2026/09/30 21:20:38 Moving unit 3 Blunt Infantry to zone(1, 0) in space (-3, 3) tick=2
2026/09/30 21:20:38 Moving unit 9 Blunt Infantry to zone(1, 0) in space (-3, 3) tick=2
2026/09/30 21:20:38 Moving unit 20 Piercing Infantry to zone(1, 0) in space (-3, 3) tick=2
2026/09/30 21:20:38 Moving unit 22 Piercing Infantry to zone(1, 0) in space (-3, 3) tick=2
2026/09/30 21:20:38 Moving unit 4 Blunt Infantry to zone(0, 1) in space (-2, 2) tick=2
2026/09/30 21:20:38 Moving unit 6 Blunt Infantry to zone(-1, 0) in space (-1, 3) tick=2
2026/09/30 21:20:38 Moving unit 8 Blunt Infantry to zone(1, 0) in space (-3, 3) tick=2
2026/09/30 21:20:38 Moving unit 10 Blunt Infantry to zone(1, 0) in space (-3, 3) tick=2
2026/09/30 21:20:38 Moving unit 16 Blunt Infantry to zone(1, 0) in space (-3, 3) tick=2
2026/09/30 21:20:38 Moving unit 28 Heavy Infantry to zone(1, 0) in space (-3, 3) tick=2
2026/09/30 21:20:38 Moving unit 7 Blunt Infantry to zone(1, 0) in space (-3, 3) tick=2
2026/09/30 21:20:38 Moving unit 15 Blunt Infantry to zone(1, 0) in space (-3, 3) tick=2
2026/09/30 21:20:38 Moving unit 19 Piercing Infantry to zone(1, 0) in space (-3, 3) tick=2
2026/09/30 21:20:38 Moving unit 31 Blunt Infantry to zone(1, 0) in space (1, -3) tick=2
2026/09/30 21:20:38 state_hash turn=1 tick=2 hash=9eac96fbadb55689
2026/09/30 21:20:38 Moving unit 1 Blunt Infantry to zone(0, 0) in space (-3, 3) tick=3
2026/09/30 21:20:38 Moving unit 2 Blunt Infantry to zone(0, 0) in space (-3, 4) tick=3
2026/09/30 21:20:38 Moving unit 11 Blunt Infantry to zone(0, 0) in space (-3, 3) tick=3
2026/09/30 21:20:38 Moving unit 13 Blunt Infantry to zone(0, 0) in space (-3, 3) tick=3
2026/09/30 21:20:38 Moving unit 18 Piercing Infantry to zone(0, 0) in space (-3, 3) tick=3
2026/09/30 21:20:38 Moving unit 29 Heavy Infantry to zone(0, 0) in space (-3, 3) tick=3
2026/09/30 21:20:38 Moving unit 5 Blunt Infantry to zone(0, 0) in space (-1, 2) tick=3
2026/09/30 21:20:38 Moving unit 14 Blunt Infantry to zone(0, 0) in space (-3, 3) tick=3
2026/09/30 21:20:38 Moving unit 17 Piercing Infantry to zone(0, 0) in space (-3, 3) tick=3
2026/09/30 21:20:38 Moving unit 21 Piercing Infantry to zone(0, 0) in space (-3, 3) tick=3
2026/09/30 21:20:38 Moving unit 24 Piercing Infantry to zone(0, 0) in space (-3, 3) tick=3
2026/09/30 21:20:38 Moving unit 25 Heavy Infantry to zone(0, 0) in space (-3, 3) tick=3
2026/09/30 21:20:38 Moving unit 26 Heavy Infantry to zone(0, 0) in space (-3, 3) tick=3
2026/09/30 21:20:38 Moving unit 23 Piercing Infantry to zone(0, 0) in space (-3, 3) tick=3
2026/09/30 21:20:38 Moving unit 3 Blunt Infantry to zone(0, 0) in space (-3, 3) tick=3
2026/09/30 21:20:38 Moving unit 9 Blunt Infantry to zone(0, 0) in space (-3, 3) tick=3
2026/09/30 21:20:38 Moving unit 20 Piercing Infantry to zone(0, 0) in space (-3, 3) tick=3
2026/09/30 21:20:38 Moving unit 22 Piercing Infantry to zone(0, 0) in space (-3, 3) tick=3
2026/09/30 21:20:38 Moving unit 4 Blunt Infantry to zone(0, 0) in space (-2, 2) tick=3
2026/09/30 21:20:38 Moving unit 6 Blunt Infantry to zone(0, 0) in space (-1, 3) tick=3
2026/09/30 21:20:38 Moving unit 8 Blunt Infantry to zone(0, 0) in space (-3, 3) tick=3
2026/09/30 21:20:38 Moving unit 10 Blunt Infantry to zone(0, 0) in space (-3, 3) tick=3
2026/09/30 21:20:38 Moving unit 16 Blunt Infantry to zone(0, 0) in space (-3, 3) tick=3
2026/09/30 21:20:38 Moving unit 28 Heavy Infantry to zone(0, 0) in space (-3, 3) tick=3
2026/09/30 21:20:38 Moving unit 7 Blunt Infantry to zone(0, 0) in space (-3, 3) tick=3
2026/09/30 21:20:38 Moving unit 15 Blunt Infantry to zone(0, 0) in space (-3, 3) tick=3
2026/09/30 21:20:38 Moving unit 19 Piercing Infantry to zone(0, 0) in space (-3, 3) tick=3
2026/09/30 21:20:38 Moving unit 12 Blunt Infantry to zone(0, 0) in space (-3, 3) tick=3
2026/09/30 21:20:38 Moving unit 27 Heavy Infantry to zone(0, 0) in space (-3, 3) tick=3
2026/09/30 21:20:38 Moving unit 30 Heavy Infantry to zone(0, 0) in space (-3, 3) tick=3
2026/09/30 21:20:38 Moving unit 31 Blunt Infantry to zone(0, 0) in space (1, -3) tick=3
2026/09/30 21:20:38 state_hash turn=1 tick=3 hash=bc9c09e439bb1404
2026/09/30 21:20:38 Moving unit 23 Piercing Infantry to zone(-1, 0) in space (-3, 3) tick=4
2026/09/30 21:20:38 Moving unit 3 Blunt Infantry to zone(0, -1) in space (-3, 3) tick=4
2026/09/30 21:20:38 Moving unit 9 Blunt Infantry to zone(-1, 0) in space (-3, 3) tick=4
2026/09/30 21:20:38 Moving unit 20 Piercing Infantry to zone(-1, 0) in space (-3, 3) tick=4
2026/09/30 21:20:38 Moving unit 22 Piercing Infantry to zone(-1, 0) in space (-3, 3) tick=4
2026/09/30 21:20:38 Moving unit 4 Blunt Infantry to zone(0, -1) in space (-2, 2) tick=4
2026/09/30 21:20:38 Moving unit 6 Blunt Infantry to zone(0, 1) in space (-1, 3) tick=4
2026/09/30 21:20:38 Moving unit 8 Blunt Infantry to zone(-1, 0) in space (-3, 3) tick=4
2026/09/30 21:20:38 Moving unit 10 Blunt Infantry to zone(-1, 0) in space (-3, 3) tick=4
2026/09/30 21:20:38 Moving unit 16 Blunt Infantry to zone(-1, 0) in space (-3, 3) tick=4
2026/09/30 21:20:38 Moving unit 7 Blunt Infantry to zone(-1, 0) in space (-3, 3) tick=4
2026/09/30 21:20:38 Moving unit 15 Blunt Infantry to zone(-1, 0) in space (-3, 3) tick=4
2026/09/30 21:20:38 Moving unit 19 Piercing Infantry to zone(-1, 0) in space (-3, 3) tick=4
2026/09/30 21:20:38 Moving unit 12 Blunt Infantry to zone(-1, 0) in space (-3, 3) tick=4
2026/09/30 21:20:38 Moving unit 1 Blunt Infantry to zone(-1, 0) in space (-3, 3) tick=4
2026/09/30 21:20:38 Moving unit 2 Blunt Infantry to zone(-1, 0) in space (-3, 4) tick=4
2026/09/30 21:20:38 Moving unit 11 Blunt Infantry to zone(-1, 0) in space (-3, 3) tick=4
2026/09/30 21:20:38 Moving unit 13 Blunt Infantry to zone(-1, 0) in space (-3, 3) tick=4
2026/09/30 21:20:38 Moving unit 18 Piercing Infantry to zone(-1, 0) in space (-3, 3) tick=4
2026/09/30 21:20:38 Moving unit 5 Blunt Infantry to zone(0, -1) in space (-1, 2) tick=4
2026/09/30 21:20:38 Moving unit 14 Blunt Infantry to zone(-1, 0) in space (-3, 3) tick=4
2026/09/30 21:20:38 Moving unit 17 Piercing Infantry to zone(-1, 0) in space (-3, 3) tick=4
2026/09/30 21:20:38 Moving unit 21 Piercing Infantry to zone(-1, 0) in space (-3, 3) tick=4
2026/09/30 21:20:38 Moving unit 24 Piercing Infantry to zone(-1, 0) in space (-3, 3) tick=4
2026/09/30 21:20:38 Moving unit 31 Blunt Infantry to zone(-1, 0) in space (1, -3) tick=4
2026/09/30 21:20:38 state_hash turn=1 tick=4 hash=2e5bc7051389fe72
2026/09/30 21:20:38 Moving unit 4 Blunt Infantry to zone(0, 1) in space (-2, 1) tick=5
2026/09/30 21:20:38 Moving unit 6 Blunt Infantry to zone(0, -1) in space (-1, 4) tick=5
2026/09/30 21:20:38 Moving unit 8 Blunt Infantry to zone(1, 0) in space (-4, 3) tick=5
2026/09/30 21:20:38 Moving unit 10 Blunt Infantry to zone(1, 0) in space (-4, 3) tick=5
2026/09/30 21:20:38 Moving unit 16 Blunt Infantry to zone(1, 0) in space (-4, 3) tick=5
2026/09/30 21:20:38 Moving unit 7 Blunt Infantry to zone(1, 0) in space (-4, 3) tick=5
2026/09/30 21:20:38 Moving unit 15 Blunt Infantry to zone(1, 0) in space (-4, 3) tick=5
2026/09/30 21:20:38 Moving unit 12 Blunt Infantry to zone(1, 0) in space (-4, 3) tick=5
2026/09/30 21:20:38 Moving unit 1 Blunt Infantry to zone(1, 0) in space (-4, 3) tick=5
2026/09/30 21:20:38 Moving unit 2 Blunt Infantry to zone(1, 0) in space (-4, 4) tick=5
2026/09/30 21:20:38 Moving unit 11 Blunt Infantry to zone(1, 0) in space (-4, 3) tick=5
2026/09/30 21:20:38 Moving unit 13 Blunt Infantry to zone(1, 0) in space (-4, 3) tick=5
2026/09/30 21:20:38 Moving unit 5 Blunt Infantry to zone(0, 1) in space (-1, 1) tick=5
2026/09/30 21:20:38 Moving unit 14 Blunt Infantry to zone(1, 0) in space (-4, 3) tick=5
2026/09/30 21:20:38 Moving unit 3 Blunt Infantry to zone(0, 1) in space (-3, 2) tick=5
2026/09/30 21:20:38 Moving unit 9 Blunt Infantry to zone(1, 0) in space (-4, 3) tick=5
2026/09/30 21:20:38 Moving unit 31 Blunt Infantry to zone(1, 0) in space (0, -3) tick=5
2026/09/30 21:20:38 state_hash turn=1 tick=5 hash=74017892873d0f5e
2026/09/30 21:20:38 state_hash turn=1 tick=end hash=522ef6eedad3b64b
2026/09/30 21:20:38 ai ai-1: new turn data {"buildings":[],"enemy_buildings":[],"enemy_units":[],"foundations":[],"population":{"current":30,"limit":0},"resources":{"food":200,"gold":6,"stone":100,"wood":200},"spaces":[{"Space":{"X":0,"Y":-4},"Vision":2,"Owner":-1},{"Space":{"X":1,"Y":-4},"Vision":2,"Owner":-1},{"Space":{"X":2,"Y":-4},"Vision":2,"Owner":-1},{"Space":{"X":3,"Y":-4},"Vision":2,"Owner":-1},{"Space":{"X":4,"Y":-4},"Vision":0,"Owner":-1},{"Space":{"X":-1,"Y":-3},"Vision":2,"Owner":-1},{"Space":{"X":0,"Y":-3},"Vision":3,"Owner":1},{"Space":{"X":1,"Y":-3},"Vision":3,"Owner":-1},{"Space":{"X":2,"Y":-3},"Vision":3,"Owner":1},{"Space":{"X":3,"Y":-3},"Vision":2,"Owner":-1},{"Space":{"X":4,"Y":-3},"Vision":0,"Owner":-1},{"Space":{"X":-2,"Y":-2},"Vision":0,"Owner":-1},{"Space":{"X":-1,"Y":-2},"Vision":2,"Owner":-1},{"Space":{"X":0,"Y":-2},"Vision":2,"Owner":-1},{"Space":{"X":1,"Y":-2},"Vision":2,"Owner":-1},{"Space":{"X":2,"Y":-2},"Vision":2,"Owner":-1},{"Space":{"X":3,"Y":-2},"Vision":0,"Owner":-1},{"Space":{"X":4,"Y":-2},"Vision":0,"Owner":-1},{"Space":{"X":-3,"Y":-1},"Vision":0,"Owner":-1},{"Space":{"X":-2,"Y":-1},"Vision":0,"Owner":-1},{"Space":{"X":-1,"Y":-1},"Vision":0,"Owner":-1},{"Space":{"X":0,"Y":-1},"Vision":0,"Owner":-1},{"Space":{"X":1,"Y":-1},"Vision":0,"Owner":-1},{"Space":{"X":2,"Y":-1},"Vision":0,"Owner":-1},{"Space":{"X":3,"Y":-1},"Vision":0,"Owner":-1},{"Space":{"X":4,"Y":-1},"Vision":0,"Owner":-1},{"Space":{"X":-4,"Y":0},"Vision":0,"Owner":-1},{"Space":{"X":-3,"Y":0},"Vision":0,"Owner":-1},{"Space":{"X":-2,"Y":0},"Vision":0,"Owner":-1},{"Space":{"X":-1,"Y":0},"Vision":0,"Owner":-1},{"Space":{"X":0,"Y":0},"Vision":0,"Owner":-1},{"Space":{"X":1,"Y":0},"Vision":0,"Owner":-1},{"Space":{"X":2,"Y":0},"Vision":0,"Owner":-1},{"Space":{"X":3,"Y":0},"Vision":0,"Owner":-1},{"Space":{"X":4,"Y":0},"Vision":0,"Owner":-1},{"Space":{"X":-4,"Y":1},"Vision":0,"Owner":-1},{"Space":{"X":-3,"Y":1},"Vision":0,"Owner":-1},{"Space":{"X":-2,"Y":1},"Vision":0,"Owner":-1},{"Space":{"X":-1,"Y":1},"Vision":0,"Owner":-1},{"Space":{"X":0,"Y":1},"Vision":0,"Owner":-1},{"Space":{"X":1,"Y":1},"Vision":0,"Owner":-1},{"Space":{"X":2,"Y":1},"Vision":0,"Owner":-1},{"Space":{"X":3,"Y":1},"Vision":0,"Owner":-1},{"Space":{"X":-4,"Y":2},"Vision":0,"Owner":-1},{"Space":{"X":-3,"Y":2},"Vision":0,"Owner":-1},{"Space":{"X":-2,"Y":2},"Vision":0,"Owner":-1},{"Space":{"X":-1,"Y":2},"Vision":0,"Owner":-1},{"Space":{"X":0,"Y":2},"Vision":0,"Owner":-1},{"Space":{"X":1,"Y":2},"Vision":0,"Owner":-1},{"Space":{"X":2,"Y":2},"Vision":0,"Owner":-1},{"Space":{"X":-4,"Y":3},"Vision":0,"Owner":-1},{"Space":{"X":-3,"Y":3},"Vision":0,"Owner":-1},{"Space":{"X":-2,"Y":3},"Vision":0,"Owner":-1},{"Space":{"X":-1,"Y":3},"Vision":0,"Owner":-1},{"Space":{"X":0,"Y":3},"Vision":0,"Owner":-1},{"Space":{"X":1,"Y":3},"Vision":0,"Owner":-1},{"Space":{"X":-4,"Y":4},"Vision":0,"Owner":-1},{"Space":{"X":-3,"Y":4},"Vision":0,"Owner":-1},{"Space":{"X":-2,"Y":4},"Vision":0,"Owner":-1},{"Space":{"X":-1,"Y":4},"Vision":0,"Owner":-1},{"Space":{"X":0,"Y":4},"Vision":0,"Owner":-1}],"units":[{"InternalID":31,"UnitID":11,"Type":2,"Kind":1,"Location":{"Space":{"X":0,"Y":-3},"Zone":{"X":1,"Y":0}},"CurrentStamina":15,"CurrentOrder":{"Kind":0,"TargetZone":{"Space":{"X":0,"Y":-3},"Zone":{"X":0,"Y":0}},"TargetSpace":null,"TargetResource":null,"TargetUnit":null,"TargetBuilding":null},"Builds":[],"GarrisonedIn":null,"Stance":3,"InterruptCurrent":false,"AttackBack":true,"TargetPriority":"","ActiveOrders":[{"ID":1,"Kind":0}],"Health":11,"MaxHealth":11},{"InternalID":32,"UnitID":11,"Type":2,"Kind":1,"Location":{"Space":{"X":2,"Y":-3},"Zone":{"X":0,"Y":0}},"CurrentStamina":23,"CurrentOrder":null,"Builds":[],"GarrisonedIn":null,"Stance":3,"InterruptCurrent":false,"AttackBack":true,"TargetPriority":"","ActiveOrders":null,"Health":11,"MaxHealth":11},{"InternalID":33,"UnitID":11,"Type":2,"Kind":1,"Location":{"Space":{"X":2,"Y":-3},"Zone":{"X":0,"Y":0}},"CurrentStamina":23,"CurrentOrder":null,"Builds":[],"GarrisonedIn":null,"Stance":3,"InterruptCurrent":false,"AttackBack":true,"TargetPriority":"","ActiveOrders":null,"Health":11,"MaxHealth":11},{"InternalID":34,"UnitID":11,"Type":2,"Kind":1,"Location":{"Space":{"X":2,"Y":-3},"Zone":{"X":0,"Y":0}},"CurrentStamina":23,"CurrentOrder":null,"Builds":[],"GarrisonedIn":null,"Stance":3,"InterruptCurrent":false,"AttackBack":true,"TargetPriority":"","ActiveOrders":null,"Health":11,"MaxHealth":11},{"InternalID":35,"UnitID":11,"Type":2,"Kind":1,"Location":{"Space":{"X":2,"Y":-3},"Zone":{"X":0,"Y":0}},"CurrentStamina":23,"CurrentOrder":null,"Builds":[],"GarrisonedIn":null,"Stance":3,"InterruptCurrent":false,"AttackBack":true,"TargetPriority":"","ActiveOrders":null,"Health":11,"MaxHealth":11},{"InternalID":36,"UnitID":11,"Type":2,"Kind":1,"Location":{"Space":{"X":2,"Y":-3},"Zone":{"X":0,"Y":0}},"CurrentStamina":23,"CurrentOrder":null,"Builds":[],"GarrisonedIn":null,"Stance":3,"InterruptCurrent":false,"AttackBack":true,"TargetPriority":"","ActiveOrders":null,"Health":11,"MaxHealth":11},{"InternalID":37,"UnitID":11,"Type":2,"Kind":1,"Location":{"Space":{"X":2,"Y":-3},"Zone":{"X":0,"Y":0}},"CurrentStamina":23,"CurrentOrder":null,"Builds":[],"GarrisonedIn":null,"Stance":3,"InterruptCurrent":false,"AttackBack":true,"TargetPriority":"","ActiveOrders":null,"Health":11,"MaxHealth":11},{"InternalID":38,"UnitID":11,"Type":2,"Kind":1,"Location":{"Space":{"X":2,"Y":-3},"Zone":{"X":0,"Y":0}},"CurrentStamina":23,"CurrentOrder":null,"Builds":[],"GarrisonedIn":null,"Stance":3,"InterruptCurrent":false,"AttackBack":true,"TargetPriority":"","ActiveOrders":null,"Health":11,"MaxHealth":11},{"InternalID":39,"UnitID":11,"Type":2,"Kind":1,"Location":{"Space":{"X":2,"Y":-3},"Zone":{"X":0,"Y":0}},"CurrentStamina":23,"CurrentOrder":null,"Builds":[],"GarrisonedIn":null,"Stance":3,"InterruptCurrent":false,"AttackBack":true,"TargetPriority":"","ActiveOrders":null,"Health":11,"MaxHealth":11},{"InternalID":40,"UnitID":11,"Type":2,"Kind":1,"Location":{"Space":{"X":2,"Y":-3},"Zone":{"X":0,"Y":0}},"CurrentStamina":23,"CurrentOrder":null,"Builds":[],"GarrisonedIn":null,"Stance":3,"InterruptCurrent":false,"AttackBack":true,"TargetPriority":"","ActiveOrders":null,"Health":11,"MaxHealth":11},{"InternalID":41,"UnitID":11,"Type":2,"Kind":1,"Location":{"Space":{"X":2,"Y":-3},"Zone":{"X":0,"Y":0}},"CurrentStamina":23,"CurrentOrder":null,"Builds":[],"GarrisonedIn":null,"Stance":3,"InterruptCurrent":false,"AttackBack":true,"TargetPriority":"","ActiveOrders":null,"Health":11,"MaxHealth":11},{"InternalID":42,"UnitID":11,"Type":2,"Kind":1,"Location":{"Space":{"X":2,"Y":-3},"Zone":{"X":0,"Y":0}},"CurrentStamina":23,"CurrentOrder":null,"Builds":[],"GarrisonedIn":null,"Stance":3,"InterruptCurrent":false,"AttackBack":true,"TargetPriority":"","ActiveOrders":null,"Health":11,"MaxHealth":11},{"InternalID":43,"UnitID":11,"Type":2,"Kind":1,"Location":{"Space":{"X":2,"Y":-3},"Zone":{"X":0,"Y":0}},"CurrentStamina":23,"CurrentOrder":null,"Builds":[],"GarrisonedIn":null,"Stance":3,"InterruptCurrent":false,"AttackBack":true,"TargetPriority":"","ActiveOrders":null,"Health":11,"MaxHealth":11},{"InternalID":44,"UnitID":11,"Type":2,"Kind":1,"Location":{"Space":{"X":2,"Y":-3},"Zone":{"X":0,"Y":0}},"CurrentStamina":23,"CurrentOrder":null,"Builds":[],"GarrisonedIn":null,"Stance":3,"InterruptCurrent":false,"AttackBack":true,"TargetPriority":"","ActiveOrders":null,"Health":11,"MaxHealth":11},{"InternalID":45,"UnitID":11,"Type":2,"Kind":1,"Location":{"Space":{"X":2,"Y":-3},"Zone":{"X":0,"Y":0}},"CurrentStamina":23,"CurrentOrder":null,"Builds":[],"GarrisonedIn":null,"Stance":3,"InterruptCurrent":false,"AttackBack":true,"TargetPriority":"","ActiveOrders":null,"Health":11,"MaxHealth":11},{"InternalID":46,"UnitID":11,"Type":2,"Kind":1,"Location":{"Space":{"X":2,"Y":-3},"Zone":{"X":0,"Y":0}},"CurrentStamina":23,"CurrentOrder":null,"Builds":[],"GarrisonedIn":null,"Stance":3,"InterruptCurrent":false,"AttackBack":true,"TargetPriority":"","ActiveOrders":null,"Health":11,"MaxHealth":11},{"InternalID":47,"UnitID":12,"Type":2,"Kind":1,"Location":{"Space":{"X":2,"Y":-3},"Zone":{"X":0,"Y":0}},"CurrentStamina":18,"CurrentOrder":null,"Builds":[],"GarrisonedIn":null,"Stance":3,"InterruptCurrent":false,"AttackBack":true,"TargetPriority":"","ActiveOrders":null,"Health":16,"MaxHealth":16},{"InternalID":48,"UnitID":12,"Type":2,"Kind":1,"Location":{"Space":{"X":2,"Y":-3},"Zone":{"X":0,"Y":0}},"CurrentStamina":18,"CurrentOrder":null,"Builds":[],"GarrisonedIn":null,"Stance":3,"InterruptCurrent":false,"AttackBack":true,"TargetPriority":"","ActiveOrders":null,"Health":16,"MaxHealth":16},{"InternalID":49,"UnitID":12,"Type":2,"Kind":1,"Location":{"Space":{"X":2,"Y":-3},"Zone":{"X":0,"Y":0}},"CurrentStamina":18,"CurrentOrder":null,"Builds":[],"GarrisonedIn":null,"Stance":3,"InterruptCurrent":false,"AttackBack":true,"TargetPriority":"","ActiveOrders":null,"Health":16,"MaxHealth":16},{"InternalID":50,"UnitID":12,"Type":2,"Kind":1,"Location":{"Space":{"X":2,"Y":-3},"Zone":{"X":0,"Y":0}},"CurrentStamina":18,"CurrentOrder":null,"Builds":[],"GarrisonedIn":null,"Stance":3,"InterruptCurrent":false,"AttackBack":true,"TargetPriority":"","ActiveOrders":null,"Health":16,"MaxHealth":16},{"InternalID":51,"UnitID":12,"Type":2,"Kind":1,"Location":{"Space":{"X":2,"Y":-3},"Zone":{"X":0,"Y":0}},"CurrentStamina":18,"CurrentOrder":null,"Builds":[],"GarrisonedIn":null,"Stance":3,"InterruptCurrent":false,"AttackBack":true,"TargetPriority":"","ActiveOrders":null,"Health":16,"MaxHealth":16},{"InternalID":52,"UnitID":12,"Type":2,"Kind":1,"Location":{"Space":{"X":2,"Y":-3},"Zone":{"X":0,"Y":0}},"CurrentStamina":18,"CurrentOrder":null,"Builds":[],"GarrisonedIn":null,"Stance":3,"InterruptCurrent":false,"AttackBack":true,"TargetPriority":"","ActiveOrders":null,"Health":16,"MaxHealth":16},{"InternalID":53,"UnitID":12,"Type":2,"Kind":1,"Location":{"Space":{"X":2,"Y":-3},"Zone":{"X":0,"Y":0}},"CurrentStamina":18,"CurrentOrder":null,"Builds":[],"GarrisonedIn":null,"Stance":3,"InterruptCurrent":false,"AttackBack":true,"TargetPriority":"","ActiveOrders":null,"Health":16,"MaxHealth":16},{"InternalID":54,"UnitID":12,"Type":2,"Kind":1,"Location":{"Space":{"X":2,"Y":-3},"Zone":{"X":0,"Y":0}},"CurrentStamina":18,"CurrentOrder":null,"Builds":[],"GarrisonedIn":null,"Stance":3,"InterruptCurrent":false,"AttackBack":true,"TargetPriority":"","ActiveOrders":null,"Health":16,"MaxHealth":16},{"InternalID":55,"UnitID":13,"Type":2,"Kind":1,"Location":{"Space":{"X":2,"Y":-3},"Zone":{"X":0,"Y":0}},"CurrentStamina":12,"CurrentOrder":null,"Builds":[],"GarrisonedIn":null,"Stance":3,"InterruptCurrent":false,"AttackBack":true,"TargetPriority":"","ActiveOrders":null,"Health":50,"MaxHealth":50},{"InternalID":56,"UnitID":13,"Type":2,"Kind":1,"Location":{"Space":{"X":2,"Y":-3},"Zone":{"X":0,"Y":0}},"CurrentStamina":12,"CurrentOrder":null,"Builds":[],"GarrisonedIn":null,"Stance":3,"InterruptCurrent":false,"AttackBack":true,"TargetPriority":"","ActiveOrders":null,"Health":50,"MaxHealth":50},{"InternalID":57,"UnitID":13,"Type":2,"Kind":1,"Location":{"Space":{"X":2,"Y":-3},"Zone":{"X":0,"Y":0}},"CurrentStamina":12,"CurrentOrder":null,"Builds":[],"GarrisonedIn":null,"Stance":3,"InterruptCurrent":false,"AttackBack":true,"TargetPriority":"","ActiveOrders":null,"Health":50,"MaxHealth":50},{"InternalID":58,"UnitID":13,"Type":2,"Kind":1,"Location":{"Space":{"X":2,"Y":-3},"Zone":{"X":0,"Y":0}},"CurrentStamina":12,"CurrentOrder":null,"Builds":[],"GarrisonedIn":null,"Stance":3,"InterruptCurrent":false,"AttackBack":true,"TargetPriority":"","ActiveOrders":null,"Health":50,"MaxHealth":50},{"InternalID":59,"UnitID":13,"Type":2,"Kind":1,"Location":{"Space":{"X":2,"Y":-3},"Zone":{"X":0,"Y":0}},"CurrentStamina":12,"CurrentOrder":null,"Builds":[],"GarrisonedIn":null,"Stance":3,"InterruptCurrent":false,"AttackBack":true,"TargetPriority":"","ActiveOrders":null,"Health":50,"MaxHealth":50},{"InternalID":60,"UnitID":13,"Type":2,"Kind":1,"Location":{"Space":{"X":2,"Y":-3},"Zone":{"X":0,"Y":0}},"CurrentStamina":12,"CurrentOrder":null,"Builds":[],"GarrisonedIn":null,"Stance":3,"InterruptCurrent":false,"AttackBack":true,"TargetPriority":"","ActiveOrders":null,"Health":50,"MaxHealth":50}]}
2026/09/30 21:20:38 ai ai-1: submitting orders []
2026/09/30 21:20:38 ai ai-1: vars {}
2026/09/30 21:20:38 player action: submit-orders 0 2 map[orders:[]]
2026/09/30 21:20:38 Executing submit orders for: 1 []
2026/09/30 21:20:38 ai ai-0: new turn data {"buildings":[],"enemy_buildings":[],"enemy_units":[],"foundations":[],"population":{"current":30,"limit":0},"resources":{"food":200,"gold":16,"stone":100,"wood":200},"spaces":[{"Space":{"X":0,"Y":-4},"Vision":0,"Owner":-1},{"Space":{"X":1,"Y":-4},"Vision":0,"Owner":-1},{"Space":{"X":2,"Y":-4},"Vision":0,"Owner":-1},{"Space":{"X":3,"Y":-4},"Vision":0,"Owner":-1},{"Space":{"X":4,"Y":-4},"Vision":0,"Owner":-1},{"Space":{"X":-1,"Y":-3},"Vision":0,"Owner":-1},{"Space":{"X":0,"Y":-3},"Vision":0,"Owner":-1},{"Space":{"X":1,"Y":-3},"Vision":0,"Owner":-1},{"Space":{"X":2,"Y":-3},"Vision":0,"Owner":-1},{"Space":{"X":3,"Y":-3},"Vision":0,"Owner":-1},{"Space":{"X":4,"Y":-3},"Vision":0,"Owner":-1},{"Space":{"X":-2,"Y":-2},"Vision":0,"Owner":-1},{"Space":{"X":-1,"Y":-2},"Vision":0,"Owner":-1},{"Space":{"X":0,"Y":-2},"Vision":0,"Owner":-1},{"Space":{"X":1,"Y":-2},"Vision":0,"Owner":-1},{"Space":{"X":2,"Y":-2},"Vision":0,"Owner":-1},{"Space":{"X":3,"Y":-2},"Vision":0,"Owner":-1},{"Space":{"X":4,"Y":-2},"Vision":0,"Owner":-1},{"Space":{"X":-3,"Y":-1},"Vision":0,"Owner":-1},{"Space":{"X":-2,"Y":-1},"Vision":0,"Owner":-1},{"Space":{"X":-1,"Y":-1},"Vision":0,"Owner":-1},{"Space":{"X":0,"Y":-1},"Vision":0,"Owner":-1},{"Space":{"X":1,"Y":-1},"Vision":0,"Owner":-1},{"Space":{"X":2,"Y":-1},"Vision":0,"Owner":-1},{"Space":{"X":3,"Y":-1},"Vision":0,"Owner":-1},{"Space":{"X":4,"Y":-1},"Vision":0,"Owner":-1},{"Space":{"X":-4,"Y":0},"Vision":0,"Owner":-1},{"Space":{"X":-3,"Y":0},"Vision":0,"Owner":-1},{"Space":{"X":-2,"Y":0},"Vision":2,"Owner":-1},{"Space":{"X":-1,"Y":0},"Vision":2,"Owner":-1},{"Space":{"X":0,"Y":0},"Vision":2,"Owner":-1},{"Space":{"X":1,"Y":0},"Vision":0,"Owner":-1},{"Space":{"X":2,"Y":0},"Vision":0,"Owner":-1},{"Space":{"X":3,"Y":0},"Vision":0,"Owner":-1},{"Space":{"X":4,"Y":0},"Vision":0,"Owner":-1},{"Space":{"X":-4,"Y":1},"Vision":0,"Owner":-1},{"Space":{"X":-3,"Y":1},"Vision":2,"Owner":-1},{"Space":{"X":-2,"Y":1},"Vision":3,"Owner":0},{"Space":{"X":-1,"Y":1},"Vision":3,"Owner":0},{"Space":{"X":0,"Y":1},"Vision":2,"Owner":-1},{"Space":{"X":1,"Y":1},"Vision":0,"Owner":-1},{"Space":{"X":2,"Y":1},"Vision":0,"Owner":-1},{"Space":{"X":3,"Y":1},"Vision":0,"Owner":-1},{"Space":{"X":-4,"Y":2},"Vision":2,"Owner":-1},{"Space":{"X":-3,"Y":2},"Vision":3,"Owner":0},{"Space":{"X":-2,"Y":2},"Vision":3,"Owner":-1},{"Space":{"X":-1,"Y":2},"Vision":3,"Owner":-1},{"Space":{"X":0,"Y":2},"Vision":1,"Owner":-1},{"Space":{"X":1,"Y":2},"Vision":0,"Owner":-1},{"Space":{"X":2,"Y":2},"Vision":0,"Owner":-1},{"Space":{"X":-4,"Y":3},"Vision":3,"Owner":0},{"Space":{"X":-3,"Y":3},"Vision":3,"Owner":0},{"Space":{"X":-2,"Y":3},"Vision":2,"Owner":-1},{"Space":{"X":-1,"Y":3},"Vision":3,"Owner":-1},{"Space":{"X":0,"Y":3},"Vision":2,"Owner":-1},{"Space":{"X":1,"Y":3},"Vision":0,"Owner":-1},{"Space":{"X":-4,"Y":4},"Vision":3,"Owner":0},{"Space":{"X":-3,"Y":4},"Vision":3,"Owner":-1},{"Space":{"X":-2,"Y":4},"Vision":2,"Owner":-1},{"Space":{"X":-1,"Y":4},"Vision":3,"Owner":0},{"Space":{"X":0,"Y":4},"Vision":2,"Owner":-1}],"units":[{"InternalID":1,"UnitID":11,"Type":2,"Kind":1,"Location":{"Space":{"X":-4,"Y":3},"Zone":{"X":1,"Y":0}},"CurrentStamina":15,"CurrentOrder":{"Kind":0,"TargetZone":{"Space":{"X":-4,"Y":3},"Zone":{"X":0,"Y":0}},"TargetSpace":null,"TargetResource":null,"TargetUnit":null,"TargetBuilding":null},"Builds":[],"GarrisonedIn":null,"Stance":3,"InterruptCurrent":true,"AttackBack":true,"TargetPriority":"","ActiveOrders":[{"ID":2,"Kind":0}],"Health":11,"MaxHealth":11},{"InternalID":2,"UnitID":11,"Type":2,"Kind":1,"Location":{"Space":{"X":-4,"Y":4},"Zone":{"X":1,"Y":0}},"CurrentStamina":15,"CurrentOrder":{"Kind":0,"TargetZone":{"Space":{"X":-4,"Y":4},"Zone":{"X":0,"Y":0}},"TargetSpace":null,"TargetResource":null,"TargetUnit":null,"TargetBuilding":null},"Builds":[],"GarrisonedIn":null,"Stance":3,"InterruptCurrent":true,"AttackBack":true,"TargetPriority":"","ActiveOrders":[{"ID":3,"Kind":0}],"Health":11,"MaxHealth":11},{"InternalID":3,"UnitID":11,"Type":2,"Kind":1,"Location":{"Space":{"X":-3,"Y":2},"Zone":{"X":0,"Y":1}},"CurrentStamina":15,"CurrentOrder":{"Kind":0,"TargetZone":{"Space":{"X":-3,"Y":2},"Zone":{"X":0,"Y":0}},"TargetSpace":null,"TargetResource":null,"TargetUnit":null,"TargetBuilding":null},"Builds":[],"GarrisonedIn":null,"Stance":3,"InterruptCurrent":true,"AttackBack":true,"TargetPriority":"","ActiveOrders":[{"ID":4,"Kind":0}],"Health":11,"MaxHealth":11},{"InternalID":4,"UnitID":11,"Type":2,"Kind":1,"Location":{"Space":{"X":-2,"Y":1},"Zone":{"X":0,"Y":1}},"CurrentStamina":15,"CurrentOrder":{"Kind":0,"TargetZone":{"Space":{"X":-2,"Y":1},"Zone":{"X":0,"Y":0}},"TargetSpace":null,"TargetResource":null,"TargetUnit":null,"TargetBuilding":null},"Builds":[],"GarrisonedIn":null,"Stance":3,"InterruptCurrent":true,"AttackBack":true,"TargetPriority":"","ActiveOrders":[{"ID":5,"Kind":0}],"Health":11,"MaxHealth":11},{"InternalID":5,"UnitID":11,"Type":2,"Kind":1,"Location":{"Space":{"X":-1,"Y":1},"Zone":{"X":0,"Y":1}},"CurrentStamina":15,"CurrentOrder":{"Kind":0,"TargetZone":{"Space":{"X":-1,"Y":1},"Zone":{"X":0,"Y":0}},"TargetSpace":null,"TargetResource":null,"TargetUnit":null,"TargetBuilding":null},"Builds":[],"GarrisonedIn":null,"Stance":3,"InterruptCurrent":true,"AttackBack":true,"TargetPriority":"","ActiveOrders":[{"ID":6,"Kind":0}],"Health":11,"MaxHealth":11},{"InternalID":6,"UnitID":11,"Type":2,"Kind":1,"Location":{"Space":{"X":-1,"Y":4},"Zone":{"X":0,"Y":-1}},"CurrentStamina":15,"CurrentOrder":{"Kind":0,"TargetZone":{"Space":{"X":-1,"Y":4},"Zone":{"X":0,"Y":0}},"TargetSpace":null,"TargetResource":null,"TargetUnit":null,"TargetBuilding":null},"Builds":[],"GarrisonedIn":null,"Stance":3,"InterruptCurrent":false,"AttackBack":true,"TargetPriority":"","ActiveOrders":[{"ID":7,"Kind":0}],"Health":11,"MaxHealth":11},{"InternalID":7,"UnitID":11,"Type":2,"Kind":1,"Location":{"Space":{"X":-4,"Y":3},"Zone":{"X":1,"Y":0}},"CurrentStamina":15,"CurrentOrder":{"Kind":0,"TargetZone":{"Space":{"X":-4,"Y":3},"Zone":{"X":0,"Y":0}},"TargetSpace":null,"TargetResource":null,"TargetUnit":null,"TargetBuilding":null},"Builds":[],"GarrisonedIn":null,"Stance":3,"InterruptCurrent":true,"AttackBack":true,"TargetPriority":"","ActiveOrders":[{"ID":8,"Kind":0}],"Health":11,"MaxHealth":11},{"InternalID":8,"UnitID":11,"Type":2,"Kind":1,"Location":{"Space":{"X":-4,"Y":3},"Zone":{"X":1,"Y":0}},"CurrentStamina":15,"CurrentOrder":{"Kind":0,"TargetZone":{"Space":{"X":-4,"Y":3},"Zone":{"X":0,"Y":0}},"TargetSpace":null,"TargetResource":null,"TargetUnit":null,"TargetBuilding":null},"Builds":[],"GarrisonedIn":null,"Stance":3,"InterruptCurrent":true,"AttackBack":true,"TargetPriority":"","ActiveOrders":[{"ID":9,"Kind":0}],"Health":11,"MaxHealth":11},{"InternalID":9,"UnitID":11,"Type":2,"Kind":1,"Location":{"Space":{"X":-4,"Y":3},"Zone":{"X":1,"Y":0}},"CurrentStamina":15,"CurrentOrder":{"Kind":0,"TargetZone":{"Space":{"X":-4,"Y":3},"Zone":{"X":0,"Y":0}},"TargetSpace":null,"TargetResource":null,"TargetUnit":null,"TargetBuilding":null},"Builds":[],"GarrisonedIn":null,"Stance":3,"InterruptCurrent":true,"AttackBack":true,"TargetPriority":"","ActiveOrders":[{"ID":10,"Kind":0}],"Health":11,"MaxHealth":11},{"InternalID":10,"UnitID":11,"Type":2,"Kind":1,"Location":{"Space":{"X":-4,"Y":3},"Zone":{"X":1,"Y":0}},"CurrentStamina":15,"CurrentOrder":{"Kind":0,"TargetZone":{"Space":{"X":-4,"Y":3},"Zone":{"X":0,"Y":0}},"TargetSpace":null,"TargetResource":null,"TargetUnit":null,"TargetBuilding":null},"Builds":[],"GarrisonedIn":null,"Stance":3,"InterruptCurrent":true,"AttackBack":true,"TargetPriority":"","ActiveOrders":[{"ID":11,"Kind":0}],"Health":11,"MaxHealth":11},{"InternalID":11,"UnitID":11,"Type":2,"Kind":1,"Location":{"Space":{"X":-4,"Y":3},"Zone":{"X":1,"Y":0}},"CurrentStamina":15,"CurrentOrder":{"Kind":0,"TargetZone":{"Space":{"X":-4,"Y":3},"Zone":{"X":0,"Y":0}},"TargetSpace":null,"TargetResource":null,"TargetUnit":null,"TargetBuilding":null},"Builds":[],"GarrisonedIn":null,"Stance":3,"InterruptCurrent":true,"AttackBack":true,"TargetPriority":"","ActiveOrders":[{"ID":12,"Kind":0}],"Health":11,"MaxHealth":11},{"InternalID":12,"UnitID":11,"Type":2,"Kind":1,"Location":{"Space":{"X":-4,"Y":3},"Zone":{"X":1,"Y":0}},"CurrentStamina":15,"CurrentOrder":{"Kind":0,"TargetZone":{"Space":{"X":-4,"Y":3},"Zone":{"X":0,"Y":0}},"TargetSpace":null,"TargetResource":null,"TargetUnit":null,"TargetBuilding":null},"Builds":[],"GarrisonedIn":null,"Stance":3,"InterruptCurrent":true,"AttackBack":true,"TargetPriority":"","ActiveOrders":[{"ID":13,"Kind":0}],"Health":11,"MaxHealth":11},{"InternalID":13,"UnitID":11,"Type":2,"Kind":1,"Location":{"Space":{"X":-4,"Y":3},"Zone":{"X":1,"Y":0}},"CurrentStamina":15,"CurrentOrder":{"Kind":0,"TargetZone":{"Space":{"X":-4,"Y":3},"Zone":{"X":0,"Y":0}},"TargetSpace":null,"TargetResource":null,"TargetUnit":null,"TargetBuilding":null},"Builds":[],"GarrisonedIn":null,"Stance":3,"InterruptCurrent":true,"AttackBack":true,"TargetPriority":"","ActiveOrders":[{"ID":14,"Kind":0}],"Health":11,"MaxHealth":11},{"InternalID":14,"UnitID":11,"Type":2,"Kind":1,"Location":{"Space":{"X":-4,"Y":3},"Zone":{"X":1,"Y":0}},"CurrentStamina":15,"CurrentOrder":{"Kind":0,"TargetZone":{"Space":{"X":-4,"Y":3},"Zone":{"X":0,"Y":0}},"TargetSpace":null,"TargetResource":null,"TargetUnit":null,"TargetBuilding":null},"Builds":[],"GarrisonedIn":null,"Stance":3,"InterruptCurrent":true,"AttackBack":true,"TargetPriority":"","ActiveOrders":[{"ID":15,"Kind":0}],"Health":11,"MaxHealth":11},{"InternalID":15,"UnitID":11,"Type":2,"Kind":1,"Location":{"Space":{"X":-4,"Y":3},"Zone":{"X":1,"Y":0}},"CurrentStamina":15,"CurrentOrder":{"Kind":0,"TargetZone":{"Space":{"X":-4,"Y":3},"Zone":{"X":0,"Y":0}},"TargetSpace":null,"TargetResource":null,"TargetUnit":null,"TargetBuilding":null},"Builds":[],"GarrisonedIn":null,"Stance":3,"InterruptCurrent":true,"AttackBack":true,"TargetPriority":"","ActiveOrders":[{"ID":16,"Kind":0}],"Health":11,"MaxHealth":11},{"InternalID":16,"UnitID":11,"Type":2,"Kind":1,"Location":{"Space":{"X":-4,"Y":3},"Zone":{"X":1,"Y":0}},"CurrentStamina":15,"CurrentOrder":{"Kind":0,"TargetZone":{"Space":{"X":-4,"Y":3},"Zone":{"X":0,"Y":0}},"TargetSpace":null,"TargetResource":null,"TargetUnit":null,"TargetBuilding":null},"Builds":[],"GarrisonedIn":null,"Stance":3,"InterruptCurrent":true,"AttackBack":true,"TargetPriority":"","ActiveOrders":[{"ID":17,"Kind":0}],"Health":11,"MaxHealth":11},{"InternalID":17,"UnitID":12,"Type":2,"Kind":1,"Location":{"Space":{"X":-3,"Y":3},"Zone":{"X":-1,"Y":0}},"CurrentStamina":15,"CurrentOrder":{"Kind":0,"TargetZone":{"Space":{"X":-4,"Y":3},"Zone":{"X":0,"Y":0}},"TargetSpace":null,"TargetResource":null,"TargetUnit":null,"TargetBuilding":null},"Builds":[],"GarrisonedIn":null,"Stance":3,"InterruptCurrent":true,"AttackBack":true,"TargetPriority":"","ActiveOrders":[{"ID":18,"Kind":0}],"Health":16,"MaxHealth":16},{"InternalID":18,"UnitID":12,"Type":2,"Kind":1,"Location":{"Space":{"X":-3,"Y":3},"Zone":{"X":-1,"Y":0}},"CurrentStamina":15,"CurrentOrder":{"Kind":0,"TargetZone":{"Space":{"X":-4,"Y":3},"Zone":{"X":0,"Y":0}},"TargetSpace":null,"TargetResource":null,"TargetUnit":null,"TargetBuilding":null},"Builds":[],"GarrisonedIn":null,"Stance":3,"InterruptCurrent":true,"AttackBack":true,"TargetPriority":"","ActiveOrders":[{"ID":19,"Kind":0}],"Health":16,"MaxHealth":16},{"InternalID":19,"UnitID":12,"Type":2,"Kind":1,"Location":{"Space":{"X":-3,"Y":3},"Zone":{"X":-1,"Y":0}},"CurrentStamina":15,"CurrentOrder":{"Kind":0,"TargetZone":{"Space":{"X":-4,"Y":3},"Zone":{"X":0,"Y":0}},"TargetSpace":null,"TargetResource":null,"TargetUnit":null,"TargetBuilding":null},"Builds":[],"GarrisonedIn":null,"Stance":3,"InterruptCurrent":true,"AttackBack":true,"TargetPriority":"","ActiveOrders":[{"ID":20,"Kind":0}],"Health":16,"MaxHealth":16},{"InternalID":20,"UnitID":12,"Type":2,"Kind":1,"Location":{"Space":{"X":-3,"Y":3},"Zone":{"X":-1,"Y":0}},"CurrentStamina":15,"CurrentOrder":{"Kind":0,"TargetZone":{"Space":{"X":-4,"Y":3},"Zone":{"X":0,"Y":0}},"TargetSpace":null,"TargetResource":null,"TargetUnit":null,"TargetBuilding":null},"Builds":[],"GarrisonedIn":null,"Stance":3,"InterruptCurrent":true,"AttackBack":true,"TargetPriority":"","ActiveOrders":[{"ID":21,"Kind":0}],"Health":16,"MaxHealth":16},{"InternalID":21,"UnitID":12,"Type":2,"Kind":1,"Location":{"Space":{"X":-3,"Y":3},"Zone":{"X":-1,"Y":0}},"CurrentStamina":15,"CurrentOrder":{"Kind":0,"TargetZone":{"Space":{"X":-4,"Y":3},"Zone":{"X":0,"Y":0}},"TargetSpace":null,"TargetResource":null,"TargetUnit":null,"TargetBuilding":null},"Builds":[],"GarrisonedIn":null,"Stance":3,"InterruptCurrent":true,"AttackBack":true,"TargetPriority":"","ActiveOrders":[{"ID":22,"Kind":0}],"Health":16,"MaxHealth":16},{"InternalID":22,"UnitID":12,"Type":2,"Kind":1,"Location":{"Space":{"X":-3,"Y":3},"Zone":{"X":-1,"Y":0}},"CurrentStamina":15,"CurrentOrder":{"Kind":0,"TargetZone":{"Space":{"X":-4,"Y":3},"Zone":{"X":0,"Y":0}},"TargetSpace":null,"TargetResource":null,"TargetUnit":null,"TargetBuilding":null},"Builds":[],"GarrisonedIn":null,"Stance":3,"InterruptCurrent":true,"AttackBack":true,"TargetPriority":"","ActiveOrders":[{"ID":23,"Kind":0}],"Health":16,"MaxHealth":16},{"InternalID":23,"UnitID":12,"Type":2,"Kind":1,"Location":{"Space":{"X":-3,"Y":3},"Zone":{"X":-1,"Y":0}},"CurrentStamina":15,"CurrentOrder":{"Kind":0,"TargetZone":{"Space":{"X":-4,"Y":3},"Zone":{"X":0,"Y":0}},"TargetSpace":null,"TargetResource":null,"TargetUnit":null,"TargetBuilding":null},"Builds":[],"GarrisonedIn":null,"Stance":3,"InterruptCurrent":true,"AttackBack":true,"TargetPriority":"","ActiveOrders":[{"ID":24,"Kind":0}],"Health":16,"MaxHealth":16},{"InternalID":24,"UnitID":12,"Type":2,"Kind":1,"Location":{"Space":{"X":-3,"Y":3},"Zone":{"X":-1,"Y":0}},"CurrentStamina":15,"CurrentOrder":{"Kind":0,"TargetZone":{"Space":{"X":-4,"Y":3},"Zone":{"X":0,"Y":0}},"TargetSpace":null,"TargetResource":null,"TargetUnit":null,"TargetBuilding":null},"Builds":[],"GarrisonedIn":null,"Stance":3,"InterruptCurrent":true,"AttackBack":true,"TargetPriority":"","ActiveOrders":[{"ID":25,"Kind":0}],"Health":16,"MaxHealth":16},{"InternalID":25,"UnitID":13,"Type":2,"Kind":1,"Location":{"Space":{"X":-3,"Y":3},"Zone":{"X":0,"Y":0}},"CurrentStamina":8,"CurrentOrder":{"Kind":0,"TargetZone":{"Space":{"X":-4,"Y":3},"Zone":{"X":0,"Y":0}},"TargetSpace":null,"TargetResource":null,"TargetUnit":null,"TargetBuilding":null},"Builds":[],"GarrisonedIn":null,"Stance":3,"InterruptCurrent":true,"AttackBack":true,"TargetPriority":"","ActiveOrders":[{"ID":26,"Kind":0}],"Health":50,"MaxHealth":50},{"InternalID":26,"UnitID":13,"Type":2,"Kind":1,"Location":{"Space":{"X":-3,"Y":3},"Zone":{"X":0,"Y":0}},"CurrentStamina":8,"CurrentOrder":{"Kind":0,"TargetZone":{"Space":{"X":-4,"Y":3},"Zone":{"X":0,"Y":0}},"TargetSpace":null,"TargetResource":null,"TargetUnit":null,"TargetBuilding":null},"Builds":[],"GarrisonedIn":null,"Stance":3,"InterruptCurrent":true,"AttackBack":true,"TargetPriority":"","ActiveOrders":[{"ID":27,"Kind":0}],"Health":50,"MaxHealth":50},{"InternalID":27,"UnitID":13,"Type":2,"Kind":1,"Location":{"Space":{"X":-3,"Y":3},"Zone":{"X":0,"Y":0}},"CurrentStamina":8,"CurrentOrder":{"Kind":0,"TargetZone":{"Space":{"X":-4,"Y":3},"Zone":{"X":0,"Y":0}},"TargetSpace":null,"TargetResource":null,"TargetUnit":null,"TargetBuilding":null},"Builds":[],"GarrisonedIn":null,"Stance":3,"InterruptCurrent":true,"AttackBack":true,"TargetPriority":"","ActiveOrders":[{"ID":28,"Kind":0}],"Health":50,"MaxHealth":50},{"InternalID":28,"UnitID":13,"Type":2,"Kind":1,"Location":{"Space":{"X":-3,"Y":3},"Zone":{"X":0,"Y":0}},"CurrentStamina":8,"CurrentOrder":{"Kind":0,"TargetZone":{"Space":{"X":-4,"Y":3},"Zone":{"X":0,"Y":0}},"TargetSpace":null,"TargetResource":null,"TargetUnit":null,"TargetBuilding":null},"Builds":[],"GarrisonedIn":null,"Stance":3,"InterruptCurrent":true,"AttackBack":true,"TargetPriority":"","ActiveOrders":[{"ID":29,"Kind":0}],"Health":50,"MaxHealth":50},{"InternalID":29,"UnitID":13,"Type":2,"Kind":1,"Location":{"Space":{"X":-3,"Y":3},"Zone":{"X":0,"Y":0}},"CurrentStamina":8,"CurrentOrder":{"Kind":0,"TargetZone":{"Space":{"X":-4,"Y":3},"Zone":{"X":0,"Y":0}},"TargetSpace":null,"TargetResource":null,"TargetUnit":null,"TargetBuilding":null},"Builds":[],"GarrisonedIn":null,"Stance":3,"InterruptCurrent":true,"AttackBack":true,"TargetPriority":"","ActiveOrders":[{"ID":30,"Kind":0}],"Health":50,"MaxHealth":50},{"InternalID":30,"UnitID":13,"Type":2,"Kind":1,"Location":{"Space":{"X":-3,"Y":3},"Zone":{"X":0,"Y":0}},"CurrentStamina":8,"CurrentOrder":{"Kind":0,"TargetZone":{"Space":{"X":-4,"Y":3},"Zone":{"X":0,"Y":0}},"TargetSpace":null,"TargetResource":null,"TargetUnit":null,"TargetBuilding":null},"Builds":[],"GarrisonedIn":null,"Stance":3,"InterruptCurrent":true,"AttackBack":true,"TargetPriority":"","ActiveOrders":[{"ID":31,"Kind":0}],"Health":50,"MaxHealth":50}]}
2026/09/30 21:20:38 ai ai-0: submitting orders []
2026/09/30 21:20:38 ai ai-0: vars {"B":16,"Hv":6,"Pi":8,"aPowLocal":0,"aThreat":0,"a_engaged":0,"a_odds":1.3,"a_outnumbered":0,"army_target":50,"army_value":3080,"assault":0,"bank_rate":28,"bar_barracks":0.17072129748186085,"bar_redoubt":1.1111111111111112,"barracks":0,"barracks_B":0,"barracks_P":0,"barracks_save":0,"barracks_spend":78.1,"barracks_want":0,"buffer_food":70,"buffer_gold":0,"buffer_stone":0,"buffer_wood":70,"builders":0,"committed":0,"eB":0,"eGrowth":0,"eH":0,"eMil":0,"eP":0,"ePow":0,"ePowEst":0,"ePowSeen":0,"eTech":1,"eV":0,"es":1,"farm_want":0,"farm_wood_short":0,"farming":0,"fire_barracks":0,"fire_farm0":0,"fire_farm1":0,"fire_farm2":0,"fire_house":0,"fire_outpost":0,"fire_redoubt":0,"fire_smith":0,"fire_vc":0,"food_need":0,"food_over":0,"food_rate":0,"food_slots":1000,"food_workers":0,"free_room":20,"go":0,"gold_income":14,"gold_need":0,"gold_rate":0,"gold_surplus":16,"guaranteed":0,"guard_home":0,"headroom":-30,"hire_B":861.5384615384614,"hire_P":1353.8461538461538,"homePow":0,"house_builders":0,"house_urgency":0,"house_want":0,"income_proj":0,"left":0,"lf_food":0,"lf_gold":0,"lf_stone":0,"lf_wood":0,"lump_food":0,"lump_gold":0,"lump_stone":0,"lump_wood":0,"maturity":0,"mil":30,"myTech":1,"n_barracks":0,"n_redoubts":0,"needB":19.99511837930193,"needP":0.00488162069807176,"outpost_want":0,"pikes":0,"planned_food":0,"planned_gold":0,"planned_stone":0,"planned_wood":0,"prod_rate":0,"proj_army":3080,"raid_danger":0,"raid_fails":0,"raid_lost":0,"raid_pause":0,"raid_prev":5,"raid_size":4.8,"raid_wiped":0,"rate":6,"redoubt_H":0,"redoubt_gold_ok":1,"redoubt_save":0,"redoubt_spend":30,"redoubt_want":0,"redoubts":0,"rf_food":0,"rf_gold":0,"rf_stone":0,"rf_wood":0,"sB4":256,"sP4":0.0625,"scale_l":0,"scale_r":0,"shareH":0.2,"smith_want":0,"smiths":0,"spare":0,"spare_food":0.5,"stone_need":0,"stone_rate":0,"tH":26,"target_spend":400,"tech_food":50,"tech_gold":0,"tech_stone":0,"tech_wood":50,"threat_home":0,"turns_left":-300,"u_barracks":0.2868117797695263,"u_redoubt":0.18666666666666668,"unit_spend":120,"vB":4,"vH":1,"vP":0.5,"vc_want":0,"vcs":0,"vil_goal":50,"vil_rate":0,"vil_stamina":8,"vil_want":0,"vil_want_last":0,"vil_worth_now":0.6,"vils":0,"w_food":0,"w_gold":0,"w_stone":0,"w_wood":0,"wild_workers":0,"wood_need":0,"wood_rate":0,"workers":0}
2026/09/30 21:20:38 player action: submit-orders 0 1 map[orders:[]]
2026/09/30 21:20:38 Executing submit orders for: 0 []
2026/09/30 21:20:38 Resolving active orders
2026/09/30 21:20:38 Moving unit 7 Blunt Infantry to zone(0, 0) in space (-4, 3) tick=1
2026/09/30 21:20:38 Moving unit 15 Blunt Infantry to zone(0, 0) in space (-4, 3) tick=1
2026/09/30 21:20:38 Moving unit 19 Piercing Infantry to zone(1, 0) in space (-4, 3) tick=1
2026/09/30 21:20:38 Moving unit 12 Blunt Infantry to zone(0, 0) in space (-4, 3) tick=1
2026/09/30 21:20:38 Moving unit 27 Heavy Infantry to zone(-1, 0) in space (-3, 3) tick=1
2026/09/30 21:20:38 Moving unit 30 Heavy Infantry to zone(-1, 0) in space (-3, 3) tick=1
2026/09/30 21:20:38 Moving unit 1 Blunt Infantry to zone(0, 0) in space (-4, 3) tick=1
2026/09/30 21:20:38 Moving unit 2 Blunt Infantry to zone(0, 0) in space (-4, 4) tick=1
2026/09/30 21:20:38 Moving unit 11 Blunt Infantry to zone(0, 0) in space (-4, 3) tick=1
2026/09/30 21:20:38 Moving unit 13 Blunt Infantry to zone(0, 0) in space (-4, 3) tick=1
2026/09/30 21:20:38 Moving unit 18 Piercing Infantry to zone(1, 0) in space (-4, 3) tick=1
2026/09/30 21:20:38 Moving unit 29 Heavy Infantry to zone(-1, 0) in space (-3, 3) tick=1
2026/09/30 21:20:38 Moving unit 5 Blunt Infantry to zone(0, 0) in space (-1, 1) tick=1
2026/09/30 21:20:38 Moving unit 14 Blunt Infantry to zone(0, 0) in space (-4, 3) tick=1
2026/09/30 21:20:38 Moving unit 17 Piercing Infantry to zone(1, 0) in space (-4, 3) tick=1
2026/09/30 21:20:38 Moving unit 21 Piercing Infantry to zone(1, 0) in space (-4, 3) tick=1
2026/09/30 21:20:38 Moving unit 24 Piercing Infantry to zone(1, 0) in space (-4, 3) tick=1
2026/09/30 21:20:38 Moving unit 25 Heavy Infantry to zone(-1, 0) in space (-3, 3) tick=1
2026/09/30 21:20:38 Moving unit 26 Heavy Infantry to zone(-1, 0) in space (-3, 3) tick=1
2026/09/30 21:20:38 Moving unit 23 Piercing Infantry to zone(1, 0) in space (-4, 3) tick=1
2026/09/30 21:20:38 Moving unit 3 Blunt Infantry to zone(0, 0) in space (-3, 2) tick=1
2026/09/30 21:20:38 Moving unit 9 Blunt Infantry to zone(0, 0) in space (-4, 3) tick=1
2026/09/30 21:20:38 Moving unit 20 Piercing Infantry to zone(1, 0) in space (-4, 3) tick=1
2026/09/30 21:20:38 Moving unit 22 Piercing Infantry to zone(1, 0) in space (-4, 3) tick=1
2026/09/30 21:20:38 Moving unit 4 Blunt Infantry to zone(0, 0) in space (-2, 1) tick=1
2026/09/30 21:20:38 Moving unit 6 Blunt Infantry to zone(0, 0) in space (-1, 4) tick=1
2026/09/30 21:20:38 Moving unit 8 Blunt Infantry to zone(0, 0) in space (-4, 3) tick=1
2026/09/30 21:20:38 Moving unit 10 Blunt Infantry to zone(0, 0) in space (-4, 3) tick=1
2026/09/30 21:20:38 Moving unit 16 Blunt Infantry to zone(0, 0) in space (-4, 3) tick=1
2026/09/30 21:20:38 Moving unit 28 Heavy Infantry to zone(-1, 0) in space (-3, 3) tick=1
2026/09/30 21:20:38 Moving unit 31 Blunt Infantry to zone(0, 0) in space (0, -3) tick=1
2026/09/30 21:20:38 state_hash turn=2 tick=1 hash=6bdabaefb75e96ea
2026/09/30 21:20:38 Moving unit 22 Piercing Infantry to zone(0, 0) in space (-4, 3) tick=2
2026/09/30 21:20:38 Moving unit 28 Heavy Infantry to zone(1, 0) in space (-4, 3) tick=2
2026/09/30 21:20:38 Moving unit 19 Piercing Infantry to zone(0, 0) in space (-4, 3) tick=2
2026/09/30 21:20:38 Moving unit 27 Heavy Infantry to zone(1, 0) in space (-4, 3) tick=2
2026/09/30 21:20:38 Moving unit 30 Heavy Infantry to zone(1, 0) in space (-4, 3) tick=2
2026/09/30 21:20:38 Moving unit 18 Piercing Infantry to zone(0, 0) in space (-4, 3) tick=2
2026/09/30 21:20:38 Moving unit 29 Heavy Infantry to zone(1, 0) in space (-4, 3) tick=2
2026/09/30 21:20:38 Moving unit 17 Piercing Infantry to zone(0, 0) in space (-4, 3) tick=2
2026/09/30 21:20:38 Moving unit 21 Piercing Infantry to zone(0, 0) in space (-4, 3) tick=2
2026/09/30 21:20:38 Moving unit 24 Piercing Infantry to zone(0, 0) in space (-4, 3) tick=2
2026/09/30 21:20:38 Moving unit 25 Heavy Infantry to zone(1, 0) in space (-4, 3) tick=2
2026/09/30 21:20:38 Moving unit 26 Heavy Infantry to zone(1, 0) in space (-4, 3) tick=2
2026/09/30 21:20:38 Moving unit 23 Piercing Infantry to zone(0, 0) in space (-4, 3) tick=2
2026/09/30 21:20:38 Moving unit 20 Piercing Infantry to zone(0, 0) in space (-4, 3) tick=2
2026/09/30 21:20:38 state_hash turn=2 tick=2 hash=00a53ff9aaaca616
2026/09/30 21:20:38 Moving unit 27 Heavy Infantry to zone(0, 0) in space (-4, 3) tick=3
2026/09/30 21:20:38 Moving unit 30 Heavy Infantry to zone(0, 0) in space (-4, 3) tick=3
2026/09/30 21:20:38 Moving unit 29 Heavy Infantry to zone(0, 0) in space (-4, 3) tick=3
2026/09/30 21:20:38 Moving unit 25 Heavy Infantry to zone(0, 0) in space (-4, 3) tick=3
2026/09/30 21:20:38 Moving unit 26 Heavy Infantry to zone(0, 0) in space (-4, 3) tick=3
2026/09/30 21:20:38 Moving unit 28 Heavy Infantry to zone(0, 0) in space (-4, 3) tick=3
2026/09/30 21:20:38 state_hash turn=2 tick=3 hash=fe7494e6814a1ec9
2026/09/30 21:20:38 state_hash turn=2 tick=end hash=9a8ee0a88c4f5f6c
2026/09/30 21:20:38 ai ai-1: new turn data {"buildings":[],"enemy_buildings":[],"enemy_units":[],"foundations":[],"population":{"current":30,"limit":0},"resources":{"food":200,"gold":10,"stone":100,"wood":200},"spaces":[{"Space":{"X":0,"Y":-4},"Vision":2,"Owner":-1},{"Space":{"X":1,"Y":-4},"Vision":2,"Owner":-1},{"Space":{"X":2,"Y":-4},"Vision":2,"Owner":-1},{"Space":{"X":3,"Y":-4},"Vision":2,"Owner":-1},{"Space":{"X":4,"Y":-4},"Vision":0,"Owner":-1},{"Space":{"X":-1,"Y":-3},"Vision":2,"Owner":-1},{"Space":{"X":0,"Y":-3},"Vision":3,"Owner":1},{"Space":{"X":1,"Y":-3},"Vision":2,"Owner":-1},{"Space":{"X":2,"Y":-3},"Vision":3,"Owner":1},{"Space":{"X":3,"Y":-3},"Vision":2,"Owner":-1},{"Space":{"X":4,"Y":-3},"Vision":0,"Owner":-1},{"Space":{"X":-2,"Y":-2},"Vision":0,"Owner":-1},{"Space":{"X":-1,"Y":-2},"Vision":2,"Owner":-1},{"Space":{"X":0,"Y":-2},"Vision":2,"Owner":-1},{"Space":{"X":1,"Y":-2},"Vision":2,"Owner":-1},{"Space":{"X":2,"Y":-2},"Vision":2,"Owner":-1},{"Space":{"X":3,"Y":-2},"Vision":0,"Owner":-1},{"Space":{"X":4,"Y":-2},"Vision":0,"Owner":-1},{"Space":{"X":-3,"Y":-1},"Vision":0,"Owner":-1},{"Space":{"X":-2,"Y":-1},"Vision":0,"Owner":-1},{"Space":{"X":-1,"Y":-1},"Vision":0,"Owner":-1},{"Space":{"X":0,"Y":-1},"Vision":0,"Owner":-1},{"Space":{"X":1,"Y":-1},"Vision":0,"Owner":-1},{"Space":{"X":2,"Y":-1},"Vision":0,"Owner":-1},{"Space":{"X":3,"Y":-1},"Vision":0,"Owner":-1},{"Space":{"X":4,"Y":-1},"Vision":0,"Owner":-1},{"Space":{"X":-4,"Y":0},"Vision":0,"Owner":-1},{"Space":{"X":-3,"Y":0},"Vision":0,"Owner":-1},{"Space":{"X":-2,"Y":0},"Vision":0,"Owner":-1},{"Space":{"X":-1,"Y":0},"Vision":0,"Owner":-1},{"Space":{"X":0,"Y":0},"Vision":0,"Owner":-1},{"Space":{"X":1,"Y":0},"Vision":0,"Owner":-1},{"Space":{"X":2,"Y":0},"Vision":0,"Owner":-1},{"Space":{"X":3,"Y":0},"Vision":0,"Owner":-1},{"Space":{"X":4,"Y":0},"Vision":0,"Owner":-1},{"Space":{"X":-4,"Y":1},"Vision":0,"Owner":-1},{"Space":{"X":-3,"Y":1},"Vision":0,"Owner":-1},{"Space":{"X":-2,"Y":1},"Vision":0,"Owner":-1},{"Space":{"X":-1,"Y":1},"Vision":0,"Owner":-1},{"Space":{"X":0,"Y":1},"Vision":0,"Owner":-1},{"Space":{"X":1,"Y":1},"Vision":0,"Owner":-1},{"Space":{"X":2,"Y":1},"Vision":0,"Owner":-1},{"Space":{"X":3,"Y":1},"Vision":0,"Owner":-1},{"Space":{"X":-4,"Y":2},"Vision":0,"Owner":-1},{"Space":{"X":-3,"Y":2},"Vision":0,"Owner":-1},{"Space":{"X":-2,"Y":2},"Vision":0,"Owner":-1},{"Space":{"X":-1,"Y":2},"Vision":0,"Owner":-1},{"Space":{"X":0,"Y":2},"Vision":0,"Owner":-1},{"Space":{"X":1,"Y":2},"Vision":0,"Owner":-1},{"Space":{"X":2,"Y":2},"Vision":0,"Owner":-1},{"Space":{"X":-4,"Y":3},"Vision":0,"Owner":-1},{"Space":{"X":-3,"Y":3},"Vision":0,"Owner":-1},{"Space":{"X":-2,"Y":3},"Vision":0,"Owner":-1},{"Space":{"X":-1,"Y":3},"Vision":0,"Owner":-1},{"Space":{"X":0,"Y":3},"Vision":0,"Owner":-1},{"Space":{"X":1,"Y":3},"Vision":0,"Owner":-1},{"Space":{"X":-4,"Y":4},"Vision":0,"Owner":-1},{"Space":{"X":-3,"Y":4},"Vision":0,"Owner":-1},{"Space":{"X":-2,"Y":4},"Vision":0,"Owner":-1},{"Space":{"X":-1,"Y":4},"Vision":0,"Owner":-1},{"Space":{"X":0,"Y":4},"Vision":0,"Owner":-1}],"units":[{"InternalID":31,"UnitID":11,"Type":2,"Kind":1,"Location":{"Space":{"X":0,"Y":-3},"Zone":{"X":0,"Y":0}},"CurrentStamina":23,"CurrentOrder":null,"Builds":[],"GarrisonedIn":null,"Stance":3,"InterruptCurrent":false,"AttackBack":true,"TargetPriority":"","ActiveOrders":null,"Health":11,"MaxHealth":11},{"InternalID":32,"UnitID":11,"Type":2,"Kind":1,"Location":{"Space":{"X":2,"Y":-3},"Zone":{"X":0,"Y":0}},"CurrentStamina":23,"CurrentOrder":null,"Builds":[],"GarrisonedIn":null,"Stance":3,"InterruptCurrent":false,"AttackBack":true,"TargetPriority":"","ActiveOrders":null,"Health":11,"MaxHealth":11},{"InternalID":33,"UnitID":11,"Type":2,"Kind":1,"Location":{"Space":{"X":2,"Y":-3},"Zone":{"X":0,"Y":0}},"CurrentStamina":23,"CurrentOrder":null,"Builds":[],"GarrisonedIn":null,"Stance":3,"InterruptCurrent":false,"AttackBack":true,"TargetPriority":"","ActiveOrders":null,"Health":11,"MaxHealth":11},{"InternalID":34,"UnitID":11,"Type":2,"Kind":1,"Location":{"Space":{"X":2,"Y":-3},"Zone":{"X":0,"Y":0}},"CurrentStamina":23,"CurrentOrder":null,"Builds":[],"GarrisonedIn":null,"Stance":3,"InterruptCurrent":false,"AttackBack":true,"TargetPriority":"","ActiveOrders":null,"Health":11,"MaxHealth":11},{"InternalID":35,"UnitID":11,"Type":2,"Kind":1,"Location":{"Space":{"X":2,"Y":-3},"Zone":{"X":0,"Y":0}},"CurrentStamina":23,"CurrentOrder":null,"Builds":[],"GarrisonedIn":null,"Stance":3,"InterruptCurrent":false,"AttackBack":true,"TargetPriority":"","ActiveOrders":null,"Health":11,"MaxHealth":11},{"InternalID":36,"UnitID":11,"Type":2,"Kind":1,"Location":{"Space":{"X":2,"Y":-3},"Zone":{"X":0,"Y":0}},"CurrentStamina":23,"CurrentOrder":null,"Builds":[],"GarrisonedIn":null,"Stance":3,"InterruptCurrent":false,"AttackBack":true,"TargetPriority":"","ActiveOrders":null,"Health":11,"MaxHealth":11},{"InternalID":37,"UnitID":11,"Type":2,"Kind":1,"Location":{"Space":{"X":2,"Y":-3},"Zone":{"X":0,"Y":0}},"CurrentStamina":23,"CurrentOrder":null,"Builds":[],"GarrisonedIn":null,"Stance":3,"InterruptCurrent":false,"AttackBack":true,"TargetPriority":"","ActiveOrders":null,"Health":11,"MaxHealth":11},{"InternalID":38,"UnitID":11,"Type":2,"Kind":1,"Location":{"Space":{"X":2,"Y":-3},"Zone":{"X":0,"Y":0}},"CurrentStamina":23,"CurrentOrder":null,"Builds":[],"GarrisonedIn":null,"Stance":3,"InterruptCurrent":false,"AttackBack":true,"TargetPriority":"","ActiveOrders":null,"Health":11,"MaxHealth":11},{"InternalID":39,"UnitID":11,"Type":2,"Kind":1,"Location":{"Space":{"X":2,"Y":-3},"Zone":{"X":0,"Y":0}},"CurrentStamina":23,"CurrentOrder":null,"Builds":[],"GarrisonedIn":null,"Stance":3,"InterruptCurrent":false,"AttackBack":true,"TargetPriority":"","ActiveOrders":null,"Health":11,"MaxHealth":11},{"InternalID":40,"UnitID":11,"Type":2,"Kind":1,"Location":{"Space":{"X":2,"Y":-3},"Zone":{"X":0,"Y":0}},"CurrentStamina":23,"CurrentOrder":null,"Builds":[],"GarrisonedIn":null,"Stance":3,"InterruptCurrent":false,"AttackBack":true,"TargetPriority":"","ActiveOrders":null,"Health":11,"MaxHealth":11},{"InternalID":41,"UnitID":11,"Type":2,"Kind":1,"Location":{"Space":{"X":2,"Y":-3},"Zone":{"X":0,"Y":0}},"CurrentStamina":23,"CurrentOrder":null,"Builds":[],"GarrisonedIn":null,"Stance":3,"InterruptCurrent":false,"AttackBack":true,"TargetPriority":"","ActiveOrders":null,"Health":11,"MaxHealth":11},{"InternalID":42,"UnitID":11,"Type":2,"Kind":1,"Location":{"Space":{"X":2,"Y":-3},"Zone":{"X":0,"Y":0}},"CurrentStamina":23,"CurrentOrder":null,"Builds":[],"GarrisonedIn":null,"Stance":3,"InterruptCurrent":false,"AttackBack":true,"TargetPriority":"","ActiveOrders":null,"Health":11,"MaxHealth":11},{"InternalID":43,"UnitID":11,"Type":2,"Kind":1,"Location":{"Space":{"X":2,"Y":-3},"Zone":{"X":0,"Y":0}},"CurrentStamina":23,"CurrentOrder":null,"Builds":[],"GarrisonedIn":null,"Stance":3,"InterruptCurrent":false,"AttackBack":true,"TargetPriority":"","ActiveOrders":null,"Health":11,"MaxHealth":11},{"InternalID":44,"UnitID":11,"Type":2,"Kind":1,"Location":{"Space":{"X":2,"Y":-3},"Zone":{"X":0,"Y":0}},"CurrentStamina":23,"CurrentOrder":null,"Builds":[],"GarrisonedIn":null,"Stance":3,"InterruptCurrent":false,"AttackBack":true,"TargetPriority":"","ActiveOrders":null,"Health":11,"MaxHealth":11},{"InternalID":45,"UnitID":11,"Type":2,"Kind":1,"Location":{"Space":{"X":2,"Y":-3},"Zone":{"X":0,"Y":0}},"CurrentStamina":23,"CurrentOrder":null,"Builds":[],"GarrisonedIn":null,"Stance":3,"InterruptCurrent":false,"AttackBack":true,"TargetPriority":"","ActiveOrders":null,"Health":11,"MaxHealth":11},{"InternalID":46,"UnitID":11,"Type":2,"Kind":1,"Location":{"Space":{"X":2,"Y":-3},"Zone":{"X":0,"Y":0}},"CurrentStamina":23,"CurrentOrder":null,"Builds":[],"GarrisonedIn":null,"Stance":3,"InterruptCurrent":false,"AttackBack":true,"TargetPriority":"","ActiveOrders":null,"Health":11,"MaxHealth":11},{"InternalID":47,"UnitID":12,"Type":2,"Kind":1,"Location":{"Space":{"X":2,"Y":-3},"Zone":{"X":0,"Y":0}},"CurrentStamina":18,"CurrentOrder":null,"Builds":[],"GarrisonedIn":null,"Stance":3,"InterruptCurrent":false,"AttackBack":true,"TargetPriority":"","ActiveOrders":null,"Health":16,"MaxHealth":16},{"InternalID":48,"UnitID":12,"Type":2,"Kind":1,"Location":{"Space":{"X":2,"Y":-3},"Zone":{"X":0,"Y":0}},"CurrentStamina":18,"CurrentOrder":null,"Builds":[],"GarrisonedIn":null,"Stance":3,"InterruptCurrent":false,"AttackBack":true,"TargetPriority":"","ActiveOrders":null,"Health":16,"MaxHealth":16},{"InternalID":49,"UnitID":12,"Type":2,"Kind":1,"Location":{"Space":{"X":2,"Y":-3},"Zone":{"X":0,"Y":0}},"CurrentStamina":18,"CurrentOrder":null,"Builds":[],"GarrisonedIn":null,"Stance":3,"InterruptCurrent":false,"AttackBack":true,"TargetPriority":"","ActiveOrders":null,"Health":16,"MaxHealth":16},{"InternalID":50,"UnitID":12,"Type":2,"Kind":1,"Location":{"Space":{"X":2,"Y":-3},"Zone":{"X":0,"Y":0}},"CurrentStamina":18,"CurrentOrder":null,"Builds":[],"GarrisonedIn":null,"Stance":3,"InterruptCurrent":false,"AttackBack":true,"TargetPriority":"","ActiveOrders":null,"Health":16,"MaxHealth":16},{"InternalID":51,"UnitID":12,"Type":2,"Kind":1,"Location":{"Space":{"X":2,"Y":-3},"Zone":{"X":0,"Y":0}},"CurrentStamina":18,"CurrentOrder":null,"Builds":[],"GarrisonedIn":null,"Stance":3,"InterruptCurrent":false,"AttackBack":true,"TargetPriority":"","ActiveOrders":null,"Health":16,"MaxHealth":16},{"InternalID":52,"UnitID":12,"Type":2,"Kind":1,"Location":{"Space":{"X":2,"Y":-3},"Zone":{"X":0,"Y":0}},"CurrentStamina":18,"CurrentOrder":null,"Builds":[],"GarrisonedIn":null,"Stance":3,"InterruptCurrent":false,"AttackBack":true,"TargetPriority":"","ActiveOrders":null,"Health":16,"MaxHealth":16},{"InternalID":53,"UnitID":12,"Type":2,"Kind":1,"Location":{"Space":{"X":2,"Y":-3},"Zone":{"X":0,"Y":0}},"CurrentStamina":18,"CurrentOrder":null,"Builds":[],"GarrisonedIn":null,"Stance":3,"InterruptCurrent":false,"AttackBack":true,"TargetPriority":"","ActiveOrders":null,"Health":16,"MaxHealth":16},{"InternalID":54,"UnitID":12,"Type":2,"Kind":1,"Location":{"Space":{"X":2,"Y":-3},"Zone":{"X":0,"Y":0}},"CurrentStamina":18,"CurrentOrder":null,"Builds":[],"GarrisonedIn":null,"Stance":3,"InterruptCurrent":false,"AttackBack":true,"TargetPriority":"","ActiveOrders":null,"Health":16,"MaxHealth":16},{"InternalID":55,"UnitID":13,"Type":2,"Kind":1,"Location":{"Space":{"X":2,"Y":-3},"Zone":{"X":0,"Y":0}},"CurrentStamina":12,"CurrentOrder":null,"Builds":[],"GarrisonedIn":null,"Stance":3,"InterruptCurrent":false,"AttackBack":true,"TargetPriority":"","ActiveOrders":null,"Health":50,"MaxHealth":50},{"InternalID":56,"UnitID":13,"Type":2,"Kind":1,"Location":{"Space":{"X":2,"Y":-3},"Zone":{"X":0,"Y":0}},"CurrentStamina":12,"CurrentOrder":null,"Builds":[],"GarrisonedIn":null,"Stance":3,"InterruptCurrent":false,"AttackBack":true,"TargetPriority":"","ActiveOrders":null,"Health":50,"MaxHealth":50},{"InternalID":57,"UnitID":13,"Type":2,"Kind":1,"Location":{"Space":{"X":2,"Y":-3},"Zone":{"X":0,"Y":0}},"CurrentStamina":12,"CurrentOrder":null,"Builds":[],"GarrisonedIn":null,"Stance":3,"InterruptCurrent":false,"AttackBack":true,"TargetPriority":"","ActiveOrders":null,"Health":50,"MaxHealth":50},{"InternalID":58,"UnitID":13,"Type":2,"Kind":1,"Location":{"Space":{"X":2,"Y":-3},"Zone":{"X":0,"Y":0}},"CurrentStamina":12,"CurrentOrder":null,"Builds":[],"GarrisonedIn":null,"Stance":3,"InterruptCurrent":false,"AttackBack":true,"TargetPriority":"","ActiveOrders":null,"Health":50,"MaxHealth":50},{"InternalID":59,"UnitID":13,"Type":2,"Kind":1,"Location":{"Space":{"X":2,"Y":-3},"Zone":{"X":0,"Y":0}},"CurrentStamina":12,"CurrentOrder":null,"Builds":[],"GarrisonedIn":null,"Stance":3,"InterruptCurrent":false,"AttackBack":true,"TargetPriority":"","ActiveOrders":null,"Health":50,"MaxHealth":50},{"InternalID":60,"UnitID":13,"Type":2,"Kind":1,"Location":{"Space":{"X":2,"Y":-3},"Zone":{"X":0,"Y":0}},"CurrentStamina":12,"CurrentOrder":null,"Builds":[],"GarrisonedIn":null,"Stance":3,"InterruptCurrent":false,"AttackBack":true,"TargetPriority":"","ActiveOrders":null,"Health":50,"MaxHealth":50}]}
2026/09/30 21:20:38 ai ai-0: new turn data {"buildings":[],"enemy_buildings":[],"enemy_units":[],"foundations":[],"population":{"current":30,"limit":0},"resources":{"food":200,"gold":28,"stone":100,"wood":200},"spaces":[{"Space":{"X":0,"Y":-4},"Vision":0,"Owner":-1},{"Space":{"X":1,"Y":-4},"Vision":0,"Owner":-1},{"Space":{"X":2,"Y":-4},"Vision":0,"Owner":-1},{"Space":{"X":3,"Y":-4},"Vision":0,"Owner":-1},{"Space":{"X":4,"Y":-4},"Vision":0,"Owner":-1},{"Space":{"X":-1,"Y":-3},"Vision":0,"Owner":-1},{"Space":{"X":0,"Y":-3},"Vision":0,"Owner":-1},{"Space":{"X":1,"Y":-3},"Vision":0,"Owner":-1},{"Space":{"X":2,"Y":-3},"Vision":0,"Owner":-1},{"Space":{"X":3,"Y":-3},"Vision":0,"Owner":-1},{"Space":{"X":4,"Y":-3},"Vision":0,"Owner":-1},{"Space":{"X":-2,"Y":-2},"Vision":0,"Owner":-1},{"Space":{"X":-1,"Y":-2},"Vision":0,"Owner":-1},{"Space":{"X":0,"Y":-2},"Vision":0,"Owner":-1},{"Space":{"X":1,"Y":-2},"Vision":0,"Owner":-1},{"Space":{"X":2,"Y":-2},"Vision":0,"Owner":-1},{"Space":{"X":3,"Y":-2},"Vision":0,"Owner":-1},{"Space":{"X":4,"Y":-2},"Vision":0,"Owner":-1},{"Space":{"X":-3,"Y":-1},"Vision":0,"Owner":-1},{"Space":{"X":-2,"Y":-1},"Vision":0,"Owner":-1},{"Space":{"X":-1,"Y":-1},"Vision":0,"Owner":-1},{"Space":{"X":0,"Y":-1},"Vision":0,"Owner":-1},{"Space":{"X":1,"Y":-1},"Vision":0,"Owner":-1},{"Space":{"X":2,"Y":-1},"Vision":0,"Owner":-1},{"Space":{"X":3,"Y":-1},"Vision":0,"Owner":-1},{"Space":{"X":4,"Y":-1},"Vision":0,"Owner":-1},{"Space":{"X":-4,"Y":0},"Vision":0,"Owner":-1},{"Space":{"X":-3,"Y":0},"Vision":0,"Owner":-1},{"Space":{"X":-2,"Y":0},"Vision":2,"Owner":-1},{"Space":{"X":-1,"Y":0},"Vision":2,"Owner":-1},{"Space":{"X":0,"Y":0},"Vision":2,"Owner":-1},{"Space":{"X":1,"Y":0},"Vision":0,"Owner":-1},{"Space":{"X":2,"Y":0},"Vision":0,"Owner":-1},{"Space":{"X":3,"Y":0},"Vision":0,"Owner":-1},{"Space":{"X":4,"Y":0},"Vision":0,"Owner":-1},{"Space":{"X":-4,"Y":1},"Vision":0,"Owner":-1},{"Space":{"X":-3,"Y":1},"Vision":2,"Owner":-1},{"Space":{"X":-2,"Y":1},"Vision":3,"Owner":0},{"Space":{"X":-1,"Y":1},"Vision":3,"Owner":0},{"Space":{"X":0,"Y":1},"Vision":2,"Owner":-1},{"Space":{"X":1,"Y":1},"Vision":0,"Owner":-1},{"Space":{"X":2,"Y":1},"Vision":0,"Owner":-1},{"Space":{"X":3,"Y":1},"Vision":0,"Owner":-1},{"Space":{"X":-4,"Y":2},"Vision":2,"Owner":-1},{"Space":{"X":-3,"Y":2},"Vision":3,"Owner":0},{"Space":{"X":-2,"Y":2},"Vision":2,"Owner":-1},{"Space":{"X":-1,"Y":2},"Vision":2,"Owner":-1},{"Space":{"X":0,"Y":2},"Vision":1,"Owner":-1},{"Space":{"X":1,"Y":2},"Vision":0,"Owner":-1},{"Space":{"X":2,"Y":2},"Vision":0,"Owner":-1},{"Space":{"X":-4,"Y":3},"Vision":3,"Owner":0},{"Space":{"X":-3,"Y":3},"Vision":2,"Owner":-1},{"Space":{"X":-2,"Y":3},"Vision":1,"Owner":-1},{"Space":{"X":-1,"Y":3},"Vision":2,"Owner":-1},{"Space":{"X":0,"Y":3},"Vision":2,"Owner":-1},{"Space":{"X":1,"Y":3},"Vision":0,"Owner":-1},{"Space":{"X":-4,"Y":4},"Vision":3,"Owner":0},{"Space":{"X":-3,"Y":4},"Vision":2,"Owner":-1},{"Space":{"X":-2,"Y":4},"Vision":2,"Owner":-1},{"Space":{"X":-1,"Y":4},"Vision":3,"Owner":0},{"Space":{"X":0,"Y":4},"Vision":2,"Owner":-1}],"units":[{"InternalID":1,"UnitID":11,"Type":2,"Kind":1,"Location":{"Space":{"X":-4,"Y":3},"Zone":{"X":0,"Y":0}},"CurrentStamina":23,"CurrentOrder":null,"Builds":[],"GarrisonedIn":null,"Stance":3,"InterruptCurrent":true,"AttackBack":true,"TargetPriority":"","ActiveOrders":null,"Health":11,"MaxHealth":11},{"InternalID":2,"UnitID":11,"Type":2,"Kind":1,"Location":{"Space":{"X":-4,"Y":4},"Zone":{"X":0,"Y":0}},"CurrentStamina":23,"CurrentOrder":null,"Builds":[],"GarrisonedIn":null,"Stance":3,"InterruptCurrent":true,"AttackBack":true,"TargetPriority":"","ActiveOrders":null,"Health":11,"MaxHealth":11},{"InternalID":3,"UnitID":11,"Type":2,"Kind":1,"Location":{"Space":{"X":-3,"Y":2},"Zone":{"X":0,"Y":0}},"CurrentStamina":23,"CurrentOrder":null,"Builds":[],"GarrisonedIn":null,"Stance":3,"InterruptCurrent":true,"AttackBack":true,"TargetPriority":"","ActiveOrders":null,"Health":11,"MaxHealth":11},{"InternalID":4,"UnitID":11,"Type":2,"Kind":1,"Location":{"Space":{"X":-2,"Y":1},"Zone":{"X":0,"Y":0}},"CurrentStamina":23,"CurrentOrder":null,"Builds":[],"GarrisonedIn":null,"Stance":3,"InterruptCurrent":true,"AttackBack":true,"TargetPriority":"","ActiveOrders":null,"Health":11,"MaxHealth":11},{"InternalID":5,"UnitID":11,"Type":2,"Kind":1,"Location":{"Space":{"X":-1,"Y":1},"Zone":{"X":0,"Y":0}},"CurrentStamina":23,"CurrentOrder":null,"Builds":[],"GarrisonedIn":null,"Stance":3,"InterruptCurrent":true,"AttackBack":true,"TargetPriority":"","ActiveOrders":null,"Health":11,"MaxHealth":11},{"InternalID":6,"UnitID":11,"Type":2,"Kind":1,"Location":{"Space":{"X":-1,"Y":4},"Zone":{"X":0,"Y":0}},"CurrentStamina":23,"CurrentOrder":null,"Builds":[],"GarrisonedIn":null,"Stance":3,"InterruptCurrent":false,"AttackBack":true,"TargetPriority":"","ActiveOrders":null,"Health":11,"MaxHealth":11},{"InternalID":7,"UnitID":11,"Type":2,"Kind":1,"Location":{"Space":{"X":-4,"Y":3},"Zone":{"X":0,"Y":0}},"CurrentStamina":23,"CurrentOrder":null,"Builds":[],"GarrisonedIn":null,"Stance":3,"InterruptCurrent":true,"AttackBack":true,"TargetPriority":"","ActiveOrders":null,"Health":11,"MaxHealth":11},{"InternalID":8,"UnitID":11,"Type":2,"Kind":1,"Location":{"Space":{"X":-4,"Y":3},"Zone":{"X":0,"Y":0}},"CurrentStamina":23,"CurrentOrder":null,"Builds":[],"GarrisonedIn":null,"Stance":3,"InterruptCurrent":true,"AttackBack":true,"TargetPriority":"","ActiveOrders":null,"Health":11,"MaxHealth":11},{"InternalID":9,"UnitID":11,"Type":2,"Kind":1,"Location":{"Space":{"X":-4,"Y":3},"Zone":{"X":0,"Y":0}},"CurrentStamina":23,"CurrentOrder":null,"Builds":[],"GarrisonedIn":null,"Stance":3,"InterruptCurrent":true,"AttackBack":true,"TargetPriority":"","ActiveOrders":null,"Health":11,"MaxHealth":11},{"InternalID":10,"UnitID":11,"Type":2,"Kind":1,"Location":{"Space":{"X":-4,"Y":3},"Zone":{"X":0,"Y":0}},"CurrentStamina":23,"CurrentOrder":null,"Builds":[],"GarrisonedIn":null,"Stance":3,"InterruptCurrent":true,"AttackBack":true,"TargetPriority":"","ActiveOrders":null,"Health":11,"MaxHealth":11},{"InternalID":11,"UnitID":11,"Type":2,"Kind":1,"Location":{"Space":{"X":-4,"Y":3},"Zone":{"X":0,"Y":0}},"CurrentStamina":23,"CurrentOrder":null,"Builds":[],"GarrisonedIn":null,"Stance":3,"InterruptCurrent":true,"AttackBack":true,"TargetPriority":"","ActiveOrders":null,"Health":11,"MaxHealth":11},{"InternalID":12,"UnitID":11,"Type":2,"Kind":1,"Location":{"Space":{"X":-4,"Y":3},"Zone":{"X":0,"Y":0}},"CurrentStamina":23,"CurrentOrder":null,"Builds":[],"GarrisonedIn":null,"Stance":3,"InterruptCurrent":true,"AttackBack":true,"TargetPriority":"","ActiveOrders":null,"Health":11,"MaxHealth":11},{"InternalID":13,"UnitID":11,"Type":2,"Kind":1,"Location":{"Space":{"X":-4,"Y":3},"Zone":{"X":0,"Y":0}},"CurrentStamina":23,"CurrentOrder":null,"Builds":[],"GarrisonedIn":null,"Stance":3,"InterruptCurrent":true,"AttackBack":true,"TargetPriority":"","ActiveOrders":null,"Health":11,"MaxHealth":11},{"InternalID":14,"UnitID":11,"Type":2,"Kind":1,"Location":{"Space":{"X":-4,"Y":3},"Zone":{"X":0,"Y":0}},"CurrentStamina":23,"CurrentOrder":null,"Builds":[],"GarrisonedIn":null,"Stance":3,"InterruptCurrent":true,"AttackBack":true,"TargetPriority":"","ActiveOrders":null,"Health":11,"MaxHealth":11},{"InternalID":15,"UnitID":11,"Type":2,"Kind":1,"Location":{"Space":{"X":-4,"Y":3},"Zone":{"X":0,"Y":0}},"CurrentStamina":23,"CurrentOrder":null,"Builds":[],"GarrisonedIn":null,"Stance":3,"InterruptCurrent":true,"AttackBack":true,"TargetPriority":"","ActiveOrders":null,"Health":11,"MaxHealth":11},{"InternalID":16,"UnitID":11,"Type":2,"Kind":1,"Location":{"Space":{"X":-4,"Y":3},"Zone":{"X":0,"Y":0}},"CurrentStamina":23,"CurrentOrder":null,"Builds":[],"GarrisonedIn":null,"Stance":3,"InterruptCurrent":true,"AttackBack":true,"TargetPriority":"","ActiveOrders":null,"Health":11,"MaxHealth":11},{"InternalID":17,"UnitID":12,"Type":2,"Kind":1,"Location":{"Space":{"X":-4,"Y":3},"Zone":{"X":0,"Y":0}},"CurrentStamina":18,"CurrentOrder":null,"Builds":[],"GarrisonedIn":null,"Stance":3,"InterruptCurrent":true,"AttackBack":true,"TargetPriority":"","ActiveOrders":null,"Health":16,"MaxHealth":16},{"InternalID":18,"UnitID":12,"Type":2,"Kind":1,"Location":{"Space":{"X":-4,"Y":3},"Zone":{"X":0,"Y":0}},"CurrentStamina":18,"CurrentOrder":null,"Builds":[],"GarrisonedIn":null,"Stance":3,"InterruptCurrent":true,"AttackBack":true,"TargetPriority":"","ActiveOrders":null,"Health":16,"MaxHealth":16},{"InternalID":19,"UnitID":12,"Type":2,"Kind":1,"Location":{"Space":{"X":-4,"Y":3},"Zone":{"X":0,"Y":0}},"CurrentStamina":18,"CurrentOrder":null,"Builds":[],"GarrisonedIn":null,"Stance":3,"InterruptCurrent":true,"AttackBack":true,"TargetPriority":"","ActiveOrders":null,"Health":16,"MaxHealth":16},{"InternalID":20,"UnitID":12,"Type":2,"Kind":1,"Location":{"Space":{"X":-4,"Y":3},"Zone":{"X":0,"Y":0}},"CurrentStamina":18,"CurrentOrder":null,"Builds":[],"GarrisonedIn":null,"Stance":3,"InterruptCurrent":true,"AttackBack":true,"TargetPriority":"","ActiveOrders":null,"Health":16,"MaxHealth":16},{"InternalID":21,"UnitID":12,"Type":2,"Kind":1,"Location":{"Space":{"X":-4,"Y":3},"Zone":{"X":0,"Y":0}},"CurrentStamina":18,"CurrentOrder":null,"Builds":[],"GarrisonedIn":null,"Stance":3,"InterruptCurrent":true,"AttackBack":true,"TargetPriority":"","ActiveOrders":null,"Health":16,"MaxHealth":16},{"InternalID":22,"UnitID":12,"Type":2,"Kind":1,"Location":{"Space":{"X":-4,"Y":3},"Zone":{"X":0,"Y":0}},"CurrentStamina":18,"CurrentOrder":null,"Builds":[],"GarrisonedIn":null,"Stance":3,"InterruptCurrent":true,"AttackBack":true,"TargetPriority":"","ActiveOrders":null,"Health":16,"MaxHealth":16},{"InternalID":23,"UnitID":12,"Type":2,"Kind":1,"Location":{"Space":{"X":-4,"Y":3},"Zone":{"X":0,"Y":0}},"CurrentStamina":18,"CurrentOrder":null,"Builds":[],"GarrisonedIn":null,"Stance":3,"InterruptCurrent":true,"AttackBack":true,"TargetPriority":"","ActiveOrders":null,"Health":16,"MaxHealth":16},{"InternalID":24,"UnitID":12,"Type":2,"Kind":1,"Location":{"Space":{"X":-4,"Y":3},"Zone":{"X":0,"Y":0}},"CurrentStamina":18,"CurrentOrder":null,"Builds":[],"GarrisonedIn":null,"Stance":3,"InterruptCurrent":true,"AttackBack":true,"TargetPriority":"","ActiveOrders":null,"Health":16,"MaxHealth":16},{"InternalID":25,"UnitID":13,"Type":2,"Kind":1,"Location":{"Space":{"X":-4,"Y":3},"Zone":{"X":0,"Y":0}},"CurrentStamina":8,"CurrentOrder":null,"Builds":[],"GarrisonedIn":null,"Stance":3,"InterruptCurrent":true,"AttackBack":true,"TargetPriority":"","ActiveOrders":null,"Health":50,"MaxHealth":50},{"InternalID":26,"UnitID":13,"Type":2,"Kind":1,"Location":{"Space":{"X":-4,"Y":3},"Zone":{"X":0,"Y":0}},"CurrentStamina":8,"CurrentOrder":null,"Builds":[],"GarrisonedIn":null,"Stance":3,"InterruptCurrent":true,"AttackBack":true,"TargetPriority":"","ActiveOrders":null,"Health":50,"MaxHealth":50},{"InternalID":27,"UnitID":13,"Type":2,"Kind":1,"Location":{"Space":{"X":-4,"Y":3},"Zone":{"X":0,"Y":0}},"CurrentStamina":8,"CurrentOrder":null,"Builds":[],"GarrisonedIn":null,"Stance":3,"InterruptCurrent":true,"AttackBack":true,"TargetPriority":"","ActiveOrders":null,"Health":50,"MaxHealth":50},{"InternalID":28,"UnitID":13,"Type":2,"Kind":1,"Location":{"Space":{"X":-4,"Y":3},"Zone":{"X":0,"Y":0}},"CurrentStamina":8,"CurrentOrder":null,"Builds":[],"GarrisonedIn":null,"Stance":3,"InterruptCurrent":true,"AttackBack":true,"TargetPriority":"","ActiveOrders":null,"Health":50,"MaxHealth":50},{"InternalID":29,"UnitID":13,"Type":2,"Kind":1,"Location":{"Space":{"X":-4,"Y":3},"Zone":{"X":0,"Y":0}},"CurrentStamina":8,"CurrentOrder":null,"Builds":[],"GarrisonedIn":null,"Stance":3,"InterruptCurrent":true,"AttackBack":true,"TargetPriority":"","ActiveOrders":null,"Health":50,"MaxHealth":50},{"InternalID":30,"UnitID":13,"Type":2,"Kind":1,"Location":{"Space":{"X":-4,"Y":3},"Zone":{"X":0,"Y":0}},"CurrentStamina":8,"CurrentOrder":null,"Builds":[],"GarrisonedIn":null,"Stance":3,"InterruptCurrent":true,"AttackBack":true,"TargetPriority":"","ActiveOrders":null,"Health":50,"MaxHealth":50}]}
2026/09/30 21:20:38 ai ai-1: submitting orders [{Subjects:[31] OrderType:2 TargetID:1176 ClearPreviousOrders:true}]
2026/09/30 21:20:38 ai ai-1: vars {}
2026/09/30 21:20:38 player action: submit-orders 0 2 map[orders:[{1 [31] 2 1176 true}]]
2026/09/30 21:20:38 Executing submit orders for: 1 [{1 [31] 2 1176 true}]
2026/09/30 21:20:38 ai ai-0: submitting orders [{Subjects:[1] OrderType:2 TargetID:4465 ClearPreviousOrders:true} {Subjects:[2] OrderType:2 TargetID:4465 ClearPreviousOrders:true} {Subjects:[3] OrderType:2 TargetID:465 ClearPreviousOrders:true} {Subjects:[4] OrderType:2 TargetID:253 ClearPreviousOrders:true} {Subjects:[5] OrderType:2 TargetID:36 ClearPreviousOrders:true} {Subjects:[6] OrderType:2 TargetID:1275 ClearPreviousOrders:true} {Subjects:[7] OrderType:2 TargetID:4465 ClearPreviousOrders:true} {Subjects:[8] OrderType:2 TargetID:4465 ClearPreviousOrders:true} {Subjects:[9] OrderType:2 TargetID:4465 ClearPreviousOrders:true} {Subjects:[10] OrderType:2 TargetID:4465 ClearPreviousOrders:true} {Subjects:[11] OrderType:2 TargetID:4465 ClearPreviousOrders:true} {Subjects:[12] OrderType:2 TargetID:4465 ClearPreviousOrders:true} {Subjects:[13] OrderType:2 TargetID:4465 ClearPreviousOrders:true} {Subjects:[14] OrderType:2 TargetID:4465 ClearPreviousOrders:true} {Subjects:[15] OrderType:2 TargetID:4465 ClearPreviousOrders:true} {Subjects:[16] OrderType:2 TargetID:4465 ClearPreviousOrders:true} {Subjects:[17] OrderType:2 TargetID:4465 ClearPreviousOrders:true} {Subjects:[18] OrderType:2 TargetID:4465 ClearPreviousOrders:true} {Subjects:[19] OrderType:2 TargetID:4465 ClearPreviousOrders:true} {Subjects:[20] OrderType:2 TargetID:4465 ClearPreviousOrders:true} {Subjects:[21] OrderType:2 TargetID:4465 ClearPreviousOrders:true} {Subjects:[22] OrderType:2 TargetID:4465 ClearPreviousOrders:true} {Subjects:[23] OrderType:2 TargetID:4465 ClearPreviousOrders:true} {Subjects:[24] OrderType:2 TargetID:4465 ClearPreviousOrders:true} {Subjects:[25] OrderType:2 TargetID:4465 ClearPreviousOrders:true} {Subjects:[26] OrderType:2 TargetID:4465 ClearPreviousOrders:true} {Subjects:[27] OrderType:2 TargetID:4465 ClearPreviousOrders:true} {Subjects:[28] OrderType:2 TargetID:4465 ClearPreviousOrders:true} {Subjects:[29] OrderType:2 TargetID:4465 ClearPreviousOrders:true} {Subjects:[30] OrderType:2 TargetID:4465 ClearPreviousOrders:true}]
2026/09/30 21:20:38 ai ai-0: vars {"B":16,"Hv":6,"Pi":8,"aPowLocal":0,"aThreat":0,"a_engaged":0,"a_odds":1.3,"a_outnumbered":0,"army_target":50,"army_value":3080,"assault":0,"bank_rate":28,"bar_barracks":0.17072129748186085,"bar_redoubt":1.1111111111111112,"barracks":0,"barracks_B":0,"barracks_P":0,"barracks_save":0,"barracks_spend":78.1,"barracks_want":0,"buffer_food":70,"buffer_gold":0,"buffer_stone":0,"buffer_wood":70,"builders":0,"committed":0,"eB":0,"eGrowth":0,"eH":0,"eMil":0,"eP":0,"ePow":0,"ePowEst":0,"ePowSeen":0,"eTech":1,"eV":0,"es":1,"farm_want":0,"farm_wood_short":0,"farming":0,"fire_barracks":0,"fire_farm0":0,"fire_farm1":0,"fire_farm2":0,"fire_house":0,"fire_outpost":0,"fire_redoubt":0,"fire_smith":0,"fire_vc":0,"food_need":0,"food_over":0,"food_rate":0,"food_slots":1000,"food_workers":0,"free_room":20,"go":0,"gold_income":12,"gold_need":0,"gold_rate":0,"gold_surplus":28,"guaranteed":0,"guard_home":0,"headroom":-30,"hire_B":1507.6923076923076,"hire_P":2369.230769230769,"homePow":0,"house_builders":0,"house_urgency":0,"house_want":0,"income_proj":0,"left":0,"lf_food":0,"lf_gold":0,"lf_stone":0,"lf_wood":0,"lump_food":0,"lump_gold":0,"lump_stone":0,"lump_wood":0,"maturity":0,"mil":30,"myTech":1,"n_barracks":0,"n_redoubts":0,"needB":19.99511837930193,"needP":0.00488162069807176,"outpost_want":0,"pikes":0,"planned_food":0,"planned_gold":0,"planned_stone":0,"planned_wood":0,"prod_rate":0,"proj_army":3080,"raid_danger":0,"raid_fails":0,"raid_lost":0,"raid_pause":0,"raid_prev":5,"raid_size":4.8,"raid_wiped":0,"rate":6,"redoubt_H":0,"redoubt_gold_ok":0.9244444444444445,"redoubt_save":0,"redoubt_spend":30,"redoubt_want":0,"redoubts":0,"rf_food":0,"rf_gold":0,"rf_stone":0,"rf_wood":0,"sB4":256,"sP4":0.0625,"scale_l":0,"scale_r":0,"shareH":0.2,"smith_want":0,"smiths":0,"spare":0,"spare_food":0.5,"stone_need":0,"stone_rate":0,"tH":26,"target_spend":400,"tech_food":50,"tech_gold":0,"tech_stone":0,"tech_wood":50,"threat_home":0,"turns_left":-300,"u_barracks":0.2868117797695263,"u_redoubt":0.18666666666666668,"unit_spend":120,"vB":4,"vH":1,"vP":0.5,"vc_want":0,"vcs":0,"vil_goal":50,"vil_rate":0,"vil_stamina":8,"vil_want":0,"vil_want_last":0,"vil_worth_now":0.6,"vils":0,"w_food":0,"w_gold":0,"w_stone":0,"w_wood":0,"wild_workers":0,"wood_need":0,"wood_rate":0,"workers":0}
2026/09/30 21:20:38 player action: submit-orders 0 1 map[orders:[{0 [1] 2 4465 true} {0 [2] 2 4465 true} {0 [3] 2 465 true} {0 [4] 2 253 true} {0 [5] 2 36 true} {0 [6] 2 1275 true} {0 [7] 2 4465 true} {0 [8] 2 4465 true} {0 [9] 2 4465 true} {0 [10] 2 4465 true} {0 [11] 2 4465 true} {0 [12] 2 4465 true} {0 [13] 2 4465 true} {0 [14] 2 4465 true} {0 [15] 2 4465 true} {0 [16] 2 4465 true} {0 [17] 2 4465 true} {0 [18] 2 4465 true} {0 [19] 2 4465 true} {0 [20] 2 4465 true} {0 [21] 2 4465 true} {0 [22] 2 4465 true} {0 [23] 2 4465 true} {0 [24] 2 4465 true} {0 [25] 2 4465 true} {0 [26] 2 4465 true} {0 [27] 2 4465 true} {0 [28] 2 4465 true} {0 [29] 2 4465 true} {0 [30] 2 4465 true}]]
2026/09/30 21:20:38 Executing submit orders for: 0 [{0 [1] 2 4465 true} {0 [2] 2 4465 true} {0 [3] 2 465 true} {0 [4] 2 253 true} {0 [5] 2 36 true} {0 [6] 2 1275 true} {0 [7] 2 4465 true} {0 [8] 2 4465 true} {0 [9] 2 4465 true} {0 [10] 2 4465 true} {0 [11] 2 4465 true} {0 [12] 2 4465 true} {0 [13] 2 4465 true} {0 [14] 2 4465 true} {0 [15] 2 4465 true} {0 [16] 2 4465 true} {0 [17] 2 4465 true} {0 [18] 2 4465 true} {0 [19] 2 4465 true} {0 [20] 2 4465 true} {0 [21] 2 4465 true} {0 [22] 2 4465 true} {0 [23] 2 4465 true} {0 [24] 2 4465 true} {0 [25] 2 4465 true} {0 [26] 2 4465 true} {0 [27] 2 4465 true} {0 [28] 2 4465 true} {0 [29] 2 4465 true} {0 [30] 2 4465 true}]
2026/09/30 21:20:38 Resolving active orders
2026/09/30 21:20:38 Moving unit 12 Blunt Infantry to zone(0, -1) in space (-4, 3) tick=1
2026/09/30 21:20:38 Moving unit 27 Heavy Infantry to zone(0, -1) in space (-4, 3) tick=1
2026/09/30 21:20:38 Moving unit 30 Heavy Infantry to zone(0, -1) in space (-4, 3) tick=1
2026/09/30 21:20:38 Moving unit 1 Blunt Infantry to zone(0, -1) in space (-4, 3) tick=1
2026/09/30 21:20:38 Moving unit 2 Blunt Infantry to zone(0, -1) in space (-4, 4) tick=1
2026/09/30 21:20:38 Moving unit 11 Blunt Infantry to zone(0, -1) in space (-4, 3) tick=1
2026/09/30 21:20:38 Moving unit 13 Blunt Infantry to zone(0, -1) in space (-4, 3) tick=1
2026/09/30 21:20:38 Moving unit 18 Piercing Infantry to zone(0, -1) in space (-4, 3) tick=1
2026/09/30 21:20:38 Moving unit 29 Heavy Infantry to zone(0, -1) in space (-4, 3) tick=1
2026/09/30 21:20:38 Moving unit 5 Blunt Infantry to zone(0, -1) in space (-1, 1) tick=1
2026/09/30 21:20:38 Moving unit 14 Blunt Infantry to zone(0, -1) in space (-4, 3) tick=1
2026/09/30 21:20:38 Moving unit 17 Piercing Infantry to zone(0, -1) in space (-4, 3) tick=1
2026/09/30 21:20:38 Moving unit 21 Piercing Infantry to zone(0, -1) in space (-4, 3) tick=1
2026/09/30 21:20:38 Moving unit 24 Piercing Infantry to zone(0, -1) in space (-4, 3) tick=1
2026/09/30 21:20:38 Moving unit 25 Heavy Infantry to zone(0, -1) in space (-4, 3) tick=1
2026/09/30 21:20:38 Moving unit 26 Heavy Infantry to zone(0, -1) in space (-4, 3) tick=1
2026/09/30 21:20:38 Moving unit 23 Piercing Infantry to zone(0, -1) in space (-4, 3) tick=1
2026/09/30 21:20:38 Moving unit 3 Blunt Infantry to zone(0, -1) in space (-3, 2) tick=1
2026/09/30 21:20:38 Moving unit 9 Blunt Infantry to zone(0, -1) in space (-4, 3) tick=1
2026/09/30 21:20:38 Moving unit 20 Piercing Infantry to zone(0, -1) in space (-4, 3) tick=1
2026/09/30 21:20:38 Moving unit 22 Piercing Infantry to zone(0, -1) in space (-4, 3) tick=1
2026/09/30 21:20:38 Moving unit 4 Blunt Infantry to zone(0, -1) in space (-2, 1) tick=1
2026/09/30 21:20:38 Moving unit 6 Blunt Infantry to zone(1, -1) in space (-1, 4) tick=1
2026/09/30 21:20:38 Moving unit 8 Blunt Infantry to zone(0, -1) in space (-4, 3) tick=1
2026/09/30 21:20:38 Moving unit 10 Blunt Infantry to zone(0, -1) in space (-4, 3) tick=1
2026/09/30 21:20:38 Moving unit 16 Blunt Infantry to zone(0, -1) in space (-4, 3) tick=1
2026/09/30 21:20:38 Moving unit 28 Heavy Infantry to zone(0, -1) in space (-4, 3) tick=1
2026/09/30 21:20:38 Moving unit 7 Blunt Infantry to zone(0, -1) in space (-4, 3) tick=1
2026/09/30 21:20:38 Moving unit 15 Blunt Infantry to zone(0, -1) in space (-4, 3) tick=1
2026/09/30 21:20:38 Moving unit 19 Piercing Infantry to zone(0, -1) in space (-4, 3) tick=1
2026/09/30 21:20:38 Moving unit 31 Blunt Infantry to zone(-1, 1) in space (0, -3) tick=1
2026/09/30 21:20:38 state_hash turn=3 tick=1 hash=7bae0e1f0936211a
2026/09/30 21:20:38 Moving unit 22 Piercing Infantry to zone(0, 1) in space (-4, 2) tick=2
2026/09/30 21:20:38 Moving unit 4 Blunt Infantry to zone(0, 1) in space (-2, 0) tick=2
2026/09/30 21:20:38 Moving unit 6 Blunt Infantry to zone(-1, 1) in space (0, 3) tick=2
2026/09/30 21:20:38 Moving unit 8 Blunt Infantry to zone(0, 1) in space (-4, 2) tick=2
2026/09/30 21:20:38 Moving unit 10 Blunt Infantry to zone(0, 1) in space (-4, 2) tick=2
2026/09/30 21:20:38 Moving unit 16 Blunt Infantry to zone(0, 1) in space (-4, 2) tick=2
2026/09/30 21:20:38 Moving unit 28 Heavy Infantry to zone(0, 1) in space (-4, 2) tick=2
2026/09/30 21:20:38 Moving unit 7 Blunt Infantry to zone(0, 1) in space (-4, 2) tick=2
2026/09/30 21:20:38 Moving unit 15 Blunt Infantry to zone(0, 1) in space (-4, 2) tick=2
2026/09/30 21:20:38 Moving unit 19 Piercing Infantry to zone(0, 1) in space (-4, 2) tick=2
2026/09/30 21:20:38 Moving unit 12 Blunt Infantry to zone(0, 1) in space (-4, 2) tick=2
2026/09/30 21:20:38 Moving unit 27 Heavy Infantry to zone(0, 1) in space (-4, 2) tick=2
2026/09/30 21:20:38 Moving unit 30 Heavy Infantry to zone(0, 1) in space (-4, 2) tick=2
2026/09/30 21:20:38 Moving unit 1 Blunt Infantry to zone(0, 1) in space (-4, 2) tick=2
2026/09/30 21:20:38 Moving unit 2 Blunt Infantry to zone(0, 1) in space (-4, 3) tick=2
2026/09/30 21:20:38 Moving unit 11 Blunt Infantry to zone(0, 1) in space (-4, 2) tick=2
2026/09/30 21:20:38 Moving unit 13 Blunt Infantry to zone(0, 1) in space (-4, 2) tick=2
2026/09/30 21:20:38 Moving unit 18 Piercing Infantry to zone(0, 1) in space (-4, 2) tick=2
2026/09/30 21:20:38 Moving unit 29 Heavy Infantry to zone(0, 1) in space (-4, 2) tick=2
2026/09/30 21:20:38 Moving unit 5 Blunt Infantry to zone(0, 1) in space (-1, 0) tick=2
2026/09/30 21:20:38 Moving unit 14 Blunt Infantry to zone(0, 1) in space (-4, 2) tick=2
2026/09/30 21:20:38 Moving unit 17 Piercing Infantry to zone(0, 1) in space (-4, 2) tick=2
2026/09/30 21:20:38 Moving unit 21 Piercing Infantry to zone(0, 1) in space (-4, 2) tick=2
2026/09/30 21:20:38 Moving unit 24 Piercing Infantry to zone(0, 1) in space (-4, 2) tick=2
2026/09/30 21:20:38 Moving unit 25 Heavy Infantry to zone(0, 1) in space (-4, 2) tick=2
2026/09/30 21:20:38 Moving unit 26 Heavy Infantry to zone(0, 1) in space (-4, 2) tick=2
2026/09/30 21:20:38 Moving unit 23 Piercing Infantry to zone(0, 1) in space (-4, 2) tick=2
2026/09/30 21:20:38 Moving unit 3 Blunt Infantry to zone(0, 1) in space (-3, 1) tick=2
2026/09/30 21:20:38 Moving unit 9 Blunt Infantry to zone(0, 1) in space (-4, 2) tick=2
2026/09/30 21:20:38 Moving unit 20 Piercing Infantry to zone(0, 1) in space (-4, 2) tick=2
2026/09/30 21:20:38 Moving unit 31 Blunt Infantry to zone(1, -1) in space (-1, -2) tick=2
2026/09/30 21:20:38 state_hash turn=3 tick=2 hash=4c412c08aac90715
2026/09/30 21:20:38 Moving unit 3 Blunt Infantry to zone(0, 0) in space (-3, 1) tick=3
2026/09/30 21:20:38 Moving unit 9 Blunt Infantry to zone(0, 0) in space (-4, 2) tick=3
2026/09/30 21:20:38 Moving unit 20 Piercing Infantry to zone(0, 0) in space (-4, 2) tick=3
2026/09/30 21:20:38 Moving unit 22 Piercing Infantry to zone(0, 0) in space (-4, 2) tick=3
2026/09/30 21:20:38 Moving unit 4 Blunt Infantry to zone(0, 0) in space (-2, 0) tick=3
2026/09/30 21:20:38 Moving unit 6 Blunt Infantry to zone(0, 0) in space (0, 3) tick=3
2026/09/30 21:20:38 Moving unit 8 Blunt Infantry to zone(0, 0) in space (-4, 2) tick=3
2026/09/30 21:20:38 Moving unit 10 Blunt Infantry to zone(0, 0) in space (-4, 2) tick=3
2026/09/30 21:20:38 Moving unit 16 Blunt Infantry to zone(0, 0) in space (-4, 2) tick=3
2026/09/30 21:20:38 Moving unit 28 Heavy Infantry to zone(0, 0) in space (-4, 2) tick=3
2026/09/30 21:20:38 Moving unit 7 Blunt Infantry to zone(0, 0) in space (-4, 2) tick=3
2026/09/30 21:20:38 Moving unit 15 Blunt Infantry to zone(0, 0) in space (-4, 2) tick=3
2026/09/30 21:20:38 Moving unit 19 Piercing Infantry to zone(0, 0) in space (-4, 2) tick=3
2026/09/30 21:20:38 Moving unit 12 Blunt Infantry to zone(0, 0) in space (-4, 2) tick=3
2026/09/30 21:20:38 Moving unit 27 Heavy Infantry to zone(0, 0) in space (-4, 2) tick=3
2026/09/30 21:20:38 Moving unit 30 Heavy Infantry to zone(0, 0) in space (-4, 2) tick=3
2026/09/30 21:20:38 Moving unit 1 Blunt Infantry to zone(0, 0) in space (-4, 2) tick=3
2026/09/30 21:20:38 Moving unit 2 Blunt Infantry to zone(0, 0) in space (-4, 3) tick=3
2026/09/30 21:20:38 Moving unit 11 Blunt Infantry to zone(0, 0) in space (-4, 2) tick=3
2026/09/30 21:20:38 Moving unit 13 Blunt Infantry to zone(0, 0) in space (-4, 2) tick=3
2026/09/30 21:20:38 Moving unit 18 Piercing Infantry to zone(0, 0) in space (-4, 2) tick=3
2026/09/30 21:20:38 Moving unit 29 Heavy Infantry to zone(0, 0) in space (-4, 2) tick=3
2026/09/30 21:20:38 Moving unit 5 Blunt Infantry to zone(0, 0) in space (-1, 0) tick=3
2026/09/30 21:20:38 Moving unit 14 Blunt Infantry to zone(0, 0) in space (-4, 2) tick=3
2026/09/30 21:20:38 Moving unit 17 Piercing Infantry to zone(0, 0) in space (-4, 2) tick=3
2026/09/30 21:20:38 Moving unit 21 Piercing Infantry to zone(0, 0) in space (-4, 2) tick=3
2026/09/30 21:20:38 Moving unit 24 Piercing Infantry to zone(0, 0) in space (-4, 2) tick=3
2026/09/30 21:20:38 Moving unit 25 Heavy Infantry to zone(0, 0) in space (-4, 2) tick=3
2026/09/30 21:20:38 Moving unit 26 Heavy Infantry to zone(0, 0) in space (-4, 2) tick=3
2026/09/30 21:20:38 Moving unit 23 Piercing Infantry to zone(0, 0) in space (-4, 2) tick=3
2026/09/30 21:20:38 Moving unit 31 Blunt Infantry to zone(0, 0) in space (-1, -2) tick=3
2026/09/30 21:20:38 state_hash turn=3 tick=3 hash=2eb045e50f5af906
2026/09/30 21:20:38 Moving unit 11 Blunt Infantry to zone(0, -1) in space (-4, 2) tick=4
2026/09/30 21:20:38 Moving unit 13 Blunt Infantry to zone(0, -1) in space (-4, 2) tick=4
2026/09/30 21:20:38 Moving unit 18 Piercing Infantry to zone(0, -1) in space (-4, 2) tick=4
2026/09/30 21:20:38 Moving unit 5 Blunt Infantry to zone(0, -1) in space (-1, 0) tick=4
2026/09/30 21:20:38 Moving unit 14 Blunt Infantry to zone(0, -1) in space (-4, 2) tick=4
2026/09/30 21:20:38 Moving unit 17 Piercing Infantry to zone(0, -1) in space (-4, 2) tick=4
2026/09/30 21:20:38 Moving unit 21 Piercing Infantry to zone(0, -1) in space (-4, 2) tick=4
2026/09/30 21:20:38 Moving unit 24 Piercing Infantry to zone(0, -1) in space (-4, 2) tick=4
2026/09/30 21:20:38 Moving unit 23 Piercing Infantry to zone(0, -1) in space (-4, 2) tick=4
2026/09/30 21:20:38 Moving unit 3 Blunt Infantry to zone(0, -1) in space (-3, 1) tick=4
2026/09/30 21:20:38 Moving unit 9 Blunt Infantry to zone(0, -1) in space (-4, 2) tick=4
2026/09/30 21:20:38 Moving unit 20 Piercing Infantry to zone(0, -1) in space (-4, 2) tick=4
2026/09/30 21:20:38 Moving unit 22 Piercing Infantry to zone(0, -1) in space (-4, 2) tick=4
2026/09/30 21:20:38 Moving unit 4 Blunt Infantry to zone(0, -1) in space (-2, 0) tick=4
2026/09/30 21:20:38 Moving unit 6 Blunt Infantry to zone(1, -1) in space (0, 3) tick=4
2026/09/30 21:20:38 Moving unit 8 Blunt Infantry to zone(0, -1) in space (-4, 2) tick=4
2026/09/30 21:20:38 Moving unit 10 Blunt Infantry to zone(0, -1) in space (-4, 2) tick=4
2026/09/30 21:20:38 Moving unit 16 Blunt Infantry to zone(0, -1) in space (-4, 2) tick=4
2026/09/30 21:20:38 Moving unit 7 Blunt Infantry to zone(0, -1) in space (-4, 2) tick=4
2026/09/30 21:20:38 Moving unit 15 Blunt Infantry to zone(0, -1) in space (-4, 2) tick=4
2026/09/30 21:20:38 Moving unit 19 Piercing Infantry to zone(0, -1) in space (-4, 2) tick=4
2026/09/30 21:20:38 Moving unit 12 Blunt Infantry to zone(0, -1) in space (-4, 2) tick=4
2026/09/30 21:20:38 Moving unit 1 Blunt Infantry to zone(0, -1) in space (-4, 2) tick=4
2026/09/30 21:20:38 Moving unit 2 Blunt Infantry to zone(0, -1) in space (-4, 3) tick=4
2026/09/30 21:20:38 Moving unit 31 Blunt Infantry to zone(-1, 0) in space (-1, -2) tick=4
2026/09/30 21:20:38 state_hash turn=3 tick=4 hash=91be41cd5850756e
2026/09/30 21:20:38 Moving unit 12 Blunt Infantry to zone(0, 1) in space (-4, 1) tick=5
2026/09/30 21:20:38 Moving unit 1 Blunt Infantry to zone(0, 1) in space (-4, 1) tick=5
2026/09/30 21:20:38 Moving unit 2 Blunt Infantry to zone(0, 1) in space (-4, 2) tick=5
2026/09/30 21:20:38 Moving unit 11 Blunt Infantry to zone(0, 1) in space (-4, 1) tick=5
2026/09/30 21:20:38 Moving unit 13 Blunt Infantry to zone(0, 1) in space (-4, 1) tick=5
2026/09/30 21:20:38 Moving unit 18 Piercing Infantry to zone(0, 1) in space (-4, 1) tick=5
2026/09/30 21:20:38 Moving unit 5 Blunt Infantry to zone(0, 1) in space (-1, -1) tick=5
2026/09/30 21:20:38 Moving unit 14 Blunt Infantry to zone(0, 1) in space (-4, 1) tick=5
2026/09/30 21:20:38 Moving unit 17 Piercing Infantry to zone(0, 1) in space (-4, 1) tick=5
2026/09/30 21:20:38 Moving unit 21 Piercing Infantry to zone(0, 1) in space (-4, 1) tick=5
2026/09/30 21:20:38 Moving unit 24 Piercing Infantry to zone(0, 1) in space (-4, 1) tick=5
2026/09/30 21:20:38 Moving unit 23 Piercing Infantry to zone(0, 1) in space (-4, 1) tick=5
2026/09/30 21:20:38 Moving unit 3 Blunt Infantry to zone(0, 1) in space (-3, 0) tick=5
2026/09/30 21:20:38 Moving unit 9 Blunt Infantry to zone(0, 1) in space (-4, 1) tick=5
2026/09/30 21:20:38 Moving unit 20 Piercing Infantry to zone(0, 1) in space (-4, 1) tick=5
2026/09/30 21:20:38 Moving unit 22 Piercing Infantry to zone(0, 1) in space (-4, 1) tick=5
2026/09/30 21:20:38 Moving unit 4 Blunt Infantry to zone(0, 1) in space (-2, -1) tick=5
2026/09/30 21:20:38 Moving unit 6 Blunt Infantry to zone(-1, 1) in space (1, 2) tick=5
2026/09/30 21:20:38 Moving unit 8 Blunt Infantry to zone(0, 1) in space (-4, 1) tick=5
2026/09/30 21:20:38 Moving unit 10 Blunt Infantry to zone(0, 1) in space (-4, 1) tick=5
2026/09/30 21:20:38 Moving unit 16 Blunt Infantry to zone(0, 1) in space (-4, 1) tick=5
2026/09/30 21:20:38 Moving unit 7 Blunt Infantry to zone(0, 1) in space (-4, 1) tick=5
2026/09/30 21:20:38 Moving unit 15 Blunt Infantry to zone(0, 1) in space (-4, 1) tick=5
2026/09/30 21:20:38 Moving unit 19 Piercing Infantry to zone(0, 1) in space (-4, 1) tick=5
2026/09/30 21:20:38 Moving unit 31 Blunt Infantry to zone(1, 0) in space (-2, -2) tick=5
2026/09/30 21:20:38 state_hash turn=3 tick=5 hash=39993f259b16796a
2026/09/30 21:20:38 Moving unit 3 Blunt Infantry to zone(0, 0) in space (-3, 0) tick=6
2026/09/30 21:20:38 Moving unit 9 Blunt Infantry to zone(0, 0) in space (-4, 1) tick=6
2026/09/30 21:20:38 Moving unit 20 Piercing Infantry to zone(0, 0) in space (-4, 1) tick=6
2026/09/30 21:20:38 Moving unit 22 Piercing Infantry to zone(0, 0) in space (-4, 1) tick=6
2026/09/30 21:20:38 Moving unit 4 Blunt Infantry to zone(0, 0) in space (-2, -1) tick=6
2026/09/30 21:20:38 Moving unit 8 Blunt Infantry to zone(0, 0) in space (-4, 1) tick=6
2026/09/30 21:20:38 Moving unit 10 Blunt Infantry to zone(0, 0) in space (-4, 1) tick=6
2026/09/30 21:20:38 Moving unit 16 Blunt Infantry to zone(0, 0) in space (-4, 1) tick=6
2026/09/30 21:20:38 Moving unit 7 Blunt Infantry to zone(0, 0) in space (-4, 1) tick=6
2026/09/30 21:20:38 Moving unit 15 Blunt Infantry to zone(0, 0) in space (-4, 1) tick=6
2026/09/30 21:20:38 Moving unit 19 Piercing Infantry to zone(0, 0) in space (-4, 1) tick=6
2026/09/30 21:20:38 Moving unit 12 Blunt Infantry to zone(0, 0) in space (-4, 1) tick=6
2026/09/30 21:20:38 Moving unit 1 Blunt Infantry to zone(0, 0) in space (-4, 1) tick=6
2026/09/30 21:20:38 Moving unit 2 Blunt Infantry to zone(0, 0) in space (-4, 2) tick=6
2026/09/30 21:20:38 Moving unit 11 Blunt Infantry to zone(0, 0) in space (-4, 1) tick=6
2026/09/30 21:20:38 Moving unit 13 Blunt Infantry to zone(0, 0) in space (-4, 1) tick=6
2026/09/30 21:20:38 Moving unit 18 Piercing Infantry to zone(0, 0) in space (-4, 1) tick=6
2026/09/30 21:20:38 Moving unit 5 Blunt Infantry to zone(0, 0) in space (-1, -1) tick=6
2026/09/30 21:20:38 Moving unit 14 Blunt Infantry to zone(0, 0) in space (-4, 1) tick=6
2026/09/30 21:20:38 Moving unit 17 Piercing Infantry to zone(0, 0) in space (-4, 1) tick=6
2026/09/30 21:20:38 Moving unit 21 Piercing Infantry to zone(0, 0) in space (-4, 1) tick=6
2026/09/30 21:20:38 Moving unit 24 Piercing Infantry to zone(0, 0) in space (-4, 1) tick=6
2026/09/30 21:20:38 Moving unit 23 Piercing Infantry to zone(0, 0) in space (-4, 1) tick=6
2026/09/30 21:20:38 Moving unit 31 Blunt Infantry to zone(0, 0) in space (-2, -2) tick=6
2026/09/30 21:20:38 state_hash turn=3 tick=6 hash=e8d3380b94e40415
2026/09/30 21:20:38 Moving unit 2 Blunt Infantry to zone(0, -1) in space (-4, 2) tick=7
2026/09/30 21:20:38 state_hash turn=3 tick=7 hash=f0b6685c7191da10
2026/09/30 21:20:38 Moving unit 2 Blunt Infantry to zone(0, 1) in space (-4, 1) tick=8
2026/09/30 21:20:38 state_hash turn=3 tick=8 hash=7ff04f1a1b549c5f
2026/09/30 21:20:38 state_hash turn=3 tick=end hash=89ddbcca4a239836
2026/09/30 21:20:38 ai ai-1: new turn data {"buildings":[],"enemy_buildings":[],"enemy_units":[],"foundations":[],"population":{"current":30,"limit":0},"resources":{"food":200,"gold":14,"stone":100,"wood":200},"spaces":[{"Space":{"X":0,"Y":-4},"Vision":1,"Owner":-1},{"Space":{"X":1,"Y":-4},"Vision":1,"Owner":-1},{"Space":{"X":2,"Y":-4},"Vision":2,"Owner":-1},{"Space":{"X":3,"Y":-4},"Vision":2,"Owner":-1},{"Space":{"X":4,"Y":-4},"Vision":0,"Owner":-1},{"Space":{"X":-1,"Y":-3},"Vision":2,"Owner":-1},{"Space":{"X":0,"Y":-3},"Vision":1,"Owner":-1},{"Space":{"X":1,"Y":-3},"Vision":2,"Owner":-1},{"Space":{"X":2,"Y":-3},"Vision":3,"Owner":1},{"Space":{"X":3,"Y":-3},"Vision":2,"Owner":-1},{"Space":{"X":4,"Y":-3},"Vision":0,"Owner":-1},{"Space":{"X":-2,"Y":-2},"Vision":3,"Owner":1},{"Space":{"X":-1,"Y":-2},"Vision":2,"Owner":-1},{"Space":{"X":0,"Y":-2},"Vision":1,"Owner":-1},{"Space":{"X":1,"Y":-2},"Vision":2,"Owner":-1},{"Space":{"X":2,"Y":-2},"Vision":2,"Owner":-1},{"Space":{"X":3,"Y":-2},"Vision":0,"Owner":-1},{"Space":{"X":4,"Y":-2},"Vision":0,"Owner":-1},{"Space":{"X":-3,"Y":-1},"Vision":2,"Owner":-1},{"Space":{"X":-2,"Y":-1},"Vision":2,"Owner":0},{"Space":{"X":-1,"Y":-1},"Vision":1,"Owner":0},{"Space":{"X":0,"Y":-1},"Vision":0,"Owner":-1},{"Space":{"X":1,"Y":-1},"Vision":0,"Owner":-1},{"Space":{"X":2,"Y":-1},"Vision":0,"Owner":-1},{"Space":{"X":3,"Y":-1},"Vision":0,"Owner":-1},{"Space":{"X":4,"Y":-1},"Vision":0,"Owner":-1},{"Space":{"X":-4,"Y":0},"Vision":0,"Owner":-1},{"Space":{"X":-3,"Y":0},"Vision":0,"Owner":-1},{"Space":{"X":-2,"Y":0},"Vision":0,"Owner":-1},{"Space":{"X":-1,"Y":0},"Vision":0,"Owner":-1},{"Space":{"X":0,"Y":0},"Vision":0,"Owner":-1},{"Space":{"X":1,"Y":0},"Vision":0,"Owner":-1},{"Space":{"X":2,"Y":0},"Vision":0,"Owner":-1},{"Space":{"X":3,"Y":0},"Vision":0,"Owner":-1},{"Space":{"X":4,"Y":0},"Vision":0,"Owner":-1},{"Space":{"X":-4,"Y":1},"Vision":0,"Owner":-1},{"Space":{"X":-3,"Y":1},"Vision":0,"Owner":-1},{"Space":{"X":-2,"Y":1},"Vision":0,"Owner":-1},{"Space":{"X":-1,"Y":1},"Vision":0,"Owner":-1},{"Space":{"X":0,"Y":1},"Vision":0,"Owner":-1},{"Space":{"X":1,"Y":1},"Vision":0,"Owner":-1},{"Space":{"X":2,"Y":1},"Vision":0,"Owner":-1},{"Space":{"X":3,"Y":1},"Vision":0,"Owner":-1},{"Space":{"X":-4,"Y":2},"Vision":0,"Owner":-1},{"Space":{"X":-3,"Y":2},"Vision":0,"Owner":-1},{"Space":{"X":-2,"Y":2},"Vision":0,"Owner":-1},{"Space":{"X":-1,"Y":2},"Vision":0,"Owner":-1},{"Space":{"X":0,"Y":2},"Vision":0,"Owner":-1},{"Space":{"X":1,"Y":2},"Vision":0,"Owner":-1},{"Space":{"X":2,"Y":2},"Vision":0,"Owner":-1},{"Space":{"X":-4,"Y":3},"Vision":0,"Owner":-1},{"Space":{"X":-3,"Y":3},"Vision":0,"Owner":-1},{"Space":{"X":-2,"Y":3},"Vision":0,"Owner":-1},{"Space":{"X":-1,"Y":3},"Vision":0,"Owner":-1},{"Space":{"X":0,"Y":3},"Vision":0,"Owner":-1},{"Space":{"X":1,"Y":3},"Vision":0,"Owner":-1},{"Space":{"X":-4,"Y":4},"Vision":0,"Owner":-1},{"Space":{"X":-3,"Y":4},"Vision":0,"Owner":-1},{"Space":{"X":-2,"Y":4},"Vision":0,"Owner":-1},{"Space":{"X":-1,"Y":4},"Vision":0,"Owner":-1},{"Space":{"X":0,"Y":4},"Vision":0,"Owner":-1}],"units":[{"InternalID":31,"UnitID":11,"Type":2,"Kind":1,"Location":{"Space":{"X":-2,"Y":-2},"Zone":{"X":0,"Y":0}},"CurrentStamina":22,"CurrentOrder":null,"Builds":[],"GarrisonedIn":null,"Stance":3,"InterruptCurrent":false,"AttackBack":true,"TargetPriority":"","ActiveOrders":null,"Health":11,"MaxHealth":11},{"InternalID":32,"UnitID":11,"Type":2,"Kind":1,"Location":{"Space":{"X":2,"Y":-3},"Zone":{"X":0,"Y":0}},"CurrentStamina":23,"CurrentOrder":null,"Builds":[],"GarrisonedIn":null,"Stance":3,"InterruptCurrent":false,"AttackBack":true,"TargetPriority":"","ActiveOrders":null,"Health":11,"MaxHealth":11},{"InternalID":33,"UnitID":11,"Type":2,"Kind":1,"Location":{"Space":{"X":2,"Y":-3},"Zone":{"X":0,"Y":0}},"CurrentStamina":23,"CurrentOrder":null,"Builds":[],"GarrisonedIn":null,"Stance":3,"InterruptCurrent":false,"AttackBack":true,"TargetPriority":"","ActiveOrders":null,"Health":11,"MaxHealth":11},{"InternalID":34,"UnitID":11,"Type":2,"Kind":1,"Location":{"Space":{"X":2,"Y":-3},"Zone":{"X":0,"Y":0}},"CurrentStamina":23,"CurrentOrder":null,"Builds":[],"GarrisonedIn":null,"Stance":3,"InterruptCurrent":false,"AttackBack":true,"TargetPriority":"","ActiveOrders":null,"Health":11,"MaxHealth":11},{"InternalID":35,"UnitID":11,"Type":2,"Kind":1,"Location":{"Space":{"X":2,"Y":-3},"Zone":{"X":0,"Y":0}},"CurrentStamina":23,"CurrentOrder":null,"Builds":[],"GarrisonedIn":null,"Stance":3,"InterruptCurrent":false,"AttackBack":true,"TargetPriority":"","ActiveOrders":null,"Health":11,"MaxHealth":11},{"InternalID":36,"UnitID":11,"Type":2,"Kind":1,"Location":{"Space":{"X":2,"Y":-3},"Zone":{"X":0,"Y":0}},"CurrentStamina":23,"CurrentOrder":null,"Builds":[],"GarrisonedIn":null,"Stance":3,"InterruptCurrent":false,"AttackBack":true,"TargetPriority":"","ActiveOrders":null,"Health":11,"MaxHealth":11},{"InternalID":37,"UnitID":11,"Type":2,"Kind":1,"Location":{"Space":{"X":2,"Y":-3},"Zone":{"X":0,"Y":0}},"CurrentStamina":23,"CurrentOrder":null,"Builds":[],"GarrisonedIn":null,"Stance":3,"InterruptCurrent":false,"AttackBack":true,"TargetPriority":"","ActiveOrders":null,"Health":11,"MaxHealth":11},{"InternalID":38,"UnitID":11,"Type":2,"Kind":1,"Location":{"Space":{"X":2,"Y":-3},"Zone":{"X":0,"Y":0}},"CurrentStamina":23,"CurrentOrder":null,"Builds":[],"GarrisonedIn":null,"Stance":3,"InterruptCurrent":false,"AttackBack":true,"TargetPriority":"","ActiveOrders":null,"Health":11,"MaxHealth":11},{"InternalID":39,"UnitID":11,"Type":2,"Kind":1,"Location":{"Space":{"X":2,"Y":-3},"Zone":{"X":0,"Y":0}},"CurrentStamina":23,"CurrentOrder":null,"Builds":[],"GarrisonedIn":null,"Stance":3,"InterruptCurrent":false,"AttackBack":true,"TargetPriority":"","ActiveOrders":null,"Health":11,"MaxHealth":11},{"InternalID":40,"UnitID":11,"Type":2,"Kind":1,"Location":{"Space":{"X":2,"Y":-3},"Zone":{"X":0,"Y":0}},"CurrentStamina":23,"CurrentOrder":null,"Builds":[],"GarrisonedIn":null,"Stance":3,"InterruptCurrent":false,"AttackBack":true,"TargetPriority":"","ActiveOrders":null,"Health":11,"MaxHealth":11},{"InternalID":41,"UnitID":11,"Type":2,"Kind":1,"Location":{"Space":{"X":2,"Y":-3},"Zone":{"X":0,"Y":0}},"CurrentStamina":23,"CurrentOrder":null,"Builds":[],"GarrisonedIn":null,"Stance":3,"InterruptCurrent":false,"AttackBack":true,"TargetPriority":"","ActiveOrders":null,"Health":11,"MaxHealth":11},{"InternalID":42,"UnitID":11,"Type":2,"Kind":1,"Location":{"Space":{"X":2,"Y":-3},"Zone":{"X":0,"Y":0}},"CurrentStamina":23,"CurrentOrder":null,"Builds":[],"GarrisonedIn":null,"Stance":3,"InterruptCurrent":false,"AttackBack":true,"TargetPriority":"","ActiveOrders":null,"Health":11,"MaxHealth":11},{"InternalID":43,"UnitID":11,"Type":2,"Kind":1,"Location":{"Space":{"X":2,"Y":-3},"Zone":{"X":0,"Y":0}},"CurrentStamina":23,"CurrentOrder":null,"Builds":[],"GarrisonedIn":null,"Stance":3,"InterruptCurrent":false,"AttackBack":true,"TargetPriority":"","ActiveOrders":null,"Health":11,"MaxHealth":11},{"InternalID":44,"UnitID":11,"Type":2,"Kind":1,"Location":{"Space":{"X":2,"Y":-3},"Zone":{"X":0,"Y":0}},"CurrentStamina":23,"CurrentOrder":null,"Builds":[],"GarrisonedIn":null,"Stance":3,"InterruptCurrent":false,"AttackBack":true,"TargetPriority":"","ActiveOrders":null,"Health":11,"MaxHealth":11},{"InternalID":45,"UnitID":11,"Type":2,"Kind":1,"Location":{"Space":{"X":2,"Y":-3},"Zone":{"X":0,"Y":0}},"CurrentStamina":23,"CurrentOrder":null,"Builds":[],"GarrisonedIn":null,"Stance":3,"InterruptCurrent":false,"AttackBack":true,"TargetPriority":"","ActiveOrders":null,"Health":11,"MaxHealth":11},{"InternalID":46,"UnitID":11,"Type":2,"Kind":1,"Location":{"Space":{"X":2,"Y":-3},"Zone":{"X":0,"Y":0}},"CurrentStamina":23,"CurrentOrder":null,"Builds":[],"GarrisonedIn":null,"Stance":3,"InterruptCurrent":false,"AttackBack":true,"TargetPriority":"","ActiveOrders":null,"Health":11,"MaxHealth":11},{"InternalID":47,"UnitID":12,"Type":2,"Kind":1,"Location":{"Space":{"X":2,"Y":-3},"Zone":{"X":0,"Y":0}},"CurrentStamina":18,"CurrentOrder":null,"Builds":[],"GarrisonedIn":null,"Stance":3,"InterruptCurrent":false,"AttackBack":true,"TargetPriority":"","ActiveOrders":null,"Health":16,"MaxHealth":16},{"InternalID":48,"UnitID":12,"Type":2,"Kind":1,"Location":{"Space":{"X":2,"Y":-3},"Zone":{"X":0,"Y":0}},"CurrentStamina":18,"CurrentOrder":null,"Builds":[],"GarrisonedIn":null,"Stance":3,"InterruptCurrent":false,"AttackBack":true,"TargetPriority":"","ActiveOrders":null,"Health":16,"MaxHealth":16},{"InternalID":49,"UnitID":12,"Type":2,"Kind":1,"Location":{"Space":{"X":2,"Y":-3},"Zone":{"X":0,"Y":0}},"CurrentStamina":18,"CurrentOrder":null,"Builds":[],"GarrisonedIn":null,"Stance":3,"InterruptCurrent":false,"AttackBack":true,"TargetPriority":"","ActiveOrders":null,"Health":16,"MaxHealth":16},{"InternalID":50,"UnitID":12,"Type":2,"Kind":1,"Location":{"Space":{"X":2,"Y":-3},"Zone":{"X":0,"Y":0}},"CurrentStamina":18,"CurrentOrder":null,"Builds":[],"GarrisonedIn":null,"Stance":3,"InterruptCurrent":false,"AttackBack":true,"TargetPriority":"","ActiveOrders":null,"Health":16,"MaxHealth":16},{"InternalID":51,"UnitID":12,"Type":2,"Kind":1,"Location":{"Space":{"X":2,"Y":-3},"Zone":{"X":0,"Y":0}},"CurrentStamina":18,"CurrentOrder":null,"Builds":[],"GarrisonedIn":null,"Stance":3,"InterruptCurrent":false,"AttackBack":true,"TargetPriority":"","ActiveOrders":null,"Health":16,"MaxHealth":16},{"InternalID":52,"UnitID":12,"Type":2,"Kind":1,"Location":{"Space":{"X":2,"Y":-3},"Zone":{"X":0,"Y":0}},"CurrentStamina":18,"CurrentOrder":null,"Builds":[],"GarrisonedIn":null,"Stance":3,"InterruptCurrent":false,"AttackBack":true,"TargetPriority":"","ActiveOrders":null,"Health":16,"MaxHealth":16},{"InternalID":53,"UnitID":12,"Type":2,"Kind":1,"Location":{"Space":{"X":2,"Y":-3},"Zone":{"X":0,"Y":0}},"CurrentStamina":18,"CurrentOrder":null,"Builds":[],"GarrisonedIn":null,"Stance":3,"InterruptCurrent":false,"AttackBack":true,"TargetPriority":"","ActiveOrders":null,"Health":16,"MaxHealth":16},{"InternalID":54,"UnitID":12,"Type":2,"Kind":1,"Location":{"Space":{"X":2,"Y":-3},"Zone":{"X":0,"Y":0}},"CurrentStamina":18,"CurrentOrder":null,"Builds":[],"GarrisonedIn":null,"Stance":3,"InterruptCurrent":false,"AttackBack":true,"TargetPriority":"","ActiveOrders":null,"Health":16,"MaxHealth":16},{"InternalID":55,"UnitID":13,"Type":2,"Kind":1,"Location":{"Space":{"X":2,"Y":-3},"Zone":{"X":0,"Y":0}},"CurrentStamina":12,"CurrentOrder":null,"Builds":[],"GarrisonedIn":null,"Stance":3,"InterruptCurrent":false,"AttackBack":true,"TargetPriority":"","ActiveOrders":null,"Health":50,"MaxHealth":50},{"InternalID":56,"UnitID":13,"Type":2,"Kind":1,"Location":{"Space":{"X":2,"Y":-3},"Zone":{"X":0,"Y":0}},"CurrentStamina":12,"CurrentOrder":null,"Builds":[],"GarrisonedIn":null,"Stance":3,"InterruptCurrent":false,"AttackBack":true,"TargetPriority":"","ActiveOrders":null,"Health":50,"MaxHealth":50},{"InternalID":57,"UnitID":13,"Type":2,"Kind":1,"Location":{"Space":{"X":2,"Y":-3},"Zone":{"X":0,"Y":0}},"CurrentStamina":12,"CurrentOrder":null,"Builds":[],"GarrisonedIn":null,"Stance":3,"InterruptCurrent":false,"AttackBack":true,"TargetPriority":"","ActiveOrders":null,"Health":50,"MaxHealth":50},{"InternalID":58,"UnitID":13,"Type":2,"Kind":1,"Location":{"Space":{"X":2,"Y":-3},"Zone":{"X":0,"Y":0}},"CurrentStamina":12,"CurrentOrder":null,"Builds":[],"GarrisonedIn":null,"Stance":3,"InterruptCurrent":false,"AttackBack":true,"TargetPriority":"","ActiveOrders":null,"Health":50,"MaxHealth":50},{"InternalID":59,"UnitID":13,"Type":2,"Kind":1,"Location":{"Space":{"X":2,"Y":-3},"Zone":{"X":0,"Y":0}},"CurrentStamina":12,"CurrentOrder":null,"Builds":[],"GarrisonedIn":null,"Stance":3,"InterruptCurrent":false,"AttackBack":true,"TargetPriority":"","ActiveOrders":null,"Health":50,"MaxHealth":50},{"InternalID":60,"UnitID":13,"Type":2,"Kind":1,"Location":{"Space":{"X":2,"Y":-3},"Zone":{"X":0,"Y":0}},"CurrentStamina":12,"CurrentOrder":null,"Builds":[],"GarrisonedIn":null,"Stance":3,"InterruptCurrent":false,"AttackBack":true,"TargetPriority":"","ActiveOrders":null,"Health":50,"MaxHealth":50}]}
2026/09/30 21:20:38 ai ai-1: submitting orders [{Subjects:[31] OrderType:2 TargetID:1596 ClearPreviousOrders:true}]
2026/09/30 21:20:38 ai ai-1: vars {}
2026/09/30 21:20:38 player action: submit-orders 0 2 map[orders:[{1 [31] 2 1596 true}]]
2026/09/30 21:20:38 Executing submit orders for: 1 [{1 [31] 2 1596 true}]
2026/09/30 21:20:38 ai ai-0: new turn data {"buildings":[],"enemy_buildings":[],"enemy_units":[],"foundations":[],"population":{"current":30,"limit":0},"resources":{"food":200,"gold":40,"stone":100,"wood":200},"spaces":[{"Space":{"X":0,"Y":-4},"Vision":0,"Owner":-1},{"Space":{"X":1,"Y":-4},"Vision":0,"Owner":-1},{"Space":{"X":2,"Y":-4},"Vision":0,"Owner":-1},{"Space":{"X":3,"Y":-4},"Vision":0,"Owner":-1},{"Space":{"X":4,"Y":-4},"Vision":0,"Owner":-1},{"Space":{"X":-1,"Y":-3},"Vision":0,"Owner":-1},{"Space":{"X":0,"Y":-3},"Vision":0,"Owner":-1},{"Space":{"X":1,"Y":-3},"Vision":0,"Owner":-1},{"Space":{"X":2,"Y":-3},"Vision":0,"Owner":-1},{"Space":{"X":3,"Y":-3},"Vision":0,"Owner":-1},{"Space":{"X":4,"Y":-3},"Vision":0,"Owner":-1},{"Space":{"X":-2,"Y":-2},"Vision":2,"Owner":1},{"Space":{"X":-1,"Y":-2},"Vision":2,"Owner":-1},{"Space":{"X":0,"Y":-2},"Vision":2,"Owner":-1},{"Space":{"X":1,"Y":-2},"Vision":0,"Owner":-1},{"Space":{"X":2,"Y":-2},"Vision":0,"Owner":-1},{"Space":{"X":3,"Y":-2},"Vision":0,"Owner":-1},{"Space":{"X":4,"Y":-2},"Vision":0,"Owner":-1},{"Space":{"X":-3,"Y":-1},"Vision":2,"Owner":-1},{"Space":{"X":-2,"Y":-1},"Vision":3,"Owner":0},{"Space":{"X":-1,"Y":-1},"Vision":3,"Owner":0},{"Space":{"X":0,"Y":-1},"Vision":2,"Owner":-1},{"Space":{"X":1,"Y":-1},"Vision":0,"Owner":-1},{"Space":{"X":2,"Y":-1},"Vision":0,"Owner":-1},{"Space":{"X":3,"Y":-1},"Vision":0,"Owner":-1},{"Space":{"X":4,"Y":-1},"Vision":0,"Owner":-1},{"Space":{"X":-4,"Y":0},"Vision":2,"Owner":-1},{"Space":{"X":-3,"Y":0},"Vision":3,"Owner":0},{"Space":{"X":-2,"Y":0},"Vision":2,"Owner":-1},{"Space":{"X":-1,"Y":0},"Vision":2,"Owner":-1},{"Space":{"X":0,"Y":0},"Vision":1,"Owner":-1},{"Space":{"X":1,"Y":0},"Vision":0,"Owner":-1},{"Space":{"X":2,"Y":0},"Vision":0,"Owner":-1},{"Space":{"X":3,"Y":0},"Vision":0,"Owner":-1},{"Space":{"X":4,"Y":0},"Vision":0,"Owner":-1},{"Space":{"X":-4,"Y":1},"Vision":3,"Owner":0},{"Space":{"X":-3,"Y":1},"Vision":2,"Owner":-1},{"Space":{"X":-2,"Y":1},"Vision":1,"Owner":-1},{"Space":{"X":-1,"Y":1},"Vision":1,"Owner":-1},{"Space":{"X":0,"Y":1},"Vision":1,"Owner":-1},{"Space":{"X":1,"Y":1},"Vision":2,"Owner":-1},{"Space":{"X":2,"Y":1},"Vision":2,"Owner":-1},{"Space":{"X":3,"Y":1},"Vision":0,"Owner":-1},{"Space":{"X":-4,"Y":2},"Vision":3,"Owner":0},{"Space":{"X":-3,"Y":2},"Vision":2,"Owner":-1},{"Space":{"X":-2,"Y":2},"Vision":1,"Owner":-1},{"Space":{"X":-1,"Y":2},"Vision":1,"Owner":-1},{"Space":{"X":0,"Y":2},"Vision":2,"Owner":-1},{"Space":{"X":1,"Y":2},"Vision":3,"Owner":0},{"Space":{"X":2,"Y":2},"Vision":2,"Owner":-1},{"Space":{"X":-4,"Y":3},"Vision":2,"Owner":-1},{"Space":{"X":-3,"Y":3},"Vision":1,"Owner":-1},{"Space":{"X":-2,"Y":3},"Vision":1,"Owner":-1},{"Space":{"X":-1,"Y":3},"Vision":1,"Owner":-1},{"Space":{"X":0,"Y":3},"Vision":3,"Owner":-1},{"Space":{"X":1,"Y":3},"Vision":2,"Owner":-1},{"Space":{"X":-4,"Y":4},"Vision":1,"Owner":-1},{"Space":{"X":-3,"Y":4},"Vision":1,"Owner":-1},{"Space":{"X":-2,"Y":4},"Vision":1,"Owner":-1},{"Space":{"X":-1,"Y":4},"Vision":1,"Owner":-1},{"Space":{"X":0,"Y":4},"Vision":1,"Owner":-1}],"units":[{"InternalID":1,"UnitID":11,"Type":2,"Kind":1,"Location":{"Space":{"X":-4,"Y":1},"Zone":{"X":0,"Y":0}},"CurrentStamina":22,"CurrentOrder":null,"Builds":[],"GarrisonedIn":null,"Stance":3,"InterruptCurrent":true,"AttackBack":true,"TargetPriority":"","ActiveOrders":null,"Health":11,"MaxHealth":11},{"InternalID":2,"UnitID":11,"Type":2,"Kind":1,"Location":{"Space":{"X":-4,"Y":1},"Zone":{"X":0,"Y":1}},"CurrentStamina":15,"CurrentOrder":{"Kind":0,"TargetZone":{"Space":{"X":-4,"Y":1},"Zone":{"X":0,"Y":0}},"TargetSpace":null,"TargetResource":null,"TargetUnit":null,"TargetBuilding":null},"Builds":[],"GarrisonedIn":null,"Stance":3,"InterruptCurrent":true,"AttackBack":true,"TargetPriority":"","ActiveOrders":[{"ID":34,"Kind":0}],"Health":11,"MaxHealth":11},{"InternalID":3,"UnitID":11,"Type":2,"Kind":1,"Location":{"Space":{"X":-3,"Y":0},"Zone":{"X":0,"Y":0}},"CurrentStamina":22,"CurrentOrder":null,"Builds":[],"GarrisonedIn":null,"Stance":3,"InterruptCurrent":true,"AttackBack":true,"TargetPriority":"","ActiveOrders":null,"Health":11,"MaxHealth":11},{"InternalID":4,"UnitID":11,"Type":2,"Kind":1,"Location":{"Space":{"X":-2,"Y":-1},"Zone":{"X":0,"Y":0}},"CurrentStamina":22,"CurrentOrder":null,"Builds":[],"GarrisonedIn":null,"Stance":3,"InterruptCurrent":true,"AttackBack":true,"TargetPriority":"","ActiveOrders":null,"Health":11,"MaxHealth":11},{"InternalID":5,"UnitID":11,"Type":2,"Kind":1,"Location":{"Space":{"X":-1,"Y":-1},"Zone":{"X":0,"Y":0}},"CurrentStamina":22,"CurrentOrder":null,"Builds":[],"GarrisonedIn":null,"Stance":3,"InterruptCurrent":true,"AttackBack":true,"TargetPriority":"","ActiveOrders":null,"Health":11,"MaxHealth":11},{"InternalID":6,"UnitID":11,"Type":2,"Kind":1,"Location":{"Space":{"X":1,"Y":2},"Zone":{"X":-1,"Y":1}},"CurrentStamina":15,"CurrentOrder":{"Kind":0,"TargetZone":{"Space":{"X":1,"Y":2},"Zone":{"X":0,"Y":0}},"TargetSpace":null,"TargetResource":null,"TargetUnit":null,"TargetBuilding":null},"Builds":[],"GarrisonedIn":null,"Stance":3,"InterruptCurrent":false,"AttackBack":true,"TargetPriority":"","ActiveOrders":[{"ID":38,"Kind":0}],"Health":11,"MaxHealth":11},{"InternalID":7,"UnitID":11,"Type":2,"Kind":1,"Location":{"Space":{"X":-4,"Y":1},"Zone":{"X":0,"Y":0}},"CurrentStamina":22,"CurrentOrder":null,"Builds":[],"GarrisonedIn":null,"Stance":3,"InterruptCurrent":true,"AttackBack":true,"TargetPriority":"","ActiveOrders":null,"Health":11,"MaxHealth":11},{"InternalID":8,"UnitID":11,"Type":2,"Kind":1,"Location":{"Space":{"X":-4,"Y":1},"Zone":{"X":0,"Y":0}},"CurrentStamina":22,"CurrentOrder":null,"Builds":[],"GarrisonedIn":null,"Stance":3,"InterruptCurrent":true,"AttackBack":true,"TargetPriority":"","ActiveOrders":null,"Health":11,"MaxHealth":11},{"InternalID":9,"UnitID":11,"Type":2,"Kind":1,"Location":{"Space":{"X":-4,"Y":1},"Zone":{"X":0,"Y":0}},"CurrentStamina":22,"CurrentOrder":null,"Builds":[],"GarrisonedIn":null,"Stance":3,"InterruptCurrent":true,"AttackBack":true,"TargetPriority":"","ActiveOrders":null,"Health":11,"MaxHealth":11},{"InternalID":10,"UnitID":11,"Type":2,"Kind":1,"Location":{"Space":{"X":-4,"Y":1},"Zone":{"X":0,"Y":0}},"CurrentStamina":22,"CurrentOrder":null,"Builds":[],"GarrisonedIn":null,"Stance":3,"InterruptCurrent":true,"AttackBack":true,"TargetPriority":"","ActiveOrders":null,"Health":11,"MaxHealth":11},{"InternalID":11,"UnitID":11,"Type":2,"Kind":1,"Location":{"Space":{"X":-4,"Y":1},"Zone":{"X":0,"Y":0}},"CurrentStamina":22,"CurrentOrder":null,"Builds":[],"GarrisonedIn":null,"Stance":3,"InterruptCurrent":true,"AttackBack":true,"TargetPriority":"","ActiveOrders":null,"Health":11,"MaxHealth":11},{"InternalID":12,"UnitID":11,"Type":2,"Kind":1,"Location":{"Space":{"X":-4,"Y":1},"Zone":{"X":0,"Y":0}},"CurrentStamina":22,"CurrentOrder":null,"Builds":[],"GarrisonedIn":null,"Stance":3,"InterruptCurrent":true,"AttackBack":true,"TargetPriority":"","ActiveOrders":null,"Health":11,"MaxHealth":11},{"InternalID":13,"UnitID":11,"Type":2,"Kind":1,"Location":{"Space":{"X":-4,"Y":1},"Zone":{"X":0,"Y":0}},"CurrentStamina":22,"CurrentOrder":null,"Builds":[],"GarrisonedIn":null,"Stance":3,"InterruptCurrent":true,"AttackBack":true,"TargetPriority":"","ActiveOrders":null,"Health":11,"MaxHealth":11},{"InternalID":14,"UnitID":11,"Type":2,"Kind":1,"Location":{"Space":{"X":-4,"Y":1},"Zone":{"X":0,"Y":0}},"CurrentStamina":22,"CurrentOrder":null,"Builds":[],"GarrisonedIn":null,"Stance":3,"InterruptCurrent":true,"AttackBack":true,"TargetPriority":"","ActiveOrders":null,"Health":11,"MaxHealth":11},{"InternalID":15,"UnitID":11,"Type":2,"Kind":1,"Location":{"Space":{"X":-4,"Y":1},"Zone":{"X":0,"Y":0}},"CurrentStamina":22,"CurrentOrder":null,"Builds":[],"GarrisonedIn":null,"Stance":3,"InterruptCurrent":true,"AttackBack":true,"TargetPriority":"","ActiveOrders":null,"Health":11,"MaxHealth":11},{"InternalID":16,"UnitID":11,"Type":2,"Kind":1,"Location":{"Space":{"X":-4,"Y":1},"Zone":{"X":0,"Y":0}},"CurrentStamina":22,"CurrentOrder":null,"Builds":[],"GarrisonedIn":null,"Stance":3,"InterruptCurrent":true,"AttackBack":true,"TargetPriority":"","ActiveOrders":null,"Health":11,"MaxHealth":11},{"InternalID":17,"UnitID":12,"Type":2,"Kind":1,"Location":{"Space":{"X":-4,"Y":1},"Zone":{"X":0,"Y":0}},"CurrentStamina":14,"CurrentOrder":null,"Builds":[],"GarrisonedIn":null,"Stance":3,"InterruptCurrent":true,"AttackBack":true,"TargetPriority":"","ActiveOrders":null,"Health":16,"MaxHealth":16},{"InternalID":18,"UnitID":12,"Type":2,"Kind":1,"Location":{"Space":{"X":-4,"Y":1},"Zone":{"X":0,"Y":0}},"CurrentStamina":14,"CurrentOrder":null,"Builds":[],"GarrisonedIn":null,"Stance":3,"InterruptCurrent":true,"AttackBack":true,"TargetPriority":"","ActiveOrders":null,"Health":16,"MaxHealth":16},{"InternalID":19,"UnitID":12,"Type":2,"Kind":1,"Location":{"Space":{"X":-4,"Y":1},"Zone":{"X":0,"Y":0}},"CurrentStamina":14,"CurrentOrder":null,"Builds":[],"GarrisonedIn":null,"Stance":3,"InterruptCurrent":true,"AttackBack":true,"TargetPriority":"","ActiveOrders":null,"Health":16,"MaxHealth":16},{"InternalID":20,"UnitID":12,"Type":2,"Kind":1,"Location":{"Space":{"X":-4,"Y":1},"Zone":{"X":0,"Y":0}},"CurrentStamina":14,"CurrentOrder":null,"Builds":[],"GarrisonedIn":null,"Stance":3,"InterruptCurrent":true,"AttackBack":true,"TargetPriority":"","ActiveOrders":null,"Health":16,"MaxHealth":16},{"InternalID":21,"UnitID":12,"Type":2,"Kind":1,"Location":{"Space":{"X":-4,"Y":1},"Zone":{"X":0,"Y":0}},"CurrentStamina":14,"CurrentOrder":null,"Builds":[],"GarrisonedIn":null,"Stance":3,"InterruptCurrent":true,"AttackBack":true,"TargetPriority":"","ActiveOrders":null,"Health":16,"MaxHealth":16},{"InternalID":22,"UnitID":12,"Type":2,"Kind":1,"Location":{"Space":{"X":-4,"Y":1},"Zone":{"X":0,"Y":0}},"CurrentStamina":14,"CurrentOrder":null,"Builds":[],"GarrisonedIn":null,"Stance":3,"InterruptCurrent":true,"AttackBack":true,"TargetPriority":"","ActiveOrders":null,"Health":16,"MaxHealth":16},{"InternalID":23,"UnitID":12,"Type":2,"Kind":1,"Location":{"Space":{"X":-4,"Y":1},"Zone":{"X":0,"Y":0}},"CurrentStamina":14,"CurrentOrder":null,"Builds":[],"GarrisonedIn":null,"Stance":3,"InterruptCurrent":true,"AttackBack":true,"TargetPriority":"","ActiveOrders":null,"Health":16,"MaxHealth":16},{"InternalID":24,"UnitID":12,"Type":2,"Kind":1,"Location":{"Space":{"X":-4,"Y":1},"Zone":{"X":0,"Y":0}},"CurrentStamina":14,"CurrentOrder":null,"Builds":[],"GarrisonedIn":null,"Stance":3,"InterruptCurrent":true,"AttackBack":true,"TargetPriority":"","ActiveOrders":null,"Health":16,"MaxHealth":16},{"InternalID":25,"UnitID":13,"Type":2,"Kind":1,"Location":{"Space":{"X":-4,"Y":2},"Zone":{"X":0,"Y":0}},"CurrentStamina":8,"CurrentOrder":{"Kind":0,"TargetZone":{"Space":{"X":-4,"Y":1},"Zone":{"X":0,"Y":0}},"TargetSpace":null,"TargetResource":null,"TargetUnit":null,"TargetBuilding":null},"Builds":[],"GarrisonedIn":null,"Stance":3,"InterruptCurrent":true,"AttackBack":true,"TargetPriority":"","ActiveOrders":[{"ID":57,"Kind":0}],"Health":50,"MaxHealth":50},{"InternalID":26,"UnitID":13,"Type":2,"Kind":1,"Location":{"Space":{"X":-4,"Y":2},"Zone":{"X":0,"Y":0}},"CurrentStamina":8,"CurrentOrder":{"Kind":0,"TargetZone":{"Space":{"X":-4,"Y":1},"Zone":{"X":0,"Y":0}},"TargetSpace":null,"TargetResource":null,"TargetUnit":null,"TargetBuilding":null},"Builds":[],"GarrisonedIn":null,"Stance":3,"InterruptCurrent":true,"AttackBack":true,"TargetPriority":"","ActiveOrders":[{"ID":58,"Kind":0}],"Health":50,"MaxHealth":50},{"InternalID":27,"UnitID":13,"Type":2,"Kind":1,"Location":{"Space":{"X":-4,"Y":2},"Zone":{"X":0,"Y":0}},"CurrentStamina":8,"CurrentOrder":{"Kind":0,"TargetZone":{"Space":{"X":-4,"Y":1},"Zone":{"X":0,"Y":0}},"TargetSpace":null,"TargetResource":null,"TargetUnit":null,"TargetBuilding":null},"Builds":[],"GarrisonedIn":null,"Stance":3,"InterruptCurrent":true,"AttackBack":true,"TargetPriority":"","ActiveOrders":[{"ID":59,"Kind":0}],"Health":50,"MaxHealth":50},{"InternalID":28,"UnitID":13,"Type":2,"Kind":1,"Location":{"Space":{"X":-4,"Y":2},"Zone":{"X":0,"Y":0}},"CurrentStamina":8,"CurrentOrder":{"Kind":0,"TargetZone":{"Space":{"X":-4,"Y":1},"Zone":{"X":0,"Y":0}},"TargetSpace":null,"TargetResource":null,"TargetUnit":null,"TargetBuilding":null},"Builds":[],"GarrisonedIn":null,"Stance":3,"InterruptCurrent":true,"AttackBack":true,"TargetPriority":"","ActiveOrders":[{"ID":60,"Kind":0}],"Health":50,"MaxHealth":50},{"InternalID":29,"UnitID":13,"Type":2,"Kind":1,"Location":{"Space":{"X":-4,"Y":2},"Zone":{"X":0,"Y":0}},"CurrentStamina":8,"CurrentOrder":{"Kind":0,"TargetZone":{"Space":{"X":-4,"Y":1},"Zone":{"X":0,"Y":0}},"TargetSpace":null,"TargetResource":null,"TargetUnit":null,"TargetBuilding":null},"Builds":[],"GarrisonedIn":null,"Stance":3,"InterruptCurrent":true,"AttackBack":true,"TargetPriority":"","ActiveOrders":[{"ID":61,"Kind":0}],"Health":50,"MaxHealth":50},{"InternalID":30,"UnitID":13,"Type":2,"Kind":1,"Location":{"Space":{"X":-4,"Y":2},"Zone":{"X":0,"Y":0}},"CurrentStamina":8,"CurrentOrder":{"Kind":0,"TargetZone":{"Space":{"X":-4,"Y":1},"Zone":{"X":0,"Y":0}},"TargetSpace":null,"TargetResource":null,"TargetUnit":null,"TargetBuilding":null},"Builds":[],"GarrisonedIn":null,"Stance":3,"InterruptCurrent":true,"AttackBack":true,"TargetPriority":"","ActiveOrders":[{"ID":62,"Kind":0}],"Health":50,"MaxHealth":50}]}
2026/09/30 21:20:38 ai ai-0: submitting orders [{Subjects:[1] OrderType:2 TargetID:1378 ClearPreviousOrders:true} {Subjects:[3] OrderType:2 TargetID:820 ClearPreviousOrders:true} {Subjects:[4] OrderType:2 TargetID:1378 ClearPreviousOrders:true} {Subjects:[5] OrderType:2 TargetID:2211 ClearPreviousOrders:true} {Subjects:[7] OrderType:2 TargetID:1378 ClearPreviousOrders:true} {Subjects:[8] OrderType:2 TargetID:1378 ClearPreviousOrders:true} {Subjects:[9] OrderType:2 TargetID:1378 ClearPreviousOrders:true} {Subjects:[10] OrderType:2 TargetID:1378 ClearPreviousOrders:true} {Subjects:[11] OrderType:2 TargetID:1378 ClearPreviousOrders:true} {Subjects:[12] OrderType:2 TargetID:1378 ClearPreviousOrders:true} {Subjects:[13] OrderType:2 TargetID:1378 ClearPreviousOrders:true} {Subjects:[14] OrderType:2 TargetID:1378 ClearPreviousOrders:true} {Subjects:[15] OrderType:2 TargetID:1378 ClearPreviousOrders:true} {Subjects:[16] OrderType:2 TargetID:1378 ClearPreviousOrders:true} {Subjects:[17] OrderType:2 TargetID:1378 ClearPreviousOrders:true} {Subjects:[18] OrderType:2 TargetID:1378 ClearPreviousOrders:true} {Subjects:[19] OrderType:2 TargetID:1378 ClearPreviousOrders:true} {Subjects:[20] OrderType:2 TargetID:1378 ClearPreviousOrders:true} {Subjects:[21] OrderType:2 TargetID:1378 ClearPreviousOrders:true} {Subjects:[22] OrderType:2 TargetID:1378 ClearPreviousOrders:true} {Subjects:[23] OrderType:2 TargetID:1378 ClearPreviousOrders:true} {Subjects:[24] OrderType:2 TargetID:1378 ClearPreviousOrders:true}]
2026/09/30 21:20:38 ai ai-0: vars {"B":16,"Hv":6,"Pi":8,"aPowLocal":0,"aThreat":0,"a_engaged":0,"a_odds":1.3,"a_outnumbered":0,"army_target":50,"army_value":3080,"assault":0,"bank_rate":28,"bar_barracks":0.17072129748186085,"bar_redoubt":1.1111111111111112,"barracks":0,"barracks_B":0,"barracks_P":0,"barracks_save":0,"barracks_spend":78.1,"barracks_want":0,"buffer_food":70,"buffer_gold":0,"buffer_stone":0,"buffer_wood":70,"builders":0,"committed":0,"eB":0,"eGrowth":0,"eH":0,"eMil":0,"eP":0,"ePow":0,"ePowEst":0,"ePowSeen":0,"eTech":1,"eV":0,"es":1,"farm_want":0,"farm_wood_short":0,"farming":0,"fire_barracks":0,"fire_farm0":0,"fire_farm1":0,"fire_farm2":0,"fire_house":0,"fire_outpost":0,"fire_redoubt":0,"fire_smith":0,"fire_vc":0,"food_need":0,"food_over":0,"food_rate":0,"food_slots":1000,"food_workers":0,"free_room":20,"go":0,"gold_income":12,"gold_need":0,"gold_rate":0,"gold_surplus":40,"guaranteed":0,"guard_home":0,"headroom":-30,"hire_B":2153.846153846154,"hire_P":3384.6153846153843,"homePow":0,"house_builders":0,"house_urgency":0,"house_want":0,"income_proj":0,"left":0,"lf_food":0,"lf_gold":0,"lf_stone":0,"lf_wood":0,"lump_food":0,"lump_gold":0,"lump_stone":0,"lump_wood":0,"maturity":0,"mil":30,"myTech":1,"n_barracks":0,"n_redoubts":0,"needB":19.99511837930193,"needP":0.00488162069807176,"outpost_want":0,"pikes":0,"planned_food":0,"planned_gold":0,"planned_stone":0,"planned_wood":0,"prod_rate":0,"proj_army":3080,"raid_danger":0,"raid_fails":0,"raid_lost":0,"raid_pause":0,"raid_prev":5,"raid_size":4.8,"raid_wiped":0,"rate":6,"redoubt_H":0,"redoubt_gold_ok":0.9777777777777777,"redoubt_save":0,"redoubt_spend":30,"redoubt_want":0,"redoubts":0,"rf_food":0,"rf_gold":0,"rf_stone":0,"rf_wood":0,"sB4":256,"sP4":0.0625,"scale_l":0,"scale_r":0,"shareH":0.2,"smith_want":0,"smiths":0,"spare":0,"spare_food":0.5,"stone_need":0,"stone_rate":0,"tH":26,"target_spend":400,"tech_food":50,"tech_gold":0,"tech_stone":0,"tech_wood":50,"threat_home":0,"turns_left":-300,"u_barracks":0.2868117797695263,"u_redoubt":0.18666666666666668,"unit_spend":120,"vB":4,"vH":1,"vP":0.5,"vc_want":0,"vcs":0,"vil_goal":50,"vil_rate":0,"vil_stamina":8,"vil_want":0,"vil_want_last":0,"vil_worth_now":0.6,"vils":0,"w_food":0,"w_gold":0,"w_stone":0,"w_wood":0,"wild_workers":0,"wood_need":0,"wood_rate":0,"workers":0}
2026/09/30 21:20:38 player action: submit-orders 0 1 map[orders:[{0 [1] 2 1378 true} {0 [3] 2 820 true} {0 [4] 2 1378 true} {0 [5] 2 2211 true} {0 [7] 2 1378 true} {0 [8] 2 1378 true} {0 [9] 2 1378 true} {0 [10] 2 1378 true} {0 [11] 2 1378 true} {0 [12] 2 1378 true} {0 [13] 2 1378 true} {0 [14] 2 1378 true} {0 [15] 2 1378 true} {0 [16] 2 1378 true} {0 [17] 2 1378 true} {0 [18] 2 1378 true} {0 [19] 2 1378 true} {0 [20] 2 1378 true} {0 [21] 2 1378 true} {0 [22] 2 1378 true} {0 [23] 2 1378 true} {0 [24] 2 1378 true}]]
2026/09/30 21:20:38 Executing submit orders for: 0 [{0 [1] 2 1378 true} {0 [3] 2 820 true} {0 [4] 2 1378 true} {0 [5] 2 2211 true} {0 [7] 2 1378 true} {0 [8] 2 1378 true} {0 [9] 2 1378 true} {0 [10] 2 1378 true} {0 [11] 2 1378 true} {0 [12] 2 1378 true} {0 [13] 2 1378 true} {0 [14] 2 1378 true} {0 [15] 2 1378 true} {0 [16] 2 1378 true} {0 [17] 2 1378 true} {0 [18] 2 1378 true} {0 [19] 2 1378 true} {0 [20] 2 1378 true} {0 [21] 2 1378 true} {0 [22] 2 1378 true} {0 [23] 2 1378 true} {0 [24] 2 1378 true}]
2026/09/30 21:20:38 Resolving active orders
2026/09/30 21:20:38 Moving unit 4 Blunt Infantry to zone(1, -1) in space (-2, -1) tick=1
2026/09/30 21:20:38 Moving unit 6 Blunt Infantry to zone(0, 0) in space (1, 2) tick=1
2026/09/30 21:20:38 Moving unit 8 Blunt Infantry to zone(1, -1) in space (-4, 1) tick=1
2026/09/30 21:20:38 Moving unit 10 Blunt Infantry to zone(1, -1) in space (-4, 1) tick=1
2026/09/30 21:20:38 Moving unit 16 Blunt Infantry to zone(1, -1) in space (-4, 1) tick=1
2026/09/30 21:20:38 Moving unit 28 Heavy Infantry to zone(0, -1) in space (-4, 2) tick=1
2026/09/30 21:20:38 Moving unit 7 Blunt Infantry to zone(1, -1) in space (-4, 1) tick=1
2026/09/30 21:20:38 Moving unit 15 Blunt Infantry to zone(1, -1) in space (-4, 1) tick=1
2026/09/30 21:20:38 Moving unit 19 Piercing Infantry to zone(1, -1) in space (-4, 1) tick=1
2026/09/30 21:20:38 Moving unit 12 Blunt Infantry to zone(1, -1) in space (-4, 1) tick=1
2026/09/30 21:20:38 Moving unit 27 Heavy Infantry to zone(0, -1) in space (-4, 2) tick=1
2026/09/30 21:20:38 Moving unit 30 Heavy Infantry to zone(0, -1) in space (-4, 2) tick=1
2026/09/30 21:20:38 Moving unit 1 Blunt Infantry to zone(1, -1) in space (-4, 1) tick=1
2026/09/30 21:20:38 Moving unit 2 Blunt Infantry to zone(0, 0) in space (-4, 1) tick=1
2026/09/30 21:20:38 Moving unit 11 Blunt Infantry to zone(1, -1) in space (-4, 1) tick=1
2026/09/30 21:20:38 Moving unit 13 Blunt Infantry to zone(1, -1) in space (-4, 1) tick=1
2026/09/30 21:20:38 Moving unit 18 Piercing Infantry to zone(1, -1) in space (-4, 1) tick=1
2026/09/30 21:20:38 Moving unit 29 Heavy Infantry to zone(0, -1) in space (-4, 2) tick=1
2026/09/30 21:20:38 Moving unit 5 Blunt Infantry to zone(1, -1) in space (-1, -1) tick=1
2026/09/30 21:20:38 Moving unit 14 Blunt Infantry to zone(1, -1) in space (-4, 1) tick=1
2026/09/30 21:20:38 Moving unit 17 Piercing Infantry to zone(1, -1) in space (-4, 1) tick=1
2026/09/30 21:20:38 Moving unit 21 Piercing Infantry to zone(1, -1) in space (-4, 1) tick=1
2026/09/30 21:20:38 Moving unit 24 Piercing Infantry to zone(1, -1) in space (-4, 1) tick=1
2026/09/30 21:20:38 Moving unit 25 Heavy Infantry to zone(0, -1) in space (-4, 2) tick=1
2026/09/30 21:20:38 Moving unit 26 Heavy Infantry to zone(0, -1) in space (-4, 2) tick=1
2026/09/30 21:20:38 Moving unit 23 Piercing Infantry to zone(1, -1) in space (-4, 1) tick=1
2026/09/30 21:20:38 Moving unit 3 Blunt Infantry to zone(1, -1) in space (-3, 0) tick=1
2026/09/30 21:20:38 Moving unit 9 Blunt Infantry to zone(1, -1) in space (-4, 1) tick=1
2026/09/30 21:20:38 Moving unit 20 Piercing Infantry to zone(1, -1) in space (-4, 1) tick=1
2026/09/30 21:20:38 Moving unit 22 Piercing Infantry to zone(1, -1) in space (-4, 1) tick=1
2026/09/30 21:20:38 Moving unit 31 Blunt Infantry to zone(-1, 1) in space (-2, -2) tick=1
2026/09/30 21:20:38 state_hash turn=4 tick=1 hash=91e565deb89b08ea
2026/09/30 21:20:38 Moving unit 24 Piercing Infantry to zone(-1, 1) in space (-3, 0) tick=2
2026/09/30 21:20:38 Moving unit 25 Heavy Infantry to zone(0, 1) in space (-4, 1) tick=2
2026/09/30 21:20:38 Moving unit 26 Heavy Infantry to zone(0, 1) in space (-4, 1) tick=2
2026/09/30 21:20:38 Moving unit 23 Piercing Infantry to zone(-1, 1) in space (-3, 0) tick=2
2026/09/30 21:20:38 Moving unit 3 Blunt Infantry to zone(-1, 1) in space (-2, -1) tick=2
2026/09/30 21:20:38 Moving unit 9 Blunt Infantry to zone(-1, 1) in space (-3, 0) tick=2
2026/09/30 21:20:38 Moving unit 20 Piercing Infantry to zone(-1, 1) in space (-3, 0) tick=2
2026/09/30 21:20:38 Moving unit 22 Piercing Infantry to zone(-1, 1) in space (-3, 0) tick=2
2026/09/30 21:20:38 Moving unit 4 Blunt Infantry to zone(-1, 1) in space (-1, -2) tick=2
2026/09/30 21:20:38 Moving unit 8 Blunt Infantry to zone(-1, 1) in space (-3, 0) tick=2
2026/09/30 21:20:38 Moving unit 10 Blunt Infantry to zone(-1, 1) in space (-3, 0) tick=2
2026/09/30 21:20:38 Moving unit 16 Blunt Infantry to zone(-1, 1) in space (-3, 0) tick=2
2026/09/30 21:20:38 Moving unit 28 Heavy Infantry to zone(0, 1) in space (-4, 1) tick=2
2026/09/30 21:20:38 Moving unit 7 Blunt Infantry to zone(-1, 1) in space (-3, 0) tick=2
2026/09/30 21:20:38 Moving unit 15 Blunt Infantry to zone(-1, 1) in space (-3, 0) tick=2
2026/09/30 21:20:38 Moving unit 19 Piercing Infantry to zone(-1, 1) in space (-3, 0) tick=2
2026/09/30 21:20:38 Moving unit 12 Blunt Infantry to zone(-1, 1) in space (-3, 0) tick=2
2026/09/30 21:20:38 Moving unit 27 Heavy Infantry to zone(0, 1) in space (-4, 1) tick=2
2026/09/30 21:20:38 Moving unit 30 Heavy Infantry to zone(0, 1) in space (-4, 1) tick=2
2026/09/30 21:20:38 Moving unit 1 Blunt Infantry to zone(-1, 1) in space (-3, 0) tick=2
2026/09/30 21:20:38 Moving unit 11 Blunt Infantry to zone(-1, 1) in space (-3, 0) tick=2
2026/09/30 21:20:38 Moving unit 13 Blunt Infantry to zone(-1, 1) in space (-3, 0) tick=2
2026/09/30 21:20:38 Moving unit 18 Piercing Infantry to zone(-1, 1) in space (-3, 0) tick=2
2026/09/30 21:20:38 Moving unit 29 Heavy Infantry to zone(0, 1) in space (-4, 1) tick=2
2026/09/30 21:20:38 Moving unit 5 Blunt Infantry to zone(-1, 1) in space (0, -2) tick=2
2026/09/30 21:20:38 Moving unit 14 Blunt Infantry to zone(-1, 1) in space (-3, 0) tick=2
2026/09/30 21:20:38 Moving unit 17 Piercing Infantry to zone(-1, 1) in space (-3, 0) tick=2
2026/09/30 21:20:38 Moving unit 21 Piercing Infantry to zone(-1, 1) in space (-3, 0) tick=2
2026/09/30 21:20:38 Moving unit 31 Blunt Infantry to zone(1, -1) in space (-3, -1) tick=2
2026/09/30 21:20:38 state_hash turn=4 tick=2 hash=ade48d05ac0a96b3
2026/09/30 21:20:38 Moving unit 4 Blunt Infantry to zone(0, 0) in space (-1, -2) tick=3
2026/09/30 21:20:38 Moving unit 8 Blunt Infantry to zone(0, 0) in space (-3, 0) tick=3
2026/09/30 21:20:38 Moving unit 10 Blunt Infantry to zone(0, 0) in space (-3, 0) tick=3
2026/09/30 21:20:38 Moving unit 16 Blunt Infantry to zone(0, 0) in space (-3, 0) tick=3
2026/09/30 21:20:38 Moving unit 28 Heavy Infantry to zone(0, 0) in space (-4, 1) tick=3
2026/09/30 21:20:38 Moving unit 7 Blunt Infantry to zone(0, 0) in space (-3, 0) tick=3
2026/09/30 21:20:38 Moving unit 15 Blunt Infantry to zone(0, 0) in space (-3, 0) tick=3
2026/09/30 21:20:38 Moving unit 19 Piercing Infantry to zone(0, 0) in space (-3, 0) tick=3
2026/09/30 21:20:38 Moving unit 12 Blunt Infantry to zone(0, 0) in space (-3, 0) tick=3
2026/09/30 21:20:38 Moving unit 27 Heavy Infantry to zone(0, 0) in space (-4, 1) tick=3
2026/09/30 21:20:38 Moving unit 30 Heavy Infantry to zone(0, 0) in space (-4, 1) tick=3
2026/09/30 21:20:38 Moving unit 1 Blunt Infantry to zone(0, 0) in space (-3, 0) tick=3
2026/09/30 21:20:38 Moving unit 11 Blunt Infantry to zone(0, 0) in space (-3, 0) tick=3
2026/09/30 21:20:38 Moving unit 13 Blunt Infantry to zone(0, 0) in space (-3, 0) tick=3
2026/09/30 21:20:38 Moving unit 18 Piercing Infantry to zone(0, 0) in space (-3, 0) tick=3
2026/09/30 21:20:38 Moving unit 29 Heavy Infantry to zone(0, 0) in space (-4, 1) tick=3
2026/09/30 21:20:38 Moving unit 5 Blunt Infantry to zone(0, 0) in space (0, -2) tick=3
2026/09/30 21:20:38 Moving unit 14 Blunt Infantry to zone(0, 0) in space (-3, 0) tick=3
2026/09/30 21:20:38 Moving unit 17 Piercing Infantry to zone(0, 0) in space (-3, 0) tick=3
2026/09/30 21:20:38 Moving unit 21 Piercing Infantry to zone(0, 0) in space (-3, 0) tick=3
2026/09/30 21:20:38 Moving unit 24 Piercing Infantry to zone(0, 0) in space (-3, 0) tick=3
2026/09/30 21:20:38 Moving unit 25 Heavy Infantry to zone(0, 0) in space (-4, 1) tick=3
2026/09/30 21:20:38 Moving unit 26 Heavy Infantry to zone(0, 0) in space (-4, 1) tick=3
2026/09/30 21:20:38 Moving unit 23 Piercing Infantry to zone(0, 0) in space (-3, 0) tick=3
2026/09/30 21:20:38 Moving unit 3 Blunt Infantry to zone(0, 0) in space (-2, -1) tick=3
2026/09/30 21:20:38 Moving unit 9 Blunt Infantry to zone(0, 0) in space (-3, 0) tick=3
2026/09/30 21:20:38 Moving unit 20 Piercing Infantry to zone(0, 0) in space (-3, 0) tick=3
2026/09/30 21:20:38 Moving unit 22 Piercing Infantry to zone(0, 0) in space (-3, 0) tick=3
2026/09/30 21:20:38 Moving unit 31 Blunt Infantry to zone(0, 0) in space (-3, -1) tick=3
2026/09/30 21:20:38 state_hash turn=4 tick=3 hash=a874411a4549d007
2026/09/30 21:20:38 Moving unit 9 Blunt Infantry to zone(1, -1) in space (-3, 0) tick=4
2026/09/30 21:20:38 Moving unit 20 Piercing Infantry to zone(1, -1) in space (-3, 0) tick=4
2026/09/30 21:20:38 Moving unit 22 Piercing Infantry to zone(1, -1) in space (-3, 0) tick=4
2026/09/30 21:20:38 Moving unit 4 Blunt Infantry to zone(0, -1) in space (-1, -2) tick=4
2026/09/30 21:20:38 Moving unit 8 Blunt Infantry to zone(1, -1) in space (-3, 0) tick=4
2026/09/30 21:20:38 Moving unit 10 Blunt Infantry to zone(1, -1) in space (-3, 0) tick=4
2026/09/30 21:20:38 Moving unit 16 Blunt Infantry to zone(1, -1) in space (-3, 0) tick=4
2026/09/30 21:20:38 Moving unit 7 Blunt Infantry to zone(1, -1) in space (-3, 0) tick=4
2026/09/30 21:20:38 Moving unit 15 Blunt Infantry to zone(1, -1) in space (-3, 0) tick=4
2026/09/30 21:20:38 Moving unit 19 Piercing Infantry to zone(1, -1) in space (-3, 0) tick=4
2026/09/30 21:20:38 Moving unit 12 Blunt Infantry to zone(1, -1) in space (-3, 0) tick=4
2026/09/30 21:20:38 Moving unit 1 Blunt Infantry to zone(1, -1) in space (-3, 0) tick=4
2026/09/30 21:20:38 Moving unit 11 Blunt Infantry to zone(1, -1) in space (-3, 0) tick=4
2026/09/30 21:20:38 Moving unit 13 Blunt Infantry to zone(1, -1) in space (-3, 0) tick=4
2026/09/30 21:20:38 Moving unit 18 Piercing Infantry to zone(1, -1) in space (-3, 0) tick=4
2026/09/30 21:20:38 Moving unit 5 Blunt Infantry to zone(1, -1) in space (0, -2) tick=4
2026/09/30 21:20:38 Moving unit 14 Blunt Infantry to zone(1, -1) in space (-3, 0) tick=4
2026/09/30 21:20:38 Moving unit 17 Piercing Infantry to zone(1, -1) in space (-3, 0) tick=4
2026/09/30 21:20:38 Moving unit 21 Piercing Infantry to zone(1, -1) in space (-3, 0) tick=4
2026/09/30 21:20:38 Moving unit 24 Piercing Infantry to zone(1, -1) in space (-3, 0) tick=4
2026/09/30 21:20:38 Moving unit 23 Piercing Infantry to zone(1, -1) in space (-3, 0) tick=4
2026/09/30 21:20:38 Moving unit 3 Blunt Infantry to zone(1, -1) in space (-2, -1) tick=4
2026/09/30 21:20:38 Moving unit 31 Blunt Infantry to zone(-1, 1) in space (-3, -1) tick=4
2026/09/30 21:20:38 state_hash turn=4 tick=4 hash=0ee2c851f09b006d
2026/09/30 21:20:38 Moving unit 11 Blunt Infantry to zone(-1, 1) in space (-2, -1) tick=5
2026/09/30 21:20:38 Moving unit 13 Blunt Infantry to zone(-1, 1) in space (-2, -1) tick=5
2026/09/30 21:20:38 Moving unit 5 Blunt Infantry to zone(-1, 1) in space (1, -3) tick=5
2026/09/30 21:20:38 Moving unit 14 Blunt Infantry to zone(-1, 1) in space (-2, -1) tick=5
2026/09/30 21:20:38 Moving unit 3 Blunt Infantry to zone(-1, 1) in space (-1, -2) tick=5
2026/09/30 21:20:38 Moving unit 9 Blunt Infantry to zone(-1, 1) in space (-2, -1) tick=5
2026/09/30 21:20:38 Moving unit 4 Blunt Infantry to zone(0, 1) in space (-1, -3) tick=5
2026/09/30 21:20:38 Moving unit 8 Blunt Infantry to zone(-1, 1) in space (-2, -1) tick=5
2026/09/30 21:20:38 Moving unit 10 Blunt Infantry to zone(-1, 1) in space (-2, -1) tick=5
2026/09/30 21:20:38 Moving unit 16 Blunt Infantry to zone(-1, 1) in space (-2, -1) tick=5
2026/09/30 21:20:38 Moving unit 7 Blunt Infantry to zone(-1, 1) in space (-2, -1) tick=5
2026/09/30 21:20:38 Moving unit 15 Blunt Infantry to zone(-1, 1) in space (-2, -1) tick=5
2026/09/30 21:20:38 Moving unit 12 Blunt Infantry to zone(-1, 1) in space (-2, -1) tick=5
2026/09/30 21:20:38 Moving unit 1 Blunt Infantry to zone(-1, 1) in space (-2, -1) tick=5
2026/09/30 21:20:38 Moving unit 31 Blunt Infantry to zone(1, -1) in space (-4, 0) tick=5
2026/09/30 21:20:38 state_hash turn=4 tick=5 hash=9c758d41bb17abfc
2026/09/30 21:20:38 Moving unit 12 Blunt Infantry to zone(0, 0) in space (-2, -1) tick=6
2026/09/30 21:20:38 Moving unit 1 Blunt Infantry to zone(0, 0) in space (-2, -1) tick=6
2026/09/30 21:20:38 Moving unit 11 Blunt Infantry to zone(0, 0) in space (-2, -1) tick=6
2026/09/30 21:20:38 Moving unit 13 Blunt Infantry to zone(0, 0) in space (-2, -1) tick=6
2026/09/30 21:20:38 Moving unit 5 Blunt Infantry to zone(0, 0) in space (1, -3) tick=6
2026/09/30 21:20:38 Moving unit 14 Blunt Infantry to zone(0, 0) in space (-2, -1) tick=6
2026/09/30 21:20:38 Moving unit 3 Blunt Infantry to zone(0, 0) in space (-1, -2) tick=6
2026/09/30 21:20:38 Moving unit 9 Blunt Infantry to zone(0, 0) in space (-2, -1) tick=6
2026/09/30 21:20:38 Moving unit 4 Blunt Infantry to zone(0, 0) in space (-1, -3) tick=6
2026/09/30 21:20:38 Moving unit 8 Blunt Infantry to zone(0, 0) in space (-2, -1) tick=6
2026/09/30 21:20:38 Moving unit 10 Blunt Infantry to zone(0, 0) in space (-2, -1) tick=6
2026/09/30 21:20:38 Moving unit 16 Blunt Infantry to zone(0, 0) in space (-2, -1) tick=6
2026/09/30 21:20:38 Moving unit 7 Blunt Infantry to zone(0, 0) in space (-2, -1) tick=6
2026/09/30 21:20:38 Moving unit 15 Blunt Infantry to zone(0, 0) in space (-2, -1) tick=6
2026/09/30 21:20:38 Moving unit 31 Blunt Infantry to zone(0, 0) in space (-4, 0) tick=6
2026/09/30 21:20:38 state_hash turn=4 tick=6 hash=3250eef107b2067c
2026/09/30 21:20:38 Moving unit 10 Blunt Infantry to zone(1, -1) in space (-2, -1) tick=7
2026/09/30 21:20:38 Moving unit 16 Blunt Infantry to zone(1, -1) in space (-2, -1) tick=7
2026/09/30 21:20:38 Moving unit 7 Blunt Infantry to zone(1, -1) in space (-2, -1) tick=7
2026/09/30 21:20:38 Moving unit 15 Blunt Infantry to zone(1, -1) in space (-2, -1) tick=7
2026/09/30 21:20:38 Moving unit 12 Blunt Infantry to zone(1, -1) in space (-2, -1) tick=7
2026/09/30 21:20:38 Moving unit 1 Blunt Infantry to zone(1, -1) in space (-2, -1) tick=7
2026/09/30 21:20:38 Moving unit 11 Blunt Infantry to zone(1, -1) in space (-2, -1) tick=7
2026/09/30 21:20:38 Moving unit 13 Blunt Infantry to zone(1, -1) in space (-2, -1) tick=7
2026/09/30 21:20:38 Moving unit 14 Blunt Infantry to zone(1, -1) in space (-2, -1) tick=7
2026/09/30 21:20:38 Moving unit 3 Blunt Infantry to zone(1, -1) in space (-1, -2) tick=7
2026/09/30 21:20:38 Moving unit 9 Blunt Infantry to zone(1, -1) in space (-2, -1) tick=7
2026/09/30 21:20:38 Moving unit 8 Blunt Infantry to zone(1, -1) in space (-2, -1) tick=7
2026/09/30 21:20:38 state_hash turn=4 tick=7 hash=6453ed07a1876527
2026/09/30 21:20:38 state_hash turn=4 tick=end hash=31ce19d7f82ce08f
2026/09/30 21:20:38 ai ai-1: new turn data {"buildings":[],"enemy_buildings":[],"enemy_units":[],"foundations":[],"population":{"current":30,"limit":0},"resources":{"food":200,"gold":18,"stone":100,"wood":200},"spaces":[{"Space":{"X":0,"Y":-4},"Vision":1,"Owner":-1},{"Space":{"X":1,"Y":-4},"Vision":1,"Owner":-1},{"Space":{"X":2,"Y":-4},"Vision":2,"Owner":-1},{"Space":{"X":3,"Y":-4},"Vision":2,"Owner":-1},{"Space":{"X":4,"Y":-4},"Vision":0,"Owner":-1},{"Space":{"X":-1,"Y":-3},"Vision":1,"Owner":0},{"Space":{"X":0,"Y":-3},"Vision":1,"Owner":-1},{"Space":{"X":1,"Y":-3},"Vision":2,"Owner":0},{"Space":{"X":2,"Y":-3},"Vision":3,"Owner":1},{"Space":{"X":3,"Y":-3},"Vision":2,"Owner":-1},{"Space":{"X":4,"Y":-3},"Vision":0,"Owner":-1},{"Space":{"X":-2,"Y":-2},"Vision":1,"Owner":-1},{"Space":{"X":-1,"Y":-2},"Vision":1,"Owner":0},{"Space":{"X":0,"Y":-2},"Vision":1,"Owner":-1},{"Space":{"X":1,"Y":-2},"Vision":2,"Owner":-1},{"Space":{"X":2,"Y":-2},"Vision":2,"Owner":-1},{"Space":{"X":3,"Y":-2},"Vision":0,"Owner":-1},{"Space":{"X":4,"Y":-2},"Vision":0,"Owner":-1},{"Space":{"X":-3,"Y":-1},"Vision":2,"Owner":-1},{"Space":{"X":-2,"Y":-1},"Vision":1,"Owner":0},{"Space":{"X":-1,"Y":-1},"Vision":1,"Owner":0},{"Space":{"X":0,"Y":-1},"Vision":0,"Owner":-1},{"Space":{"X":1,"Y":-1},"Vision":0,"Owner":-1},{"Space":{"X":2,"Y":-1},"Vision":0,"Owner":-1},{"Space":{"X":3,"Y":-1},"Vision":0,"Owner":-1},{"Space":{"X":4,"Y":-1},"Vision":0,"Owner":-1},{"Space":{"X":-4,"Y":0},"Vision":3,"Owner":1},{"Space":{"X":-3,"Y":0},"Vision":2,"Owner":0},{"Space":{"X":-2,"Y":0},"Vision":0,"Owner":-1},{"Space":{"X":-1,"Y":0},"Vision":0,"Owner":-1},{"Space":{"X":0,"Y":0},"Vision":0,"Owner":-1},{"Space":{"X":1,"Y":0},"Vision":0,"Owner":-1},{"Space":{"X":2,"Y":0},"Vision":0,"Owner":-1},{"Space":{"X":3,"Y":0},"Vision":0,"Owner":-1},{"Space":{"X":4,"Y":0},"Vision":0,"Owner":-1},{"Space":{"X":-4,"Y":1},"Vision":2,"Owner":0},{"Space":{"X":-3,"Y":1},"Vision":0,"Owner":-1},{"Space":{"X":-2,"Y":1},"Vision":0,"Owner":-1},{"Space":{"X":-1,"Y":1},"Vision":0,"Owner":-1},{"Space":{"X":0,"Y":1},"Vision":0,"Owner":-1},{"Space":{"X":1,"Y":1},"Vision":0,"Owner":-1},{"Space":{"X":2,"Y":1},"Vision":0,"Owner":-1},{"Space":{"X":3,"Y":1},"Vision":0,"Owner":-1},{"Space":{"X":-4,"Y":2},"Vision":0,"Owner":-1},{"Space":{"X":-3,"Y":2},"Vision":0,"Owner":-1},{"Space":{"X":-2,"Y":2},"Vision":0,"Owner":-1},{"Space":{"X":-1,"Y":2},"Vision":0,"Owner":-1},{"Space":{"X":0,"Y":2},"Vision":0,"Owner":-1},{"Space":{"X":1,"Y":2},"Vision":0,"Owner":-1},{"Space":{"X":2,"Y":2},"Vision":0,"Owner":-1},{"Space":{"X":-4,"Y":3},"Vision":0,"Owner":-1},{"Space":{"X":-3,"Y":3},"Vision":0,"Owner":-1},{"Space":{"X":-2,"Y":3},"Vision":0,"Owner":-1},{"Space":{"X":-1,"Y":3},"Vision":0,"Owner":-1},{"Space":{"X":0,"Y":3},"Vision":0,"Owner":-1},{"Space":{"X":1,"Y":3},"Vision":0,"Owner":-1},{"Space":{"X":-4,"Y":4},"Vision":0,"Owner":-1},{"Space":{"X":-3,"Y":4},"Vision":0,"Owner":-1},{"Space":{"X":-2,"Y":4},"Vision":0,"Owner":-1},{"Space":{"X":-1,"Y":4},"Vision":0,"Owner":-1},{"Space":{"X":0,"Y":4},"Vision":0,"Owner":-1}],"units":[{"InternalID":31,"UnitID":11,"Type":2,"Kind":1,"Location":{"Space":{"X":-4,"Y":0},"Zone":{"X":0,"Y":0}},"CurrentStamina":21,"CurrentOrder":null,"Builds":[],"GarrisonedIn":null,"Stance":3,"InterruptCurrent":false,"AttackBack":true,"TargetPriority":"","ActiveOrders":null,"Health":11,"MaxHealth":11},{"InternalID":32,"UnitID":11,"Type":2,"Kind":1,"Location":{"Space":{"X":2,"Y":-3},"Zone":{"X":0,"Y":0}},"CurrentStamina":23,"CurrentOrder":null,"Builds":[],"GarrisonedIn":null,"Stance":3,"InterruptCurrent":false,"AttackBack":true,"TargetPriority":"","ActiveOrders":null,"Health":11,"MaxHealth":11},{"InternalID":33,"UnitID":11,"Type":2,"Kind":1,"Location":{"Space":{"X":2,"Y":-3},"Zone":{"X":0,"Y":0}},"CurrentStamina":23,"CurrentOrder":null,"Builds":[],"GarrisonedIn":null,"Stance":3,"InterruptCurrent":false,"AttackBack":true,"TargetPriority":"","ActiveOrders":null,"Health":11,"MaxHealth":11},{"InternalID":34,"UnitID":11,"Type":2,"Kind":1,"Location":{"Space":{"X":2,"Y":-3},"Zone":{"X":0,"Y":0}},"CurrentStamina":23,"CurrentOrder":null,"Builds":[],"GarrisonedIn":null,"Stance":3,"InterruptCurrent":false,"AttackBack":true,"TargetPriority":"","ActiveOrders":null,"Health":11,"MaxHealth":11},{"InternalID":35,"UnitID":11,"Type":2,"Kind":1,"Location":{"Space":{"X":2,"Y":-3},"Zone":{"X":0,"Y":0}},"CurrentStamina":23,"CurrentOrder":null,"Builds":[],"GarrisonedIn":null,"Stance":3,"InterruptCurrent":false,"AttackBack":true,"TargetPriority":"","ActiveOrders":null,"Health":11,"MaxHealth":11},{"InternalID":36,"UnitID":11,"Type":2,"Kind":1,"Location":{"Space":{"X":2,"Y":-3},"Zone":{"X":0,"Y":0}},"CurrentStamina":23,"CurrentOrder":null,"Builds":[],"GarrisonedIn":null,"Stance":3,"InterruptCurrent":false,"AttackBack":true,"TargetPriority":"","ActiveOrders":null,"Health":11,"MaxHealth":11},{"InternalID":37,"UnitID":11,"Type":2,"Kind":1,"Location":{"Space":{"X":2,"Y":-3},"Zone":{"X":0,"Y":0}},"CurrentStamina":23,"CurrentOrder":null,"Builds":[],"GarrisonedIn":null,"Stance":3,"InterruptCurrent":false,"AttackBack":true,"TargetPriority":"","ActiveOrders":null,"Health":11,"MaxHealth":11},{"InternalID":38,"UnitID":11,"Type":2,"Kind":1,"Location":{"Space":{"X":2,"Y":-3},"Zone":{"X":0,"Y":0}},"CurrentStamina":23,"CurrentOrder":null,"Builds":[],"GarrisonedIn":null,"Stance":3,"InterruptCurrent":false,"AttackBack":true,"TargetPriority":"","ActiveOrders":null,"Health":11,"MaxHealth":11},{"InternalID":39,"UnitID":11,"Type":2,"Kind":1,"Location":{"Space":{"X":2,"Y":-3},"Zone":{"X":0,"Y":0}},"CurrentStamina":23,"CurrentOrder":null,"Builds":[],"GarrisonedIn":null,"Stance":3,"InterruptCurrent":false,"AttackBack":true,"TargetPriority":"","ActiveOrders":null,"Health":11,"MaxHealth":11},{"InternalID":40,"UnitID":11,"Type":2,"Kind":1,"Location":{"Space":{"X":2,"Y":-3},"Zone":{"X":0,"Y":0}},"CurrentStamina":23,"CurrentOrder":null,"Builds":[],"GarrisonedIn":null,"Stance":3,"InterruptCurrent":false,"AttackBack":true,"TargetPriority":"","ActiveOrders":null,"Health":11,"MaxHealth":11},{"InternalID":41,"UnitID":11,"Type":2,"Kind":1,"Location":{"Space":{"X":2,"Y":-3},"Zone":{"X":0,"Y":0}},"CurrentStamina":23,"CurrentOrder":null,"Builds":[],"GarrisonedIn":null,"Stance":3,"InterruptCurrent":false,"AttackBack":true,"TargetPriority":"","ActiveOrders":null,"Health":11,"MaxHealth":11},{"InternalID":42,"UnitID":11,"Type":2,"Kind":1,"Location":{"Space":{"X":2,"Y":-3},"Zone":{"X":0,"Y":0}},"CurrentStamina":23,"CurrentOrder":null,"Builds":[],"GarrisonedIn":null,"Stance":3,"InterruptCurrent":false,"AttackBack":true,"TargetPriority":"","ActiveOrders":null,"Health":11,"MaxHealth":11},{"InternalID":43,"UnitID":11,"Type":2,"Kind":1,"Location":{"Space":{"X":2,"Y":-3},"Zone":{"X":0,"Y":0}},"CurrentStamina":23,"CurrentOrder":null,"Builds":[],"GarrisonedIn":null,"Stance":3,"InterruptCurrent":false,"AttackBack":true,"TargetPriority":"","ActiveOrders":null,"Health":11,"MaxHealth":11},{"InternalID":44,"UnitID":11,"Type":2,"Kind":1,"Location":{"Space":{"X":2,"Y":-3},"Zone":{"X":0,"Y":0}},"CurrentStamina":23,"CurrentOrder":null,"Builds":[],"GarrisonedIn":null,"Stance":3,"InterruptCurrent":false,"AttackBack":true,"TargetPriority":"","ActiveOrders":null,"Health":11,"MaxHealth":11},{"InternalID":45,"UnitID":11,"Type":2,"Kind":1,"Location":{"Space":{"X":2,"Y":-3},"Zone":{"X":0,"Y":0}},"CurrentStamina":23,"CurrentOrder":null,"Builds":[],"GarrisonedIn":null,"Stance":3,"InterruptCurrent":false,"AttackBack":true,"TargetPriority":"","ActiveOrders":null,"Health":11,"MaxHealth":11},{"InternalID":46,"UnitID":11,"Type":2,"Kind":1,"Location":{"Space":{"X":2,"Y":-3},"Zone":{"X":0,"Y":0}},"CurrentStamina":23,"CurrentOrder":null,"Builds":[],"GarrisonedIn":null,"Stance":3,"InterruptCurrent":false,"AttackBack":true,"TargetPriority":"","ActiveOrders":null,"Health":11,"MaxHealth":11},{"InternalID":47,"UnitID":12,"Type":2,"Kind":1,"Location":{"Space":{"X":2,"Y":-3},"Zone":{"X":0,"Y":0}},"CurrentStamina":18,"CurrentOrder":null,"Builds":[],"GarrisonedIn":null,"Stance":3,"InterruptCurrent":false,"AttackBack":true,"TargetPriority":"","ActiveOrders":null,"Health":16,"MaxHealth":16},{"InternalID":48,"UnitID":12,"Type":2,"Kind":1,"Location":{"Space":{"X":2,"Y":-3},"Zone":{"X":0,"Y":0}},"CurrentStamina":18,"CurrentOrder":null,"Builds":[],"GarrisonedIn":null,"Stance":3,"InterruptCurrent":false,"AttackBack":true,"TargetPriority":"","ActiveOrders":null,"Health":16,"MaxHealth":16},{"InternalID":49,"UnitID":12,"Type":2,"Kind":1,"Location":{"Space":{"X":2,"Y":-3},"Zone":{"X":0,"Y":0}},"CurrentStamina":18,"CurrentOrder":null,"Builds":[],"GarrisonedIn":null,"Stance":3,"InterruptCurrent":false,"AttackBack":true,"TargetPriority":"","ActiveOrders":null,"Health":16,"MaxHealth":16},{"InternalID":50,"UnitID":12,"Type":2,"Kind":1,"Location":{"Space":{"X":2,"Y":-3},"Zone":{"X":0,"Y":0}},"CurrentStamina":18,"CurrentOrder":null,"Builds":[],"GarrisonedIn":null,"Stance":3,"InterruptCurrent":false,"AttackBack":true,"TargetPriority":"","ActiveOrders":null,"Health":16,"MaxHealth":16},{"InternalID":51,"UnitID":12,"Type":2,"Kind":1,"Location":{"Space":{"X":2,"Y":-3},"Zone":{"X":0,"Y":0}},"CurrentStamina":18,"CurrentOrder":null,"Builds":[],"GarrisonedIn":null,"Stance":3,"InterruptCurrent":false,"AttackBack":true,"TargetPriority":"","ActiveOrders":null,"Health":16,"MaxHealth":16},{"InternalID":52,"UnitID":12,"Type":2,"Kind":1,"Location":{"Space":{"X":2,"Y":-3},"Zone":{"X":0,"Y":0}},"CurrentStamina":18,"CurrentOrder":null,"Builds":[],"GarrisonedIn":null,"Stance":3,"InterruptCurrent":false,"AttackBack":true,"TargetPriority":"","ActiveOrders":null,"Health":16,"MaxHealth":16},{"InternalID":53,"UnitID":12,"Type":2,"Kind":1,"Location":{"Space":{"X":2,"Y":-3},"Zone":{"X":0,"Y":0}},"CurrentStamina":18,"CurrentOrder":null,"Builds":[],"GarrisonedIn":null,"Stance":3,"InterruptCurrent":false,"AttackBack":true,"TargetPriority":"","ActiveOrders":null,"Health":16,"MaxHealth":16},{"InternalID":54,"UnitID":12,"Type":2,"Kind":1,"Location":{"Space":{"X":2,"Y":-3},"Zone":{"X":0,"Y":0}},"CurrentStamina":18,"CurrentOrder":null,"Builds":[],"GarrisonedIn":null,"Stance":3,"InterruptCurrent":false,"AttackBack":true,"TargetPriority":"","ActiveOrders":null,"Health":16,"MaxHealth":16},{"InternalID":55,"UnitID":13,"Type":2,"Kind":1,"Location":{"Space":{"X":2,"Y":-3},"Zone":{"X":0,"Y":0}},"CurrentStamina":12,"CurrentOrder":null,"Builds":[],"GarrisonedIn":null,"Stance":3,"InterruptCurrent":false,"AttackBack":true,"TargetPriority":"","ActiveOrders":null,"Health":50,"MaxHealth":50},{"InternalID":56,"UnitID":13,"Type":2,"Kind":1,"Location":{"Space":{"X":2,"Y":-3},"Zone":{"X":0,"Y":0}},"CurrentStamina":12,"CurrentOrder":null,"Builds":[],"GarrisonedIn":null,"Stance":3,"InterruptCurrent":false,"AttackBack":true,"TargetPriority":"","ActiveOrders":null,"Health":50,"MaxHealth":50},{"InternalID":57,"UnitID":13,"Type":2,"Kind":1,"Location":{"Space":{"X":2,"Y":-3},"Zone":{"X":0,"Y":0}},"CurrentStamina":12,"CurrentOrder":null,"Builds":[],"GarrisonedIn":null,"Stance":3,"InterruptCurrent":false,"AttackBack":true,"TargetPriority":"","ActiveOrders":null,"Health":50,"MaxHealth":50},{"InternalID":58,"UnitID":13,"Type":2,"Kind":1,"Location":{"Space":{"X":2,"Y":-3},"Zone":{"X":0,"Y":0}},"CurrentStamina":12,"CurrentOrder":null,"Builds":[],"GarrisonedIn":null,"Stance":3,"InterruptCurrent":false,"AttackBack":true,"TargetPriority":"","ActiveOrders":null,"Health":50,"MaxHealth":50},{"InternalID":59,"UnitID":13,"Type":2,"Kind":1,"Location":{"Space":{"X":2,"Y":-3},"Zone":{"X":0,"Y":0}},"CurrentStamina":12,"CurrentOrder":null,"Builds":[],"GarrisonedIn":null,"Stance":3,"InterruptCurrent":false,"AttackBack":true,"TargetPriority":"","ActiveOrders":null,"Health":50,"MaxHealth":50},{"InternalID":60,"UnitID":13,"Type":2,"Kind":1,"Location":{"Space":{"X":2,"Y":-3},"Zone":{"X":0,"Y":0}},"CurrentStamina":12,"CurrentOrder":null,"Builds":[],"GarrisonedIn":null,"Stance":3,"InterruptCurrent":false,"AttackBack":true,"TargetPriority":"","ActiveOrders":null,"Health":50,"MaxHealth":50}]}
2026/09/30 21:20:38 ai ai-1: submitting orders [{Subjects:[31] OrderType:2 TargetID:9870 ClearPreviousOrders:true}]
2026/09/30 21:20:38 ai ai-1: vars {}
2026/09/30 21:20:38 player action: submit-orders 0 2 map[orders:[{1 [31] 2 9870 true}]]
2026/09/30 21:20:38 Executing submit orders for: 1 [{1 [31] 2 9870 true}]
2026/09/30 21:20:38 ai ai-0: new turn data {"buildings":[],"enemy_buildings":[],"enemy_units":[],"foundations":[],"population":{"current":30,"limit":0},"resources":{"food":200,"gold":54,"stone":100,"wood":200},"spaces":[{"Space":{"X":0,"Y":-4},"Vision":2,"Owner":-1},{"Space":{"X":1,"Y":-4},"Vision":2,"Owner":-1},{"Space":{"X":2,"Y":-4},"Vision":2,"Owner":-1},{"Space":{"X":3,"Y":-4},"Vision":0,"Owner":-1},{"Space":{"X":4,"Y":-4},"Vision":0,"Owner":-1},{"Space":{"X":-1,"Y":-3},"Vision":3,"Owner":0},{"Space":{"X":0,"Y":-3},"Vision":3,"Owner":-1},{"Space":{"X":1,"Y":-3},"Vision":3,"Owner":0},{"Space":{"X":2,"Y":-3},"Vision":2,"Owner":1},{"Space":{"X":3,"Y":-3},"Vision":0,"Owner":-1},{"Space":{"X":4,"Y":-3},"Vision":0,"Owner":-1},{"Space":{"X":-2,"Y":-2},"Vision":2,"Owner":-1},{"Space":{"X":-1,"Y":-2},"Vision":3,"Owner":0},{"Space":{"X":0,"Y":-2},"Vision":2,"Owner":-1},{"Space":{"X":1,"Y":-2},"Vision":2,"Owner":-1},{"Space":{"X":2,"Y":-2},"Vision":0,"Owner":-1},{"Space":{"X":3,"Y":-2},"Vision":0,"Owner":-1},{"Space":{"X":4,"Y":-2},"Vision":0,"Owner":-1},{"Space":{"X":-3,"Y":-1},"Vision":2,"Owner":-1},{"Space":{"X":-2,"Y":-1},"Vision":3,"Owner":0},{"Space":{"X":-1,"Y":-1},"Vision":2,"Owner":-1},{"Space":{"X":0,"Y":-1},"Vision":1,"Owner":-1},{"Space":{"X":1,"Y":-1},"Vision":0,"Owner":-1},{"Space":{"X":2,"Y":-1},"Vision":0,"Owner":-1},{"Space":{"X":3,"Y":-1},"Vision":0,"Owner":-1},{"Space":{"X":4,"Y":-1},"Vision":0,"Owner":-1},{"Space":{"X":-4,"Y":0},"Vision":2,"Owner":1},{"Space":{"X":-3,"Y":0},"Vision":3,"Owner":0},{"Space":{"X":-2,"Y":0},"Vision":2,"Owner":-1},{"Space":{"X":-1,"Y":0},"Vision":1,"Owner":-1},{"Space":{"X":0,"Y":0},"Vision":1,"Owner":-1},{"Space":{"X":1,"Y":0},"Vision":0,"Owner":-1},{"Space":{"X":2,"Y":0},"Vision":0,"Owner":-1},{"Space":{"X":3,"Y":0},"Vision":0,"Owner":-1},{"Space":{"X":4,"Y":0},"Vision":0,"Owner":-1},{"Space":{"X":-4,"Y":1},"Vision":3,"Owner":0},{"Space":{"X":-3,"Y":1},"Vision":2,"Owner":-1},{"Space":{"X":-2,"Y":1},"Vision":1,"Owner":-1},{"Space":{"X":-1,"Y":1},"Vision":1,"Owner":-1},{"Space":{"X":0,"Y":1},"Vision":1,"Owner":-1},{"Space":{"X":1,"Y":1},"Vision":2,"Owner":-1},{"Space":{"X":2,"Y":1},"Vision":2,"Owner":-1},{"Space":{"X":3,"Y":1},"Vision":0,"Owner":-1},{"Space":{"X":-4,"Y":2},"Vision":2,"Owner":-1},{"Space":{"X":-3,"Y":2},"Vision":1,"Owner":-1},{"Space":{"X":-2,"Y":2},"Vision":1,"Owner":-1},{"Space":{"X":-1,"Y":2},"Vision":1,"Owner":-1},{"Space":{"X":0,"Y":2},"Vision":2,"Owner":-1},{"Space":{"X":1,"Y":2},"Vision":3,"Owner":0},{"Space":{"X":2,"Y":2},"Vision":2,"Owner":-1},{"Space":{"X":-4,"Y":3},"Vision":1,"Owner":-1},{"Space":{"X":-3,"Y":3},"Vision":1,"Owner":-1},{"Space":{"X":-2,"Y":3},"Vision":1,"Owner":-1},{"Space":{"X":-1,"Y":3},"Vision":1,"Owner":-1},{"Space":{"X":0,"Y":3},"Vision":2,"Owner":-1},{"Space":{"X":1,"Y":3},"Vision":2,"Owner":-1},{"Space":{"X":-4,"Y":4},"Vision":1,"Owner":-1},{"Space":{"X":-3,"Y":4},"Vision":1,"Owner":-1},{"Space":{"X":-2,"Y":4},"Vision":1,"Owner":-1},{"Space":{"X":-1,"Y":4},"Vision":1,"Owner":-1},{"Space":{"X":0,"Y":4},"Vision":1,"Owner":-1}],"units":[{"InternalID":1,"UnitID":11,"Type":2,"Kind":1,"Location":{"Space":{"X":-2,"Y":-1},"Zone":{"X":1,"Y":-1}},"CurrentStamina":20,"CurrentOrder":{"Kind":0,"TargetZone":{"Space":{"X":-1,"Y":-3},"Zone":{"X":0,"Y":0}},"TargetSpace":null,"TargetResource":null,"TargetUnit":null,"TargetBuilding":null},"Builds":[],"GarrisonedIn":null,"Stance":3,"InterruptCurrent":true,"AttackBack":true,"TargetPriority":"","ActiveOrders":[{"ID":64,"Kind":0}],"Health":11,"MaxHealth":11},{"InternalID":2,"UnitID":11,"Type":2,"Kind":1,"Location":{"Space":{"X":-4,"Y":1},"Zone":{"X":0,"Y":0}},"CurrentStamina":23,"CurrentOrder":null,"Builds":[],"GarrisonedIn":null,"Stance":3,"InterruptCurrent":true,"AttackBack":true,"TargetPriority":"","ActiveOrders":null,"Health":11,"MaxHealth":11},{"InternalID":3,"UnitID":11,"Type":2,"Kind":1,"Location":{"Space":{"X":-1,"Y":-2},"Zone":{"X":1,"Y":-1}},"CurrentStamina":20,"CurrentOrder":{"Kind":0,"TargetZone":{"Space":{"X":0,"Y":-3},"Zone":{"X":0,"Y":0}},"TargetSpace":null,"TargetResource":null,"TargetUnit":null,"TargetBuilding":null},"Builds":[],"GarrisonedIn":null,"Stance":3,"InterruptCurrent":true,"AttackBack":true,"TargetPriority":"","ActiveOrders":[{"ID":65,"Kind":0}],"Health":11,"MaxHealth":11},{"InternalID":4,"UnitID":11,"Type":2,"Kind":1,"Location":{"Space":{"X":-1,"Y":-3},"Zone":{"X":0,"Y":0}},"CurrentStamina":21,"CurrentOrder":null,"Builds":[],"GarrisonedIn":null,"Stance":3,"InterruptCurrent":true,"AttackBack":true,"TargetPriority":"","ActiveOrders":null,"Health":11,"MaxHealth":11},{"InternalID":5,"UnitID":11,"Type":2,"Kind":1,"Location":{"Space":{"X":1,"Y":-3},"Zone":{"X":0,"Y":0}},"CurrentStamina":21,"CurrentOrder":null,"Builds":[],"GarrisonedIn":null,"Stance":3,"InterruptCurrent":true,"AttackBack":true,"TargetPriority":"","ActiveOrders":null,"Health":11,"MaxHealth":11},{"InternalID":6,"UnitID":11,"Type":2,"Kind":1,"Location":{"Space":{"X":1,"Y":2},"Zone":{"X":0,"Y":0}},"CurrentStamina":23,"CurrentOrder":null,"Builds":[],"GarrisonedIn":null,"Stance":3,"InterruptCurrent":false,"AttackBack":true,"TargetPriority":"","ActiveOrders":null,"Health":11,"MaxHealth":11},{"InternalID":7,"UnitID":11,"Type":2,"Kind":1,"Location":{"Space":{"X":-2,"Y":-1},"Zone":{"X":1,"Y":-1}},"CurrentStamina":20,"CurrentOrder":{"Kind":0,"TargetZone":{"Space":{"X":-1,"Y":-3},"Zone":{"X":0,"Y":0}},"TargetSpace":null,"TargetResource":null,"TargetUnit":null,"TargetBuilding":null},"Builds":[],"GarrisonedIn":null,"Stance":3,"InterruptCurrent":true,"AttackBack":true,"TargetPriority":"","ActiveOrders":[{"ID":68,"Kind":0}],"Health":11,"MaxHealth":11},{"InternalID":8,"UnitID":11,"Type":2,"Kind":1,"Location":{"Space":{"X":-2,"Y":-1},"Zone":{"X":1,"Y":-1}},"CurrentStamina":20,"CurrentOrder":{"Kind":0,"TargetZone":{"Space":{"X":-1,"Y":-3},"Zone":{"X":0,"Y":0}},"TargetSpace":null,"TargetResource":null,"TargetUnit":null,"TargetBuilding":null},"Builds":[],"GarrisonedIn":null,"Stance":3,"InterruptCurrent":true,"AttackBack":true,"TargetPriority":"","ActiveOrders":[{"ID":69,"Kind":0}],"Health":11,"MaxHealth":11},{"InternalID":9,"UnitID":11,"Type":2,"Kind":1,"Location":{"Space":{"X":-2,"Y":-1},"Zone":{"X":1,"Y":-1}},"CurrentStamina":20,"CurrentOrder":{"Kind":0,"TargetZone":{"Space":{"X":-1,"Y":-3},"Zone":{"X":0,"Y":0}},"TargetSpace":null,"TargetResource":null,"TargetUnit":null,"TargetBuilding":null},"Builds":[],"GarrisonedIn":null,"Stance":3,"InterruptCurrent":true,"AttackBack":true,"TargetPriority":"","ActiveOrders":[{"ID":70,"Kind":0}],"Health":11,"MaxHealth":11},{"InternalID":10,"UnitID":11,"Type":2,"Kind":1,"Location":{"Space":{"X":-2,"Y":-1},"Zone":{"X":1,"Y":-1}},"CurrentStamina":20,"CurrentOrder":{"Kind":0,"TargetZone":{"Space":{"X":-1,"Y":-3},"Zone":{"X":0,"Y":0}},"TargetSpace":null,"TargetResource":null,"TargetUnit":null,"TargetBuilding":null},"Builds":[],"GarrisonedIn":null,"Stance":3,"InterruptCurrent":true,"AttackBack":true,"TargetPriority":"","ActiveOrders":[{"ID":71,"Kind":0}],"Health":11,"MaxHealth":11},{"InternalID":11,"UnitID":11,"Type":2,"Kind":1,"Location":{"Space":{"X":-2,"Y":-1},"Zone":{"X":1,"Y":-1}},"CurrentStamina":20,"CurrentOrder":{"Kind":0,"TargetZone":{"Space":{"X":-1,"Y":-3},"Zone":{"X":0,"Y":0}},"TargetSpace":null,"TargetResource":null,"TargetUnit":null,"TargetBuilding":null},"Builds":[],"GarrisonedIn":null,"Stance":3,"InterruptCurrent":true,"AttackBack":true,"TargetPriority":"","ActiveOrders":[{"ID":72,"Kind":0}],"Health":11,"MaxHealth":11},{"InternalID":12,"UnitID":11,"Type":2,"Kind":1,"Location":{"Space":{"X":-2,"Y":-1},"Zone":{"X":1,"Y":-1}},"CurrentStamina":20,"CurrentOrder":{"Kind":0,"TargetZone":{"Space":{"X":-1,"Y":-3},"Zone":{"X":0,"Y":0}},"TargetSpace":null,"TargetResource":null,"TargetUnit":null,"TargetBuilding":null},"Builds":[],"GarrisonedIn":null,"Stance":3,"InterruptCurrent":true,"AttackBack":true,"TargetPriority":"","ActiveOrders":[{"ID":73,"Kind":0}],"Health":11,"MaxHealth":11},{"InternalID":13,"UnitID":11,"Type":2,"Kind":1,"Location":{"Space":{"X":-2,"Y":-1},"Zone":{"X":1,"Y":-1}},"CurrentStamina":20,"CurrentOrder":{"Kind":0,"TargetZone":{"Space":{"X":-1,"Y":-3},"Zone":{"X":0,"Y":0}},"TargetSpace":null,"TargetResource":null,"TargetUnit":null,"TargetBuilding":null},"Builds":[],"GarrisonedIn":null,"Stance":3,"InterruptCurrent":true,"AttackBack":true,"TargetPriority":"","ActiveOrders":[{"ID":74,"Kind":0}],"Health":11,"MaxHealth":11},{"InternalID":14,"UnitID":11,"Type":2,"Kind":1,"Location":{"Space":{"X":-2,"Y":-1},"Zone":{"X":1,"Y":-1}},"CurrentStamina":20,"CurrentOrder":{"Kind":0,"TargetZone":{"Space":{"X":-1,"Y":-3},"Zone":{"X":0,"Y":0}},"TargetSpace":null,"TargetResource":null,"TargetUnit":null,"TargetBuilding":null},"Builds":[],"GarrisonedIn":null,"Stance":3,"InterruptCurrent":true,"AttackBack":true,"TargetPriority":"","ActiveOrders":[{"ID":75,"Kind":0}],"Health":11,"MaxHealth":11},{"InternalID":15,"UnitID":11,"Type":2,"Kind":1,"Location":{"Space":{"X":-2,"Y":-1},"Zone":{"X":1,"Y":-1}},"CurrentStamina":20,"CurrentOrder":{"Kind":0,"TargetZone":{"Space":{"X":-1,"Y":-3},"Zone":{"X":0,"Y":0}},"TargetSpace":null,"TargetResource":null,"TargetUnit":null,"TargetBuilding":null},"Builds":[],"GarrisonedIn":null,"Stance":3,"InterruptCurrent":true,"AttackBack":true,"TargetPriority":"","ActiveOrders":[{"ID":76,"Kind":0}],"Health":11,"MaxHealth":11},{"InternalID":16,"UnitID":11,"Type":2,"Kind":1,"Location":{"Space":{"X":-2,"Y":-1},"Zone":{"X":1,"Y":-1}},"CurrentStamina":20,"CurrentOrder":{"Kind":0,"TargetZone":{"Space":{"X":-1,"Y":-3},"Zone":{"X":0,"Y":0}},"TargetSpace":null,"TargetResource":null,"TargetUnit":null,"TargetBuilding":null},"Builds":[],"GarrisonedIn":null,"Stance":3,"InterruptCurrent":true,"AttackBack":true,"TargetPriority":"","ActiveOrders":[{"ID":77,"Kind":0}],"Health":11,"MaxHealth":11},{"InternalID":17,"UnitID":12,"Type":2,"Kind":1,"Location":{"Space":{"X":-3,"Y":0},"Zone":{"X":1,"Y":-1}},"CurrentStamina":17,"CurrentOrder":{"Kind":0,"TargetZone":{"Space":{"X":-1,"Y":-3},"Zone":{"X":0,"Y":0}},"TargetSpace":null,"TargetResource":null,"TargetUnit":null,"TargetBuilding":null},"Builds":[],"GarrisonedIn":null,"Stance":3,"InterruptCurrent":true,"AttackBack":true,"TargetPriority":"","ActiveOrders":[{"ID":78,"Kind":0}],"Health":16,"MaxHealth":16},{"InternalID":18,"UnitID":12,"Type":2,"Kind":1,"Location":{"Space":{"X":-3,"Y":0},"Zone":{"X":1,"Y":-1}},"CurrentStamina":17,"CurrentOrder":{"Kind":0,"TargetZone":{"Space":{"X":-1,"Y":-3},"Zone":{"X":0,"Y":0}},"TargetSpace":null,"TargetResource":null,"TargetUnit":null,"TargetBuilding":null},"Builds":[],"GarrisonedIn":null,"Stance":3,"InterruptCurrent":true,"AttackBack":true,"TargetPriority":"","ActiveOrders":[{"ID":79,"Kind":0}],"Health":16,"MaxHealth":16},{"InternalID":19,"UnitID":12,"Type":2,"Kind":1,"Location":{"Space":{"X":-3,"Y":0},"Zone":{"X":1,"Y":-1}},"CurrentStamina":17,"CurrentOrder":{"Kind":0,"TargetZone":{"Space":{"X":-1,"Y":-3},"Zone":{"X":0,"Y":0}},"TargetSpace":null,"TargetResource":null,"TargetUnit":null,"TargetBuilding":null},"Builds":[],"GarrisonedIn":null,"Stance":3,"InterruptCurrent":true,"AttackBack":true,"TargetPriority":"","ActiveOrders":[{"ID":80,"Kind":0}],"Health":16,"MaxHealth":16},{"InternalID":20,"UnitID":12,"Type":2,"Kind":1,"Location":{"Space":{"X":-3,"Y":0},"Zone":{"X":1,"Y":-1}},"CurrentStamina":17,"CurrentOrder":{"Kind":0,"TargetZone":{"Space":{"X":-1,"Y":-3},"Zone":{"X":0,"Y":0}},"TargetSpace":null,"TargetResource":null,"TargetUnit":null,"TargetBuilding":null},"Builds":[],"GarrisonedIn":null,"Stance":3,"InterruptCurrent":true,"AttackBack":true,"TargetPriority":"","ActiveOrders":[{"ID":81,"Kind":0}],"Health":16,"MaxHealth":16},{"InternalID":21,"UnitID":12,"Type":2,"Kind":1,"Location":{"Space":{"X":-3,"Y":0},"Zone":{"X":1,"Y":-1}},"CurrentStamina":17,"CurrentOrder":{"Kind":0,"TargetZone":{"Space":{"X":-1,"Y":-3},"Zone":{"X":0,"Y":0}},"TargetSpace":null,"TargetResource":null,"TargetUnit":null,"TargetBuilding":null},"Builds":[],"GarrisonedIn":null,"Stance":3,"InterruptCurrent":true,"AttackBack":true,"TargetPriority":"","ActiveOrders":[{"ID":82,"Kind":0}],"Health":16,"MaxHealth":16},{"InternalID":22,"UnitID":12,"Type":2,"Kind":1,"Location":{"Space":{"X":-3,"Y":0},"Zone":{"X":1,"Y":-1}},"CurrentStamina":17,"CurrentOrder":{"Kind":0,"TargetZone":{"Space":{"X":-1,"Y":-3},"Zone":{"X":0,"Y":0}},"TargetSpace":null,"TargetResource":null,"TargetUnit":null,"TargetBuilding":null},"Builds":[],"GarrisonedIn":null,"Stance":3,"InterruptCurrent":true,"AttackBack":true,"TargetPriority":"","ActiveOrders":[{"ID":83,"Kind":0}],"Health":16,"MaxHealth":16},{"InternalID":23,"UnitID":12,"Type":2,"Kind":1,"Location":{"Space":{"X":-3,"Y":0},"Zone":{"X":1,"Y":-1}},"CurrentStamina":17,"CurrentOrder":{"Kind":0,"TargetZone":{"Space":{"X":-1,"Y":-3},"Zone":{"X":0,"Y":0}},"TargetSpace":null,"TargetResource":null,"TargetUnit":null,"TargetBuilding":null},"Builds":[],"GarrisonedIn":null,"Stance":3,"InterruptCurrent":true,"AttackBack":true,"TargetPriority":"","ActiveOrders":[{"ID":84,"Kind":0}],"Health":16,"MaxHealth":16},{"InternalID":24,"UnitID":12,"Type":2,"Kind":1,"Location":{"Space":{"X":-3,"Y":0},"Zone":{"X":1,"Y":-1}},"CurrentStamina":17,"CurrentOrder":{"Kind":0,"TargetZone":{"Space":{"X":-1,"Y":-3},"Zone":{"X":0,"Y":0}},"TargetSpace":null,"TargetResource":null,"TargetUnit":null,"TargetBuilding":null},"Builds":[],"GarrisonedIn":null,"Stance":3,"InterruptCurrent":true,"AttackBack":true,"TargetPriority":"","ActiveOrders":[{"ID":85,"Kind":0}],"Health":16,"MaxHealth":16},{"InternalID":25,"UnitID":13,"Type":2,"Kind":1,"Location":{"Space":{"X":-4,"Y":1},"Zone":{"X":0,"Y":0}},"CurrentStamina":8,"CurrentOrder":null,"Builds":[],"GarrisonedIn":null,"Stance":3,"InterruptCurrent":true,"AttackBack":true,"TargetPriority":"","ActiveOrders":null,"Health":50,"MaxHealth":50},{"InternalID":26,"UnitID":13,"Type":2,"Kind":1,"Location":{"Space":{"X":-4,"Y":1},"Zone":{"X":0,"Y":0}},"CurrentStamina":8,"CurrentOrder":null,"Builds":[],"GarrisonedIn":null,"Stance":3,"InterruptCurrent":true,"AttackBack":true,"TargetPriority":"","ActiveOrders":null,"Health":50,"MaxHealth":50},{"InternalID":27,"UnitID":13,"Type":2,"Kind":1,"Location":{"Space":{"X":-4,"Y":1},"Zone":{"X":0,"Y":0}},"CurrentStamina":8,"CurrentOrder":null,"Builds":[],"GarrisonedIn":null,"Stance":3,"InterruptCurrent":true,"AttackBack":true,"TargetPriority":"","ActiveOrders":null,"Health":50,"MaxHealth":50},{"InternalID":28,"UnitID":13,"Type":2,"Kind":1,"Location":{"Space":{"X":-4,"Y":1},"Zone":{"X":0,"Y":0}},"CurrentStamina":8,"CurrentOrder":null,"Builds":[],"GarrisonedIn":null,"Stance":3,"InterruptCurrent":true,"AttackBack":true,"TargetPriority":"","ActiveOrders":null,"Health":50,"MaxHealth":50},{"InternalID":29,"UnitID":13,"Type":2,"Kind":1,"Location":{"Space":{"X":-4,"Y":1},"Zone":{"X":0,"Y":0}},"CurrentStamina":8,"CurrentOrder":null,"Builds":[],"GarrisonedIn":null,"Stance":3,"InterruptCurrent":true,"AttackBack":true,"TargetPriority":"","ActiveOrders":null,"Health":50,"MaxHealth":50},{"InternalID":30,"UnitID":13,"Type":2,"Kind":1,"Location":{"Space":{"X":-4,"Y":1},"Zone":{"X":0,"Y":0}},"CurrentStamina":8,"CurrentOrder":null,"Builds":[],"GarrisonedIn":null,"Stance":3,"InterruptCurrent":true,"AttackBack":true,"TargetPriority":"","ActiveOrders":null,"Health":50,"MaxHealth":50}]}
2026/09/30 21:20:38 ai ai-0: submitting orders [{Subjects:[2] OrderType:2 TargetID:105 ClearPreviousOrders:true} {Subjects:[4] OrderType:2 TargetID:1953 ClearPreviousOrders:true} {Subjects:[5] OrderType:2 TargetID:19306 ClearPreviousOrders:true} {Subjects:[6] OrderType:2 TargetID:21 ClearPreviousOrders:true} {Subjects:[25] OrderType:2 TargetID:105 ClearPreviousOrders:true} {Subjects:[26] OrderType:2 TargetID:105 ClearPreviousOrders:true} {Subjects:[27] OrderType:2 TargetID:105 ClearPreviousOrders:true} {Subjects:[28] OrderType:2 TargetID:105 ClearPreviousOrders:true} {Subjects:[29] OrderType:2 TargetID:105 ClearPreviousOrders:true} {Subjects:[30] OrderType:2 TargetID:105 ClearPreviousOrders:true}]
2026/09/30 21:20:38 ai ai-0: vars {"B":16,"Hv":6,"Pi":8,"aPowLocal":0,"aThreat":0,"a_engaged":0,"a_odds":1.3,"a_outnumbered":0,"army_target":50,"army_value":3080,"assault":0,"bank_rate":28,"bar_barracks":0.17072129748186085,"bar_redoubt":1.1111111111111112,"barracks":0,"barracks_B":0,"barracks_P":0,"barracks_save":0,"barracks_spend":78.1,"barracks_want":0,"buffer_food":70,"buffer_gold":0,"buffer_stone":0,"buffer_wood":70,"builders":0,"committed":0,"eB":0,"eGrowth":0,"eH":0,"eMil":0,"eP":0,"ePow":0,"ePowEst":0,"ePowSeen":0,"eTech":1,"eV":0,"es":1,"farm_want":0,"farm_wood_short":0,"farming":0,"fire_barracks":0,"fire_farm0":0,"fire_farm1":0,"fire_farm2":0,"fire_house":0,"fire_outpost":0,"fire_redoubt":0,"fire_smith":0,"fire_vc":0,"food_need":0,"food_over":0,"food_rate":0,"food_slots":1000,"food_workers":0,"free_room":20,"go":0,"gold_income":14,"gold_need":0,"gold_rate":0,"gold_surplus":54,"guaranteed":0,"guard_home":0,"headroom":-30,"hire_B":2907.6923076923076,"hire_P":4569.2307692307695,"homePow":0,"house_builders":0,"house_urgency":0,"house_want":0,"income_proj":0,"left":0,"lf_food":0,"lf_gold":0,"lf_stone":0,"lf_wood":0,"lump_food":0,"lump_gold":0,"lump_stone":0,"lump_wood":0,"maturity":0,"mil":30,"myTech":1,"n_barracks":0,"n_redoubts":0,"needB":19.99511837930193,"needP":0.00488162069807176,"outpost_want":0,"pikes":0,"planned_food":0,"planned_gold":0,"planned_stone":0,"planned_wood":0,"prod_rate":0,"proj_army":3080,"raid_danger":0,"raid_fails":0,"raid_lost":0,"raid_pause":0,"raid_prev":5,"raid_size":4.8,"raid_wiped":0,"rate":6,"redoubt_H":0,"redoubt_gold_ok":1,"redoubt_save":0,"redoubt_spend":30,"redoubt_want":0,"redoubts":0,"rf_food":0,"rf_gold":0,"rf_stone":0,"rf_wood":0,"sB4":256,"sP4":0.0625,"scale_l":0,"scale_r":0,"shareH":0.2,"smith_want":0,"smiths":0,"spare":0,"spare_food":0.5,"stone_need":0,"stone_rate":0,"tH":26,"target_spend":400,"tech_food":50,"tech_gold":0,"tech_stone":0,"tech_wood":50,"threat_home":0,"turns_left":-300,"u_barracks":0.2868117797695263,"u_redoubt":0.18666666666666668,"unit_spend":120,"vB":4,"vH":1,"vP":0.5,"vc_want":0,"vcs":0,"vil_goal":50,"vil_rate":0,"vil_stamina":8,"vil_want":0,"vil_want_last":0,"vil_worth_now":0.6,"vils":0,"w_food":0,"w_gold":0,"w_stone":0,"w_wood":0,"wild_workers":0,"wood_need":0,"wood_rate":0,"workers":0}
2026/09/30 21:20:38 player action: submit-orders 0 1 map[orders:[{0 [2] 2 105 true} {0 [4] 2 1953 true} {0 [5] 2 19306 true} {0 [6] 2 21 true} {0 [25] 2 105 true} {0 [26] 2 105 true} {0 [27] 2 105 true} {0 [28] 2 105 true} {0 [29] 2 105 true} {0 [30] 2 105 true}]]
2026/09/30 21:20:38 Executing submit orders for: 0 [{0 [2] 2 105 true} {0 [4] 2 1953 true} {0 [5] 2 19306 true} {0 [6] 2 21 true} {0 [25] 2 105 true} {0 [26] 2 105 true} {0 [27] 2 105 true} {0 [28] 2 105 true} {0 [29] 2 105 true} {0 [30] 2 105 true}]
2026/09/30 21:20:38 Resolving active orders
2026/09/30 21:20:38 Moving unit 1 Blunt Infantry to zone(-1, 1) in space (-1, -2) tick=1
2026/09/30 21:20:38 Moving unit 2 Blunt Infantry to zone(1, 0) in space (-4, 1) tick=1
2026/09/30 21:20:38 Moving unit 11 Blunt Infantry to zone(-1, 1) in space (-1, -2) tick=1
2026/09/30 21:20:38 Moving unit 13 Blunt Infantry to zone(-1, 1) in space (-1, -2) tick=1
2026/09/30 21:20:38 Moving unit 18 Piercing Infantry to zone(-1, 1) in space (-2, -1) tick=1
2026/09/30 21:20:38 Moving unit 29 Heavy Infantry to zone(1, 0) in space (-4, 1) tick=1
2026/09/30 21:20:38 Moving unit 5 Blunt Infantry to zone(1, 0) in space (1, -3) tick=1
2026/09/30 21:20:38 Moving unit 14 Blunt Infantry to zone(-1, 1) in space (-1, -2) tick=1
2026/09/30 21:20:38 Moving unit 17 Piercing Infantry to zone(-1, 1) in space (-2, -1) tick=1
2026/09/30 21:20:38 Moving unit 21 Piercing Infantry to zone(-1, 1) in space (-2, -1) tick=1
2026/09/30 21:20:38 Moving unit 24 Piercing Infantry to zone(-1, 1) in space (-2, -1) tick=1
2026/09/30 21:20:38 Moving unit 25 Heavy Infantry to zone(1, 0) in space (-4, 1) tick=1
2026/09/30 21:20:38 Moving unit 26 Heavy Infantry to zone(1, 0) in space (-4, 1) tick=1
2026/09/30 21:20:38 Moving unit 23 Piercing Infantry to zone(-1, 1) in space (-2, -1) tick=1
2026/09/30 21:20:38 Moving unit 3 Blunt Infantry to zone(-1, 1) in space (0, -3) tick=1
2026/09/30 21:20:38 Moving unit 9 Blunt Infantry to zone(-1, 1) in space (-1, -2) tick=1
2026/09/30 21:20:38 Moving unit 20 Piercing Infantry to zone(-1, 1) in space (-2, -1) tick=1
2026/09/30 21:20:38 Moving unit 22 Piercing Infantry to zone(-1, 1) in space (-2, -1) tick=1
2026/09/30 21:20:38 Moving unit 4 Blunt Infantry to zone(1, 0) in space (-1, -3) tick=1
2026/09/30 21:20:38 Moving unit 6 Blunt Infantry to zone(0, -1) in space (1, 2) tick=1
2026/09/30 21:20:38 Moving unit 8 Blunt Infantry to zone(-1, 1) in space (-1, -2) tick=1
2026/09/30 21:20:38 Moving unit 10 Blunt Infantry to zone(-1, 1) in space (-1, -2) tick=1
2026/09/30 21:20:38 Moving unit 16 Blunt Infantry to zone(-1, 1) in space (-1, -2) tick=1
2026/09/30 21:20:38 Moving unit 28 Heavy Infantry to zone(1, 0) in space (-4, 1) tick=1
2026/09/30 21:20:38 Moving unit 7 Blunt Infantry to zone(-1, 1) in space (-1, -2) tick=1
2026/09/30 21:20:38 Moving unit 15 Blunt Infantry to zone(-1, 1) in space (-1, -2) tick=1
2026/09/30 21:20:38 Moving unit 19 Piercing Infantry to zone(-1, 1) in space (-2, -1) tick=1
2026/09/30 21:20:38 Moving unit 12 Blunt Infantry to zone(-1, 1) in space (-1, -2) tick=1
2026/09/30 21:20:38 Moving unit 27 Heavy Infantry to zone(1, 0) in space (-4, 1) tick=1
2026/09/30 21:20:38 Moving unit 30 Heavy Infantry to zone(1, 0) in space (-4, 1) tick=1
2026/09/30 21:20:38 Moving unit 31 Blunt Infantry to zone(0, 1) in space (-4, 0) tick=1
2026/09/30 21:20:38 state_hash turn=5 tick=1 hash=d2f339469b0ce5ef
2026/09/30 21:20:38 Moving unit 3 Blunt Infantry to zone(0, 0) in space (0, -3) tick=2
2026/09/30 21:20:38 Moving unit 9 Blunt Infantry to zone(0, 0) in space (-1, -2) tick=2
2026/09/30 21:20:38 Moving unit 20 Piercing Infantry to zone(0, 0) in space (-2, -1) tick=2
2026/09/30 21:20:38 Moving unit 22 Piercing Infantry to zone(0, 0) in space (-2, -1) tick=2
2026/09/30 21:20:38 Moving unit 4 Blunt Infantry to zone(-1, 0) in space (0, -3) tick=2
2026/09/30 21:20:38 Moving unit 6 Blunt Infantry to zone(0, 1) in space (1, 1) tick=2
2026/09/30 21:20:38 Moving unit 8 Blunt Infantry to zone(0, 0) in space (-1, -2) tick=2
2026/09/30 21:20:38 Moving unit 10 Blunt Infantry to zone(0, 0) in space (-1, -2) tick=2
2026/09/30 21:20:38 Moving unit 16 Blunt Infantry to zone(0, 0) in space (-1, -2) tick=2
2026/09/30 21:20:38 Moving unit 28 Heavy Infantry to zone(-1, 0) in space (-3, 1) tick=2
2026/09/30 21:20:38 Moving unit 7 Blunt Infantry to zone(0, 0) in space (-1, -2) tick=2
2026/09/30 21:20:38 Moving unit 15 Blunt Infantry to zone(0, 0) in space (-1, -2) tick=2
2026/09/30 21:20:38 Moving unit 19 Piercing Infantry to zone(0, 0) in space (-2, -1) tick=2
2026/09/30 21:20:38 Moving unit 12 Blunt Infantry to zone(0, 0) in space (-1, -2) tick=2
2026/09/30 21:20:38 Moving unit 27 Heavy Infantry to zone(-1, 0) in space (-3, 1) tick=2
2026/09/30 21:20:38 Moving unit 30 Heavy Infantry to zone(-1, 0) in space (-3, 1) tick=2
2026/09/30 21:20:38 Moving unit 1 Blunt Infantry to zone(0, 0) in space (-1, -2) tick=2
2026/09/30 21:20:38 Moving unit 2 Blunt Infantry to zone(-1, 0) in space (-3, 1) tick=2
2026/09/30 21:20:38 Moving unit 11 Blunt Infantry to zone(0, 0) in space (-1, -2) tick=2
2026/09/30 21:20:38 Moving unit 13 Blunt Infantry to zone(0, 0) in space (-1, -2) tick=2
2026/09/30 21:20:38 Moving unit 18 Piercing Infantry to zone(0, 0) in space (-2, -1) tick=2
2026/09/30 21:20:38 Moving unit 29 Heavy Infantry to zone(-1, 0) in space (-3, 1) tick=2
2026/09/30 21:20:38 Moving unit 5 Blunt Infantry to zone(-1, 0) in space (2, -3) tick=2
2026/09/30 21:20:38 Moving unit 14 Blunt Infantry to zone(0, 0) in space (-1, -2) tick=2
2026/09/30 21:20:38 Moving unit 17 Piercing Infantry to zone(0, 0) in space (-2, -1) tick=2
2026/09/30 21:20:38 Moving unit 21 Piercing Infantry to zone(0, 0) in space (-2, -1) tick=2
2026/09/30 21:20:38 Moving unit 24 Piercing Infantry to zone(0, 0) in space (-2, -1) tick=2
2026/09/30 21:20:38 Moving unit 25 Heavy Infantry to zone(-1, 0) in space (-3, 1) tick=2
2026/09/30 21:20:38 Moving unit 26 Heavy Infantry to zone(-1, 0) in space (-3, 1) tick=2
2026/09/30 21:20:38 Moving unit 23 Piercing Infantry to zone(0, 0) in space (-2, -1) tick=2
2026/09/30 21:20:38 Moving unit 31 Blunt Infantry to zone(0, -1) in space (-4, 1) tick=2
2026/09/30 21:20:38 state_hash turn=5 tick=2 hash=a9d5ff50225e2ccc
2026/09/30 21:20:38 Moving unit 7 Blunt Infantry to zone(0, -1) in space (-1, -2) tick=3
2026/09/30 21:20:38 Moving unit 15 Blunt Infantry to zone(0, -1) in space (-1, -2) tick=3
2026/09/30 21:20:38 Moving unit 19 Piercing Infantry to zone(1, -1) in space (-2, -1) tick=3
2026/09/30 21:20:38 Moving unit 12 Blunt Infantry to zone(0, -1) in space (-1, -2) tick=3
2026/09/30 21:20:38 Moving unit 27 Heavy Infantry to zone(0, 0) in space (-3, 1) tick=3
2026/09/30 21:20:38 Moving unit 30 Heavy Infantry to zone(0, 0) in space (-3, 1) tick=3
2026/09/30 21:20:38 Moving unit 1 Blunt Infantry to zone(0, -1) in space (-1, -2) tick=3
2026/09/30 21:20:38 Moving unit 2 Blunt Infantry to zone(0, 0) in space (-3, 1) tick=3
2026/09/30 21:20:38 Moving unit 11 Blunt Infantry to zone(0, -1) in space (-1, -2) tick=3
2026/09/30 21:20:38 Moving unit 13 Blunt Infantry to zone(0, -1) in space (-1, -2) tick=3
2026/09/30 21:20:38 Moving unit 18 Piercing Infantry to zone(1, -1) in space (-2, -1) tick=3
2026/09/30 21:20:38 Moving unit 29 Heavy Infantry to zone(0, 0) in space (-3, 1) tick=3
2026/09/30 21:20:38 Moving unit 5 Blunt Infantry to zone(0, 0) in space (2, -3) tick=3
2026/09/30 21:20:38 Moving unit 14 Blunt Infantry to zone(0, -1) in space (-1, -2) tick=3
2026/09/30 21:20:38 Moving unit 17 Piercing Infantry to zone(1, -1) in space (-2, -1) tick=3
2026/09/30 21:20:38 Moving unit 21 Piercing Infantry to zone(1, -1) in space (-2, -1) tick=3
2026/09/30 21:20:38 Moving unit 24 Piercing Infantry to zone(1, -1) in space (-2, -1) tick=3
2026/09/30 21:20:38 Moving unit 25 Heavy Infantry to zone(0, 0) in space (-3, 1) tick=3
2026/09/30 21:20:38 Moving unit 26 Heavy Infantry to zone(0, 0) in space (-3, 1) tick=3
2026/09/30 21:20:38 Moving unit 23 Piercing Infantry to zone(1, -1) in space (-2, -1) tick=3
2026/09/30 21:20:38 Moving unit 9 Blunt Infantry to zone(0, -1) in space (-1, -2) tick=3
2026/09/30 21:20:38 Moving unit 20 Piercing Infantry to zone(1, -1) in space (-2, -1) tick=3
2026/09/30 21:20:38 Moving unit 22 Piercing Infantry to zone(1, -1) in space (-2, -1) tick=3
2026/09/30 21:20:38 Moving unit 4 Blunt Infantry to zone(0, 0) in space (0, -3) tick=3
2026/09/30 21:20:38 Moving unit 6 Blunt Infantry to zone(0, 0) in space (1, 1) tick=3
2026/09/30 21:20:38 Moving unit 8 Blunt Infantry to zone(0, -1) in space (-1, -2) tick=3
2026/09/30 21:20:38 Moving unit 10 Blunt Infantry to zone(0, -1) in space (-1, -2) tick=3
2026/09/30 21:20:38 Moving unit 16 Blunt Infantry to zone(0, -1) in space (-1, -2) tick=3
2026/09/30 21:20:38 Moving unit 28 Heavy Infantry to zone(0, 0) in space (-3, 1) tick=3
2026/09/30 21:20:38 Moving unit 46 Blunt Infantry to zone(-1, 0) in space (2, -3) tick=3
2026/09/30 21:20:38 Moving unit 40 Blunt Infantry to zone(-1, 0) in space (2, -3) tick=3
2026/09/30 21:20:38 Moving unit 53 Piercing Infantry to zone(-1, 0) in space (2, -3) tick=3
2026/09/30 21:20:38 Moving unit 60 Heavy Infantry to zone(-1, 0) in space (2, -3) tick=3
2026/09/30 21:20:38 Moving unit 38 Blunt Infantry to zone(-1, 0) in space (2, -3) tick=3
2026/09/30 21:20:38 Moving unit 41 Blunt Infantry to zone(-1, 0) in space (2, -3) tick=3
2026/09/30 21:20:38 Moving unit 48 Piercing Infantry to zone(-1, 0) in space (2, -3) tick=3
2026/09/30 21:20:38 Moving unit 59 Heavy Infantry to zone(-1, 0) in space (2, -3) tick=3
2026/09/30 21:20:38 Moving unit 56 Heavy Infantry to zone(-1, 0) in space (2, -3) tick=3
2026/09/30 21:20:38 Moving unit 34 Blunt Infantry to zone(-1, 0) in space (2, -3) tick=3
2026/09/30 21:20:38 Moving unit 43 Blunt Infantry to zone(-1, 0) in space (2, -3) tick=3
2026/09/30 21:20:38 Moving unit 51 Piercing Infantry to zone(-1, 0) in space (2, -3) tick=3
2026/09/30 21:20:38 Moving unit 52 Piercing Infantry to zone(-1, 0) in space (2, -3) tick=3
2026/09/30 21:20:38 Moving unit 33 Blunt Infantry to zone(-1, 0) in space (2, -3) tick=3
2026/09/30 21:20:38 Moving unit 42 Blunt Infantry to zone(-1, 0) in space (2, -3) tick=3
2026/09/30 21:20:38 Moving unit 49 Piercing Infantry to zone(-1, 0) in space (2, -3) tick=3
2026/09/30 21:20:38 Moving unit 50 Piercing Infantry to zone(-1, 0) in space (2, -3) tick=3
2026/09/30 21:20:38 Moving unit 45 Blunt Infantry to zone(-1, 0) in space (2, -3) tick=3
2026/09/30 21:20:38 Moving unit 54 Piercing Infantry to zone(-1, 0) in space (2, -3) tick=3
2026/09/30 21:20:38 Moving unit 31 Blunt Infantry to zone(0, 0) in space (-4, 1) tick=3
2026/09/30 21:20:38 Moving unit 32 Blunt Infantry to zone(-1, 0) in space (2, -3) tick=3
2026/09/30 21:20:38 Moving unit 36 Blunt Infantry to zone(-1, 0) in space (2, -3) tick=3
2026/09/30 21:20:38 Moving unit 44 Blunt Infantry to zone(-1, 0) in space (2, -3) tick=3
2026/09/30 21:20:38 Moving unit 47 Piercing Infantry to zone(-1, 0) in space (2, -3) tick=3
2026/09/30 21:20:38 Moving unit 55 Heavy Infantry to zone(-1, 0) in space (2, -3) tick=3
2026/09/30 21:20:38 Moving unit 58 Heavy Infantry to zone(-1, 0) in space (2, -3) tick=3
2026/09/30 21:20:38 Moving unit 57 Heavy Infantry to zone(-1, 0) in space (2, -3) tick=3
2026/09/30 21:20:38 Moving unit 35 Blunt Infantry to zone(-1, 0) in space (2, -3) tick=3
2026/09/30 21:20:38 Moving unit 37 Blunt Infantry to zone(-1, 0) in space (2, -3) tick=3
2026/09/30 21:20:38 Moving unit 39 Blunt Infantry to zone(-1, 0) in space (2, -3) tick=3
2026/09/30 21:20:38 state_hash turn=5 tick=3 hash=8dd5a65f47ad98c4
2026/09/30 21:20:38 Moving unit 17 Piercing Infantry to zone(-1, 1) in space (-1, -2) tick=4
2026/09/30 21:20:38 Moving unit 21 Piercing Infantry to zone(-1, 1) in space (-1, -2) tick=4
2026/09/30 21:20:38 Moving unit 24 Piercing Infantry to zone(-1, 1) in space (-1, -2) tick=4
2026/09/30 21:20:38 Moving unit 23 Piercing Infantry to zone(-1, 1) in space (-1, -2) tick=4
2026/09/30 21:20:38 Moving unit 9 Blunt Infantry to zone(0, 1) in space (-1, -3) tick=4
2026/09/30 21:20:38 Moving unit 20 Piercing Infantry to zone(-1, 1) in space (-1, -2) tick=4
2026/09/30 21:20:38 Moving unit 22 Piercing Infantry to zone(-1, 1) in space (-1, -2) tick=4
2026/09/30 21:20:38 Moving unit 4 Blunt Infantry to zone(1, 0) in space (0, -3) tick=4
2026/09/30 21:20:38 Moving unit 6 Blunt Infantry to zone(0, -1) in space (1, 1) tick=4
2026/09/30 21:20:38 Moving unit 8 Blunt Infantry to zone(0, 1) in space (-1, -3) tick=4
2026/09/30 21:20:38 Moving unit 10 Blunt Infantry to zone(0, 1) in space (-1, -3) tick=4
2026/09/30 21:20:38 Moving unit 16 Blunt Infantry to zone(0, 1) in space (-1, -3) tick=4
2026/09/30 21:20:38 Moving unit 7 Blunt Infantry to zone(0, 1) in space (-1, -3) tick=4
2026/09/30 21:20:38 Moving unit 15 Blunt Infantry to zone(0, 1) in space (-1, -3) tick=4
2026/09/30 21:20:38 Moving unit 19 Piercing Infantry to zone(-1, 1) in space (-1, -2) tick=4
2026/09/30 21:20:38 Moving unit 12 Blunt Infantry to zone(0, 1) in space (-1, -3) tick=4
2026/09/30 21:20:38 Moving unit 1 Blunt Infantry to zone(0, 1) in space (-1, -3) tick=4
2026/09/30 21:20:38 Moving unit 2 Blunt Infantry to zone(1, -1) in space (-3, 1) tick=4
2026/09/30 21:20:38 Moving unit 11 Blunt Infantry to zone(0, 1) in space (-1, -3) tick=4
2026/09/30 21:20:38 Moving unit 13 Blunt Infantry to zone(0, 1) in space (-1, -3) tick=4
2026/09/30 21:20:38 Moving unit 18 Piercing Infantry to zone(-1, 1) in space (-1, -2) tick=4
2026/09/30 21:20:38 Moving unit 5 Blunt Infantry to zone(-1, 0) in space (2, -3) tick=4
2026/09/30 21:20:38 Moving unit 14 Blunt Infantry to zone(0, 1) in space (-1, -3) tick=4
2026/09/30 21:20:38 Moving unit 31 Blunt Infantry to zone(0, 1) in space (-4, 1) tick=4
2026/09/30 21:20:38 Moving unit 32 Blunt Infantry to zone(0, 0) in space (2, -3) tick=4
2026/09/30 21:20:38 Moving unit 36 Blunt Infantry to zone(0, 0) in space (2, -3) tick=4
2026/09/30 21:20:38 Moving unit 44 Blunt Infantry to zone(0, 0) in space (2, -3) tick=4
2026/09/30 21:20:38 Moving unit 47 Piercing Infantry to zone(0, 0) in space (2, -3) tick=4
2026/09/30 21:20:38 Moving unit 55 Heavy Infantry to zone(0, 0) in space (2, -3) tick=4
2026/09/30 21:20:38 Moving unit 58 Heavy Infantry to zone(0, 0) in space (2, -3) tick=4
2026/09/30 21:20:38 Moving unit 57 Heavy Infantry to zone(0, 0) in space (2, -3) tick=4
2026/09/30 21:20:38 Moving unit 35 Blunt Infantry to zone(0, 0) in space (2, -3) tick=4
2026/09/30 21:20:38 Moving unit 37 Blunt Infantry to zone(0, 0) in space (2, -3) tick=4
2026/09/30 21:20:38 Moving unit 39 Blunt Infantry to zone(0, 0) in space (2, -3) tick=4
2026/09/30 21:20:38 Moving unit 46 Blunt Infantry to zone(0, 0) in space (2, -3) tick=4
2026/09/30 21:20:38 Moving unit 40 Blunt Infantry to zone(0, 0) in space (2, -3) tick=4
2026/09/30 21:20:38 Moving unit 53 Piercing Infantry to zone(0, 0) in space (2, -3) tick=4
2026/09/30 21:20:38 Moving unit 60 Heavy Infantry to zone(0, 0) in space (2, -3) tick=4
2026/09/30 21:20:38 Moving unit 38 Blunt Infantry to zone(0, 0) in space (2, -3) tick=4
2026/09/30 21:20:38 Moving unit 41 Blunt Infantry to zone(0, 0) in space (2, -3) tick=4
2026/09/30 21:20:38 Moving unit 48 Piercing Infantry to zone(0, 0) in space (2, -3) tick=4
2026/09/30 21:20:38 Moving unit 59 Heavy Infantry to zone(0, 0) in space (2, -3) tick=4
2026/09/30 21:20:38 Moving unit 56 Heavy Infantry to zone(0, 0) in space (2, -3) tick=4
2026/09/30 21:20:38 Moving unit 34 Blunt Infantry to zone(0, 0) in space (2, -3) tick=4
2026/09/30 21:20:38 Moving unit 43 Blunt Infantry to zone(0, 0) in space (2, -3) tick=4
2026/09/30 21:20:38 Moving unit 51 Piercing Infantry to zone(0, 0) in space (2, -3) tick=4
2026/09/30 21:20:38 Moving unit 52 Piercing Infantry to zone(0, 0) in space (2, -3) tick=4
2026/09/30 21:20:38 Moving unit 33 Blunt Infantry to zone(0, 0) in space (2, -3) tick=4
2026/09/30 21:20:38 Moving unit 42 Blunt Infantry to zone(0, 0) in space (2, -3) tick=4
2026/09/30 21:20:38 Moving unit 49 Piercing Infantry to zone(0, 0) in space (2, -3) tick=4
2026/09/30 21:20:38 Moving unit 50 Piercing Infantry to zone(0, 0) in space (2, -3) tick=4
2026/09/30 21:20:38 Moving unit 45 Blunt Infantry to zone(0, 0) in space (2, -3) tick=4
2026/09/30 21:20:38 Moving unit 54 Piercing Infantry to zone(0, 0) in space (2, -3) tick=4
2026/09/30 21:20:38 state_hash turn=5 tick=4 hash=7fc71302c784a1ec
2026/09/30 21:20:38 Moving unit 9 Blunt Infantry to zone(0, 0) in space (-1, -3) tick=5
2026/09/30 21:20:38 Moving unit 20 Piercing Infantry to zone(0, 0) in space (-1, -2) tick=5
2026/09/30 21:20:38 Moving unit 22 Piercing Infantry to zone(0, 0) in space (-1, -2) tick=5
2026/09/30 21:20:38 Moving unit 4 Blunt Infantry to zone(-1, 0) in space (1, -3) tick=5
2026/09/30 21:20:38 Moving unit 8 Blunt Infantry to zone(0, 0) in space (-1, -3) tick=5
2026/09/30 21:20:38 Moving unit 10 Blunt Infantry to zone(0, 0) in space (-1, -3) tick=5
2026/09/30 21:20:38 Moving unit 16 Blunt Infantry to zone(0, 0) in space (-1, -3) tick=5
2026/09/30 21:20:38 Moving unit 7 Blunt Infantry to zone(0, 0) in space (-1, -3) tick=5
2026/09/30 21:20:38 Moving unit 15 Blunt Infantry to zone(0, 0) in space (-1, -3) tick=5
2026/09/30 21:20:38 Moving unit 19 Piercing Infantry to zone(0, 0) in space (-1, -2) tick=5
2026/09/30 21:20:38 Moving unit 12 Blunt Infantry to zone(0, 0) in space (-1, -3) tick=5
2026/09/30 21:20:38 Moving unit 1 Blunt Infantry to zone(0, 0) in space (-1, -3) tick=5
2026/09/30 21:20:38 Moving unit 2 Blunt Infantry to zone(-1, 1) in space (-2, 0) tick=5
2026/09/30 21:20:38 Moving unit 11 Blunt Infantry to zone(0, 0) in space (-1, -3) tick=5
2026/09/30 21:20:38 Moving unit 13 Blunt Infantry to zone(0, 0) in space (-1, -3) tick=5
2026/09/30 21:20:38 Moving unit 18 Piercing Infantry to zone(0, 0) in space (-1, -2) tick=5
2026/09/30 21:20:38 Moving unit 5 Blunt Infantry to zone(0, 0) in space (2, -3) tick=5
2026/09/30 21:20:38 Moving unit 14 Blunt Infantry to zone(0, 0) in space (-1, -3) tick=5
2026/09/30 21:20:38 Moving unit 17 Piercing Infantry to zone(0, 0) in space (-1, -2) tick=5
2026/09/30 21:20:38 Moving unit 21 Piercing Infantry to zone(0, 0) in space (-1, -2) tick=5
2026/09/30 21:20:38 Moving unit 24 Piercing Infantry to zone(0, 0) in space (-1, -2) tick=5
2026/09/30 21:20:38 Moving unit 23 Piercing Infantry to zone(0, 0) in space (-1, -2) tick=5
2026/09/30 21:20:38 Moving unit 39 Blunt Infantry to zone(-1, 0) in space (2, -3) tick=5
2026/09/30 21:20:38 Moving unit 46 Blunt Infantry to zone(-1, 0) in space (2, -3) tick=5
2026/09/30 21:20:38 Moving unit 40 Blunt Infantry to zone(-1, 0) in space (2, -3) tick=5
2026/09/30 21:20:38 Moving unit 53 Piercing Infantry to zone(-1, 0) in space (2, -3) tick=5
2026/09/30 21:20:38 Moving unit 60 Heavy Infantry to zone(-1, 0) in space (2, -3) tick=5
2026/09/30 21:20:38 Moving unit 38 Blunt Infantry to zone(-1, 0) in space (2, -3) tick=5
2026/09/30 21:20:38 Moving unit 41 Blunt Infantry to zone(-1, 0) in space (2, -3) tick=5
2026/09/30 21:20:38 Moving unit 48 Piercing Infantry to zone(-1, 0) in space (2, -3) tick=5
2026/09/30 21:20:38 Moving unit 59 Heavy Infantry to zone(-1, 0) in space (2, -3) tick=5
2026/09/30 21:20:38 Moving unit 56 Heavy Infantry to zone(-1, 0) in space (2, -3) tick=5
2026/09/30 21:20:38 Moving unit 34 Blunt Infantry to zone(-1, 0) in space (2, -3) tick=5
2026/09/30 21:20:38 Moving unit 43 Blunt Infantry to zone(-1, 0) in space (2, -3) tick=5
2026/09/30 21:20:38 Moving unit 51 Piercing Infantry to zone(-1, 0) in space (2, -3) tick=5
2026/09/30 21:20:38 Moving unit 52 Piercing Infantry to zone(-1, 0) in space (2, -3) tick=5
2026/09/30 21:20:38 Moving unit 33 Blunt Infantry to zone(-1, 0) in space (2, -3) tick=5
2026/09/30 21:20:38 Moving unit 42 Blunt Infantry to zone(-1, 0) in space (2, -3) tick=5
2026/09/30 21:20:38 Moving unit 49 Piercing Infantry to zone(-1, 0) in space (2, -3) tick=5
2026/09/30 21:20:38 Moving unit 50 Piercing Infantry to zone(-1, 0) in space (2, -3) tick=5
2026/09/30 21:20:38 Moving unit 45 Blunt Infantry to zone(-1, 0) in space (2, -3) tick=5
2026/09/30 21:20:38 Moving unit 54 Piercing Infantry to zone(-1, 0) in space (2, -3) tick=5
2026/09/30 21:20:38 Moving unit 31 Blunt Infantry to zone(0, -1) in space (-4, 2) tick=5
2026/09/30 21:20:38 Moving unit 32 Blunt Infantry to zone(-1, 0) in space (2, -3) tick=5
2026/09/30 21:20:38 Moving unit 36 Blunt Infantry to zone(-1, 0) in space (2, -3) tick=5
2026/09/30 21:20:38 Moving unit 44 Blunt Infantry to zone(-1, 0) in space (2, -3) tick=5
2026/09/30 21:20:38 Moving unit 47 Piercing Infantry to zone(-1, 0) in space (2, -3) tick=5
2026/09/30 21:20:38 Moving unit 55 Heavy Infantry to zone(-1, 0) in space (2, -3) tick=5
2026/09/30 21:20:38 Moving unit 58 Heavy Infantry to zone(-1, 0) in space (2, -3) tick=5
2026/09/30 21:20:38 Moving unit 57 Heavy Infantry to zone(-1, 0) in space (2, -3) tick=5
2026/09/30 21:20:38 Moving unit 35 Blunt Infantry to zone(-1, 0) in space (2, -3) tick=5
2026/09/30 21:20:38 Moving unit 37 Blunt Infantry to zone(-1, 0) in space (2, -3) tick=5
2026/09/30 21:20:38 state_hash turn=5 tick=5 hash=503e97a4d54ce9ee
2026/09/30 21:20:38 Moving unit 5 Blunt Infantry to zone(-1, 0) in space (2, -3) tick=6
2026/09/30 21:20:38 Moving unit 17 Piercing Infantry to zone(0, -1) in space (-1, -2) tick=6
2026/09/30 21:20:38 Moving unit 21 Piercing Infantry to zone(0, -1) in space (-1, -2) tick=6
2026/09/30 21:20:38 Moving unit 24 Piercing Infantry to zone(0, -1) in space (-1, -2) tick=6
2026/09/30 21:20:38 Moving unit 23 Piercing Infantry to zone(0, -1) in space (-1, -2) tick=6
2026/09/30 21:20:38 Moving unit 20 Piercing Infantry to zone(0, -1) in space (-1, -2) tick=6
2026/09/30 21:20:38 Moving unit 22 Piercing Infantry to zone(0, -1) in space (-1, -2) tick=6
2026/09/30 21:20:38 Moving unit 4 Blunt Infantry to zone(0, 0) in space (1, -3) tick=6
2026/09/30 21:20:38 Moving unit 19 Piercing Infantry to zone(0, -1) in space (-1, -2) tick=6
2026/09/30 21:20:38 Moving unit 2 Blunt Infantry to zone(0, 0) in space (-2, 0) tick=6
2026/09/30 21:20:38 Moving unit 18 Piercing Infantry to zone(0, -1) in space (-1, -2) tick=6
2026/09/30 21:20:38 Moving unit 37 Blunt Infantry to zone(0, 0) in space (2, -3) tick=6
2026/09/30 21:20:38 Moving unit 39 Blunt Infantry to zone(0, 0) in space (2, -3) tick=6
2026/09/30 21:20:38 Moving unit 46 Blunt Infantry to zone(0, 0) in space (2, -3) tick=6
2026/09/30 21:20:38 Moving unit 40 Blunt Infantry to zone(0, 0) in space (2, -3) tick=6
2026/09/30 21:20:38 Moving unit 53 Piercing Infantry to zone(0, 0) in space (2, -3) tick=6
2026/09/30 21:20:38 Moving unit 60 Heavy Infantry to zone(0, 0) in space (2, -3) tick=6
2026/09/30 21:20:38 Moving unit 38 Blunt Infantry to zone(0, 0) in space (2, -3) tick=6
2026/09/30 21:20:38 Moving unit 41 Blunt Infantry to zone(0, 0) in space (2, -3) tick=6
2026/09/30 21:20:38 Moving unit 48 Piercing Infantry to zone(0, 0) in space (2, -3) tick=6
2026/09/30 21:20:38 Moving unit 59 Heavy Infantry to zone(0, 0) in space (2, -3) tick=6
2026/09/30 21:20:38 Moving unit 56 Heavy Infantry to zone(0, 0) in space (2, -3) tick=6
2026/09/30 21:20:38 Moving unit 34 Blunt Infantry to zone(0, 0) in space (2, -3) tick=6
2026/09/30 21:20:38 Moving unit 43 Blunt Infantry to zone(0, 0) in space (2, -3) tick=6
2026/09/30 21:20:38 Moving unit 51 Piercing Infantry to zone(0, 0) in space (2, -3) tick=6
2026/09/30 21:20:38 Moving unit 52 Piercing Infantry to zone(0, 0) in space (2, -3) tick=6
2026/09/30 21:20:38 Moving unit 33 Blunt Infantry to zone(0, 0) in space (2, -3) tick=6
2026/09/30 21:20:38 Moving unit 42 Blunt Infantry to zone(0, 0) in space (2, -3) tick=6
2026/09/30 21:20:38 Moving unit 49 Piercing Infantry to zone(0, 0) in space (2, -3) tick=6
2026/09/30 21:20:38 Moving unit 50 Piercing Infantry to zone(0, 0) in space (2, -3) tick=6
2026/09/30 21:20:38 Moving unit 45 Blunt Infantry to zone(0, 0) in space (2, -3) tick=6
2026/09/30 21:20:38 Moving unit 54 Piercing Infantry to zone(0, 0) in space (2, -3) tick=6
2026/09/30 21:20:38 Moving unit 31 Blunt Infantry to zone(0, 0) in space (-4, 2) tick=6
2026/09/30 21:20:38 Moving unit 32 Blunt Infantry to zone(0, 0) in space (2, -3) tick=6
2026/09/30 21:20:38 Moving unit 36 Blunt Infantry to zone(0, 0) in space (2, -3) tick=6
2026/09/30 21:20:38 Moving unit 44 Blunt Infantry to zone(0, 0) in space (2, -3) tick=6
2026/09/30 21:20:38 Moving unit 47 Piercing Infantry to zone(0, 0) in space (2, -3) tick=6
2026/09/30 21:20:38 Moving unit 55 Heavy Infantry to zone(0, 0) in space (2, -3) tick=6
2026/09/30 21:20:38 Moving unit 58 Heavy Infantry to zone(0, 0) in space (2, -3) tick=6
2026/09/30 21:20:38 Moving unit 57 Heavy Infantry to zone(0, 0) in space (2, -3) tick=6
2026/09/30 21:20:38 Moving unit 35 Blunt Infantry to zone(0, 0) in space (2, -3) tick=6
2026/09/30 21:20:38 state_hash turn=5 tick=6 hash=8db0cf7099192259
2026/09/30 21:20:38 Moving unit 2 Blunt Infantry to zone(1, 0) in space (-2, 0) tick=7
2026/09/30 21:20:38 Moving unit 5 Blunt Infantry to zone(0, 0) in space (2, -3) tick=7
2026/09/30 21:20:38 Moving unit 4 Blunt Infantry to zone(1, 0) in space (1, -3) tick=7
2026/09/30 21:20:38 Moving unit 32 Blunt Infantry to zone(-1, 0) in space (2, -3) tick=7
2026/09/30 21:20:38 Moving unit 36 Blunt Infantry to zone(-1, 0) in space (2, -3) tick=7
2026/09/30 21:20:38 Moving unit 44 Blunt Infantry to zone(-1, 0) in space (2, -3) tick=7
2026/09/30 21:20:38 Moving unit 47 Piercing Infantry to zone(-1, 0) in space (2, -3) tick=7
2026/09/30 21:20:38 Moving unit 55 Heavy Infantry to zone(-1, 0) in space (2, -3) tick=7
2026/09/30 21:20:38 Moving unit 58 Heavy Infantry to zone(-1, 0) in space (2, -3) tick=7
2026/09/30 21:20:38 Moving unit 57 Heavy Infantry to zone(-1, 0) in space (2, -3) tick=7
2026/09/30 21:20:38 Moving unit 35 Blunt Infantry to zone(-1, 0) in space (2, -3) tick=7
2026/09/30 21:20:38 Moving unit 37 Blunt Infantry to zone(-1, 0) in space (2, -3) tick=7
2026/09/30 21:20:38 Moving unit 39 Blunt Infantry to zone(-1, 0) in space (2, -3) tick=7
2026/09/30 21:20:38 Moving unit 46 Blunt Infantry to zone(-1, 0) in space (2, -3) tick=7
2026/09/30 21:20:38 Moving unit 40 Blunt Infantry to zone(-1, 0) in space (2, -3) tick=7
2026/09/30 21:20:38 Moving unit 53 Piercing Infantry to zone(-1, 0) in space (2, -3) tick=7
2026/09/30 21:20:38 Moving unit 60 Heavy Infantry to zone(-1, 0) in space (2, -3) tick=7
2026/09/30 21:20:38 Moving unit 38 Blunt Infantry to zone(-1, 0) in space (2, -3) tick=7
2026/09/30 21:20:38 Moving unit 41 Blunt Infantry to zone(-1, 0) in space (2, -3) tick=7
2026/09/30 21:20:38 Moving unit 48 Piercing Infantry to zone(-1, 0) in space (2, -3) tick=7
2026/09/30 21:20:38 Moving unit 59 Heavy Infantry to zone(-1, 0) in space (2, -3) tick=7
2026/09/30 21:20:38 Moving unit 56 Heavy Infantry to zone(-1, 0) in space (2, -3) tick=7
2026/09/30 21:20:38 Moving unit 34 Blunt Infantry to zone(-1, 0) in space (2, -3) tick=7
2026/09/30 21:20:38 Moving unit 43 Blunt Infantry to zone(-1, 0) in space (2, -3) tick=7
2026/09/30 21:20:38 Moving unit 51 Piercing Infantry to zone(-1, 0) in space (2, -3) tick=7
2026/09/30 21:20:38 Moving unit 52 Piercing Infantry to zone(-1, 0) in space (2, -3) tick=7
2026/09/30 21:20:38 Moving unit 33 Blunt Infantry to zone(-1, 0) in space (2, -3) tick=7
2026/09/30 21:20:38 Moving unit 42 Blunt Infantry to zone(-1, 0) in space (2, -3) tick=7
2026/09/30 21:20:38 Moving unit 49 Piercing Infantry to zone(-1, 0) in space (2, -3) tick=7
2026/09/30 21:20:38 Moving unit 50 Piercing Infantry to zone(-1, 0) in space (2, -3) tick=7
2026/09/30 21:20:38 Moving unit 45 Blunt Infantry to zone(-1, 0) in space (2, -3) tick=7
2026/09/30 21:20:38 Moving unit 54 Piercing Infantry to zone(-1, 0) in space (2, -3) tick=7
2026/09/30 21:20:38 state_hash turn=5 tick=7 hash=1b3b8f127411cfec
2026/09/30 21:20:38 Moving unit 5 Blunt Infantry to zone(-1, 0) in space (2, -3) tick=8
2026/09/30 21:20:38 Moving unit 2 Blunt Infantry to zone(-1, 0) in space (-1, 0) tick=8
2026/09/30 21:20:38 Moving unit 34 Blunt Infantry to zone(0, 0) in space (2, -3) tick=8
2026/09/30 21:20:38 Moving unit 43 Blunt Infantry to zone(0, 0) in space (2, -3) tick=8
2026/09/30 21:20:38 Moving unit 51 Piercing Infantry to zone(0, 0) in space (2, -3) tick=8
2026/09/30 21:20:38 Moving unit 52 Piercing Infantry to zone(0, 0) in space (2, -3) tick=8
2026/09/30 21:20:38 Moving unit 33 Blunt Infantry to zone(0, 0) in space (2, -3) tick=8
2026/09/30 21:20:38 Moving unit 42 Blunt Infantry to zone(0, 0) in space (2, -3) tick=8
2026/09/30 21:20:38 Moving unit 49 Piercing Infantry to zone(0, 0) in space (2, -3) tick=8
2026/09/30 21:20:38 Moving unit 50 Piercing Infantry to zone(0, 0) in space (2, -3) tick=8
2026/09/30 21:20:38 Moving unit 45 Blunt Infantry to zone(0, 0) in space (2, -3) tick=8
2026/09/30 21:20:38 Moving unit 54 Piercing Infantry to zone(0, 0) in space (2, -3) tick=8
2026/09/30 21:20:38 Moving unit 32 Blunt Infantry to zone(0, 0) in space (2, -3) tick=8
2026/09/30 21:20:38 Moving unit 36 Blunt Infantry to zone(0, 0) in space (2, -3) tick=8
2026/09/30 21:20:38 Moving unit 44 Blunt Infantry to zone(0, 0) in space (2, -3) tick=8
2026/09/30 21:20:38 Moving unit 47 Piercing Infantry to zone(0, 0) in space (2, -3) tick=8
2026/09/30 21:20:38 Moving unit 55 Heavy Infantry to zone(0, 0) in space (2, -3) tick=8
2026/09/30 21:20:38 Moving unit 58 Heavy Infantry to zone(0, 0) in space (2, -3) tick=8
2026/09/30 21:20:38 Moving unit 57 Heavy Infantry to zone(0, 0) in space (2, -3) tick=8
2026/09/30 21:20:38 Moving unit 35 Blunt Infantry to zone(0, 0) in space (2, -3) tick=8
2026/09/30 21:20:38 Moving unit 37 Blunt Infantry to zone(0, 0) in space (2, -3) tick=8
2026/09/30 21:20:38 Moving unit 39 Blunt Infantry to zone(0, 0) in space (2, -3) tick=8
2026/09/30 21:20:38 Moving unit 46 Blunt Infantry to zone(0, 0) in space (2, -3) tick=8
2026/09/30 21:20:38 Moving unit 40 Blunt Infantry to zone(0, 0) in space (2, -3) tick=8
2026/09/30 21:20:38 Moving unit 53 Piercing Infantry to zone(0, 0) in space (2, -3) tick=8
2026/09/30 21:20:38 Moving unit 60 Heavy Infantry to zone(0, 0) in space (2, -3) tick=8
2026/09/30 21:20:38 Moving unit 38 Blunt Infantry to zone(0, 0) in space (2, -3) tick=8
2026/09/30 21:20:38 Moving unit 41 Blunt Infantry to zone(0, 0) in space (2, -3) tick=8
2026/09/30 21:20:38 Moving unit 48 Piercing Infantry to zone(0, 0) in space (2, -3) tick=8
2026/09/30 21:20:38 Moving unit 59 Heavy Infantry to zone(0, 0) in space (2, -3) tick=8
2026/09/30 21:20:38 Moving unit 56 Heavy Infantry to zone(0, 0) in space (2, -3) tick=8
2026/09/30 21:20:38 state_hash turn=5 tick=8 hash=45bac819cb26ec9d
2026/09/30 21:20:38 Moving unit 5 Blunt Infantry to zone(0, 0) in space (2, -3) tick=9
2026/09/30 21:20:38 Moving unit 32 Blunt Infantry to zone(-1, 0) in space (2, -3) tick=9
2026/09/30 21:20:38 Moving unit 36 Blunt Infantry to zone(-1, 0) in space (2, -3) tick=9
2026/09/30 21:20:38 Moving unit 44 Blunt Infantry to zone(-1, 0) in space (2, -3) tick=9
2026/09/30 21:20:38 Moving unit 47 Piercing Infantry to zone(-1, 0) in space (2, -3) tick=9
2026/09/30 21:20:38 Moving unit 55 Heavy Infantry to zone(-1, 0) in space (2, -3) tick=9
2026/09/30 21:20:38 Moving unit 58 Heavy Infantry to zone(-1, 0) in space (2, -3) tick=9
2026/09/30 21:20:38 Moving unit 57 Heavy Infantry to zone(-1, 0) in space (2, -3) tick=9
2026/09/30 21:20:38 Moving unit 35 Blunt Infantry to zone(-1, 0) in space (2, -3) tick=9
2026/09/30 21:20:38 Moving unit 37 Blunt Infantry to zone(-1, 0) in space (2, -3) tick=9
2026/09/30 21:20:38 Moving unit 39 Blunt Infantry to zone(-1, 0) in space (2, -3) tick=9
2026/09/30 21:20:38 Moving unit 46 Blunt Infantry to zone(-1, 0) in space (2, -3) tick=9
2026/09/30 21:20:38 Moving unit 40 Blunt Infantry to zone(-1, 0) in space (2, -3) tick=9
2026/09/30 21:20:38 Moving unit 53 Piercing Infantry to zone(-1, 0) in space (2, -3) tick=9
2026/09/30 21:20:38 Moving unit 60 Heavy Infantry to zone(-1, 0) in space (2, -3) tick=9
2026/09/30 21:20:38 Moving unit 38 Blunt Infantry to zone(-1, 0) in space (2, -3) tick=9
2026/09/30 21:20:38 Moving unit 41 Blunt Infantry to zone(-1, 0) in space (2, -3) tick=9
2026/09/30 21:20:38 Moving unit 48 Piercing Infantry to zone(-1, 0) in space (2, -3) tick=9
2026/09/30 21:20:38 Moving unit 59 Heavy Infantry to zone(-1, 0) in space (2, -3) tick=9
2026/09/30 21:20:38 Moving unit 56 Heavy Infantry to zone(-1, 0) in space (2, -3) tick=9
2026/09/30 21:20:38 Moving unit 34 Blunt Infantry to zone(-1, 0) in space (2, -3) tick=9
2026/09/30 21:20:38 Moving unit 43 Blunt Infantry to zone(-1, 0) in space (2, -3) tick=9
2026/09/30 21:20:38 Moving unit 51 Piercing Infantry to zone(-1, 0) in space (2, -3) tick=9
2026/09/30 21:20:38 Moving unit 52 Piercing Infantry to zone(-1, 0) in space (2, -3) tick=9
2026/09/30 21:20:38 Moving unit 33 Blunt Infantry to zone(-1, 0) in space (2, -3) tick=9
2026/09/30 21:20:38 Moving unit 42 Blunt Infantry to zone(-1, 0) in space (2, -3) tick=9
2026/09/30 21:20:38 Moving unit 49 Piercing Infantry to zone(-1, 0) in space (2, -3) tick=9
2026/09/30 21:20:38 Moving unit 50 Piercing Infantry to zone(-1, 0) in space (2, -3) tick=9
2026/09/30 21:20:38 Moving unit 45 Blunt Infantry to zone(-1, 0) in space (2, -3) tick=9
2026/09/30 21:20:38 Moving unit 54 Piercing Infantry to zone(-1, 0) in space (2, -3) tick=9
2026/09/30 21:20:38 state_hash turn=5 tick=9 hash=b4bbe38621431a55
2026/09/30 21:20:38 Moving unit 5 Blunt Infantry to zone(-1, 0) in space (2, -3) tick=10
2026/09/30 21:20:38 Moving unit 57 Heavy Infantry to zone(0, 0) in space (2, -3) tick=10
2026/09/30 21:20:38 Moving unit 35 Blunt Infantry to zone(0, 0) in space (2, -3) tick=10
2026/09/30 21:20:38 Moving unit 37 Blunt Infantry to zone(0, 0) in space (2, -3) tick=10
2026/09/30 21:20:38 Moving unit 39 Blunt Infantry to zone(0, 0) in space (2, -3) tick=10
2026/09/30 21:20:38 Moving unit 46 Blunt Infantry to zone(0, 0) in space (2, -3) tick=10
2026/09/30 21:20:38 Moving unit 40 Blunt Infantry to zone(0, 0) in space (2, -3) tick=10
2026/09/30 21:20:38 Moving unit 53 Piercing Infantry to zone(0, 0) in space (2, -3) tick=10
2026/09/30 21:20:38 Moving unit 60 Heavy Infantry to zone(0, 0) in space (2, -3) tick=10
2026/09/30 21:20:38 Moving unit 38 Blunt Infantry to zone(0, 0) in space (2, -3) tick=10
2026/09/30 21:20:38 Moving unit 41 Blunt Infantry to zone(0, 0) in space (2, -3) tick=10
2026/09/30 21:20:38 Moving unit 48 Piercing Infantry to zone(0, 0) in space (2, -3) tick=10
2026/09/30 21:20:38 Moving unit 59 Heavy Infantry to zone(0, 0) in space (2, -3) tick=10
2026/09/30 21:20:38 Moving unit 56 Heavy Infantry to zone(0, 0) in space (2, -3) tick=10
2026/09/30 21:20:38 Moving unit 34 Blunt Infantry to zone(0, 0) in space (2, -3) tick=10
2026/09/30 21:20:38 Moving unit 43 Blunt Infantry to zone(0, 0) in space (2, -3) tick=10
2026/09/30 21:20:38 Moving unit 51 Piercing Infantry to zone(0, 0) in space (2, -3) tick=10
2026/09/30 21:20:38 Moving unit 52 Piercing Infantry to zone(0, 0) in space (2, -3) tick=10
2026/09/30 21:20:38 Moving unit 33 Blunt Infantry to zone(0, 0) in space (2, -3) tick=10
2026/09/30 21:20:38 Moving unit 42 Blunt Infantry to zone(0, 0) in space (2, -3) tick=10
2026/09/30 21:20:38 Moving unit 49 Piercing Infantry to zone(0, 0) in space (2, -3) tick=10
2026/09/30 21:20:38 Moving unit 50 Piercing Infantry to zone(0, 0) in space (2, -3) tick=10
2026/09/30 21:20:38 Moving unit 45 Blunt Infantry to zone(0, 0) in space (2, -3) tick=10
2026/09/30 21:20:38 Moving unit 54 Piercing Infantry to zone(0, 0) in space (2, -3) tick=10
2026/09/30 21:20:38 Moving unit 32 Blunt Infantry to zone(0, 0) in space (2, -3) tick=10
2026/09/30 21:20:38 Moving unit 36 Blunt Infantry to zone(0, 0) in space (2, -3) tick=10
2026/09/30 21:20:38 Moving unit 44 Blunt Infantry to zone(0, 0) in space (2, -3) tick=10
2026/09/30 21:20:38 Moving unit 47 Piercing Infantry to zone(0, 0) in space (2, -3) tick=10
2026/09/30 21:20:38 Moving unit 55 Heavy Infantry to zone(0, 0) in space (2, -3) tick=10
2026/09/30 21:20:38 Moving unit 58 Heavy Infantry to zone(0, 0) in space (2, -3) tick=10
2026/09/30 21:20:38 state_hash turn=5 tick=10 hash=711f5ddd7a014849
2026/09/30 21:20:38 Moving unit 5 Blunt Infantry to zone(0, 0) in space (2, -3) tick=11
2026/09/30 21:20:38 Moving unit 35 Blunt Infantry to zone(-1, 0) in space (2, -3) tick=11
2026/09/30 21:20:38 Moving unit 37 Blunt Infantry to zone(-1, 0) in space (2, -3) tick=11
2026/09/30 21:20:38 Moving unit 39 Blunt Infantry to zone(-1, 0) in space (2, -3) tick=11
2026/09/30 21:20:38 Moving unit 46 Blunt Infantry to zone(-1, 0) in space (2, -3) tick=11
2026/09/30 21:20:38 Moving unit 40 Blunt Infantry to zone(-1, 0) in space (2, -3) tick=11
2026/09/30 21:20:38 Moving unit 53 Piercing Infantry to zone(-1, 0) in space (2, -3) tick=11
2026/09/30 21:20:38 Moving unit 60 Heavy Infantry to zone(-1, 0) in space (2, -3) tick=11
2026/09/30 21:20:38 Moving unit 38 Blunt Infantry to zone(-1, 0) in space (2, -3) tick=11
2026/09/30 21:20:38 Moving unit 41 Blunt Infantry to zone(-1, 0) in space (2, -3) tick=11
2026/09/30 21:20:38 Moving unit 48 Piercing Infantry to zone(-1, 0) in space (2, -3) tick=11
2026/09/30 21:20:38 Moving unit 59 Heavy Infantry to zone(-1, 0) in space (2, -3) tick=11
2026/09/30 21:20:38 Moving unit 56 Heavy Infantry to zone(-1, 0) in space (2, -3) tick=11
2026/09/30 21:20:38 Moving unit 34 Blunt Infantry to zone(-1, 0) in space (2, -3) tick=11
2026/09/30 21:20:38 Moving unit 43 Blunt Infantry to zone(-1, 0) in space (2, -3) tick=11
2026/09/30 21:20:38 Moving unit 51 Piercing Infantry to zone(-1, 0) in space (2, -3) tick=11
2026/09/30 21:20:38 Moving unit 52 Piercing Infantry to zone(-1, 0) in space (2, -3) tick=11
2026/09/30 21:20:38 Moving unit 33 Blunt Infantry to zone(-1, 0) in space (2, -3) tick=11
2026/09/30 21:20:38 Moving unit 42 Blunt Infantry to zone(-1, 0) in space (2, -3) tick=11
2026/09/30 21:20:38 Moving unit 49 Piercing Infantry to zone(-1, 0) in space (2, -3) tick=11
2026/09/30 21:20:38 Moving unit 50 Piercing Infantry to zone(-1, 0) in space (2, -3) tick=11
2026/09/30 21:20:38 Moving unit 45 Blunt Infantry to zone(-1, 0) in space (2, -3) tick=11
2026/09/30 21:20:38 Moving unit 54 Piercing Infantry to zone(-1, 0) in space (2, -3) tick=11
2026/09/30 21:20:38 Moving unit 32 Blunt Infantry to zone(-1, 0) in space (2, -3) tick=11
2026/09/30 21:20:38 Moving unit 36 Blunt Infantry to zone(-1, 0) in space (2, -3) tick=11
2026/09/30 21:20:38 Moving unit 44 Blunt Infantry to zone(-1, 0) in space (2, -3) tick=11
2026/09/30 21:20:38 Moving unit 47 Piercing Infantry to zone(-1, 0) in space (2, -3) tick=11
2026/09/30 21:20:38 Moving unit 55 Heavy Infantry to zone(-1, 0) in space (2, -3) tick=11
2026/09/30 21:20:38 Moving unit 58 Heavy Infantry to zone(-1, 0) in space (2, -3) tick=11
2026/09/30 21:20:38 Moving unit 57 Heavy Infantry to zone(-1, 0) in space (2, -3) tick=11
2026/09/30 21:20:38 state_hash turn=5 tick=11 hash=4d3e2bfa42707c63
2026/09/30 21:20:38 Moving unit 5 Blunt Infantry to zone(-1, 0) in space (2, -3) tick=12
2026/09/30 21:20:38 Moving unit 43 Blunt Infantry to zone(0, 0) in space (2, -3) tick=12
2026/09/30 21:20:38 Moving unit 51 Piercing Infantry to zone(0, 0) in space (2, -3) tick=12
2026/09/30 21:20:38 Moving unit 52 Piercing Infantry to zone(0, 0) in space (2, -3) tick=12
2026/09/30 21:20:38 Moving unit 33 Blunt Infantry to zone(0, 0) in space (2, -3) tick=12
2026/09/30 21:20:38 Moving unit 42 Blunt Infantry to zone(0, 0) in space (2, -3) tick=12
2026/09/30 21:20:38 Moving unit 49 Piercing Infantry to zone(0, 0) in space (2, -3) tick=12
2026/09/30 21:20:38 Moving unit 50 Piercing Infantry to zone(0, 0) in space (2, -3) tick=12
2026/09/30 21:20:38 Moving unit 45 Blunt Infantry to zone(0, 0) in space (2, -3) tick=12
2026/09/30 21:20:38 Moving unit 54 Piercing Infantry to zone(0, 0) in space (2, -3) tick=12
2026/09/30 21:20:38 Moving unit 32 Blunt Infantry to zone(0, 0) in space (2, -3) tick=12
2026/09/30 21:20:38 Moving unit 36 Blunt Infantry to zone(0, 0) in space (2, -3) tick=12
2026/09/30 21:20:38 Moving unit 44 Blunt Infantry to zone(0, 0) in space (2, -3) tick=12
2026/09/30 21:20:38 Moving unit 47 Piercing Infantry to zone(0, 0) in space (2, -3) tick=12
2026/09/30 21:20:38 Moving unit 55 Heavy Infantry to zone(0, 0) in space (2, -3) tick=12
2026/09/30 21:20:38 Moving unit 58 Heavy Infantry to zone(0, 0) in space (2, -3) tick=12
2026/09/30 21:20:38 Moving unit 57 Heavy Infantry to zone(0, 0) in space (2, -3) tick=12
2026/09/30 21:20:38 Moving unit 35 Blunt Infantry to zone(0, 0) in space (2, -3) tick=12
2026/09/30 21:20:38 Moving unit 37 Blunt Infantry to zone(0, 0) in space (2, -3) tick=12
2026/09/30 21:20:38 Moving unit 39 Blunt Infantry to zone(0, 0) in space (2, -3) tick=12
2026/09/30 21:20:38 Moving unit 46 Blunt Infantry to zone(0, 0) in space (2, -3) tick=12
2026/09/30 21:20:38 Moving unit 40 Blunt Infantry to zone(0, 0) in space (2, -3) tick=12
2026/09/30 21:20:38 Moving unit 53 Piercing Infantry to zone(0, 0) in space (2, -3) tick=12
2026/09/30 21:20:38 Moving unit 60 Heavy Infantry to zone(0, 0) in space (2, -3) tick=12
2026/09/30 21:20:38 Moving unit 38 Blunt Infantry to zone(0, 0) in space (2, -3) tick=12
2026/09/30 21:20:38 Moving unit 41 Blunt Infantry to zone(0, 0) in space (2, -3) tick=12
2026/09/30 21:20:38 Moving unit 48 Piercing Infantry to zone(0, 0) in space (2, -3) tick=12
2026/09/30 21:20:38 Moving unit 59 Heavy Infantry to zone(0, 0) in space (2, -3) tick=12
2026/09/30 21:20:38 Moving unit 56 Heavy Infantry to zone(0, 0) in space (2, -3) tick=12
2026/09/30 21:20:38 Moving unit 34 Blunt Infantry to zone(0, 0) in space (2, -3) tick=12
2026/09/30 21:20:38 state_hash turn=5 tick=12 hash=06999e41bbdf793b
2026/09/30 21:20:38 Moving unit 5 Blunt Infantry to zone(0, 0) in space (2, -3) tick=13
2026/09/30 21:20:38 Moving unit 41 Blunt Infantry to zone(-1, 0) in space (2, -3) tick=13
2026/09/30 21:20:38 Moving unit 48 Piercing Infantry to zone(-1, 0) in space (2, -3) tick=13
2026/09/30 21:20:38 Moving unit 59 Heavy Infantry to zone(-1, 0) in space (2, -3) tick=13
2026/09/30 21:20:38 Moving unit 56 Heavy Infantry to zone(-1, 0) in space (2, -3) tick=13
2026/09/30 21:20:38 Moving unit 34 Blunt Infantry to zone(-1, 0) in space (2, -3) tick=13
2026/09/30 21:20:38 Moving unit 43 Blunt Infantry to zone(-1, 0) in space (2, -3) tick=13
2026/09/30 21:20:38 Moving unit 51 Piercing Infantry to zone(-1, 0) in space (2, -3) tick=13
2026/09/30 21:20:38 Moving unit 52 Piercing Infantry to zone(-1, 0) in space (2, -3) tick=13
2026/09/30 21:20:38 Moving unit 33 Blunt Infantry to zone(-1, 0) in space (2, -3) tick=13
2026/09/30 21:20:38 Moving unit 42 Blunt Infantry to zone(-1, 0) in space (2, -3) tick=13
2026/09/30 21:20:38 Moving unit 49 Piercing Infantry to zone(-1, 0) in space (2, -3) tick=13
2026/09/30 21:20:38 Moving unit 50 Piercing Infantry to zone(-1, 0) in space (2, -3) tick=13
2026/09/30 21:20:38 Moving unit 45 Blunt Infantry to zone(-1, 0) in space (2, -3) tick=13
2026/09/30 21:20:38 Moving unit 54 Piercing Infantry to zone(-1, 0) in space (2, -3) tick=13
2026/09/30 21:20:38 Moving unit 32 Blunt Infantry to zone(-1, 0) in space (2, -3) tick=13
2026/09/30 21:20:38 Moving unit 36 Blunt Infantry to zone(-1, 0) in space (2, -3) tick=13
2026/09/30 21:20:38 Moving unit 44 Blunt Infantry to zone(-1, 0) in space (2, -3) tick=13
2026/09/30 21:20:38 Moving unit 47 Piercing Infantry to zone(-1, 0) in space (2, -3) tick=13
2026/09/30 21:20:38 Moving unit 55 Heavy Infantry to zone(-1, 0) in space (2, -3) tick=13
2026/09/30 21:20:38 Moving unit 58 Heavy Infantry to zone(-1, 0) in space (2, -3) tick=13
2026/09/30 21:20:38 Moving unit 57 Heavy Infantry to zone(-1, 0) in space (2, -3) tick=13
2026/09/30 21:20:38 Moving unit 35 Blunt Infantry to zone(-1, 0) in space (2, -3) tick=13
2026/09/30 21:20:38 Moving unit 37 Blunt Infantry to zone(-1, 0) in space (2, -3) tick=13
2026/09/30 21:20:38 Moving unit 39 Blunt Infantry to zone(-1, 0) in space (2, -3) tick=13
2026/09/30 21:20:38 Moving unit 46 Blunt Infantry to zone(-1, 0) in space (2, -3) tick=13
2026/09/30 21:20:38 Moving unit 40 Blunt Infantry to zone(-1, 0) in space (2, -3) tick=13
2026/09/30 21:20:38 Moving unit 53 Piercing Infantry to zone(-1, 0) in space (2, -3) tick=13
2026/09/30 21:20:38 Moving unit 60 Heavy Infantry to zone(-1, 0) in space (2, -3) tick=13
2026/09/30 21:20:38 Moving unit 38 Blunt Infantry to zone(-1, 0) in space (2, -3) tick=13
2026/09/30 21:20:38 state_hash turn=5 tick=13 hash=65b122c2bf72262f
2026/09/30 21:20:38 Moving unit 5 Blunt Infantry to zone(-1, 0) in space (2, -3) tick=14
2026/09/30 21:20:38 Moving unit 38 Blunt Infantry to zone(0, 0) in space (2, -3) tick=14
2026/09/30 21:20:38 Moving unit 41 Blunt Infantry to zone(0, 0) in space (2, -3) tick=14
2026/09/30 21:20:38 Moving unit 48 Piercing Infantry to zone(0, 0) in space (2, -3) tick=14
2026/09/30 21:20:38 Moving unit 59 Heavy Infantry to zone(0, 0) in space (2, -3) tick=14
2026/09/30 21:20:38 Moving unit 56 Heavy Infantry to zone(0, 0) in space (2, -3) tick=14
2026/09/30 21:20:38 Moving unit 34 Blunt Infantry to zone(0, 0) in space (2, -3) tick=14
2026/09/30 21:20:38 Moving unit 43 Blunt Infantry to zone(0, 0) in space (2, -3) tick=14
2026/09/30 21:20:38 Moving unit 51 Piercing Infantry to zone(0, 0) in space (2, -3) tick=14
2026/09/30 21:20:38 Moving unit 52 Piercing Infantry to zone(0, 0) in space (2, -3) tick=14
2026/09/30 21:20:38 Moving unit 33 Blunt Infantry to zone(0, 0) in space (2, -3) tick=14
2026/09/30 21:20:38 Moving unit 42 Blunt Infantry to zone(0, 0) in space (2, -3) tick=14
2026/09/30 21:20:38 Moving unit 49 Piercing Infantry to zone(0, 0) in space (2, -3) tick=14
2026/09/30 21:20:38 Moving unit 50 Piercing Infantry to zone(0, 0) in space (2, -3) tick=14
2026/09/30 21:20:38 Moving unit 45 Blunt Infantry to zone(0, 0) in space (2, -3) tick=14
2026/09/30 21:20:38 Moving unit 54 Piercing Infantry to zone(0, 0) in space (2, -3) tick=14
2026/09/30 21:20:38 Moving unit 32 Blunt Infantry to zone(0, 0) in space (2, -3) tick=14
2026/09/30 21:20:38 Moving unit 36 Blunt Infantry to zone(0, 0) in space (2, -3) tick=14
2026/09/30 21:20:38 Moving unit 44 Blunt Infantry to zone(0, 0) in space (2, -3) tick=14
2026/09/30 21:20:38 Moving unit 47 Piercing Infantry to zone(0, 0) in space (2, -3) tick=14
2026/09/30 21:20:38 Moving unit 55 Heavy Infantry to zone(0, 0) in space (2, -3) tick=14
2026/09/30 21:20:38 Moving unit 58 Heavy Infantry to zone(0, 0) in space (2, -3) tick=14
2026/09/30 21:20:38 Moving unit 57 Heavy Infantry to zone(0, 0) in space (2, -3) tick=14
2026/09/30 21:20:38 Moving unit 35 Blunt Infantry to zone(0, 0) in space (2, -3) tick=14
2026/09/30 21:20:38 Moving unit 37 Blunt Infantry to zone(0, 0) in space (2, -3) tick=14
2026/09/30 21:20:38 Moving unit 39 Blunt Infantry to zone(0, 0) in space (2, -3) tick=14
2026/09/30 21:20:38 Moving unit 46 Blunt Infantry to zone(0, 0) in space (2, -3) tick=14
2026/09/30 21:20:38 Moving unit 40 Blunt Infantry to zone(0, 0) in space (2, -3) tick=14
2026/09/30 21:20:38 Moving unit 53 Piercing Infantry to zone(0, 0) in space (2, -3) tick=14
2026/09/30 21:20:38 Moving unit 60 Heavy Infantry to zone(0, 0) in space (2, -3) tick=14
2026/09/30 21:20:38 state_hash turn=5 tick=14 hash=67fcda6c50e8e7f3
2026/09/30 21:20:38 Moving unit 5 Blunt Infantry to zone(0, 0) in space (2, -3) tick=15
2026/09/30 21:20:38 Moving unit 38 Blunt Infantry to zone(-1, 0) in space (2, -3) tick=15
2026/09/30 21:20:38 Moving unit 41 Blunt Infantry to zone(-1, 0) in space (2, -3) tick=15
2026/09/30 21:20:38 Moving unit 48 Piercing Infantry to zone(-1, 0) in space (2, -3) tick=15
2026/09/30 21:20:38 Moving unit 34 Blunt Infantry to zone(-1, 0) in space (2, -3) tick=15
2026/09/30 21:20:38 Moving unit 43 Blunt Infantry to zone(-1, 0) in space (2, -3) tick=15
2026/09/30 21:20:38 Moving unit 51 Piercing Infantry to zone(-1, 0) in space (2, -3) tick=15
2026/09/30 21:20:38 Moving unit 52 Piercing Infantry to zone(-1, 0) in space (2, -3) tick=15
2026/09/30 21:20:38 Moving unit 33 Blunt Infantry to zone(-1, 0) in space (2, -3) tick=15
2026/09/30 21:20:38 Moving unit 42 Blunt Infantry to zone(-1, 0) in space (2, -3) tick=15
2026/09/30 21:20:38 Moving unit 49 Piercing Infantry to zone(-1, 0) in space (2, -3) tick=15
2026/09/30 21:20:38 Moving unit 50 Piercing Infantry to zone(-1, 0) in space (2, -3) tick=15
2026/09/30 21:20:38 Moving unit 45 Blunt Infantry to zone(-1, 0) in space (2, -3) tick=15
2026/09/30 21:20:38 Moving unit 54 Piercing Infantry to zone(-1, 0) in space (2, -3) tick=15
2026/09/30 21:20:38 Moving unit 32 Blunt Infantry to zone(-1, 0) in space (2, -3) tick=15
2026/09/30 21:20:38 Moving unit 36 Blunt Infantry to zone(-1, 0) in space (2, -3) tick=15
2026/09/30 21:20:38 Moving unit 44 Blunt Infantry to zone(-1, 0) in space (2, -3) tick=15
2026/09/30 21:20:38 Moving unit 47 Piercing Infantry to zone(-1, 0) in space (2, -3) tick=15
2026/09/30 21:20:38 Moving unit 35 Blunt Infantry to zone(-1, 0) in space (2, -3) tick=15
2026/09/30 21:20:38 Moving unit 37 Blunt Infantry to zone(-1, 0) in space (2, -3) tick=15
2026/09/30 21:20:38 Moving unit 39 Blunt Infantry to zone(-1, 0) in space (2, -3) tick=15
2026/09/30 21:20:38 Moving unit 46 Blunt Infantry to zone(-1, 0) in space (2, -3) tick=15
2026/09/30 21:20:38 Moving unit 40 Blunt Infantry to zone(-1, 0) in space (2, -3) tick=15
2026/09/30 21:20:38 Moving unit 53 Piercing Infantry to zone(-1, 0) in space (2, -3) tick=15
2026/09/30 21:20:38 state_hash turn=5 tick=15 hash=80f77f57f2efa5c3
2026/09/30 21:20:38 combat turn=5 tick=16: 5 u11 (player 0, stamina 1) hits 55 u13 (player 1) for 0.24
2026/09/30 21:20:38 Moving unit 32 Blunt Infantry to zone(0, 0) in space (2, -3) tick=16
2026/09/30 21:20:38 Moving unit 36 Blunt Infantry to zone(0, 0) in space (2, -3) tick=16
2026/09/30 21:20:38 Moving unit 44 Blunt Infantry to zone(0, 0) in space (2, -3) tick=16
2026/09/30 21:20:38 Moving unit 47 Piercing Infantry to zone(0, 0) in space (2, -3) tick=16
2026/09/30 21:20:38 Moving unit 35 Blunt Infantry to zone(0, 0) in space (2, -3) tick=16
2026/09/30 21:20:38 Moving unit 37 Blunt Infantry to zone(0, 0) in space (2, -3) tick=16
2026/09/30 21:20:38 Moving unit 39 Blunt Infantry to zone(0, 0) in space (2, -3) tick=16
2026/09/30 21:20:38 Moving unit 46 Blunt Infantry to zone(0, 0) in space (2, -3) tick=16
2026/09/30 21:20:38 Moving unit 40 Blunt Infantry to zone(0, 0) in space (2, -3) tick=16
2026/09/30 21:20:38 Moving unit 53 Piercing Infantry to zone(0, 0) in space (2, -3) tick=16
2026/09/30 21:20:38 Moving unit 38 Blunt Infantry to zone(0, 0) in space (2, -3) tick=16
2026/09/30 21:20:38 Moving unit 41 Blunt Infantry to zone(0, 0) in space (2, -3) tick=16
2026/09/30 21:20:38 Moving unit 48 Piercing Infantry to zone(0, 0) in space (2, -3) tick=16
2026/09/30 21:20:38 Moving unit 34 Blunt Infantry to zone(0, 0) in space (2, -3) tick=16
2026/09/30 21:20:38 Moving unit 43 Blunt Infantry to zone(0, 0) in space (2, -3) tick=16
2026/09/30 21:20:38 Moving unit 51 Piercing Infantry to zone(0, 0) in space (2, -3) tick=16
2026/09/30 21:20:38 Moving unit 52 Piercing Infantry to zone(0, 0) in space (2, -3) tick=16
2026/09/30 21:20:38 Moving unit 33 Blunt Infantry to zone(0, 0) in space (2, -3) tick=16
2026/09/30 21:20:38 Moving unit 42 Blunt Infantry to zone(0, 0) in space (2, -3) tick=16
2026/09/30 21:20:38 Moving unit 49 Piercing Infantry to zone(0, 0) in space (2, -3) tick=16
2026/09/30 21:20:38 Moving unit 50 Piercing Infantry to zone(0, 0) in space (2, -3) tick=16
2026/09/30 21:20:38 Moving unit 45 Blunt Infantry to zone(0, 0) in space (2, -3) tick=16
2026/09/30 21:20:38 Moving unit 54 Piercing Infantry to zone(0, 0) in space (2, -3) tick=16
2026/09/30 21:20:38 state_hash turn=5 tick=16 hash=30c2fbb3dd6e47de
2026/09/30 21:20:38 combat turn=5 tick=17: 32 u11 (player 1, stamina 3) hits 5 u11 (player 0) for 1.80
2026/09/30 21:20:38 combat turn=5 tick=17: 36 u11 (player 1, stamina 3) hits 5 u11 (player 0) for 1.80
2026/09/30 21:20:38 combat turn=5 tick=17: 44 u11 (player 1, stamina 3) hits 5 u11 (player 0) for 1.80
2026/09/30 21:20:38 combat turn=5 tick=17: 47 u12 (player 1, stamina 3) hits 5 u11 (player 0) for 2.70
2026/09/30 21:20:38 combat turn=5 tick=17: 35 u11 (player 1, stamina 3) hits 5 u11 (player 0) for 1.80
2026/09/30 21:20:38 combat turn=5 tick=17: 37 u11 (player 1, stamina 3) hits 5 u11 (player 0) for 1.80
2026/09/30 21:20:38 combat turn=5 tick=17: 39 u11 (player 1, stamina 3) hits 5 u11 (player 0) for 1.80
2026/09/30 21:20:38 combat turn=5 tick=17: 46 u11 (player 1, stamina 3) hits 5 u11 (player 0) for 1.80
2026/09/30 21:20:38 combat turn=5 tick=17: 40 u11 (player 1, stamina 3) hits 5 u11 (player 0) for 1.80
2026/09/30 21:20:38 combat turn=5 tick=17: 53 u12 (player 1, stamina 3) hits 5 u11 (player 0) for 2.70
2026/09/30 21:20:38 combat turn=5 tick=17: 38 u11 (player 1, stamina 3) hits 5 u11 (player 0) for 1.80
2026/09/30 21:20:38 combat turn=5 tick=17: 41 u11 (player 1, stamina 3) hits 5 u11 (player 0) for 1.80
2026/09/30 21:20:38 combat turn=5 tick=17: 48 u12 (player 1, stamina 3) hits 5 u11 (player 0) for 2.70
2026/09/30 21:20:38 combat turn=5 tick=17: 34 u11 (player 1, stamina 3) hits 5 u11 (player 0) for 1.80
2026/09/30 21:20:38 combat turn=5 tick=17: 43 u11 (player 1, stamina 3) hits 5 u11 (player 0) for 1.80
2026/09/30 21:20:38 combat turn=5 tick=17: 51 u12 (player 1, stamina 3) hits 5 u11 (player 0) for 2.70
2026/09/30 21:20:38 combat turn=5 tick=17: 52 u12 (player 1, stamina 3) hits 5 u11 (player 0) for 2.70
2026/09/30 21:20:38 combat turn=5 tick=17: 33 u11 (player 1, stamina 3) hits 5 u11 (player 0) for 1.80
2026/09/30 21:20:38 combat turn=5 tick=17: 42 u11 (player 1, stamina 3) hits 5 u11 (player 0) for 1.80
2026/09/30 21:20:38 combat turn=5 tick=17: 49 u12 (player 1, stamina 3) hits 5 u11 (player 0) for 2.70
2026/09/30 21:20:38 combat turn=5 tick=17: 50 u12 (player 1, stamina 3) hits 5 u11 (player 0) for 2.70
2026/09/30 21:20:38 combat turn=5 tick=17: 45 u11 (player 1, stamina 3) hits 5 u11 (player 0) for 1.80
2026/09/30 21:20:38 combat turn=5 tick=17: 54 u12 (player 1, stamina 3) hits 5 u11 (player 0) for 2.70
2026/09/30 21:20:38 state_hash turn=5 tick=17 hash=6047aa77c0f8853c
2026/09/30 21:20:38 state_hash turn=5 tick=end hash=d4ef8e8e518351a2
2026/09/30 21:20:38 ai ai-1: new turn data {"buildings":[],"enemy_buildings":[],"enemy_units":[],"foundations":[],"population":{"current":30,"limit":0},"resources":{"food":200,"gold":22,"stone":100,"wood":200},"spaces":[{"Space":{"X":0,"Y":-4},"Vision":1,"Owner":-1},{"Space":{"X":1,"Y":-4},"Vision":1,"Owner":-1},{"Space":{"X":2,"Y":-4},"Vision":2,"Owner":-1},{"Space":{"X":3,"Y":-4},"Vision":2,"Owner":-1},{"Space":{"X":4,"Y":-4},"Vision":0,"Owner":-1},{"Space":{"X":-1,"Y":-3},"Vision":1,"Owner":0},{"Space":{"X":0,"Y":-3},"Vision":1,"Owner":-1},{"Space":{"X":1,"Y":-3},"Vision":2,"Owner":0},{"Space":{"X":2,"Y":-3},"Vision":3,"Owner":1},{"Space":{"X":3,"Y":-3},"Vision":2,"Owner":-1},{"Space":{"X":4,"Y":-3},"Vision":0,"Owner":-1},{"Space":{"X":-2,"Y":-2},"Vision":1,"Owner":-1},{"Space":{"X":-1,"Y":-2},"Vision":1,"Owner":0},{"Space":{"X":0,"Y":-2},"Vision":1,"Owner":-1},{"Space":{"X":1,"Y":-2},"Vision":2,"Owner":-1},{"Space":{"X":2,"Y":-2},"Vision":2,"Owner":-1},{"Space":{"X":3,"Y":-2},"Vision":0,"Owner":-1},{"Space":{"X":4,"Y":-2},"Vision":0,"Owner":-1},{"Space":{"X":-3,"Y":-1},"Vision":1,"Owner":-1},{"Space":{"X":-2,"Y":-1},"Vision":1,"Owner":0},{"Space":{"X":-1,"Y":-1},"Vision":1,"Owner":0},{"Space":{"X":0,"Y":-1},"Vision":0,"Owner":-1},{"Space":{"X":1,"Y":-1},"Vision":0,"Owner":-1},{"Space":{"X":2,"Y":-1},"Vision":0,"Owner":-1},{"Space":{"X":3,"Y":-1},"Vision":0,"Owner":-1},{"Space":{"X":4,"Y":-1},"Vision":0,"Owner":-1},{"Space":{"X":-4,"Y":0},"Vision":1,"Owner":-1},{"Space":{"X":-3,"Y":0},"Vision":1,"Owner":-1},{"Space":{"X":-2,"Y":0},"Vision":0,"Owner":-1},{"Space":{"X":-1,"Y":0},"Vision":0,"Owner":-1},{"Space":{"X":0,"Y":0},"Vision":0,"Owner":-1},{"Space":{"X":1,"Y":0},"Vision":0,"Owner":-1},{"Space":{"X":2,"Y":0},"Vision":0,"Owner":-1},{"Space":{"X":3,"Y":0},"Vision":0,"Owner":-1},{"Space":{"X":4,"Y":0},"Vision":0,"Owner":-1},{"Space":{"X":-4,"Y":1},"Vision":2,"Owner":-1},{"Space":{"X":-3,"Y":1},"Vision":2,"Owner":0},{"Space":{"X":-2,"Y":1},"Vision":0,"Owner":-1},{"Space":{"X":-1,"Y":1},"Vision":0,"Owner":-1},{"Space":{"X":0,"Y":1},"Vision":0,"Owner":-1},{"Space":{"X":1,"Y":1},"Vision":0,"Owner":-1},{"Space":{"X":2,"Y":1},"Vision":0,"Owner":-1},{"Space":{"X":3,"Y":1},"Vision":0,"Owner":-1},{"Space":{"X":-4,"Y":2},"Vision":3,"Owner":1},{"Space":{"X":-3,"Y":2},"Vision":2,"Owner":-1},{"Space":{"X":-2,"Y":2},"Vision":0,"Owner":-1},{"Space":{"X":-1,"Y":2},"Vision":0,"Owner":-1},{"Space":{"X":0,"Y":2},"Vision":0,"Owner":-1},{"Space":{"X":1,"Y":2},"Vision":0,"Owner":-1},{"Space":{"X":2,"Y":2},"Vision":0,"Owner":-1},{"Space":{"X":-4,"Y":3},"Vision":2,"Owner":-1},{"Space":{"X":-3,"Y":3},"Vision":0,"Owner":-1},{"Space":{"X":-2,"Y":3},"Vision":0,"Owner":-1},{"Space":{"X":-1,"Y":3},"Vision":0,"Owner":-1},{"Space":{"X":0,"Y":3},"Vision":0,"Owner":-1},{"Space":{"X":1,"Y":3},"Vision":0,"Owner":-1},{"Space":{"X":-4,"Y":4},"Vision":0,"Owner":-1},{"Space":{"X":-3,"Y":4},"Vision":0,"Owner":-1},{"Space":{"X":-2,"Y":4},"Vision":0,"Owner":-1},{"Space":{"X":-1,"Y":4},"Vision":0,"Owner":-1},{"Space":{"X":0,"Y":4},"Vision":0,"Owner":-1}],"units":[{"InternalID":31,"UnitID":11,"Type":2,"Kind":1,"Location":{"Space":{"X":-4,"Y":2},"Zone":{"X":0,"Y":0}},"CurrentStamina":20,"CurrentOrder":null,"Builds":[],"GarrisonedIn":null,"Stance":3,"InterruptCurrent":false,"AttackBack":true,"TargetPriority":"","ActiveOrders":null,"Health":11,"MaxHealth":11},{"InternalID":32,"UnitID":11,"Type":2,"Kind":1,"Location":{"Space":{"X":2,"Y":-3},"Zone":{"X":0,"Y":0}},"CurrentStamina":21,"CurrentOrder":null,"Builds":[],"GarrisonedIn":null,"Stance":3,"InterruptCurrent":false,"AttackBack":true,"TargetPriority":"","ActiveOrders":null,"Health":11,"MaxHealth":11},{"InternalID":33,"UnitID":11,"Type":2,"Kind":1,"Location":{"Space":{"X":2,"Y":-3},"Zone":{"X":0,"Y":0}},"CurrentStamina":21,"CurrentOrder":null,"Builds":[],"GarrisonedIn":null,"Stance":3,"InterruptCurrent":false,"AttackBack":true,"TargetPriority":"","ActiveOrders":null,"Health":11,"MaxHealth":11},{"InternalID":34,"UnitID":11,"Type":2,"Kind":1,"Location":{"Space":{"X":2,"Y":-3},"Zone":{"X":0,"Y":0}},"CurrentStamina":21,"CurrentOrder":null,"Builds":[],"GarrisonedIn":null,"Stance":3,"InterruptCurrent":false,"AttackBack":true,"TargetPriority":"","ActiveOrders":null,"Health":11,"MaxHealth":11},{"InternalID":35,"UnitID":11,"Type":2,"Kind":1,"Location":{"Space":{"X":2,"Y":-3},"Zone":{"X":0,"Y":0}},"CurrentStamina":21,"CurrentOrder":null,"Builds":[],"GarrisonedIn":null,"Stance":3,"InterruptCurrent":false,"AttackBack":true,"TargetPriority":"","ActiveOrders":null,"Health":11,"MaxHealth":11},{"InternalID":36,"UnitID":11,"Type":2,"Kind":1,"Location":{"Space":{"X":2,"Y":-3},"Zone":{"X":0,"Y":0}},"CurrentStamina":21,"CurrentOrder":null,"Builds":[],"GarrisonedIn":null,"Stance":3,"InterruptCurrent":false,"AttackBack":true,"TargetPriority":"","ActiveOrders":null,"Health":11,"MaxHealth":11},{"InternalID":37,"UnitID":11,"Type":2,"Kind":1,"Location":{"Space":{"X":2,"Y":-3},"Zone":{"X":0,"Y":0}},"CurrentStamina":21,"CurrentOrder":null,"Builds":[],"GarrisonedIn":null,"Stance":3,"InterruptCurrent":false,"AttackBack":true,"TargetPriority":"","ActiveOrders":null,"Health":11,"MaxHealth":11},{"InternalID":38,"UnitID":11,"Type":2,"Kind":1,"Location":{"Space":{"X":2,"Y":-3},"Zone":{"X":0,"Y":0}},"CurrentStamina":21,"CurrentOrder":null,"Builds":[],"GarrisonedIn":null,"Stance":3,"InterruptCurrent":false,"AttackBack":true,"TargetPriority":"","ActiveOrders":null,"Health":11,"MaxHealth":11},{"InternalID":39,"UnitID":11,"Type":2,"Kind":1,"Location":{"Space":{"X":2,"Y":-3},"Zone":{"X":0,"Y":0}},"CurrentStamina":21,"CurrentOrder":null,"Builds":[],"GarrisonedIn":null,"Stance":3,"InterruptCurrent":false,"AttackBack":true,"TargetPriority":"","ActiveOrders":null,"Health":11,"MaxHealth":11},{"InternalID":40,"UnitID":11,"Type":2,"Kind":1,"Location":{"Space":{"X":2,"Y":-3},"Zone":{"X":0,"Y":0}},"CurrentStamina":21,"CurrentOrder":null,"Builds":[],"GarrisonedIn":null,"Stance":3,"InterruptCurrent":false,"AttackBack":true,"TargetPriority":"","ActiveOrders":null,"Health":11,"MaxHealth":11},{"InternalID":41,"UnitID":11,"Type":2,"Kind":1,"Location":{"Space":{"X":2,"Y":-3},"Zone":{"X":0,"Y":0}},"CurrentStamina":21,"CurrentOrder":null,"Builds":[],"GarrisonedIn":null,"Stance":3,"InterruptCurrent":false,"AttackBack":true,"TargetPriority":"","ActiveOrders":null,"Health":11,"MaxHealth":11},{"InternalID":42,"UnitID":11,"Type":2,"Kind":1,"Location":{"Space":{"X":2,"Y":-3},"Zone":{"X":0,"Y":0}},"CurrentStamina":21,"CurrentOrder":null,"Builds":[],"GarrisonedIn":null,"Stance":3,"InterruptCurrent":false,"AttackBack":true,"TargetPriority":"","ActiveOrders":null,"Health":11,"MaxHealth":11},{"InternalID":43,"UnitID":11,"Type":2,"Kind":1,"Location":{"Space":{"X":2,"Y":-3},"Zone":{"X":0,"Y":0}},"CurrentStamina":21,"CurrentOrder":null,"Builds":[],"GarrisonedIn":null,"Stance":3,"InterruptCurrent":false,"AttackBack":true,"TargetPriority":"","ActiveOrders":null,"Health":11,"MaxHealth":11},{"InternalID":44,"UnitID":11,"Type":2,"Kind":1,"Location":{"Space":{"X":2,"Y":-3},"Zone":{"X":0,"Y":0}},"CurrentStamina":21,"CurrentOrder":null,"Builds":[],"GarrisonedIn":null,"Stance":3,"InterruptCurrent":false,"AttackBack":true,"TargetPriority":"","ActiveOrders":null,"Health":11,"MaxHealth":11},{"InternalID":45,"UnitID":11,"Type":2,"Kind":1,"Location":{"Space":{"X":2,"Y":-3},"Zone":{"X":0,"Y":0}},"CurrentStamina":21,"CurrentOrder":null,"Builds":[],"GarrisonedIn":null,"Stance":3,"InterruptCurrent":false,"AttackBack":true,"TargetPriority":"","ActiveOrders":null,"Health":11,"MaxHealth":11},{"InternalID":46,"UnitID":11,"Type":2,"Kind":1,"Location":{"Space":{"X":2,"Y":-3},"Zone":{"X":0,"Y":0}},"CurrentStamina":21,"CurrentOrder":null,"Builds":[],"GarrisonedIn":null,"Stance":3,"InterruptCurrent":false,"AttackBack":true,"TargetPriority":"","ActiveOrders":null,"Health":11,"MaxHealth":11},{"InternalID":47,"UnitID":12,"Type":2,"Kind":1,"Location":{"Space":{"X":2,"Y":-3},"Zone":{"X":0,"Y":0}},"CurrentStamina":13,"CurrentOrder":null,"Builds":[],"GarrisonedIn":null,"Stance":3,"InterruptCurrent":false,"AttackBack":true,"TargetPriority":"","ActiveOrders":null,"Health":16,"MaxHealth":16},{"InternalID":48,"UnitID":12,"Type":2,"Kind":1,"Location":{"Space":{"X":2,"Y":-3},"Zone":{"X":0,"Y":0}},"CurrentStamina":13,"CurrentOrder":null,"Builds":[],"GarrisonedIn":null,"Stance":3,"InterruptCurrent":false,"AttackBack":true,"TargetPriority":"","ActiveOrders":null,"Health":16,"MaxHealth":16},{"InternalID":49,"UnitID":12,"Type":2,"Kind":1,"Location":{"Space":{"X":2,"Y":-3},"Zone":{"X":0,"Y":0}},"CurrentStamina":13,"CurrentOrder":null,"Builds":[],"GarrisonedIn":null,"Stance":3,"InterruptCurrent":false,"AttackBack":true,"TargetPriority":"","ActiveOrders":null,"Health":16,"MaxHealth":16},{"InternalID":50,"UnitID":12,"Type":2,"Kind":1,"Location":{"Space":{"X":2,"Y":-3},"Zone":{"X":0,"Y":0}},"CurrentStamina":13,"CurrentOrder":null,"Builds":[],"GarrisonedIn":null,"Stance":3,"InterruptCurrent":false,"AttackBack":true,"TargetPriority":"","ActiveOrders":null,"Health":16,"MaxHealth":16},{"InternalID":51,"UnitID":12,"Type":2,"Kind":1,"Location":{"Space":{"X":2,"Y":-3},"Zone":{"X":0,"Y":0}},"CurrentStamina":13,"CurrentOrder":null,"Builds":[],"GarrisonedIn":null,"Stance":3,"InterruptCurrent":false,"AttackBack":true,"TargetPriority":"","ActiveOrders":null,"Health":16,"MaxHealth":16},{"InternalID":52,"UnitID":12,"Type":2,"Kind":1,"Location":{"Space":{"X":2,"Y":-3},"Zone":{"X":0,"Y":0}},"CurrentStamina":13,"CurrentOrder":null,"Builds":[],"GarrisonedIn":null,"Stance":3,"InterruptCurrent":false,"AttackBack":true,"TargetPriority":"","ActiveOrders":null,"Health":16,"MaxHealth":16},{"InternalID":53,"UnitID":12,"Type":2,"Kind":1,"Location":{"Space":{"X":2,"Y":-3},"Zone":{"X":0,"Y":0}},"CurrentStamina":13,"CurrentOrder":null,"Builds":[],"GarrisonedIn":null,"Stance":3,"InterruptCurrent":false,"AttackBack":true,"TargetPriority":"","ActiveOrders":null,"Health":16,"MaxHealth":16},{"InternalID":54,"UnitID":12,"Type":2,"Kind":1,"Location":{"Space":{"X":2,"Y":-3},"Zone":{"X":0,"Y":0}},"CurrentStamina":13,"CurrentOrder":null,"Builds":[],"GarrisonedIn":null,"Stance":3,"InterruptCurrent":false,"AttackBack":true,"TargetPriority":"","ActiveOrders":null,"Health":16,"MaxHealth":16},{"InternalID":55,"UnitID":13,"Type":2,"Kind":1,"Location":{"Space":{"X":2,"Y":-3},"Zone":{"X":0,"Y":0}},"CurrentStamina":8,"CurrentOrder":null,"Builds":[],"GarrisonedIn":null,"Stance":3,"InterruptCurrent":false,"AttackBack":true,"TargetPriority":"","ActiveOrders":null,"Health":49.7619,"MaxHealth":50},{"InternalID":56,"UnitID":13,"Type":2,"Kind":1,"Location":{"Space":{"X":2,"Y":-3},"Zone":{"X":0,"Y":0}},"CurrentStamina":8,"CurrentOrder":null,"Builds":[],"GarrisonedIn":null,"Stance":3,"InterruptCurrent":false,"AttackBack":true,"TargetPriority":"","ActiveOrders":null,"Health":50,"MaxHealth":50},{"InternalID":57,"UnitID":13,"Type":2,"Kind":1,"Location":{"Space":{"X":2,"Y":-3},"Zone":{"X":0,"Y":0}},"CurrentStamina":8,"CurrentOrder":null,"Builds":[],"GarrisonedIn":null,"Stance":3,"InterruptCurrent":false,"AttackBack":true,"TargetPriority":"","ActiveOrders":null,"Health":50,"MaxHealth":50},{"InternalID":58,"UnitID":13,"Type":2,"Kind":1,"Location":{"Space":{"X":2,"Y":-3},"Zone":{"X":0,"Y":0}},"CurrentStamina":8,"CurrentOrder":null,"Builds":[],"GarrisonedIn":null,"Stance":3,"InterruptCurrent":false,"AttackBack":true,"TargetPriority":"","ActiveOrders":null,"Health":50,"MaxHealth":50},{"InternalID":59,"UnitID":13,"Type":2,"Kind":1,"Location":{"Space":{"X":2,"Y":-3},"Zone":{"X":0,"Y":0}},"CurrentStamina":8,"CurrentOrder":null,"Builds":[],"GarrisonedIn":null,"Stance":3,"InterruptCurrent":false,"AttackBack":true,"TargetPriority":"","ActiveOrders":null,"Health":50,"MaxHealth":50},{"InternalID":60,"UnitID":13,"Type":2,"Kind":1,"Location":{"Space":{"X":2,"Y":-3},"Zone":{"X":0,"Y":0}},"CurrentStamina":8,"CurrentOrder":null,"Builds":[],"GarrisonedIn":null,"Stance":3,"InterruptCurrent":false,"AttackBack":true,"TargetPriority":"","ActiveOrders":null,"Health":50,"MaxHealth":50}]}
2026/09/30 21:20:38 ai ai-1: submitting orders [{Subjects:[31] OrderType:2 TargetID:32896 ClearPreviousOrders:true}]
2026/09/30 21:20:38 ai ai-1: vars {}
2026/09/30 21:20:38 player action: submit-orders 0 2 map[orders:[{1 [31] 2 32896 true}]]
2026/09/30 21:20:38 Executing submit orders for: 1 [{1 [31] 2 32896 true}]
2026/09/30 21:20:38 ai ai-0: new turn data {"buildings":[],"enemy_buildings":[],"enemy_units":[{"InternalID":32,"UnitID":11,"Type":2,"Kind":1,"Location":{"Space":{"X":2,"Y":-3},"Zone":{"X":0,"Y":0}},"CurrentStamina":21,"CurrentOrder":null,"Builds":[],"GarrisonedIn":null,"Stance":0,"InterruptCurrent":false,"AttackBack":false,"TargetPriority":"","ActiveOrders":null,"Health":11,"MaxHealth":11},{"InternalID":33,"UnitID":11,"Type":2,"Kind":1,"Location":{"Space":{"X":2,"Y":-3},"Zone":{"X":0,"Y":0}},"CurrentStamina":21,"CurrentOrder":null,"Builds":[],"GarrisonedIn":null,"Stance":0,"InterruptCurrent":false,"AttackBack":false,"TargetPriority":"","ActiveOrders":null,"Health":11,"MaxHealth":11},{"InternalID":34,"UnitID":11,"Type":2,"Kind":1,"Location":{"Space":{"X":2,"Y":-3},"Zone":{"X":0,"Y":0}},"CurrentStamina":21,"CurrentOrder":null,"Builds":[],"GarrisonedIn":null,"Stance":0,"InterruptCurrent":false,"AttackBack":false,"TargetPriority":"","ActiveOrders":null,"Health":11,"MaxHealth":11},{"InternalID":35,"UnitID":11,"Type":2,"Kind":1,"Location":{"Space":{"X":2,"Y":-3},"Zone":{"X":0,"Y":0}},"CurrentStamina":21,"CurrentOrder":null,"Builds":[],"GarrisonedIn":null,"Stance":0,"InterruptCurrent":false,"AttackBack":false,"TargetPriority":"","ActiveOrders":null,"Health":11,"MaxHealth":11},{"InternalID":36,"UnitID":11,"Type":2,"Kind":1,"Location":{"Space":{"X":2,"Y":-3},"Zone":{"X":0,"Y":0}},"CurrentStamina":21,"CurrentOrder":null,"Builds":[],"GarrisonedIn":null,"Stance":0,"InterruptCurrent":false,"AttackBack":false,"TargetPriority":"","ActiveOrders":null,"Health":11,"MaxHealth":11},{"InternalID":37,"UnitID":11,"Type":2,"Kind":1,"Location":{"Space":{"X":2,"Y":-3},"Zone":{"X":0,"Y":0}},"CurrentStamina":21,"CurrentOrder":null,"Builds":[],"GarrisonedIn":null,"Stance":0,"InterruptCurrent":false,"AttackBack":false,"TargetPriority":"","ActiveOrders":null,"Health":11,"MaxHealth":11},{"InternalID":38,"UnitID":11,"Type":2,"Kind":1,"Location":{"Space":{"X":2,"Y":-3},"Zone":{"X":0,"Y":0}},"CurrentStamina":21,"CurrentOrder":null,"Builds":[],"GarrisonedIn":null,"Stance":0,"InterruptCurrent":false,"AttackBack":false,"TargetPriority":"","ActiveOrders":null,"Health":11,"MaxHealth":11},{"InternalID":39,"UnitID":11,"Type":2,"Kind":1,"Location":{"Space":{"X":2,"Y":-3},"Zone":{"X":0,"Y":0}},"CurrentStamina":21,"CurrentOrder":null,"Builds":[],"GarrisonedIn":null,"Stance":0,"InterruptCurrent":false,"AttackBack":false,"TargetPriority":"","ActiveOrders":null,"Health":11,"MaxHealth":11},{"InternalID":40,"UnitID":11,"Type":2,"Kind":1,"Location":{"Space":{"X":2,"Y":-3},"Zone":{"X":0,"Y":0}},"CurrentStamina":21,"CurrentOrder":null,"Builds":[],"GarrisonedIn":null,"Stance":0,"InterruptCurrent":false,"AttackBack":false,"TargetPriority":"","ActiveOrders":null,"Health":11,"MaxHealth":11},{"InternalID":41,"UnitID":11,"Type":2,"Kind":1,"Location":{"Space":{"X":2,"Y":-3},"Zone":{"X":0,"Y":0}},"CurrentStamina":21,"CurrentOrder":null,"Builds":[],"GarrisonedIn":null,"Stance":0,"InterruptCurrent":false,"AttackBack":false,"TargetPriority":"","ActiveOrders":null,"Health":11,"MaxHealth":11},{"InternalID":42,"UnitID":11,"Type":2,"Kind":1,"Location":{"Space":{"X":2,"Y":-3},"Zone":{"X":0,"Y":0}},"CurrentStamina":21,"CurrentOrder":null,"Builds":[],"GarrisonedIn":null,"Stance":0,"InterruptCurrent":false,"AttackBack":false,"TargetPriority":"","ActiveOrders":null,"Health":11,"MaxHealth":11},{"InternalID":43,"UnitID":11,"Type":2,"Kind":1,"Location":{"Space":{"X":2,"Y":-3},"Zone":{"X":0,"Y":0}},"CurrentStamina":21,"CurrentOrder":null,"Builds":[],"GarrisonedIn":null,"Stance":0,"InterruptCurrent":false,"AttackBack":false,"TargetPriority":"","ActiveOrders":null,"Health":11,"MaxHealth":11},{"InternalID":44,"UnitID":11,"Type":2,"Kind":1,"Location":{"Space":{"X":2,"Y":-3},"Zone":{"X":0,"Y":0}},"CurrentStamina":21,"CurrentOrder":null,"Builds":[],"GarrisonedIn":null,"Stance":0,"InterruptCurrent":false,"AttackBack":false,"TargetPriority":"","ActiveOrders":null,"Health":11,"MaxHealth":11},{"InternalID":45,"UnitID":11,"Type":2,"Kind":1,"Location":{"Space":{"X":2,"Y":-3},"Zone":{"X":0,"Y":0}},"CurrentStamina":21,"CurrentOrder":null,"Builds":[],"GarrisonedIn":null,"Stance":0,"InterruptCurrent":false,"AttackBack":false,"TargetPriority":"","ActiveOrders":null,"Health":11,"MaxHealth":11},{"InternalID":46,"UnitID":11,"Type":2,"Kind":1,"Location":{"Space":{"X":2,"Y":-3},"Zone":{"X":0,"Y":0}},"CurrentStamina":21,"CurrentOrder":null,"Builds":[],"GarrisonedIn":null,"Stance":0,"InterruptCurrent":false,"AttackBack":false,"TargetPriority":"","ActiveOrders":null,"Health":11,"MaxHealth":11},{"InternalID":47,"UnitID":12,"Type":2,"Kind":1,"Location":{"Space":{"X":2,"Y":-3},"Zone":{"X":0,"Y":0}},"CurrentStamina":13,"CurrentOrder":null,"Builds":[],"GarrisonedIn":null,"Stance":0,"InterruptCurrent":false,"AttackBack":false,"TargetPriority":"","ActiveOrders":null,"Health":16,"MaxHealth":16},{"InternalID":48,"UnitID":12,"Type":2,"Kind":1,"Location":{"Space":{"X":2,"Y":-3},"Zone":{"X":0,"Y":0}},"CurrentStamina":13,"CurrentOrder":null,"Builds":[],"GarrisonedIn":null,"Stance":0,"InterruptCurrent":false,"AttackBack":false,"TargetPriority":"","ActiveOrders":null,"Health":16,"MaxHealth":16},{"InternalID":49,"UnitID":12,"Type":2,"Kind":1,"Location":{"Space":{"X":2,"Y":-3},"Zone":{"X":0,"Y":0}},"CurrentStamina":13,"CurrentOrder":null,"Builds":[],"GarrisonedIn":null,"Stance":0,"InterruptCurrent":false,"AttackBack":false,"TargetPriority":"","ActiveOrders":null,"Health":16,"MaxHealth":16},{"InternalID":50,"UnitID":12,"Type":2,"Kind":1,"Location":{"Space":{"X":2,"Y":-3},"Zone":{"X":0,"Y":0}},"CurrentStamina":13,"CurrentOrder":null,"Builds":[],"GarrisonedIn":null,"Stance":0,"InterruptCurrent":false,"AttackBack":false,"TargetPriority":"","ActiveOrders":null,"Health":16,"MaxHealth":16},{"InternalID":51,"UnitID":12,"Type":2,"Kind":1,"Location":{"Space":{"X":2,"Y":-3},"Zone":{"X":0,"Y":0}},"CurrentStamina":13,"CurrentOrder":null,"Builds":[],"GarrisonedIn":null,"Stance":0,"InterruptCurrent":false,"AttackBack":false,"TargetPriority":"","ActiveOrders":null,"Health":16,"MaxHealth":16},{"InternalID":52,"UnitID":12,"Type":2,"Kind":1,"Location":{"Space":{"X":2,"Y":-3},"Zone":{"X":0,"Y":0}},"CurrentStamina":13,"CurrentOrder":null,"Builds":[],"GarrisonedIn":null,"Stance":0,"InterruptCurrent":false,"AttackBack":false,"TargetPriority":"","ActiveOrders":null,"Health":16,"MaxHealth":16},{"InternalID":53,"UnitID":12,"Type":2,"Kind":1,"Location":{"Space":{"X":2,"Y":-3},"Zone":{"X":0,"Y":0}},"CurrentStamina":13,"CurrentOrder":null,"Builds":[],"GarrisonedIn":null,"Stance":0,"InterruptCurrent":false,"AttackBack":false,"TargetPriority":"","ActiveOrders":null,"Health":16,"MaxHealth":16},{"InternalID":54,"UnitID":12,"Type":2,"Kind":1,"Location":{"Space":{"X":2,"Y":-3},"Zone":{"X":0,"Y":0}},"CurrentStamina":13,"CurrentOrder":null,"Builds":[],"GarrisonedIn":null,"Stance":0,"InterruptCurrent":false,"AttackBack":false,"TargetPriority":"","ActiveOrders":null,"Health":16,"MaxHealth":16},{"InternalID":55,"UnitID":13,"Type":2,"Kind":1,"Location":{"Space":{"X":2,"Y":-3},"Zone":{"X":0,"Y":0}},"CurrentStamina":8,"CurrentOrder":null,"Builds":[],"GarrisonedIn":null,"Stance":0,"InterruptCurrent":false,"AttackBack":false,"TargetPriority":"","ActiveOrders":null,"Health":49.7619,"MaxHealth":50},{"InternalID":56,"UnitID":13,"Type":2,"Kind":1,"Location":{"Space":{"X":2,"Y":-3},"Zone":{"X":0,"Y":0}},"CurrentStamina":8,"CurrentOrder":null,"Builds":[],"GarrisonedIn":null,"Stance":0,"InterruptCurrent":false,"AttackBack":false,"TargetPriority":"","ActiveOrders":null,"Health":50,"MaxHealth":50},{"InternalID":57,"UnitID":13,"Type":2,"Kind":1,"Location":{"Space":{"X":2,"Y":-3},"Zone":{"X":0,"Y":0}},"CurrentStamina":8,"CurrentOrder":null,"Builds":[],"GarrisonedIn":null,"Stance":0,"InterruptCurrent":false,"AttackBack":false,"TargetPriority":"","ActiveOrders":null,"Health":50,"MaxHealth":50},{"InternalID":58,"UnitID":13,"Type":2,"Kind":1,"Location":{"Space":{"X":2,"Y":-3},"Zone":{"X":0,"Y":0}},"CurrentStamina":8,"CurrentOrder":null,"Builds":[],"GarrisonedIn":null,"Stance":0,"InterruptCurrent":false,"AttackBack":false,"TargetPriority":"","ActiveOrders":null,"Health":50,"MaxHealth":50},{"InternalID":59,"UnitID":13,"Type":2,"Kind":1,"Location":{"Space":{"X":2,"Y":-3},"Zone":{"X":0,"Y":0}},"CurrentStamina":8,"CurrentOrder":null,"Builds":[],"GarrisonedIn":null,"Stance":0,"InterruptCurrent":false,"AttackBack":false,"TargetPriority":"","ActiveOrders":null,"Health":50,"MaxHealth":50},{"InternalID":60,"UnitID":13,"Type":2,"Kind":1,"Location":{"Space":{"X":2,"Y":-3},"Zone":{"X":0,"Y":0}},"CurrentStamina":8,"CurrentOrder":null,"Builds":[],"GarrisonedIn":null,"Stance":0,"InterruptCurrent":false,"AttackBack":false,"TargetPriority":"","ActiveOrders":null,"Health":50,"MaxHealth":50}],"foundations":[],"population":{"current":29,"limit":0},"resources":{"food":200,"gold":68,"stone":100,"wood":200},"spaces":[{"Space":{"X":0,"Y":-4},"Vision":2,"Owner":-1},{"Space":{"X":1,"Y":-4},"Vision":2,"Owner":-1},{"Space":{"X":2,"Y":-4},"Vision":2,"Owner":-1},{"Space":{"X":3,"Y":-4},"Vision":1,"Owner":-1},{"Space":{"X":4,"Y":-4},"Vision":0,"Owner":-1},{"Space":{"X":-1,"Y":-3},"Vision":3,"Owner":0},{"Space":{"X":0,"Y":-3},"Vision":3,"Owner":0},{"Space":{"X":1,"Y":-3},"Vision":3,"Owner":0},{"Space":{"X":2,"Y":-3},"Vision":3,"Owner":1},{"Space":{"X":3,"Y":-3},"Vision":1,"Owner":-1},{"Space":{"X":4,"Y":-3},"Vision":0,"Owner":-1},{"Space":{"X":-2,"Y":-2},"Vision":2,"Owner":-1},{"Space":{"X":-1,"Y":-2},"Vision":3,"Owner":0},{"Space":{"X":0,"Y":-2},"Vision":2,"Owner":-1},{"Space":{"X":1,"Y":-2},"Vision":2,"Owner":-1},{"Space":{"X":2,"Y":-2},"Vision":1,"Owner":-1},{"Space":{"X":3,"Y":-2},"Vision":0,"Owner":-1},{"Space":{"X":4,"Y":-2},"Vision":0,"Owner":-1},{"Space":{"X":-3,"Y":-1},"Vision":1,"Owner":-1},{"Space":{"X":-2,"Y":-1},"Vision":2,"Owner":-1},{"Space":{"X":-1,"Y":-1},"Vision":2,"Owner":-1},{"Space":{"X":0,"Y":-1},"Vision":2,"Owner":-1},{"Space":{"X":1,"Y":-1},"Vision":0,"Owner":-1},{"Space":{"X":2,"Y":-1},"Vision":0,"Owner":-1},{"Space":{"X":3,"Y":-1},"Vision":0,"Owner":-1},{"Space":{"X":4,"Y":-1},"Vision":0,"Owner":-1},{"Space":{"X":-4,"Y":0},"Vision":1,"Owner":-1},{"Space":{"X":-3,"Y":0},"Vision":2,"Owner":-1},{"Space":{"X":-2,"Y":0},"Vision":3,"Owner":-1},{"Space":{"X":-1,"Y":0},"Vision":3,"Owner":0},{"Space":{"X":0,"Y":0},"Vision":2,"Owner":-1},{"Space":{"X":1,"Y":0},"Vision":3,"Owner":-1},{"Space":{"X":2,"Y":0},"Vision":2,"Owner":-1},{"Space":{"X":3,"Y":0},"Vision":0,"Owner":-1},{"Space":{"X":4,"Y":0},"Vision":0,"Owner":-1},{"Space":{"X":-4,"Y":1},"Vision":2,"Owner":-1},{"Space":{"X":-3,"Y":1},"Vision":3,"Owner":0},{"Space":{"X":-2,"Y":1},"Vision":2,"Owner":-1},{"Space":{"X":-1,"Y":1},"Vision":2,"Owner":-1},{"Space":{"X":0,"Y":1},"Vision":2,"Owner":-1},{"Space":{"X":1,"Y":1},"Vision":3,"Owner":0},{"Space":{"X":2,"Y":1},"Vision":2,"Owner":-1},{"Space":{"X":3,"Y":1},"Vision":0,"Owner":-1},{"Space":{"X":-4,"Y":2},"Vision":2,"Owner":1},{"Space":{"X":-3,"Y":2},"Vision":2,"Owner":-1},{"Space":{"X":-2,"Y":2},"Vision":1,"Owner":-1},{"Space":{"X":-1,"Y":2},"Vision":1,"Owner":-1},{"Space":{"X":0,"Y":2},"Vision":2,"Owner":-1},{"Space":{"X":1,"Y":2},"Vision":2,"Owner":-1},{"Space":{"X":2,"Y":2},"Vision":1,"Owner":-1},{"Space":{"X":-4,"Y":3},"Vision":1,"Owner":-1},{"Space":{"X":-3,"Y":3},"Vision":1,"Owner":-1},{"Space":{"X":-2,"Y":3},"Vision":1,"Owner":-1},{"Space":{"X":-1,"Y":3},"Vision":1,"Owner":-1},{"Space":{"X":0,"Y":3},"Vision":1,"Owner":-1},{"Space":{"X":1,"Y":3},"Vision":1,"Owner":-1},{"Space":{"X":-4,"Y":4},"Vision":1,"Owner":-1},{"Space":{"X":-3,"Y":4},"Vision":1,"Owner":-1},{"Space":{"X":-2,"Y":4},"Vision":1,"Owner":-1},{"Space":{"X":-1,"Y":4},"Vision":1,"Owner":-1},{"Space":{"X":0,"Y":4},"Vision":1,"Owner":-1}],"units":[{"InternalID":1,"UnitID":11,"Type":2,"Kind":1,"Location":{"Space":{"X":-1,"Y":-3},"Zone":{"X":0,"Y":0}},"CurrentStamina":20,"CurrentOrder":null,"Builds":[],"GarrisonedIn":null,"Stance":3,"InterruptCurrent":true,"AttackBack":true,"TargetPriority":"","ActiveOrders":null,"Health":11,"MaxHealth":11},{"InternalID":2,"UnitID":11,"Type":2,"Kind":1,"Location":{"Space":{"X":-1,"Y":0},"Zone":{"X":-1,"Y":0}},"CurrentStamina":15,"CurrentOrder":{"Kind":0,"TargetZone":{"Space":{"X":1,"Y":-1},"Zone":{"X":0,"Y":0}},"TargetSpace":null,"TargetResource":null,"TargetUnit":null,"TargetBuilding":null},"Builds":[],"GarrisonedIn":null,"Stance":3,"InterruptCurrent":true,"AttackBack":true,"TargetPriority":"","ActiveOrders":[{"ID":87,"Kind":0}],"Health":11,"MaxHealth":11},{"InternalID":3,"UnitID":11,"Type":2,"Kind":1,"Location":{"Space":{"X":0,"Y":-3},"Zone":{"X":0,"Y":0}},"CurrentStamina":23,"CurrentOrder":null,"Builds":[],"GarrisonedIn":null,"Stance":3,"InterruptCurrent":true,"AttackBack":true,"TargetPriority":"","ActiveOrders":null,"Health":11,"MaxHealth":11},{"InternalID":4,"UnitID":11,"Type":2,"Kind":1,"Location":{"Space":{"X":1,"Y":-3},"Zone":{"X":1,"Y":0}},"CurrentStamina":19,"CurrentOrder":{"Kind":0,"TargetZone":{"Space":{"X":2,"Y":-2},"Zone":{"X":0,"Y":0}},"TargetSpace":null,"TargetResource":null,"TargetUnit":null,"TargetBuilding":null},"Builds":[],"GarrisonedIn":null,"Stance":3,"InterruptCurrent":true,"AttackBack":true,"TargetPriority":"","ActiveOrders":[{"ID":88,"Kind":0}],"Health":11,"MaxHealth":11},{"InternalID":6,"UnitID":11,"Type":2,"Kind":1,"Location":{"Space":{"X":1,"Y":1},"Zone":{"X":0,"Y":-1}},"CurrentStamina":23,"CurrentOrder":{"Kind":0,"TargetZone":{"Space":{"X":1,"Y":0},"Zone":{"X":0,"Y":0}},"TargetSpace":null,"TargetResource":null,"TargetUnit":null,"TargetBuilding":null},"Builds":[],"GarrisonedIn":null,"Stance":3,"InterruptCurrent":false,"AttackBack":true,"TargetPriority":"","ActiveOrders":[{"ID":90,"Kind":0}],"Health":11,"MaxHealth":11},{"InternalID":7,"UnitID":11,"Type":2,"Kind":1,"Location":{"Space":{"X":-1,"Y":-3},"Zone":{"X":0,"Y":0}},"CurrentStamina":20,"CurrentOrder":null,"Builds":[],"GarrisonedIn":null,"Stance":3,"InterruptCurrent":true,"AttackBack":true,"TargetPriority":"","ActiveOrders":null,"Health":11,"MaxHealth":11},{"InternalID":8,"UnitID":11,"Type":2,"Kind":1,"Location":{"Space":{"X":-1,"Y":-3},"Zone":{"X":0,"Y":0}},"CurrentStamina":20,"CurrentOrder":null,"Builds":[],"GarrisonedIn":null,"Stance":3,"InterruptCurrent":true,"AttackBack":true,"TargetPriority":"","ActiveOrders":null,"Health":11,"MaxHealth":11},{"InternalID":9,"UnitID":11,"Type":2,"Kind":1,"Location":{"Space":{"X":-1,"Y":-3},"Zone":{"X":0,"Y":0}},"CurrentStamina":20,"CurrentOrder":null,"Builds":[],"GarrisonedIn":null,"Stance":3,"InterruptCurrent":true,"AttackBack":true,"TargetPriority":"","ActiveOrders":null,"Health":11,"MaxHealth":11},{"InternalID":10,"UnitID":11,"Type":2,"Kind":1,"Location":{"Space":{"X":-1,"Y":-3},"Zone":{"X":0,"Y":0}},"CurrentStamina":20,"CurrentOrder":null,"Builds":[],"GarrisonedIn":null,"Stance":3,"InterruptCurrent":true,"AttackBack":true,"TargetPriority":"","ActiveOrders":null,"Health":11,"MaxHealth":11},{"InternalID":11,"UnitID":11,"Type":2,"Kind":1,"Location":{"Space":{"X":-1,"Y":-3},"Zone":{"X":0,"Y":0}},"CurrentStamina":20,"CurrentOrder":null,"Builds":[],"GarrisonedIn":null,"Stance":3,"InterruptCurrent":true,"AttackBack":true,"TargetPriority":"","ActiveOrders":null,"Health":11,"MaxHealth":11},{"InternalID":12,"UnitID":11,"Type":2,"Kind":1,"Location":{"Space":{"X":-1,"Y":-3},"Zone":{"X":0,"Y":0}},"CurrentStamina":20,"CurrentOrder":null,"Builds":[],"GarrisonedIn":null,"Stance":3,"InterruptCurrent":true,"AttackBack":true,"TargetPriority":"","ActiveOrders":null,"Health":11,"MaxHealth":11},{"InternalID":13,"UnitID":11,"Type":2,"Kind":1,"Location":{"Space":{"X":-1,"Y":-3},"Zone":{"X":0,"Y":0}},"CurrentStamina":20,"CurrentOrder":null,"Builds":[],"GarrisonedIn":null,"Stance":3,"InterruptCurrent":true,"AttackBack":true,"TargetPriority":"","ActiveOrders":null,"Health":11,"MaxHealth":11},{"InternalID":14,"UnitID":11,"Type":2,"Kind":1,"Location":{"Space":{"X":-1,"Y":-3},"Zone":{"X":0,"Y":0}},"CurrentStamina":20,"CurrentOrder":null,"Builds":[],"GarrisonedIn":null,"Stance":3,"InterruptCurrent":true,"AttackBack":true,"TargetPriority":"","ActiveOrders":null,"Health":11,"MaxHealth":11},{"InternalID":15,"UnitID":11,"Type":2,"Kind":1,"Location":{"Space":{"X":-1,"Y":-3},"Zone":{"X":0,"Y":0}},"CurrentStamina":20,"CurrentOrder":null,"Builds":[],"GarrisonedIn":null,"Stance":3,"InterruptCurrent":true,"AttackBack":true,"TargetPriority":"","ActiveOrders":null,"Health":11,"MaxHealth":11},{"InternalID":16,"UnitID":11,"Type":2,"Kind":1,"Location":{"Space":{"X":-1,"Y":-3},"Zone":{"X":0,"Y":0}},"CurrentStamina":20,"CurrentOrder":null,"Builds":[],"GarrisonedIn":null,"Stance":3,"InterruptCurrent":true,"AttackBack":true,"TargetPriority":"","ActiveOrders":null,"Health":11,"MaxHealth":11},{"InternalID":17,"UnitID":12,"Type":2,"Kind":1,"Location":{"Space":{"X":-1,"Y":-2},"Zone":{"X":0,"Y":-1}},"CurrentStamina":13,"CurrentOrder":{"Kind":0,"TargetZone":{"Space":{"X":-1,"Y":-3},"Zone":{"X":0,"Y":0}},"TargetSpace":null,"TargetResource":null,"TargetUnit":null,"TargetBuilding":null},"Builds":[],"GarrisonedIn":null,"Stance":3,"InterruptCurrent":true,"AttackBack":true,"TargetPriority":"","ActiveOrders":[{"ID":78,"Kind":0}],"Health":16,"MaxHealth":16},{"InternalID":18,"UnitID":12,"Type":2,"Kind":1,"Location":{"Space":{"X":-1,"Y":-2},"Zone":{"X":0,"Y":-1}},"CurrentStamina":13,"CurrentOrder":{"Kind":0,"TargetZone":{"Space":{"X":-1,"Y":-3},"Zone":{"X":0,"Y":0}},"TargetSpace":null,"TargetResource":null,"TargetUnit":null,"TargetBuilding":null},"Builds":[],"GarrisonedIn":null,"Stance":3,"InterruptCurrent":true,"AttackBack":true,"TargetPriority":"","ActiveOrders":[{"ID":79,"Kind":0}],"Health":16,"MaxHealth":16},{"InternalID":19,"UnitID":12,"Type":2,"Kind":1,"Location":{"Space":{"X":-1,"Y":-2},"Zone":{"X":0,"Y":-1}},"CurrentStamina":13,"CurrentOrder":{"Kind":0,"TargetZone":{"Space":{"X":-1,"Y":-3},"Zone":{"X":0,"Y":0}},"TargetSpace":null,"TargetResource":null,"TargetUnit":null,"TargetBuilding":null},"Builds":[],"GarrisonedIn":null,"Stance":3,"InterruptCurrent":true,"AttackBack":true,"TargetPriority":"","ActiveOrders":[{"ID":80,"Kind":0}],"Health":16,"MaxHealth":16},{"InternalID":20,"UnitID":12,"Type":2,"Kind":1,"Location":{"Space":{"X":-1,"Y":-2},"Zone":{"X":0,"Y":-1}},"CurrentStamina":13,"CurrentOrder":{"Kind":0,"TargetZone":{"Space":{"X":-1,"Y":-3},"Zone":{"X":0,"Y":0}},"TargetSpace":null,"TargetResource":null,"TargetUnit":null,"TargetBuilding":null},"Builds":[],"GarrisonedIn":null,"Stance":3,"InterruptCurrent":true,"AttackBack":true,"TargetPriority":"","ActiveOrders":[{"ID":81,"Kind":0}],"Health":16,"MaxHealth":16},{"InternalID":21,"UnitID":12,"Type":2,"Kind":1,"Location":{"Space":{"X":-1,"Y":-2},"Zone":{"X":0,"Y":-1}},"CurrentStamina":13,"CurrentOrder":{"Kind":0,"TargetZone":{"Space":{"X":-1,"Y":-3},"Zone":{"X":0,"Y":0}},"TargetSpace":null,"TargetResource":null,"TargetUnit":null,"TargetBuilding":null},"Builds":[],"GarrisonedIn":null,"Stance":3,"InterruptCurrent":true,"AttackBack":true,"TargetPriority":"","ActiveOrders":[{"ID":82,"Kind":0}],"Health":16,"MaxHealth":16},{"InternalID":22,"UnitID":12,"Type":2,"Kind":1,"Location":{"Space":{"X":-1,"Y":-2},"Zone":{"X":0,"Y":-1}},"CurrentStamina":13,"CurrentOrder":{"Kind":0,"TargetZone":{"Space":{"X":-1,"Y":-3},"Zone":{"X":0,"Y":0}},"TargetSpace":null,"TargetResource":null,"TargetUnit":null,"TargetBuilding":null},"Builds":[],"GarrisonedIn":null,"Stance":3,"InterruptCurrent":true,"AttackBack":true,"TargetPriority":"","ActiveOrders":[{"ID":83,"Kind":0}],"Health":16,"MaxHealth":16},{"InternalID":23,"UnitID":12,"Type":2,"Kind":1,"Location":{"Space":{"X":-1,"Y":-2},"Zone":{"X":0,"Y":-1}},"CurrentStamina":13,"CurrentOrder":{"Kind":0,"TargetZone":{"Space":{"X":-1,"Y":-3},"Zone":{"X":0,"Y":0}},"TargetSpace":null,"TargetResource":null,"TargetUnit":null,"TargetBuilding":null},"Builds":[],"GarrisonedIn":null,"Stance":3,"InterruptCurrent":true,"AttackBack":true,"TargetPriority":"","ActiveOrders":[{"ID":84,"Kind":0}],"Health":16,"MaxHealth":16},{"InternalID":24,"UnitID":12,"Type":2,"Kind":1,"Location":{"Space":{"X":-1,"Y":-2},"Zone":{"X":0,"Y":-1}},"CurrentStamina":13,"CurrentOrder":{"Kind":0,"TargetZone":{"Space":{"X":-1,"Y":-3},"Zone":{"X":0,"Y":0}},"TargetSpace":null,"TargetResource":null,"TargetUnit":null,"TargetBuilding":null},"Builds":[],"GarrisonedIn":null,"Stance":3,"InterruptCurrent":true,"AttackBack":true,"TargetPriority":"","ActiveOrders":[{"ID":85,"Kind":0}],"Health":16,"MaxHealth":16},{"InternalID":25,"UnitID":13,"Type":2,"Kind":1,"Location":{"Space":{"X":-3,"Y":1},"Zone":{"X":0,"Y":0}},"CurrentStamina":8,"CurrentOrder":{"Kind":0,"TargetZone":{"Space":{"X":1,"Y":-1},"Zone":{"X":0,"Y":0}},"TargetSpace":null,"TargetResource":null,"TargetUnit":null,"TargetBuilding":null},"Builds":[],"GarrisonedIn":null,"Stance":3,"InterruptCurrent":true,"AttackBack":true,"TargetPriority":"","ActiveOrders":[{"ID":91,"Kind":0}],"Health":50,"MaxHealth":50},{"InternalID":26,"UnitID":13,"Type":2,"Kind":1,"Location":{"Space":{"X":-3,"Y":1},"Zone":{"X":0,"Y":0}},"CurrentStamina":8,"CurrentOrder":{"Kind":0,"TargetZone":{"Space":{"X":1,"Y":-1},"Zone":{"X":0,"Y":0}},"TargetSpace":null,"TargetResource":null,"TargetUnit":null,"TargetBuilding":null},"Builds":[],"GarrisonedIn":null,"Stance":3,"InterruptCurrent":true,"AttackBack":true,"TargetPriority":"","ActiveOrders":[{"ID":92,"Kind":0}],"Health":50,"MaxHealth":50},{"InternalID":27,"UnitID":13,"Type":2,"Kind":1,"Location":{"Space":{"X":-3,"Y":1},"Zone":{"X":0,"Y":0}},"CurrentStamina":8,"CurrentOrder":{"Kind":0,"TargetZone":{"Space":{"X":1,"Y":-1},"Zone":{"X":0,"Y":0}},"TargetSpace":null,"TargetResource":null,"TargetUnit":null,"TargetBuilding":null},"Builds":[],"GarrisonedIn":null,"Stance":3,"InterruptCurrent":true,"AttackBack":true,"TargetPriority":"","ActiveOrders":[{"ID":93,"Kind":0}],"Health":50,"MaxHealth":50},{"InternalID":28,"UnitID":13,"Type":2,"Kind":1,"Location":{"Space":{"X":-3,"Y":1},"Zone":{"X":0,"Y":0}},"CurrentStamina":8,"CurrentOrder":{"Kind":0,"TargetZone":{"Space":{"X":1,"Y":-1},"Zone":{"X":0,"Y":0}},"TargetSpace":null,"TargetResource":null,"TargetUnit":null,"TargetBuilding":null},"Builds":[],"GarrisonedIn":null,"Stance":3,"InterruptCurrent":true,"AttackBack":true,"TargetPriority":"","ActiveOrders":[{"ID":94,"Kind":0}],"Health":50,"MaxHealth":50},{"InternalID":29,"UnitID":13,"Type":2,"Kind":1,"Location":{"Space":{"X":-3,"Y":1},"Zone":{"X":0,"Y":0}},"CurrentStamina":8,"CurrentOrder":{"Kind":0,"TargetZone":{"Space":{"X":1,"Y":-1},"Zone":{"X":0,"Y":0}},"TargetSpace":null,"TargetResource":null,"TargetUnit":null,"TargetBuilding":null},"Builds":[],"GarrisonedIn":null,"Stance":3,"InterruptCurrent":true,"AttackBack":true,"TargetPriority":"","ActiveOrders":[{"ID":95,"Kind":0}],"Health":50,"MaxHealth":50},{"InternalID":30,"UnitID":13,"Type":2,"Kind":1,"Location":{"Space":{"X":-3,"Y":1},"Zone":{"X":0,"Y":0}},"CurrentStamina":8,"CurrentOrder":{"Kind":0,"TargetZone":{"Space":{"X":1,"Y":-1},"Zone":{"X":0,"Y":0}},"TargetSpace":null,"TargetResource":null,"TargetUnit":null,"TargetBuilding":null},"Builds":[],"GarrisonedIn":null,"Stance":3,"InterruptCurrent":true,"AttackBack":true,"TargetPriority":"","ActiveOrders":[{"ID":96,"Kind":0}],"Health":50,"MaxHealth":50}]}
2026/09/30 21:20:38 ai ai-0: submitting orders [{Subjects:[1] OrderType:2 TargetID:105 ClearPreviousOrders:true} {Subjects:[3] OrderType:2 TargetID:105 ClearPreviousOrders:true} {Subjects:[7] OrderType:2 TargetID:105 ClearPreviousOrders:true} {Subjects:[1] OrderType:2 TargetID:1394 ClearPreviousOrders:true} {Subjects:[2] OrderType:2 TargetID:1378 ClearPreviousOrders:true} {Subjects:[3] OrderType:2 TargetID:1394 ClearPreviousOrders:true} {Subjects:[4] OrderType:2 TargetID:1394 ClearPreviousOrders:true} {Subjects:[7] OrderType:2 TargetID:1394 ClearPreviousOrders:true} {Subjects:[1] OrderType:2 TargetID:2489 ClearPreviousOrders:true} {Subjects:[2] OrderType:2 TargetID:1378 ClearPreviousOrders:true} {Subjects:[3] OrderType:2 TargetID:2489 ClearPreviousOrders:true} {Subjects:[4] OrderType:2 TargetID:2489 ClearPreviousOrders:true} {Subjects:[7] OrderType:2 TargetID:2489 ClearPreviousOrders:true} {Subjects:[8] OrderType:2 TargetID:105 ClearPreviousOrders:true} {Subjects:[9] OrderType:2 TargetID:105 ClearPreviousOrders:true} {Subjects:[10] OrderType:2 TargetID:105 ClearPreviousOrders:true} {Subjects:[11] OrderType:2 TargetID:105 ClearPreviousOrders:true} {Subjects:[12] OrderType:2 TargetID:105 ClearPreviousOrders:true} {Subjects:[13] OrderType:2 TargetID:105 ClearPreviousOrders:true} {Subjects:[14] OrderType:2 TargetID:105 ClearPreviousOrders:true} {Subjects:[15] OrderType:2 TargetID:105 ClearPreviousOrders:true} {Subjects:[16] OrderType:2 TargetID:105 ClearPreviousOrders:true} {Subjects:[1] OrderType:9 TargetID:32 ClearPreviousOrders:true} {Subjects:[2] OrderType:9 TargetID:32 ClearPreviousOrders:true} {Subjects:[3] OrderType:9 TargetID:32 ClearPreviousOrders:true} {Subjects:[4] OrderType:9 TargetID:32 ClearPreviousOrders:true} {Subjects:[6] OrderType:2 TargetID:469 ClearPreviousOrders:true} {Subjects:[7] OrderType:9 TargetID:32 ClearPreviousOrders:true} {Subjects:[8] OrderType:9 TargetID:32 ClearPreviousOrders:true} {Subjects:[9] OrderType:9 TargetID:32 ClearPreviousOrders:true} {Subjects:[10] OrderType:9 TargetID:32 ClearPreviousOrders:true} {Subjects:[11] OrderType:9 TargetID:32 ClearPreviousOrders:true} {Subjects:[12] OrderType:9 TargetID:32 ClearPreviousOrders:true} {Subjects:[13] OrderType:9 TargetID:32 ClearPreviousOrders:true} {Subjects:[14] OrderType:9 TargetID:32 ClearPreviousOrders:true} {Subjects:[15] OrderType:9 TargetID:32 ClearPreviousOrders:true} {Subjects:[16] OrderType:9 TargetID:32 ClearPreviousOrders:true} {Subjects:[17] OrderType:9 TargetID:32 ClearPreviousOrders:true} {Subjects:[18] OrderType:9 TargetID:32 ClearPreviousOrders:true} {Subjects:[19] OrderType:9 TargetID:32 ClearPreviousOrders:true} {Subjects:[20] OrderType:9 TargetID:32 ClearPreviousOrders:true} {Subjects:[21] OrderType:9 TargetID:32 ClearPreviousOrders:true} {Subjects:[22] OrderType:9 TargetID:32 ClearPreviousOrders:true} {Subjects:[23] OrderType:9 TargetID:32 ClearPreviousOrders:true} {Subjects:[24] OrderType:9 TargetID:32 ClearPreviousOrders:true} {Subjects:[25] OrderType:2 TargetID:469 ClearPreviousOrders:true} {Subjects:[26] OrderType:2 TargetID:469 ClearPreviousOrders:true} {Subjects:[27] OrderType:2 TargetID:469 ClearPreviousOrders:true} {Subjects:[28] OrderType:2 TargetID:469 ClearPreviousOrders:true} {Subjects:[29] OrderType:2 TargetID:469 ClearPreviousOrders:true} {Subjects:[30] OrderType:2 TargetID:469 ClearPreviousOrders:true}]
2026/09/30 21:20:38 ai ai-0: vars {"B":15,"Hv":6,"Pi":8,"aPowLocal":0,"aThreat":0,"a_engaged":0,"a_odds":1.3,"a_outnumbered":0,"army_target":50,"army_value":3010,"assault":0,"bank_rate":28,"bar_barracks":0.17072129748186085,"bar_redoubt":1.1111111111111112,"barracks":0,"barracks_B":0,"barracks_P":0,"barracks_save":0,"barracks_spend":78.1,"barracks_want":0,"buffer_food":70,"buffer_gold":0,"buffer_stone":0,"buffer_wood":70,"builders":0,"committed":0,"eB":15,"eGrowth":0,"eH":6,"eMil":29,"eP":8,"ePow":55,"ePowEst":55,"ePowSeen":55,"eTech":1,"eV":0,"es":30,"farm_want":0,"farm_wood_short":0,"farming":0,"fire_barracks":0,"fire_farm0":0,"fire_farm1":0,"fire_farm2":0,"fire_house":0,"fire_outpost":0,"fire_redoubt":0,"fire_smith":0,"fire_vc":0,"food_need":0,"food_over":0,"food_rate":0,"food_slots":1000,"food_workers":0,"free_room":21,"go":0,"gold_income":14,"gold_need":0,"gold_rate":0,"gold_surplus":68,"guaranteed":0,"guard_home":0,"headroom":-29,"hire_B":3661.5384615384614,"hire_P":5753.846153846153,"homePow":0,"house_builders":0,"house_urgency":0,"house_want":0,"income_proj":0,"left":0,"lf_food":0,"lf_gold":0,"lf_stone":0,"lf_wood":0,"lump_food":0,"lump_gold":0,"lump_stone":0,"lump_wood":0,"maturity":0,"mil":29,"myTech":1,"n_barracks":0,"n_redoubts":0,"needB":15.49563818697578,"needP":5.504361813024221,"outpost_want":0,"pikes":0,"planned_food":0,"planned_gold":0,"planned_stone":0,"planned_wood":0,"prod_rate":0,"proj_army":3010,"raid_danger":0,"raid_fails":0,"raid_lost":1,"raid_pause":0,"raid_prev":5,"raid_size":4.5,"raid_wiped":0,"rate":6,"redoubt_H":0,"redoubt_gold_ok":1,"redoubt_save":0,"redoubt_spend":30,"redoubt_want":0,"redoubts":0,"rf_food":0,"rf_gold":0,"rf_stone":0,"rf_wood":0,"sB4":1.2624769599999992,"sP4":0.4484571648225309,"scale_l":0,"scale_r":0,"shareH":0.5085007727975271,"smith_want":0,"smiths":0,"spare":0,"spare_food":0.5,"stone_need":0,"stone_rate":0,"tH":27,"target_spend":400,"tech_food":50,"tech_gold":0,"tech_stone":0,"tech_wood":50,"threat_home":0,"turns_left":-290,"u_barracks":0.17620971013661,"u_redoubt":0.47460072127769204,"unit_spend":120,"vB":1.0599999999999998,"vH":1.0966666666666667,"vP":0.8183333333333334,"vc_want":0,"vcs":0,"vil_goal":50,"vil_rate":0,"vil_stamina":8,"vil_want":0,"vil_want_last":0,"vil_worth_now":0.6,"vils":0,"w_food":0,"w_gold":0,"w_stone":0,"w_wood":0,"wild_workers":0,"wood_need":0,"wood_rate":0,"workers":0}
2026/09/30 21:20:38 player action: submit-orders 0 1 map[orders:[{0 [1] 2 105 true} {0 [3] 2 105 true} {0 [7] 2 105 true} {0 [1] 2 1394 true} {0 [2] 2 1378 true} {0 [3] 2 1394 true} {0 [4] 2 1394 true} {0 [7] 2 1394 true} {0 [1] 2 2489 true} {0 [2] 2 1378 true} {0 [3] 2 2489 true} {0 [4] 2 2489 true} {0 [7] 2 2489 true} {0 [8] 2 105 true} {0 [9] 2 105 true} {0 [10] 2 105 true} {0 [11] 2 105 true} {0 [12] 2 105 true} {0 [13] 2 105 true} {0 [14] 2 105 true} {0 [15] 2 105 true} {0 [16] 2 105 true} {0 [1] 9 32 true} {0 [2] 9 32 true} {0 [3] 9 32 true} {0 [4] 9 32 true} {0 [6] 2 469 true} {0 [7] 9 32 true} {0 [8] 9 32 true} {0 [9] 9 32 true} {0 [10] 9 32 true} {0 [11] 9 32 true} {0 [12] 9 32 true} {0 [13] 9 32 true} {0 [14] 9 32 true} {0 [15] 9 32 true} {0 [16] 9 32 true} {0 [17] 9 32 true} {0 [18] 9 32 true} {0 [19] 9 32 true} {0 [20] 9 32 true} {0 [21] 9 32 true} {0 [22] 9 32 true} {0 [23] 9 32 true} {0 [24] 9 32 true} {0 [25] 2 469 true} {0 [26] 2 469 true} {0 [27] 2 469 true} {0 [28] 2 469 true} {0 [29] 2 469 true} {0 [30] 2 469 true}]]
2026/09/30 21:20:38 Executing submit orders for: 0 [{0 [1] 2 105 true} {0 [3] 2 105 true} {0 [7] 2 105 true} {0 [1] 2 1394 true} {0 [2] 2 1378 true} {0 [3] 2 1394 true} {0 [4] 2 1394 true} {0 [7] 2 1394 true} {0 [1] 2 2489 true} {0 [2] 2 1378 true} {0 [3] 2 2489 true} {0 [4] 2 2489 true} {0 [7] 2 2489 true} {0 [8] 2 105 true} {0 [9] 2 105 true} {0 [10] 2 105 true} {0 [11] 2 105 true} {0 [12] 2 105 true} {0 [13] 2 105 true} {0 [14] 2 105 true} {0 [15] 2 105 true} {0 [16] 2 105 true} {0 [1] 9 32 true} {0 [2] 9 32 true} {0 [3] 9 32 true} {0 [4] 9 32 true} {0 [6] 2 469 true} {0 [7] 9 32 true} {0 [8] 9 32 true} {0 [9] 9 32 true} {0 [10] 9 32 true} {0 [11] 9 32 true} {0 [12] 9 32 true} {0 [13] 9 32 true} {0 [14] 9 32 true} {0 [15] 9 32 true} {0 [16] 9 32 true} {0 [17] 9 32 true} {0 [18] 9 32 true} {0 [19] 9 32 true} {0 [20] 9 32 true} {0 [21] 9 32 true} {0 [22] 9 32 true} {0 [23] 9 32 true} {0 [24] 9 32 true} {0 [25] 2 469 true} {0 [26] 2 469 true} {0 [27] 2 469 true} {0 [28] 2 469 true} {0 [29] 2 469 true} {0 [30] 2 469 true}]
2026/09/30 21:20:38 Resolving active orders
2026/09/30 21:20:38 Moving unit 23 Piercing Infantry to zone(1, -1) in space (-1, -2) tick=1
2026/09/30 21:20:38 Moving unit 3 Blunt Infantry to zone(1, 0) in space (0, -3) tick=1
2026/09/30 21:20:38 Moving unit 9 Blunt Infantry to zone(1, 0) in space (-1, -3) tick=1
2026/09/30 21:20:38 Moving unit 20 Piercing Infantry to zone(1, -1) in space (-1, -2) tick=1
2026/09/30 21:20:38 Moving unit 22 Piercing Infantry to zone(1, -1) in space (-1, -2) tick=1
2026/09/30 21:20:38 Moving unit 4 Blunt Infantry to zone(-1, 0) in space (2, -3) tick=1
2026/09/30 21:20:38 Moving unit 6 Blunt Infantry to zone(-1, 0) in space (1, 1) tick=1
2026/09/30 21:20:38 Moving unit 8 Blunt Infantry to zone(1, 0) in space (-1, -3) tick=1
2026/09/30 21:20:38 Moving unit 10 Blunt Infantry to zone(1, 0) in space (-1, -3) tick=1
2026/09/30 21:20:38 Moving unit 16 Blunt Infantry to zone(1, 0) in space (-1, -3) tick=1
2026/09/30 21:20:38 Moving unit 28 Heavy Infantry to zone(1, -1) in space (-3, 1) tick=1
2026/09/30 21:20:38 Moving unit 7 Blunt Infantry to zone(1, 0) in space (-1, -3) tick=1
2026/09/30 21:20:38 Moving unit 15 Blunt Infantry to zone(1, 0) in space (-1, -3) tick=1
2026/09/30 21:20:38 Moving unit 19 Piercing Infantry to zone(1, -1) in space (-1, -2) tick=1
2026/09/30 21:20:38 Moving unit 12 Blunt Infantry to zone(1, 0) in space (-1, -3) tick=1
2026/09/30 21:20:38 Moving unit 27 Heavy Infantry to zone(1, -1) in space (-3, 1) tick=1
2026/09/30 21:20:38 Moving unit 30 Heavy Infantry to zone(1, -1) in space (-3, 1) tick=1
2026/09/30 21:20:38 Moving unit 1 Blunt Infantry to zone(1, 0) in space (-1, -3) tick=1
2026/09/30 21:20:38 Moving unit 2 Blunt Infantry to zone(0, 0) in space (-1, 0) tick=1
2026/09/30 21:20:38 Moving unit 11 Blunt Infantry to zone(1, 0) in space (-1, -3) tick=1
2026/09/30 21:20:38 Moving unit 13 Blunt Infantry to zone(1, 0) in space (-1, -3) tick=1
2026/09/30 21:20:38 Moving unit 18 Piercing Infantry to zone(1, -1) in space (-1, -2) tick=1
2026/09/30 21:20:38 Moving unit 29 Heavy Infantry to zone(1, -1) in space (-3, 1) tick=1
2026/09/30 21:20:38 Moving unit 14 Blunt Infantry to zone(1, 0) in space (-1, -3) tick=1
2026/09/30 21:20:38 Moving unit 17 Piercing Infantry to zone(1, -1) in space (-1, -2) tick=1
2026/09/30 21:20:38 Moving unit 21 Piercing Infantry to zone(1, -1) in space (-1, -2) tick=1
2026/09/30 21:20:38 Moving unit 24 Piercing Infantry to zone(1, -1) in space (-1, -2) tick=1
2026/09/30 21:20:38 Moving unit 25 Heavy Infantry to zone(1, -1) in space (-3, 1) tick=1
2026/09/30 21:20:38 Moving unit 26 Heavy Infantry to zone(1, -1) in space (-3, 1) tick=1
2026/09/30 21:20:38 Moving unit 31 Blunt Infantry to zone(0, 1) in space (-4, 2) tick=1
2026/09/30 21:20:38 state_hash turn=6 tick=1 hash=d131d4994ee09618
2026/09/30 21:20:38 Moving unit 21 Piercing Infantry to zone(-1, 1) in space (0, -3) tick=2
2026/09/30 21:20:38 Moving unit 24 Piercing Infantry to zone(-1, 1) in space (0, -3) tick=2
2026/09/30 21:20:38 Moving unit 25 Heavy Infantry to zone(-1, 1) in space (-2, 0) tick=2
2026/09/30 21:20:38 Moving unit 26 Heavy Infantry to zone(-1, 1) in space (-2, 0) tick=2
2026/09/30 21:20:38 Moving unit 23 Piercing Infantry to zone(-1, 1) in space (0, -3) tick=2
2026/09/30 21:20:38 Moving unit 3 Blunt Infantry to zone(-1, 0) in space (1, -3) tick=2
2026/09/30 21:20:38 Moving unit 9 Blunt Infantry to zone(-1, 0) in space (0, -3) tick=2
2026/09/30 21:20:38 Moving unit 20 Piercing Infantry to zone(-1, 1) in space (0, -3) tick=2
2026/09/30 21:20:38 Moving unit 22 Piercing Infantry to zone(-1, 1) in space (0, -3) tick=2
2026/09/30 21:20:38 Moving unit 4 Blunt Infantry to zone(0, 0) in space (2, -3) tick=2
2026/09/30 21:20:38 Moving unit 6 Blunt Infantry to zone(1, 0) in space (0, 1) tick=2
2026/09/30 21:20:38 Moving unit 8 Blunt Infantry to zone(-1, 0) in space (0, -3) tick=2
2026/09/30 21:20:38 Moving unit 10 Blunt Infantry to zone(-1, 0) in space (0, -3) tick=2
2026/09/30 21:20:38 Moving unit 16 Blunt Infantry to zone(-1, 0) in space (0, -3) tick=2
2026/09/30 21:20:38 Moving unit 28 Heavy Infantry to zone(-1, 1) in space (-2, 0) tick=2
2026/09/30 21:20:38 Moving unit 7 Blunt Infantry to zone(-1, 0) in space (0, -3) tick=2
2026/09/30 21:20:38 Moving unit 15 Blunt Infantry to zone(-1, 0) in space (0, -3) tick=2
2026/09/30 21:20:38 Moving unit 19 Piercing Infantry to zone(-1, 1) in space (0, -3) tick=2
2026/09/30 21:20:38 Moving unit 12 Blunt Infantry to zone(-1, 0) in space (0, -3) tick=2
2026/09/30 21:20:38 Moving unit 27 Heavy Infantry to zone(-1, 1) in space (-2, 0) tick=2
2026/09/30 21:20:38 Moving unit 30 Heavy Infantry to zone(-1, 1) in space (-2, 0) tick=2
2026/09/30 21:20:38 Moving unit 1 Blunt Infantry to zone(-1, 0) in space (0, -3) tick=2
2026/09/30 21:20:38 Moving unit 2 Blunt Infantry to zone(1, -1) in space (-1, 0) tick=2
2026/09/30 21:20:38 Moving unit 11 Blunt Infantry to zone(-1, 0) in space (0, -3) tick=2
2026/09/30 21:20:38 Moving unit 13 Blunt Infantry to zone(-1, 0) in space (0, -3) tick=2
2026/09/30 21:20:38 Moving unit 18 Piercing Infantry to zone(-1, 1) in space (0, -3) tick=2
2026/09/30 21:20:38 Moving unit 29 Heavy Infantry to zone(-1, 1) in space (-2, 0) tick=2
2026/09/30 21:20:38 Moving unit 14 Blunt Infantry to zone(-1, 0) in space (0, -3) tick=2
2026/09/30 21:20:38 Moving unit 17 Piercing Infantry to zone(-1, 1) in space (0, -3) tick=2
2026/09/30 21:20:38 Moving unit 31 Blunt Infantry to zone(0, -1) in space (-4, 3) tick=2
2026/09/30 21:20:38 Moving unit 32 Blunt Infantry to zone(-1, 0) in space (2, -3) tick=2
2026/09/30 21:20:38 Moving unit 36 Blunt Infantry to zone(-1, 0) in space (2, -3) tick=2
2026/09/30 21:20:38 Moving unit 44 Blunt Infantry to zone(-1, 0) in space (2, -3) tick=2
2026/09/30 21:20:38 Moving unit 47 Piercing Infantry to zone(-1, 0) in space (2, -3) tick=2
2026/09/30 21:20:38 Moving unit 55 Heavy Infantry to zone(-1, 0) in space (2, -3) tick=2
2026/09/30 21:20:38 Moving unit 58 Heavy Infantry to zone(-1, 0) in space (2, -3) tick=2
2026/09/30 21:20:38 Moving unit 57 Heavy Infantry to zone(-1, 0) in space (2, -3) tick=2
2026/09/30 21:20:38 Moving unit 35 Blunt Infantry to zone(-1, 0) in space (2, -3) tick=2
2026/09/30 21:20:38 Moving unit 37 Blunt Infantry to zone(-1, 0) in space (2, -3) tick=2
2026/09/30 21:20:38 Moving unit 39 Blunt Infantry to zone(-1, 0) in space (2, -3) tick=2
2026/09/30 21:20:38 Moving unit 46 Blunt Infantry to zone(-1, 0) in space (2, -3) tick=2
2026/09/30 21:20:38 Moving unit 40 Blunt Infantry to zone(-1, 0) in space (2, -3) tick=2
2026/09/30 21:20:38 Moving unit 53 Piercing Infantry to zone(-1, 0) in space (2, -3) tick=2
2026/09/30 21:20:38 Moving unit 60 Heavy Infantry to zone(-1, 0) in space (2, -3) tick=2
2026/09/30 21:20:38 Moving unit 38 Blunt Infantry to zone(-1, 0) in space (2, -3) tick=2
2026/09/30 21:20:38 Moving unit 41 Blunt Infantry to zone(-1, 0) in space (2, -3) tick=2
2026/09/30 21:20:38 Moving unit 48 Piercing Infantry to zone(-1, 0) in space (2, -3) tick=2
2026/09/30 21:20:38 Moving unit 59 Heavy Infantry to zone(-1, 0) in space (2, -3) tick=2
2026/09/30 21:20:38 Moving unit 56 Heavy Infantry to zone(-1, 0) in space (2, -3) tick=2
2026/09/30 21:20:38 Moving unit 34 Blunt Infantry to zone(-1, 0) in space (2, -3) tick=2
2026/09/30 21:20:38 Moving unit 43 Blunt Infantry to zone(-1, 0) in space (2, -3) tick=2
2026/09/30 21:20:38 Moving unit 51 Piercing Infantry to zone(-1, 0) in space (2, -3) tick=2
2026/09/30 21:20:38 Moving unit 52 Piercing Infantry to zone(-1, 0) in space (2, -3) tick=2
2026/09/30 21:20:38 Moving unit 33 Blunt Infantry to zone(-1, 0) in space (2, -3) tick=2
2026/09/30 21:20:38 Moving unit 42 Blunt Infantry to zone(-1, 0) in space (2, -3) tick=2
2026/09/30 21:20:38 Moving unit 49 Piercing Infantry to zone(-1, 0) in space (2, -3) tick=2
2026/09/30 21:20:38 Moving unit 50 Piercing Infantry to zone(-1, 0) in space (2, -3) tick=2
2026/09/30 21:20:38 Moving unit 45 Blunt Infantry to zone(-1, 0) in space (2, -3) tick=2
2026/09/30 21:20:38 Moving unit 54 Piercing Infantry to zone(-1, 0) in space (2, -3) tick=2
2026/09/30 21:20:38 state_hash turn=6 tick=2 hash=a2d1c80b74f5db16
2026/09/30 21:20:38 Moving unit 4 Blunt Infantry to zone(-1, 0) in space (2, -3) tick=3
2026/09/30 21:20:38 Moving unit 6 Blunt Infantry to zone(0, 0) in space (0, 1) tick=3
2026/09/30 21:20:38 Moving unit 8 Blunt Infantry to zone(0, 0) in space (0, -3) tick=3
2026/09/30 21:20:38 Moving unit 10 Blunt Infantry to zone(0, 0) in space (0, -3) tick=3
2026/09/30 21:20:38 Moving unit 16 Blunt Infantry to zone(0, 0) in space (0, -3) tick=3
2026/09/30 21:20:38 Moving unit 28 Heavy Infantry to zone(0, 0) in space (-2, 0) tick=3
2026/09/30 21:20:38 Moving unit 7 Blunt Infantry to zone(0, 0) in space (0, -3) tick=3
2026/09/30 21:20:38 Moving unit 15 Blunt Infantry to zone(0, 0) in space (0, -3) tick=3
2026/09/30 21:20:38 Moving unit 19 Piercing Infantry to zone(0, 0) in space (0, -3) tick=3
2026/09/30 21:20:38 Moving unit 12 Blunt Infantry to zone(0, 0) in space (0, -3) tick=3
2026/09/30 21:20:38 Moving unit 27 Heavy Infantry to zone(0, 0) in space (-2, 0) tick=3
2026/09/30 21:20:38 Moving unit 30 Heavy Infantry to zone(0, 0) in space (-2, 0) tick=3
2026/09/30 21:20:38 Moving unit 1 Blunt Infantry to zone(0, 0) in space (0, -3) tick=3
2026/09/30 21:20:38 Moving unit 2 Blunt Infantry to zone(-1, 1) in space (0, -1) tick=3
2026/09/30 21:20:38 Moving unit 11 Blunt Infantry to zone(0, 0) in space (0, -3) tick=3
2026/09/30 21:20:38 Moving unit 13 Blunt Infantry to zone(0, 0) in space (0, -3) tick=3
2026/09/30 21:20:38 Moving unit 18 Piercing Infantry to zone(0, 0) in space (0, -3) tick=3
2026/09/30 21:20:38 Moving unit 29 Heavy Infantry to zone(0, 0) in space (-2, 0) tick=3
2026/09/30 21:20:38 Moving unit 14 Blunt Infantry to zone(0, 0) in space (0, -3) tick=3
2026/09/30 21:20:38 Moving unit 17 Piercing Infantry to zone(0, 0) in space (0, -3) tick=3
2026/09/30 21:20:38 Moving unit 21 Piercing Infantry to zone(0, 0) in space (0, -3) tick=3
2026/09/30 21:20:38 Moving unit 24 Piercing Infantry to zone(0, 0) in space (0, -3) tick=3
2026/09/30 21:20:38 Moving unit 25 Heavy Infantry to zone(0, 0) in space (-2, 0) tick=3
2026/09/30 21:20:38 Moving unit 26 Heavy Infantry to zone(0, 0) in space (-2, 0) tick=3
2026/09/30 21:20:38 Moving unit 23 Piercing Infantry to zone(0, 0) in space (0, -3) tick=3
2026/09/30 21:20:38 Moving unit 3 Blunt Infantry to zone(0, 0) in space (1, -3) tick=3
2026/09/30 21:20:38 Moving unit 9 Blunt Infantry to zone(0, 0) in space (0, -3) tick=3
2026/09/30 21:20:38 Moving unit 20 Piercing Infantry to zone(0, 0) in space (0, -3) tick=3
2026/09/30 21:20:38 Moving unit 22 Piercing Infantry to zone(0, 0) in space (0, -3) tick=3
2026/09/30 21:20:38 Moving unit 56 Heavy Infantry to zone(0, 0) in space (2, -3) tick=3
2026/09/30 21:20:38 Moving unit 34 Blunt Infantry to zone(0, 0) in space (2, -3) tick=3
2026/09/30 21:20:38 Moving unit 43 Blunt Infantry to zone(0, 0) in space (2, -3) tick=3
2026/09/30 21:20:38 Moving unit 51 Piercing Infantry to zone(0, 0) in space (2, -3) tick=3
2026/09/30 21:20:38 Moving unit 52 Piercing Infantry to zone(0, 0) in space (2, -3) tick=3
2026/09/30 21:20:38 Moving unit 33 Blunt Infantry to zone(0, 0) in space (2, -3) tick=3
2026/09/30 21:20:38 Moving unit 42 Blunt Infantry to zone(0, 0) in space (2, -3) tick=3
2026/09/30 21:20:38 Moving unit 49 Piercing Infantry to zone(0, 0) in space (2, -3) tick=3
2026/09/30 21:20:38 Moving unit 50 Piercing Infantry to zone(0, 0) in space (2, -3) tick=3
2026/09/30 21:20:38 Moving unit 45 Blunt Infantry to zone(0, 0) in space (2, -3) tick=3
2026/09/30 21:20:38 Moving unit 54 Piercing Infantry to zone(0, 0) in space (2, -3) tick=3
2026/09/30 21:20:38 Moving unit 31 Blunt Infantry to zone(0, 0) in space (-4, 3) tick=3
2026/09/30 21:20:38 Moving unit 32 Blunt Infantry to zone(0, 0) in space (2, -3) tick=3
2026/09/30 21:20:38 Moving unit 36 Blunt Infantry to zone(0, 0) in space (2, -3) tick=3
2026/09/30 21:20:38 Moving unit 44 Blunt Infantry to zone(0, 0) in space (2, -3) tick=3
2026/09/30 21:20:38 Moving unit 47 Piercing Infantry to zone(0, 0) in space (2, -3) tick=3
2026/09/30 21:20:38 Moving unit 55 Heavy Infantry to zone(0, 0) in space (2, -3) tick=3
2026/09/30 21:20:38 Moving unit 58 Heavy Infantry to zone(0, 0) in space (2, -3) tick=3
2026/09/30 21:20:38 Moving unit 57 Heavy Infantry to zone(0, 0) in space (2, -3) tick=3
2026/09/30 21:20:38 Moving unit 35 Blunt Infantry to zone(0, 0) in space (2, -3) tick=3
2026/09/30 21:20:38 Moving unit 37 Blunt Infantry to zone(0, 0) in space (2, -3) tick=3
2026/09/30 21:20:38 Moving unit 39 Blunt Infantry to zone(0, 0) in space (2, -3) tick=3
2026/09/30 21:20:38 Moving unit 46 Blunt Infantry to zone(0, 0) in space (2, -3) tick=3
2026/09/30 21:20:38 Moving unit 40 Blunt Infantry to zone(0, 0) in space (2, -3) tick=3
2026/09/30 21:20:38 Moving unit 53 Piercing Infantry to zone(0, 0) in space (2, -3) tick=3
2026/09/30 21:20:38 Moving unit 60 Heavy Infantry to zone(0, 0) in space (2, -3) tick=3
2026/09/30 21:20:38 Moving unit 38 Blunt Infantry to zone(0, 0) in space (2, -3) tick=3
2026/09/30 21:20:38 Moving unit 41 Blunt Infantry to zone(0, 0) in space (2, -3) tick=3
2026/09/30 21:20:38 Moving unit 48 Piercing Infantry to zone(0, 0) in space (2, -3) tick=3
2026/09/30 21:20:38 Moving unit 59 Heavy Infantry to zone(0, 0) in space (2, -3) tick=3
2026/09/30 21:20:38 state_hash turn=6 tick=3 hash=413c7b5eb1660f50
2026/09/30 21:20:38 Moving unit 23 Piercing Infantry to zone(1, 0) in space (0, -3) tick=4
2026/09/30 21:20:38 Moving unit 3 Blunt Infantry to zone(1, 0) in space (1, -3) tick=4
2026/09/30 21:20:38 Moving unit 9 Blunt Infantry to zone(1, 0) in space (0, -3) tick=4
2026/09/30 21:20:38 Moving unit 20 Piercing Infantry to zone(1, 0) in space (0, -3) tick=4
2026/09/30 21:20:38 Moving unit 22 Piercing Infantry to zone(1, 0) in space (0, -3) tick=4
2026/09/30 21:20:38 Moving unit 4 Blunt Infantry to zone(0, 0) in space (2, -3) tick=4
2026/09/30 21:20:38 Moving unit 6 Blunt Infantry to zone(-1, 0) in space (0, 1) tick=4
2026/09/30 21:20:38 Moving unit 8 Blunt Infantry to zone(1, 0) in space (0, -3) tick=4
2026/09/30 21:20:38 Moving unit 10 Blunt Infantry to zone(1, 0) in space (0, -3) tick=4
2026/09/30 21:20:38 Moving unit 16 Blunt Infantry to zone(1, 0) in space (0, -3) tick=4
2026/09/30 21:20:38 Moving unit 7 Blunt Infantry to zone(1, 0) in space (0, -3) tick=4
2026/09/30 21:20:38 Moving unit 15 Blunt Infantry to zone(1, 0) in space (0, -3) tick=4
2026/09/30 21:20:38 Moving unit 19 Piercing Infantry to zone(1, 0) in space (0, -3) tick=4
2026/09/30 21:20:38 Moving unit 12 Blunt Infantry to zone(1, 0) in space (0, -3) tick=4
2026/09/30 21:20:38 Moving unit 1 Blunt Infantry to zone(1, 0) in space (0, -3) tick=4
2026/09/30 21:20:38 Moving unit 2 Blunt Infantry to zone(0, 0) in space (0, -1) tick=4
2026/09/30 21:20:38 Moving unit 11 Blunt Infantry to zone(1, 0) in space (0, -3) tick=4
2026/09/30 21:20:38 Moving unit 13 Blunt Infantry to zone(1, 0) in space (0, -3) tick=4
2026/09/30 21:20:38 Moving unit 18 Piercing Infantry to zone(1, 0) in space (0, -3) tick=4
2026/09/30 21:20:38 Moving unit 14 Blunt Infantry to zone(1, 0) in space (0, -3) tick=4
2026/09/30 21:20:38 Moving unit 17 Piercing Infantry to zone(1, 0) in space (0, -3) tick=4
2026/09/30 21:20:38 Moving unit 21 Piercing Infantry to zone(1, 0) in space (0, -3) tick=4
2026/09/30 21:20:38 Moving unit 24 Piercing Infantry to zone(1, 0) in space (0, -3) tick=4
2026/09/30 21:20:38 Moving unit 57 Heavy Infantry to zone(-1, 0) in space (2, -3) tick=4
2026/09/30 21:20:38 Moving unit 35 Blunt Infantry to zone(-1, 0) in space (2, -3) tick=4
2026/09/30 21:20:38 Moving unit 37 Blunt Infantry to zone(-1, 0) in space (2, -3) tick=4
2026/09/30 21:20:38 Moving unit 39 Blunt Infantry to zone(-1, 0) in space (2, -3) tick=4
2026/09/30 21:20:38 Moving unit 46 Blunt Infantry to zone(-1, 0) in space (2, -3) tick=4
2026/09/30 21:20:38 Moving unit 40 Blunt Infantry to zone(-1, 0) in space (2, -3) tick=4
2026/09/30 21:20:38 Moving unit 53 Piercing Infantry to zone(-1, 0) in space (2, -3) tick=4
2026/09/30 21:20:38 Moving unit 60 Heavy Infantry to zone(-1, 0) in space (2, -3) tick=4
2026/09/30 21:20:38 Moving unit 38 Blunt Infantry to zone(-1, 0) in space (2, -3) tick=4
2026/09/30 21:20:38 Moving unit 41 Blunt Infantry to zone(-1, 0) in space (2, -3) tick=4
2026/09/30 21:20:38 Moving unit 48 Piercing Infantry to zone(-1, 0) in space (2, -3) tick=4
2026/09/30 21:20:38 Moving unit 59 Heavy Infantry to zone(-1, 0) in space (2, -3) tick=4
2026/09/30 21:20:38 Moving unit 56 Heavy Infantry to zone(-1, 0) in space (2, -3) tick=4
2026/09/30 21:20:38 Moving unit 34 Blunt Infantry to zone(-1, 0) in space (2, -3) tick=4
2026/09/30 21:20:38 Moving unit 43 Blunt Infantry to zone(-1, 0) in space (2, -3) tick=4
2026/09/30 21:20:38 Moving unit 51 Piercing Infantry to zone(-1, 0) in space (2, -3) tick=4
2026/09/30 21:20:38 Moving unit 52 Piercing Infantry to zone(-1, 0) in space (2, -3) tick=4
2026/09/30 21:20:38 Moving unit 33 Blunt Infantry to zone(-1, 0) in space (2, -3) tick=4
2026/09/30 21:20:38 Moving unit 42 Blunt Infantry to zone(-1, 0) in space (2, -3) tick=4
2026/09/30 21:20:38 Moving unit 49 Piercing Infantry to zone(-1, 0) in space (2, -3) tick=4
2026/09/30 21:20:38 Moving unit 50 Piercing Infantry to zone(-1, 0) in space (2, -3) tick=4
2026/09/30 21:20:38 Moving unit 45 Blunt Infantry to zone(-1, 0) in space (2, -3) tick=4
2026/09/30 21:20:38 Moving unit 54 Piercing Infantry to zone(-1, 0) in space (2, -3) tick=4
2026/09/30 21:20:38 Moving unit 31 Blunt Infantry to zone(0, 1) in space (-4, 3) tick=4
2026/09/30 21:20:38 Moving unit 32 Blunt Infantry to zone(-1, 0) in space (2, -3) tick=4
2026/09/30 21:20:38 Moving unit 36 Blunt Infantry to zone(-1, 0) in space (2, -3) tick=4
2026/09/30 21:20:38 Moving unit 44 Blunt Infantry to zone(-1, 0) in space (2, -3) tick=4
2026/09/30 21:20:38 Moving unit 47 Piercing Infantry to zone(-1, 0) in space (2, -3) tick=4
2026/09/30 21:20:38 Moving unit 55 Heavy Infantry to zone(-1, 0) in space (2, -3) tick=4
2026/09/30 21:20:38 Moving unit 58 Heavy Infantry to zone(-1, 0) in space (2, -3) tick=4
2026/09/30 21:20:38 state_hash turn=6 tick=4 hash=16bc8d3a8e885fec
2026/09/30 21:20:38 Moving unit 3 Blunt Infantry to zone(-1, 0) in space (2, -3) tick=5
2026/09/30 21:20:38 Moving unit 9 Blunt Infantry to zone(-1, 0) in space (1, -3) tick=5
2026/09/30 21:20:38 Moving unit 4 Blunt Infantry to zone(-1, 0) in space (2, -3) tick=5
2026/09/30 21:20:38 Moving unit 6 Blunt Infantry to zone(1, 0) in space (-1, 1) tick=5
2026/09/30 21:20:38 Moving unit 8 Blunt Infantry to zone(-1, 0) in space (1, -3) tick=5
2026/09/30 21:20:38 Moving unit 10 Blunt Infantry to zone(-1, 0) in space (1, -3) tick=5
2026/09/30 21:20:38 Moving unit 16 Blunt Infantry to zone(-1, 0) in space (1, -3) tick=5
2026/09/30 21:20:38 Moving unit 7 Blunt Infantry to zone(-1, 0) in space (1, -3) tick=5
2026/09/30 21:20:38 Moving unit 15 Blunt Infantry to zone(-1, 0) in space (1, -3) tick=5
2026/09/30 21:20:38 Moving unit 12 Blunt Infantry to zone(-1, 0) in space (1, -3) tick=5
2026/09/30 21:20:38 Moving unit 1 Blunt Infantry to zone(-1, 0) in space (1, -3) tick=5
2026/09/30 21:20:38 Moving unit 2 Blunt Infantry to zone(1, -1) in space (0, -1) tick=5
2026/09/30 21:20:38 Moving unit 11 Blunt Infantry to zone(-1, 0) in space (1, -3) tick=5
2026/09/30 21:20:38 Moving unit 13 Blunt Infantry to zone(-1, 0) in space (1, -3) tick=5
2026/09/30 21:20:38 Moving unit 14 Blunt Infantry to zone(-1, 0) in space (1, -3) tick=5
2026/09/30 21:20:38 Moving unit 50 Piercing Infantry to zone(0, 0) in space (2, -3) tick=5
2026/09/30 21:20:38 Moving unit 45 Blunt Infantry to zone(0, 0) in space (2, -3) tick=5
2026/09/30 21:20:38 Moving unit 54 Piercing Infantry to zone(0, 0) in space (2, -3) tick=5
2026/09/30 21:20:38 Moving unit 31 Blunt Infantry to zone(0, -1) in space (-4, 4) tick=5
2026/09/30 21:20:38 Moving unit 32 Blunt Infantry to zone(0, 0) in space (2, -3) tick=5
2026/09/30 21:20:38 Moving unit 36 Blunt Infantry to zone(0, 0) in space (2, -3) tick=5
2026/09/30 21:20:38 Moving unit 44 Blunt Infantry to zone(0, 0) in space (2, -3) tick=5
2026/09/30 21:20:38 Moving unit 47 Piercing Infantry to zone(0, 0) in space (2, -3) tick=5
2026/09/30 21:20:38 Moving unit 55 Heavy Infantry to zone(0, 0) in space (2, -3) tick=5
2026/09/30 21:20:38 Moving unit 58 Heavy Infantry to zone(0, 0) in space (2, -3) tick=5
2026/09/30 21:20:38 Moving unit 57 Heavy Infantry to zone(0, 0) in space (2, -3) tick=5
2026/09/30 21:20:38 Moving unit 35 Blunt Infantry to zone(0, 0) in space (2, -3) tick=5
2026/09/30 21:20:38 Moving unit 37 Blunt Infantry to zone(0, 0) in space (2, -3) tick=5
2026/09/30 21:20:38 Moving unit 39 Blunt Infantry to zone(0, 0) in space (2, -3) tick=5
2026/09/30 21:20:38 Moving unit 46 Blunt Infantry to zone(0, 0) in space (2, -3) tick=5
2026/09/30 21:20:38 Moving unit 40 Blunt Infantry to zone(0, 0) in space (2, -3) tick=5
2026/09/30 21:20:38 Moving unit 53 Piercing Infantry to zone(0, 0) in space (2, -3) tick=5
2026/09/30 21:20:38 Moving unit 60 Heavy Infantry to zone(0, 0) in space (2, -3) tick=5
2026/09/30 21:20:38 Moving unit 38 Blunt Infantry to zone(0, 0) in space (2, -3) tick=5
2026/09/30 21:20:38 Moving unit 41 Blunt Infantry to zone(0, 0) in space (2, -3) tick=5
2026/09/30 21:20:38 Moving unit 48 Piercing Infantry to zone(0, 0) in space (2, -3) tick=5
2026/09/30 21:20:38 Moving unit 59 Heavy Infantry to zone(0, 0) in space (2, -3) tick=5
2026/09/30 21:20:38 Moving unit 56 Heavy Infantry to zone(0, 0) in space (2, -3) tick=5
2026/09/30 21:20:38 Moving unit 34 Blunt Infantry to zone(0, 0) in space (2, -3) tick=5
2026/09/30 21:20:38 Moving unit 43 Blunt Infantry to zone(0, 0) in space (2, -3) tick=5
2026/09/30 21:20:38 Moving unit 51 Piercing Infantry to zone(0, 0) in space (2, -3) tick=5
2026/09/30 21:20:38 Moving unit 52 Piercing Infantry to zone(0, 0) in space (2, -3) tick=5
2026/09/30 21:20:38 Moving unit 33 Blunt Infantry to zone(0, 0) in space (2, -3) tick=5
2026/09/30 21:20:38 Moving unit 42 Blunt Infantry to zone(0, 0) in space (2, -3) tick=5
2026/09/30 21:20:38 Moving unit 49 Piercing Infantry to zone(0, 0) in space (2, -3) tick=5
2026/09/30 21:20:38 state_hash turn=6 tick=5 hash=b3b1ce2319abedd7
2026/09/30 21:20:38 Moving unit 11 Blunt Infantry to zone(0, 0) in space (1, -3) tick=6
2026/09/30 21:20:38 Moving unit 13 Blunt Infantry to zone(0, 0) in space (1, -3) tick=6
2026/09/30 21:20:38 Moving unit 14 Blunt Infantry to zone(0, 0) in space (1, -3) tick=6
2026/09/30 21:20:38 Moving unit 3 Blunt Infantry to zone(0, 0) in space (2, -3) tick=6
2026/09/30 21:20:38 Moving unit 9 Blunt Infantry to zone(0, 0) in space (1, -3) tick=6
2026/09/30 21:20:38 Moving unit 4 Blunt Infantry to zone(0, 0) in space (2, -3) tick=6
2026/09/30 21:20:38 Moving unit 6 Blunt Infantry to zone(0, 0) in space (-1, 1) tick=6
2026/09/30 21:20:38 Moving unit 8 Blunt Infantry to zone(0, 0) in space (1, -3) tick=6
2026/09/30 21:20:38 Moving unit 10 Blunt Infantry to zone(0, 0) in space (1, -3) tick=6
2026/09/30 21:20:38 Moving unit 16 Blunt Infantry to zone(0, 0) in space (1, -3) tick=6
2026/09/30 21:20:38 Moving unit 7 Blunt Infantry to zone(0, 0) in space (1, -3) tick=6
2026/09/30 21:20:38 Moving unit 15 Blunt Infantry to zone(0, 0) in space (1, -3) tick=6
2026/09/30 21:20:38 Moving unit 12 Blunt Infantry to zone(0, 0) in space (1, -3) tick=6
2026/09/30 21:20:38 Moving unit 1 Blunt Infantry to zone(0, 0) in space (1, -3) tick=6
2026/09/30 21:20:38 Moving unit 56 Heavy Infantry to zone(-1, 0) in space (2, -3) tick=6
2026/09/30 21:20:38 Moving unit 34 Blunt Infantry to zone(-1, 0) in space (2, -3) tick=6
2026/09/30 21:20:38 Moving unit 43 Blunt Infantry to zone(-1, 0) in space (2, -3) tick=6
2026/09/30 21:20:38 Moving unit 51 Piercing Infantry to zone(-1, 0) in space (2, -3) tick=6
2026/09/30 21:20:38 Moving unit 52 Piercing Infantry to zone(-1, 0) in space (2, -3) tick=6
2026/09/30 21:20:38 Moving unit 33 Blunt Infantry to zone(-1, 0) in space (2, -3) tick=6
2026/09/30 21:20:38 Moving unit 42 Blunt Infantry to zone(-1, 0) in space (2, -3) tick=6
2026/09/30 21:20:38 Moving unit 49 Piercing Infantry to zone(-1, 0) in space (2, -3) tick=6
2026/09/30 21:20:38 Moving unit 50 Piercing Infantry to zone(-1, 0) in space (2, -3) tick=6
2026/09/30 21:20:38 Moving unit 45 Blunt Infantry to zone(-1, 0) in space (2, -3) tick=6
2026/09/30 21:20:38 Moving unit 54 Piercing Infantry to zone(-1, 0) in space (2, -3) tick=6
2026/09/30 21:20:38 Moving unit 31 Blunt Infantry to zone(0, 0) in space (-4, 4) tick=6
2026/09/30 21:20:38 Moving unit 32 Blunt Infantry to zone(-1, 0) in space (2, -3) tick=6
2026/09/30 21:20:38 Moving unit 36 Blunt Infantry to zone(-1, 0) in space (2, -3) tick=6
2026/09/30 21:20:38 Moving unit 44 Blunt Infantry to zone(-1, 0) in space (2, -3) tick=6
2026/09/30 21:20:38 Moving unit 47 Piercing Infantry to zone(-1, 0) in space (2, -3) tick=6
2026/09/30 21:20:38 Moving unit 55 Heavy Infantry to zone(-1, 0) in space (2, -3) tick=6
2026/09/30 21:20:38 Moving unit 58 Heavy Infantry to zone(-1, 0) in space (2, -3) tick=6
2026/09/30 21:20:38 Moving unit 57 Heavy Infantry to zone(-1, 0) in space (2, -3) tick=6
2026/09/30 21:20:38 Moving unit 35 Blunt Infantry to zone(-1, 0) in space (2, -3) tick=6
2026/09/30 21:20:38 Moving unit 37 Blunt Infantry to zone(-1, 0) in space (2, -3) tick=6
2026/09/30 21:20:38 Moving unit 39 Blunt Infantry to zone(-1, 0) in space (2, -3) tick=6
2026/09/30 21:20:38 Moving unit 46 Blunt Infantry to zone(-1, 0) in space (2, -3) tick=6
2026/09/30 21:20:38 Moving unit 40 Blunt Infantry to zone(-1, 0) in space (2, -3) tick=6
2026/09/30 21:20:38 Moving unit 53 Piercing Infantry to zone(-1, 0) in space (2, -3) tick=6
2026/09/30 21:20:38 Moving unit 60 Heavy Infantry to zone(-1, 0) in space (2, -3) tick=6
2026/09/30 21:20:38 Moving unit 38 Blunt Infantry to zone(-1, 0) in space (2, -3) tick=6
2026/09/30 21:20:38 Moving unit 41 Blunt Infantry to zone(-1, 0) in space (2, -3) tick=6
2026/09/30 21:20:38 Moving unit 48 Piercing Infantry to zone(-1, 0) in space (2, -3) tick=6
2026/09/30 21:20:38 Moving unit 59 Heavy Infantry to zone(-1, 0) in space (2, -3) tick=6
2026/09/30 21:20:38 state_hash turn=6 tick=6 hash=a9fb439e70d4fc27
2026/09/30 21:20:38 Moving unit 3 Blunt Infantry to zone(-1, 0) in space (2, -3) tick=7
2026/09/30 21:20:38 Moving unit 9 Blunt Infantry to zone(1, 0) in space (1, -3) tick=7
2026/09/30 21:20:38 Moving unit 4 Blunt Infantry to zone(-1, 0) in space (2, -3) tick=7
2026/09/30 21:20:38 Moving unit 6 Blunt Infantry to zone(0, -1) in space (-1, 1) tick=7
2026/09/30 21:20:38 Moving unit 8 Blunt Infantry to zone(1, 0) in space (1, -3) tick=7
2026/09/30 21:20:38 Moving unit 10 Blunt Infantry to zone(1, 0) in space (1, -3) tick=7
2026/09/30 21:20:38 Moving unit 16 Blunt Infantry to zone(1, 0) in space (1, -3) tick=7
2026/09/30 21:20:38 Moving unit 7 Blunt Infantry to zone(1, 0) in space (1, -3) tick=7
2026/09/30 21:20:38 Moving unit 15 Blunt Infantry to zone(1, 0) in space (1, -3) tick=7
2026/09/30 21:20:38 Moving unit 12 Blunt Infantry to zone(1, 0) in space (1, -3) tick=7
2026/09/30 21:20:38 Moving unit 1 Blunt Infantry to zone(1, 0) in space (1, -3) tick=7
2026/09/30 21:20:38 Moving unit 11 Blunt Infantry to zone(1, 0) in space (1, -3) tick=7
2026/09/30 21:20:38 Moving unit 13 Blunt Infantry to zone(1, 0) in space (1, -3) tick=7
2026/09/30 21:20:38 Moving unit 14 Blunt Infantry to zone(1, 0) in space (1, -3) tick=7
2026/09/30 21:20:38 Moving unit 34 Blunt Infantry to zone(0, 0) in space (2, -3) tick=7
2026/09/30 21:20:38 Moving unit 43 Blunt Infantry to zone(0, 0) in space (2, -3) tick=7
2026/09/30 21:20:38 Moving unit 51 Piercing Infantry to zone(0, 0) in space (2, -3) tick=7
2026/09/30 21:20:38 Moving unit 52 Piercing Infantry to zone(0, 0) in space (2, -3) tick=7
2026/09/30 21:20:38 Moving unit 33 Blunt Infantry to zone(0, 0) in space (2, -3) tick=7
2026/09/30 21:20:38 Moving unit 42 Blunt Infantry to zone(0, 0) in space (2, -3) tick=7
2026/09/30 21:20:38 Moving unit 49 Piercing Infantry to zone(0, 0) in space (2, -3) tick=7
2026/09/30 21:20:38 Moving unit 50 Piercing Infantry to zone(0, 0) in space (2, -3) tick=7
2026/09/30 21:20:38 Moving unit 45 Blunt Infantry to zone(0, 0) in space (2, -3) tick=7
2026/09/30 21:20:38 Moving unit 54 Piercing Infantry to zone(0, 0) in space (2, -3) tick=7
2026/09/30 21:20:38 Moving unit 32 Blunt Infantry to zone(0, 0) in space (2, -3) tick=7
2026/09/30 21:20:38 Moving unit 36 Blunt Infantry to zone(0, 0) in space (2, -3) tick=7
2026/09/30 21:20:38 Moving unit 44 Blunt Infantry to zone(0, 0) in space (2, -3) tick=7
2026/09/30 21:20:38 Moving unit 47 Piercing Infantry to zone(0, 0) in space (2, -3) tick=7
2026/09/30 21:20:38 Moving unit 55 Heavy Infantry to zone(0, 0) in space (2, -3) tick=7
2026/09/30 21:20:38 Moving unit 58 Heavy Infantry to zone(0, 0) in space (2, -3) tick=7
2026/09/30 21:20:38 Moving unit 57 Heavy Infantry to zone(0, 0) in space (2, -3) tick=7
2026/09/30 21:20:38 Moving unit 35 Blunt Infantry to zone(0, 0) in space (2, -3) tick=7
2026/09/30 21:20:38 Moving unit 37 Blunt Infantry to zone(0, 0) in space (2, -3) tick=7
2026/09/30 21:20:38 Moving unit 39 Blunt Infantry to zone(0, 0) in space (2, -3) tick=7
2026/09/30 21:20:38 Moving unit 46 Blunt Infantry to zone(0, 0) in space (2, -3) tick=7
2026/09/30 21:20:38 Moving unit 40 Blunt Infantry to zone(0, 0) in space (2, -3) tick=7
2026/09/30 21:20:38 Moving unit 53 Piercing Infantry to zone(0, 0) in space (2, -3) tick=7
2026/09/30 21:20:38 Moving unit 60 Heavy Infantry to zone(0, 0) in space (2, -3) tick=7
2026/09/30 21:20:38 Moving unit 38 Blunt Infantry to zone(0, 0) in space (2, -3) tick=7
2026/09/30 21:20:38 Moving unit 41 Blunt Infantry to zone(0, 0) in space (2, -3) tick=7
2026/09/30 21:20:38 Moving unit 48 Piercing Infantry to zone(0, 0) in space (2, -3) tick=7
2026/09/30 21:20:38 Moving unit 59 Heavy Infantry to zone(0, 0) in space (2, -3) tick=7
2026/09/30 21:20:38 Moving unit 56 Heavy Infantry to zone(0, 0) in space (2, -3) tick=7
2026/09/30 21:20:38 state_hash turn=6 tick=7 hash=06f48bad41cd4a59
2026/09/30 21:20:38 Moving unit 3 Blunt Infantry to zone(0, 0) in space (2, -3) tick=8
2026/09/30 21:20:38 Moving unit 4 Blunt Infantry to zone(0, 0) in space (2, -3) tick=8
2026/09/30 21:20:38 Moving unit 32 Blunt Infantry to zone(-1, 0) in space (2, -3) tick=8
2026/09/30 21:20:38 Moving unit 36 Blunt Infantry to zone(-1, 0) in space (2, -3) tick=8
2026/09/30 21:20:38 Moving unit 44 Blunt Infantry to zone(-1, 0) in space (2, -3) tick=8
2026/09/30 21:20:38 Moving unit 47 Piercing Infantry to zone(-1, 0) in space (2, -3) tick=8
2026/09/30 21:20:38 Moving unit 55 Heavy Infantry to zone(-1, 0) in space (2, -3) tick=8
2026/09/30 21:20:38 Moving unit 58 Heavy Infantry to zone(-1, 0) in space (2, -3) tick=8
2026/09/30 21:20:38 Moving unit 57 Heavy Infantry to zone(-1, 0) in space (2, -3) tick=8
2026/09/30 21:20:38 Moving unit 35 Blunt Infantry to zone(-1, 0) in space (2, -3) tick=8
2026/09/30 21:20:38 Moving unit 37 Blunt Infantry to zone(-1, 0) in space (2, -3) tick=8
2026/09/30 21:20:38 Moving unit 39 Blunt Infantry to zone(-1, 0) in space (2, -3) tick=8
2026/09/30 21:20:38 Moving unit 46 Blunt Infantry to zone(-1, 0) in space (2, -3) tick=8
2026/09/30 21:20:38 Moving unit 40 Blunt Infantry to zone(-1, 0) in space (2, -3) tick=8
2026/09/30 21:20:38 Moving unit 53 Piercing Infantry to zone(-1, 0) in space (2, -3) tick=8
2026/09/30 21:20:38 Moving unit 60 Heavy Infantry to zone(-1, 0) in space (2, -3) tick=8
2026/09/30 21:20:38 Moving unit 38 Blunt Infantry to zone(-1, 0) in space (2, -3) tick=8
2026/09/30 21:20:38 Moving unit 41 Blunt Infantry to zone(-1, 0) in space (2, -3) tick=8
2026/09/30 21:20:38 Moving unit 48 Piercing Infantry to zone(-1, 0) in space (2, -3) tick=8
2026/09/30 21:20:38 Moving unit 59 Heavy Infantry to zone(-1, 0) in space (2, -3) tick=8
2026/09/30 21:20:38 Moving unit 56 Heavy Infantry to zone(-1, 0) in space (2, -3) tick=8
2026/09/30 21:20:38 Moving unit 34 Blunt Infantry to zone(-1, 0) in space (2, -3) tick=8
2026/09/30 21:20:38 Moving unit 43 Blunt Infantry to zone(-1, 0) in space (2, -3) tick=8
2026/09/30 21:20:38 Moving unit 51 Piercing Infantry to zone(-1, 0) in space (2, -3) tick=8
2026/09/30 21:20:38 Moving unit 52 Piercing Infantry to zone(-1, 0) in space (2, -3) tick=8
2026/09/30 21:20:38 Moving unit 33 Blunt Infantry to zone(-1, 0) in space (2, -3) tick=8
2026/09/30 21:20:38 Moving unit 42 Blunt Infantry to zone(-1, 0) in space (2, -3) tick=8
2026/09/30 21:20:38 Moving unit 49 Piercing Infantry to zone(-1, 0) in space (2, -3) tick=8
2026/09/30 21:20:38 Moving unit 50 Piercing Infantry to zone(-1, 0) in space (2, -3) tick=8
2026/09/30 21:20:38 Moving unit 45 Blunt Infantry to zone(-1, 0) in space (2, -3) tick=8
2026/09/30 21:20:38 Moving unit 54 Piercing Infantry to zone(-1, 0) in space (2, -3) tick=8
2026/09/30 21:20:38 state_hash turn=6 tick=8 hash=28e24c3fd7e5a45f
2026/09/30 21:20:38 Moving unit 4 Blunt Infantry to zone(-1, 0) in space (2, -3) tick=9
2026/09/30 21:20:38 Moving unit 3 Blunt Infantry to zone(-1, 0) in space (2, -3) tick=9
2026/09/30 21:20:38 Moving unit 40 Blunt Infantry to zone(0, 0) in space (2, -3) tick=9
2026/09/30 21:20:38 Moving unit 53 Piercing Infantry to zone(0, 0) in space (2, -3) tick=9
2026/09/30 21:20:38 Moving unit 60 Heavy Infantry to zone(0, 0) in space (2, -3) tick=9
2026/09/30 21:20:38 Moving unit 38 Blunt Infantry to zone(0, 0) in space (2, -3) tick=9
2026/09/30 21:20:38 Moving unit 41 Blunt Infantry to zone(0, 0) in space (2, -3) tick=9
2026/09/30 21:20:38 Moving unit 48 Piercing Infantry to zone(0, 0) in space (2, -3) tick=9
2026/09/30 21:20:38 Moving unit 59 Heavy Infantry to zone(0, 0) in space (2, -3) tick=9
2026/09/30 21:20:38 Moving unit 56 Heavy Infantry to zone(0, 0) in space (2, -3) tick=9
2026/09/30 21:20:38 Moving unit 34 Blunt Infantry to zone(0, 0) in space (2, -3) tick=9
2026/09/30 21:20:38 Moving unit 43 Blunt Infantry to zone(0, 0) in space (2, -3) tick=9
2026/09/30 21:20:38 Moving unit 51 Piercing Infantry to zone(0, 0) in space (2, -3) tick=9
2026/09/30 21:20:38 Moving unit 52 Piercing Infantry to zone(0, 0) in space (2, -3) tick=9
2026/09/30 21:20:38 Moving unit 33 Blunt Infantry to zone(0, 0) in space (2, -3) tick=9
2026/09/30 21:20:38 Moving unit 42 Blunt Infantry to zone(0, 0) in space (2, -3) tick=9
2026/09/30 21:20:38 Moving unit 49 Piercing Infantry to zone(0, 0) in space (2, -3) tick=9
2026/09/30 21:20:38 Moving unit 50 Piercing Infantry to zone(0, 0) in space (2, -3) tick=9
2026/09/30 21:20:38 Moving unit 45 Blunt Infantry to zone(0, 0) in space (2, -3) tick=9
2026/09/30 21:20:38 Moving unit 54 Piercing Infantry to zone(0, 0) in space (2, -3) tick=9
2026/09/30 21:20:38 Moving unit 32 Blunt Infantry to zone(0, 0) in space (2, -3) tick=9
2026/09/30 21:20:38 Moving unit 36 Blunt Infantry to zone(0, 0) in space (2, -3) tick=9
2026/09/30 21:20:38 Moving unit 44 Blunt Infantry to zone(0, 0) in space (2, -3) tick=9
2026/09/30 21:20:38 Moving unit 47 Piercing Infantry to zone(0, 0) in space (2, -3) tick=9
2026/09/30 21:20:38 Moving unit 55 Heavy Infantry to zone(0, 0) in space (2, -3) tick=9
2026/09/30 21:20:38 Moving unit 58 Heavy Infantry to zone(0, 0) in space (2, -3) tick=9
2026/09/30 21:20:38 Moving unit 57 Heavy Infantry to zone(0, 0) in space (2, -3) tick=9
2026/09/30 21:20:38 Moving unit 35 Blunt Infantry to zone(0, 0) in space (2, -3) tick=9
2026/09/30 21:20:38 Moving unit 37 Blunt Infantry to zone(0, 0) in space (2, -3) tick=9
2026/09/30 21:20:38 Moving unit 39 Blunt Infantry to zone(0, 0) in space (2, -3) tick=9
2026/09/30 21:20:38 Moving unit 46 Blunt Infantry to zone(0, 0) in space (2, -3) tick=9
2026/09/30 21:20:38 state_hash turn=6 tick=9 hash=4c62cbc18edd4e17
2026/09/30 21:20:38 Moving unit 3 Blunt Infantry to zone(0, 0) in space (2, -3) tick=10
2026/09/30 21:20:38 Moving unit 4 Blunt Infantry to zone(0, 0) in space (2, -3) tick=10
2026/09/30 21:20:38 Moving unit 44 Blunt Infantry to zone(-1, 0) in space (2, -3) tick=10
2026/09/30 21:20:38 Moving unit 47 Piercing Infantry to zone(-1, 0) in space (2, -3) tick=10
2026/09/30 21:20:38 Moving unit 35 Blunt Infantry to zone(-1, 0) in space (2, -3) tick=10
2026/09/30 21:20:38 Moving unit 37 Blunt Infantry to zone(-1, 0) in space (2, -3) tick=10
2026/09/30 21:20:38 Moving unit 39 Blunt Infantry to zone(-1, 0) in space (2, -3) tick=10
2026/09/30 21:20:38 Moving unit 46 Blunt Infantry to zone(-1, 0) in space (2, -3) tick=10
2026/09/30 21:20:38 Moving unit 40 Blunt Infantry to zone(-1, 0) in space (2, -3) tick=10
2026/09/30 21:20:38 Moving unit 53 Piercing Infantry to zone(-1, 0) in space (2, -3) tick=10
2026/09/30 21:20:38 Moving unit 38 Blunt Infantry to zone(-1, 0) in space (2, -3) tick=10
2026/09/30 21:20:38 Moving unit 41 Blunt Infantry to zone(-1, 0) in space (2, -3) tick=10
2026/09/30 21:20:38 Moving unit 48 Piercing Infantry to zone(-1, 0) in space (2, -3) tick=10
2026/09/30 21:20:38 Moving unit 34 Blunt Infantry to zone(-1, 0) in space (2, -3) tick=10
2026/09/30 21:20:38 Moving unit 43 Blunt Infantry to zone(-1, 0) in space (2, -3) tick=10
2026/09/30 21:20:38 Moving unit 51 Piercing Infantry to zone(-1, 0) in space (2, -3) tick=10
2026/09/30 21:20:38 Moving unit 52 Piercing Infantry to zone(-1, 0) in space (2, -3) tick=10
2026/09/30 21:20:38 Moving unit 33 Blunt Infantry to zone(-1, 0) in space (2, -3) tick=10
2026/09/30 21:20:38 Moving unit 42 Blunt Infantry to zone(-1, 0) in space (2, -3) tick=10
2026/09/30 21:20:38 Moving unit 49 Piercing Infantry to zone(-1, 0) in space (2, -3) tick=10
2026/09/30 21:20:38 Moving unit 50 Piercing Infantry to zone(-1, 0) in space (2, -3) tick=10
2026/09/30 21:20:38 Moving unit 45 Blunt Infantry to zone(-1, 0) in space (2, -3) tick=10
2026/09/30 21:20:38 Moving unit 54 Piercing Infantry to zone(-1, 0) in space (2, -3) tick=10
2026/09/30 21:20:38 Moving unit 32 Blunt Infantry to zone(-1, 0) in space (2, -3) tick=10
2026/09/30 21:20:38 Moving unit 36 Blunt Infantry to zone(-1, 0) in space (2, -3) tick=10
2026/09/30 21:20:38 state_hash turn=6 tick=10 hash=9db39bcbddaa9035
2026/09/30 21:20:38 combat turn=6 tick=11: 3 u11 (player 0, stamina 3) hits 55 u13 (player 1) for 0.71
2026/09/30 21:20:38 combat turn=6 tick=11: 4 u11 (player 0, stamina 3) hits 55 u13 (player 1) for 0.71
2026/09/30 21:20:38 Moving unit 34 Blunt Infantry to zone(0, 0) in space (2, -3) tick=11
2026/09/30 21:20:38 Moving unit 43 Blunt Infantry to zone(0, 0) in space (2, -3) tick=11
2026/09/30 21:20:38 Moving unit 51 Piercing Infantry to zone(0, 0) in space (2, -3) tick=11
2026/09/30 21:20:38 Moving unit 52 Piercing Infantry to zone(0, 0) in space (2, -3) tick=11
2026/09/30 21:20:38 Moving unit 33 Blunt Infantry to zone(0, 0) in space (2, -3) tick=11
2026/09/30 21:20:38 Moving unit 42 Blunt Infantry to zone(0, 0) in space (2, -3) tick=11
2026/09/30 21:20:38 Moving unit 49 Piercing Infantry to zone(0, 0) in space (2, -3) tick=11
2026/09/30 21:20:38 Moving unit 50 Piercing Infantry to zone(0, 0) in space (2, -3) tick=11
2026/09/30 21:20:38 Moving unit 45 Blunt Infantry to zone(0, 0) in space (2, -3) tick=11
2026/09/30 21:20:38 Moving unit 54 Piercing Infantry to zone(0, 0) in space (2, -3) tick=11
2026/09/30 21:20:38 Moving unit 32 Blunt Infantry to zone(0, 0) in space (2, -3) tick=11
2026/09/30 21:20:38 Moving unit 36 Blunt Infantry to zone(0, 0) in space (2, -3) tick=11
2026/09/30 21:20:38 Moving unit 44 Blunt Infantry to zone(0, 0) in space (2, -3) tick=11
2026/09/30 21:20:38 Moving unit 47 Piercing Infantry to zone(0, 0) in space (2, -3) tick=11
2026/09/30 21:20:38 Moving unit 35 Blunt Infantry to zone(0, 0) in space (2, -3) tick=11
2026/09/30 21:20:38 Moving unit 37 Blunt Infantry to zone(0, 0) in space (2, -3) tick=11
2026/09/30 21:20:38 Moving unit 39 Blunt Infantry to zone(0, 0) in space (2, -3) tick=11
2026/09/30 21:20:38 Moving unit 46 Blunt Infantry to zone(0, 0) in space (2, -3) tick=11
2026/09/30 21:20:38 Moving unit 40 Blunt Infantry to zone(0, 0) in space (2, -3) tick=11
2026/09/30 21:20:38 Moving unit 53 Piercing Infantry to zone(0, 0) in space (2, -3) tick=11
2026/09/30 21:20:38 Moving unit 38 Blunt Infantry to zone(0, 0) in space (2, -3) tick=11
2026/09/30 21:20:38 Moving unit 41 Blunt Infantry to zone(0, 0) in space (2, -3) tick=11
2026/09/30 21:20:38 Moving unit 48 Piercing Infantry to zone(0, 0) in space (2, -3) tick=11
2026/09/30 21:20:38 state_hash turn=6 tick=11 hash=0d94162d5a7a68bc
2026/09/30 21:20:38 combat turn=6 tick=12: 4 u11 (player 0, stamina 1) hits 32 u11 (player 1) for 0.60
2026/09/30 21:20:38 combat turn=6 tick=12: 54 u12 (player 1, stamina 3) hits 3 u11 (player 0) for 2.70
2026/09/30 21:20:38 combat turn=6 tick=12: 32 u11 (player 1, stamina 3) hits 3 u11 (player 0) for 1.80
2026/09/30 21:20:38 combat turn=6 tick=12: 36 u11 (player 1, stamina 3) hits 3 u11 (player 0) for 1.80
2026/09/30 21:20:38 combat turn=6 tick=12: 44 u11 (player 1, stamina 3) hits 3 u11 (player 0) for 1.80
2026/09/30 21:20:38 combat turn=6 tick=12: 47 u12 (player 1, stamina 3) hits 3 u11 (player 0) for 2.70
2026/09/30 21:20:38 combat turn=6 tick=12: 35 u11 (player 1, stamina 3) hits 3 u11 (player 0) for 1.80
2026/09/30 21:20:38 combat turn=6 tick=12: 37 u11 (player 1, stamina 3) hits 3 u11 (player 0) for 1.80
2026/09/30 21:20:38 combat turn=6 tick=12: 39 u11 (player 1, stamina 3) hits 3 u11 (player 0) for 1.80
2026/09/30 21:20:38 combat turn=6 tick=12: 46 u11 (player 1, stamina 3) hits 3 u11 (player 0) for 1.80
2026/09/30 21:20:38 combat turn=6 tick=12: 40 u11 (player 1, stamina 3) hits 3 u11 (player 0) for 1.80
2026/09/30 21:20:38 combat turn=6 tick=12: 53 u12 (player 1, stamina 3) hits 3 u11 (player 0) for 2.70
2026/09/30 21:20:38 combat turn=6 tick=12: 38 u11 (player 1, stamina 3) hits 3 u11 (player 0) for 1.80
2026/09/30 21:20:38 combat turn=6 tick=12: 41 u11 (player 1, stamina 3) hits 3 u11 (player 0) for 1.80
2026/09/30 21:20:38 combat turn=6 tick=12: 48 u12 (player 1, stamina 3) hits 3 u11 (player 0) for 2.70
2026/09/30 21:20:38 combat turn=6 tick=12: 34 u11 (player 1, stamina 3) hits 3 u11 (player 0) for 1.80
2026/09/30 21:20:38 combat turn=6 tick=12: 43 u11 (player 1, stamina 3) hits 3 u11 (player 0) for 1.80
2026/09/30 21:20:38 combat turn=6 tick=12: 51 u12 (player 1, stamina 3) hits 3 u11 (player 0) for 2.70
2026/09/30 21:20:38 combat turn=6 tick=12: 52 u12 (player 1, stamina 3) hits 3 u11 (player 0) for 2.70
2026/09/30 21:20:38 combat turn=6 tick=12: 33 u11 (player 1, stamina 3) hits 3 u11 (player 0) for 1.80
2026/09/30 21:20:38 combat turn=6 tick=12: 42 u11 (player 1, stamina 3) hits 3 u11 (player 0) for 1.80
2026/09/30 21:20:38 combat turn=6 tick=12: 49 u12 (player 1, stamina 3) hits 3 u11 (player 0) for 2.70
2026/09/30 21:20:38 combat turn=6 tick=12: 50 u12 (player 1, stamina 3) hits 3 u11 (player 0) for 2.70
2026/09/30 21:20:38 combat turn=6 tick=12: 45 u11 (player 1, stamina 3) hits 3 u11 (player 0) for 1.80
2026/09/30 21:20:38 state_hash turn=6 tick=12 hash=435f3cee7440722c
2026/09/30 21:20:38 combat turn=6 tick=13: 37 u11 (player 1, stamina 3) hits 4 u11 (player 0) for 1.80
2026/09/30 21:20:38 combat turn=6 tick=13: 39 u11 (player 1, stamina 3) hits 4 u11 (player 0) for 1.80
2026/09/30 21:20:38 combat turn=6 tick=13: 46 u11 (player 1, stamina 3) hits 4 u11 (player 0) for 1.80
2026/09/30 21:20:38 combat turn=6 tick=13: 40 u11 (player 1, stamina 3) hits 4 u11 (player 0) for 1.80
2026/09/30 21:20:38 combat turn=6 tick=13: 38 u11 (player 1, stamina 3) hits 4 u11 (player 0) for 1.80
2026/09/30 21:20:38 combat turn=6 tick=13: 41 u11 (player 1, stamina 3) hits 4 u11 (player 0) for 1.80
2026/09/30 21:20:38 combat turn=6 tick=13: 34 u11 (player 1, stamina 3) hits 4 u11 (player 0) for 1.80
2026/09/30 21:20:38 combat turn=6 tick=13: 43 u11 (player 1, stamina 3) hits 4 u11 (player 0) for 1.80
2026/09/30 21:20:38 combat turn=6 tick=13: 33 u11 (player 1, stamina 3) hits 4 u11 (player 0) for 1.80
2026/09/30 21:20:38 combat turn=6 tick=13: 42 u11 (player 1, stamina 3) hits 4 u11 (player 0) for 1.80
2026/09/30 21:20:38 combat turn=6 tick=13: 45 u11 (player 1, stamina 3) hits 4 u11 (player 0) for 1.80
2026/09/30 21:20:38 combat turn=6 tick=13: 32 u11 (player 1, stamina 3) hits 4 u11 (player 0) for 1.80
2026/09/30 21:20:38 combat turn=6 tick=13: 36 u11 (player 1, stamina 3) hits 4 u11 (player 0) for 1.80
2026/09/30 21:20:38 combat turn=6 tick=13: 44 u11 (player 1, stamina 3) hits 4 u11 (player 0) for 1.80
2026/09/30 21:20:38 combat turn=6 tick=13: 35 u11 (player 1, stamina 3) hits 4 u11 (player 0) for 1.80
2026/09/30 21:20:38 state_hash turn=6 tick=13 hash=1e4ca662032b34fc
2026/09/30 21:20:38 state_hash turn=6 tick=end hash=cceeb8a848d7c439
2026/09/30 21:20:38 ai ai-1: new turn data {"buildings":[],"enemy_buildings":[],"enemy_units":[],"foundations":[],"population":{"current":30,"limit":0},"resources":{"food":200,"gold":26,"stone":100,"wood":200},"spaces":[{"Space":{"X":0,"Y":-4},"Vision":1,"Owner":-1},{"Space":{"X":1,"Y":-4},"Vision":1,"Owner":-1},{"Space":{"X":2,"Y":-4},"Vision":2,"Owner":-1},{"Space":{"X":3,"Y":-4},"Vision":2,"Owner":-1},{"Space":{"X":4,"Y":-4},"Vision":0,"Owner":-1},{"Space":{"X":-1,"Y":-3},"Vision":1,"Owner":0},{"Space":{"X":0,"Y":-3},"Vision":1,"Owner":-1},{"Space":{"X":1,"Y":-3},"Vision":2,"Owner":0},{"Space":{"X":2,"Y":-3},"Vision":3,"Owner":1},{"Space":{"X":3,"Y":-3},"Vision":2,"Owner":-1},{"Space":{"X":4,"Y":-3},"Vision":0,"Owner":-1},{"Space":{"X":-2,"Y":-2},"Vision":1,"Owner":-1},{"Space":{"X":-1,"Y":-2},"Vision":1,"Owner":0},{"Space":{"X":0,"Y":-2},"Vision":1,"Owner":-1},{"Space":{"X":1,"Y":-2},"Vision":2,"Owner":-1},{"Space":{"X":2,"Y":-2},"Vision":2,"Owner":-1},{"Space":{"X":3,"Y":-2},"Vision":0,"Owner":-1},{"Space":{"X":4,"Y":-2},"Vision":0,"Owner":-1},{"Space":{"X":-3,"Y":-1},"Vision":1,"Owner":-1},{"Space":{"X":-2,"Y":-1},"Vision":1,"Owner":0},{"Space":{"X":-1,"Y":-1},"Vision":1,"Owner":0},{"Space":{"X":0,"Y":-1},"Vision":0,"Owner":-1},{"Space":{"X":1,"Y":-1},"Vision":0,"Owner":-1},{"Space":{"X":2,"Y":-1},"Vision":0,"Owner":-1},{"Space":{"X":3,"Y":-1},"Vision":0,"Owner":-1},{"Space":{"X":4,"Y":-1},"Vision":0,"Owner":-1},{"Space":{"X":-4,"Y":0},"Vision":1,"Owner":-1},{"Space":{"X":-3,"Y":0},"Vision":1,"Owner":-1},{"Space":{"X":-2,"Y":0},"Vision":0,"Owner":-1},{"Space":{"X":-1,"Y":0},"Vision":0,"Owner":-1},{"Space":{"X":0,"Y":0},"Vision":0,"Owner":-1},{"Space":{"X":1,"Y":0},"Vision":0,"Owner":-1},{"Space":{"X":2,"Y":0},"Vision":0,"Owner":-1},{"Space":{"X":3,"Y":0},"Vision":0,"Owner":-1},{"Space":{"X":4,"Y":0},"Vision":0,"Owner":-1},{"Space":{"X":-4,"Y":1},"Vision":1,"Owner":-1},{"Space":{"X":-3,"Y":1},"Vision":1,"Owner":-1},{"Space":{"X":-2,"Y":1},"Vision":0,"Owner":-1},{"Space":{"X":-1,"Y":1},"Vision":0,"Owner":-1},{"Space":{"X":0,"Y":1},"Vision":0,"Owner":-1},{"Space":{"X":1,"Y":1},"Vision":0,"Owner":-1},{"Space":{"X":2,"Y":1},"Vision":0,"Owner":-1},{"Space":{"X":3,"Y":1},"Vision":0,"Owner":-1},{"Space":{"X":-4,"Y":2},"Vision":1,"Owner":-1},{"Space":{"X":-3,"Y":2},"Vision":1,"Owner":-1},{"Space":{"X":-2,"Y":2},"Vision":0,"Owner":-1},{"Space":{"X":-1,"Y":2},"Vision":0,"Owner":-1},{"Space":{"X":0,"Y":2},"Vision":0,"Owner":-1},{"Space":{"X":1,"Y":2},"Vision":0,"Owner":-1},{"Space":{"X":2,"Y":2},"Vision":0,"Owner":-1},{"Space":{"X":-4,"Y":3},"Vision":2,"Owner":-1},{"Space":{"X":-3,"Y":3},"Vision":2,"Owner":-1},{"Space":{"X":-2,"Y":3},"Vision":0,"Owner":-1},{"Space":{"X":-1,"Y":3},"Vision":0,"Owner":-1},{"Space":{"X":0,"Y":3},"Vision":0,"Owner":-1},{"Space":{"X":1,"Y":3},"Vision":0,"Owner":-1},{"Space":{"X":-4,"Y":4},"Vision":3,"Owner":1},{"Space":{"X":-3,"Y":4},"Vision":2,"Owner":-1},{"Space":{"X":-2,"Y":4},"Vision":0,"Owner":-1},{"Space":{"X":-1,"Y":4},"Vision":0,"Owner":-1},{"Space":{"X":0,"Y":4},"Vision":0,"Owner":-1}],"units":[{"InternalID":31,"UnitID":11,"Type":2,"Kind":1,"Location":{"Space":{"X":-4,"Y":4},"Zone":{"X":0,"Y":0}},"CurrentStamina":19,"CurrentOrder":null,"Builds":[],"GarrisonedIn":null,"Stance":3,"InterruptCurrent":false,"AttackBack":true,"TargetPriority":"","ActiveOrders":null,"Health":11,"MaxHealth":11},{"InternalID":32,"UnitID":11,"Type":2,"Kind":1,"Location":{"Space":{"X":2,"Y":-3},"Zone":{"X":0,"Y":0}},"CurrentStamina":20,"CurrentOrder":null,"Builds":[],"GarrisonedIn":null,"Stance":3,"InterruptCurrent":false,"AttackBack":true,"TargetPriority":"","ActiveOrders":null,"Health":10.4,"MaxHealth":11},{"InternalID":33,"UnitID":11,"Type":2,"Kind":1,"Location":{"Space":{"X":2,"Y":-3},"Zone":{"X":0,"Y":0}},"CurrentStamina":20,"CurrentOrder":null,"Builds":[],"GarrisonedIn":null,"Stance":3,"InterruptCurrent":false,"AttackBack":true,"TargetPriority":"","ActiveOrders":null,"Health":11,"MaxHealth":11},{"InternalID":34,"UnitID":11,"Type":2,"Kind":1,"Location":{"Space":{"X":2,"Y":-3},"Zone":{"X":0,"Y":0}},"CurrentStamina":20,"CurrentOrder":null,"Builds":[],"GarrisonedIn":null,"Stance":3,"InterruptCurrent":false,"AttackBack":true,"TargetPriority":"","ActiveOrders":null,"Health":11,"MaxHealth":11},{"InternalID":35,"UnitID":11,"Type":2,"Kind":1,"Location":{"Space":{"X":2,"Y":-3},"Zone":{"X":0,"Y":0}},"CurrentStamina":20,"CurrentOrder":null,"Builds":[],"GarrisonedIn":null,"Stance":3,"InterruptCurrent":false,"AttackBack":true,"TargetPriority":"","ActiveOrders":null,"Health":11,"MaxHealth":11},{"InternalID":36,"UnitID":11,"Type":2,"Kind":1,"Location":{"Space":{"X":2,"Y":-3},"Zone":{"X":0,"Y":0}},"CurrentStamina":20,"CurrentOrder":null,"Builds":[],"GarrisonedIn":null,"Stance":3,"InterruptCurrent":false,"AttackBack":true,"TargetPriority":"","ActiveOrders":null,"Health":11,"MaxHealth":11},{"InternalID":37,"UnitID":11,"Type":2,"Kind":1,"Location":{"Space":{"X":2,"Y":-3},"Zone":{"X":0,"Y":0}},"CurrentStamina":20,"CurrentOrder":null,"Builds":[],"GarrisonedIn":null,"Stance":3,"InterruptCurrent":false,"AttackBack":true,"TargetPriority":"","ActiveOrders":null,"Health":11,"MaxHealth":11},{"InternalID":38,"UnitID":11,"Type":2,"Kind":1,"Location":{"Space":{"X":2,"Y":-3},"Zone":{"X":0,"Y":0}},"CurrentStamina":20,"CurrentOrder":null,"Builds":[],"GarrisonedIn":null,"Stance":3,"InterruptCurrent":false,"AttackBack":true,"TargetPriority":"","ActiveOrders":null,"Health":11,"MaxHealth":11},{"InternalID":39,"UnitID":11,"Type":2,"Kind":1,"Location":{"Space":{"X":2,"Y":-3},"Zone":{"X":0,"Y":0}},"CurrentStamina":20,"CurrentOrder":null,"Builds":[],"GarrisonedIn":null,"Stance":3,"InterruptCurrent":false,"AttackBack":true,"TargetPriority":"","ActiveOrders":null,"Health":11,"MaxHealth":11},{"InternalID":40,"UnitID":11,"Type":2,"Kind":1,"Location":{"Space":{"X":2,"Y":-3},"Zone":{"X":0,"Y":0}},"CurrentStamina":20,"CurrentOrder":null,"Builds":[],"GarrisonedIn":null,"Stance":3,"InterruptCurrent":false,"AttackBack":true,"TargetPriority":"","ActiveOrders":null,"Health":11,"MaxHealth":11},{"InternalID":41,"UnitID":11,"Type":2,"Kind":1,"Location":{"Space":{"X":2,"Y":-3},"Zone":{"X":0,"Y":0}},"CurrentStamina":20,"CurrentOrder":null,"Builds":[],"GarrisonedIn":null,"Stance":3,"InterruptCurrent":false,"AttackBack":true,"TargetPriority":"","ActiveOrders":null,"Health":11,"MaxHealth":11},{"InternalID":42,"UnitID":11,"Type":2,"Kind":1,"Location":{"Space":{"X":2,"Y":-3},"Zone":{"X":0,"Y":0}},"CurrentStamina":20,"CurrentOrder":null,"Builds":[],"GarrisonedIn":null,"Stance":3,"InterruptCurrent":false,"AttackBack":true,"TargetPriority":"","ActiveOrders":null,"Health":11,"MaxHealth":11},{"InternalID":43,"UnitID":11,"Type":2,"Kind":1,"Location":{"Space":{"X":2,"Y":-3},"Zone":{"X":0,"Y":0}},"CurrentStamina":20,"CurrentOrder":null,"Builds":[],"GarrisonedIn":null,"Stance":3,"InterruptCurrent":false,"AttackBack":true,"TargetPriority":"","ActiveOrders":null,"Health":11,"MaxHealth":11},{"InternalID":44,"UnitID":11,"Type":2,"Kind":1,"Location":{"Space":{"X":2,"Y":-3},"Zone":{"X":0,"Y":0}},"CurrentStamina":20,"CurrentOrder":null,"Builds":[],"GarrisonedIn":null,"Stance":3,"InterruptCurrent":false,"AttackBack":true,"TargetPriority":"","ActiveOrders":null,"Health":11,"MaxHealth":11},{"InternalID":45,"UnitID":11,"Type":2,"Kind":1,"Location":{"Space":{"X":2,"Y":-3},"Zone":{"X":0,"Y":0}},"CurrentStamina":20,"CurrentOrder":null,"Builds":[],"GarrisonedIn":null,"Stance":3,"InterruptCurrent":false,"AttackBack":true,"TargetPriority":"","ActiveOrders":null,"Health":11,"MaxHealth":11},{"InternalID":46,"UnitID":11,"Type":2,"Kind":1,"Location":{"Space":{"X":2,"Y":-3},"Zone":{"X":0,"Y":0}},"CurrentStamina":20,"CurrentOrder":null,"Builds":[],"GarrisonedIn":null,"Stance":3,"InterruptCurrent":false,"AttackBack":true,"TargetPriority":"","ActiveOrders":null,"Health":11,"MaxHealth":11},{"InternalID":47,"UnitID":12,"Type":2,"Kind":1,"Location":{"Space":{"X":2,"Y":-3},"Zone":{"X":0,"Y":0}},"CurrentStamina":12,"CurrentOrder":null,"Builds":[],"GarrisonedIn":null,"Stance":3,"InterruptCurrent":false,"AttackBack":true,"TargetPriority":"","ActiveOrders":null,"Health":16,"MaxHealth":16},{"InternalID":48,"UnitID":12,"Type":2,"Kind":1,"Location":{"Space":{"X":2,"Y":-3},"Zone":{"X":0,"Y":0}},"CurrentStamina":12,"CurrentOrder":null,"Builds":[],"GarrisonedIn":null,"Stance":3,"InterruptCurrent":false,"AttackBack":true,"TargetPriority":"","ActiveOrders":null,"Health":16,"MaxHealth":16},{"InternalID":49,"UnitID":12,"Type":2,"Kind":1,"Location":{"Space":{"X":2,"Y":-3},"Zone":{"X":0,"Y":0}},"CurrentStamina":12,"CurrentOrder":null,"Builds":[],"GarrisonedIn":null,"Stance":3,"InterruptCurrent":false,"AttackBack":true,"TargetPriority":"","ActiveOrders":null,"Health":16,"MaxHealth":16},{"InternalID":50,"UnitID":12,"Type":2,"Kind":1,"Location":{"Space":{"X":2,"Y":-3},"Zone":{"X":0,"Y":0}},"CurrentStamina":12,"CurrentOrder":null,"Builds":[],"GarrisonedIn":null,"Stance":3,"InterruptCurrent":false,"AttackBack":true,"TargetPriority":"","ActiveOrders":null,"Health":16,"MaxHealth":16},{"InternalID":51,"UnitID":12,"Type":2,"Kind":1,"Location":{"Space":{"X":2,"Y":-3},"Zone":{"X":0,"Y":0}},"CurrentStamina":12,"CurrentOrder":null,"Builds":[],"GarrisonedIn":null,"Stance":3,"InterruptCurrent":false,"AttackBack":true,"TargetPriority":"","ActiveOrders":null,"Health":16,"MaxHealth":16},{"InternalID":52,"UnitID":12,"Type":2,"Kind":1,"Location":{"Space":{"X":2,"Y":-3},"Zone":{"X":0,"Y":0}},"CurrentStamina":12,"CurrentOrder":null,"Builds":[],"GarrisonedIn":null,"Stance":3,"InterruptCurrent":false,"AttackBack":true,"TargetPriority":"","ActiveOrders":null,"Health":16,"MaxHealth":16},{"InternalID":53,"UnitID":12,"Type":2,"Kind":1,"Location":{"Space":{"X":2,"Y":-3},"Zone":{"X":0,"Y":0}},"CurrentStamina":12,"CurrentOrder":null,"Builds":[],"GarrisonedIn":null,"Stance":3,"InterruptCurrent":false,"AttackBack":true,"TargetPriority":"","ActiveOrders":null,"Health":16,"MaxHealth":16},{"InternalID":54,"UnitID":12,"Type":2,"Kind":1,"Location":{"Space":{"X":2,"Y":-3},"Zone":{"X":0,"Y":0}},"CurrentStamina":12,"CurrentOrder":null,"Builds":[],"GarrisonedIn":null,"Stance":3,"InterruptCurrent":false,"AttackBack":true,"TargetPriority":"","ActiveOrders":null,"Health":16,"MaxHealth":16},{"InternalID":55,"UnitID":13,"Type":2,"Kind":1,"Location":{"Space":{"X":2,"Y":-3},"Zone":{"X":0,"Y":0}},"CurrentStamina":8,"CurrentOrder":null,"Builds":[],"GarrisonedIn":null,"Stance":3,"InterruptCurrent":false,"AttackBack":true,"TargetPriority":"","ActiveOrders":null,"Health":48.3333,"MaxHealth":50},{"InternalID":56,"UnitID":13,"Type":2,"Kind":1,"Location":{"Space":{"X":2,"Y":-3},"Zone":{"X":0,"Y":0}},"CurrentStamina":8,"CurrentOrder":null,"Builds":[],"GarrisonedIn":null,"Stance":3,"InterruptCurrent":false,"AttackBack":true,"TargetPriority":"","ActiveOrders":null,"Health":50,"MaxHealth":50},{"InternalID":57,"UnitID":13,"Type":2,"Kind":1,"Location":{"Space":{"X":2,"Y":-3},"Zone":{"X":0,"Y":0}},"CurrentStamina":8,"CurrentOrder":null,"Builds":[],"GarrisonedIn":null,"Stance":3,"InterruptCurrent":false,"AttackBack":true,"TargetPriority":"","ActiveOrders":null,"Health":50,"MaxHealth":50},{"InternalID":58,"UnitID":13,"Type":2,"Kind":1,"Location":{"Space":{"X":2,"Y":-3},"Zone":{"X":0,"Y":0}},"CurrentStamina":8,"CurrentOrder":null,"Builds":[],"GarrisonedIn":null,"Stance":3,"InterruptCurrent":false,"AttackBack":true,"TargetPriority":"","ActiveOrders":null,"Health":50,"MaxHealth":50},{"InternalID":59,"UnitID":13,"Type":2,"Kind":1,"Location":{"Space":{"X":2,"Y":-3},"Zone":{"X":0,"Y":0}},"CurrentStamina":8,"CurrentOrder":null,"Builds":[],"GarrisonedIn":null,"Stance":3,"InterruptCurrent":false,"AttackBack":true,"TargetPriority":"","ActiveOrders":null,"Health":50,"MaxHealth":50},{"InternalID":60,"UnitID":13,"Type":2,"Kind":1,"Location":{"Space":{"X":2,"Y":-3},"Zone":{"X":0,"Y":0}},"CurrentStamina":8,"CurrentOrder":null,"Builds":[],"GarrisonedIn":null,"Stance":3,"InterruptCurrent":false,"AttackBack":true,"TargetPriority":"","ActiveOrders":null,"Health":50,"MaxHealth":50}]}
2026/09/30 21:20:38 ai ai-1: submitting orders [{Subjects:[31] OrderType:2 TargetID:2080 ClearPreviousOrders:true}]
2026/09/30 21:20:38 ai ai-1: vars {}
2026/09/30 21:20:38 player action: submit-orders 0 2 map[orders:[{1 [31] 2 2080 true}]]
2026/09/30 21:20:38 Executing submit orders for: 1 [{1 [31] 2 2080 true}]
2026/09/30 21:20:38 ai ai-0: new turn data {"buildings":[],"enemy_buildings":[],"enemy_units":[{"InternalID":32,"UnitID":11,"Type":2,"Kind":1,"Location":{"Space":{"X":2,"Y":-3},"Zone":{"X":0,"Y":0}},"CurrentStamina":20,"CurrentOrder":null,"Builds":[],"GarrisonedIn":null,"Stance":0,"InterruptCurrent":false,"AttackBack":false,"TargetPriority":"","ActiveOrders":null,"Health":10.4,"MaxHealth":11},{"InternalID":33,"UnitID":11,"Type":2,"Kind":1,"Location":{"Space":{"X":2,"Y":-3},"Zone":{"X":0,"Y":0}},"CurrentStamina":20,"CurrentOrder":null,"Builds":[],"GarrisonedIn":null,"Stance":0,"InterruptCurrent":false,"AttackBack":false,"TargetPriority":"","ActiveOrders":null,"Health":11,"MaxHealth":11},{"InternalID":34,"UnitID":11,"Type":2,"Kind":1,"Location":{"Space":{"X":2,"Y":-3},"Zone":{"X":0,"Y":0}},"CurrentStamina":20,"CurrentOrder":null,"Builds":[],"GarrisonedIn":null,"Stance":0,"InterruptCurrent":false,"AttackBack":false,"TargetPriority":"","ActiveOrders":null,"Health":11,"MaxHealth":11},{"InternalID":35,"UnitID":11,"Type":2,"Kind":1,"Location":{"Space":{"X":2,"Y":-3},"Zone":{"X":0,"Y":0}},"CurrentStamina":20,"CurrentOrder":null,"Builds":[],"GarrisonedIn":null,"Stance":0,"InterruptCurrent":false,"AttackBack":false,"TargetPriority":"","ActiveOrders":null,"Health":11,"MaxHealth":11},{"InternalID":36,"UnitID":11,"Type":2,"Kind":1,"Location":{"Space":{"X":2,"Y":-3},"Zone":{"X":0,"Y":0}},"CurrentStamina":20,"CurrentOrder":null,"Builds":[],"GarrisonedIn":null,"Stance":0,"InterruptCurrent":false,"AttackBack":false,"TargetPriority":"","ActiveOrders":null,"Health":11,"MaxHealth":11},{"InternalID":37,"UnitID":11,"Type":2,"Kind":1,"Location":{"Space":{"X":2,"Y":-3},"Zone":{"X":0,"Y":0}},"CurrentStamina":20,"CurrentOrder":null,"Builds":[],"GarrisonedIn":null,"Stance":0,"InterruptCurrent":false,"AttackBack":false,"TargetPriority":"","ActiveOrders":null,"Health":11,"MaxHealth":11},{"InternalID":38,"UnitID":11,"Type":2,"Kind":1,"Location":{"Space":{"X":2,"Y":-3},"Zone":{"X":0,"Y":0}},"CurrentStamina":20,"CurrentOrder":null,"Builds":[],"GarrisonedIn":null,"Stance":0,"InterruptCurrent":false,"AttackBack":false,"TargetPriority":"","ActiveOrders":null,"Health":11,"MaxHealth":11},{"InternalID":39,"UnitID":11,"Type":2,"Kind":1,"Location":{"Space":{"X":2,"Y":-3},"Zone":{"X":0,"Y":0}},"CurrentStamina":20,"CurrentOrder":null,"Builds":[],"GarrisonedIn":null,"Stance":0,"InterruptCurrent":false,"AttackBack":false,"TargetPriority":"","ActiveOrders":null,"Health":11,"MaxHealth":11},{"InternalID":40,"UnitID":11,"Type":2,"Kind":1,"Location":{"Space":{"X":2,"Y":-3},"Zone":{"X":0,"Y":0}},"CurrentStamina":20,"CurrentOrder":null,"Builds":[],"GarrisonedIn":null,"Stance":0,"InterruptCurrent":false,"AttackBack":false,"TargetPriority":"","ActiveOrders":null,"Health":11,"MaxHealth":11},{"InternalID":41,"UnitID":11,"Type":2,"Kind":1,"Location":{"Space":{"X":2,"Y":-3},"Zone":{"X":0,"Y":0}},"CurrentStamina":20,"CurrentOrder":null,"Builds":[],"GarrisonedIn":null,"Stance":0,"InterruptCurrent":false,"AttackBack":false,"TargetPriority":"","ActiveOrders":null,"Health":11,"MaxHealth":11},{"InternalID":42,"UnitID":11,"Type":2,"Kind":1,"Location":{"Space":{"X":2,"Y":-3},"Zone":{"X":0,"Y":0}},"CurrentStamina":20,"CurrentOrder":null,"Builds":[],"GarrisonedIn":null,"Stance":0,"InterruptCurrent":false,"AttackBack":false,"TargetPriority":"","ActiveOrders":null,"Health":11,"MaxHealth":11},{"InternalID":43,"UnitID":11,"Type":2,"Kind":1,"Location":{"Space":{"X":2,"Y":-3},"Zone":{"X":0,"Y":0}},"CurrentStamina":20,"CurrentOrder":null,"Builds":[],"GarrisonedIn":null,"Stance":0,"InterruptCurrent":false,"AttackBack":false,"TargetPriority":"","ActiveOrders":null,"Health":11,"MaxHealth":11},{"InternalID":44,"UnitID":11,"Type":2,"Kind":1,"Location":{"Space":{"X":2,"Y":-3},"Zone":{"X":0,"Y":0}},"CurrentStamina":20,"CurrentOrder":null,"Builds":[],"GarrisonedIn":null,"Stance":0,"InterruptCurrent":false,"AttackBack":false,"TargetPriority":"","ActiveOrders":null,"Health":11,"MaxHealth":11},{"InternalID":45,"UnitID":11,"Type":2,"Kind":1,"Location":{"Space":{"X":2,"Y":-3},"Zone":{"X":0,"Y":0}},"CurrentStamina":20,"CurrentOrder":null,"Builds":[],"GarrisonedIn":null,"Stance":0,"InterruptCurrent":false,"AttackBack":false,"TargetPriority":"","ActiveOrders":null,"Health":11,"MaxHealth":11},{"InternalID":46,"UnitID":11,"Type":2,"Kind":1,"Location":{"Space":{"X":2,"Y":-3},"Zone":{"X":0,"Y":0}},"CurrentStamina":20,"CurrentOrder":null,"Builds":[],"GarrisonedIn":null,"Stance":0,"InterruptCurrent":false,"AttackBack":false,"TargetPriority":"","ActiveOrders":null,"Health":11,"MaxHealth":11},{"InternalID":47,"UnitID":12,"Type":2,"Kind":1,"Location":{"Space":{"X":2,"Y":-3},"Zone":{"X":0,"Y":0}},"CurrentStamina":12,"CurrentOrder":null,"Builds":[],"GarrisonedIn":null,"Stance":0,"InterruptCurrent":false,"AttackBack":false,"TargetPriority":"","ActiveOrders":null,"Health":16,"MaxHealth":16},{"InternalID":48,"UnitID":12,"Type":2,"Kind":1,"Location":{"Space":{"X":2,"Y":-3},"Zone":{"X":0,"Y":0}},"CurrentStamina":12,"CurrentOrder":null,"Builds":[],"GarrisonedIn":null,"Stance":0,"InterruptCurrent":false,"AttackBack":false,"TargetPriority":"","ActiveOrders":null,"Health":16,"MaxHealth":16},{"InternalID":49,"UnitID":12,"Type":2,"Kind":1,"Location":{"Space":{"X":2,"Y":-3},"Zone":{"X":0,"Y":0}},"CurrentStamina":12,"CurrentOrder":null,"Builds":[],"GarrisonedIn":null,"Stance":0,"InterruptCurrent":false,"AttackBack":false,"TargetPriority":"","ActiveOrders":null,"Health":16,"MaxHealth":16},{"InternalID":50,"UnitID":12,"Type":2,"Kind":1,"Location":{"Space":{"X":2,"Y":-3},"Zone":{"X":0,"Y":0}},"CurrentStamina":12,"CurrentOrder":null,"Builds":[],"GarrisonedIn":null,"Stance":0,"InterruptCurrent":false,"AttackBack":false,"TargetPriority":"","ActiveOrders":null,"Health":16,"MaxHealth":16},{"InternalID":51,"UnitID":12,"Type":2,"Kind":1,"Location":{"Space":{"X":2,"Y":-3},"Zone":{"X":0,"Y":0}},"CurrentStamina":12,"CurrentOrder":null,"Builds":[],"GarrisonedIn":null,"Stance":0,"InterruptCurrent":false,"AttackBack":false,"TargetPriority":"","ActiveOrders":null,"Health":16,"MaxHealth":16},{"InternalID":52,"UnitID":12,"Type":2,"Kind":1,"Location":{"Space":{"X":2,"Y":-3},"Zone":{"X":0,"Y":0}},"CurrentStamina":12,"CurrentOrder":null,"Builds":[],"GarrisonedIn":null,"Stance":0,"InterruptCurrent":false,"AttackBack":false,"TargetPriority":"","ActiveOrders":null,"Health":16,"MaxHealth":16},{"InternalID":53,"UnitID":12,"Type":2,"Kind":1,"Location":{"Space":{"X":2,"Y":-3},"Zone":{"X":0,"Y":0}},"CurrentStamina":12,"CurrentOrder":null,"Builds":[],"GarrisonedIn":null,"Stance":0,"InterruptCurrent":false,"AttackBack":false,"TargetPriority":"","ActiveOrders":null,"Health":16,"MaxHealth":16},{"InternalID":54,"UnitID":12,"Type":2,"Kind":1,"Location":{"Space":{"X":2,"Y":-3},"Zone":{"X":0,"Y":0}},"CurrentStamina":12,"CurrentOrder":null,"Builds":[],"GarrisonedIn":null,"Stance":0,"InterruptCurrent":false,"AttackBack":false,"TargetPriority":"","ActiveOrders":null,"Health":16,"MaxHealth":16},{"InternalID":55,"UnitID":13,"Type":2,"Kind":1,"Location":{"Space":{"X":2,"Y":-3},"Zone":{"X":0,"Y":0}},"CurrentStamina":8,"CurrentOrder":null,"Builds":[],"GarrisonedIn":null,"Stance":0,"InterruptCurrent":false,"AttackBack":false,"TargetPriority":"","ActiveOrders":null,"Health":48.3333,"MaxHealth":50},{"InternalID":56,"UnitID":13,"Type":2,"Kind":1,"Location":{"Space":{"X":2,"Y":-3},"Zone":{"X":0,"Y":0}},"CurrentStamina":8,"CurrentOrder":null,"Builds":[],"GarrisonedIn":null,"Stance":0,"InterruptCurrent":false,"AttackBack":false,"TargetPriority":"","ActiveOrders":null,"Health":50,"MaxHealth":50},{"InternalID":57,"UnitID":13,"Type":2,"Kind":1,"Location":{"Space":{"X":2,"Y":-3},"Zone":{"X":0,"Y":0}},"CurrentStamina":8,"CurrentOrder":null,"Builds":[],"GarrisonedIn":null,"Stance":0,"InterruptCurrent":false,"AttackBack":false,"TargetPriority":"","ActiveOrders":null,"Health":50,"MaxHealth":50},{"InternalID":58,"UnitID":13,"Type":2,"Kind":1,"Location":{"Space":{"X":2,"Y":-3},"Zone":{"X":0,"Y":0}},"CurrentStamina":8,"CurrentOrder":null,"Builds":[],"GarrisonedIn":null,"Stance":0,"InterruptCurrent":false,"AttackBack":false,"TargetPriority":"","ActiveOrders":null,"Health":50,"MaxHealth":50},{"InternalID":59,"UnitID":13,"Type":2,"Kind":1,"Location":{"Space":{"X":2,"Y":-3},"Zone":{"X":0,"Y":0}},"CurrentStamina":8,"CurrentOrder":null,"Builds":[],"GarrisonedIn":null,"Stance":0,"InterruptCurrent":false,"AttackBack":false,"TargetPriority":"","ActiveOrders":null,"Health":50,"MaxHealth":50},{"InternalID":60,"UnitID":13,"Type":2,"Kind":1,"Location":{"Space":{"X":2,"Y":-3},"Zone":{"X":0,"Y":0}},"CurrentStamina":8,"CurrentOrder":null,"Builds":[],"GarrisonedIn":null,"Stance":0,"InterruptCurrent":false,"AttackBack":false,"TargetPriority":"","ActiveOrders":null,"Health":50,"MaxHealth":50}],"foundations":[],"population":{"current":27,"limit":0},"resources":{"food":200,"gold":78,"stone":100,"wood":200},"spaces":[{"Space":{"X":0,"Y":-4},"Vision":2,"Owner":-1},{"Space":{"X":1,"Y":-4},"Vision":2,"Owner":-1},{"Space":{"X":2,"Y":-4},"Vision":2,"Owner":-1},{"Space":{"X":3,"Y":-4},"Vision":1,"Owner":-1},{"Space":{"X":4,"Y":-4},"Vision":0,"Owner":-1},{"Space":{"X":-1,"Y":-3},"Vision":2,"Owner":-1},{"Space":{"X":0,"Y":-3},"Vision":3,"Owner":0},{"Space":{"X":1,"Y":-3},"Vision":3,"Owner":0},{"Space":{"X":2,"Y":-3},"Vision":3,"Owner":1},{"Space":{"X":3,"Y":-3},"Vision":1,"Owner":-1},{"Space":{"X":4,"Y":-3},"Vision":0,"Owner":-1},{"Space":{"X":-2,"Y":-2},"Vision":1,"Owner":-1},{"Space":{"X":-1,"Y":-2},"Vision":2,"Owner":-1},{"Space":{"X":0,"Y":-2},"Vision":2,"Owner":-1},{"Space":{"X":1,"Y":-2},"Vision":3,"Owner":-1},{"Space":{"X":2,"Y":-2},"Vision":1,"Owner":-1},{"Space":{"X":3,"Y":-2},"Vision":0,"Owner":-1},{"Space":{"X":4,"Y":-2},"Vision":0,"Owner":-1},{"Space":{"X":-3,"Y":-1},"Vision":1,"Owner":-1},{"Space":{"X":-2,"Y":-1},"Vision":2,"Owner":-1},{"Space":{"X":-1,"Y":-1},"Vision":2,"Owner":-1},{"Space":{"X":0,"Y":-1},"Vision":3,"Owner":0},{"Space":{"X":1,"Y":-1},"Vision":2,"Owner":-1},{"Space":{"X":2,"Y":-1},"Vision":0,"Owner":-1},{"Space":{"X":3,"Y":-1},"Vision":0,"Owner":-1},{"Space":{"X":4,"Y":-1},"Vision":0,"Owner":-1},{"Space":{"X":-4,"Y":0},"Vision":1,"Owner":-1},{"Space":{"X":-3,"Y":0},"Vision":2,"Owner":-1},{"Space":{"X":-2,"Y":0},"Vision":3,"Owner":0},{"Space":{"X":-1,"Y":0},"Vision":3,"Owner":-1},{"Space":{"X":0,"Y":0},"Vision":2,"Owner":-1},{"Space":{"X":1,"Y":0},"Vision":1,"Owner":-1},{"Space":{"X":2,"Y":0},"Vision":1,"Owner":-1},{"Space":{"X":3,"Y":0},"Vision":0,"Owner":-1},{"Space":{"X":4,"Y":0},"Vision":0,"Owner":-1},{"Space":{"X":-4,"Y":1},"Vision":1,"Owner":-1},{"Space":{"X":-3,"Y":1},"Vision":2,"Owner":-1},{"Space":{"X":-2,"Y":1},"Vision":2,"Owner":-1},{"Space":{"X":-1,"Y":1},"Vision":3,"Owner":0},{"Space":{"X":0,"Y":1},"Vision":2,"Owner":-1},{"Space":{"X":1,"Y":1},"Vision":1,"Owner":-1},{"Space":{"X":2,"Y":1},"Vision":1,"Owner":-1},{"Space":{"X":3,"Y":1},"Vision":0,"Owner":-1},{"Space":{"X":-4,"Y":2},"Vision":1,"Owner":-1},{"Space":{"X":-3,"Y":2},"Vision":1,"Owner":-1},{"Space":{"X":-2,"Y":2},"Vision":2,"Owner":-1},{"Space":{"X":-1,"Y":2},"Vision":2,"Owner":-1},{"Space":{"X":0,"Y":2},"Vision":1,"Owner":-1},{"Space":{"X":1,"Y":2},"Vision":1,"Owner":-1},{"Space":{"X":2,"Y":2},"Vision":1,"Owner":-1},{"Space":{"X":-4,"Y":3},"Vision":1,"Owner":-1},{"Space":{"X":-3,"Y":3},"Vision":1,"Owner":-1},{"Space":{"X":-2,"Y":3},"Vision":1,"Owner":-1},{"Space":{"X":-1,"Y":3},"Vision":1,"Owner":-1},{"Space":{"X":0,"Y":3},"Vision":1,"Owner":-1},{"Space":{"X":1,"Y":3},"Vision":1,"Owner":-1},{"Space":{"X":-4,"Y":4},"Vision":1,"Owner":-1},{"Space":{"X":-3,"Y":4},"Vision":1,"Owner":-1},{"Space":{"X":-2,"Y":4},"Vision":1,"Owner":-1},{"Space":{"X":-1,"Y":4},"Vision":1,"Owner":-1},{"Space":{"X":0,"Y":4},"Vision":1,"Owner":-1}],"units":[{"InternalID":1,"UnitID":11,"Type":2,"Kind":1,"Location":{"Space":{"X":1,"Y":-3},"Zone":{"X":1,"Y":0}},"CurrentStamina":18,"CurrentOrder":{"Kind":6,"TargetZone":null,"TargetSpace":null,"TargetResource":null,"TargetUnit":{"InternalID":32,"UnitID":11,"Type":2,"Kind":1,"Location":{"Space":{"X":2,"Y":-3},"Zone":{"X":0,"Y":0}},"CurrentStamina":20,"CurrentOrder":null,"Builds":[],"GarrisonedIn":null,"Stance":0,"InterruptCurrent":false,"AttackBack":false,"TargetPriority":"","ActiveOrders":null,"Health":10.4,"MaxHealth":11},"TargetBuilding":null},"Builds":[],"GarrisonedIn":null,"Stance":3,"InterruptCurrent":true,"AttackBack":true,"TargetPriority":"","ActiveOrders":[{"ID":150,"Kind":6}],"Health":11,"MaxHealth":11},{"InternalID":2,"UnitID":11,"Type":2,"Kind":1,"Location":{"Space":{"X":0,"Y":-1},"Zone":{"X":1,"Y":-1}},"CurrentStamina":20,"CurrentOrder":{"Kind":6,"TargetZone":null,"TargetSpace":null,"TargetResource":null,"TargetUnit":{"InternalID":32,"UnitID":11,"Type":2,"Kind":1,"Location":{"Space":{"X":2,"Y":-3},"Zone":{"X":0,"Y":0}},"CurrentStamina":20,"CurrentOrder":null,"Builds":[],"GarrisonedIn":null,"Stance":0,"InterruptCurrent":false,"AttackBack":false,"TargetPriority":"","ActiveOrders":null,"Health":10.4,"MaxHealth":11},"TargetBuilding":null},"Builds":[],"GarrisonedIn":null,"Stance":3,"InterruptCurrent":true,"AttackBack":true,"TargetPriority":"","ActiveOrders":[{"ID":151,"Kind":6}],"Health":11,"MaxHealth":11},{"InternalID":6,"UnitID":11,"Type":2,"Kind":1,"Location":{"Space":{"X":-1,"Y":1},"Zone":{"X":0,"Y":-1}},"CurrentStamina":20,"CurrentOrder":{"Kind":0,"TargetZone":{"Space":{"X":-1,"Y":-2},"Zone":{"X":0,"Y":-1}},"TargetSpace":null,"TargetResource":null,"TargetUnit":null,"TargetBuilding":null},"Builds":[],"GarrisonedIn":null,"Stance":3,"InterruptCurrent":false,"AttackBack":true,"TargetPriority":"","ActiveOrders":[{"ID":154,"Kind":0}],"Health":11,"MaxHealth":11},{"InternalID":7,"UnitID":11,"Type":2,"Kind":1,"Location":{"Space":{"X":1,"Y":-3},"Zone":{"X":1,"Y":0}},"CurrentStamina":18,"CurrentOrder":{"Kind":6,"TargetZone":null,"TargetSpace":null,"TargetResource":null,"TargetUnit":{"InternalID":32,"UnitID":11,"Type":2,"Kind":1,"Location":{"Space":{"X":2,"Y":-3},"Zone":{"X":0,"Y":0}},"CurrentStamina":20,"CurrentOrder":null,"Builds":[],"GarrisonedIn":null,"Stance":0,"InterruptCurrent":false,"AttackBack":false,"TargetPriority":"","ActiveOrders":null,"Health":10.4,"MaxHealth":11},"TargetBuilding":null},"Builds":[],"GarrisonedIn":null,"Stance":3,"InterruptCurrent":true,"AttackBack":true,"TargetPriority":"","ActiveOrders":[{"ID":155,"Kind":6}],"Health":11,"MaxHealth":11},{"InternalID":8,"UnitID":11,"Type":2,"Kind":1,"Location":{"Space":{"X":1,"Y":-3},"Zone":{"X":1,"Y":0}},"CurrentStamina":18,"CurrentOrder":{"Kind":6,"TargetZone":null,"TargetSpace":null,"TargetResource":null,"TargetUnit":{"InternalID":32,"UnitID":11,"Type":2,"Kind":1,"Location":{"Space":{"X":2,"Y":-3},"Zone":{"X":0,"Y":0}},"CurrentStamina":20,"CurrentOrder":null,"Builds":[],"GarrisonedIn":null,"Stance":0,"InterruptCurrent":false,"AttackBack":false,"TargetPriority":"","ActiveOrders":null,"Health":10.4,"MaxHealth":11},"TargetBuilding":null},"Builds":[],"GarrisonedIn":null,"Stance":3,"InterruptCurrent":true,"AttackBack":true,"TargetPriority":"","ActiveOrders":[{"ID":156,"Kind":6}],"Health":11,"MaxHealth":11},{"InternalID":9,"UnitID":11,"Type":2,"Kind":1,"Location":{"Space":{"X":1,"Y":-3},"Zone":{"X":1,"Y":0}},"CurrentStamina":18,"CurrentOrder":{"Kind":6,"TargetZone":null,"TargetSpace":null,"TargetResource":null,"TargetUnit":{"InternalID":32,"UnitID":11,"Type":2,"Kind":1,"Location":{"Space":{"X":2,"Y":-3},"Zone":{"X":0,"Y":0}},"CurrentStamina":20,"CurrentOrder":null,"Builds":[],"GarrisonedIn":null,"Stance":0,"InterruptCurrent":false,"AttackBack":false,"TargetPriority":"","ActiveOrders":null,"Health":10.4,"MaxHealth":11},"TargetBuilding":null},"Builds":[],"GarrisonedIn":null,"Stance":3,"InterruptCurrent":true,"AttackBack":true,"TargetPriority":"","ActiveOrders":[{"ID":157,"Kind":6}],"Health":11,"MaxHealth":11},{"InternalID":10,"UnitID":11,"Type":2,"Kind":1,"Location":{"Space":{"X":1,"Y":-3},"Zone":{"X":1,"Y":0}},"CurrentStamina":18,"CurrentOrder":{"Kind":6,"TargetZone":null,"TargetSpace":null,"TargetResource":null,"TargetUnit":{"InternalID":32,"UnitID":11,"Type":2,"Kind":1,"Location":{"Space":{"X":2,"Y":-3},"Zone":{"X":0,"Y":0}},"CurrentStamina":20,"CurrentOrder":null,"Builds":[],"GarrisonedIn":null,"Stance":0,"InterruptCurrent":false,"AttackBack":false,"TargetPriority":"","ActiveOrders":null,"Health":10.4,"MaxHealth":11},"TargetBuilding":null},"Builds":[],"GarrisonedIn":null,"Stance":3,"InterruptCurrent":true,"AttackBack":true,"TargetPriority":"","ActiveOrders":[{"ID":158,"Kind":6}],"Health":11,"MaxHealth":11},{"InternalID":11,"UnitID":11,"Type":2,"Kind":1,"Location":{"Space":{"X":1,"Y":-3},"Zone":{"X":1,"Y":0}},"CurrentStamina":18,"CurrentOrder":{"Kind":6,"TargetZone":null,"TargetSpace":null,"TargetResource":null,"TargetUnit":{"InternalID":32,"UnitID":11,"Type":2,"Kind":1,"Location":{"Space":{"X":2,"Y":-3},"Zone":{"X":0,"Y":0}},"CurrentStamina":20,"CurrentOrder":null,"Builds":[],"GarrisonedIn":null,"Stance":0,"InterruptCurrent":false,"AttackBack":false,"TargetPriority":"","ActiveOrders":null,"Health":10.4,"MaxHealth":11},"TargetBuilding":null},"Builds":[],"GarrisonedIn":null,"Stance":3,"InterruptCurrent":true,"AttackBack":true,"TargetPriority":"","ActiveOrders":[{"ID":159,"Kind":6}],"Health":11,"MaxHealth":11},{"InternalID":12,"UnitID":11,"Type":2,"Kind":1,"Location":{"Space":{"X":1,"Y":-3},"Zone":{"X":1,"Y":0}},"CurrentStamina":18,"CurrentOrder":{"Kind":6,"TargetZone":null,"TargetSpace":null,"TargetResource":null,"TargetUnit":{"InternalID":32,"UnitID":11,"Type":2,"Kind":1,"Location":{"Space":{"X":2,"Y":-3},"Zone":{"X":0,"Y":0}},"CurrentStamina":20,"CurrentOrder":null,"Builds":[],"GarrisonedIn":null,"Stance":0,"InterruptCurrent":false,"AttackBack":false,"TargetPriority":"","ActiveOrders":null,"Health":10.4,"MaxHealth":11},"TargetBuilding":null},"Builds":[],"GarrisonedIn":null,"Stance":3,"InterruptCurrent":true,"AttackBack":true,"TargetPriority":"","ActiveOrders":[{"ID":160,"Kind":6}],"Health":11,"MaxHealth":11},{"InternalID":13,"UnitID":11,"Type":2,"Kind":1,"Location":{"Space":{"X":1,"Y":-3},"Zone":{"X":1,"Y":0}},"CurrentStamina":18,"CurrentOrder":{"Kind":6,"TargetZone":null,"TargetSpace":null,"TargetResource":null,"TargetUnit":{"InternalID":32,"UnitID":11,"Type":2,"Kind":1,"Location":{"Space":{"X":2,"Y":-3},"Zone":{"X":0,"Y":0}},"CurrentStamina":20,"CurrentOrder":null,"Builds":[],"GarrisonedIn":null,"Stance":0,"InterruptCurrent":false,"AttackBack":false,"TargetPriority":"","ActiveOrders":null,"Health":10.4,"MaxHealth":11},"TargetBuilding":null},"Builds":[],"GarrisonedIn":null,"Stance":3,"InterruptCurrent":true,"AttackBack":true,"TargetPriority":"","ActiveOrders":[{"ID":161,"Kind":6}],"Health":11,"MaxHealth":11},{"InternalID":14,"UnitID":11,"Type":2,"Kind":1,"Location":{"Space":{"X":1,"Y":-3},"Zone":{"X":1,"Y":0}},"CurrentStamina":18,"CurrentOrder":{"Kind":6,"TargetZone":null,"TargetSpace":null,"TargetResource":null,"TargetUnit":{"InternalID":32,"UnitID":11,"Type":2,"Kind":1,"Location":{"Space":{"X":2,"Y":-3},"Zone":{"X":0,"Y":0}},"CurrentStamina":20,"CurrentOrder":null,"Builds":[],"GarrisonedIn":null,"Stance":0,"InterruptCurrent":false,"AttackBack":false,"TargetPriority":"","ActiveOrders":null,"Health":10.4,"MaxHealth":11},"TargetBuilding":null},"Builds":[],"GarrisonedIn":null,"Stance":3,"InterruptCurrent":true,"AttackBack":true,"TargetPriority":"","ActiveOrders":[{"ID":162,"Kind":6}],"Health":11,"MaxHealth":11},{"InternalID":15,"UnitID":11,"Type":2,"Kind":1,"Location":{"Space":{"X":1,"Y":-3},"Zone":{"X":1,"Y":0}},"CurrentStamina":18,"CurrentOrder":{"Kind":6,"TargetZone":null,"TargetSpace":null,"TargetResource":null,"TargetUnit":{"InternalID":32,"UnitID":11,"Type":2,"Kind":1,"Location":{"Space":{"X":2,"Y":-3},"Zone":{"X":0,"Y":0}},"CurrentStamina":20,"CurrentOrder":null,"Builds":[],"GarrisonedIn":null,"Stance":0,"InterruptCurrent":false,"AttackBack":false,"TargetPriority":"","ActiveOrders":null,"Health":10.4,"MaxHealth":11},"TargetBuilding":null},"Builds":[],"GarrisonedIn":null,"Stance":3,"InterruptCurrent":true,"AttackBack":true,"TargetPriority":"","ActiveOrders":[{"ID":163,"Kind":6}],"Health":11,"MaxHealth":11},{"InternalID":16,"UnitID":11,"Type":2,"Kind":1,"Location":{"Space":{"X":1,"Y":-3},"Zone":{"X":1,"Y":0}},"CurrentStamina":18,"CurrentOrder":{"Kind":6,"TargetZone":null,"TargetSpace":null,"TargetResource":null,"TargetUnit":{"InternalID":32,"UnitID":11,"Type":2,"Kind":1,"Location":{"Space":{"X":2,"Y":-3},"Zone":{"X":0,"Y":0}},"CurrentStamina":20,"CurrentOrder":null,"Builds":[],"GarrisonedIn":null,"Stance":0,"InterruptCurrent":false,"AttackBack":false,"TargetPriority":"","ActiveOrders":null,"Health":10.4,"MaxHealth":11},"TargetBuilding":null},"Builds":[],"GarrisonedIn":null,"Stance":3,"InterruptCurrent":true,"AttackBack":true,"TargetPriority":"","ActiveOrders":[{"ID":164,"Kind":6}],"Health":11,"MaxHealth":11},{"InternalID":17,"UnitID":12,"Type":2,"Kind":1,"Location":{"Space":{"X":0,"Y":-3},"Zone":{"X":1,"Y":0}},"CurrentStamina":16,"CurrentOrder":{"Kind":6,"TargetZone":null,"TargetSpace":null,"TargetResource":null,"TargetUnit":{"InternalID":32,"UnitID":11,"Type":2,"Kind":1,"Location":{"Space":{"X":2,"Y":-3},"Zone":{"X":0,"Y":0}},"CurrentStamina":20,"CurrentOrder":null,"Builds":[],"GarrisonedIn":null,"Stance":0,"InterruptCurrent":false,"AttackBack":false,"TargetPriority":"","ActiveOrders":null,"Health":10.4,"MaxHealth":11},"TargetBuilding":null},"Builds":[],"GarrisonedIn":null,"Stance":3,"InterruptCurrent":true,"AttackBack":true,"TargetPriority":"","ActiveOrders":[{"ID":165,"Kind":6}],"Health":16,"MaxHealth":16},{"InternalID":18,"UnitID":12,"Type":2,"Kind":1,"Location":{"Space":{"X":0,"Y":-3},"Zone":{"X":1,"Y":0}},"CurrentStamina":16,"CurrentOrder":{"Kind":6,"TargetZone":null,"TargetSpace":null,"TargetResource":null,"TargetUnit":{"InternalID":32,"UnitID":11,"Type":2,"Kind":1,"Location":{"Space":{"X":2,"Y":-3},"Zone":{"X":0,"Y":0}},"CurrentStamina":20,"CurrentOrder":null,"Builds":[],"GarrisonedIn":null,"Stance":0,"InterruptCurrent":false,"AttackBack":false,"TargetPriority":"","ActiveOrders":null,"Health":10.4,"MaxHealth":11},"TargetBuilding":null},"Builds":[],"GarrisonedIn":null,"Stance":3,"InterruptCurrent":true,"AttackBack":true,"TargetPriority":"","ActiveOrders":[{"ID":166,"Kind":6}],"Health":16,"MaxHealth":16},{"InternalID":19,"UnitID":12,"Type":2,"Kind":1,"Location":{"Space":{"X":0,"Y":-3},"Zone":{"X":1,"Y":0}},"CurrentStamina":16,"CurrentOrder":{"Kind":6,"TargetZone":null,"TargetSpace":null,"TargetResource":null,"TargetUnit":{"InternalID":32,"UnitID":11,"Type":2,"Kind":1,"Location":{"Space":{"X":2,"Y":-3},"Zone":{"X":0,"Y":0}},"CurrentStamina":20,"CurrentOrder":null,"Builds":[],"GarrisonedIn":null,"Stance":0,"InterruptCurrent":false,"AttackBack":false,"TargetPriority":"","ActiveOrders":null,"Health":10.4,"MaxHealth":11},"TargetBuilding":null},"Builds":[],"GarrisonedIn":null,"Stance":3,"InterruptCurrent":true,"AttackBack":true,"TargetPriority":"","ActiveOrders":[{"ID":167,"Kind":6}],"Health":16,"MaxHealth":16},{"InternalID":20,"UnitID":12,"Type":2,"Kind":1,"Location":{"Space":{"X":0,"Y":-3},"Zone":{"X":1,"Y":0}},"CurrentStamina":16,"CurrentOrder":{"Kind":6,"TargetZone":null,"TargetSpace":null,"TargetResource":null,"TargetUnit":{"InternalID":32,"UnitID":11,"Type":2,"Kind":1,"Location":{"Space":{"X":2,"Y":-3},"Zone":{"X":0,"Y":0}},"CurrentStamina":20,"CurrentOrder":null,"Builds":[],"GarrisonedIn":null,"Stance":0,"InterruptCurrent":false,"AttackBack":false,"TargetPriority":"","ActiveOrders":null,"Health":10.4,"MaxHealth":11},"TargetBuilding":null},"Builds":[],"GarrisonedIn":null,"Stance":3,"InterruptCurrent":true,"AttackBack":true,"TargetPriority":"","ActiveOrders":[{"ID":168,"Kind":6}],"Health":16,"MaxHealth":16},{"InternalID":21,"UnitID":12,"Type":2,"Kind":1,"Location":{"Space":{"X":0,"Y":-3},"Zone":{"X":1,"Y":0}},"CurrentStamina":16,"CurrentOrder":{"Kind":6,"TargetZone":null,"TargetSpace":null,"TargetResource":null,"TargetUnit":{"InternalID":32,"UnitID":11,"Type":2,"Kind":1,"Location":{"Space":{"X":2,"Y":-3},"Zone":{"X":0,"Y":0}},"CurrentStamina":20,"CurrentOrder":null,"Builds":[],"GarrisonedIn":null,"Stance":0,"InterruptCurrent":false,"AttackBack":false,"TargetPriority":"","ActiveOrders":null,"Health":10.4,"MaxHealth":11},"TargetBuilding":null},"Builds":[],"GarrisonedIn":null,"Stance":3,"InterruptCurrent":true,"AttackBack":true,"TargetPriority":"","ActiveOrders":[{"ID":169,"Kind":6}],"Health":16,"MaxHealth":16},{"InternalID":22,"UnitID":12,"Type":2,"Kind":1,"Location":{"Space":{"X":0,"Y":-3},"Zone":{"X":1,"Y":0}},"CurrentStamina":16,"CurrentOrder":{"Kind":6,"TargetZone":null,"TargetSpace":null,"TargetResource":null,"TargetUnit":{"InternalID":32,"UnitID":11,"Type":2,"Kind":1,"Location":{"Space":{"X":2,"Y":-3},"Zone":{"X":0,"Y":0}},"CurrentStamina":20,"CurrentOrder":null,"Builds":[],"GarrisonedIn":null,"Stance":0,"InterruptCurrent":false,"AttackBack":false,"TargetPriority":"","ActiveOrders":null,"Health":10.4,"MaxHealth":11},"TargetBuilding":null},"Builds":[],"GarrisonedIn":null,"Stance":3,"InterruptCurrent":true,"AttackBack":true,"TargetPriority":"","ActiveOrders":[{"ID":170,"Kind":6}],"Health":16,"MaxHealth":16},{"InternalID":23,"UnitID":12,"Type":2,"Kind":1,"Location":{"Space":{"X":0,"Y":-3},"Zone":{"X":1,"Y":0}},"CurrentStamina":16,"CurrentOrder":{"Kind":6,"TargetZone":null,"TargetSpace":null,"TargetResource":null,"TargetUnit":{"InternalID":32,"UnitID":11,"Type":2,"Kind":1,"Location":{"Space":{"X":2,"Y":-3},"Zone":{"X":0,"Y":0}},"CurrentStamina":20,"CurrentOrder":null,"Builds":[],"GarrisonedIn":null,"Stance":0,"InterruptCurrent":false,"AttackBack":false,"TargetPriority":"","ActiveOrders":null,"Health":10.4,"MaxHealth":11},"TargetBuilding":null},"Builds":[],"GarrisonedIn":null,"Stance":3,"InterruptCurrent":true,"AttackBack":true,"TargetPriority":"","ActiveOrders":[{"ID":171,"Kind":6}],"Health":16,"MaxHealth":16},{"InternalID":24,"UnitID":12,"Type":2,"Kind":1,"Location":{"Space":{"X":0,"Y":-3},"Zone":{"X":1,"Y":0}},"CurrentStamina":16,"CurrentOrder":{"Kind":6,"TargetZone":null,"TargetSpace":null,"TargetResource":null,"TargetUnit":{"InternalID":32,"UnitID":11,"Type":2,"Kind":1,"Location":{"Space":{"X":2,"Y":-3},"Zone":{"X":0,"Y":0}},"CurrentStamina":20,"CurrentOrder":null,"Builds":[],"GarrisonedIn":null,"Stance":0,"InterruptCurrent":false,"AttackBack":false,"TargetPriority":"","ActiveOrders":null,"Health":10.4,"MaxHealth":11},"TargetBuilding":null},"Builds":[],"GarrisonedIn":null,"Stance":3,"InterruptCurrent":true,"AttackBack":true,"TargetPriority":"","ActiveOrders":[{"ID":172,"Kind":6}],"Health":16,"MaxHealth":16},{"InternalID":25,"UnitID":13,"Type":2,"Kind":1,"Location":{"Space":{"X":-2,"Y":0},"Zone":{"X":0,"Y":0}},"CurrentStamina":8,"CurrentOrder":{"Kind":0,"TargetZone":{"Space":{"X":-1,"Y":-2},"Zone":{"X":0,"Y":-1}},"TargetSpace":null,"TargetResource":null,"TargetUnit":null,"TargetBuilding":null},"Builds":[],"GarrisonedIn":null,"Stance":3,"InterruptCurrent":true,"AttackBack":true,"TargetPriority":"","ActiveOrders":[{"ID":173,"Kind":0}],"Health":50,"MaxHealth":50},{"InternalID":26,"UnitID":13,"Type":2,"Kind":1,"Location":{"Space":{"X":-2,"Y":0},"Zone":{"X":0,"Y":0}},"CurrentStamina":8,"CurrentOrder":{"Kind":0,"TargetZone":{"Space":{"X":-1,"Y":-2},"Zone":{"X":0,"Y":-1}},"TargetSpace":null,"TargetResource":null,"TargetUnit":null,"TargetBuilding":null},"Builds":[],"GarrisonedIn":null,"Stance":3,"InterruptCurrent":true,"AttackBack":true,"TargetPriority":"","ActiveOrders":[{"ID":174,"Kind":0}],"Health":50,"MaxHealth":50},{"InternalID":27,"UnitID":13,"Type":2,"Kind":1,"Location":{"Space":{"X":-2,"Y":0},"Zone":{"X":0,"Y":0}},"CurrentStamina":8,"CurrentOrder":{"Kind":0,"TargetZone":{"Space":{"X":-1,"Y":-2},"Zone":{"X":0,"Y":-1}},"TargetSpace":null,"TargetResource":null,"TargetUnit":null,"TargetBuilding":null},"Builds":[],"GarrisonedIn":null,"Stance":3,"InterruptCurrent":true,"AttackBack":true,"TargetPriority":"","ActiveOrders":[{"ID":175,"Kind":0}],"Health":50,"MaxHealth":50},{"InternalID":28,"UnitID":13,"Type":2,"Kind":1,"Location":{"Space":{"X":-2,"Y":0},"Zone":{"X":0,"Y":0}},"CurrentStamina":8,"CurrentOrder":{"Kind":0,"TargetZone":{"Space":{"X":-1,"Y":-2},"Zone":{"X":0,"Y":-1}},"TargetSpace":null,"TargetResource":null,"TargetUnit":null,"TargetBuilding":null},"Builds":[],"GarrisonedIn":null,"Stance":3,"InterruptCurrent":true,"AttackBack":true,"TargetPriority":"","ActiveOrders":[{"ID":176,"Kind":0}],"Health":50,"MaxHealth":50},{"InternalID":29,"UnitID":13,"Type":2,"Kind":1,"Location":{"Space":{"X":-2,"Y":0},"Zone":{"X":0,"Y":0}},"CurrentStamina":8,"CurrentOrder":{"Kind":0,"TargetZone":{"Space":{"X":-1,"Y":-2},"Zone":{"X":0,"Y":-1}},"TargetSpace":null,"TargetResource":null,"TargetUnit":null,"TargetBuilding":null},"Builds":[],"GarrisonedIn":null,"Stance":3,"InterruptCurrent":true,"AttackBack":true,"TargetPriority":"","ActiveOrders":[{"ID":177,"Kind":0}],"Health":50,"MaxHealth":50},{"InternalID":30,"UnitID":13,"Type":2,"Kind":1,"Location":{"Space":{"X":-2,"Y":0},"Zone":{"X":0,"Y":0}},"CurrentStamina":8,"CurrentOrder":{"Kind":0,"TargetZone":{"Space":{"X":-1,"Y":-2},"Zone":{"X":0,"Y":-1}},"TargetSpace":null,"TargetResource":null,"TargetUnit":null,"TargetBuilding":null},"Builds":[],"GarrisonedIn":null,"Stance":3,"InterruptCurrent":true,"AttackBack":true,"TargetPriority":"","ActiveOrders":[{"ID":178,"Kind":0}],"Health":50,"MaxHealth":50}]}
2026/09/30 21:20:38 ai ai-0: submitting orders [{Subjects:[1] OrderType:9 TargetID:32 ClearPreviousOrders:true} {Subjects:[2] OrderType:9 TargetID:32 ClearPreviousOrders:true} {Subjects:[6] OrderType:2 TargetID:2634 ClearPreviousOrders:true} {Subjects:[7] OrderType:9 TargetID:32 ClearPreviousOrders:true} {Subjects:[8] OrderType:9 TargetID:32 ClearPreviousOrders:true} {Subjects:[9] OrderType:9 TargetID:32 ClearPreviousOrders:true} {Subjects:[10] OrderType:9 TargetID:32 ClearPreviousOrders:true} {Subjects:[11] OrderType:9 TargetID:32 ClearPreviousOrders:true} {Subjects:[12] OrderType:9 TargetID:32 ClearPreviousOrders:true} {Subjects:[13] OrderType:9 TargetID:32 ClearPreviousOrders:true} {Subjects:[14] OrderType:9 TargetID:32 ClearPreviousOrders:true} {Subjects:[15] OrderType:9 TargetID:32 ClearPreviousOrders:true} {Subjects:[16] OrderType:9 TargetID:32 ClearPreviousOrders:true} {Subjects:[17] OrderType:9 TargetID:32 ClearPreviousOrders:true} {Subjects:[18] OrderType:9 TargetID:32 ClearPreviousOrders:true} {Subjects:[19] OrderType:9 TargetID:32 ClearPreviousOrders:true} {Subjects:[20] OrderType:9 TargetID:32 ClearPreviousOrders:true} {Subjects:[21] OrderType:9 TargetID:32 ClearPreviousOrders:true} {Subjects:[22] OrderType:9 TargetID:32 ClearPreviousOrders:true} {Subjects:[23] OrderType:9 TargetID:32 ClearPreviousOrders:true} {Subjects:[24] OrderType:9 TargetID:32 ClearPreviousOrders:true} {Subjects:[25] OrderType:2 TargetID:2634 ClearPreviousOrders:true} {Subjects:[26] OrderType:2 TargetID:2634 ClearPreviousOrders:true} {Subjects:[27] OrderType:2 TargetID:2634 ClearPreviousOrders:true} {Subjects:[28] OrderType:2 TargetID:2634 ClearPreviousOrders:true} {Subjects:[29] OrderType:2 TargetID:2634 ClearPreviousOrders:true} {Subjects:[30] OrderType:2 TargetID:2634 ClearPreviousOrders:true}]
2026/09/30 21:20:38 ai ai-0: vars {"B":13,"Hv":6,"Pi":8,"aPowLocal":0,"aThreat":0,"a_engaged":0,"a_odds":1.3,"a_outnumbered":0,"army_target":50,"army_value":2870,"assault":0,"bank_rate":28,"bar_barracks":0.17072129748186085,"bar_redoubt":1.1111111111111112,"barracks":0,"barracks_B":0,"barracks_P":0,"barracks_save":0,"barracks_spend":78.1,"barracks_want":0,"buffer_food":70,"buffer_gold":0,"buffer_stone":0,"buffer_wood":70,"builders":0,"committed":0,"eB":15,"eGrowth":0,"eH":6,"eMil":29,"eP":8,"ePow":55,"ePowEst":55,"ePowSeen":55,"eTech":1,"eV":0,"es":30,"farm_want":0,"farm_wood_short":0,"farming":0,"fire_barracks":0,"fire_farm0":0,"fire_farm1":0,"fire_farm2":0,"fire_house":0,"fire_outpost":0,"fire_redoubt":0,"fire_smith":0,"fire_vc":0,"food_need":0,"food_over":0,"food_rate":0,"food_slots":1000,"food_workers":0,"free_room":23,"go":0,"gold_income":10,"gold_need":0,"gold_rate":0,"gold_surplus":78,"guaranteed":0,"guard_home":0,"headroom":-27,"hire_B":4200,"hire_P":6600,"homePow":0,"house_builders":0,"house_urgency":0,"house_want":0,"income_proj":0,"left":0,"lf_food":0,"lf_gold":0,"lf_stone":0,"lf_wood":0,"lump_food":0,"lump_gold":0,"lump_stone":0,"lump_wood":0,"maturity":0,"mil":27,"myTech":1,"n_barracks":0,"n_redoubts":0,"needB":16.971413252402044,"needP":6.028586747597955,"outpost_want":0,"pikes":0,"planned_food":0,"planned_gold":0,"planned_stone":0,"planned_wood":0,"prod_rate":0,"proj_army":2870,"raid_danger":55,"raid_fails":0,"raid_lost":2,"raid_pause":0,"raid_prev":3,"raid_size":3.9,"raid_wiped":0,"rate":6,"redoubt_H":0,"redoubt_gold_ok":1,"redoubt_save":0,"redoubt_spend":30,"redoubt_want":0,"redoubts":0,"rf_food":0,"rf_gold":0,"rf_stone":0,"rf_wood":0,"sB4":1.2624769599999992,"sP4":0.4484571648225309,"scale_l":0,"scale_r":0,"shareH":0.5085007727975271,"smith_want":0,"smiths":0,"spare":0,"spare_food":0.5,"stone_need":0,"stone_rate":0,"tH":29,"target_spend":400,"tech_food":50,"tech_gold":0,"tech_stone":0,"tech_wood":50,"threat_home":0,"turns_left":-270,"u_barracks":0.17620971013661,"u_redoubt":0.47460072127769204,"unit_spend":120,"vB":1.0599999999999998,"vH":1.0966666666666667,"vP":0.8183333333333334,"vc_want":0,"vcs":0,"vil_goal":50,"vil_rate":0,"vil_stamina":8,"vil_want":0,"vil_want_last":0,"vil_worth_now":0.6,"vils":0,"w_food":0,"w_gold":0,"w_stone":0,"w_wood":0,"wild_workers":0,"wood_need":0,"wood_rate":0,"workers":0}
2026/09/30 21:20:38 player action: submit-orders 0 1 map[orders:[{0 [1] 9 32 true} {0 [2] 9 32 true} {0 [6] 2 2634 true} {0 [7] 9 32 true} {0 [8] 9 32 true} {0 [9] 9 32 true} {0 [10] 9 32 true} {0 [11] 9 32 true} {0 [12] 9 32 true} {0 [13] 9 32 true} {0 [14] 9 32 true} {0 [15] 9 32 true} {0 [16] 9 32 true} {0 [17] 9 32 true} {0 [18] 9 32 true} {0 [19] 9 32 true} {0 [20] 9 32 true} {0 [21] 9 32 true} {0 [22] 9 32 true} {0 [23] 9 32 true} {0 [24] 9 32 true} {0 [25] 2 2634 true} {0 [26] 2 2634 true} {0 [27] 2 2634 true} {0 [28] 2 2634 true} {0 [29] 2 2634 true} {0 [30] 2 2634 true}]]
2026/09/30 21:20:38 Executing submit orders for: 0 [{0 [1] 9 32 true} {0 [2] 9 32 true} {0 [6] 2 2634 true} {0 [7] 9 32 true} {0 [8] 9 32 true} {0 [9] 9 32 true} {0 [10] 9 32 true} {0 [11] 9 32 true} {0 [12] 9 32 true} {0 [13] 9 32 true} {0 [14] 9 32 true} {0 [15] 9 32 true} {0 [16] 9 32 true} {0 [17] 9 32 true} {0 [18] 9 32 true} {0 [19] 9 32 true} {0 [20] 9 32 true} {0 [21] 9 32 true} {0 [22] 9 32 true} {0 [23] 9 32 true} {0 [24] 9 32 true} {0 [25] 2 2634 true} {0 [26] 2 2634 true} {0 [27] 2 2634 true} {0 [28] 2 2634 true} {0 [29] 2 2634 true} {0 [30] 2 2634 true}]
2026/09/30 21:20:38 Resolving active orders
2026/09/30 21:20:38 Moving unit 14 Blunt Infantry to zone(-1, 0) in space (2, -3) tick=1
2026/09/30 21:20:38 Moving unit 17 Piercing Infantry to zone(-1, 0) in space (1, -3) tick=1
2026/09/30 21:20:38 Moving unit 21 Piercing Infantry to zone(-1, 0) in space (1, -3) tick=1
2026/09/30 21:20:38 Moving unit 24 Piercing Infantry to zone(-1, 0) in space (1, -3) tick=1
2026/09/30 21:20:38 Moving unit 25 Heavy Infantry to zone(1, -1) in space (-2, 0) tick=1
2026/09/30 21:20:38 Moving unit 26 Heavy Infantry to zone(1, -1) in space (-2, 0) tick=1
2026/09/30 21:20:38 Moving unit 23 Piercing Infantry to zone(-1, 0) in space (1, -3) tick=1
2026/09/30 21:20:38 Moving unit 9 Blunt Infantry to zone(-1, 0) in space (2, -3) tick=1
2026/09/30 21:20:38 Moving unit 20 Piercing Infantry to zone(-1, 0) in space (1, -3) tick=1
2026/09/30 21:20:38 Moving unit 22 Piercing Infantry to zone(-1, 0) in space (1, -3) tick=1
2026/09/30 21:20:38 Moving unit 6 Blunt Infantry to zone(0, 1) in space (-1, 0) tick=1
2026/09/30 21:20:38 Moving unit 8 Blunt Infantry to zone(-1, 0) in space (2, -3) tick=1
2026/09/30 21:20:38 Moving unit 10 Blunt Infantry to zone(-1, 0) in space (2, -3) tick=1
2026/09/30 21:20:38 Moving unit 16 Blunt Infantry to zone(-1, 0) in space (2, -3) tick=1
2026/09/30 21:20:38 Moving unit 28 Heavy Infantry to zone(1, -1) in space (-2, 0) tick=1
2026/09/30 21:20:38 Moving unit 7 Blunt Infantry to zone(-1, 0) in space (2, -3) tick=1
2026/09/30 21:20:38 Moving unit 15 Blunt Infantry to zone(-1, 0) in space (2, -3) tick=1
2026/09/30 21:20:38 Moving unit 19 Piercing Infantry to zone(-1, 0) in space (1, -3) tick=1
2026/09/30 21:20:38 Moving unit 12 Blunt Infantry to zone(-1, 0) in space (2, -3) tick=1
2026/09/30 21:20:38 Moving unit 27 Heavy Infantry to zone(1, -1) in space (-2, 0) tick=1
2026/09/30 21:20:38 Moving unit 30 Heavy Infantry to zone(1, -1) in space (-2, 0) tick=1
2026/09/30 21:20:38 Moving unit 1 Blunt Infantry to zone(-1, 0) in space (2, -3) tick=1
2026/09/30 21:20:38 Moving unit 2 Blunt Infantry to zone(-1, 1) in space (1, -2) tick=1
2026/09/30 21:20:38 Moving unit 11 Blunt Infantry to zone(-1, 0) in space (2, -3) tick=1
2026/09/30 21:20:38 Moving unit 13 Blunt Infantry to zone(-1, 0) in space (2, -3) tick=1
2026/09/30 21:20:38 Moving unit 18 Piercing Infantry to zone(-1, 0) in space (1, -3) tick=1
2026/09/30 21:20:38 Moving unit 29 Heavy Infantry to zone(1, -1) in space (-2, 0) tick=1
2026/09/30 21:20:38 Moving unit 31 Blunt Infantry to zone(1, -1) in space (-4, 4) tick=1
2026/09/30 21:20:38 state_hash turn=7 tick=1 hash=74292570647a5d59
2026/09/30 21:20:38 Moving unit 9 Blunt Infantry to zone(0, 0) in space (2, -3) tick=2
2026/09/30 21:20:38 Moving unit 20 Piercing Infantry to zone(0, 0) in space (1, -3) tick=2
2026/09/30 21:20:38 Moving unit 22 Piercing Infantry to zone(0, 0) in space (1, -3) tick=2
2026/09/30 21:20:38 Moving unit 6 Blunt Infantry to zone(0, 0) in space (-1, 0) tick=2
2026/09/30 21:20:38 Moving unit 8 Blunt Infantry to zone(0, 0) in space (2, -3) tick=2
2026/09/30 21:20:38 Moving unit 10 Blunt Infantry to zone(0, 0) in space (2, -3) tick=2
2026/09/30 21:20:38 Moving unit 16 Blunt Infantry to zone(0, 0) in space (2, -3) tick=2
2026/09/30 21:20:38 Moving unit 28 Heavy Infantry to zone(-1, 1) in space (-1, -1) tick=2
2026/09/30 21:20:38 Moving unit 7 Blunt Infantry to zone(0, 0) in space (2, -3) tick=2
2026/09/30 21:20:38 Moving unit 15 Blunt Infantry to zone(0, 0) in space (2, -3) tick=2
2026/09/30 21:20:38 Moving unit 19 Piercing Infantry to zone(0, 0) in space (1, -3) tick=2
2026/09/30 21:20:38 Moving unit 12 Blunt Infantry to zone(0, 0) in space (2, -3) tick=2
2026/09/30 21:20:38 Moving unit 27 Heavy Infantry to zone(-1, 1) in space (-1, -1) tick=2
2026/09/30 21:20:38 Moving unit 30 Heavy Infantry to zone(-1, 1) in space (-1, -1) tick=2
2026/09/30 21:20:38 Moving unit 1 Blunt Infantry to zone(0, 0) in space (2, -3) tick=2
2026/09/30 21:20:38 Moving unit 2 Blunt Infantry to zone(0, 0) in space (1, -2) tick=2
2026/09/30 21:20:38 Moving unit 11 Blunt Infantry to zone(0, 0) in space (2, -3) tick=2
2026/09/30 21:20:38 Moving unit 13 Blunt Infantry to zone(0, 0) in space (2, -3) tick=2
2026/09/30 21:20:38 Moving unit 18 Piercing Infantry to zone(0, 0) in space (1, -3) tick=2
2026/09/30 21:20:38 Moving unit 29 Heavy Infantry to zone(-1, 1) in space (-1, -1) tick=2
2026/09/30 21:20:38 Moving unit 14 Blunt Infantry to zone(0, 0) in space (2, -3) tick=2
2026/09/30 21:20:38 Moving unit 17 Piercing Infantry to zone(0, 0) in space (1, -3) tick=2
2026/09/30 21:20:38 Moving unit 21 Piercing Infantry to zone(0, 0) in space (1, -3) tick=2
2026/09/30 21:20:38 Moving unit 24 Piercing Infantry to zone(0, 0) in space (1, -3) tick=2
2026/09/30 21:20:38 Moving unit 25 Heavy Infantry to zone(-1, 1) in space (-1, -1) tick=2
2026/09/30 21:20:38 Moving unit 26 Heavy Infantry to zone(-1, 1) in space (-1, -1) tick=2
2026/09/30 21:20:38 Moving unit 23 Piercing Infantry to zone(0, 0) in space (1, -3) tick=2
2026/09/30 21:20:38 Moving unit 57 Heavy Infantry to zone(-1, 0) in space (2, -3) tick=2
2026/09/30 21:20:38 Moving unit 35 Blunt Infantry to zone(-1, 0) in space (2, -3) tick=2
2026/09/30 21:20:38 Moving unit 37 Blunt Infantry to zone(-1, 0) in space (2, -3) tick=2
2026/09/30 21:20:38 Moving unit 39 Blunt Infantry to zone(-1, 0) in space (2, -3) tick=2
2026/09/30 21:20:38 Moving unit 46 Blunt Infantry to zone(-1, 0) in space (2, -3) tick=2
2026/09/30 21:20:38 Moving unit 40 Blunt Infantry to zone(-1, 0) in space (2, -3) tick=2
2026/09/30 21:20:38 Moving unit 53 Piercing Infantry to zone(-1, 0) in space (2, -3) tick=2
2026/09/30 21:20:38 Moving unit 60 Heavy Infantry to zone(-1, 0) in space (2, -3) tick=2
2026/09/30 21:20:38 Moving unit 38 Blunt Infantry to zone(-1, 0) in space (2, -3) tick=2
2026/09/30 21:20:38 Moving unit 41 Blunt Infantry to zone(-1, 0) in space (2, -3) tick=2
2026/09/30 21:20:38 Moving unit 48 Piercing Infantry to zone(-1, 0) in space (2, -3) tick=2
2026/09/30 21:20:38 Moving unit 59 Heavy Infantry to zone(-1, 0) in space (2, -3) tick=2
2026/09/30 21:20:38 Moving unit 56 Heavy Infantry to zone(-1, 0) in space (2, -3) tick=2
2026/09/30 21:20:38 Moving unit 34 Blunt Infantry to zone(-1, 0) in space (2, -3) tick=2
2026/09/30 21:20:38 Moving unit 43 Blunt Infantry to zone(-1, 0) in space (2, -3) tick=2
2026/09/30 21:20:38 Moving unit 51 Piercing Infantry to zone(-1, 0) in space (2, -3) tick=2
2026/09/30 21:20:38 Moving unit 52 Piercing Infantry to zone(-1, 0) in space (2, -3) tick=2
2026/09/30 21:20:38 Moving unit 33 Blunt Infantry to zone(-1, 0) in space (2, -3) tick=2
2026/09/30 21:20:38 Moving unit 42 Blunt Infantry to zone(-1, 0) in space (2, -3) tick=2
2026/09/30 21:20:38 Moving unit 49 Piercing Infantry to zone(-1, 0) in space (2, -3) tick=2
2026/09/30 21:20:38 Moving unit 50 Piercing Infantry to zone(-1, 0) in space (2, -3) tick=2
2026/09/30 21:20:38 Moving unit 45 Blunt Infantry to zone(-1, 0) in space (2, -3) tick=2
2026/09/30 21:20:38 Moving unit 54 Piercing Infantry to zone(-1, 0) in space (2, -3) tick=2
2026/09/30 21:20:38 Moving unit 31 Blunt Infantry to zone(-1, 1) in space (-3, 3) tick=2
2026/09/30 21:20:38 Moving unit 32 Blunt Infantry to zone(-1, 0) in space (2, -3) tick=2
2026/09/30 21:20:38 Moving unit 36 Blunt Infantry to zone(-1, 0) in space (2, -3) tick=2
2026/09/30 21:20:38 Moving unit 44 Blunt Infantry to zone(-1, 0) in space (2, -3) tick=2
2026/09/30 21:20:38 Moving unit 47 Piercing Infantry to zone(-1, 0) in space (2, -3) tick=2
2026/09/30 21:20:38 Moving unit 55 Heavy Infantry to zone(-1, 0) in space (2, -3) tick=2
2026/09/30 21:20:38 Moving unit 58 Heavy Infantry to zone(-1, 0) in space (2, -3) tick=2
2026/09/30 21:20:38 state_hash turn=7 tick=2 hash=0e1608f1a465d16c
2026/09/30 21:20:38 Moving unit 9 Blunt Infantry to zone(-1, 0) in space (2, -3) tick=3
2026/09/30 21:20:38 Moving unit 20 Piercing Infantry to zone(1, 0) in space (1, -3) tick=3
2026/09/30 21:20:38 Moving unit 22 Piercing Infantry to zone(1, 0) in space (1, -3) tick=3
2026/09/30 21:20:38 Moving unit 6 Blunt Infantry to zone(1, -1) in space (-1, 0) tick=3
2026/09/30 21:20:38 Moving unit 8 Blunt Infantry to zone(-1, 0) in space (2, -3) tick=3
2026/09/30 21:20:38 Moving unit 10 Blunt Infantry to zone(-1, 0) in space (2, -3) tick=3
2026/09/30 21:20:38 Moving unit 16 Blunt Infantry to zone(-1, 0) in space (2, -3) tick=3
2026/09/30 21:20:38 Moving unit 28 Heavy Infantry to zone(0, 0) in space (-1, -1) tick=3
2026/09/30 21:20:38 Moving unit 7 Blunt Infantry to zone(-1, 0) in space (2, -3) tick=3
2026/09/30 21:20:38 Moving unit 15 Blunt Infantry to zone(-1, 0) in space (2, -3) tick=3
2026/09/30 21:20:38 Moving unit 19 Piercing Infantry to zone(1, 0) in space (1, -3) tick=3
2026/09/30 21:20:38 Moving unit 12 Blunt Infantry to zone(-1, 0) in space (2, -3) tick=3
2026/09/30 21:20:38 Moving unit 27 Heavy Infantry to zone(0, 0) in space (-1, -1) tick=3
2026/09/30 21:20:38 Moving unit 30 Heavy Infantry to zone(0, 0) in space (-1, -1) tick=3
2026/09/30 21:20:38 Moving unit 1 Blunt Infantry to zone(-1, 0) in space (2, -3) tick=3
2026/09/30 21:20:38 Moving unit 2 Blunt Infantry to zone(1, -1) in space (1, -2) tick=3
2026/09/30 21:20:38 Moving unit 11 Blunt Infantry to zone(-1, 0) in space (2, -3) tick=3
2026/09/30 21:20:38 Moving unit 13 Blunt Infantry to zone(-1, 0) in space (2, -3) tick=3
2026/09/30 21:20:38 Moving unit 18 Piercing Infantry to zone(1, 0) in space (1, -3) tick=3
2026/09/30 21:20:38 Moving unit 29 Heavy Infantry to zone(0, 0) in space (-1, -1) tick=3
2026/09/30 21:20:38 Moving unit 14 Blunt Infantry to zone(-1, 0) in space (2, -3) tick=3
2026/09/30 21:20:38 Moving unit 17 Piercing Infantry to zone(1, 0) in space (1, -3) tick=3
2026/09/30 21:20:38 Moving unit 21 Piercing Infantry to zone(1, 0) in space (1, -3) tick=3
2026/09/30 21:20:38 Moving unit 24 Piercing Infantry to zone(1, 0) in space (1, -3) tick=3
2026/09/30 21:20:38 Moving unit 25 Heavy Infantry to zone(0, 0) in space (-1, -1) tick=3
2026/09/30 21:20:38 Moving unit 26 Heavy Infantry to zone(0, 0) in space (-1, -1) tick=3
2026/09/30 21:20:38 Moving unit 23 Piercing Infantry to zone(1, 0) in space (1, -3) tick=3
2026/09/30 21:20:38 Moving unit 31 Blunt Infantry to zone(0, 0) in space (-3, 3) tick=3
2026/09/30 21:20:38 Moving unit 32 Blunt Infantry to zone(0, 0) in space (2, -3) tick=3
2026/09/30 21:20:38 Moving unit 36 Blunt Infantry to zone(0, 0) in space (2, -3) tick=3
2026/09/30 21:20:38 Moving unit 44 Blunt Infantry to zone(0, 0) in space (2, -3) tick=3
2026/09/30 21:20:38 Moving unit 47 Piercing Infantry to zone(0, 0) in space (2, -3) tick=3
2026/09/30 21:20:38 Moving unit 55 Heavy Infantry to zone(0, 0) in space (2, -3) tick=3
2026/09/30 21:20:38 Moving unit 58 Heavy Infantry to zone(0, 0) in space (2, -3) tick=3
2026/09/30 21:20:38 Moving unit 57 Heavy Infantry to zone(0, 0) in space (2, -3) tick=3
2026/09/30 21:20:38 Moving unit 35 Blunt Infantry to zone(0, 0) in space (2, -3) tick=3
2026/09/30 21:20:38 Moving unit 37 Blunt Infantry to zone(0, 0) in space (2, -3) tick=3
2026/09/30 21:20:38 Moving unit 39 Blunt Infantry to zone(0, 0) in space (2, -3) tick=3
2026/09/30 21:20:38 Moving unit 46 Blunt Infantry to zone(0, 0) in space (2, -3) tick=3
2026/09/30 21:20:38 Moving unit 40 Blunt Infantry to zone(0, 0) in space (2, -3) tick=3
2026/09/30 21:20:38 Moving unit 53 Piercing Infantry to zone(0, 0) in space (2, -3) tick=3
2026/09/30 21:20:38 Moving unit 60 Heavy Infantry to zone(0, 0) in space (2, -3) tick=3
2026/09/30 21:20:38 Moving unit 38 Blunt Infantry to zone(0, 0) in space (2, -3) tick=3
2026/09/30 21:20:38 Moving unit 41 Blunt Infantry to zone(0, 0) in space (2, -3) tick=3
2026/09/30 21:20:38 Moving unit 48 Piercing Infantry to zone(0, 0) in space (2, -3) tick=3
2026/09/30 21:20:38 Moving unit 59 Heavy Infantry to zone(0, 0) in space (2, -3) tick=3
2026/09/30 21:20:38 Moving unit 56 Heavy Infantry to zone(0, 0) in space (2, -3) tick=3
2026/09/30 21:20:38 Moving unit 34 Blunt Infantry to zone(0, 0) in space (2, -3) tick=3
2026/09/30 21:20:38 Moving unit 43 Blunt Infantry to zone(0, 0) in space (2, -3) tick=3
2026/09/30 21:20:38 Moving unit 51 Piercing Infantry to zone(0, 0) in space (2, -3) tick=3
2026/09/30 21:20:38 Moving unit 52 Piercing Infantry to zone(0, 0) in space (2, -3) tick=3
2026/09/30 21:20:38 Moving unit 33 Blunt Infantry to zone(0, 0) in space (2, -3) tick=3
2026/09/30 21:20:38 Moving unit 42 Blunt Infantry to zone(0, 0) in space (2, -3) tick=3
2026/09/30 21:20:38 Moving unit 49 Piercing Infantry to zone(0, 0) in space (2, -3) tick=3
2026/09/30 21:20:38 Moving unit 50 Piercing Infantry to zone(0, 0) in space (2, -3) tick=3
2026/09/30 21:20:38 Moving unit 45 Blunt Infantry to zone(0, 0) in space (2, -3) tick=3
2026/09/30 21:20:38 Moving unit 54 Piercing Infantry to zone(0, 0) in space (2, -3) tick=3
2026/09/30 21:20:38 state_hash turn=7 tick=3 hash=17cd917d8291769d
2026/09/30 21:20:38 Moving unit 6 Blunt Infantry to zone(-1, 1) in space (0, -1) tick=4
2026/09/30 21:20:38 Moving unit 8 Blunt Infantry to zone(0, 0) in space (2, -3) tick=4
2026/09/30 21:20:38 Moving unit 10 Blunt Infantry to zone(0, 0) in space (2, -3) tick=4
2026/09/30 21:20:38 Moving unit 16 Blunt Infantry to zone(0, 0) in space (2, -3) tick=4
2026/09/30 21:20:38 Moving unit 7 Blunt Infantry to zone(0, 0) in space (2, -3) tick=4
2026/09/30 21:20:38 Moving unit 15 Blunt Infantry to zone(0, 0) in space (2, -3) tick=4
2026/09/30 21:20:38 Moving unit 19 Piercing Infantry to zone(-1, 0) in space (2, -3) tick=4
2026/09/30 21:20:38 Moving unit 12 Blunt Infantry to zone(0, 0) in space (2, -3) tick=4
2026/09/30 21:20:38 Moving unit 1 Blunt Infantry to zone(0, 0) in space (2, -3) tick=4
2026/09/30 21:20:38 Moving unit 2 Blunt Infantry to zone(-1, 1) in space (2, -3) tick=4
2026/09/30 21:20:38 Moving unit 11 Blunt Infantry to zone(0, 0) in space (2, -3) tick=4
2026/09/30 21:20:38 Moving unit 13 Blunt Infantry to zone(0, 0) in space (2, -3) tick=4
2026/09/30 21:20:38 Moving unit 18 Piercing Infantry to zone(-1, 0) in space (2, -3) tick=4
2026/09/30 21:20:38 Moving unit 14 Blunt Infantry to zone(0, 0) in space (2, -3) tick=4
2026/09/30 21:20:38 Moving unit 17 Piercing Infantry to zone(-1, 0) in space (2, -3) tick=4
2026/09/30 21:20:38 Moving unit 21 Piercing Infantry to zone(-1, 0) in space (2, -3) tick=4
2026/09/30 21:20:38 Moving unit 24 Piercing Infantry to zone(-1, 0) in space (2, -3) tick=4
2026/09/30 21:20:38 Moving unit 23 Piercing Infantry to zone(-1, 0) in space (2, -3) tick=4
2026/09/30 21:20:38 Moving unit 9 Blunt Infantry to zone(0, 0) in space (2, -3) tick=4
2026/09/30 21:20:38 Moving unit 20 Piercing Infantry to zone(-1, 0) in space (2, -3) tick=4
2026/09/30 21:20:38 Moving unit 22 Piercing Infantry to zone(-1, 0) in space (2, -3) tick=4
2026/09/30 21:20:38 Moving unit 51 Piercing Infantry to zone(-1, 0) in space (2, -3) tick=4
2026/09/30 21:20:38 Moving unit 52 Piercing Infantry to zone(-1, 0) in space (2, -3) tick=4
2026/09/30 21:20:38 Moving unit 33 Blunt Infantry to zone(-1, 0) in space (2, -3) tick=4
2026/09/30 21:20:38 Moving unit 42 Blunt Infantry to zone(-1, 0) in space (2, -3) tick=4
2026/09/30 21:20:38 Moving unit 49 Piercing Infantry to zone(-1, 0) in space (2, -3) tick=4
2026/09/30 21:20:38 Moving unit 50 Piercing Infantry to zone(-1, 0) in space (2, -3) tick=4
2026/09/30 21:20:38 Moving unit 45 Blunt Infantry to zone(-1, 0) in space (2, -3) tick=4
2026/09/30 21:20:38 Moving unit 54 Piercing Infantry to zone(-1, 0) in space (2, -3) tick=4
2026/09/30 21:20:38 Moving unit 31 Blunt Infantry to zone(1, -1) in space (-3, 3) tick=4
2026/09/30 21:20:38 Moving unit 32 Blunt Infantry to zone(-1, 0) in space (2, -3) tick=4
2026/09/30 21:20:38 Moving unit 36 Blunt Infantry to zone(-1, 0) in space (2, -3) tick=4
2026/09/30 21:20:38 Moving unit 44 Blunt Infantry to zone(-1, 0) in space (2, -3) tick=4
2026/09/30 21:20:38 Moving unit 47 Piercing Infantry to zone(-1, 0) in space (2, -3) tick=4
2026/09/30 21:20:38 Moving unit 55 Heavy Infantry to zone(-1, 0) in space (2, -3) tick=4
2026/09/30 21:20:38 Moving unit 58 Heavy Infantry to zone(-1, 0) in space (2, -3) tick=4
2026/09/30 21:20:38 Moving unit 57 Heavy Infantry to zone(-1, 0) in space (2, -3) tick=4
2026/09/30 21:20:38 Moving unit 35 Blunt Infantry to zone(-1, 0) in space (2, -3) tick=4
2026/09/30 21:20:38 Moving unit 37 Blunt Infantry to zone(-1, 0) in space (2, -3) tick=4
2026/09/30 21:20:38 Moving unit 39 Blunt Infantry to zone(-1, 0) in space (2, -3) tick=4
2026/09/30 21:20:38 Moving unit 46 Blunt Infantry to zone(-1, 0) in space (2, -3) tick=4
2026/09/30 21:20:38 Moving unit 40 Blunt Infantry to zone(-1, 0) in space (2, -3) tick=4
2026/09/30 21:20:38 Moving unit 53 Piercing Infantry to zone(-1, 0) in space (2, -3) tick=4
2026/09/30 21:20:38 Moving unit 60 Heavy Infantry to zone(-1, 0) in space (2, -3) tick=4
2026/09/30 21:20:38 Moving unit 38 Blunt Infantry to zone(-1, 0) in space (2, -3) tick=4
2026/09/30 21:20:38 Moving unit 41 Blunt Infantry to zone(-1, 0) in space (2, -3) tick=4
2026/09/30 21:20:38 Moving unit 48 Piercing Infantry to zone(-1, 0) in space (2, -3) tick=4
2026/09/30 21:20:38 Moving unit 59 Heavy Infantry to zone(-1, 0) in space (2, -3) tick=4
2026/09/30 21:20:38 Moving unit 56 Heavy Infantry to zone(-1, 0) in space (2, -3) tick=4
2026/09/30 21:20:38 Moving unit 34 Blunt Infantry to zone(-1, 0) in space (2, -3) tick=4
2026/09/30 21:20:38 Moving unit 43 Blunt Infantry to zone(-1, 0) in space (2, -3) tick=4
2026/09/30 21:20:38 state_hash turn=7 tick=4 hash=20f0e3efc23b6d69
2026/09/30 21:20:38 Moving unit 14 Blunt Infantry to zone(-1, 0) in space (2, -3) tick=5
2026/09/30 21:20:38 combat turn=7 tick=5: 17 u12 (player 0, stamina 2) hits 32 u11 (player 1) for 1.80
2026/09/30 21:20:38 combat turn=7 tick=5: 21 u12 (player 0, stamina 2) hits 32 u11 (player 1) for 1.80
2026/09/30 21:20:38 combat turn=7 tick=5: 24 u12 (player 0, stamina 2) hits 32 u11 (player 1) for 1.80
2026/09/30 21:20:38 combat turn=7 tick=5: 23 u12 (player 0, stamina 2) hits 32 u11 (player 1) for 1.80
2026/09/30 21:20:38 Moving unit 9 Blunt Infantry to zone(-1, 0) in space (2, -3) tick=5
2026/09/30 21:20:38 combat turn=7 tick=5: 20 u12 (player 0, stamina 2) hits 32 u11 (player 1) for 1.80
2026/09/30 21:20:38 combat turn=7 tick=5: 22 u12 (player 0, stamina 2) hits 32 u11 (player 1) for 1.80
2026/09/30 21:20:38 Moving unit 6 Blunt Infantry to zone(0, 0) in space (0, -1) tick=5
2026/09/30 21:20:38 Moving unit 8 Blunt Infantry to zone(-1, 0) in space (2, -3) tick=5
2026/09/30 21:20:38 Moving unit 10 Blunt Infantry to zone(-1, 0) in space (2, -3) tick=5
2026/09/30 21:20:38 Moving unit 16 Blunt Infantry to zone(-1, 0) in space (2, -3) tick=5
2026/09/30 21:20:38 Moving unit 7 Blunt Infantry to zone(-1, 0) in space (2, -3) tick=5
2026/09/30 21:20:38 Moving unit 15 Blunt Infantry to zone(-1, 0) in space (2, -3) tick=5
2026/09/30 21:20:38 combat turn=7 tick=5: 19 u12 (player 0, stamina 2) hits 32 u11 (player 1) for 1.80
2026/09/30 21:20:38 Moving unit 12 Blunt Infantry to zone(-1, 0) in space (2, -3) tick=5
2026/09/30 21:20:38 Moving unit 1 Blunt Infantry to zone(-1, 0) in space (2, -3) tick=5
2026/09/30 21:20:38 Moving unit 2 Blunt Infantry to zone(-1, 0) in space (2, -3) tick=5
2026/09/30 21:20:38 Moving unit 11 Blunt Infantry to zone(-1, 0) in space (2, -3) tick=5
2026/09/30 21:20:38 Moving unit 13 Blunt Infantry to zone(-1, 0) in space (2, -3) tick=5
2026/09/30 21:20:38 combat turn=7 tick=5: 18 u12 (player 0, stamina 2) hits 32 u11 (player 1) for 1.80
2026/09/30 21:20:38 combat turn=7 tick=5: 40 u11 (player 1, stamina 3) hits 17 u12 (player 0) for 1.50
2026/09/30 21:20:38 combat turn=7 tick=5: 53 u12 (player 1, stamina 3) hits 17 u12 (player 0) for 2.40
2026/09/30 21:20:38 combat turn=7 tick=5: 60 u13 (player 1, stamina 3) hits 17 u12 (player 0) for 4.54
2026/09/30 21:20:38 combat turn=7 tick=5: 38 u11 (player 1, stamina 3) hits 17 u12 (player 0) for 1.50
2026/09/30 21:20:38 combat turn=7 tick=5: 41 u11 (player 1, stamina 3) hits 17 u12 (player 0) for 1.50
2026/09/30 21:20:38 combat turn=7 tick=5: 48 u12 (player 1, stamina 3) hits 17 u12 (player 0) for 2.40
2026/09/30 21:20:38 combat turn=7 tick=5: 59 u13 (player 1, stamina 3) hits 17 u12 (player 0) for 4.54
2026/09/30 21:20:38 combat turn=7 tick=5: 56 u13 (player 1, stamina 3) hits 17 u12 (player 0) for 4.54
2026/09/30 21:20:38 combat turn=7 tick=5: 34 u11 (player 1, stamina 3) hits 17 u12 (player 0) for 1.50
2026/09/30 21:20:38 combat turn=7 tick=5: 43 u11 (player 1, stamina 3) hits 17 u12 (player 0) for 1.50
2026/09/30 21:20:38 combat turn=7 tick=5: 51 u12 (player 1, stamina 3) hits 17 u12 (player 0) for 2.40
2026/09/30 21:20:38 combat turn=7 tick=5: 52 u12 (player 1, stamina 3) hits 17 u12 (player 0) for 2.40
2026/09/30 21:20:38 combat turn=7 tick=5: 33 u11 (player 1, stamina 3) hits 17 u12 (player 0) for 1.50
2026/09/30 21:20:38 combat turn=7 tick=5: 42 u11 (player 1, stamina 3) hits 17 u12 (player 0) for 1.50
2026/09/30 21:20:38 combat turn=7 tick=5: 49 u12 (player 1, stamina 3) hits 17 u12 (player 0) for 2.40
2026/09/30 21:20:38 combat turn=7 tick=5: 50 u12 (player 1, stamina 3) hits 17 u12 (player 0) for 2.40
2026/09/30 21:20:38 combat turn=7 tick=5: 45 u11 (player 1, stamina 3) hits 17 u12 (player 0) for 1.50
2026/09/30 21:20:38 combat turn=7 tick=5: 54 u12 (player 1, stamina 3) hits 17 u12 (player 0) for 2.40
2026/09/30 21:20:38 Moving unit 31 Blunt Infantry to zone(-1, 1) in space (-2, 2) tick=5
2026/09/30 21:20:38 combat turn=7 tick=5: 32 u11 (player 1, stamina 3) hits 17 u12 (player 0) for 1.50
2026/09/30 21:20:38 combat turn=7 tick=5: 36 u11 (player 1, stamina 3) hits 17 u12 (player 0) for 1.50
2026/09/30 21:20:38 combat turn=7 tick=5: 44 u11 (player 1, stamina 3) hits 17 u12 (player 0) for 1.50
2026/09/30 21:20:38 combat turn=7 tick=5: 47 u12 (player 1, stamina 3) hits 17 u12 (player 0) for 2.40
2026/09/30 21:20:38 combat turn=7 tick=5: 55 u13 (player 1, stamina 3) hits 17 u12 (player 0) for 4.54
2026/09/30 21:20:38 combat turn=7 tick=5: 58 u13 (player 1, stamina 3) hits 17 u12 (player 0) for 4.54
2026/09/30 21:20:38 combat turn=7 tick=5: 57 u13 (player 1, stamina 3) hits 17 u12 (player 0) for 4.54
2026/09/30 21:20:38 combat turn=7 tick=5: 35 u11 (player 1, stamina 3) hits 17 u12 (player 0) for 1.50
2026/09/30 21:20:38 combat turn=7 tick=5: 37 u11 (player 1, stamina 3) hits 17 u12 (player 0) for 1.50
2026/09/30 21:20:38 combat turn=7 tick=5: 39 u11 (player 1, stamina 3) hits 17 u12 (player 0) for 1.50
2026/09/30 21:20:38 combat turn=7 tick=5: 46 u11 (player 1, stamina 3) hits 17 u12 (player 0) for 1.50
2026/09/30 21:20:38 state_hash turn=7 tick=5 hash=009cb9e0244baefb
2026/09/30 21:20:38 combat turn=7 tick=6: 14 u11 (player 0, stamina 3) hits 33 u11 (player 1) for 1.80
2026/09/30 21:20:38 combat turn=7 tick=6: 9 u11 (player 0, stamina 3) hits 33 u11 (player 1) for 1.80
2026/09/30 21:20:38 Moving unit 6 Blunt Infantry to zone(1, -1) in space (0, -1) tick=6
2026/09/30 21:20:38 combat turn=7 tick=6: 8 u11 (player 0, stamina 3) hits 33 u11 (player 1) for 1.80
2026/09/30 21:20:38 combat turn=7 tick=6: 10 u11 (player 0, stamina 3) hits 33 u11 (player 1) for 1.80
2026/09/30 21:20:38 combat turn=7 tick=6: 16 u11 (player 0, stamina 3) hits 33 u11 (player 1) for 1.80
2026/09/30 21:20:38 combat turn=7 tick=6: 7 u11 (player 0, stamina 3) hits 33 u11 (player 1) for 1.80
2026/09/30 21:20:38 combat turn=7 tick=6: 15 u11 (player 0, stamina 3) hits 33 u11 (player 1) for 1.80
2026/09/30 21:20:38 combat turn=7 tick=6: 12 u11 (player 0, stamina 3) hits 33 u11 (player 1) for 1.80
2026/09/30 21:20:38 combat turn=7 tick=6: 1 u11 (player 0, stamina 3) hits 33 u11 (player 1) for 1.80
2026/09/30 21:20:38 combat turn=7 tick=6: 2 u11 (player 0, stamina 3) hits 33 u11 (player 1) for 1.80
2026/09/30 21:20:38 combat turn=7 tick=6: 11 u11 (player 0, stamina 3) hits 33 u11 (player 1) for 1.80
2026/09/30 21:20:38 combat turn=7 tick=6: 13 u11 (player 0, stamina 3) hits 33 u11 (player 1) for 1.80
2026/09/30 21:20:38 combat turn=7 tick=6: 37 u11 (player 1, stamina 3) hits 1 u11 (player 0) for 1.80
2026/09/30 21:20:38 combat turn=7 tick=6: 39 u11 (player 1, stamina 3) hits 1 u11 (player 0) for 1.80
2026/09/30 21:20:38 combat turn=7 tick=6: 46 u11 (player 1, stamina 3) hits 1 u11 (player 0) for 1.80
2026/09/30 21:20:38 combat turn=7 tick=6: 40 u11 (player 1, stamina 3) hits 1 u11 (player 0) for 1.80
2026/09/30 21:20:38 combat turn=7 tick=6: 53 u12 (player 1, stamina 3) hits 1 u11 (player 0) for 2.70
2026/09/30 21:20:38 combat turn=7 tick=6: 60 u13 (player 1, stamina 2) hits 1 u11 (player 0) for 3.41
2026/09/30 21:20:38 combat turn=7 tick=6: 38 u11 (player 1, stamina 3) hits 1 u11 (player 0) for 1.80
2026/09/30 21:20:38 combat turn=7 tick=6: 41 u11 (player 1, stamina 3) hits 1 u11 (player 0) for 1.80
2026/09/30 21:20:38 combat turn=7 tick=6: 48 u12 (player 1, stamina 3) hits 1 u11 (player 0) for 2.70
2026/09/30 21:20:38 combat turn=7 tick=6: 59 u13 (player 1, stamina 2) hits 1 u11 (player 0) for 3.41
2026/09/30 21:20:38 combat turn=7 tick=6: 56 u13 (player 1, stamina 2) hits 1 u11 (player 0) for 3.41
2026/09/30 21:20:38 combat turn=7 tick=6: 34 u11 (player 1, stamina 3) hits 1 u11 (player 0) for 1.80
2026/09/30 21:20:38 combat turn=7 tick=6: 43 u11 (player 1, stamina 3) hits 1 u11 (player 0) for 1.80
2026/09/30 21:20:38 combat turn=7 tick=6: 51 u12 (player 1, stamina 3) hits 1 u11 (player 0) for 2.70
2026/09/30 21:20:38 combat turn=7 tick=6: 52 u12 (player 1, stamina 3) hits 1 u11 (player 0) for 2.70
2026/09/30 21:20:38 combat turn=7 tick=6: 33 u11 (player 1, stamina 3) hits 1 u11 (player 0) for 1.80
2026/09/30 21:20:38 combat turn=7 tick=6: 42 u11 (player 1, stamina 3) hits 1 u11 (player 0) for 1.80
2026/09/30 21:20:38 combat turn=7 tick=6: 49 u12 (player 1, stamina 3) hits 1 u11 (player 0) for 2.70
2026/09/30 21:20:38 combat turn=7 tick=6: 50 u12 (player 1, stamina 3) hits 1 u11 (player 0) for 2.70
2026/09/30 21:20:38 combat turn=7 tick=6: 45 u11 (player 1, stamina 3) hits 1 u11 (player 0) for 1.80
2026/09/30 21:20:38 combat turn=7 tick=6: 54 u12 (player 1, stamina 3) hits 1 u11 (player 0) for 2.70
2026/09/30 21:20:38 Moving unit 31 Blunt Infantry to zone(0, 0) in space (-2, 2) tick=6
2026/09/30 21:20:38 combat turn=7 tick=6: 36 u11 (player 1, stamina 3) hits 1 u11 (player 0) for 1.80
2026/09/30 21:20:38 combat turn=7 tick=6: 44 u11 (player 1, stamina 3) hits 1 u11 (player 0) for 1.80
2026/09/30 21:20:38 combat turn=7 tick=6: 47 u12 (player 1, stamina 3) hits 1 u11 (player 0) for 2.70
2026/09/30 21:20:38 combat turn=7 tick=6: 55 u13 (player 1, stamina 2) hits 1 u11 (player 0) for 3.41
2026/09/30 21:20:38 combat turn=7 tick=6: 58 u13 (player 1, stamina 2) hits 1 u11 (player 0) for 3.41
2026/09/30 21:20:38 combat turn=7 tick=6: 57 u13 (player 1, stamina 2) hits 1 u11 (player 0) for 3.41
2026/09/30 21:20:38 combat turn=7 tick=6: 35 u11 (player 1, stamina 3) hits 1 u11 (player 0) for 1.80
2026/09/30 21:20:38 state_hash turn=7 tick=6 hash=e0ab3ba79bc79558
2026/09/30 21:20:38 combat turn=7 tick=7: 9 u11 (player 0, stamina 3) hits 34 u11 (player 1) for 1.80
2026/09/30 21:20:38 combat turn=7 tick=7: 8 u11 (player 0, stamina 3) hits 34 u11 (player 1) for 1.80
2026/09/30 21:20:38 combat turn=7 tick=7: 10 u11 (player 0, stamina 3) hits 34 u11 (player 1) for 1.80
2026/09/30 21:20:38 combat turn=7 tick=7: 16 u11 (player 0, stamina 3) hits 34 u11 (player 1) for 1.80
2026/09/30 21:20:38 combat turn=7 tick=7: 7 u11 (player 0, stamina 3) hits 34 u11 (player 1) for 1.80
2026/09/30 21:20:38 combat turn=7 tick=7: 15 u11 (player 0, stamina 3) hits 34 u11 (player 1) for 1.80
2026/09/30 21:20:38 combat turn=7 tick=7: 12 u11 (player 0, stamina 3) hits 34 u11 (player 1) for 1.80
2026/09/30 21:20:38 combat turn=7 tick=7: 2 u11 (player 0, stamina 2) hits 34 u11 (player 1) for 1.20
2026/09/30 21:20:38 combat turn=7 tick=7: 11 u11 (player 0, stamina 3) hits 34 u11 (player 1) for 1.80
2026/09/30 21:20:38 combat turn=7 tick=7: 13 u11 (player 0, stamina 3) hits 34 u11 (player 1) for 1.80
2026/09/30 21:20:38 combat turn=7 tick=7: 14 u11 (player 0, stamina 3) hits 34 u11 (player 1) for 1.80
2026/09/30 21:20:38 combat turn=7 tick=7: 34 u11 (player 1, stamina 3) hits 2 u11 (player 0) for 1.80
2026/09/30 21:20:38 combat turn=7 tick=7: 43 u11 (player 1, stamina 3) hits 2 u11 (player 0) for 1.80
2026/09/30 21:20:38 combat turn=7 tick=7: 51 u12 (player 1, stamina 3) hits 2 u11 (player 0) for 2.70
2026/09/30 21:20:38 combat turn=7 tick=7: 52 u12 (player 1, stamina 3) hits 2 u11 (player 0) for 2.70
2026/09/30 21:20:38 combat turn=7 tick=7: 42 u11 (player 1, stamina 3) hits 2 u11 (player 0) for 1.80
2026/09/30 21:20:38 combat turn=7 tick=7: 49 u12 (player 1, stamina 3) hits 2 u11 (player 0) for 2.70
2026/09/30 21:20:38 combat turn=7 tick=7: 50 u12 (player 1, stamina 3) hits 2 u11 (player 0) for 2.70
2026/09/30 21:20:38 combat turn=7 tick=7: 45 u11 (player 1, stamina 3) hits 2 u11 (player 0) for 1.80
2026/09/30 21:20:38 combat turn=7 tick=7: 54 u12 (player 1, stamina 3) hits 2 u11 (player 0) for 2.70
2026/09/30 21:20:38 combat turn=7 tick=7: 36 u11 (player 1, stamina 3) hits 2 u11 (player 0) for 1.80
2026/09/30 21:20:38 combat turn=7 tick=7: 44 u11 (player 1, stamina 3) hits 2 u11 (player 0) for 1.80
2026/09/30 21:20:38 combat turn=7 tick=7: 47 u12 (player 1, stamina 3) hits 2 u11 (player 0) for 2.70
2026/09/30 21:20:38 combat turn=7 tick=7: 35 u11 (player 1, stamina 3) hits 2 u11 (player 0) for 1.80
2026/09/30 21:20:38 combat turn=7 tick=7: 37 u11 (player 1, stamina 3) hits 2 u11 (player 0) for 1.80
2026/09/30 21:20:38 combat turn=7 tick=7: 39 u11 (player 1, stamina 3) hits 2 u11 (player 0) for 1.80
2026/09/30 21:20:38 combat turn=7 tick=7: 46 u11 (player 1, stamina 3) hits 2 u11 (player 0) for 1.80
2026/09/30 21:20:38 combat turn=7 tick=7: 40 u11 (player 1, stamina 3) hits 2 u11 (player 0) for 1.80
2026/09/30 21:20:38 combat turn=7 tick=7: 53 u12 (player 1, stamina 3) hits 2 u11 (player 0) for 2.70
2026/09/30 21:20:38 combat turn=7 tick=7: 38 u11 (player 1, stamina 3) hits 2 u11 (player 0) for 1.80
2026/09/30 21:20:38 combat turn=7 tick=7: 41 u11 (player 1, stamina 3) hits 2 u11 (player 0) for 1.80
2026/09/30 21:20:38 combat turn=7 tick=7: 48 u12 (player 1, stamina 3) hits 2 u11 (player 0) for 2.70
2026/09/30 21:20:38 state_hash turn=7 tick=7 hash=31b8c3066440909e
2026/09/30 21:20:38 combat turn=7 tick=8: 9 u11 (player 0, stamina 2) hits 35 u11 (player 1) for 1.20
2026/09/30 21:20:38 combat turn=7 tick=8: 8 u11 (player 0, stamina 2) hits 35 u11 (player 1) for 1.20
2026/09/30 21:20:38 combat turn=7 tick=8: 10 u11 (player 0, stamina 2) hits 35 u11 (player 1) for 1.20
2026/09/30 21:20:38 combat turn=7 tick=8: 16 u11 (player 0, stamina 2) hits 35 u11 (player 1) for 1.20
2026/09/30 21:20:38 combat turn=7 tick=8: 7 u11 (player 0, stamina 2) hits 35 u11 (player 1) for 1.20
2026/09/30 21:20:38 combat turn=7 tick=8: 15 u11 (player 0, stamina 2) hits 35 u11 (player 1) for 1.20
2026/09/30 21:20:38 combat turn=7 tick=8: 12 u11 (player 0, stamina 2) hits 35 u11 (player 1) for 1.20
2026/09/30 21:20:38 combat turn=7 tick=8: 11 u11 (player 0, stamina 2) hits 35 u11 (player 1) for 1.20
2026/09/30 21:20:38 combat turn=7 tick=8: 13 u11 (player 0, stamina 2) hits 35 u11 (player 1) for 1.20
2026/09/30 21:20:38 combat turn=7 tick=8: 14 u11 (player 0, stamina 2) hits 35 u11 (player 1) for 1.20
2026/09/30 21:20:38 combat turn=7 tick=8: 42 u11 (player 1, stamina 3) hits 7 u11 (player 0) for 1.80
2026/09/30 21:20:38 combat turn=7 tick=8: 45 u11 (player 1, stamina 3) hits 7 u11 (player 0) for 1.80
2026/09/30 21:20:38 combat turn=7 tick=8: 36 u11 (player 1, stamina 3) hits 7 u11 (player 0) for 1.80
2026/09/30 21:20:38 combat turn=7 tick=8: 44 u11 (player 1, stamina 3) hits 7 u11 (player 0) for 1.80
2026/09/30 21:20:38 combat turn=7 tick=8: 35 u11 (player 1, stamina 3) hits 7 u11 (player 0) for 1.80
2026/09/30 21:20:38 combat turn=7 tick=8: 37 u11 (player 1, stamina 3) hits 7 u11 (player 0) for 1.80
2026/09/30 21:20:38 combat turn=7 tick=8: 39 u11 (player 1, stamina 3) hits 7 u11 (player 0) for 1.80
2026/09/30 21:20:38 combat turn=7 tick=8: 46 u11 (player 1, stamina 3) hits 7 u11 (player 0) for 1.80
2026/09/30 21:20:38 combat turn=7 tick=8: 40 u11 (player 1, stamina 3) hits 7 u11 (player 0) for 1.80
2026/09/30 21:20:38 combat turn=7 tick=8: 38 u11 (player 1, stamina 3) hits 7 u11 (player 0) for 1.80
2026/09/30 21:20:38 combat turn=7 tick=8: 41 u11 (player 1, stamina 3) hits 7 u11 (player 0) for 1.80
2026/09/30 21:20:38 combat turn=7 tick=8: 43 u11 (player 1, stamina 3) hits 7 u11 (player 0) for 1.80
2026/09/30 21:20:38 state_hash turn=7 tick=8 hash=fb912f3029f2347d
2026/09/30 21:20:38 combat turn=7 tick=9: 36 u11 (player 1, stamina 3) hits 8 u11 (player 0) for 1.80
2026/09/30 21:20:38 combat turn=7 tick=9: 44 u11 (player 1, stamina 3) hits 8 u11 (player 0) for 1.80
2026/09/30 21:20:38 combat turn=7 tick=9: 37 u11 (player 1, stamina 3) hits 8 u11 (player 0) for 1.80
2026/09/30 21:20:38 combat turn=7 tick=9: 39 u11 (player 1, stamina 3) hits 8 u11 (player 0) for 1.80
2026/09/30 21:20:38 combat turn=7 tick=9: 46 u11 (player 1, stamina 3) hits 8 u11 (player 0) for 1.80
2026/09/30 21:20:38 combat turn=7 tick=9: 40 u11 (player 1, stamina 3) hits 8 u11 (player 0) for 1.80
2026/09/30 21:20:38 combat turn=7 tick=9: 38 u11 (player 1, stamina 3) hits 8 u11 (player 0) for 1.80
2026/09/30 21:20:38 combat turn=7 tick=9: 41 u11 (player 1, stamina 3) hits 8 u11 (player 0) for 1.80
2026/09/30 21:20:38 combat turn=7 tick=9: 43 u11 (player 1, stamina 3) hits 8 u11 (player 0) for 1.80
2026/09/30 21:20:38 combat turn=7 tick=9: 42 u11 (player 1, stamina 3) hits 8 u11 (player 0) for 1.80
2026/09/30 21:20:38 combat turn=7 tick=9: 45 u11 (player 1, stamina 3) hits 8 u11 (player 0) for 1.80
2026/09/30 21:20:38 state_hash turn=7 tick=9 hash=b610f6b186beab3e
2026/09/30 21:20:38 combat turn=7 tick=10: 43 u11 (player 1, stamina 2) hits 9 u11 (player 0) for 1.20
2026/09/30 21:20:38 combat turn=7 tick=10: 42 u11 (player 1, stamina 2) hits 9 u11 (player 0) for 1.20
2026/09/30 21:20:38 combat turn=7 tick=10: 45 u11 (player 1, stamina 2) hits 9 u11 (player 0) for 1.20
2026/09/30 21:20:38 combat turn=7 tick=10: 36 u11 (player 1, stamina 2) hits 9 u11 (player 0) for 1.20
2026/09/30 21:20:38 combat turn=7 tick=10: 44 u11 (player 1, stamina 2) hits 9 u11 (player 0) for 1.20
2026/09/30 21:20:38 combat turn=7 tick=10: 37 u11 (player 1, stamina 2) hits 9 u11 (player 0) for 1.20
2026/09/30 21:20:38 combat turn=7 tick=10: 39 u11 (player 1, stamina 2) hits 9 u11 (player 0) for 1.20
2026/09/30 21:20:38 combat turn=7 tick=10: 46 u11 (player 1, stamina 2) hits 9 u11 (player 0) for 1.20
2026/09/30 21:20:38 combat turn=7 tick=10: 40 u11 (player 1, stamina 2) hits 9 u11 (player 0) for 1.20
2026/09/30 21:20:38 combat turn=7 tick=10: 38 u11 (player 1, stamina 2) hits 9 u11 (player 0) for 1.20
2026/09/30 21:20:38 combat turn=7 tick=10: 41 u11 (player 1, stamina 2) hits 9 u11 (player 0) for 1.20
2026/09/30 21:20:38 state_hash turn=7 tick=10 hash=2e9b1113fb91b7bc
2026/09/30 21:20:38 state_hash turn=7 tick=end hash=de96a546e53f2321
2026/09/30 21:20:38 ai ai-1: new turn data {"buildings":[],"enemy_buildings":[],"enemy_units":[{"InternalID":10,"UnitID":11,"Type":2,"Kind":1,"Location":{"Space":{"X":2,"Y":-3},"Zone":{"X":-1,"Y":0}},"CurrentStamina":15,"CurrentOrder":null,"Builds":[],"GarrisonedIn":null,"Stance":0,"InterruptCurrent":false,"AttackBack":false,"TargetPriority":"","ActiveOrders":null,"Health":11,"MaxHealth":11},{"InternalID":11,"UnitID":11,"Type":2,"Kind":1,"Location":{"Space":{"X":2,"Y":-3},"Zone":{"X":-1,"Y":0}},"CurrentStamina":15,"CurrentOrder":null,"Builds":[],"GarrisonedIn":null,"Stance":0,"InterruptCurrent":false,"AttackBack":false,"TargetPriority":"","ActiveOrders":null,"Health":11,"MaxHealth":11},{"InternalID":12,"UnitID":11,"Type":2,"Kind":1,"Location":{"Space":{"X":2,"Y":-3},"Zone":{"X":-1,"Y":0}},"CurrentStamina":15,"CurrentOrder":null,"Builds":[],"GarrisonedIn":null,"Stance":0,"InterruptCurrent":false,"AttackBack":false,"TargetPriority":"","ActiveOrders":null,"Health":11,"MaxHealth":11},{"InternalID":13,"UnitID":11,"Type":2,"Kind":1,"Location":{"Space":{"X":2,"Y":-3},"Zone":{"X":-1,"Y":0}},"CurrentStamina":15,"CurrentOrder":null,"Builds":[],"GarrisonedIn":null,"Stance":0,"InterruptCurrent":false,"AttackBack":false,"TargetPriority":"","ActiveOrders":null,"Health":11,"MaxHealth":11},{"InternalID":14,"UnitID":11,"Type":2,"Kind":1,"Location":{"Space":{"X":2,"Y":-3},"Zone":{"X":-1,"Y":0}},"CurrentStamina":15,"CurrentOrder":null,"Builds":[],"GarrisonedIn":null,"Stance":0,"InterruptCurrent":false,"AttackBack":false,"TargetPriority":"","ActiveOrders":null,"Health":11,"MaxHealth":11},{"InternalID":15,"UnitID":11,"Type":2,"Kind":1,"Location":{"Space":{"X":2,"Y":-3},"Zone":{"X":-1,"Y":0}},"CurrentStamina":15,"CurrentOrder":null,"Builds":[],"GarrisonedIn":null,"Stance":0,"InterruptCurrent":false,"AttackBack":false,"TargetPriority":"","ActiveOrders":null,"Health":11,"MaxHealth":11},{"InternalID":16,"UnitID":11,"Type":2,"Kind":1,"Location":{"Space":{"X":2,"Y":-3},"Zone":{"X":-1,"Y":0}},"CurrentStamina":15,"CurrentOrder":null,"Builds":[],"GarrisonedIn":null,"Stance":0,"InterruptCurrent":false,"AttackBack":false,"TargetPriority":"","ActiveOrders":null,"Health":11,"MaxHealth":11},{"InternalID":18,"UnitID":12,"Type":2,"Kind":1,"Location":{"Space":{"X":2,"Y":-3},"Zone":{"X":-1,"Y":0}},"CurrentStamina":12,"CurrentOrder":null,"Builds":[],"GarrisonedIn":null,"Stance":0,"InterruptCurrent":false,"AttackBack":false,"TargetPriority":"","ActiveOrders":null,"Health":16,"MaxHealth":16},{"InternalID":19,"UnitID":12,"Type":2,"Kind":1,"Location":{"Space":{"X":2,"Y":-3},"Zone":{"X":-1,"Y":0}},"CurrentStamina":12,"CurrentOrder":null,"Builds":[],"GarrisonedIn":null,"Stance":0,"InterruptCurrent":false,"AttackBack":false,"TargetPriority":"","ActiveOrders":null,"Health":16,"MaxHealth":16},{"InternalID":20,"UnitID":12,"Type":2,"Kind":1,"Location":{"Space":{"X":2,"Y":-3},"Zone":{"X":-1,"Y":0}},"CurrentStamina":12,"CurrentOrder":null,"Builds":[],"GarrisonedIn":null,"Stance":0,"InterruptCurrent":false,"AttackBack":false,"TargetPriority":"","ActiveOrders":null,"Health":16,"MaxHealth":16},{"InternalID":21,"UnitID":12,"Type":2,"Kind":1,"Location":{"Space":{"X":2,"Y":-3},"Zone":{"X":-1,"Y":0}},"CurrentStamina":12,"CurrentOrder":null,"Builds":[],"GarrisonedIn":null,"Stance":0,"InterruptCurrent":false,"AttackBack":false,"TargetPriority":"","ActiveOrders":null,"Health":16,"MaxHealth":16},{"InternalID":22,"UnitID":12,"Type":2,"Kind":1,"Location":{"Space":{"X":2,"Y":-3},"Zone":{"X":-1,"Y":0}},"CurrentStamina":12,"CurrentOrder":null,"Builds":[],"GarrisonedIn":null,"Stance":0,"InterruptCurrent":false,"AttackBack":false,"TargetPriority":"","ActiveOrders":null,"Health":16,"MaxHealth":16},{"InternalID":23,"UnitID":12,"Type":2,"Kind":1,"Location":{"Space":{"X":2,"Y":-3},"Zone":{"X":-1,"Y":0}},"CurrentStamina":12,"CurrentOrder":null,"Builds":[],"GarrisonedIn":null,"Stance":0,"InterruptCurrent":false,"AttackBack":false,"TargetPriority":"","ActiveOrders":null,"Health":16,"MaxHealth":16},{"InternalID":24,"UnitID":12,"Type":2,"Kind":1,"Location":{"Space":{"X":2,"Y":-3},"Zone":{"X":-1,"Y":0}},"CurrentStamina":12,"CurrentOrder":null,"Builds":[],"GarrisonedIn":null,"Stance":0,"InterruptCurrent":false,"AttackBack":false,"TargetPriority":"","ActiveOrders":null,"Health":16,"MaxHealth":16}],"foundations":[],"population":{"current":26,"limit":0},"resources":{"food":200,"gold":28,"stone":100,"wood":200},"spaces":[{"Space":{"X":0,"Y":-4},"Vision":1,"Owner":-1},{"Space":{"X":1,"Y":-4},"Vision":1,"Owner":-1},{"Space":{"X":2,"Y":-4},"Vision":2,"Owner":-1},{"Space":{"X":3,"Y":-4},"Vision":2,"Owner":-1},{"Space":{"X":4,"Y":-4},"Vision":0,"Owner":-1},{"Space":{"X":-1,"Y":-3},"Vision":1,"Owner":0},{"Space":{"X":0,"Y":-3},"Vision":1,"Owner":-1},{"Space":{"X":1,"Y":-3},"Vision":3,"Owner":-1},{"Space":{"X":2,"Y":-3},"Vision":3,"Owner":-1},{"Space":{"X":3,"Y":-3},"Vision":2,"Owner":-1},{"Space":{"X":4,"Y":-3},"Vision":0,"Owner":-1},{"Space":{"X":-2,"Y":-2},"Vision":1,"Owner":-1},{"Space":{"X":-1,"Y":-2},"Vision":1,"Owner":0},{"Space":{"X":0,"Y":-2},"Vision":1,"Owner":-1},{"Space":{"X":1,"Y":-2},"Vision":2,"Owner":-1},{"Space":{"X":2,"Y":-2},"Vision":2,"Owner":-1},{"Space":{"X":3,"Y":-2},"Vision":0,"Owner":-1},{"Space":{"X":4,"Y":-2},"Vision":0,"Owner":-1},{"Space":{"X":-3,"Y":-1},"Vision":1,"Owner":-1},{"Space":{"X":-2,"Y":-1},"Vision":1,"Owner":0},{"Space":{"X":-1,"Y":-1},"Vision":1,"Owner":0},{"Space":{"X":0,"Y":-1},"Vision":0,"Owner":-1},{"Space":{"X":1,"Y":-1},"Vision":0,"Owner":-1},{"Space":{"X":2,"Y":-1},"Vision":0,"Owner":-1},{"Space":{"X":3,"Y":-1},"Vision":0,"Owner":-1},{"Space":{"X":4,"Y":-1},"Vision":0,"Owner":-1},{"Space":{"X":-4,"Y":0},"Vision":1,"Owner":-1},{"Space":{"X":-3,"Y":0},"Vision":1,"Owner":-1},{"Space":{"X":-2,"Y":0},"Vision":0,"Owner":-1},{"Space":{"X":-1,"Y":0},"Vision":0,"Owner":-1},{"Space":{"X":0,"Y":0},"Vision":0,"Owner":-1},{"Space":{"X":1,"Y":0},"Vision":0,"Owner":-1},{"Space":{"X":2,"Y":0},"Vision":0,"Owner":-1},{"Space":{"X":3,"Y":0},"Vision":0,"Owner":-1},{"Space":{"X":4,"Y":0},"Vision":0,"Owner":-1},{"Space":{"X":-4,"Y":1},"Vision":1,"Owner":-1},{"Space":{"X":-3,"Y":1},"Vision":1,"Owner":-1},{"Space":{"X":-2,"Y":1},"Vision":2,"Owner":-1},{"Space":{"X":-1,"Y":1},"Vision":2,"Owner":-1},{"Space":{"X":0,"Y":1},"Vision":0,"Owner":-1},{"Space":{"X":1,"Y":1},"Vision":0,"Owner":-1},{"Space":{"X":2,"Y":1},"Vision":0,"Owner":-1},{"Space":{"X":3,"Y":1},"Vision":0,"Owner":-1},{"Space":{"X":-4,"Y":2},"Vision":1,"Owner":-1},{"Space":{"X":-3,"Y":2},"Vision":2,"Owner":-1},{"Space":{"X":-2,"Y":2},"Vision":3,"Owner":1},{"Space":{"X":-1,"Y":2},"Vision":2,"Owner":-1},{"Space":{"X":0,"Y":2},"Vision":0,"Owner":-1},{"Space":{"X":1,"Y":2},"Vision":0,"Owner":-1},{"Space":{"X":2,"Y":2},"Vision":0,"Owner":-1},{"Space":{"X":-4,"Y":3},"Vision":1,"Owner":-1},{"Space":{"X":-3,"Y":3},"Vision":2,"Owner":-1},{"Space":{"X":-2,"Y":3},"Vision":2,"Owner":-1},{"Space":{"X":-1,"Y":3},"Vision":0,"Owner":-1},{"Space":{"X":0,"Y":3},"Vision":0,"Owner":-1},{"Space":{"X":1,"Y":3},"Vision":0,"Owner":-1},{"Space":{"X":-4,"Y":4},"Vision":1,"Owner":-1},{"Space":{"X":-3,"Y":4},"Vision":1,"Owner":-1},{"Space":{"X":-2,"Y":4},"Vision":0,"Owner":-1},{"Space":{"X":-1,"Y":4},"Vision":0,"Owner":-1},{"Space":{"X":0,"Y":4},"Vision":0,"Owner":-1}],"units":[{"InternalID":31,"UnitID":11,"Type":2,"Kind":1,"Location":{"Space":{"X":-2,"Y":2},"Zone":{"X":0,"Y":0}},"CurrentStamina":18,"CurrentOrder":null,"Builds":[],"GarrisonedIn":null,"Stance":3,"InterruptCurrent":false,"AttackBack":true,"TargetPriority":"","ActiveOrders":null,"Health":11,"MaxHealth":11},{"InternalID":36,"UnitID":11,"Type":2,"Kind":1,"Location":{"Space":{"X":2,"Y":-3},"Zone":{"X":-1,"Y":0}},"CurrentStamina":15,"CurrentOrder":{"Kind":4,"TargetZone":null,"TargetSpace":{"X":2,"Y":-3},"TargetResource":null,"TargetUnit":null,"TargetBuilding":null},"Builds":[],"GarrisonedIn":null,"Stance":3,"InterruptCurrent":false,"AttackBack":true,"TargetPriority":"","ActiveOrders":[{"ID":273,"Kind":4}],"Health":11,"MaxHealth":11},{"InternalID":37,"UnitID":11,"Type":2,"Kind":1,"Location":{"Space":{"X":2,"Y":-3},"Zone":{"X":-1,"Y":0}},"CurrentStamina":15,"CurrentOrder":{"Kind":4,"TargetZone":null,"TargetSpace":{"X":2,"Y":-3},"TargetResource":null,"TargetUnit":null,"TargetBuilding":null},"Builds":[],"GarrisonedIn":null,"Stance":3,"InterruptCurrent":false,"AttackBack":true,"TargetPriority":"","ActiveOrders":[{"ID":251,"Kind":4}],"Health":11,"MaxHealth":11},{"InternalID":38,"UnitID":11,"Type":2,"Kind":1,"Location":{"Space":{"X":2,"Y":-3},"Zone":{"X":-1,"Y":0}},"CurrentStamina":15,"CurrentOrder":{"Kind":4,"TargetZone":null,"TargetSpace":{"X":2,"Y":-3},"TargetResource":null,"TargetUnit":null,"TargetBuilding":null},"Builds":[],"GarrisonedIn":null,"Stance":3,"InterruptCurrent":false,"AttackBack":true,"TargetPriority":"","ActiveOrders":[{"ID":257,"Kind":4}],"Health":11,"MaxHealth":11},{"InternalID":39,"UnitID":11,"Type":2,"Kind":1,"Location":{"Space":{"X":2,"Y":-3},"Zone":{"X":-1,"Y":0}},"CurrentStamina":15,"CurrentOrder":{"Kind":4,"TargetZone":null,"TargetSpace":{"X":2,"Y":-3},"TargetResource":null,"TargetUnit":null,"TargetBuilding":null},"Builds":[],"GarrisonedIn":null,"Stance":3,"InterruptCurrent":false,"AttackBack":true,"TargetPriority":"","ActiveOrders":[{"ID":252,"Kind":4}],"Health":11,"MaxHealth":11},{"InternalID":40,"UnitID":11,"Type":2,"Kind":1,"Location":{"Space":{"X":2,"Y":-3},"Zone":{"X":-1,"Y":0}},"CurrentStamina":15,"CurrentOrder":{"Kind":4,"TargetZone":null,"TargetSpace":{"X":2,"Y":-3},"TargetResource":null,"TargetUnit":null,"TargetBuilding":null},"Builds":[],"GarrisonedIn":null,"Stance":3,"InterruptCurrent":false,"AttackBack":true,"TargetPriority":"","ActiveOrders":[{"ID":254,"Kind":4}],"Health":11,"MaxHealth":11},{"InternalID":41,"UnitID":11,"Type":2,"Kind":1,"Location":{"Space":{"X":2,"Y":-3},"Zone":{"X":-1,"Y":0}},"CurrentStamina":15,"CurrentOrder":{"Kind":4,"TargetZone":null,"TargetSpace":{"X":2,"Y":-3},"TargetResource":null,"TargetUnit":null,"TargetBuilding":null},"Builds":[],"GarrisonedIn":null,"Stance":3,"InterruptCurrent":false,"AttackBack":true,"TargetPriority":"","ActiveOrders":[{"ID":258,"Kind":4}],"Health":11,"MaxHealth":11},{"InternalID":42,"UnitID":11,"Type":2,"Kind":1,"Location":{"Space":{"X":2,"Y":-3},"Zone":{"X":-1,"Y":0}},"CurrentStamina":15,"CurrentOrder":{"Kind":4,"TargetZone":null,"TargetSpace":{"X":2,"Y":-3},"TargetResource":null,"TargetUnit":null,"TargetBuilding":null},"Builds":[],"GarrisonedIn":null,"Stance":3,"InterruptCurrent":false,"AttackBack":true,"TargetPriority":"","ActiveOrders":[{"ID":267,"Kind":4}],"Health":11,"MaxHealth":11},{"InternalID":43,"UnitID":11,"Type":2,"Kind":1,"Location":{"Space":{"X":2,"Y":-3},"Zone":{"X":-1,"Y":0}},"CurrentStamina":15,"CurrentOrder":{"Kind":4,"TargetZone":null,"TargetSpace":{"X":2,"Y":-3},"TargetResource":null,"TargetUnit":null,"TargetBuilding":null},"Builds":[],"GarrisonedIn":null,"Stance":3,"InterruptCurrent":false,"AttackBack":true,"TargetPriority":"","ActiveOrders":[{"ID":263,"Kind":4}],"Health":11,"MaxHealth":11},{"InternalID":44,"UnitID":11,"Type":2,"Kind":1,"Location":{"Space":{"X":2,"Y":-3},"Zone":{"X":-1,"Y":0}},"CurrentStamina":15,"CurrentOrder":{"Kind":4,"TargetZone":null,"TargetSpace":{"X":2,"Y":-3},"TargetResource":null,"TargetUnit":null,"TargetBuilding":null},"Builds":[],"GarrisonedIn":null,"Stance":3,"InterruptCurrent":false,"AttackBack":true,"TargetPriority":"","ActiveOrders":[{"ID":274,"Kind":4}],"Health":11,"MaxHealth":11},{"InternalID":45,"UnitID":11,"Type":2,"Kind":1,"Location":{"Space":{"X":2,"Y":-3},"Zone":{"X":-1,"Y":0}},"CurrentStamina":15,"CurrentOrder":{"Kind":4,"TargetZone":null,"TargetSpace":{"X":2,"Y":-3},"TargetResource":null,"TargetUnit":null,"TargetBuilding":null},"Builds":[],"GarrisonedIn":null,"Stance":3,"InterruptCurrent":false,"AttackBack":true,"TargetPriority":"","ActiveOrders":[{"ID":270,"Kind":4}],"Health":11,"MaxHealth":11},{"InternalID":46,"UnitID":11,"Type":2,"Kind":1,"Location":{"Space":{"X":2,"Y":-3},"Zone":{"X":-1,"Y":0}},"CurrentStamina":15,"CurrentOrder":{"Kind":4,"TargetZone":null,"TargetSpace":{"X":2,"Y":-3},"TargetResource":null,"TargetUnit":null,"TargetBuilding":null},"Builds":[],"GarrisonedIn":null,"Stance":3,"InterruptCurrent":false,"AttackBack":true,"TargetPriority":"","ActiveOrders":[{"ID":253,"Kind":4}],"Health":11,"MaxHealth":11},{"InternalID":47,"UnitID":12,"Type":2,"Kind":1,"Location":{"Space":{"X":2,"Y":-3},"Zone":{"X":-1,"Y":0}},"CurrentStamina":12,"CurrentOrder":{"Kind":4,"TargetZone":null,"TargetSpace":{"X":2,"Y":-3},"TargetResource":null,"TargetUnit":null,"TargetBuilding":null},"Builds":[],"GarrisonedIn":null,"Stance":3,"InterruptCurrent":false,"AttackBack":true,"TargetPriority":"","ActiveOrders":[{"ID":275,"Kind":4}],"Health":16,"MaxHealth":16},{"InternalID":48,"UnitID":12,"Type":2,"Kind":1,"Location":{"Space":{"X":2,"Y":-3},"Zone":{"X":-1,"Y":0}},"CurrentStamina":12,"CurrentOrder":{"Kind":4,"TargetZone":null,"TargetSpace":{"X":2,"Y":-3},"TargetResource":null,"TargetUnit":null,"TargetBuilding":null},"Builds":[],"GarrisonedIn":null,"Stance":3,"InterruptCurrent":false,"AttackBack":true,"TargetPriority":"","ActiveOrders":[{"ID":259,"Kind":4}],"Health":16,"MaxHealth":16},{"InternalID":49,"UnitID":12,"Type":2,"Kind":1,"Location":{"Space":{"X":2,"Y":-3},"Zone":{"X":-1,"Y":0}},"CurrentStamina":12,"CurrentOrder":{"Kind":4,"TargetZone":null,"TargetSpace":{"X":2,"Y":-3},"TargetResource":null,"TargetUnit":null,"TargetBuilding":null},"Builds":[],"GarrisonedIn":null,"Stance":3,"InterruptCurrent":false,"AttackBack":true,"TargetPriority":"","ActiveOrders":[{"ID":268,"Kind":4}],"Health":16,"MaxHealth":16},{"InternalID":50,"UnitID":12,"Type":2,"Kind":1,"Location":{"Space":{"X":2,"Y":-3},"Zone":{"X":-1,"Y":0}},"CurrentStamina":12,"CurrentOrder":{"Kind":4,"TargetZone":null,"TargetSpace":{"X":2,"Y":-3},"TargetResource":null,"TargetUnit":null,"TargetBuilding":null},"Builds":[],"GarrisonedIn":null,"Stance":3,"InterruptCurrent":false,"AttackBack":true,"TargetPriority":"","ActiveOrders":[{"ID":269,"Kind":4}],"Health":16,"MaxHealth":16},{"InternalID":51,"UnitID":12,"Type":2,"Kind":1,"Location":{"Space":{"X":2,"Y":-3},"Zone":{"X":-1,"Y":0}},"CurrentStamina":12,"CurrentOrder":{"Kind":4,"TargetZone":null,"TargetSpace":{"X":2,"Y":-3},"TargetResource":null,"TargetUnit":null,"TargetBuilding":null},"Builds":[],"GarrisonedIn":null,"Stance":3,"InterruptCurrent":false,"AttackBack":true,"TargetPriority":"","ActiveOrders":[{"ID":264,"Kind":4}],"Health":16,"MaxHealth":16},{"InternalID":52,"UnitID":12,"Type":2,"Kind":1,"Location":{"Space":{"X":2,"Y":-3},"Zone":{"X":-1,"Y":0}},"CurrentStamina":12,"CurrentOrder":{"Kind":4,"TargetZone":null,"TargetSpace":{"X":2,"Y":-3},"TargetResource":null,"TargetUnit":null,"TargetBuilding":null},"Builds":[],"GarrisonedIn":null,"Stance":3,"InterruptCurrent":false,"AttackBack":true,"TargetPriority":"","ActiveOrders":[{"ID":265,"Kind":4}],"Health":16,"MaxHealth":16},{"InternalID":53,"UnitID":12,"Type":2,"Kind":1,"Location":{"Space":{"X":2,"Y":-3},"Zone":{"X":-1,"Y":0}},"CurrentStamina":12,"CurrentOrder":{"Kind":4,"TargetZone":null,"TargetSpace":{"X":2,"Y":-3},"TargetResource":null,"TargetUnit":null,"TargetBuilding":null},"Builds":[],"GarrisonedIn":null,"Stance":3,"InterruptCurrent":false,"AttackBack":true,"TargetPriority":"","ActiveOrders":[{"ID":255,"Kind":4}],"Health":16,"MaxHealth":16},{"InternalID":54,"UnitID":12,"Type":2,"Kind":1,"Location":{"Space":{"X":2,"Y":-3},"Zone":{"X":-1,"Y":0}},"CurrentStamina":12,"CurrentOrder":{"Kind":4,"TargetZone":null,"TargetSpace":{"X":2,"Y":-3},"TargetResource":null,"TargetUnit":null,"TargetBuilding":null},"Builds":[],"GarrisonedIn":null,"Stance":3,"InterruptCurrent":false,"AttackBack":true,"TargetPriority":"","ActiveOrders":[{"ID":271,"Kind":4}],"Health":16,"MaxHealth":16},{"InternalID":55,"UnitID":13,"Type":2,"Kind":1,"Location":{"Space":{"X":2,"Y":-3},"Zone":{"X":-1,"Y":0}},"CurrentStamina":8,"CurrentOrder":{"Kind":4,"TargetZone":null,"TargetSpace":{"X":2,"Y":-3},"TargetResource":null,"TargetUnit":null,"TargetBuilding":null},"Builds":[],"GarrisonedIn":null,"Stance":3,"InterruptCurrent":false,"AttackBack":true,"TargetPriority":"","ActiveOrders":[{"ID":276,"Kind":4}],"Health":48.3333,"MaxHealth":50},{"InternalID":56,"UnitID":13,"Type":2,"Kind":1,"Location":{"Space":{"X":2,"Y":-3},"Zone":{"X":-1,"Y":0}},"CurrentStamina":8,"CurrentOrder":{"Kind":4,"TargetZone":null,"TargetSpace":{"X":2,"Y":-3},"TargetResource":null,"TargetUnit":null,"TargetBuilding":null},"Builds":[],"GarrisonedIn":null,"Stance":3,"InterruptCurrent":false,"AttackBack":true,"TargetPriority":"","ActiveOrders":[{"ID":261,"Kind":4}],"Health":50,"MaxHealth":50},{"InternalID":57,"UnitID":13,"Type":2,"Kind":1,"Location":{"Space":{"X":2,"Y":-3},"Zone":{"X":-1,"Y":0}},"CurrentStamina":8,"CurrentOrder":{"Kind":4,"TargetZone":null,"TargetSpace":{"X":2,"Y":-3},"TargetResource":null,"TargetUnit":null,"TargetBuilding":null},"Builds":[],"GarrisonedIn":null,"Stance":3,"InterruptCurrent":false,"AttackBack":true,"TargetPriority":"","ActiveOrders":[{"ID":249,"Kind":4}],"Health":50,"MaxHealth":50},{"InternalID":58,"UnitID":13,"Type":2,"Kind":1,"Location":{"Space":{"X":2,"Y":-3},"Zone":{"X":-1,"Y":0}},"CurrentStamina":8,"CurrentOrder":{"Kind":4,"TargetZone":null,"TargetSpace":{"X":2,"Y":-3},"TargetResource":null,"TargetUnit":null,"TargetBuilding":null},"Builds":[],"GarrisonedIn":null,"Stance":3,"InterruptCurrent":false,"AttackBack":true,"TargetPriority":"","ActiveOrders":[{"ID":277,"Kind":4}],"Health":50,"MaxHealth":50},{"InternalID":59,"UnitID":13,"Type":2,"Kind":1,"Location":{"Space":{"X":2,"Y":-3},"Zone":{"X":-1,"Y":0}},"CurrentStamina":8,"CurrentOrder":{"Kind":4,"TargetZone":null,"TargetSpace":{"X":2,"Y":-3},"TargetResource":null,"TargetUnit":null,"TargetBuilding":null},"Builds":[],"GarrisonedIn":null,"Stance":3,"InterruptCurrent":false,"AttackBack":true,"TargetPriority":"","ActiveOrders":[{"ID":260,"Kind":4}],"Health":50,"MaxHealth":50},{"InternalID":60,"UnitID":13,"Type":2,"Kind":1,"Location":{"Space":{"X":2,"Y":-3},"Zone":{"X":-1,"Y":0}},"CurrentStamina":8,"CurrentOrder":{"Kind":4,"TargetZone":null,"TargetSpace":{"X":2,"Y":-3},"TargetResource":null,"TargetUnit":null,"TargetBuilding":null},"Builds":[],"GarrisonedIn":null,"Stance":3,"InterruptCurrent":false,"AttackBack":true,"TargetPriority":"","ActiveOrders":[{"ID":256,"Kind":4}],"Health":50,"MaxHealth":50}]}
2026/09/30 21:20:38 ai ai-0: new turn data {"buildings":[],"enemy_buildings":[],"enemy_units":[{"InternalID":36,"UnitID":11,"Type":2,"Kind":1,"Location":{"Space":{"X":2,"Y":-3},"Zone":{"X":-1,"Y":0}},"CurrentStamina":15,"CurrentOrder":null,"Builds":[],"GarrisonedIn":null,"Stance":0,"InterruptCurrent":false,"AttackBack":false,"TargetPriority":"","ActiveOrders":null,"Health":11,"MaxHealth":11},{"InternalID":37,"UnitID":11,"Type":2,"Kind":1,"Location":{"Space":{"X":2,"Y":-3},"Zone":{"X":-1,"Y":0}},"CurrentStamina":15,"CurrentOrder":null,"Builds":[],"GarrisonedIn":null,"Stance":0,"InterruptCurrent":false,"AttackBack":false,"TargetPriority":"","ActiveOrders":null,"Health":11,"MaxHealth":11},{"InternalID":38,"UnitID":11,"Type":2,"Kind":1,"Location":{"Space":{"X":2,"Y":-3},"Zone":{"X":-1,"Y":0}},"CurrentStamina":15,"CurrentOrder":null,"Builds":[],"GarrisonedIn":null,"Stance":0,"InterruptCurrent":false,"AttackBack":false,"TargetPriority":"","ActiveOrders":null,"Health":11,"MaxHealth":11},{"InternalID":39,"UnitID":11,"Type":2,"Kind":1,"Location":{"Space":{"X":2,"Y":-3},"Zone":{"X":-1,"Y":0}},"CurrentStamina":15,"CurrentOrder":null,"Builds":[],"GarrisonedIn":null,"Stance":0,"InterruptCurrent":false,"AttackBack":false,"TargetPriority":"","ActiveOrders":null,"Health":11,"MaxHealth":11},{"InternalID":40,"UnitID":11,"Type":2,"Kind":1,"Location":{"Space":{"X":2,"Y":-3},"Zone":{"X":-1,"Y":0}},"CurrentStamina":15,"CurrentOrder":null,"Builds":[],"GarrisonedIn":null,"Stance":0,"InterruptCurrent":false,"AttackBack":false,"TargetPriority":"","ActiveOrders":null,"Health":11,"MaxHealth":11},{"InternalID":41,"UnitID":11,"Type":2,"Kind":1,"Location":{"Space":{"X":2,"Y":-3},"Zone":{"X":-1,"Y":0}},"CurrentStamina":15,"CurrentOrder":null,"Builds":[],"GarrisonedIn":null,"Stance":0,"InterruptCurrent":false,"AttackBack":false,"TargetPriority":"","ActiveOrders":null,"Health":11,"MaxHealth":11},{"InternalID":42,"UnitID":11,"Type":2,"Kind":1,"Location":{"Space":{"X":2,"Y":-3},"Zone":{"X":-1,"Y":0}},"CurrentStamina":15,"CurrentOrder":null,"Builds":[],"GarrisonedIn":null,"Stance":0,"InterruptCurrent":false,"AttackBack":false,"TargetPriority":"","ActiveOrders":null,"Health":11,"MaxHealth":11},{"InternalID":43,"UnitID":11,"Type":2,"Kind":1,"Location":{"Space":{"X":2,"Y":-3},"Zone":{"X":-1,"Y":0}},"CurrentStamina":15,"CurrentOrder":null,"Builds":[],"GarrisonedIn":null,"Stance":0,"InterruptCurrent":false,"AttackBack":false,"TargetPriority":"","ActiveOrders":null,"Health":11,"MaxHealth":11},{"InternalID":44,"UnitID":11,"Type":2,"Kind":1,"Location":{"Space":{"X":2,"Y":-3},"Zone":{"X":-1,"Y":0}},"CurrentStamina":15,"CurrentOrder":null,"Builds":[],"GarrisonedIn":null,"Stance":0,"InterruptCurrent":false,"AttackBack":false,"TargetPriority":"","ActiveOrders":null,"Health":11,"MaxHealth":11},{"InternalID":45,"UnitID":11,"Type":2,"Kind":1,"Location":{"Space":{"X":2,"Y":-3},"Zone":{"X":-1,"Y":0}},"CurrentStamina":15,"CurrentOrder":null,"Builds":[],"GarrisonedIn":null,"Stance":0,"InterruptCurrent":false,"AttackBack":false,"TargetPriority":"","ActiveOrders":null,"Health":11,"MaxHealth":11},{"InternalID":46,"UnitID":11,"Type":2,"Kind":1,"Location":{"Space":{"X":2,"Y":-3},"Zone":{"X":-1,"Y":0}},"CurrentStamina":15,"CurrentOrder":null,"Builds":[],"GarrisonedIn":null,"Stance":0,"InterruptCurrent":false,"AttackBack":false,"TargetPriority":"","ActiveOrders":null,"Health":11,"MaxHealth":11},{"InternalID":47,"UnitID":12,"Type":2,"Kind":1,"Location":{"Space":{"X":2,"Y":-3},"Zone":{"X":-1,"Y":0}},"CurrentStamina":12,"CurrentOrder":null,"Builds":[],"GarrisonedIn":null,"Stance":0,"InterruptCurrent":false,"AttackBack":false,"TargetPriority":"","ActiveOrders":null,"Health":16,"MaxHealth":16},{"InternalID":48,"UnitID":12,"Type":2,"Kind":1,"Location":{"Space":{"X":2,"Y":-3},"Zone":{"X":-1,"Y":0}},"CurrentStamina":12,"CurrentOrder":null,"Builds":[],"GarrisonedIn":null,"Stance":0,"InterruptCurrent":false,"AttackBack":false,"TargetPriority":"","ActiveOrders":null,"Health":16,"MaxHealth":16},{"InternalID":49,"UnitID":12,"Type":2,"Kind":1,"Location":{"Space":{"X":2,"Y":-3},"Zone":{"X":-1,"Y":0}},"CurrentStamina":12,"CurrentOrder":null,"Builds":[],"GarrisonedIn":null,"Stance":0,"InterruptCurrent":false,"AttackBack":false,"TargetPriority":"","ActiveOrders":null,"Health":16,"MaxHealth":16},{"InternalID":50,"UnitID":12,"Type":2,"Kind":1,"Location":{"Space":{"X":2,"Y":-3},"Zone":{"X":-1,"Y":0}},"CurrentStamina":12,"CurrentOrder":null,"Builds":[],"GarrisonedIn":null,"Stance":0,"InterruptCurrent":false,"AttackBack":false,"TargetPriority":"","ActiveOrders":null,"Health":16,"MaxHealth":16},{"InternalID":51,"UnitID":12,"Type":2,"Kind":1,"Location":{"Space":{"X":2,"Y":-3},"Zone":{"X":-1,"Y":0}},"CurrentStamina":12,"CurrentOrder":null,"Builds":[],"GarrisonedIn":null,"Stance":0,"InterruptCurrent":false,"AttackBack":false,"TargetPriority":"","ActiveOrders":null,"Health":16,"MaxHealth":16},{"InternalID":52,"UnitID":12,"Type":2,"Kind":1,"Location":{"Space":{"X":2,"Y":-3},"Zone":{"X":-1,"Y":0}},"CurrentStamina":12,"CurrentOrder":null,"Builds":[],"GarrisonedIn":null,"Stance":0,"InterruptCurrent":false,"AttackBack":false,"TargetPriority":"","ActiveOrders":null,"Health":16,"MaxHealth":16},{"InternalID":53,"UnitID":12,"Type":2,"Kind":1,"Location":{"Space":{"X":2,"Y":-3},"Zone":{"X":-1,"Y":0}},"CurrentStamina":12,"CurrentOrder":null,"Builds":[],"GarrisonedIn":null,"Stance":0,"InterruptCurrent":false,"AttackBack":false,"TargetPriority":"","ActiveOrders":null,"Health":16,"MaxHealth":16},{"InternalID":54,"UnitID":12,"Type":2,"Kind":1,"Location":{"Space":{"X":2,"Y":-3},"Zone":{"X":-1,"Y":0}},"CurrentStamina":12,"CurrentOrder":null,"Builds":[],"GarrisonedIn":null,"Stance":0,"InterruptCurrent":false,"AttackBack":false,"TargetPriority":"","ActiveOrders":null,"Health":16,"MaxHealth":16},{"InternalID":55,"UnitID":13,"Type":2,"Kind":1,"Location":{"Space":{"X":2,"Y":-3},"Zone":{"X":-1,"Y":0}},"CurrentStamina":8,"CurrentOrder":null,"Builds":[],"GarrisonedIn":null,"Stance":0,"InterruptCurrent":false,"AttackBack":false,"TargetPriority":"","ActiveOrders":null,"Health":48.3333,"MaxHealth":50},{"InternalID":56,"UnitID":13,"Type":2,"Kind":1,"Location":{"Space":{"X":2,"Y":-3},"Zone":{"X":-1,"Y":0}},"CurrentStamina":8,"CurrentOrder":null,"Builds":[],"GarrisonedIn":null,"Stance":0,"InterruptCurrent":false,"AttackBack":false,"TargetPriority":"","ActiveOrders":null,"Health":50,"MaxHealth":50},{"InternalID":57,"UnitID":13,"Type":2,"Kind":1,"Location":{"Space":{"X":2,"Y":-3},"Zone":{"X":-1,"Y":0}},"CurrentStamina":8,"CurrentOrder":null,"Builds":[],"GarrisonedIn":null,"Stance":0,"InterruptCurrent":false,"AttackBack":false,"TargetPriority":"","ActiveOrders":null,"Health":50,"MaxHealth":50},{"InternalID":58,"UnitID":13,"Type":2,"Kind":1,"Location":{"Space":{"X":2,"Y":-3},"Zone":{"X":-1,"Y":0}},"CurrentStamina":8,"CurrentOrder":null,"Builds":[],"GarrisonedIn":null,"Stance":0,"InterruptCurrent":false,"AttackBack":false,"TargetPriority":"","ActiveOrders":null,"Health":50,"MaxHealth":50},{"InternalID":59,"UnitID":13,"Type":2,"Kind":1,"Location":{"Space":{"X":2,"Y":-3},"Zone":{"X":-1,"Y":0}},"CurrentStamina":8,"CurrentOrder":null,"Builds":[],"GarrisonedIn":null,"Stance":0,"InterruptCurrent":false,"AttackBack":false,"TargetPriority":"","ActiveOrders":null,"Health":50,"MaxHealth":50},{"InternalID":60,"UnitID":13,"Type":2,"Kind":1,"Location":{"Space":{"X":2,"Y":-3},"Zone":{"X":-1,"Y":0}},"CurrentStamina":8,"CurrentOrder":null,"Builds":[],"GarrisonedIn":null,"Stance":0,"InterruptCurrent":false,"AttackBack":false,"TargetPriority":"","ActiveOrders":null,"Health":50,"MaxHealth":50}],"foundations":[],"population":{"current":21,"limit":0},"resources":{"food":200,"gold":82,"stone":100,"wood":200},"spaces":[{"Space":{"X":0,"Y":-4},"Vision":1,"Owner":-1},{"Space":{"X":1,"Y":-4},"Vision":1,"Owner":-1},{"Space":{"X":2,"Y":-4},"Vision":2,"Owner":-1},{"Space":{"X":3,"Y":-4},"Vision":2,"Owner":-1},{"Space":{"X":4,"Y":-4},"Vision":0,"Owner":-1},{"Space":{"X":-1,"Y":-3},"Vision":1,"Owner":-1},{"Space":{"X":0,"Y":-3},"Vision":1,"Owner":-1},{"Space":{"X":1,"Y":-3},"Vision":3,"Owner":-1},{"Space":{"X":2,"Y":-3},"Vision":3,"Owner":-1},{"Space":{"X":3,"Y":-3},"Vision":2,"Owner":-1},{"Space":{"X":4,"Y":-3},"Vision":0,"Owner":-1},{"Space":{"X":-2,"Y":-2},"Vision":1,"Owner":-1},{"Space":{"X":-1,"Y":-2},"Vision":2,"Owner":-1},{"Space":{"X":0,"Y":-2},"Vision":2,"Owner":-1},{"Space":{"X":1,"Y":-2},"Vision":3,"Owner":-1},{"Space":{"X":2,"Y":-2},"Vision":2,"Owner":-1},{"Space":{"X":3,"Y":-2},"Vision":0,"Owner":-1},{"Space":{"X":4,"Y":-2},"Vision":0,"Owner":-1},{"Space":{"X":-3,"Y":-1},"Vision":1,"Owner":-1},{"Space":{"X":-2,"Y":-1},"Vision":2,"Owner":-1},{"Space":{"X":-1,"Y":-1},"Vision":3,"Owner":0},{"Space":{"X":0,"Y":-1},"Vision":3,"Owner":0},{"Space":{"X":1,"Y":-1},"Vision":2,"Owner":-1},{"Space":{"X":2,"Y":-1},"Vision":0,"Owner":-1},{"Space":{"X":3,"Y":-1},"Vision":0,"Owner":-1},{"Space":{"X":4,"Y":-1},"Vision":0,"Owner":-1},{"Space":{"X":-4,"Y":0},"Vision":1,"Owner":-1},{"Space":{"X":-3,"Y":0},"Vision":1,"Owner":-1},{"Space":{"X":-2,"Y":0},"Vision":2,"Owner":-1},{"Space":{"X":-1,"Y":0},"Vision":2,"Owner":-1},{"Space":{"X":0,"Y":0},"Vision":2,"Owner":-1},{"Space":{"X":1,"Y":0},"Vision":1,"Owner":-1},{"Space":{"X":2,"Y":0},"Vision":1,"Owner":-1},{"Space":{"X":3,"Y":0},"Vision":0,"Owner":-1},{"Space":{"X":4,"Y":0},"Vision":0,"Owner":-1},{"Space":{"X":-4,"Y":1},"Vision":1,"Owner":-1},{"Space":{"X":-3,"Y":1},"Vision":1,"Owner":-1},{"Space":{"X":-2,"Y":1},"Vision":1,"Owner":-1},{"Space":{"X":-1,"Y":1},"Vision":1,"Owner":-1},{"Space":{"X":0,"Y":1},"Vision":1,"Owner":-1},{"Space":{"X":1,"Y":1},"Vision":1,"Owner":-1},{"Space":{"X":2,"Y":1},"Vision":1,"Owner":-1},{"Space":{"X":3,"Y":1},"Vision":0,"Owner":-1},{"Space":{"X":-4,"Y":2},"Vision":1,"Owner":-1},{"Space":{"X":-3,"Y":2},"Vision":1,"Owner":-1},{"Space":{"X":-2,"Y":2},"Vision":1,"Owner":1},{"Space":{"X":-1,"Y":2},"Vision":1,"Owner":-1},{"Space":{"X":0,"Y":2},"Vision":1,"Owner":-1},{"Space":{"X":1,"Y":2},"Vision":1,"Owner":-1},{"Space":{"X":2,"Y":2},"Vision":1,"Owner":-1},{"Space":{"X":-4,"Y":3},"Vision":1,"Owner":-1},{"Space":{"X":-3,"Y":3},"Vision":1,"Owner":-1},{"Space":{"X":-2,"Y":3},"Vision":1,"Owner":-1},{"Space":{"X":-1,"Y":3},"Vision":1,"Owner":-1},{"Space":{"X":0,"Y":3},"Vision":1,"Owner":-1},{"Space":{"X":1,"Y":3},"Vision":1,"Owner":-1},{"Space":{"X":-4,"Y":4},"Vision":1,"Owner":-1},{"Space":{"X":-3,"Y":4},"Vision":1,"Owner":-1},{"Space":{"X":-2,"Y":4},"Vision":1,"Owner":-1},{"Space":{"X":-1,"Y":4},"Vision":1,"Owner":-1},{"Space":{"X":0,"Y":4},"Vision":1,"Owner":-1}],"units":[{"InternalID":6,"UnitID":11,"Type":2,"Kind":1,"Location":{"Space":{"X":0,"Y":-1},"Zone":{"X":1,"Y":-1}},"CurrentStamina":19,"CurrentOrder":{"Kind":0,"TargetZone":{"Space":{"X":1,"Y":-3},"Zone":{"X":1,"Y":0}},"TargetSpace":null,"TargetResource":null,"TargetUnit":null,"TargetBuilding":null},"Builds":[],"GarrisonedIn":null,"Stance":3,"InterruptCurrent":false,"AttackBack":true,"TargetPriority":"","ActiveOrders":[{"ID":213,"Kind":0}],"Health":11,"MaxHealth":11},{"InternalID":10,"UnitID":11,"Type":2,"Kind":1,"Location":{"Space":{"X":2,"Y":-3},"Zone":{"X":-1,"Y":0}},"CurrentStamina":15,"CurrentOrder":{"Kind":4,"TargetZone":null,"TargetSpace":{"X":2,"Y":-3},"TargetResource":null,"TargetUnit":null,"TargetBuilding":null},"Builds":[],"GarrisonedIn":null,"Stance":3,"InterruptCurrent":true,"AttackBack":true,"TargetPriority":"","ActiveOrders":[{"ID":240,"Kind":4}],"Health":11,"MaxHealth":11},{"InternalID":11,"UnitID":11,"Type":2,"Kind":1,"Location":{"Space":{"X":2,"Y":-3},"Zone":{"X":-1,"Y":0}},"CurrentStamina":15,"CurrentOrder":{"Kind":4,"TargetZone":null,"TargetSpace":{"X":2,"Y":-3},"TargetResource":null,"TargetUnit":null,"TargetBuilding":null},"Builds":[],"GarrisonedIn":null,"Stance":3,"InterruptCurrent":true,"AttackBack":true,"TargetPriority":"","ActiveOrders":[{"ID":246,"Kind":4}],"Health":11,"MaxHealth":11},{"InternalID":12,"UnitID":11,"Type":2,"Kind":1,"Location":{"Space":{"X":2,"Y":-3},"Zone":{"X":-1,"Y":0}},"CurrentStamina":15,"CurrentOrder":{"Kind":4,"TargetZone":null,"TargetSpace":{"X":2,"Y":-3},"TargetResource":null,"TargetUnit":null,"TargetBuilding":null},"Builds":[],"GarrisonedIn":null,"Stance":3,"InterruptCurrent":true,"AttackBack":true,"TargetPriority":"","ActiveOrders":[{"ID":244,"Kind":4}],"Health":11,"MaxHealth":11},{"InternalID":13,"UnitID":11,"Type":2,"Kind":1,"Location":{"Space":{"X":2,"Y":-3},"Zone":{"X":-1,"Y":0}},"CurrentStamina":15,"CurrentOrder":{"Kind":4,"TargetZone":null,"TargetSpace":{"X":2,"Y":-3},"TargetResource":null,"TargetUnit":null,"TargetBuilding":null},"Builds":[],"GarrisonedIn":null,"Stance":3,"InterruptCurrent":true,"AttackBack":true,"TargetPriority":"","ActiveOrders":[{"ID":247,"Kind":4}],"Health":11,"MaxHealth":11},{"InternalID":14,"UnitID":11,"Type":2,"Kind":1,"Location":{"Space":{"X":2,"Y":-3},"Zone":{"X":-1,"Y":0}},"CurrentStamina":15,"CurrentOrder":{"Kind":4,"TargetZone":null,"TargetSpace":{"X":2,"Y":-3},"TargetResource":null,"TargetUnit":null,"TargetBuilding":null},"Builds":[],"GarrisonedIn":null,"Stance":3,"InterruptCurrent":true,"AttackBack":true,"TargetPriority":"","ActiveOrders":[{"ID":248,"Kind":4}],"Health":11,"MaxHealth":11},{"InternalID":15,"UnitID":11,"Type":2,"Kind":1,"Location":{"Space":{"X":2,"Y":-3},"Zone":{"X":-1,"Y":0}},"CurrentStamina":15,"CurrentOrder":{"Kind":4,"TargetZone":null,"TargetSpace":{"X":2,"Y":-3},"TargetResource":null,"TargetUnit":null,"TargetBuilding":null},"Builds":[],"GarrisonedIn":null,"Stance":3,"InterruptCurrent":true,"AttackBack":true,"TargetPriority":"","ActiveOrders":[{"ID":243,"Kind":4}],"Health":11,"MaxHealth":11},{"InternalID":16,"UnitID":11,"Type":2,"Kind":1,"Location":{"Space":{"X":2,"Y":-3},"Zone":{"X":-1,"Y":0}},"CurrentStamina":15,"CurrentOrder":{"Kind":4,"TargetZone":null,"TargetSpace":{"X":2,"Y":-3},"TargetResource":null,"TargetUnit":null,"TargetBuilding":null},"Builds":[],"GarrisonedIn":null,"Stance":3,"InterruptCurrent":true,"AttackBack":true,"TargetPriority":"","ActiveOrders":[{"ID":241,"Kind":4}],"Health":11,"MaxHealth":11},{"InternalID":18,"UnitID":12,"Type":2,"Kind":1,"Location":{"Space":{"X":2,"Y":-3},"Zone":{"X":-1,"Y":0}},"CurrentStamina":12,"CurrentOrder":{"Kind":4,"TargetZone":null,"TargetSpace":{"X":2,"Y":-3},"TargetResource":null,"TargetUnit":null,"TargetBuilding":null},"Builds":[],"GarrisonedIn":null,"Stance":3,"InterruptCurrent":true,"AttackBack":true,"TargetPriority":"","ActiveOrders":[{"ID":286,"Kind":4}],"Health":16,"MaxHealth":16},{"InternalID":19,"UnitID":12,"Type":2,"Kind":1,"Location":{"Space":{"X":2,"Y":-3},"Zone":{"X":-1,"Y":0}},"CurrentStamina":12,"CurrentOrder":{"Kind":4,"TargetZone":null,"TargetSpace":{"X":2,"Y":-3},"TargetResource":null,"TargetUnit":null,"TargetBuilding":null},"Builds":[],"GarrisonedIn":null,"Stance":3,"InterruptCurrent":true,"AttackBack":true,"TargetPriority":"","ActiveOrders":[{"ID":284,"Kind":4}],"Health":16,"MaxHealth":16},{"InternalID":20,"UnitID":12,"Type":2,"Kind":1,"Location":{"Space":{"X":2,"Y":-3},"Zone":{"X":-1,"Y":0}},"CurrentStamina":12,"CurrentOrder":{"Kind":4,"TargetZone":null,"TargetSpace":{"X":2,"Y":-3},"TargetResource":null,"TargetUnit":null,"TargetBuilding":null},"Builds":[],"GarrisonedIn":null,"Stance":3,"InterruptCurrent":true,"AttackBack":true,"TargetPriority":"","ActiveOrders":[{"ID":282,"Kind":4}],"Health":16,"MaxHealth":16},{"InternalID":21,"UnitID":12,"Type":2,"Kind":1,"Location":{"Space":{"X":2,"Y":-3},"Zone":{"X":-1,"Y":0}},"CurrentStamina":12,"CurrentOrder":{"Kind":4,"TargetZone":null,"TargetSpace":{"X":2,"Y":-3},"TargetResource":null,"TargetUnit":null,"TargetBuilding":null},"Builds":[],"GarrisonedIn":null,"Stance":3,"InterruptCurrent":true,"AttackBack":true,"TargetPriority":"","ActiveOrders":[{"ID":279,"Kind":4}],"Health":16,"MaxHealth":16},{"InternalID":22,"UnitID":12,"Type":2,"Kind":1,"Location":{"Space":{"X":2,"Y":-3},"Zone":{"X":-1,"Y":0}},"CurrentStamina":12,"CurrentOrder":{"Kind":4,"TargetZone":null,"TargetSpace":{"X":2,"Y":-3},"TargetResource":null,"TargetUnit":null,"TargetBuilding":null},"Builds":[],"GarrisonedIn":null,"Stance":3,"InterruptCurrent":true,"AttackBack":true,"TargetPriority":"","ActiveOrders":[{"ID":283,"Kind":4}],"Health":16,"MaxHealth":16},{"InternalID":23,"UnitID":12,"Type":2,"Kind":1,"Location":{"Space":{"X":2,"Y":-3},"Zone":{"X":-1,"Y":0}},"CurrentStamina":12,"CurrentOrder":{"Kind":4,"TargetZone":null,"TargetSpace":{"X":2,"Y":-3},"TargetResource":null,"TargetUnit":null,"TargetBuilding":null},"Builds":[],"GarrisonedIn":null,"Stance":3,"InterruptCurrent":true,"AttackBack":true,"TargetPriority":"","ActiveOrders":[{"ID":281,"Kind":4}],"Health":16,"MaxHealth":16},{"InternalID":24,"UnitID":12,"Type":2,"Kind":1,"Location":{"Space":{"X":2,"Y":-3},"Zone":{"X":-1,"Y":0}},"CurrentStamina":12,"CurrentOrder":{"Kind":4,"TargetZone":null,"TargetSpace":{"X":2,"Y":-3},"TargetResource":null,"TargetUnit":null,"TargetBuilding":null},"Builds":[],"GarrisonedIn":null,"Stance":3,"InterruptCurrent":true,"AttackBack":true,"TargetPriority":"","ActiveOrders":[{"ID":280,"Kind":4}],"Health":16,"MaxHealth":16},{"InternalID":25,"UnitID":13,"Type":2,"Kind":1,"Location":{"Space":{"X":-1,"Y":-1},"Zone":{"X":0,"Y":0}},"CurrentStamina":8,"CurrentOrder":{"Kind":0,"TargetZone":{"Space":{"X":1,"Y":-3},"Zone":{"X":1,"Y":0}},"TargetSpace":null,"TargetResource":null,"TargetUnit":null,"TargetBuilding":null},"Builds":[],"GarrisonedIn":null,"Stance":3,"InterruptCurrent":true,"AttackBack":true,"TargetPriority":"","ActiveOrders":[{"ID":232,"Kind":0}],"Health":50,"MaxHealth":50},{"InternalID":26,"UnitID":13,"Type":2,"Kind":1,"Location":{"Space":{"X":-1,"Y":-1},"Zone":{"X":0,"Y":0}},"CurrentStamina":8,"CurrentOrder":{"Kind":0,"TargetZone":{"Space":{"X":1,"Y":-3},"Zone":{"X":1,"Y":0}},"TargetSpace":null,"TargetResource":null,"TargetUnit":null,"TargetBuilding":null},"Builds":[],"GarrisonedIn":null,"Stance":3,"InterruptCurrent":true,"AttackBack":true,"TargetPriority":"","ActiveOrders":[{"ID":233,"Kind":0}],"Health":50,"MaxHealth":50},{"InternalID":27,"UnitID":13,"Type":2,"Kind":1,"Location":{"Space":{"X":-1,"Y":-1},"Zone":{"X":0,"Y":0}},"CurrentStamina":8,"CurrentOrder":{"Kind":0,"TargetZone":{"Space":{"X":1,"Y":-3},"Zone":{"X":1,"Y":0}},"TargetSpace":null,"TargetResource":null,"TargetUnit":null,"TargetBuilding":null},"Builds":[],"GarrisonedIn":null,"Stance":3,"InterruptCurrent":true,"AttackBack":true,"TargetPriority":"","ActiveOrders":[{"ID":234,"Kind":0}],"Health":50,"MaxHealth":50},{"InternalID":28,"UnitID":13,"Type":2,"Kind":1,"Location":{"Space":{"X":-1,"Y":-1},"Zone":{"X":0,"Y":0}},"CurrentStamina":8,"CurrentOrder":{"Kind":0,"TargetZone":{"Space":{"X":1,"Y":-3},"Zone":{"X":1,"Y":0}},"TargetSpace":null,"TargetResource":null,"TargetUnit":null,"TargetBuilding":null},"Builds":[],"GarrisonedIn":null,"Stance":3,"InterruptCurrent":true,"AttackBack":true,"TargetPriority":"","ActiveOrders":[{"ID":235,"Kind":0}],"Health":50,"MaxHealth":50},{"InternalID":29,"UnitID":13,"Type":2,"Kind":1,"Location":{"Space":{"X":-1,"Y":-1},"Zone":{"X":0,"Y":0}},"CurrentStamina":8,"CurrentOrder":{"Kind":0,"TargetZone":{"Space":{"X":1,"Y":-3},"Zone":{"X":1,"Y":0}},"TargetSpace":null,"TargetResource":null,"TargetUnit":null,"TargetBuilding":null},"Builds":[],"GarrisonedIn":null,"Stance":3,"InterruptCurrent":true,"AttackBack":true,"TargetPriority":"","ActiveOrders":[{"ID":236,"Kind":0}],"Health":50,"MaxHealth":50},{"InternalID":30,"UnitID":13,"Type":2,"Kind":1,"Location":{"Space":{"X":-1,"Y":-1},"Zone":{"X":0,"Y":0}},"CurrentStamina":8,"CurrentOrder":{"Kind":0,"TargetZone":{"Space":{"X":1,"Y":-3},"Zone":{"X":1,"Y":0}},"TargetSpace":null,"TargetResource":null,"TargetUnit":null,"TargetBuilding":null},"Builds":[],"GarrisonedIn":null,"Stance":3,"InterruptCurrent":true,"AttackBack":true,"TargetPriority":"","ActiveOrders":[{"ID":237,"Kind":0}],"Health":50,"MaxHealth":50}]}
2026/09/30 21:20:38 ai ai-1: submitting orders [{Subjects:[31] OrderType:2 TargetID:78 ClearPreviousOrders:true}]
2026/09/30 21:20:38 ai ai-1: vars {}
2026/09/30 21:20:38 player action: submit-orders 0 2 map[orders:[{1 [31] 2 78 true}]]
2026/09/30 21:20:38 Executing submit orders for: 1 [{1 [31] 2 78 true}]
2026/09/30 21:20:38 ai ai-0: submitting orders [{Subjects:[6] OrderType:9 TargetID:36 ClearPreviousOrders:true} {Subjects:[10] OrderType:9 TargetID:36 ClearPreviousOrders:true} {Subjects:[11] OrderType:9 TargetID:36 ClearPreviousOrders:true} {Subjects:[12] OrderType:9 TargetID:36 ClearPreviousOrders:true} {Subjects:[13] OrderType:9 TargetID:36 ClearPreviousOrders:true} {Subjects:[14] OrderType:9 TargetID:36 ClearPreviousOrders:true} {Subjects:[15] OrderType:9 TargetID:36 ClearPreviousOrders:true} {Subjects:[16] OrderType:9 TargetID:36 ClearPreviousOrders:true} {Subjects:[18] OrderType:9 TargetID:36 ClearPreviousOrders:true} {Subjects:[19] OrderType:9 TargetID:36 ClearPreviousOrders:true} {Subjects:[20] OrderType:9 TargetID:36 ClearPreviousOrders:true} {Subjects:[21] OrderType:9 TargetID:36 ClearPreviousOrders:true} {Subjects:[22] OrderType:9 TargetID:36 ClearPreviousOrders:true} {Subjects:[23] OrderType:9 TargetID:36 ClearPreviousOrders:true} {Subjects:[24] OrderType:9 TargetID:36 ClearPreviousOrders:true} {Subjects:[25] OrderType:2 TargetID:5255 ClearPreviousOrders:true} {Subjects:[26] OrderType:2 TargetID:5255 ClearPreviousOrders:true} {Subjects:[27] OrderType:2 TargetID:5255 ClearPreviousOrders:true} {Subjects:[28] OrderType:2 TargetID:5255 ClearPreviousOrders:true} {Subjects:[29] OrderType:2 TargetID:5255 ClearPreviousOrders:true} {Subjects:[30] OrderType:2 TargetID:5255 ClearPreviousOrders:true} {Subjects:[10] OrderType:9 TargetID:36 ClearPreviousOrders:true} {Subjects:[10] OrderType:9 TargetID:37 ClearPreviousOrders:false} {Subjects:[10] OrderType:9 TargetID:38 ClearPreviousOrders:false} {Subjects:[10] OrderType:9 TargetID:39 ClearPreviousOrders:false} {Subjects:[10] OrderType:9 TargetID:40 ClearPreviousOrders:false} {Subjects:[10] OrderType:9 TargetID:41 ClearPreviousOrders:false} {Subjects:[11] OrderType:9 TargetID:36 ClearPreviousOrders:true} {Subjects:[11] OrderType:9 TargetID:38 ClearPreviousOrders:false} {Subjects:[11] OrderType:9 TargetID:39 ClearPreviousOrders:false} {Subjects:[11] OrderType:9 TargetID:40 ClearPreviousOrders:false} {Subjects:[11] OrderType:9 TargetID:41 ClearPreviousOrders:false} {Subjects:[11] OrderType:9 TargetID:42 ClearPreviousOrders:false} {Subjects:[12] OrderType:9 TargetID:36 ClearPreviousOrders:true} {Subjects:[12] OrderType:9 TargetID:39 ClearPreviousOrders:false} {Subjects:[12] OrderType:9 TargetID:40 ClearPreviousOrders:false} {Subjects:[12] OrderType:9 TargetID:41 ClearPreviousOrders:false} {Subjects:[12] OrderType:9 TargetID:42 ClearPreviousOrders:false} {Subjects:[12] OrderType:9 TargetID:43 ClearPreviousOrders:false} {Subjects:[13] OrderType:9 TargetID:36 ClearPreviousOrders:true} {Subjects:[13] OrderType:9 TargetID:40 ClearPreviousOrders:false} {Subjects:[13] OrderType:9 TargetID:41 ClearPreviousOrders:false} {Subjects:[13] OrderType:9 TargetID:42 ClearPreviousOrders:false} {Subjects:[13] OrderType:9 TargetID:43 ClearPreviousOrders:false} {Subjects:[13] OrderType:9 TargetID:44 ClearPreviousOrders:false} {Subjects:[14] OrderType:9 TargetID:36 ClearPreviousOrders:true} {Subjects:[14] OrderType:9 TargetID:41 ClearPreviousOrders:false} {Subjects:[14] OrderType:9 TargetID:42 ClearPreviousOrders:false} {Subjects:[14] OrderType:9 TargetID:43 ClearPreviousOrders:false} {Subjects:[14] OrderType:9 TargetID:44 ClearPreviousOrders:false} {Subjects:[14] OrderType:9 TargetID:45 ClearPreviousOrders:false} {Subjects:[15] OrderType:9 TargetID:36 ClearPreviousOrders:true} {Subjects:[15] OrderType:9 TargetID:42 ClearPreviousOrders:false} {Subjects:[15] OrderType:9 TargetID:43 ClearPreviousOrders:false} {Subjects:[15] OrderType:9 TargetID:44 ClearPreviousOrders:false} {Subjects:[15] OrderType:9 TargetID:45 ClearPreviousOrders:false} {Subjects:[15] OrderType:9 TargetID:46 ClearPreviousOrders:false} {Subjects:[16] OrderType:9 TargetID:36 ClearPreviousOrders:true} {Subjects:[16] OrderType:9 TargetID:43 ClearPreviousOrders:false} {Subjects:[16] OrderType:9 TargetID:44 ClearPreviousOrders:false} {Subjects:[16] OrderType:9 TargetID:45 ClearPreviousOrders:false} {Subjects:[16] OrderType:9 TargetID:46 ClearPreviousOrders:false} {Subjects:[16] OrderType:9 TargetID:47 ClearPreviousOrders:false} {Subjects:[18] OrderType:9 TargetID:36 ClearPreviousOrders:true} {Subjects:[18] OrderType:9 TargetID:44 ClearPreviousOrders:false} {Subjects:[18] OrderType:9 TargetID:45 ClearPreviousOrders:false} {Subjects:[18] OrderType:9 TargetID:46 ClearPreviousOrders:false} {Subjects:[18] OrderType:9 TargetID:47 ClearPreviousOrders:false} {Subjects:[18] OrderType:9 TargetID:48 ClearPreviousOrders:false} {Subjects:[19] OrderType:9 TargetID:37 ClearPreviousOrders:true} {Subjects:[19] OrderType:9 TargetID:38 ClearPreviousOrders:false} {Subjects:[19] OrderType:9 TargetID:39 ClearPreviousOrders:false} {Subjects:[19] OrderType:9 TargetID:40 ClearPreviousOrders:false} {Subjects:[19] OrderType:9 TargetID:41 ClearPreviousOrders:false} {Subjects:[19] OrderType:9 TargetID:42 ClearPreviousOrders:false} {Subjects:[20] OrderType:9 TargetID:37 ClearPreviousOrders:true} {Subjects:[20] OrderType:9 TargetID:39 ClearPreviousOrders:false} {Subjects:[20] OrderType:9 TargetID:40 ClearPreviousOrders:false} {Subjects:[20] OrderType:9 TargetID:41 ClearPreviousOrders:false} {Subjects:[20] OrderType:9 TargetID:42 ClearPreviousOrders:false} {Subjects:[20] OrderType:9 TargetID:43 ClearPreviousOrders:false} {Subjects:[21] OrderType:9 TargetID:37 ClearPreviousOrders:true} {Subjects:[21] OrderType:9 TargetID:40 ClearPreviousOrders:false} {Subjects:[21] OrderType:9 TargetID:41 ClearPreviousOrders:false} {Subjects:[21] OrderType:9 TargetID:42 ClearPreviousOrders:false} {Subjects:[21] OrderType:9 TargetID:43 ClearPreviousOrders:false} {Subjects:[21] OrderType:9 TargetID:44 ClearPreviousOrders:false} {Subjects:[22] OrderType:9 TargetID:37 ClearPreviousOrders:true} {Subjects:[22] OrderType:9 TargetID:41 ClearPreviousOrders:false} {Subjects:[22] OrderType:9 TargetID:42 ClearPreviousOrders:false} {Subjects:[22] OrderType:9 TargetID:43 ClearPreviousOrders:false} {Subjects:[22] OrderType:9 TargetID:44 ClearPreviousOrders:false} {Subjects:[22] OrderType:9 TargetID:45 ClearPreviousOrders:false} {Subjects:[23] OrderType:9 TargetID:37 ClearPreviousOrders:true} {Subjects:[23] OrderType:9 TargetID:42 ClearPreviousOrders:false} {Subjects:[23] OrderType:9 TargetID:43 ClearPreviousOrders:false} {Subjects:[23] OrderType:9 TargetID:44 ClearPreviousOrders:false} {Subjects:[23] OrderType:9 TargetID:45 ClearPreviousOrders:false} {Subjects:[23] OrderType:9 TargetID:46 ClearPreviousOrders:false} {Subjects:[24] OrderType:9 TargetID:37 ClearPreviousOrders:true} {Subjects:[24] OrderType:9 TargetID:43 ClearPreviousOrders:false} {Subjects:[24] OrderType:9 TargetID:44 ClearPreviousOrders:false} {Subjects:[24] OrderType:9 TargetID:45 ClearPreviousOrders:false} {Subjects:[24] OrderType:9 TargetID:46 ClearPreviousOrders:false} {Subjects:[24] OrderType:9 TargetID:47 ClearPreviousOrders:false}]
2026/09/30 21:20:38 ai ai-0: vars {"B":8,"Hv":6,"Pi":7,"aPowLocal":0,"aThreat":0,"a_engaged":0,"a_odds":1.3,"a_outnumbered":0,"army_target":50,"army_value":2410,"assault":0,"bank_rate":28,"bar_barracks":0.17072129748186085,"bar_redoubt":1.1111111111111112,"barracks":0,"barracks_B":0,"barracks_P":0,"barracks_save":0,"barracks_spend":78.1,"barracks_want":0,"buffer_food":70,"buffer_gold":0,"buffer_stone":0,"buffer_wood":70,"builders":0,"committed":0,"eB":14.7,"eGrowth":0,"eH":6,"eMil":28.7,"eP":8,"ePow":54.7,"ePowEst":53.9,"ePowSeen":53.9,"eTech":1,"eV":0,"es":29.7,"farm_want":0,"farm_wood_short":0,"farming":0,"fire_barracks":0,"fire_farm0":0,"fire_farm1":0,"fire_farm2":0,"fire_house":0,"fire_outpost":0,"fire_redoubt":0,"fire_smith":0,"fire_vc":0,"food_need":0,"food_over":0,"food_rate":0,"food_slots":1000,"food_workers":0,"free_room":29,"go":0,"gold_income":4,"gold_need":0,"gold_rate":0,"gold_surplus":82,"guaranteed":0,"guard_home":0,"headroom":-21,"hire_B":4415.384615384615,"hire_P":6938.461538461538,"homePow":0,"house_builders":0,"house_urgency":0,"house_want":0,"income_proj":0,"left":0,"lf_food":0,"lf_gold":0,"lf_stone":0,"lf_wood":0,"lump_food":0,"lump_gold":0,"lump_stone":0,"lump_wood":0,"maturity":0,"mil":21,"myTech":1,"n_barracks":0,"n_redoubts":0,"needB":21.392645236501842,"needP":7.60735476349816,"outpost_want":0,"pikes":0,"planned_food":0,"planned_gold":0,"planned_stone":0,"planned_wood":0,"prod_rate":0,"proj_army":2410,"raid_danger":0,"raid_fails":1,"raid_lost":3,"raid_pause":20,"raid_prev":0,"raid_size":0,"raid_wiped":1,"rate":6,"redoubt_H":0,"redoubt_gold_ok":0.6311111111111111,"redoubt_save":0,"redoubt_spend":30,"redoubt_want":0,"redoubts":0,"rf_food":0,"rf_gold":0,"rf_stone":0,"rf_wood":0,"sB4":1.2653667487126037,"sP4":0.449972112236321,"scale_l":0,"scale_r":0,"shareH":0.5078893922824558,"smith_want":0,"smiths":0,"spare":0,"spare_food":0.5,"stone_need":0,"stone_rate":0,"tH":35,"target_spend":400,"tech_food":50,"tech_gold":0,"tech_stone":0,"tech_wood":50,"threat_home":0,"turns_left":-210,"u_barracks":0.17642889905366504,"u_redoubt":0.4740300994636254,"unit_spend":120,"vB":1.0606060606060606,"vH":1.0946127946127946,"vP":0.819023569023569,"vc_want":0,"vcs":0,"vil_goal":50,"vil_rate":0,"vil_stamina":8,"vil_want":0,"vil_want_last":0,"vil_worth_now":0.6,"vils":0,"w_food":0,"w_gold":0,"w_stone":0,"w_wood":0,"wild_workers":0,"wood_need":0,"wood_rate":0,"workers":0}
2026/09/30 21:20:38 player action: set-unit-behavior 0 1 map[internal_ids:[10 11 12 13 14 15 16 18 19 20 21 22 23 24] interrupt_current:false]
2026/09/30 21:20:38 player action: submit-orders 0 1 map[orders:[{0 [6] 9 36 true} {0 [10] 9 36 true} {0 [11] 9 36 true} {0 [12] 9 36 true} {0 [13] 9 36 true} {0 [14] 9 36 true} {0 [15] 9 36 true} {0 [16] 9 36 true} {0 [18] 9 36 true} {0 [19] 9 36 true} {0 [20] 9 36 true} {0 [21] 9 36 true} {0 [22] 9 36 true} {0 [23] 9 36 true} {0 [24] 9 36 true} {0 [25] 2 5255 true} {0 [26] 2 5255 true} {0 [27] 2 5255 true} {0 [28] 2 5255 true} {0 [29] 2 5255 true} {0 [30] 2 5255 true} {0 [10] 9 36 true} {0 [10] 9 37 false} {0 [10] 9 38 false} {0 [10] 9 39 false} {0 [10] 9 40 false} {0 [10] 9 41 false} {0 [11] 9 36 true} {0 [11] 9 38 false} {0 [11] 9 39 false} {0 [11] 9 40 false} {0 [11] 9 41 false} {0 [11] 9 42 false} {0 [12] 9 36 true} {0 [12] 9 39 false} {0 [12] 9 40 false} {0 [12] 9 41 false} {0 [12] 9 42 false} {0 [12] 9 43 false} {0 [13] 9 36 true} {0 [13] 9 40 false} {0 [13] 9 41 false} {0 [13] 9 42 false} {0 [13] 9 43 false} {0 [13] 9 44 false} {0 [14] 9 36 true} {0 [14] 9 41 false} {0 [14] 9 42 false} {0 [14] 9 43 false} {0 [14] 9 44 false} {0 [14] 9 45 false} {0 [15] 9 36 true} {0 [15] 9 42 false} {0 [15] 9 43 false} {0 [15] 9 44 false} {0 [15] 9 45 false} {0 [15] 9 46 false} {0 [16] 9 36 true} {0 [16] 9 43 false} {0 [16] 9 44 false} {0 [16] 9 45 false} {0 [16] 9 46 false} {0 [16] 9 47 false} {0 [18] 9 36 true} {0 [18] 9 44 false} {0 [18] 9 45 false} {0 [18] 9 46 false} {0 [18] 9 47 false} {0 [18] 9 48 false} {0 [19] 9 37 true} {0 [19] 9 38 false} {0 [19] 9 39 false} {0 [19] 9 40 false} {0 [19] 9 41 false} {0 [19] 9 42 false} {0 [20] 9 37 true} {0 [20] 9 39 false} {0 [20] 9 40 false} {0 [20] 9 41 false} {0 [20] 9 42 false} {0 [20] 9 43 false} {0 [21] 9 37 true} {0 [21] 9 40 false} {0 [21] 9 41 false} {0 [21] 9 42 false} {0 [21] 9 43 false} {0 [21] 9 44 false} {0 [22] 9 37 true} {0 [22] 9 41 false} {0 [22] 9 42 false} {0 [22] 9 43 false} {0 [22] 9 44 false} {0 [22] 9 45 false} {0 [23] 9 37 true} {0 [23] 9 42 false} {0 [23] 9 43 false} {0 [23] 9 44 false} {0 [23] 9 45 false} {0 [23] 9 46 false} {0 [24] 9 37 true} {0 [24] 9 43 false} {0 [24] 9 44 false} {0 [24] 9 45 false} {0 [24] 9 46 false} {0 [24] 9 47 false}]]
2026/09/30 21:20:38 Executing submit orders for: 0 [{0 [6] 9 36 true} {0 [10] 9 36 true} {0 [11] 9 36 true} {0 [12] 9 36 true} {0 [13] 9 36 true} {0 [14] 9 36 true} {0 [15] 9 36 true} {0 [16] 9 36 true} {0 [18] 9 36 true} {0 [19] 9 36 true} {0 [20] 9 36 true} {0 [21] 9 36 true} {0 [22] 9 36 true} {0 [23] 9 36 true} {0 [24] 9 36 true} {0 [25] 2 5255 true} {0 [26] 2 5255 true} {0 [27] 2 5255 true} {0 [28] 2 5255 true} {0 [29] 2 5255 true} {0 [30] 2 5255 true} {0 [10] 9 36 true} {0 [10] 9 37 false} {0 [10] 9 38 false} {0 [10] 9 39 false} {0 [10] 9 40 false} {0 [10] 9 41 false} {0 [11] 9 36 true} {0 [11] 9 38 false} {0 [11] 9 39 false} {0 [11] 9 40 false} {0 [11] 9 41 false} {0 [11] 9 42 false} {0 [12] 9 36 true} {0 [12] 9 39 false} {0 [12] 9 40 false} {0 [12] 9 41 false} {0 [12] 9 42 false} {0 [12] 9 43 false} {0 [13] 9 36 true} {0 [13] 9 40 false} {0 [13] 9 41 false} {0 [13] 9 42 false} {0 [13] 9 43 false} {0 [13] 9 44 false} {0 [14] 9 36 true} {0 [14] 9 41 false} {0 [14] 9 42 false} {0 [14] 9 43 false} {0 [14] 9 44 false} {0 [14] 9 45 false} {0 [15] 9 36 true} {0 [15] 9 42 false} {0 [15] 9 43 false} {0 [15] 9 44 false} {0 [15] 9 45 false} {0 [15] 9 46 false} {0 [16] 9 36 true} {0 [16] 9 43 false} {0 [16] 9 44 false} {0 [16] 9 45 false} {0 [16] 9 46 false} {0 [16] 9 47 false} {0 [18] 9 36 true} {0 [18] 9 44 false} {0 [18] 9 45 false} {0 [18] 9 46 false} {0 [18] 9 47 false} {0 [18] 9 48 false} {0 [19] 9 37 true} {0 [19] 9 38 false} {0 [19] 9 39 false} {0 [19] 9 40 false} {0 [19] 9 41 false} {0 [19] 9 42 false} {0 [20] 9 37 true} {0 [20] 9 39 false} {0 [20] 9 40 false} {0 [20] 9 41 false} {0 [20] 9 42 false} {0 [20] 9 43 false} {0 [21] 9 37 true} {0 [21] 9 40 false} {0 [21] 9 41 false} {0 [21] 9 42 false} {0 [21] 9 43 false} {0 [21] 9 44 false} {0 [22] 9 37 true} {0 [22] 9 41 false} {0 [22] 9 42 false} {0 [22] 9 43 false} {0 [22] 9 44 false} {0 [22] 9 45 false} {0 [23] 9 37 true} {0 [23] 9 42 false} {0 [23] 9 43 false} {0 [23] 9 44 false} {0 [23] 9 45 false} {0 [23] 9 46 false} {0 [24] 9 37 true} {0 [24] 9 43 false} {0 [24] 9 44 false} {0 [24] 9 45 false} {0 [24] 9 46 false} {0 [24] 9 47 false}]
2026/09/30 21:20:38 Resolving active orders
2026/09/30 21:20:38 combat turn=8 tick=1: 20 u12 (player 0, stamina 3) hits 37 u11 (player 1) for 2.70
2026/09/30 21:20:38 combat turn=8 tick=1: 22 u12 (player 0, stamina 3) hits 37 u11 (player 1) for 2.70
2026/09/30 21:20:38 Moving unit 6 Blunt Infantry to zone(-1, 1) in space (1, -2) tick=1
2026/09/30 21:20:38 combat turn=8 tick=1: 10 u11 (player 0, stamina 3) hits 36 u11 (player 1) for 1.80
2026/09/30 21:20:38 combat turn=8 tick=1: 16 u11 (player 0, stamina 3) hits 36 u11 (player 1) for 1.80
2026/09/30 21:20:38 Moving unit 28 Heavy Infantry to zone(1, -1) in space (-1, -1) tick=1
2026/09/30 21:20:38 combat turn=8 tick=1: 15 u11 (player 0, stamina 3) hits 36 u11 (player 1) for 1.80
2026/09/30 21:20:38 combat turn=8 tick=1: 19 u12 (player 0, stamina 3) hits 37 u11 (player 1) for 2.70
2026/09/30 21:20:38 combat turn=8 tick=1: 12 u11 (player 0, stamina 3) hits 36 u11 (player 1) for 1.80
2026/09/30 21:20:38 Moving unit 27 Heavy Infantry to zone(1, -1) in space (-1, -1) tick=1
2026/09/30 21:20:38 Moving unit 30 Heavy Infantry to zone(1, -1) in space (-1, -1) tick=1
2026/09/30 21:20:38 combat turn=8 tick=1: 11 u11 (player 0, stamina 3) hits 36 u11 (player 1) for 1.80
2026/09/30 21:20:38 combat turn=8 tick=1: 13 u11 (player 0, stamina 3) hits 36 u11 (player 1) for 1.80
2026/09/30 21:20:38 combat turn=8 tick=1: 18 u12 (player 0, stamina 3) hits 36 u11 (player 1) for 2.70
2026/09/30 21:20:38 Moving unit 29 Heavy Infantry to zone(1, -1) in space (-1, -1) tick=1
2026/09/30 21:20:38 combat turn=8 tick=1: 14 u11 (player 0, stamina 3) hits 36 u11 (player 1) for 1.80
2026/09/30 21:20:38 combat turn=8 tick=1: 21 u12 (player 0, stamina 3) hits 37 u11 (player 1) for 2.70
2026/09/30 21:20:38 combat turn=8 tick=1: 24 u12 (player 0, stamina 3) hits 37 u11 (player 1) for 2.70
2026/09/30 21:20:38 Moving unit 25 Heavy Infantry to zone(1, -1) in space (-1, -1) tick=1
2026/09/30 21:20:38 Moving unit 26 Heavy Infantry to zone(1, -1) in space (-1, -1) tick=1
2026/09/30 21:20:38 combat turn=8 tick=1: 23 u12 (player 0, stamina 3) hits 37 u11 (player 1) for 2.70
2026/09/30 21:20:38 combat turn=8 tick=1: 42 u11 (player 1, stamina 3) hits 10 u11 (player 0) for 1.80
2026/09/30 21:20:38 combat turn=8 tick=1: 49 u12 (player 1, stamina 3) hits 10 u11 (player 0) for 2.70
2026/09/30 21:20:38 combat turn=8 tick=1: 50 u12 (player 1, stamina 3) hits 10 u11 (player 0) for 2.70
2026/09/30 21:20:38 combat turn=8 tick=1: 45 u11 (player 1, stamina 3) hits 10 u11 (player 0) for 1.80
2026/09/30 21:20:38 combat turn=8 tick=1: 54 u12 (player 1, stamina 3) hits 10 u11 (player 0) for 2.70
2026/09/30 21:20:38 Moving unit 31 Blunt Infantry to zone(0, -1) in space (-2, 2) tick=1
2026/09/30 21:20:38 combat turn=8 tick=1: 36 u11 (player 1, stamina 3) hits 10 u11 (player 0) for 1.80
2026/09/30 21:20:38 combat turn=8 tick=1: 44 u11 (player 1, stamina 3) hits 10 u11 (player 0) for 1.80
2026/09/30 21:20:38 combat turn=8 tick=1: 47 u12 (player 1, stamina 3) hits 10 u11 (player 0) for 2.70
2026/09/30 21:20:38 combat turn=8 tick=1: 55 u13 (player 1, stamina 3) hits 10 u11 (player 0) for 5.12
2026/09/30 21:20:38 combat turn=8 tick=1: 58 u13 (player 1, stamina 3) hits 10 u11 (player 0) for 5.12
2026/09/30 21:20:38 combat turn=8 tick=1: 57 u13 (player 1, stamina 3) hits 10 u11 (player 0) for 5.12
2026/09/30 21:20:38 combat turn=8 tick=1: 37 u11 (player 1, stamina 3) hits 10 u11 (player 0) for 1.80
2026/09/30 21:20:38 combat turn=8 tick=1: 39 u11 (player 1, stamina 3) hits 10 u11 (player 0) for 1.80
2026/09/30 21:20:38 combat turn=8 tick=1: 46 u11 (player 1, stamina 3) hits 10 u11 (player 0) for 1.80
2026/09/30 21:20:38 combat turn=8 tick=1: 40 u11 (player 1, stamina 3) hits 10 u11 (player 0) for 1.80
2026/09/30 21:20:38 combat turn=8 tick=1: 53 u12 (player 1, stamina 3) hits 10 u11 (player 0) for 2.70
2026/09/30 21:20:38 combat turn=8 tick=1: 60 u13 (player 1, stamina 3) hits 10 u11 (player 0) for 5.12
2026/09/30 21:20:38 combat turn=8 tick=1: 38 u11 (player 1, stamina 3) hits 10 u11 (player 0) for 1.80
2026/09/30 21:20:38 combat turn=8 tick=1: 41 u11 (player 1, stamina 3) hits 10 u11 (player 0) for 1.80
2026/09/30 21:20:38 combat turn=8 tick=1: 48 u12 (player 1, stamina 3) hits 10 u11 (player 0) for 2.70
2026/09/30 21:20:38 combat turn=8 tick=1: 59 u13 (player 1, stamina 3) hits 10 u11 (player 0) for 5.12
2026/09/30 21:20:38 combat turn=8 tick=1: 56 u13 (player 1, stamina 3) hits 10 u11 (player 0) for 5.12
2026/09/30 21:20:38 combat turn=8 tick=1: 43 u11 (player 1, stamina 3) hits 10 u11 (player 0) for 1.80
2026/09/30 21:20:38 combat turn=8 tick=1: 51 u12 (player 1, stamina 3) hits 10 u11 (player 0) for 2.70
2026/09/30 21:20:38 combat turn=8 tick=1: 52 u12 (player 1, stamina 3) hits 10 u11 (player 0) for 2.70
2026/09/30 21:20:38 state_hash turn=8 tick=1 hash=a0b1c33f7f52603d
2026/09/30 21:20:38 combat turn=8 tick=2: 20 u12 (player 0, stamina 3) hits 39 u11 (player 1) for 2.70
2026/09/30 21:20:38 combat turn=8 tick=2: 22 u12 (player 0, stamina 3) hits 41 u11 (player 1) for 2.70
2026/09/30 21:20:38 combat turn=8 tick=2: 16 u11 (player 0, stamina 3) hits 43 u11 (player 1) for 1.80
2026/09/30 21:20:38 Moving unit 28 Heavy Infantry to zone(-1, 1) in space (0, -2) tick=2
2026/09/30 21:20:38 combat turn=8 tick=2: 15 u11 (player 0, stamina 3) hits 42 u11 (player 1) for 1.80
2026/09/30 21:20:38 combat turn=8 tick=2: 19 u12 (player 0, stamina 3) hits 38 u11 (player 1) for 2.70
2026/09/30 21:20:38 combat turn=8 tick=2: 12 u11 (player 0, stamina 3) hits 39 u11 (player 1) for 1.80
2026/09/30 21:20:38 Moving unit 27 Heavy Infantry to zone(-1, 1) in space (0, -2) tick=2
2026/09/30 21:20:38 Moving unit 30 Heavy Infantry to zone(-1, 1) in space (0, -2) tick=2
2026/09/30 21:20:38 combat turn=8 tick=2: 11 u11 (player 0, stamina 3) hits 38 u11 (player 1) for 1.80
2026/09/30 21:20:38 combat turn=8 tick=2: 13 u11 (player 0, stamina 3) hits 40 u11 (player 1) for 1.80
2026/09/30 21:20:38 combat turn=8 tick=2: 18 u12 (player 0, stamina 3) hits 44 u11 (player 1) for 2.70
2026/09/30 21:20:38 Moving unit 29 Heavy Infantry to zone(-1, 1) in space (0, -2) tick=2
2026/09/30 21:20:38 combat turn=8 tick=2: 14 u11 (player 0, stamina 3) hits 41 u11 (player 1) for 1.80
2026/09/30 21:20:38 combat turn=8 tick=2: 21 u12 (player 0, stamina 3) hits 40 u11 (player 1) for 2.70
2026/09/30 21:20:38 combat turn=8 tick=2: 24 u12 (player 0, stamina 3) hits 43 u11 (player 1) for 2.70
2026/09/30 21:20:38 Moving unit 25 Heavy Infantry to zone(-1, 1) in space (0, -2) tick=2
2026/09/30 21:20:38 Moving unit 26 Heavy Infantry to zone(-1, 1) in space (0, -2) tick=2
2026/09/30 21:20:38 combat turn=8 tick=2: 23 u12 (player 0, stamina 3) hits 42 u11 (player 1) for 2.70
2026/09/30 21:20:38 combat turn=8 tick=2: 44 u11 (player 1, stamina 3) hits 11 u11 (player 0) for 1.80
2026/09/30 21:20:38 combat turn=8 tick=2: 47 u12 (player 1, stamina 3) hits 11 u11 (player 0) for 2.70
2026/09/30 21:20:38 combat turn=8 tick=2: 55 u13 (player 1, stamina 3) hits 11 u11 (player 0) for 5.12
2026/09/30 21:20:38 combat turn=8 tick=2: 58 u13 (player 1, stamina 3) hits 11 u11 (player 0) for 5.12
2026/09/30 21:20:38 combat turn=8 tick=2: 57 u13 (player 1, stamina 3) hits 11 u11 (player 0) for 5.12
2026/09/30 21:20:38 combat turn=8 tick=2: 39 u11 (player 1, stamina 3) hits 11 u11 (player 0) for 1.80
2026/09/30 21:20:38 combat turn=8 tick=2: 46 u11 (player 1, stamina 3) hits 11 u11 (player 0) for 1.80
2026/09/30 21:20:38 combat turn=8 tick=2: 40 u11 (player 1, stamina 3) hits 11 u11 (player 0) for 1.80
2026/09/30 21:20:38 combat turn=8 tick=2: 53 u12 (player 1, stamina 3) hits 11 u11 (player 0) for 2.70
2026/09/30 21:20:38 combat turn=8 tick=2: 60 u13 (player 1, stamina 3) hits 11 u11 (player 0) for 5.12
2026/09/30 21:20:38 combat turn=8 tick=2: 38 u11 (player 1, stamina 3) hits 11 u11 (player 0) for 1.80
2026/09/30 21:20:38 combat turn=8 tick=2: 41 u11 (player 1, stamina 3) hits 11 u11 (player 0) for 1.80
2026/09/30 21:20:38 combat turn=8 tick=2: 48 u12 (player 1, stamina 3) hits 11 u11 (player 0) for 2.70
2026/09/30 21:20:38 combat turn=8 tick=2: 59 u13 (player 1, stamina 3) hits 11 u11 (player 0) for 5.12
2026/09/30 21:20:38 combat turn=8 tick=2: 56 u13 (player 1, stamina 3) hits 11 u11 (player 0) for 5.12
2026/09/30 21:20:38 combat turn=8 tick=2: 43 u11 (player 1, stamina 3) hits 11 u11 (player 0) for 1.80
2026/09/30 21:20:38 combat turn=8 tick=2: 51 u12 (player 1, stamina 3) hits 11 u11 (player 0) for 2.70
2026/09/30 21:20:38 combat turn=8 tick=2: 52 u12 (player 1, stamina 3) hits 11 u11 (player 0) for 2.70
2026/09/30 21:20:38 combat turn=8 tick=2: 42 u11 (player 1, stamina 3) hits 11 u11 (player 0) for 1.80
2026/09/30 21:20:38 combat turn=8 tick=2: 49 u12 (player 1, stamina 3) hits 11 u11 (player 0) for 2.70
2026/09/30 21:20:38 combat turn=8 tick=2: 50 u12 (player 1, stamina 3) hits 11 u11 (player 0) for 2.70
2026/09/30 21:20:38 combat turn=8 tick=2: 45 u11 (player 1, stamina 3) hits 11 u11 (player 0) for 1.80
2026/09/30 21:20:38 combat turn=8 tick=2: 54 u12 (player 1, stamina 3) hits 11 u11 (player 0) for 2.70
2026/09/30 21:20:38 Moving unit 31 Blunt Infantry to zone(0, 1) in space (-2, 1) tick=2
2026/09/30 21:20:38 state_hash turn=8 tick=2 hash=890b8a6925dcbc8f
2026/09/30 21:20:38 combat turn=8 tick=3: 16 u11 (player 0, stamina 3) hits 43 u11 (player 1) for 1.80
2026/09/30 21:20:38 Moving unit 28 Heavy Infantry to zone(0, 0) in space (0, -2) tick=3
2026/09/30 21:20:38 combat turn=8 tick=3: 15 u11 (player 0, stamina 3) hits 42 u11 (player 1) for 1.80
2026/09/30 21:20:38 combat turn=8 tick=3: 19 u12 (player 0, stamina 3) hits 38 u11 (player 1) for 2.70
2026/09/30 21:20:38 combat turn=8 tick=3: 12 u11 (player 0, stamina 3) hits 39 u11 (player 1) for 1.80
2026/09/30 21:20:38 Moving unit 27 Heavy Infantry to zone(0, 0) in space (0, -2) tick=3
2026/09/30 21:20:38 Moving unit 30 Heavy Infantry to zone(0, 0) in space (0, -2) tick=3
2026/09/30 21:20:38 combat turn=8 tick=3: 13 u11 (player 0, stamina 3) hits 40 u11 (player 1) for 1.80
2026/09/30 21:20:38 combat turn=8 tick=3: 18 u12 (player 0, stamina 3) hits 44 u11 (player 1) for 2.70
2026/09/30 21:20:38 Moving unit 29 Heavy Infantry to zone(0, 0) in space (0, -2) tick=3
2026/09/30 21:20:38 combat turn=8 tick=3: 14 u11 (player 0, stamina 3) hits 41 u11 (player 1) for 1.80
2026/09/30 21:20:38 combat turn=8 tick=3: 21 u12 (player 0, stamina 3) hits 40 u11 (player 1) for 2.70
2026/09/30 21:20:38 combat turn=8 tick=3: 24 u12 (player 0, stamina 3) hits 43 u11 (player 1) for 2.70
2026/09/30 21:20:38 Moving unit 25 Heavy Infantry to zone(0, 0) in space (0, -2) tick=3
2026/09/30 21:20:38 Moving unit 26 Heavy Infantry to zone(0, 0) in space (0, -2) tick=3
2026/09/30 21:20:38 combat turn=8 tick=3: 23 u12 (player 0, stamina 3) hits 42 u11 (player 1) for 2.70
2026/09/30 21:20:38 combat turn=8 tick=3: 20 u12 (player 0, stamina 3) hits 39 u11 (player 1) for 2.70
2026/09/30 21:20:38 combat turn=8 tick=3: 22 u12 (player 0, stamina 3) hits 41 u11 (player 1) for 2.70
2026/09/30 21:20:38 combat turn=8 tick=3: 42 u11 (player 1, stamina 3) hits 12 u11 (player 0) for 1.80
2026/09/30 21:20:38 combat turn=8 tick=3: 49 u12 (player 1, stamina 3) hits 12 u11 (player 0) for 2.70
2026/09/30 21:20:38 combat turn=8 tick=3: 50 u12 (player 1, stamina 3) hits 12 u11 (player 0) for 2.70
2026/09/30 21:20:38 combat turn=8 tick=3: 45 u11 (player 1, stamina 3) hits 12 u11 (player 0) for 1.80
2026/09/30 21:20:38 combat turn=8 tick=3: 54 u12 (player 1, stamina 3) hits 12 u11 (player 0) for 2.70
2026/09/30 21:20:38 Moving unit 31 Blunt Infantry to zone(0, 0) in space (-2, 1) tick=3
2026/09/30 21:20:38 combat turn=8 tick=3: 44 u11 (player 1, stamina 3) hits 12 u11 (player 0) for 1.80
2026/09/30 21:20:38 combat turn=8 tick=3: 47 u12 (player 1, stamina 3) hits 12 u11 (player 0) for 2.70
2026/09/30 21:20:38 combat turn=8 tick=3: 55 u13 (player 1, stamina 2) hits 12 u11 (player 0) for 3.41
2026/09/30 21:20:38 combat turn=8 tick=3: 58 u13 (player 1, stamina 2) hits 12 u11 (player 0) for 3.41
2026/09/30 21:20:38 combat turn=8 tick=3: 57 u13 (player 1, stamina 2) hits 12 u11 (player 0) for 3.41
2026/09/30 21:20:38 combat turn=8 tick=3: 39 u11 (player 1, stamina 3) hits 12 u11 (player 0) for 1.80
2026/09/30 21:20:38 combat turn=8 tick=3: 46 u11 (player 1, stamina 3) hits 12 u11 (player 0) for 1.80
2026/09/30 21:20:38 combat turn=8 tick=3: 40 u11 (player 1, stamina 3) hits 12 u11 (player 0) for 1.80
2026/09/30 21:20:38 combat turn=8 tick=3: 53 u12 (player 1, stamina 3) hits 12 u11 (player 0) for 2.70
2026/09/30 21:20:38 combat turn=8 tick=3: 60 u13 (player 1, stamina 2) hits 12 u11 (player 0) for 3.41
2026/09/30 21:20:38 combat turn=8 tick=3: 38 u11 (player 1, stamina 3) hits 12 u11 (player 0) for 1.80
2026/09/30 21:20:38 combat turn=8 tick=3: 41 u11 (player 1, stamina 3) hits 12 u11 (player 0) for 1.80
2026/09/30 21:20:38 combat turn=8 tick=3: 48 u12 (player 1, stamina 3) hits 12 u11 (player 0) for 2.70
2026/09/30 21:20:38 combat turn=8 tick=3: 59 u13 (player 1, stamina 2) hits 12 u11 (player 0) for 3.41
2026/09/30 21:20:38 combat turn=8 tick=3: 56 u13 (player 1, stamina 2) hits 12 u11 (player 0) for 3.41
2026/09/30 21:20:38 combat turn=8 tick=3: 43 u11 (player 1, stamina 3) hits 12 u11 (player 0) for 1.80
2026/09/30 21:20:38 combat turn=8 tick=3: 51 u12 (player 1, stamina 3) hits 12 u11 (player 0) for 2.70
2026/09/30 21:20:38 combat turn=8 tick=3: 52 u12 (player 1, stamina 3) hits 12 u11 (player 0) for 2.70
2026/09/30 21:20:38 state_hash turn=8 tick=3 hash=6ade764f3d3dab1c
2026/09/30 21:20:38 combat turn=8 tick=4: 15 u11 (player 0, stamina 3) hits 42 u11 (player 1) for 1.80
2026/09/30 21:20:38 combat turn=8 tick=4: 19 u12 (player 0, stamina 3) hits 38 u11 (player 1) for 2.70
2026/09/30 21:20:38 combat turn=8 tick=4: 13 u11 (player 0, stamina 3) hits 40 u11 (player 1) for 1.80
2026/09/30 21:20:38 combat turn=8 tick=4: 18 u12 (player 0, stamina 3) hits 44 u11 (player 1) for 2.70
2026/09/30 21:20:38 combat turn=8 tick=4: 14 u11 (player 0, stamina 3) hits 41 u11 (player 1) for 1.80
2026/09/30 21:20:38 combat turn=8 tick=4: 21 u12 (player 0, stamina 3) hits 40 u11 (player 1) for 2.70
2026/09/30 21:20:38 combat turn=8 tick=4: 24 u12 (player 0, stamina 3) hits 43 u11 (player 1) for 2.70
2026/09/30 21:20:38 combat turn=8 tick=4: 23 u12 (player 0, stamina 3) hits 42 u11 (player 1) for 2.70
2026/09/30 21:20:38 combat turn=8 tick=4: 20 u12 (player 0, stamina 3) hits 39 u11 (player 1) for 2.70
2026/09/30 21:20:38 combat turn=8 tick=4: 22 u12 (player 0, stamina 3) hits 41 u11 (player 1) for 2.70
2026/09/30 21:20:38 combat turn=8 tick=4: 16 u11 (player 0, stamina 3) hits 43 u11 (player 1) for 1.80
2026/09/30 21:20:38 combat turn=8 tick=4: 43 u11 (player 1, stamina 3) hits 13 u11 (player 0) for 1.80
2026/09/30 21:20:38 combat turn=8 tick=4: 51 u12 (player 1, stamina 3) hits 13 u11 (player 0) for 2.70
2026/09/30 21:20:38 combat turn=8 tick=4: 52 u12 (player 1, stamina 3) hits 13 u11 (player 0) for 2.70
2026/09/30 21:20:38 combat turn=8 tick=4: 42 u11 (player 1, stamina 3) hits 13 u11 (player 0) for 1.80
2026/09/30 21:20:38 combat turn=8 tick=4: 49 u12 (player 1, stamina 3) hits 13 u11 (player 0) for 2.70
2026/09/30 21:20:38 combat turn=8 tick=4: 50 u12 (player 1, stamina 3) hits 13 u11 (player 0) for 2.70
2026/09/30 21:20:38 combat turn=8 tick=4: 45 u11 (player 1, stamina 3) hits 13 u11 (player 0) for 1.80
2026/09/30 21:20:38 combat turn=8 tick=4: 54 u12 (player 1, stamina 3) hits 13 u11 (player 0) for 2.70
2026/09/30 21:20:38 Moving unit 31 Blunt Infantry to zone(0, -1) in space (-2, 1) tick=4
2026/09/30 21:20:38 combat turn=8 tick=4: 44 u11 (player 1, stamina 3) hits 13 u11 (player 0) for 1.80
2026/09/30 21:20:38 combat turn=8 tick=4: 47 u12 (player 1, stamina 3) hits 13 u11 (player 0) for 2.70
2026/09/30 21:20:38 combat turn=8 tick=4: 39 u11 (player 1, stamina 3) hits 13 u11 (player 0) for 1.80
2026/09/30 21:20:38 combat turn=8 tick=4: 46 u11 (player 1, stamina 3) hits 13 u11 (player 0) for 1.80
2026/09/30 21:20:38 combat turn=8 tick=4: 40 u11 (player 1, stamina 3) hits 13 u11 (player 0) for 1.80
2026/09/30 21:20:38 combat turn=8 tick=4: 53 u12 (player 1, stamina 3) hits 13 u11 (player 0) for 2.70
2026/09/30 21:20:38 combat turn=8 tick=4: 38 u11 (player 1, stamina 3) hits 13 u11 (player 0) for 1.80
2026/09/30 21:20:38 combat turn=8 tick=4: 41 u11 (player 1, stamina 3) hits 13 u11 (player 0) for 1.80
2026/09/30 21:20:38 combat turn=8 tick=4: 48 u12 (player 1, stamina 3) hits 13 u11 (player 0) for 2.70
2026/09/30 21:20:38 state_hash turn=8 tick=4 hash=46a96eec162e3ceb
2026/09/30 21:20:38 combat turn=8 tick=5: 14 u11 (player 0, stamina 3) hits 44 u11 (player 1) for 1.80
2026/09/30 21:20:38 combat turn=8 tick=5: 16 u11 (player 0, stamina 3) hits 44 u11 (player 1) for 1.80
2026/09/30 21:20:38 combat turn=8 tick=5: 15 u11 (player 0, stamina 3) hits 44 u11 (player 1) for 1.80
2026/09/30 21:20:38 combat turn=8 tick=5: 38 u11 (player 1, stamina 3) hits 14 u11 (player 0) for 1.80
2026/09/30 21:20:38 combat turn=8 tick=5: 45 u11 (player 1, stamina 3) hits 14 u11 (player 0) for 1.80
2026/09/30 21:20:38 Moving unit 31 Blunt Infantry to zone(0, 1) in space (-2, 0) tick=5
2026/09/30 21:20:38 combat turn=8 tick=5: 44 u11 (player 1, stamina 3) hits 14 u11 (player 0) for 1.80
2026/09/30 21:20:38 combat turn=8 tick=5: 46 u11 (player 1, stamina 3) hits 14 u11 (player 0) for 1.80
2026/09/30 21:20:38 state_hash turn=8 tick=5 hash=8c0838c260d4cdce
2026/09/30 21:20:38 Moving unit 31 Blunt Infantry to zone(0, 0) in space (-2, 0) tick=6
2026/09/30 21:20:38 state_hash turn=8 tick=6 hash=f27b12e978246436
2026/09/30 21:20:38 state_hash turn=8 tick=end hash=0875574a6429a8d0
2026/09/30 21:20:38 ai ai-1: new turn data {"buildings":[],"enemy_buildings":[],"enemy_units":[{"InternalID":14,"UnitID":11,"Type":2,"Kind":1,"Location":{"Space":{"X":2,"Y":-3},"Zone":{"X":-1,"Y":0}},"CurrentStamina":15,"CurrentOrder":null,"Builds":[],"GarrisonedIn":null,"Stance":0,"InterruptCurrent":false,"AttackBack":false,"TargetPriority":"","ActiveOrders":null,"Health":3.8,"MaxHealth":11},{"InternalID":15,"UnitID":11,"Type":2,"Kind":1,"Location":{"Space":{"X":2,"Y":-3},"Zone":{"X":-1,"Y":0}},"CurrentStamina":15,"CurrentOrder":null,"Builds":[],"GarrisonedIn":null,"Stance":0,"InterruptCurrent":false,"AttackBack":false,"TargetPriority":"","ActiveOrders":null,"Health":11,"MaxHealth":11},{"InternalID":16,"UnitID":11,"Type":2,"Kind":1,"Location":{"Space":{"X":2,"Y":-3},"Zone":{"X":-1,"Y":0}},"CurrentStamina":15,"CurrentOrder":null,"Builds":[],"GarrisonedIn":null,"Stance":0,"InterruptCurrent":false,"AttackBack":false,"TargetPriority":"","ActiveOrders":null,"Health":11,"MaxHealth":11},{"InternalID":18,"UnitID":12,"Type":2,"Kind":1,"Location":{"Space":{"X":2,"Y":-3},"Zone":{"X":-1,"Y":0}},"CurrentStamina":12,"CurrentOrder":null,"Builds":[],"GarrisonedIn":null,"Stance":0,"InterruptCurrent":false,"AttackBack":false,"TargetPriority":"","ActiveOrders":null,"Health":16,"MaxHealth":16},{"InternalID":19,"UnitID":12,"Type":2,"Kind":1,"Location":{"Space":{"X":2,"Y":-3},"Zone":{"X":-1,"Y":0}},"CurrentStamina":12,"CurrentOrder":null,"Builds":[],"GarrisonedIn":null,"Stance":0,"InterruptCurrent":false,"AttackBack":false,"TargetPriority":"","ActiveOrders":null,"Health":16,"MaxHealth":16},{"InternalID":20,"UnitID":12,"Type":2,"Kind":1,"Location":{"Space":{"X":2,"Y":-3},"Zone":{"X":-1,"Y":0}},"CurrentStamina":12,"CurrentOrder":null,"Builds":[],"GarrisonedIn":null,"Stance":0,"InterruptCurrent":false,"AttackBack":false,"TargetPriority":"","ActiveOrders":null,"Health":16,"MaxHealth":16},{"InternalID":21,"UnitID":12,"Type":2,"Kind":1,"Location":{"Space":{"X":2,"Y":-3},"Zone":{"X":-1,"Y":0}},"CurrentStamina":12,"CurrentOrder":null,"Builds":[],"GarrisonedIn":null,"Stance":0,"InterruptCurrent":false,"AttackBack":false,"TargetPriority":"","ActiveOrders":null,"Health":16,"MaxHealth":16},{"InternalID":22,"UnitID":12,"Type":2,"Kind":1,"Location":{"Space":{"X":2,"Y":-3},"Zone":{"X":-1,"Y":0}},"CurrentStamina":12,"CurrentOrder":null,"Builds":[],"GarrisonedIn":null,"Stance":0,"InterruptCurrent":false,"AttackBack":false,"TargetPriority":"","ActiveOrders":null,"Health":16,"MaxHealth":16},{"InternalID":23,"UnitID":12,"Type":2,"Kind":1,"Location":{"Space":{"X":2,"Y":-3},"Zone":{"X":-1,"Y":0}},"CurrentStamina":12,"CurrentOrder":null,"Builds":[],"GarrisonedIn":null,"Stance":0,"InterruptCurrent":false,"AttackBack":false,"TargetPriority":"","ActiveOrders":null,"Health":16,"MaxHealth":16},{"InternalID":24,"UnitID":12,"Type":2,"Kind":1,"Location":{"Space":{"X":2,"Y":-3},"Zone":{"X":-1,"Y":0}},"CurrentStamina":12,"CurrentOrder":null,"Builds":[],"GarrisonedIn":null,"Stance":0,"InterruptCurrent":false,"AttackBack":false,"TargetPriority":"","ActiveOrders":null,"Health":16,"MaxHealth":16}],"foundations":[],"population":{"current":18,"limit":0},"resources":{"food":200,"gold":30,"stone":100,"wood":200},"spaces":[{"Space":{"X":0,"Y":-4},"Vision":1,"Owner":-1},{"Space":{"X":1,"Y":-4},"Vision":1,"Owner":-1},{"Space":{"X":2,"Y":-4},"Vision":2,"Owner":-1},{"Space":{"X":3,"Y":-4},"Vision":2,"Owner":-1},{"Space":{"X":4,"Y":-4},"Vision":0,"Owner":-1},{"Space":{"X":-1,"Y":-3},"Vision":1,"Owner":0},{"Space":{"X":0,"Y":-3},"Vision":1,"Owner":-1},{"Space":{"X":1,"Y":-3},"Vision":3,"Owner":-1},{"Space":{"X":2,"Y":-3},"Vision":3,"Owner":-1},{"Space":{"X":3,"Y":-3},"Vision":2,"Owner":-1},{"Space":{"X":4,"Y":-3},"Vision":0,"Owner":-1},{"Space":{"X":-2,"Y":-2},"Vision":1,"Owner":-1},{"Space":{"X":-1,"Y":-2},"Vision":1,"Owner":0},{"Space":{"X":0,"Y":-2},"Vision":1,"Owner":-1},{"Space":{"X":1,"Y":-2},"Vision":2,"Owner":0},{"Space":{"X":2,"Y":-2},"Vision":2,"Owner":-1},{"Space":{"X":3,"Y":-2},"Vision":0,"Owner":-1},{"Space":{"X":4,"Y":-2},"Vision":0,"Owner":-1},{"Space":{"X":-3,"Y":-1},"Vision":1,"Owner":-1},{"Space":{"X":-2,"Y":-1},"Vision":2,"Owner":-1},{"Space":{"X":-1,"Y":-1},"Vision":2,"Owner":-1},{"Space":{"X":0,"Y":-1},"Vision":0,"Owner":-1},{"Space":{"X":1,"Y":-1},"Vision":0,"Owner":-1},{"Space":{"X":2,"Y":-1},"Vision":0,"Owner":-1},{"Space":{"X":3,"Y":-1},"Vision":0,"Owner":-1},{"Space":{"X":4,"Y":-1},"Vision":0,"Owner":-1},{"Space":{"X":-4,"Y":0},"Vision":1,"Owner":-1},{"Space":{"X":-3,"Y":0},"Vision":2,"Owner":-1},{"Space":{"X":-2,"Y":0},"Vision":3,"Owner":1},{"Space":{"X":-1,"Y":0},"Vision":2,"Owner":-1},{"Space":{"X":0,"Y":0},"Vision":0,"Owner":-1},{"Space":{"X":1,"Y":0},"Vision":0,"Owner":-1},{"Space":{"X":2,"Y":0},"Vision":0,"Owner":-1},{"Space":{"X":3,"Y":0},"Vision":0,"Owner":-1},{"Space":{"X":4,"Y":0},"Vision":0,"Owner":-1},{"Space":{"X":-4,"Y":1},"Vision":1,"Owner":-1},{"Space":{"X":-3,"Y":1},"Vision":2,"Owner":-1},{"Space":{"X":-2,"Y":1},"Vision":2,"Owner":-1},{"Space":{"X":-1,"Y":1},"Vision":1,"Owner":-1},{"Space":{"X":0,"Y":1},"Vision":0,"Owner":-1},{"Space":{"X":1,"Y":1},"Vision":0,"Owner":-1},{"Space":{"X":2,"Y":1},"Vision":0,"Owner":-1},{"Space":{"X":3,"Y":1},"Vision":0,"Owner":-1},{"Space":{"X":-4,"Y":2},"Vision":1,"Owner":-1},{"Space":{"X":-3,"Y":2},"Vision":1,"Owner":-1},{"Space":{"X":-2,"Y":2},"Vision":1,"Owner":-1},{"Space":{"X":-1,"Y":2},"Vision":1,"Owner":-1},{"Space":{"X":0,"Y":2},"Vision":0,"Owner":-1},{"Space":{"X":1,"Y":2},"Vision":0,"Owner":-1},{"Space":{"X":2,"Y":2},"Vision":0,"Owner":-1},{"Space":{"X":-4,"Y":3},"Vision":1,"Owner":-1},{"Space":{"X":-3,"Y":3},"Vision":1,"Owner":-1},{"Space":{"X":-2,"Y":3},"Vision":1,"Owner":-1},{"Space":{"X":-1,"Y":3},"Vision":0,"Owner":-1},{"Space":{"X":0,"Y":3},"Vision":0,"Owner":-1},{"Space":{"X":1,"Y":3},"Vision":0,"Owner":-1},{"Space":{"X":-4,"Y":4},"Vision":1,"Owner":-1},{"Space":{"X":-3,"Y":4},"Vision":1,"Owner":-1},{"Space":{"X":-2,"Y":4},"Vision":0,"Owner":-1},{"Space":{"X":-1,"Y":4},"Vision":0,"Owner":-1},{"Space":{"X":0,"Y":4},"Vision":0,"Owner":-1}],"units":[{"InternalID":31,"UnitID":11,"Type":2,"Kind":1,"Location":{"Space":{"X":-2,"Y":0},"Zone":{"X":0,"Y":0}},"CurrentStamina":17,"CurrentOrder":null,"Builds":[],"GarrisonedIn":null,"Stance":3,"InterruptCurrent":false,"AttackBack":true,"TargetPriority":"","ActiveOrders":null,"Health":11,"MaxHealth":11},{"InternalID":38,"UnitID":11,"Type":2,"Kind":1,"Location":{"Space":{"X":2,"Y":-3},"Zone":{"X":-1,"Y":0}},"CurrentStamina":15,"CurrentOrder":{"Kind":4,"TargetZone":null,"TargetSpace":{"X":2,"Y":-3},"TargetResource":null,"TargetUnit":null,"TargetBuilding":null},"Builds":[],"GarrisonedIn":null,"Stance":3,"InterruptCurrent":false,"AttackBack":true,"TargetPriority":"","ActiveOrders":[{"ID":257,"Kind":4}],"Health":1.1,"MaxHealth":11},{"InternalID":45,"UnitID":11,"Type":2,"Kind":1,"Location":{"Space":{"X":2,"Y":-3},"Zone":{"X":-1,"Y":0}},"CurrentStamina":15,"CurrentOrder":{"Kind":4,"TargetZone":null,"TargetSpace":{"X":2,"Y":-3},"TargetResource":null,"TargetUnit":null,"TargetBuilding":null},"Builds":[],"GarrisonedIn":null,"Stance":3,"InterruptCurrent":false,"AttackBack":true,"TargetPriority":"","ActiveOrders":[{"ID":270,"Kind":4}],"Health":11,"MaxHealth":11},{"InternalID":46,"UnitID":11,"Type":2,"Kind":1,"Location":{"Space":{"X":2,"Y":-3},"Zone":{"X":-1,"Y":0}},"CurrentStamina":15,"CurrentOrder":{"Kind":4,"TargetZone":null,"TargetSpace":{"X":2,"Y":-3},"TargetResource":null,"TargetUnit":null,"TargetBuilding":null},"Builds":[],"GarrisonedIn":null,"Stance":3,"InterruptCurrent":false,"AttackBack":true,"TargetPriority":"","ActiveOrders":[{"ID":253,"Kind":4}],"Health":11,"MaxHealth":11},{"InternalID":47,"UnitID":12,"Type":2,"Kind":1,"Location":{"Space":{"X":2,"Y":-3},"Zone":{"X":-1,"Y":0}},"CurrentStamina":12,"CurrentOrder":{"Kind":4,"TargetZone":null,"TargetSpace":{"X":2,"Y":-3},"TargetResource":null,"TargetUnit":null,"TargetBuilding":null},"Builds":[],"GarrisonedIn":null,"Stance":3,"InterruptCurrent":false,"AttackBack":true,"TargetPriority":"","ActiveOrders":[{"ID":275,"Kind":4}],"Health":16,"MaxHealth":16},{"InternalID":48,"UnitID":12,"Type":2,"Kind":1,"Location":{"Space":{"X":2,"Y":-3},"Zone":{"X":-1,"Y":0}},"CurrentStamina":12,"CurrentOrder":{"Kind":4,"TargetZone":null,"TargetSpace":{"X":2,"Y":-3},"TargetResource":null,"TargetUnit":null,"TargetBuilding":null},"Builds":[],"GarrisonedIn":null,"Stance":3,"InterruptCurrent":false,"AttackBack":true,"TargetPriority":"","ActiveOrders":[{"ID":259,"Kind":4}],"Health":16,"MaxHealth":16},{"InternalID":49,"UnitID":12,"Type":2,"Kind":1,"Location":{"Space":{"X":2,"Y":-3},"Zone":{"X":-1,"Y":0}},"CurrentStamina":12,"CurrentOrder":{"Kind":4,"TargetZone":null,"TargetSpace":{"X":2,"Y":-3},"TargetResource":null,"TargetUnit":null,"TargetBuilding":null},"Builds":[],"GarrisonedIn":null,"Stance":3,"InterruptCurrent":false,"AttackBack":true,"TargetPriority":"","ActiveOrders":[{"ID":268,"Kind":4}],"Health":16,"MaxHealth":16},{"InternalID":50,"UnitID":12,"Type":2,"Kind":1,"Location":{"Space":{"X":2,"Y":-3},"Zone":{"X":-1,"Y":0}},"CurrentStamina":12,"CurrentOrder":{"Kind":4,"TargetZone":null,"TargetSpace":{"X":2,"Y":-3},"TargetResource":null,"TargetUnit":null,"TargetBuilding":null},"Builds":[],"GarrisonedIn":null,"Stance":3,"InterruptCurrent":false,"AttackBack":true,"TargetPriority":"","ActiveOrders":[{"ID":269,"Kind":4}],"Health":16,"MaxHealth":16},{"InternalID":51,"UnitID":12,"Type":2,"Kind":1,"Location":{"Space":{"X":2,"Y":-3},"Zone":{"X":-1,"Y":0}},"CurrentStamina":12,"CurrentOrder":{"Kind":4,"TargetZone":null,"TargetSpace":{"X":2,"Y":-3},"TargetResource":null,"TargetUnit":null,"TargetBuilding":null},"Builds":[],"GarrisonedIn":null,"Stance":3,"InterruptCurrent":false,"AttackBack":true,"TargetPriority":"","ActiveOrders":[{"ID":264,"Kind":4}],"Health":16,"MaxHealth":16},{"InternalID":52,"UnitID":12,"Type":2,"Kind":1,"Location":{"Space":{"X":2,"Y":-3},"Zone":{"X":-1,"Y":0}},"CurrentStamina":12,"CurrentOrder":{"Kind":4,"TargetZone":null,"TargetSpace":{"X":2,"Y":-3},"TargetResource":null,"TargetUnit":null,"TargetBuilding":null},"Builds":[],"GarrisonedIn":null,"Stance":3,"InterruptCurrent":false,"AttackBack":true,"TargetPriority":"","ActiveOrders":[{"ID":265,"Kind":4}],"Health":16,"MaxHealth":16},{"InternalID":53,"UnitID":12,"Type":2,"Kind":1,"Location":{"Space":{"X":2,"Y":-3},"Zone":{"X":-1,"Y":0}},"CurrentStamina":12,"CurrentOrder":{"Kind":4,"TargetZone":null,"TargetSpace":{"X":2,"Y":-3},"TargetResource":null,"TargetUnit":null,"TargetBuilding":null},"Builds":[],"GarrisonedIn":null,"Stance":3,"InterruptCurrent":false,"AttackBack":true,"TargetPriority":"","ActiveOrders":[{"ID":255,"Kind":4}],"Health":16,"MaxHealth":16},{"InternalID":54,"UnitID":12,"Type":2,"Kind":1,"Location":{"Space":{"X":2,"Y":-3},"Zone":{"X":-1,"Y":0}},"CurrentStamina":12,"CurrentOrder":{"Kind":4,"TargetZone":null,"TargetSpace":{"X":2,"Y":-3},"TargetResource":null,"TargetUnit":null,"TargetBuilding":null},"Builds":[],"GarrisonedIn":null,"Stance":3,"InterruptCurrent":false,"AttackBack":true,"TargetPriority":"","ActiveOrders":[{"ID":271,"Kind":4}],"Health":16,"MaxHealth":16},{"InternalID":55,"UnitID":13,"Type":2,"Kind":1,"Location":{"Space":{"X":2,"Y":-3},"Zone":{"X":-1,"Y":0}},"CurrentStamina":8,"CurrentOrder":{"Kind":4,"TargetZone":null,"TargetSpace":{"X":2,"Y":-3},"TargetResource":null,"TargetUnit":null,"TargetBuilding":null},"Builds":[],"GarrisonedIn":null,"Stance":3,"InterruptCurrent":false,"AttackBack":true,"TargetPriority":"","ActiveOrders":[{"ID":276,"Kind":4}],"Health":48.3333,"MaxHealth":50},{"InternalID":56,"UnitID":13,"Type":2,"Kind":1,"Location":{"Space":{"X":2,"Y":-3},"Zone":{"X":-1,"Y":0}},"CurrentStamina":8,"CurrentOrder":{"Kind":4,"TargetZone":null,"TargetSpace":{"X":2,"Y":-3},"TargetResource":null,"TargetUnit":null,"TargetBuilding":null},"Builds":[],"GarrisonedIn":null,"Stance":3,"InterruptCurrent":false,"AttackBack":true,"TargetPriority":"","ActiveOrders":[{"ID":261,"Kind":4}],"Health":50,"MaxHealth":50},{"InternalID":57,"UnitID":13,"Type":2,"Kind":1,"Location":{"Space":{"X":2,"Y":-3},"Zone":{"X":-1,"Y":0}},"CurrentStamina":8,"CurrentOrder":{"Kind":4,"TargetZone":null,"TargetSpace":{"X":2,"Y":-3},"TargetResource":null,"TargetUnit":null,"TargetBuilding":null},"Builds":[],"GarrisonedIn":null,"Stance":3,"InterruptCurrent":false,"AttackBack":true,"TargetPriority":"","ActiveOrders":[{"ID":249,"Kind":4}],"Health":50,"MaxHealth":50},{"InternalID":58,"UnitID":13,"Type":2,"Kind":1,"Location":{"Space":{"X":2,"Y":-3},"Zone":{"X":-1,"Y":0}},"CurrentStamina":8,"CurrentOrder":{"Kind":4,"TargetZone":null,"TargetSpace":{"X":2,"Y":-3},"TargetResource":null,"TargetUnit":null,"TargetBuilding":null},"Builds":[],"GarrisonedIn":null,"Stance":3,"InterruptCurrent":false,"AttackBack":true,"TargetPriority":"","ActiveOrders":[{"ID":277,"Kind":4}],"Health":50,"MaxHealth":50},{"InternalID":59,"UnitID":13,"Type":2,"Kind":1,"Location":{"Space":{"X":2,"Y":-3},"Zone":{"X":-1,"Y":0}},"CurrentStamina":8,"CurrentOrder":{"Kind":4,"TargetZone":null,"TargetSpace":{"X":2,"Y":-3},"TargetResource":null,"TargetUnit":null,"TargetBuilding":null},"Builds":[],"GarrisonedIn":null,"Stance":3,"InterruptCurrent":false,"AttackBack":true,"TargetPriority":"","ActiveOrders":[{"ID":260,"Kind":4}],"Health":50,"MaxHealth":50},{"InternalID":60,"UnitID":13,"Type":2,"Kind":1,"Location":{"Space":{"X":2,"Y":-3},"Zone":{"X":-1,"Y":0}},"CurrentStamina":8,"CurrentOrder":{"Kind":4,"TargetZone":null,"TargetSpace":{"X":2,"Y":-3},"TargetResource":null,"TargetUnit":null,"TargetBuilding":null},"Builds":[],"GarrisonedIn":null,"Stance":3,"InterruptCurrent":false,"AttackBack":true,"TargetPriority":"","ActiveOrders":[{"ID":256,"Kind":4}],"Health":50,"MaxHealth":50}]}
2026/09/30 21:20:38 ai ai-1: submitting orders [{Subjects:[31] OrderType:2 TargetID:10 ClearPreviousOrders:true}]
2026/09/30 21:20:38 ai ai-1: vars {}
2026/09/30 21:20:38 player action: submit-orders 0 2 map[orders:[{1 [31] 2 10 true}]]
2026/09/30 21:20:38 Executing submit orders for: 1 [{1 [31] 2 10 true}]
2026/09/30 21:20:38 ai ai-0: new turn data {"buildings":[],"enemy_buildings":[],"enemy_units":[{"InternalID":38,"UnitID":11,"Type":2,"Kind":1,"Location":{"Space":{"X":2,"Y":-3},"Zone":{"X":-1,"Y":0}},"CurrentStamina":15,"CurrentOrder":null,"Builds":[],"GarrisonedIn":null,"Stance":0,"InterruptCurrent":false,"AttackBack":false,"TargetPriority":"","ActiveOrders":null,"Health":1.1,"MaxHealth":11},{"InternalID":45,"UnitID":11,"Type":2,"Kind":1,"Location":{"Space":{"X":2,"Y":-3},"Zone":{"X":-1,"Y":0}},"CurrentStamina":15,"CurrentOrder":null,"Builds":[],"GarrisonedIn":null,"Stance":0,"InterruptCurrent":false,"AttackBack":false,"TargetPriority":"","ActiveOrders":null,"Health":11,"MaxHealth":11},{"InternalID":46,"UnitID":11,"Type":2,"Kind":1,"Location":{"Space":{"X":2,"Y":-3},"Zone":{"X":-1,"Y":0}},"CurrentStamina":15,"CurrentOrder":null,"Builds":[],"GarrisonedIn":null,"Stance":0,"InterruptCurrent":false,"AttackBack":false,"TargetPriority":"","ActiveOrders":null,"Health":11,"MaxHealth":11},{"InternalID":47,"UnitID":12,"Type":2,"Kind":1,"Location":{"Space":{"X":2,"Y":-3},"Zone":{"X":-1,"Y":0}},"CurrentStamina":12,"CurrentOrder":null,"Builds":[],"GarrisonedIn":null,"Stance":0,"InterruptCurrent":false,"AttackBack":false,"TargetPriority":"","ActiveOrders":null,"Health":16,"MaxHealth":16},{"InternalID":48,"UnitID":12,"Type":2,"Kind":1,"Location":{"Space":{"X":2,"Y":-3},"Zone":{"X":-1,"Y":0}},"CurrentStamina":12,"CurrentOrder":null,"Builds":[],"GarrisonedIn":null,"Stance":0,"InterruptCurrent":false,"AttackBack":false,"TargetPriority":"","ActiveOrders":null,"Health":16,"MaxHealth":16},{"InternalID":49,"UnitID":12,"Type":2,"Kind":1,"Location":{"Space":{"X":2,"Y":-3},"Zone":{"X":-1,"Y":0}},"CurrentStamina":12,"CurrentOrder":null,"Builds":[],"GarrisonedIn":null,"Stance":0,"InterruptCurrent":false,"AttackBack":false,"TargetPriority":"","ActiveOrders":null,"Health":16,"MaxHealth":16},{"InternalID":50,"UnitID":12,"Type":2,"Kind":1,"Location":{"Space":{"X":2,"Y":-3},"Zone":{"X":-1,"Y":0}},"CurrentStamina":12,"CurrentOrder":null,"Builds":[],"GarrisonedIn":null,"Stance":0,"InterruptCurrent":false,"AttackBack":false,"TargetPriority":"","ActiveOrders":null,"Health":16,"MaxHealth":16},{"InternalID":51,"UnitID":12,"Type":2,"Kind":1,"Location":{"Space":{"X":2,"Y":-3},"Zone":{"X":-1,"Y":0}},"CurrentStamina":12,"CurrentOrder":null,"Builds":[],"GarrisonedIn":null,"Stance":0,"InterruptCurrent":false,"AttackBack":false,"TargetPriority":"","ActiveOrders":null,"Health":16,"MaxHealth":16},{"InternalID":52,"UnitID":12,"Type":2,"Kind":1,"Location":{"Space":{"X":2,"Y":-3},"Zone":{"X":-1,"Y":0}},"CurrentStamina":12,"CurrentOrder":null,"Builds":[],"GarrisonedIn":null,"Stance":0,"InterruptCurrent":false,"AttackBack":false,"TargetPriority":"","ActiveOrders":null,"Health":16,"MaxHealth":16},{"InternalID":53,"UnitID":12,"Type":2,"Kind":1,"Location":{"Space":{"X":2,"Y":-3},"Zone":{"X":-1,"Y":0}},"CurrentStamina":12,"CurrentOrder":null,"Builds":[],"GarrisonedIn":null,"Stance":0,"InterruptCurrent":false,"AttackBack":false,"TargetPriority":"","ActiveOrders":null,"Health":16,"MaxHealth":16},{"InternalID":54,"UnitID":12,"Type":2,"Kind":1,"Location":{"Space":{"X":2,"Y":-3},"Zone":{"X":-1,"Y":0}},"CurrentStamina":12,"CurrentOrder":null,"Builds":[],"GarrisonedIn":null,"Stance":0,"InterruptCurrent":false,"AttackBack":false,"TargetPriority":"","ActiveOrders":null,"Health":16,"MaxHealth":16},{"InternalID":55,"UnitID":13,"Type":2,"Kind":1,"Location":{"Space":{"X":2,"Y":-3},"Zone":{"X":-1,"Y":0}},"CurrentStamina":8,"CurrentOrder":null,"Builds":[],"GarrisonedIn":null,"Stance":0,"InterruptCurrent":false,"AttackBack":false,"TargetPriority":"","ActiveOrders":null,"Health":48.3333,"MaxHealth":50},{"InternalID":56,"UnitID":13,"Type":2,"Kind":1,"Location":{"Space":{"X":2,"Y":-3},"Zone":{"X":-1,"Y":0}},"CurrentStamina":8,"CurrentOrder":null,"Builds":[],"GarrisonedIn":null,"Stance":0,"InterruptCurrent":false,"AttackBack":false,"TargetPriority":"","ActiveOrders":null,"Health":50,"MaxHealth":50},{"InternalID":57,"UnitID":13,"Type":2,"Kind":1,"Location":{"Space":{"X":2,"Y":-3},"Zone":{"X":-1,"Y":0}},"CurrentStamina":8,"CurrentOrder":null,"Builds":[],"GarrisonedIn":null,"Stance":0,"InterruptCurrent":false,"AttackBack":false,"TargetPriority":"","ActiveOrders":null,"Health":50,"MaxHealth":50},{"InternalID":58,"UnitID":13,"Type":2,"Kind":1,"Location":{"Space":{"X":2,"Y":-3},"Zone":{"X":-1,"Y":0}},"CurrentStamina":8,"CurrentOrder":null,"Builds":[],"GarrisonedIn":null,"Stance":0,"InterruptCurrent":false,"AttackBack":false,"TargetPriority":"","ActiveOrders":null,"Health":50,"MaxHealth":50},{"InternalID":59,"UnitID":13,"Type":2,"Kind":1,"Location":{"Space":{"X":2,"Y":-3},"Zone":{"X":-1,"Y":0}},"CurrentStamina":8,"CurrentOrder":null,"Builds":[],"GarrisonedIn":null,"Stance":0,"InterruptCurrent":false,"AttackBack":false,"TargetPriority":"","ActiveOrders":null,"Health":50,"MaxHealth":50},{"InternalID":60,"UnitID":13,"Type":2,"Kind":1,"Location":{"Space":{"X":2,"Y":-3},"Zone":{"X":-1,"Y":0}},"CurrentStamina":8,"CurrentOrder":null,"Builds":[],"GarrisonedIn":null,"Stance":0,"InterruptCurrent":false,"AttackBack":false,"TargetPriority":"","ActiveOrders":null,"Health":50,"MaxHealth":50}],"foundations":[],"population":{"current":17,"limit":0},"resources":{"food":200,"gold":86,"stone":100,"wood":200},"spaces":[{"Space":{"X":0,"Y":-4},"Vision":1,"Owner":-1},{"Space":{"X":1,"Y":-4},"Vision":1,"Owner":-1},{"Space":{"X":2,"Y":-4},"Vision":2,"Owner":-1},{"Space":{"X":3,"Y":-4},"Vision":2,"Owner":-1},{"Space":{"X":4,"Y":-4},"Vision":0,"Owner":-1},{"Space":{"X":-1,"Y":-3},"Vision":1,"Owner":-1},{"Space":{"X":0,"Y":-3},"Vision":2,"Owner":-1},{"Space":{"X":1,"Y":-3},"Vision":3,"Owner":-1},{"Space":{"X":2,"Y":-3},"Vision":3,"Owner":-1},{"Space":{"X":3,"Y":-3},"Vision":2,"Owner":-1},{"Space":{"X":4,"Y":-3},"Vision":0,"Owner":-1},{"Space":{"X":-2,"Y":-2},"Vision":1,"Owner":-1},{"Space":{"X":-1,"Y":-2},"Vision":2,"Owner":-1},{"Space":{"X":0,"Y":-2},"Vision":3,"Owner":0},{"Space":{"X":1,"Y":-2},"Vision":3,"Owner":0},{"Space":{"X":2,"Y":-2},"Vision":2,"Owner":-1},{"Space":{"X":3,"Y":-2},"Vision":0,"Owner":-1},{"Space":{"X":4,"Y":-2},"Vision":0,"Owner":-1},{"Space":{"X":-3,"Y":-1},"Vision":1,"Owner":-1},{"Space":{"X":-2,"Y":-1},"Vision":1,"Owner":-1},{"Space":{"X":-1,"Y":-1},"Vision":2,"Owner":-1},{"Space":{"X":0,"Y":-1},"Vision":3,"Owner":-1},{"Space":{"X":1,"Y":-1},"Vision":2,"Owner":-1},{"Space":{"X":2,"Y":-1},"Vision":0,"Owner":-1},{"Space":{"X":3,"Y":-1},"Vision":0,"Owner":-1},{"Space":{"X":4,"Y":-1},"Vision":0,"Owner":-1},{"Space":{"X":-4,"Y":0},"Vision":1,"Owner":-1},{"Space":{"X":-3,"Y":0},"Vision":1,"Owner":-1},{"Space":{"X":-2,"Y":0},"Vision":1,"Owner":1},{"Space":{"X":-1,"Y":0},"Vision":1,"Owner":-1},{"Space":{"X":0,"Y":0},"Vision":1,"Owner":-1},{"Space":{"X":1,"Y":0},"Vision":1,"Owner":-1},{"Space":{"X":2,"Y":0},"Vision":1,"Owner":-1},{"Space":{"X":3,"Y":0},"Vision":0,"Owner":-1},{"Space":{"X":4,"Y":0},"Vision":0,"Owner":-1},{"Space":{"X":-4,"Y":1},"Vision":1,"Owner":-1},{"Space":{"X":-3,"Y":1},"Vision":1,"Owner":-1},{"Space":{"X":-2,"Y":1},"Vision":1,"Owner":-1},{"Space":{"X":-1,"Y":1},"Vision":1,"Owner":-1},{"Space":{"X":0,"Y":1},"Vision":1,"Owner":-1},{"Space":{"X":1,"Y":1},"Vision":1,"Owner":-1},{"Space":{"X":2,"Y":1},"Vision":1,"Owner":-1},{"Space":{"X":3,"Y":1},"Vision":0,"Owner":-1},{"Space":{"X":-4,"Y":2},"Vision":1,"Owner":-1},{"Space":{"X":-3,"Y":2},"Vision":1,"Owner":-1},{"Space":{"X":-2,"Y":2},"Vision":1,"Owner":1},{"Space":{"X":-1,"Y":2},"Vision":1,"Owner":-1},{"Space":{"X":0,"Y":2},"Vision":1,"Owner":-1},{"Space":{"X":1,"Y":2},"Vision":1,"Owner":-1},{"Space":{"X":2,"Y":2},"Vision":1,"Owner":-1},{"Space":{"X":-4,"Y":3},"Vision":1,"Owner":-1},{"Space":{"X":-3,"Y":3},"Vision":1,"Owner":-1},{"Space":{"X":-2,"Y":3},"Vision":1,"Owner":-1},{"Space":{"X":-1,"Y":3},"Vision":1,"Owner":-1},{"Space":{"X":0,"Y":3},"Vision":1,"Owner":-1},{"Space":{"X":1,"Y":3},"Vision":1,"Owner":-1},{"Space":{"X":-4,"Y":4},"Vision":1,"Owner":-1},{"Space":{"X":-3,"Y":4},"Vision":1,"Owner":-1},{"Space":{"X":-2,"Y":4},"Vision":1,"Owner":-1},{"Space":{"X":-1,"Y":4},"Vision":1,"Owner":-1},{"Space":{"X":0,"Y":4},"Vision":1,"Owner":-1}],"units":[{"InternalID":6,"UnitID":11,"Type":2,"Kind":1,"Location":{"Space":{"X":1,"Y":-2},"Zone":{"X":-1,"Y":1}},"CurrentStamina":23,"CurrentOrder":null,"Builds":[],"GarrisonedIn":null,"Stance":3,"InterruptCurrent":false,"AttackBack":true,"TargetPriority":"","ActiveOrders":null,"Health":11,"MaxHealth":11},{"InternalID":14,"UnitID":11,"Type":2,"Kind":1,"Location":{"Space":{"X":2,"Y":-3},"Zone":{"X":-1,"Y":0}},"CurrentStamina":15,"CurrentOrder":{"Kind":6,"TargetZone":null,"TargetSpace":null,"TargetResource":null,"TargetUnit":{"InternalID":45,"UnitID":11,"Type":2,"Kind":1,"Location":{"Space":{"X":2,"Y":-3},"Zone":{"X":-1,"Y":0}},"CurrentStamina":15,"CurrentOrder":null,"Builds":[],"GarrisonedIn":null,"Stance":0,"InterruptCurrent":false,"AttackBack":false,"TargetPriority":"","ActiveOrders":null,"Health":11,"MaxHealth":11},"TargetBuilding":null},"Builds":[],"GarrisonedIn":null,"Stance":3,"InterruptCurrent":false,"AttackBack":true,"TargetPriority":"","ActiveOrders":[{"ID":338,"Kind":6}],"Health":3.8,"MaxHealth":11},{"InternalID":15,"UnitID":11,"Type":2,"Kind":1,"Location":{"Space":{"X":2,"Y":-3},"Zone":{"X":-1,"Y":0}},"CurrentStamina":15,"CurrentOrder":{"Kind":6,"TargetZone":null,"TargetSpace":null,"TargetResource":null,"TargetUnit":{"InternalID":45,"UnitID":11,"Type":2,"Kind":1,"Location":{"Space":{"X":2,"Y":-3},"Zone":{"X":-1,"Y":0}},"CurrentStamina":15,"CurrentOrder":null,"Builds":[],"GarrisonedIn":null,"Stance":0,"InterruptCurrent":false,"AttackBack":false,"TargetPriority":"","ActiveOrders":null,"Health":11,"MaxHealth":11},"TargetBuilding":null},"Builds":[],"GarrisonedIn":null,"Stance":3,"InterruptCurrent":false,"AttackBack":true,"TargetPriority":"","ActiveOrders":[{"ID":343,"Kind":6},{"ID":344,"Kind":6}],"Health":11,"MaxHealth":11},{"InternalID":16,"UnitID":11,"Type":2,"Kind":1,"Location":{"Space":{"X":2,"Y":-3},"Zone":{"X":-1,"Y":0}},"CurrentStamina":15,"CurrentOrder":{"Kind":6,"TargetZone":null,"TargetSpace":null,"TargetResource":null,"TargetUnit":{"InternalID":45,"UnitID":11,"Type":2,"Kind":1,"Location":{"Space":{"X":2,"Y":-3},"Zone":{"X":-1,"Y":0}},"CurrentStamina":15,"CurrentOrder":null,"Builds":[],"GarrisonedIn":null,"Stance":0,"InterruptCurrent":false,"AttackBack":false,"TargetPriority":"","ActiveOrders":null,"Health":11,"MaxHealth":11},"TargetBuilding":null},"Builds":[],"GarrisonedIn":null,"Stance":3,"InterruptCurrent":false,"AttackBack":true,"TargetPriority":"","ActiveOrders":[{"ID":348,"Kind":6},{"ID":349,"Kind":6},{"ID":350,"Kind":6}],"Health":11,"MaxHealth":11},{"InternalID":18,"UnitID":12,"Type":2,"Kind":1,"Location":{"Space":{"X":2,"Y":-3},"Zone":{"X":-1,"Y":0}},"CurrentStamina":12,"CurrentOrder":{"Kind":6,"TargetZone":null,"TargetSpace":null,"TargetResource":null,"TargetUnit":{"InternalID":45,"UnitID":11,"Type":2,"Kind":1,"Location":{"Space":{"X":2,"Y":-3},"Zone":{"X":-1,"Y":0}},"CurrentStamina":15,"CurrentOrder":null,"Builds":[],"GarrisonedIn":null,"Stance":0,"InterruptCurrent":false,"AttackBack":false,"TargetPriority":"","ActiveOrders":null,"Health":11,"MaxHealth":11},"TargetBuilding":null},"Builds":[],"GarrisonedIn":null,"Stance":3,"InterruptCurrent":false,"AttackBack":true,"TargetPriority":"","ActiveOrders":[{"ID":353,"Kind":6},{"ID":354,"Kind":6},{"ID":355,"Kind":6},{"ID":356,"Kind":6}],"Health":16,"MaxHealth":16},{"InternalID":19,"UnitID":12,"Type":2,"Kind":1,"Location":{"Space":{"X":2,"Y":-3},"Zone":{"X":-1,"Y":0}},"CurrentStamina":12,"CurrentOrder":{"Kind":6,"TargetZone":null,"TargetSpace":null,"TargetResource":null,"TargetUnit":{"InternalID":38,"UnitID":11,"Type":2,"Kind":1,"Location":{"Space":{"X":2,"Y":-3},"Zone":{"X":-1,"Y":0}},"CurrentStamina":15,"CurrentOrder":null,"Builds":[],"GarrisonedIn":null,"Stance":0,"InterruptCurrent":false,"AttackBack":false,"TargetPriority":"","ActiveOrders":null,"Health":1.1,"MaxHealth":11},"TargetBuilding":null},"Builds":[],"GarrisonedIn":null,"Stance":3,"InterruptCurrent":false,"AttackBack":true,"TargetPriority":"","ActiveOrders":[{"ID":358,"Kind":6},{"ID":359,"Kind":6},{"ID":360,"Kind":6},{"ID":361,"Kind":6},{"ID":362,"Kind":6}],"Health":16,"MaxHealth":16},{"InternalID":20,"UnitID":12,"Type":2,"Kind":1,"Location":{"Space":{"X":2,"Y":-3},"Zone":{"X":-1,"Y":0}},"CurrentStamina":12,"CurrentOrder":{"Kind":4,"TargetZone":null,"TargetSpace":{"X":2,"Y":-3},"TargetResource":null,"TargetUnit":null,"TargetBuilding":null},"Builds":[],"GarrisonedIn":null,"Stance":3,"InterruptCurrent":false,"AttackBack":true,"TargetPriority":"","ActiveOrders":[{"ID":393,"Kind":4}],"Health":16,"MaxHealth":16},{"InternalID":21,"UnitID":12,"Type":2,"Kind":1,"Location":{"Space":{"X":2,"Y":-3},"Zone":{"X":-1,"Y":0}},"CurrentStamina":12,"CurrentOrder":{"Kind":4,"TargetZone":null,"TargetSpace":{"X":2,"Y":-3},"TargetResource":null,"TargetUnit":null,"TargetBuilding":null},"Builds":[],"GarrisonedIn":null,"Stance":3,"InterruptCurrent":false,"AttackBack":true,"TargetPriority":"","ActiveOrders":[{"ID":394,"Kind":4}],"Health":16,"MaxHealth":16},{"InternalID":22,"UnitID":12,"Type":2,"Kind":1,"Location":{"Space":{"X":2,"Y":-3},"Zone":{"X":-1,"Y":0}},"CurrentStamina":12,"CurrentOrder":{"Kind":6,"TargetZone":null,"TargetSpace":null,"TargetResource":null,"TargetUnit":{"InternalID":45,"UnitID":11,"Type":2,"Kind":1,"Location":{"Space":{"X":2,"Y":-3},"Zone":{"X":-1,"Y":0}},"CurrentStamina":15,"CurrentOrder":null,"Builds":[],"GarrisonedIn":null,"Stance":0,"InterruptCurrent":false,"AttackBack":false,"TargetPriority":"","ActiveOrders":null,"Health":11,"MaxHealth":11},"TargetBuilding":null},"Builds":[],"GarrisonedIn":null,"Stance":3,"InterruptCurrent":false,"AttackBack":true,"TargetPriority":"","ActiveOrders":[{"ID":380,"Kind":6}],"Health":16,"MaxHealth":16},{"InternalID":23,"UnitID":12,"Type":2,"Kind":1,"Location":{"Space":{"X":2,"Y":-3},"Zone":{"X":-1,"Y":0}},"CurrentStamina":12,"CurrentOrder":{"Kind":6,"TargetZone":null,"TargetSpace":null,"TargetResource":null,"TargetUnit":{"InternalID":45,"UnitID":11,"Type":2,"Kind":1,"Location":{"Space":{"X":2,"Y":-3},"Zone":{"X":-1,"Y":0}},"CurrentStamina":15,"CurrentOrder":null,"Builds":[],"GarrisonedIn":null,"Stance":0,"InterruptCurrent":false,"AttackBack":false,"TargetPriority":"","ActiveOrders":null,"Health":11,"MaxHealth":11},"TargetBuilding":null},"Builds":[],"GarrisonedIn":null,"Stance":3,"InterruptCurrent":false,"AttackBack":true,"TargetPriority":"","ActiveOrders":[{"ID":385,"Kind":6},{"ID":386,"Kind":6}],"Health":16,"MaxHealth":16},{"InternalID":24,"UnitID":12,"Type":2,"Kind":1,"Location":{"Space":{"X":2,"Y":-3},"Zone":{"X":-1,"Y":0}},"CurrentStamina":12,"CurrentOrder":{"Kind":6,"TargetZone":null,"TargetSpace":null,"TargetResource":null,"TargetUnit":{"InternalID":45,"UnitID":11,"Type":2,"Kind":1,"Location":{"Space":{"X":2,"Y":-3},"Zone":{"X":-1,"Y":0}},"CurrentStamina":15,"CurrentOrder":null,"Builds":[],"GarrisonedIn":null,"Stance":0,"InterruptCurrent":false,"AttackBack":false,"TargetPriority":"","ActiveOrders":null,"Health":11,"MaxHealth":11},"TargetBuilding":null},"Builds":[],"GarrisonedIn":null,"Stance":3,"InterruptCurrent":false,"AttackBack":true,"TargetPriority":"","ActiveOrders":[{"ID":390,"Kind":6},{"ID":391,"Kind":6},{"ID":392,"Kind":6}],"Health":16,"MaxHealth":16},{"InternalID":25,"UnitID":13,"Type":2,"Kind":1,"Location":{"Space":{"X":0,"Y":-2},"Zone":{"X":0,"Y":0}},"CurrentStamina":8,"CurrentOrder":{"Kind":0,"TargetZone":{"Space":{"X":2,"Y":-3},"Zone":{"X":-1,"Y":0}},"TargetSpace":null,"TargetResource":null,"TargetUnit":null,"TargetBuilding":null},"Builds":[],"GarrisonedIn":null,"Stance":3,"InterruptCurrent":true,"AttackBack":true,"TargetPriority":"","ActiveOrders":[{"ID":303,"Kind":0}],"Health":50,"MaxHealth":50},{"InternalID":26,"UnitID":13,"Type":2,"Kind":1,"Location":{"Space":{"X":0,"Y":-2},"Zone":{"X":0,"Y":0}},"CurrentStamina":8,"CurrentOrder":{"Kind":0,"TargetZone":{"Space":{"X":2,"Y":-3},"Zone":{"X":-1,"Y":0}},"TargetSpace":null,"TargetResource":null,"TargetUnit":null,"TargetBuilding":null},"Builds":[],"GarrisonedIn":null,"Stance":3,"InterruptCurrent":true,"AttackBack":true,"TargetPriority":"","ActiveOrders":[{"ID":304,"Kind":0}],"Health":50,"MaxHealth":50},{"InternalID":27,"UnitID":13,"Type":2,"Kind":1,"Location":{"Space":{"X":0,"Y":-2},"Zone":{"X":0,"Y":0}},"CurrentStamina":8,"CurrentOrder":{"Kind":0,"TargetZone":{"Space":{"X":2,"Y":-3},"Zone":{"X":-1,"Y":0}},"TargetSpace":null,"TargetResource":null,"TargetUnit":null,"TargetBuilding":null},"Builds":[],"GarrisonedIn":null,"Stance":3,"InterruptCurrent":true,"AttackBack":true,"TargetPriority":"","ActiveOrders":[{"ID":305,"Kind":0}],"Health":50,"MaxHealth":50},{"InternalID":28,"UnitID":13,"Type":2,"Kind":1,"Location":{"Space":{"X":0,"Y":-2},"Zone":{"X":0,"Y":0}},"CurrentStamina":8,"CurrentOrder":{"Kind":0,"TargetZone":{"Space":{"X":2,"Y":-3},"Zone":{"X":-1,"Y":0}},"TargetSpace":null,"TargetResource":null,"TargetUnit":null,"TargetBuilding":null},"Builds":[],"GarrisonedIn":null,"Stance":3,"InterruptCurrent":true,"AttackBack":true,"TargetPriority":"","ActiveOrders":[{"ID":306,"Kind":0}],"Health":50,"MaxHealth":50},{"InternalID":29,"UnitID":13,"Type":2,"Kind":1,"Location":{"Space":{"X":0,"Y":-2},"Zone":{"X":0,"Y":0}},"CurrentStamina":8,"CurrentOrder":{"Kind":0,"TargetZone":{"Space":{"X":2,"Y":-3},"Zone":{"X":-1,"Y":0}},"TargetSpace":null,"TargetResource":null,"TargetUnit":null,"TargetBuilding":null},"Builds":[],"GarrisonedIn":null,"Stance":3,"InterruptCurrent":true,"AttackBack":true,"TargetPriority":"","ActiveOrders":[{"ID":307,"Kind":0}],"Health":50,"MaxHealth":50},{"InternalID":30,"UnitID":13,"Type":2,"Kind":1,"Location":{"Space":{"X":0,"Y":-2},"Zone":{"X":0,"Y":0}},"CurrentStamina":8,"CurrentOrder":{"Kind":0,"TargetZone":{"Space":{"X":2,"Y":-3},"Zone":{"X":-1,"Y":0}},"TargetSpace":null,"TargetResource":null,"TargetUnit":null,"TargetBuilding":null},"Builds":[],"GarrisonedIn":null,"Stance":3,"InterruptCurrent":true,"AttackBack":true,"TargetPriority":"","ActiveOrders":[{"ID":308,"Kind":0}],"Health":50,"MaxHealth":50}]}
2026/09/30 21:20:38 ai ai-0: submitting orders [{Subjects:[6] OrderType:2 TargetID:528 ClearPreviousOrders:true} {Subjects:[6] OrderType:9 TargetID:38 ClearPreviousOrders:true} {Subjects:[14] OrderType:9 TargetID:38 ClearPreviousOrders:true} {Subjects:[15] OrderType:9 TargetID:38 ClearPreviousOrders:true} {Subjects:[16] OrderType:9 TargetID:38 ClearPreviousOrders:true} {Subjects:[18] OrderType:9 TargetID:38 ClearPreviousOrders:true} {Subjects:[19] OrderType:9 TargetID:38 ClearPreviousOrders:true} {Subjects:[20] OrderType:9 TargetID:38 ClearPreviousOrders:true} {Subjects:[21] OrderType:9 TargetID:38 ClearPreviousOrders:true} {Subjects:[22] OrderType:9 TargetID:38 ClearPreviousOrders:true} {Subjects:[23] OrderType:9 TargetID:38 ClearPreviousOrders:true} {Subjects:[24] OrderType:9 TargetID:38 ClearPreviousOrders:true} {Subjects:[25] OrderType:9 TargetID:38 ClearPreviousOrders:true} {Subjects:[26] OrderType:9 TargetID:38 ClearPreviousOrders:true} {Subjects:[27] OrderType:9 TargetID:38 ClearPreviousOrders:true} {Subjects:[28] OrderType:9 TargetID:38 ClearPreviousOrders:true} {Subjects:[29] OrderType:9 TargetID:38 ClearPreviousOrders:true} {Subjects:[30] OrderType:9 TargetID:38 ClearPreviousOrders:true} {Subjects:[14] OrderType:9 TargetID:38 ClearPreviousOrders:true} {Subjects:[14] OrderType:9 TargetID:45 ClearPreviousOrders:false} {Subjects:[14] OrderType:9 TargetID:46 ClearPreviousOrders:false} {Subjects:[14] OrderType:9 TargetID:47 ClearPreviousOrders:false} {Subjects:[14] OrderType:9 TargetID:48 ClearPreviousOrders:false} {Subjects:[14] OrderType:9 TargetID:49 ClearPreviousOrders:false} {Subjects:[15] OrderType:9 TargetID:45 ClearPreviousOrders:true} {Subjects:[15] OrderType:9 TargetID:46 ClearPreviousOrders:false} {Subjects:[15] OrderType:9 TargetID:47 ClearPreviousOrders:false} {Subjects:[15] OrderType:9 TargetID:48 ClearPreviousOrders:false} {Subjects:[15] OrderType:9 TargetID:49 ClearPreviousOrders:false} {Subjects:[15] OrderType:9 TargetID:50 ClearPreviousOrders:false} {Subjects:[16] OrderType:9 TargetID:45 ClearPreviousOrders:true} {Subjects:[16] OrderType:9 TargetID:47 ClearPreviousOrders:false} {Subjects:[16] OrderType:9 TargetID:48 ClearPreviousOrders:false} {Subjects:[16] OrderType:9 TargetID:49 ClearPreviousOrders:false} {Subjects:[16] OrderType:9 TargetID:50 ClearPreviousOrders:false} {Subjects:[16] OrderType:9 TargetID:51 ClearPreviousOrders:false} {Subjects:[18] OrderType:9 TargetID:45 ClearPreviousOrders:true} {Subjects:[18] OrderType:9 TargetID:48 ClearPreviousOrders:false} {Subjects:[18] OrderType:9 TargetID:49 ClearPreviousOrders:false} {Subjects:[18] OrderType:9 TargetID:50 ClearPreviousOrders:false} {Subjects:[18] OrderType:9 TargetID:51 ClearPreviousOrders:false} {Subjects:[18] OrderType:9 TargetID:52 ClearPreviousOrders:false} {Subjects:[19] OrderType:9 TargetID:45 ClearPreviousOrders:true} {Subjects:[19] OrderType:9 TargetID:49 ClearPreviousOrders:false} {Subjects:[19] OrderType:9 TargetID:50 ClearPreviousOrders:false} {Subjects:[19] OrderType:9 TargetID:51 ClearPreviousOrders:false} {Subjects:[19] OrderType:9 TargetID:52 ClearPreviousOrders:false} {Subjects:[19] OrderType:9 TargetID:53 ClearPreviousOrders:false} {Subjects:[20] OrderType:9 TargetID:45 ClearPreviousOrders:true} {Subjects:[20] OrderType:9 TargetID:50 ClearPreviousOrders:false} {Subjects:[20] OrderType:9 TargetID:51 ClearPreviousOrders:false} {Subjects:[20] OrderType:9 TargetID:52 ClearPreviousOrders:false} {Subjects:[20] OrderType:9 TargetID:53 ClearPreviousOrders:false} {Subjects:[20] OrderType:9 TargetID:54 ClearPreviousOrders:false} {Subjects:[21] OrderType:9 TargetID:45 ClearPreviousOrders:true} {Subjects:[21] OrderType:9 TargetID:51 ClearPreviousOrders:false} {Subjects:[21] OrderType:9 TargetID:52 ClearPreviousOrders:false} {Subjects:[21] OrderType:9 TargetID:53 ClearPreviousOrders:false} {Subjects:[21] OrderType:9 TargetID:54 ClearPreviousOrders:false} {Subjects:[21] OrderType:9 TargetID:55 ClearPreviousOrders:false} {Subjects:[22] OrderType:9 TargetID:45 ClearPreviousOrders:true} {Subjects:[22] OrderType:9 TargetID:52 ClearPreviousOrders:false} {Subjects:[22] OrderType:9 TargetID:53 ClearPreviousOrders:false} {Subjects:[22] OrderType:9 TargetID:54 ClearPreviousOrders:false} {Subjects:[22] OrderType:9 TargetID:55 ClearPreviousOrders:false} {Subjects:[22] OrderType:9 TargetID:56 ClearPreviousOrders:false} {Subjects:[23] OrderType:9 TargetID:45 ClearPreviousOrders:true} {Subjects:[23] OrderType:9 TargetID:53 ClearPreviousOrders:false} {Subjects:[23] OrderType:9 TargetID:54 ClearPreviousOrders:false} {Subjects:[23] OrderType:9 TargetID:55 ClearPreviousOrders:false} {Subjects:[23] OrderType:9 TargetID:56 ClearPreviousOrders:false} {Subjects:[23] OrderType:9 TargetID:57 ClearPreviousOrders:false} {Subjects:[24] OrderType:9 TargetID:46 ClearPreviousOrders:true} {Subjects:[24] OrderType:9 TargetID:47 ClearPreviousOrders:false} {Subjects:[24] OrderType:9 TargetID:48 ClearPreviousOrders:false} {Subjects:[24] OrderType:9 TargetID:49 ClearPreviousOrders:false} {Subjects:[24] OrderType:9 TargetID:50 ClearPreviousOrders:false} {Subjects:[24] OrderType:9 TargetID:51 ClearPreviousOrders:false}]
2026/09/30 21:20:38 ai ai-0: vars {"B":4,"Hv":6,"Pi":7,"aPowLocal":0,"aThreat":0,"a_engaged":0,"a_odds":1.3,"a_outnumbered":0,"army_target":50,"army_value":2130,"assault":0,"bank_rate":28,"bar_barracks":0.17072129748186085,"bar_redoubt":1.1111111111111112,"barracks":0,"barracks_B":0,"barracks_P":0,"barracks_save":0,"barracks_spend":78.1,"barracks_want":0,"buffer_food":70,"buffer_gold":0,"buffer_stone":0,"buffer_wood":70,"builders":0,"committed":0,"eB":14.399999999999999,"eGrowth":0,"eH":6,"eMil":28.4,"eP":8,"ePow":54.4,"ePowEst":52.821999999999996,"ePowSeen":52.821999999999996,"eTech":1,"eV":0,"es":29.4,"farm_want":0,"farm_wood_short":0,"farming":0,"fire_barracks":0,"fire_farm0":0,"fire_farm1":0,"fire_farm2":0,"fire_house":0,"fire_outpost":0,"fire_redoubt":0,"fire_smith":0,"fire_vc":0,"food_need":0,"food_over":0,"food_rate":0,"food_slots":1000,"food_workers":0,"free_room":33,"go":0,"gold_income":4,"gold_need":0,"gold_rate":0,"gold_surplus":86,"guaranteed":0,"guard_home":0,"headroom":-17,"hire_B":4630.7692307692305,"hire_P":7276.923076923076,"homePow":0,"house_builders":0,"house_urgency":0,"house_want":0,"income_proj":0,"left":0,"lf_food":0,"lf_gold":0,"lf_stone":0,"lf_wood":0,"lump_food":0,"lump_gold":0,"lump_stone":0,"lump_wood":0,"maturity":0,"mil":17,"myTech":1,"n_barracks":0,"n_redoubts":0,"needB":24.336286183289623,"needP":8.66371381671038,"outpost_want":0,"pikes":0,"planned_food":0,"planned_gold":0,"planned_stone":0,"planned_wood":0,"prod_rate":0,"proj_army":2130,"raid_danger":0,"raid_fails":1,"raid_lost":0,"raid_pause":19,"raid_prev":0,"raid_size":0,"raid_wiped":0,"rate":6,"redoubt_H":0,"redoubt_gold_ok":0.648888888888889,"redoubt_save":0,"redoubt_spend":30,"redoubt_want":0,"redoubts":0,"rf_food":0,"rf_gold":0,"rf_stone":0,"rf_wood":0,"sB4":1.268320623730116,"sP4":0.4515219302185243,"scale_l":0,"scale_r":0,"shareH":0.50726468730259,"smith_want":0,"smiths":0,"spare":0,"spare_food":0.5,"stone_need":0,"stone_rate":0,"tH":39,"target_spend":400,"tech_food":50,"tech_gold":0,"tech_stone":0,"tech_wood":50,"threat_home":0,"turns_left":-170,"u_barracks":0.1766528649875478,"u_redoubt":0.47344704148241734,"unit_spend":120,"vB":1.0612244897959182,"vH":1.092517006802721,"vP":0.8197278911564626,"vc_want":0,"vcs":0,"vil_goal":50,"vil_rate":0,"vil_stamina":8,"vil_want":0,"vil_want_last":0,"vil_worth_now":0.6,"vils":0,"w_food":0,"w_gold":0,"w_stone":0,"w_wood":0,"wild_workers":0,"wood_need":0,"wood_rate":0,"workers":0}
2026/09/30 21:20:38 player action: set-unit-behavior 0 1 map[internal_ids:[14 15 16 18 19 20 21 22 23 24] interrupt_current:true]
2026/09/30 21:20:38 player action: submit-orders 0 1 map[orders:[{0 [6] 2 528 true} {0 [6] 9 38 true} {0 [14] 9 38 true} {0 [15] 9 38 true} {0 [16] 9 38 true} {0 [18] 9 38 true} {0 [19] 9 38 true} {0 [20] 9 38 true} {0 [21] 9 38 true} {0 [22] 9 38 true} {0 [23] 9 38 true} {0 [24] 9 38 true} {0 [25] 9 38 true} {0 [26] 9 38 true} {0 [27] 9 38 true} {0 [28] 9 38 true} {0 [29] 9 38 true} {0 [30] 9 38 true} {0 [14] 9 38 true} {0 [14] 9 45 false} {0 [14] 9 46 false} {0 [14] 9 47 false} {0 [14] 9 48 false} {0 [14] 9 49 false} {0 [15] 9 45 true} {0 [15] 9 46 false} {0 [15] 9 47 false} {0 [15] 9 48 false} {0 [15] 9 49 false} {0 [15] 9 50 false} {0 [16] 9 45 true} {0 [16] 9 47 false} {0 [16] 9 48 false} {0 [16] 9 49 false} {0 [16] 9 50 false} {0 [16] 9 51 false} {0 [18] 9 45 true} {0 [18] 9 48 false} {0 [18] 9 49 false} {0 [18] 9 50 false} {0 [18] 9 51 false} {0 [18] 9 52 false} {0 [19] 9 45 true} {0 [19] 9 49 false} {0 [19] 9 50 false} {0 [19] 9 51 false} {0 [19] 9 52 false} {0 [19] 9 53 false} {0 [20] 9 45 true} {0 [20] 9 50 false} {0 [20] 9 51 false} {0 [20] 9 52 false} {0 [20] 9 53 false} {0 [20] 9 54 false} {0 [21] 9 45 true} {0 [21] 9 51 false} {0 [21] 9 52 false} {0 [21] 9 53 false} {0 [21] 9 54 false} {0 [21] 9 55 false} {0 [22] 9 45 true} {0 [22] 9 52 false} {0 [22] 9 53 false} {0 [22] 9 54 false} {0 [22] 9 55 false} {0 [22] 9 56 false} {0 [23] 9 45 true} {0 [23] 9 53 false} {0 [23] 9 54 false} {0 [23] 9 55 false} {0 [23] 9 56 false} {0 [23] 9 57 false} {0 [24] 9 46 true} {0 [24] 9 47 false} {0 [24] 9 48 false} {0 [24] 9 49 false} {0 [24] 9 50 false} {0 [24] 9 51 false}]]
2026/09/30 21:20:38 Executing submit orders for: 0 [{0 [6] 2 528 true} {0 [6] 9 38 true} {0 [14] 9 38 true} {0 [15] 9 38 true} {0 [16] 9 38 true} {0 [18] 9 38 true} {0 [19] 9 38 true} {0 [20] 9 38 true} {0 [21] 9 38 true} {0 [22] 9 38 true} {0 [23] 9 38 true} {0 [24] 9 38 true} {0 [25] 9 38 true} {0 [26] 9 38 true} {0 [27] 9 38 true} {0 [28] 9 38 true} {0 [29] 9 38 true} {0 [30] 9 38 true} {0 [14] 9 38 true} {0 [14] 9 45 false} {0 [14] 9 46 false} {0 [14] 9 47 false} {0 [14] 9 48 false} {0 [14] 9 49 false} {0 [15] 9 45 true} {0 [15] 9 46 false} {0 [15] 9 47 false} {0 [15] 9 48 false} {0 [15] 9 49 false} {0 [15] 9 50 false} {0 [16] 9 45 true} {0 [16] 9 47 false} {0 [16] 9 48 false} {0 [16] 9 49 false} {0 [16] 9 50 false} {0 [16] 9 51 false} {0 [18] 9 45 true} {0 [18] 9 48 false} {0 [18] 9 49 false} {0 [18] 9 50 false} {0 [18] 9 51 false} {0 [18] 9 52 false} {0 [19] 9 45 true} {0 [19] 9 49 false} {0 [19] 9 50 false} {0 [19] 9 51 false} {0 [19] 9 52 false} {0 [19] 9 53 false} {0 [20] 9 45 true} {0 [20] 9 50 false} {0 [20] 9 51 false} {0 [20] 9 52 false} {0 [20] 9 53 false} {0 [20] 9 54 false} {0 [21] 9 45 true} {0 [21] 9 51 false} {0 [21] 9 52 false} {0 [21] 9 53 false} {0 [21] 9 54 false} {0 [21] 9 55 false} {0 [22] 9 45 true} {0 [22] 9 52 false} {0 [22] 9 53 false} {0 [22] 9 54 false} {0 [22] 9 55 false} {0 [22] 9 56 false} {0 [23] 9 45 true} {0 [23] 9 53 false} {0 [23] 9 54 false} {0 [23] 9 55 false} {0 [23] 9 56 false} {0 [23] 9 57 false} {0 [24] 9 46 true} {0 [24] 9 47 false} {0 [24] 9 48 false} {0 [24] 9 49 false} {0 [24] 9 50 false} {0 [24] 9 51 false}]
2026/09/30 21:20:38 Resolving active orders
2026/09/30 21:20:38 combat turn=9 tick=1: 20 u12 (player 0, stamina 3) hits 38 u11 (player 1) for 2.70
2026/09/30 21:20:38 combat turn=9 tick=1: 22 u12 (player 0, stamina 3) hits 38 u11 (player 1) for 2.70
2026/09/30 21:20:38 Moving unit 6 Blunt Infantry to zone(0, 0) in space (1, -2) tick=1
2026/09/30 21:20:38 combat turn=9 tick=1: 16 u11 (player 0, stamina 3) hits 38 u11 (player 1) for 1.80
2026/09/30 21:20:38 Moving unit 28 Heavy Infantry to zone(1, -1) in space (0, -2) tick=1
2026/09/30 21:20:38 combat turn=9 tick=1: 15 u11 (player 0, stamina 3) hits 38 u11 (player 1) for 1.80
2026/09/30 21:20:38 combat turn=9 tick=1: 19 u12 (player 0, stamina 3) hits 38 u11 (player 1) for 2.70
2026/09/30 21:20:38 Moving unit 27 Heavy Infantry to zone(1, -1) in space (0, -2) tick=1
2026/09/30 21:20:38 Moving unit 30 Heavy Infantry to zone(1, -1) in space (0, -2) tick=1
2026/09/30 21:20:38 combat turn=9 tick=1: 18 u12 (player 0, stamina 3) hits 38 u11 (player 1) for 2.70
2026/09/30 21:20:38 Moving unit 29 Heavy Infantry to zone(1, -1) in space (0, -2) tick=1
2026/09/30 21:20:38 combat turn=9 tick=1: 14 u11 (player 0, stamina 3) hits 38 u11 (player 1) for 1.80
2026/09/30 21:20:38 combat turn=9 tick=1: 21 u12 (player 0, stamina 3) hits 38 u11 (player 1) for 2.70
2026/09/30 21:20:38 combat turn=9 tick=1: 24 u12 (player 0, stamina 3) hits 38 u11 (player 1) for 2.70
2026/09/30 21:20:38 Moving unit 25 Heavy Infantry to zone(1, -1) in space (0, -2) tick=1
2026/09/30 21:20:38 Moving unit 26 Heavy Infantry to zone(1, -1) in space (0, -2) tick=1
2026/09/30 21:20:38 combat turn=9 tick=1: 23 u12 (player 0, stamina 3) hits 38 u11 (player 1) for 2.70
2026/09/30 21:20:38 combat turn=9 tick=1: 56 u13 (player 1, stamina 3) hits 14 u11 (player 0) for 5.12
2026/09/30 21:20:38 combat turn=9 tick=1: 51 u12 (player 1, stamina 3) hits 14 u11 (player 0) for 2.70
2026/09/30 21:20:38 combat turn=9 tick=1: 52 u12 (player 1, stamina 3) hits 14 u11 (player 0) for 2.70
2026/09/30 21:20:38 combat turn=9 tick=1: 49 u12 (player 1, stamina 3) hits 14 u11 (player 0) for 2.70
2026/09/30 21:20:38 combat turn=9 tick=1: 50 u12 (player 1, stamina 3) hits 14 u11 (player 0) for 2.70
2026/09/30 21:20:38 combat turn=9 tick=1: 45 u11 (player 1, stamina 3) hits 14 u11 (player 0) for 1.80
2026/09/30 21:20:38 combat turn=9 tick=1: 54 u12 (player 1, stamina 3) hits 14 u11 (player 0) for 2.70
2026/09/30 21:20:38 Moving unit 31 Blunt Infantry to zone(1, 0) in space (-2, 0) tick=1
2026/09/30 21:20:38 combat turn=9 tick=1: 47 u12 (player 1, stamina 3) hits 14 u11 (player 0) for 2.70
2026/09/30 21:20:38 combat turn=9 tick=1: 55 u13 (player 1, stamina 3) hits 14 u11 (player 0) for 5.12
2026/09/30 21:20:38 combat turn=9 tick=1: 58 u13 (player 1, stamina 3) hits 14 u11 (player 0) for 5.12
2026/09/30 21:20:38 combat turn=9 tick=1: 57 u13 (player 1, stamina 3) hits 14 u11 (player 0) for 5.12
2026/09/30 21:20:38 combat turn=9 tick=1: 46 u11 (player 1, stamina 3) hits 14 u11 (player 0) for 1.80
2026/09/30 21:20:38 combat turn=9 tick=1: 53 u12 (player 1, stamina 3) hits 14 u11 (player 0) for 2.70
2026/09/30 21:20:38 combat turn=9 tick=1: 60 u13 (player 1, stamina 3) hits 14 u11 (player 0) for 5.12
2026/09/30 21:20:38 combat turn=9 tick=1: 38 u11 (player 1, stamina 3) hits 14 u11 (player 0) for 1.80
2026/09/30 21:20:38 combat turn=9 tick=1: 48 u12 (player 1, stamina 3) hits 14 u11 (player 0) for 2.70
2026/09/30 21:20:38 combat turn=9 tick=1: 59 u13 (player 1, stamina 3) hits 14 u11 (player 0) for 5.12
2026/09/30 21:20:38 state_hash turn=9 tick=1 hash=e7eb9ef1c4f4fb45
2026/09/30 21:20:38 combat turn=9 tick=2: 16 u11 (player 0, stamina 3) hits 45 u11 (player 1) for 1.80
2026/09/30 21:20:38 combat turn=9 tick=2: 15 u11 (player 0, stamina 3) hits 45 u11 (player 1) for 1.80
2026/09/30 21:20:38 combat turn=9 tick=2: 19 u12 (player 0, stamina 3) hits 45 u11 (player 1) for 2.70
2026/09/30 21:20:38 combat turn=9 tick=2: 18 u12 (player 0, stamina 3) hits 45 u11 (player 1) for 2.70
2026/09/30 21:20:38 combat turn=9 tick=2: 21 u12 (player 0, stamina 3) hits 45 u11 (player 1) for 2.70
2026/09/30 21:20:38 combat turn=9 tick=2: 24 u12 (player 0, stamina 3) hits 45 u11 (player 1) for 2.70
2026/09/30 21:20:38 combat turn=9 tick=2: 23 u12 (player 0, stamina 3) hits 45 u11 (player 1) for 2.70
2026/09/30 21:20:38 combat turn=9 tick=2: 20 u12 (player 0, stamina 3) hits 45 u11 (player 1) for 2.70
2026/09/30 21:20:38 combat turn=9 tick=2: 22 u12 (player 0, stamina 3) hits 45 u11 (player 1) for 2.70
2026/09/30 21:20:38 combat turn=9 tick=2: 46 u11 (player 1, stamina 3) hits 15 u11 (player 0) for 1.80
2026/09/30 21:20:38 combat turn=9 tick=2: 53 u12 (player 1, stamina 3) hits 15 u11 (player 0) for 2.70
2026/09/30 21:20:38 combat turn=9 tick=2: 60 u13 (player 1, stamina 3) hits 15 u11 (player 0) for 5.12
2026/09/30 21:20:38 combat turn=9 tick=2: 48 u12 (player 1, stamina 3) hits 15 u11 (player 0) for 2.70
2026/09/30 21:20:38 combat turn=9 tick=2: 59 u13 (player 1, stamina 3) hits 15 u11 (player 0) for 5.12
2026/09/30 21:20:38 combat turn=9 tick=2: 56 u13 (player 1, stamina 3) hits 15 u11 (player 0) for 5.12
2026/09/30 21:20:38 combat turn=9 tick=2: 51 u12 (player 1, stamina 3) hits 15 u11 (player 0) for 2.70
2026/09/30 21:20:38 combat turn=9 tick=2: 52 u12 (player 1, stamina 3) hits 15 u11 (player 0) for 2.70
2026/09/30 21:20:38 combat turn=9 tick=2: 49 u12 (player 1, stamina 3) hits 15 u11 (player 0) for 2.70
2026/09/30 21:20:38 combat turn=9 tick=2: 50 u12 (player 1, stamina 3) hits 15 u11 (player 0) for 2.70
2026/09/30 21:20:38 combat turn=9 tick=2: 45 u11 (player 1, stamina 3) hits 15 u11 (player 0) for 1.80
2026/09/30 21:20:38 combat turn=9 tick=2: 54 u12 (player 1, stamina 3) hits 15 u11 (player 0) for 2.70
2026/09/30 21:20:38 Moving unit 31 Blunt Infantry to zone(-1, 0) in space (-1, 0) tick=2
2026/09/30 21:20:38 combat turn=9 tick=2: 47 u12 (player 1, stamina 3) hits 15 u11 (player 0) for 2.70
2026/09/30 21:20:38 combat turn=9 tick=2: 55 u13 (player 1, stamina 3) hits 15 u11 (player 0) for 5.12
2026/09/30 21:20:38 combat turn=9 tick=2: 58 u13 (player 1, stamina 3) hits 15 u11 (player 0) for 5.12
2026/09/30 21:20:38 combat turn=9 tick=2: 57 u13 (player 1, stamina 3) hits 15 u11 (player 0) for 5.12
2026/09/30 21:20:38 state_hash turn=9 tick=2 hash=1b6100b90f004fc6
2026/09/30 21:20:38 combat turn=9 tick=3: 20 u12 (player 0, stamina 3) hits 46 u11 (player 1) for 2.70
2026/09/30 21:20:38 combat turn=9 tick=3: 22 u12 (player 0, stamina 3) hits 46 u11 (player 1) for 2.70
2026/09/30 21:20:38 combat turn=9 tick=3: 16 u11 (player 0, stamina 3) hits 46 u11 (player 1) for 1.80
2026/09/30 21:20:38 combat turn=9 tick=3: 19 u12 (player 0, stamina 3) hits 46 u11 (player 1) for 2.70
2026/09/30 21:20:38 combat turn=9 tick=3: 18 u12 (player 0, stamina 3) hits 46 u11 (player 1) for 2.70
2026/09/30 21:20:38 combat turn=9 tick=3: 21 u12 (player 0, stamina 3) hits 46 u11 (player 1) for 2.70
2026/09/30 21:20:38 combat turn=9 tick=3: 24 u12 (player 0, stamina 3) hits 46 u11 (player 1) for 2.70
2026/09/30 21:20:38 combat turn=9 tick=3: 23 u12 (player 0, stamina 3) hits 46 u11 (player 1) for 2.70
2026/09/30 21:20:38 combat turn=9 tick=3: 47 u12 (player 1, stamina 3) hits 16 u11 (player 0) for 2.70
2026/09/30 21:20:38 combat turn=9 tick=3: 55 u13 (player 1, stamina 2) hits 16 u11 (player 0) for 3.41
2026/09/30 21:20:38 combat turn=9 tick=3: 58 u13 (player 1, stamina 2) hits 16 u11 (player 0) for 3.41
2026/09/30 21:20:38 combat turn=9 tick=3: 57 u13 (player 1, stamina 2) hits 16 u11 (player 0) for 3.41
2026/09/30 21:20:38 combat turn=9 tick=3: 46 u11 (player 1, stamina 3) hits 16 u11 (player 0) for 1.80
2026/09/30 21:20:38 combat turn=9 tick=3: 53 u12 (player 1, stamina 3) hits 16 u11 (player 0) for 2.70
2026/09/30 21:20:38 combat turn=9 tick=3: 60 u13 (player 1, stamina 2) hits 16 u11 (player 0) for 3.41
2026/09/30 21:20:38 combat turn=9 tick=3: 48 u12 (player 1, stamina 3) hits 16 u11 (player 0) for 2.70
2026/09/30 21:20:38 combat turn=9 tick=3: 59 u13 (player 1, stamina 2) hits 16 u11 (player 0) for 3.41
2026/09/30 21:20:38 combat turn=9 tick=3: 56 u13 (player 1, stamina 2) hits 16 u11 (player 0) for 3.41
2026/09/30 21:20:38 combat turn=9 tick=3: 51 u12 (player 1, stamina 3) hits 16 u11 (player 0) for 2.70
2026/09/30 21:20:38 combat turn=9 tick=3: 52 u12 (player 1, stamina 3) hits 16 u11 (player 0) for 2.70
2026/09/30 21:20:38 combat turn=9 tick=3: 49 u12 (player 1, stamina 3) hits 16 u11 (player 0) for 2.70
2026/09/30 21:20:38 combat turn=9 tick=3: 50 u12 (player 1, stamina 3) hits 16 u11 (player 0) for 2.70
2026/09/30 21:20:38 combat turn=9 tick=3: 54 u12 (player 1, stamina 3) hits 16 u11 (player 0) for 2.70
2026/09/30 21:20:38 Moving unit 31 Blunt Infantry to zone(0, 0) in space (-1, 0) tick=3
2026/09/30 21:20:38 state_hash turn=9 tick=3 hash=bd332ce36fe54c85
2026/09/30 21:20:38 combat turn=9 tick=4: 20 u12 (player 0, stamina 3) hits 47 u12 (player 1) for 2.40
2026/09/30 21:20:38 combat turn=9 tick=4: 22 u12 (player 0, stamina 3) hits 47 u12 (player 1) for 2.40
2026/09/30 21:20:38 combat turn=9 tick=4: 19 u12 (player 0, stamina 3) hits 47 u12 (player 1) for 2.40
2026/09/30 21:20:38 combat turn=9 tick=4: 18 u12 (player 0, stamina 3) hits 47 u12 (player 1) for 2.40
2026/09/30 21:20:38 combat turn=9 tick=4: 21 u12 (player 0, stamina 3) hits 47 u12 (player 1) for 2.40
2026/09/30 21:20:38 combat turn=9 tick=4: 24 u12 (player 0, stamina 3) hits 47 u12 (player 1) for 2.40
2026/09/30 21:20:38 combat turn=9 tick=4: 23 u12 (player 0, stamina 3) hits 47 u12 (player 1) for 2.40
2026/09/30 21:20:38 combat turn=9 tick=4: 52 u12 (player 1, stamina 3) hits 18 u12 (player 0) for 2.40
2026/09/30 21:20:38 combat turn=9 tick=4: 49 u12 (player 1, stamina 3) hits 18 u12 (player 0) for 2.40
2026/09/30 21:20:38 combat turn=9 tick=4: 50 u12 (player 1, stamina 3) hits 18 u12 (player 0) for 2.40
2026/09/30 21:20:38 combat turn=9 tick=4: 54 u12 (player 1, stamina 3) hits 18 u12 (player 0) for 2.40
2026/09/30 21:20:38 Moving unit 31 Blunt Infantry to zone(1, -1) in space (-1, 0) tick=4
2026/09/30 21:20:38 combat turn=9 tick=4: 47 u12 (player 1, stamina 3) hits 18 u12 (player 0) for 2.40
2026/09/30 21:20:38 combat turn=9 tick=4: 53 u12 (player 1, stamina 3) hits 18 u12 (player 0) for 2.40
2026/09/30 21:20:38 combat turn=9 tick=4: 48 u12 (player 1, stamina 3) hits 18 u12 (player 0) for 2.40
2026/09/30 21:20:38 combat turn=9 tick=4: 51 u12 (player 1, stamina 3) hits 18 u12 (player 0) for 2.40
2026/09/30 21:20:38 state_hash turn=9 tick=4 hash=5088c9e5c53af1f4
2026/09/30 21:20:38 Moving unit 31 Blunt Infantry to zone(-1, 1) in space (0, -1) tick=5
2026/09/30 21:20:38 state_hash turn=9 tick=5 hash=40ef86dc84eb6143
2026/09/30 21:20:38 Moving unit 31 Blunt Infantry to zone(0, 0) in space (0, -1) tick=6
2026/09/30 21:20:38 state_hash turn=9 tick=6 hash=4b0222b3beb62ae7
2026/09/30 21:20:38 state_hash turn=9 tick=end hash=f7a4ff24577d76ac
2026/09/30 21:20:38 ai ai-1: new turn data {"buildings":[],"enemy_buildings":[],"enemy_units":[{"InternalID":19,"UnitID":12,"Type":2,"Kind":1,"Location":{"Space":{"X":2,"Y":-3},"Zone":{"X":-1,"Y":0}},"CurrentStamina":12,"CurrentOrder":null,"Builds":[],"GarrisonedIn":null,"Stance":0,"InterruptCurrent":false,"AttackBack":false,"TargetPriority":"","ActiveOrders":null,"Health":16,"MaxHealth":16},{"InternalID":20,"UnitID":12,"Type":2,"Kind":1,"Location":{"Space":{"X":2,"Y":-3},"Zone":{"X":-1,"Y":0}},"CurrentStamina":12,"CurrentOrder":null,"Builds":[],"GarrisonedIn":null,"Stance":0,"InterruptCurrent":false,"AttackBack":false,"TargetPriority":"","ActiveOrders":null,"Health":16,"MaxHealth":16},{"InternalID":21,"UnitID":12,"Type":2,"Kind":1,"Location":{"Space":{"X":2,"Y":-3},"Zone":{"X":-1,"Y":0}},"CurrentStamina":12,"CurrentOrder":null,"Builds":[],"GarrisonedIn":null,"Stance":0,"InterruptCurrent":false,"AttackBack":false,"TargetPriority":"","ActiveOrders":null,"Health":16,"MaxHealth":16},{"InternalID":22,"UnitID":12,"Type":2,"Kind":1,"Location":{"Space":{"X":2,"Y":-3},"Zone":{"X":-1,"Y":0}},"CurrentStamina":12,"CurrentOrder":null,"Builds":[],"GarrisonedIn":null,"Stance":0,"InterruptCurrent":false,"AttackBack":false,"TargetPriority":"","ActiveOrders":null,"Health":16,"MaxHealth":16},{"InternalID":23,"UnitID":12,"Type":2,"Kind":1,"Location":{"Space":{"X":2,"Y":-3},"Zone":{"X":-1,"Y":0}},"CurrentStamina":12,"CurrentOrder":null,"Builds":[],"GarrisonedIn":null,"Stance":0,"InterruptCurrent":false,"AttackBack":false,"TargetPriority":"","ActiveOrders":null,"Health":16,"MaxHealth":16},{"InternalID":24,"UnitID":12,"Type":2,"Kind":1,"Location":{"Space":{"X":2,"Y":-3},"Zone":{"X":-1,"Y":0}},"CurrentStamina":12,"CurrentOrder":null,"Builds":[],"GarrisonedIn":null,"Stance":0,"InterruptCurrent":false,"AttackBack":false,"TargetPriority":"","ActiveOrders":null,"Health":16,"MaxHealth":16}],"foundations":[],"population":{"current":14,"limit":0},"resources":{"food":200,"gold":32,"stone":100,"wood":200},"spaces":[{"Space":{"X":0,"Y":-4},"Vision":1,"Owner":-1},{"Space":{"X":1,"Y":-4},"Vision":1,"Owner":-1},{"Space":{"X":2,"Y":-4},"Vision":2,"Owner":-1},{"Space":{"X":3,"Y":-4},"Vision":2,"Owner":-1},{"Space":{"X":4,"Y":-4},"Vision":0,"Owner":-1},{"Space":{"X":-1,"Y":-3},"Vision":1,"Owner":0},{"Space":{"X":0,"Y":-3},"Vision":1,"Owner":-1},{"Space":{"X":1,"Y":-3},"Vision":3,"Owner":-1},{"Space":{"X":2,"Y":-3},"Vision":3,"Owner":-1},{"Space":{"X":3,"Y":-3},"Vision":2,"Owner":-1},{"Space":{"X":4,"Y":-3},"Vision":0,"Owner":-1},{"Space":{"X":-2,"Y":-2},"Vision":1,"Owner":-1},{"Space":{"X":-1,"Y":-2},"Vision":1,"Owner":0},{"Space":{"X":0,"Y":-2},"Vision":2,"Owner":0},{"Space":{"X":1,"Y":-2},"Vision":2,"Owner":0},{"Space":{"X":2,"Y":-2},"Vision":2,"Owner":-1},{"Space":{"X":3,"Y":-2},"Vision":0,"Owner":-1},{"Space":{"X":4,"Y":-2},"Vision":0,"Owner":-1},{"Space":{"X":-3,"Y":-1},"Vision":1,"Owner":-1},{"Space":{"X":-2,"Y":-1},"Vision":1,"Owner":-1},{"Space":{"X":-1,"Y":-1},"Vision":2,"Owner":-1},{"Space":{"X":0,"Y":-1},"Vision":3,"Owner":1},{"Space":{"X":1,"Y":-1},"Vision":2,"Owner":-1},{"Space":{"X":2,"Y":-1},"Vision":0,"Owner":-1},{"Space":{"X":3,"Y":-1},"Vision":0,"Owner":-1},{"Space":{"X":4,"Y":-1},"Vision":0,"Owner":-1},{"Space":{"X":-4,"Y":0},"Vision":1,"Owner":-1},{"Space":{"X":-3,"Y":0},"Vision":1,"Owner":-1},{"Space":{"X":-2,"Y":0},"Vision":1,"Owner":-1},{"Space":{"X":-1,"Y":0},"Vision":2,"Owner":-1},{"Space":{"X":0,"Y":0},"Vision":2,"Owner":-1},{"Space":{"X":1,"Y":0},"Vision":0,"Owner":-1},{"Space":{"X":2,"Y":0},"Vision":0,"Owner":-1},{"Space":{"X":3,"Y":0},"Vision":0,"Owner":-1},{"Space":{"X":4,"Y":0},"Vision":0,"Owner":-1},{"Space":{"X":-4,"Y":1},"Vision":1,"Owner":-1},{"Space":{"X":-3,"Y":1},"Vision":1,"Owner":-1},{"Space":{"X":-2,"Y":1},"Vision":1,"Owner":-1},{"Space":{"X":-1,"Y":1},"Vision":1,"Owner":-1},{"Space":{"X":0,"Y":1},"Vision":0,"Owner":-1},{"Space":{"X":1,"Y":1},"Vision":0,"Owner":-1},{"Space":{"X":2,"Y":1},"Vision":0,"Owner":-1},{"Space":{"X":3,"Y":1},"Vision":0,"Owner":-1},{"Space":{"X":-4,"Y":2},"Vision":1,"Owner":-1},{"Space":{"X":-3,"Y":2},"Vision":1,"Owner":-1},{"Space":{"X":-2,"Y":2},"Vision":1,"Owner":-1},{"Space":{"X":-1,"Y":2},"Vision":1,"Owner":-1},{"Space":{"X":0,"Y":2},"Vision":0,"Owner":-1},{"Space":{"X":1,"Y":2},"Vision":0,"Owner":-1},{"Space":{"X":2,"Y":2},"Vision":0,"Owner":-1},{"Space":{"X":-4,"Y":3},"Vision":1,"Owner":-1},{"Space":{"X":-3,"Y":3},"Vision":1,"Owner":-1},{"Space":{"X":-2,"Y":3},"Vision":1,"Owner":-1},{"Space":{"X":-1,"Y":3},"Vision":0,"Owner":-1},{"Space":{"X":0,"Y":3},"Vision":0,"Owner":-1},{"Space":{"X":1,"Y":3},"Vision":0,"Owner":-1},{"Space":{"X":-4,"Y":4},"Vision":1,"Owner":-1},{"Space":{"X":-3,"Y":4},"Vision":1,"Owner":-1},{"Space":{"X":-2,"Y":4},"Vision":0,"Owner":-1},{"Space":{"X":-1,"Y":4},"Vision":0,"Owner":-1},{"Space":{"X":0,"Y":4},"Vision":0,"Owner":-1}],"units":[{"InternalID":31,"UnitID":11,"Type":2,"Kind":1,"Location":{"Space":{"X":0,"Y":-1},"Zone":{"X":0,"Y":0}},"CurrentStamina":16,"CurrentOrder":null,"Builds":[],"GarrisonedIn":null,"Stance":3,"InterruptCurrent":false,"AttackBack":true,"TargetPriority":"","ActiveOrders":null,"Health":11,"MaxHealth":11},{"InternalID":48,"UnitID":12,"Type":2,"Kind":1,"Location":{"Space":{"X":2,"Y":-3},"Zone":{"X":-1,"Y":0}},"CurrentStamina":12,"CurrentOrder":{"Kind":4,"TargetZone":null,"TargetSpace":{"X":2,"Y":-3},"TargetResource":null,"TargetUnit":null,"TargetBuilding":null},"Builds":[],"GarrisonedIn":null,"Stance":3,"InterruptCurrent":false,"AttackBack":true,"TargetPriority":"","ActiveOrders":[{"ID":259,"Kind":4}],"Health":16,"MaxHealth":16},{"InternalID":49,"UnitID":12,"Type":2,"Kind":1,"Location":{"Space":{"X":2,"Y":-3},"Zone":{"X":-1,"Y":0}},"CurrentStamina":12,"CurrentOrder":{"Kind":4,"TargetZone":null,"TargetSpace":{"X":2,"Y":-3},"TargetResource":null,"TargetUnit":null,"TargetBuilding":null},"Builds":[],"GarrisonedIn":null,"Stance":3,"InterruptCurrent":false,"AttackBack":true,"TargetPriority":"","ActiveOrders":[{"ID":268,"Kind":4}],"Health":16,"MaxHealth":16},{"InternalID":50,"UnitID":12,"Type":2,"Kind":1,"Location":{"Space":{"X":2,"Y":-3},"Zone":{"X":-1,"Y":0}},"CurrentStamina":12,"CurrentOrder":{"Kind":4,"TargetZone":null,"TargetSpace":{"X":2,"Y":-3},"TargetResource":null,"TargetUnit":null,"TargetBuilding":null},"Builds":[],"GarrisonedIn":null,"Stance":3,"InterruptCurrent":false,"AttackBack":true,"TargetPriority":"","ActiveOrders":[{"ID":269,"Kind":4}],"Health":16,"MaxHealth":16},{"InternalID":51,"UnitID":12,"Type":2,"Kind":1,"Location":{"Space":{"X":2,"Y":-3},"Zone":{"X":-1,"Y":0}},"CurrentStamina":12,"CurrentOrder":{"Kind":4,"TargetZone":null,"TargetSpace":{"X":2,"Y":-3},"TargetResource":null,"TargetUnit":null,"TargetBuilding":null},"Builds":[],"GarrisonedIn":null,"Stance":3,"InterruptCurrent":false,"AttackBack":true,"TargetPriority":"","ActiveOrders":[{"ID":264,"Kind":4}],"Health":16,"MaxHealth":16},{"InternalID":52,"UnitID":12,"Type":2,"Kind":1,"Location":{"Space":{"X":2,"Y":-3},"Zone":{"X":-1,"Y":0}},"CurrentStamina":12,"CurrentOrder":{"Kind":4,"TargetZone":null,"TargetSpace":{"X":2,"Y":-3},"TargetResource":null,"TargetUnit":null,"TargetBuilding":null},"Builds":[],"GarrisonedIn":null,"Stance":3,"InterruptCurrent":false,"AttackBack":true,"TargetPriority":"","ActiveOrders":[{"ID":265,"Kind":4}],"Health":16,"MaxHealth":16},{"InternalID":53,"UnitID":12,"Type":2,"Kind":1,"Location":{"Space":{"X":2,"Y":-3},"Zone":{"X":-1,"Y":0}},"CurrentStamina":12,"CurrentOrder":{"Kind":4,"TargetZone":null,"TargetSpace":{"X":2,"Y":-3},"TargetResource":null,"TargetUnit":null,"TargetBuilding":null},"Builds":[],"GarrisonedIn":null,"Stance":3,"InterruptCurrent":false,"AttackBack":true,"TargetPriority":"","ActiveOrders":[{"ID":255,"Kind":4}],"Health":16,"MaxHealth":16},{"InternalID":54,"UnitID":12,"Type":2,"Kind":1,"Location":{"Space":{"X":2,"Y":-3},"Zone":{"X":-1,"Y":0}},"CurrentStamina":12,"CurrentOrder":{"Kind":4,"TargetZone":null,"TargetSpace":{"X":2,"Y":-3},"TargetResource":null,"TargetUnit":null,"TargetBuilding":null},"Builds":[],"GarrisonedIn":null,"Stance":3,"InterruptCurrent":false,"AttackBack":true,"TargetPriority":"","ActiveOrders":[{"ID":271,"Kind":4}],"Health":16,"MaxHealth":16},{"InternalID":55,"UnitID":13,"Type":2,"Kind":1,"Location":{"Space":{"X":2,"Y":-3},"Zone":{"X":-1,"Y":0}},"CurrentStamina":8,"CurrentOrder":{"Kind":4,"TargetZone":null,"TargetSpace":{"X":2,"Y":-3},"TargetResource":null,"TargetUnit":null,"TargetBuilding":null},"Builds":[],"GarrisonedIn":null,"Stance":3,"InterruptCurrent":false,"AttackBack":true,"TargetPriority":"","ActiveOrders":[{"ID":276,"Kind":4}],"Health":48.3333,"MaxHealth":50},{"InternalID":56,"UnitID":13,"Type":2,"Kind":1,"Location":{"Space":{"X":2,"Y":-3},"Zone":{"X":-1,"Y":0}},"CurrentStamina":8,"CurrentOrder":{"Kind":4,"TargetZone":null,"TargetSpace":{"X":2,"Y":-3},"TargetResource":null,"TargetUnit":null,"TargetBuilding":null},"Builds":[],"GarrisonedIn":null,"Stance":3,"InterruptCurrent":false,"AttackBack":true,"TargetPriority":"","ActiveOrders":[{"ID":261,"Kind":4}],"Health":50,"MaxHealth":50},{"InternalID":57,"UnitID":13,"Type":2,"Kind":1,"Location":{"Space":{"X":2,"Y":-3},"Zone":{"X":-1,"Y":0}},"CurrentStamina":8,"CurrentOrder":{"Kind":4,"TargetZone":null,"TargetSpace":{"X":2,"Y":-3},"TargetResource":null,"TargetUnit":null,"TargetBuilding":null},"Builds":[],"GarrisonedIn":null,"Stance":3,"InterruptCurrent":false,"AttackBack":true,"TargetPriority":"","ActiveOrders":[{"ID":249,"Kind":4}],"Health":50,"MaxHealth":50},{"InternalID":58,"UnitID":13,"Type":2,"Kind":1,"Location":{"Space":{"X":2,"Y":-3},"Zone":{"X":-1,"Y":0}},"CurrentStamina":8,"CurrentOrder":{"Kind":4,"TargetZone":null,"TargetSpace":{"X":2,"Y":-3},"TargetResource":null,"TargetUnit":null,"TargetBuilding":null},"Builds":[],"GarrisonedIn":null,"Stance":3,"InterruptCurrent":false,"AttackBack":true,"TargetPriority":"","ActiveOrders":[{"ID":277,"Kind":4}],"Health":50,"MaxHealth":50},{"InternalID":59,"UnitID":13,"Type":2,"Kind":1,"Location":{"Space":{"X":2,"Y":-3},"Zone":{"X":-1,"Y":0}},"CurrentStamina":8,"CurrentOrder":{"Kind":4,"TargetZone":null,"TargetSpace":{"X":2,"Y":-3},"TargetResource":null,"TargetUnit":null,"TargetBuilding":null},"Builds":[],"GarrisonedIn":null,"Stance":3,"InterruptCurrent":false,"AttackBack":true,"TargetPriority":"","ActiveOrders":[{"ID":260,"Kind":4}],"Health":50,"MaxHealth":50},{"InternalID":60,"UnitID":13,"Type":2,"Kind":1,"Location":{"Space":{"X":2,"Y":-3},"Zone":{"X":-1,"Y":0}},"CurrentStamina":8,"CurrentOrder":{"Kind":4,"TargetZone":null,"TargetSpace":{"X":2,"Y":-3},"TargetResource":null,"TargetUnit":null,"TargetBuilding":null},"Builds":[],"GarrisonedIn":null,"Stance":3,"InterruptCurrent":false,"AttackBack":true,"TargetPriority":"","ActiveOrders":[{"ID":256,"Kind":4}],"Health":50,"MaxHealth":50}]}
2026/09/30 21:20:38 ai ai-1: submitting orders [{Subjects:[31] OrderType:2 TargetID:55 ClearPreviousOrders:true}]
2026/09/30 21:20:38 ai ai-1: vars {}
2026/09/30 21:20:38 player action: submit-orders 0 2 map[orders:[{1 [31] 2 55 true}]]
2026/09/30 21:20:38 Executing submit orders for: 1 [{1 [31] 2 55 true}]
2026/09/30 21:20:38 ai ai-0: new turn data {"buildings":[],"enemy_buildings":[],"enemy_units":[{"InternalID":48,"UnitID":12,"Type":2,"Kind":1,"Location":{"Space":{"X":2,"Y":-3},"Zone":{"X":-1,"Y":0}},"CurrentStamina":12,"CurrentOrder":null,"Builds":[],"GarrisonedIn":null,"Stance":0,"InterruptCurrent":false,"AttackBack":false,"TargetPriority":"","ActiveOrders":null,"Health":16,"MaxHealth":16},{"InternalID":49,"UnitID":12,"Type":2,"Kind":1,"Location":{"Space":{"X":2,"Y":-3},"Zone":{"X":-1,"Y":0}},"CurrentStamina":12,"CurrentOrder":null,"Builds":[],"GarrisonedIn":null,"Stance":0,"InterruptCurrent":false,"AttackBack":false,"TargetPriority":"","ActiveOrders":null,"Health":16,"MaxHealth":16},{"InternalID":50,"UnitID":12,"Type":2,"Kind":1,"Location":{"Space":{"X":2,"Y":-3},"Zone":{"X":-1,"Y":0}},"CurrentStamina":12,"CurrentOrder":null,"Builds":[],"GarrisonedIn":null,"Stance":0,"InterruptCurrent":false,"AttackBack":false,"TargetPriority":"","ActiveOrders":null,"Health":16,"MaxHealth":16},{"InternalID":51,"UnitID":12,"Type":2,"Kind":1,"Location":{"Space":{"X":2,"Y":-3},"Zone":{"X":-1,"Y":0}},"CurrentStamina":12,"CurrentOrder":null,"Builds":[],"GarrisonedIn":null,"Stance":0,"InterruptCurrent":false,"AttackBack":false,"TargetPriority":"","ActiveOrders":null,"Health":16,"MaxHealth":16},{"InternalID":52,"UnitID":12,"Type":2,"Kind":1,"Location":{"Space":{"X":2,"Y":-3},"Zone":{"X":-1,"Y":0}},"CurrentStamina":12,"CurrentOrder":null,"Builds":[],"GarrisonedIn":null,"Stance":0,"InterruptCurrent":false,"AttackBack":false,"TargetPriority":"","ActiveOrders":null,"Health":16,"MaxHealth":16},{"InternalID":53,"UnitID":12,"Type":2,"Kind":1,"Location":{"Space":{"X":2,"Y":-3},"Zone":{"X":-1,"Y":0}},"CurrentStamina":12,"CurrentOrder":null,"Builds":[],"GarrisonedIn":null,"Stance":0,"InterruptCurrent":false,"AttackBack":false,"TargetPriority":"","ActiveOrders":null,"Health":16,"MaxHealth":16},{"InternalID":54,"UnitID":12,"Type":2,"Kind":1,"Location":{"Space":{"X":2,"Y":-3},"Zone":{"X":-1,"Y":0}},"CurrentStamina":12,"CurrentOrder":null,"Builds":[],"GarrisonedIn":null,"Stance":0,"InterruptCurrent":false,"AttackBack":false,"TargetPriority":"","ActiveOrders":null,"Health":16,"MaxHealth":16},{"InternalID":55,"UnitID":13,"Type":2,"Kind":1,"Location":{"Space":{"X":2,"Y":-3},"Zone":{"X":-1,"Y":0}},"CurrentStamina":8,"CurrentOrder":null,"Builds":[],"GarrisonedIn":null,"Stance":0,"InterruptCurrent":false,"AttackBack":false,"TargetPriority":"","ActiveOrders":null,"Health":48.3333,"MaxHealth":50},{"InternalID":56,"UnitID":13,"Type":2,"Kind":1,"Location":{"Space":{"X":2,"Y":-3},"Zone":{"X":-1,"Y":0}},"CurrentStamina":8,"CurrentOrder":null,"Builds":[],"GarrisonedIn":null,"Stance":0,"InterruptCurrent":false,"AttackBack":false,"TargetPriority":"","ActiveOrders":null,"Health":50,"MaxHealth":50},{"InternalID":57,"UnitID":13,"Type":2,"Kind":1,"Location":{"Space":{"X":2,"Y":-3},"Zone":{"X":-1,"Y":0}},"CurrentStamina":8,"CurrentOrder":null,"Builds":[],"GarrisonedIn":null,"Stance":0,"InterruptCurrent":false,"AttackBack":false,"TargetPriority":"","ActiveOrders":null,"Health":50,"MaxHealth":50},{"InternalID":58,"UnitID":13,"Type":2,"Kind":1,"Location":{"Space":{"X":2,"Y":-3},"Zone":{"X":-1,"Y":0}},"CurrentStamina":8,"CurrentOrder":null,"Builds":[],"GarrisonedIn":null,"Stance":0,"InterruptCurrent":false,"AttackBack":false,"TargetPriority":"","ActiveOrders":null,"Health":50,"MaxHealth":50},{"InternalID":59,"UnitID":13,"Type":2,"Kind":1,"Location":{"Space":{"X":2,"Y":-3},"Zone":{"X":-1,"Y":0}},"CurrentStamina":8,"CurrentOrder":null,"Builds":[],"GarrisonedIn":null,"Stance":0,"InterruptCurrent":false,"AttackBack":false,"TargetPriority":"","ActiveOrders":null,"Health":50,"MaxHealth":50},{"InternalID":60,"UnitID":13,"Type":2,"Kind":1,"Location":{"Space":{"X":2,"Y":-3},"Zone":{"X":-1,"Y":0}},"CurrentStamina":8,"CurrentOrder":null,"Builds":[],"GarrisonedIn":null,"Stance":0,"InterruptCurrent":false,"AttackBack":false,"TargetPriority":"","ActiveOrders":null,"Health":50,"MaxHealth":50}],"foundations":[],"population":{"current":13,"limit":0},"resources":{"food":200,"gold":90,"stone":100,"wood":200},"spaces":[{"Space":{"X":0,"Y":-4},"Vision":1,"Owner":-1},{"Space":{"X":1,"Y":-4},"Vision":1,"Owner":-1},{"Space":{"X":2,"Y":-4},"Vision":2,"Owner":-1},{"Space":{"X":3,"Y":-4},"Vision":2,"Owner":-1},{"Space":{"X":4,"Y":-4},"Vision":0,"Owner":-1},{"Space":{"X":-1,"Y":-3},"Vision":1,"Owner":-1},{"Space":{"X":0,"Y":-3},"Vision":2,"Owner":-1},{"Space":{"X":1,"Y":-3},"Vision":3,"Owner":-1},{"Space":{"X":2,"Y":-3},"Vision":3,"Owner":-1},{"Space":{"X":3,"Y":-3},"Vision":2,"Owner":-1},{"Space":{"X":4,"Y":-3},"Vision":0,"Owner":-1},{"Space":{"X":-2,"Y":-2},"Vision":1,"Owner":-1},{"Space":{"X":-1,"Y":-2},"Vision":2,"Owner":-1},{"Space":{"X":0,"Y":-2},"Vision":3,"Owner":0},{"Space":{"X":1,"Y":-2},"Vision":3,"Owner":0},{"Space":{"X":2,"Y":-2},"Vision":2,"Owner":-1},{"Space":{"X":3,"Y":-2},"Vision":0,"Owner":-1},{"Space":{"X":4,"Y":-2},"Vision":0,"Owner":-1},{"Space":{"X":-3,"Y":-1},"Vision":1,"Owner":-1},{"Space":{"X":-2,"Y":-1},"Vision":1,"Owner":-1},{"Space":{"X":-1,"Y":-1},"Vision":2,"Owner":-1},{"Space":{"X":0,"Y":-1},"Vision":2,"Owner":1},{"Space":{"X":1,"Y":-1},"Vision":2,"Owner":-1},{"Space":{"X":2,"Y":-1},"Vision":0,"Owner":-1},{"Space":{"X":3,"Y":-1},"Vision":0,"Owner":-1},{"Space":{"X":4,"Y":-1},"Vision":0,"Owner":-1},{"Space":{"X":-4,"Y":0},"Vision":1,"Owner":-1},{"Space":{"X":-3,"Y":0},"Vision":1,"Owner":-1},{"Space":{"X":-2,"Y":0},"Vision":1,"Owner":1},{"Space":{"X":-1,"Y":0},"Vision":1,"Owner":-1},{"Space":{"X":0,"Y":0},"Vision":1,"Owner":-1},{"Space":{"X":1,"Y":0},"Vision":1,"Owner":-1},{"Space":{"X":2,"Y":0},"Vision":1,"Owner":-1},{"Space":{"X":3,"Y":0},"Vision":0,"Owner":-1},{"Space":{"X":4,"Y":0},"Vision":0,"Owner":-1},{"Space":{"X":-4,"Y":1},"Vision":1,"Owner":-1},{"Space":{"X":-3,"Y":1},"Vision":1,"Owner":-1},{"Space":{"X":-2,"Y":1},"Vision":1,"Owner":-1},{"Space":{"X":-1,"Y":1},"Vision":1,"Owner":-1},{"Space":{"X":0,"Y":1},"Vision":1,"Owner":-1},{"Space":{"X":1,"Y":1},"Vision":1,"Owner":-1},{"Space":{"X":2,"Y":1},"Vision":1,"Owner":-1},{"Space":{"X":3,"Y":1},"Vision":0,"Owner":-1},{"Space":{"X":-4,"Y":2},"Vision":1,"Owner":-1},{"Space":{"X":-3,"Y":2},"Vision":1,"Owner":-1},{"Space":{"X":-2,"Y":2},"Vision":1,"Owner":1},{"Space":{"X":-1,"Y":2},"Vision":1,"Owner":-1},{"Space":{"X":0,"Y":2},"Vision":1,"Owner":-1},{"Space":{"X":1,"Y":2},"Vision":1,"Owner":-1},{"Space":{"X":2,"Y":2},"Vision":1,"Owner":-1},{"Space":{"X":-4,"Y":3},"Vision":1,"Owner":-1},{"Space":{"X":-3,"Y":3},"Vision":1,"Owner":-1},{"Space":{"X":-2,"Y":3},"Vision":1,"Owner":-1},{"Space":{"X":-1,"Y":3},"Vision":1,"Owner":-1},{"Space":{"X":0,"Y":3},"Vision":1,"Owner":-1},{"Space":{"X":1,"Y":3},"Vision":1,"Owner":-1},{"Space":{"X":-4,"Y":4},"Vision":1,"Owner":-1},{"Space":{"X":-3,"Y":4},"Vision":1,"Owner":-1},{"Space":{"X":-2,"Y":4},"Vision":1,"Owner":-1},{"Space":{"X":-1,"Y":4},"Vision":1,"Owner":-1},{"Space":{"X":0,"Y":4},"Vision":1,"Owner":-1}],"units":[{"InternalID":6,"UnitID":11,"Type":2,"Kind":1,"Location":{"Space":{"X":1,"Y":-2},"Zone":{"X":0,"Y":0}},"CurrentStamina":23,"CurrentOrder":null,"Builds":[],"GarrisonedIn":null,"Stance":3,"InterruptCurrent":false,"AttackBack":true,"TargetPriority":"","ActiveOrders":null,"Health":11,"MaxHealth":11},{"InternalID":19,"UnitID":12,"Type":2,"Kind":1,"Location":{"Space":{"X":2,"Y":-3},"Zone":{"X":-1,"Y":0}},"CurrentStamina":12,"CurrentOrder":{"Kind":4,"TargetZone":null,"TargetSpace":{"X":2,"Y":-3},"TargetResource":null,"TargetUnit":null,"TargetBuilding":null},"Builds":[],"GarrisonedIn":null,"Stance":3,"InterruptCurrent":true,"AttackBack":true,"TargetPriority":"","ActiveOrders":[{"ID":478,"Kind":4}],"Health":16,"MaxHealth":16},{"InternalID":20,"UnitID":12,"Type":2,"Kind":1,"Location":{"Space":{"X":2,"Y":-3},"Zone":{"X":-1,"Y":0}},"CurrentStamina":12,"CurrentOrder":{"Kind":4,"TargetZone":null,"TargetSpace":{"X":2,"Y":-3},"TargetResource":null,"TargetUnit":null,"TargetBuilding":null},"Builds":[],"GarrisonedIn":null,"Stance":3,"InterruptCurrent":true,"AttackBack":true,"TargetPriority":"","ActiveOrders":[{"ID":474,"Kind":4}],"Health":16,"MaxHealth":16},{"InternalID":21,"UnitID":12,"Type":2,"Kind":1,"Location":{"Space":{"X":2,"Y":-3},"Zone":{"X":-1,"Y":0}},"CurrentStamina":12,"CurrentOrder":{"Kind":4,"TargetZone":null,"TargetSpace":{"X":2,"Y":-3},"TargetResource":null,"TargetUnit":null,"TargetBuilding":null},"Builds":[],"GarrisonedIn":null,"Stance":3,"InterruptCurrent":true,"AttackBack":true,"TargetPriority":"","ActiveOrders":[{"ID":481,"Kind":4}],"Health":16,"MaxHealth":16},{"InternalID":22,"UnitID":12,"Type":2,"Kind":1,"Location":{"Space":{"X":2,"Y":-3},"Zone":{"X":-1,"Y":0}},"CurrentStamina":12,"CurrentOrder":{"Kind":4,"TargetZone":null,"TargetSpace":{"X":2,"Y":-3},"TargetResource":null,"TargetUnit":null,"TargetBuilding":null},"Builds":[],"GarrisonedIn":null,"Stance":3,"InterruptCurrent":true,"AttackBack":true,"TargetPriority":"","ActiveOrders":[{"ID":475,"Kind":4}],"Health":16,"MaxHealth":16},{"InternalID":23,"UnitID":12,"Type":2,"Kind":1,"Location":{"Space":{"X":2,"Y":-3},"Zone":{"X":-1,"Y":0}},"CurrentStamina":12,"CurrentOrder":{"Kind":4,"TargetZone":null,"TargetSpace":{"X":2,"Y":-3},"TargetResource":null,"TargetUnit":null,"TargetBuilding":null},"Builds":[],"GarrisonedIn":null,"Stance":3,"InterruptCurrent":true,"AttackBack":true,"TargetPriority":"","ActiveOrders":[{"ID":483,"Kind":4}],"Health":16,"MaxHealth":16},{"InternalID":24,"UnitID":12,"Type":2,"Kind":1,"Location":{"Space":{"X":2,"Y":-3},"Zone":{"X":-1,"Y":0}},"CurrentStamina":12,"CurrentOrder":{"Kind":4,"TargetZone":null,"TargetSpace":{"X":2,"Y":-3},"TargetResource":null,"TargetUnit":null,"TargetBuilding":null},"Builds":[],"GarrisonedIn":null,"Stance":3,"InterruptCurrent":true,"AttackBack":true,"TargetPriority":"","ActiveOrders":[{"ID":482,"Kind":4}],"Health":16,"MaxHealth":16},{"InternalID":25,"UnitID":13,"Type":2,"Kind":1,"Location":{"Space":{"X":0,"Y":-2},"Zone":{"X":1,"Y":-1}},"CurrentStamina":12,"CurrentOrder":null,"Builds":[],"GarrisonedIn":null,"Stance":3,"InterruptCurrent":true,"AttackBack":true,"TargetPriority":"","ActiveOrders":null,"Health":50,"MaxHealth":50},{"InternalID":26,"UnitID":13,"Type":2,"Kind":1,"Location":{"Space":{"X":0,"Y":-2},"Zone":{"X":1,"Y":-1}},"CurrentStamina":12,"CurrentOrder":null,"Builds":[],"GarrisonedIn":null,"Stance":3,"InterruptCurrent":true,"AttackBack":true,"TargetPriority":"","ActiveOrders":null,"Health":50,"MaxHealth":50},{"InternalID":27,"UnitID":13,"Type":2,"Kind":1,"Location":{"Space":{"X":0,"Y":-2},"Zone":{"X":1,"Y":-1}},"CurrentStamina":12,"CurrentOrder":null,"Builds":[],"GarrisonedIn":null,"Stance":3,"InterruptCurrent":true,"AttackBack":true,"TargetPriority":"","ActiveOrders":null,"Health":50,"MaxHealth":50},{"InternalID":28,"UnitID":13,"Type":2,"Kind":1,"Location":{"Space":{"X":0,"Y":-2},"Zone":{"X":1,"Y":-1}},"CurrentStamina":12,"CurrentOrder":null,"Builds":[],"GarrisonedIn":null,"Stance":3,"InterruptCurrent":true,"AttackBack":true,"TargetPriority":"","ActiveOrders":null,"Health":50,"MaxHealth":50},{"InternalID":29,"UnitID":13,"Type":2,"Kind":1,"Location":{"Space":{"X":0,"Y":-2},"Zone":{"X":1,"Y":-1}},"CurrentStamina":12,"CurrentOrder":null,"Builds":[],"GarrisonedIn":null,"Stance":3,"InterruptCurrent":true,"AttackBack":true,"TargetPriority":"","ActiveOrders":null,"Health":50,"MaxHealth":50},{"InternalID":30,"UnitID":13,"Type":2,"Kind":1,"Location":{"Space":{"X":0,"Y":-2},"Zone":{"X":1,"Y":-1}},"CurrentStamina":12,"CurrentOrder":null,"Builds":[],"GarrisonedIn":null,"Stance":3,"InterruptCurrent":true,"AttackBack":true,"TargetPriority":"","ActiveOrders":null,"Health":50,"MaxHealth":50}]}
2026/09/30 21:20:38 ai ai-0: submitting orders [{Subjects:[6] OrderType:2 TargetID:528 ClearPreviousOrders:true} {Subjects:[25] OrderType:2 TargetID:528 ClearPreviousOrders:true} {Subjects:[26] OrderType:2 TargetID:528 ClearPreviousOrders:true} {Subjects:[27] OrderType:2 TargetID:528 ClearPreviousOrders:true} {Subjects:[28] OrderType:2 TargetID:528 ClearPreviousOrders:true} {Subjects:[29] OrderType:2 TargetID:528 ClearPreviousOrders:true} {Subjects:[30] OrderType:2 TargetID:528 ClearPreviousOrders:true} {Subjects:[6] OrderType:9 TargetID:48 ClearPreviousOrders:true} {Subjects:[19] OrderType:9 TargetID:48 ClearPreviousOrders:true} {Subjects:[20] OrderType:9 TargetID:48 ClearPreviousOrders:true} {Subjects:[21] OrderType:9 TargetID:48 ClearPreviousOrders:true} {Subjects:[22] OrderType:9 TargetID:48 ClearPreviousOrders:true} {Subjects:[23] OrderType:9 TargetID:48 ClearPreviousOrders:true} {Subjects:[24] OrderType:9 TargetID:48 ClearPreviousOrders:true} {Subjects:[25] OrderType:9 TargetID:48 ClearPreviousOrders:true} {Subjects:[26] OrderType:9 TargetID:48 ClearPreviousOrders:true} {Subjects:[27] OrderType:9 TargetID:48 ClearPreviousOrders:true} {Subjects:[28] OrderType:9 TargetID:48 ClearPreviousOrders:true} {Subjects:[29] OrderType:9 TargetID:48 ClearPreviousOrders:true} {Subjects:[30] OrderType:9 TargetID:48 ClearPreviousOrders:true} {Subjects:[19] OrderType:9 TargetID:48 ClearPreviousOrders:true} {Subjects:[19] OrderType:9 TargetID:49 ClearPreviousOrders:false} {Subjects:[19] OrderType:9 TargetID:50 ClearPreviousOrders:false} {Subjects:[19] OrderType:9 TargetID:51 ClearPreviousOrders:false} {Subjects:[19] OrderType:9 TargetID:52 ClearPreviousOrders:false} {Subjects:[19] OrderType:9 TargetID:53 ClearPreviousOrders:false} {Subjects:[20] OrderType:9 TargetID:48 ClearPreviousOrders:true} {Subjects:[20] OrderType:9 TargetID:50 ClearPreviousOrders:false} {Subjects:[20] OrderType:9 TargetID:51 ClearPreviousOrders:false} {Subjects:[20] OrderType:9 TargetID:52 ClearPreviousOrders:false} {Subjects:[20] OrderType:9 TargetID:53 ClearPreviousOrders:false} {Subjects:[20] OrderType:9 TargetID:54 ClearPreviousOrders:false} {Subjects:[21] OrderType:9 TargetID:48 ClearPreviousOrders:true} {Subjects:[21] OrderType:9 TargetID:51 ClearPreviousOrders:false} {Subjects:[21] OrderType:9 TargetID:52 ClearPreviousOrders:false} {Subjects:[21] OrderType:9 TargetID:53 ClearPreviousOrders:false} {Subjects:[21] OrderType:9 TargetID:54 ClearPreviousOrders:false} {Subjects:[21] OrderType:9 TargetID:55 ClearPreviousOrders:false} {Subjects:[22] OrderType:9 TargetID:48 ClearPreviousOrders:true} {Subjects:[22] OrderType:9 TargetID:52 ClearPreviousOrders:false} {Subjects:[22] OrderType:9 TargetID:53 ClearPreviousOrders:false} {Subjects:[22] OrderType:9 TargetID:54 ClearPreviousOrders:false} {Subjects:[22] OrderType:9 TargetID:55 ClearPreviousOrders:false} {Subjects:[22] OrderType:9 TargetID:56 ClearPreviousOrders:false} {Subjects:[23] OrderType:9 TargetID:48 ClearPreviousOrders:true} {Subjects:[23] OrderType:9 TargetID:53 ClearPreviousOrders:false} {Subjects:[23] OrderType:9 TargetID:54 ClearPreviousOrders:false} {Subjects:[23] OrderType:9 TargetID:55 ClearPreviousOrders:false} {Subjects:[23] OrderType:9 TargetID:56 ClearPreviousOrders:false} {Subjects:[23] OrderType:9 TargetID:57 ClearPreviousOrders:false} {Subjects:[24] OrderType:9 TargetID:48 ClearPreviousOrders:true} {Subjects:[24] OrderType:9 TargetID:54 ClearPreviousOrders:false} {Subjects:[24] OrderType:9 TargetID:55 ClearPreviousOrders:false} {Subjects:[24] OrderType:9 TargetID:56 ClearPreviousOrders:false} {Subjects:[24] OrderType:9 TargetID:57 ClearPreviousOrders:false} {Subjects:[24] OrderType:9 TargetID:58 ClearPreviousOrders:false}]
2026/09/30 21:20:38 ai ai-0: vars {"B":1,"Hv":6,"Pi":6,"aPowLocal":0,"aThreat":0,"a_engaged":0,"a_odds":1.3,"a_outnumbered":0,"army_target":50,"army_value":1810,"assault":0,"bank_rate":28,"bar_barracks":0.17072129748186085,"bar_redoubt":1.1111111111111112,"barracks":0,"barracks_B":0,"barracks_P":0,"barracks_save":0,"barracks_spend":78.1,"barracks_want":0,"buffer_food":70,"buffer_gold":0,"buffer_stone":0,"buffer_wood":70,"builders":0,"committed":0,"eB":14.099999999999998,"eGrowth":0,"eH":6,"eMil":27.799999999999997,"eP":7.7,"ePow":53.5,"ePowEst":51.765559999999994,"ePowSeen":51.765559999999994,"eTech":1,"eV":0,"es":28.799999999999997,"farm_want":0,"farm_wood_short":0,"farming":0,"fire_barracks":0,"fire_farm0":0,"fire_farm1":0,"fire_farm2":0,"fire_house":0,"fire_outpost":0,"fire_redoubt":0,"fire_smith":0,"fire_vc":0,"food_need":0,"food_over":0,"food_rate":0,"food_slots":1000,"food_workers":0,"free_room":37,"go":0,"gold_income":4,"gold_need":0,"gold_rate":0,"gold_surplus":90,"guaranteed":0,"guard_home":0,"headroom":-13,"hire_B":4846.153846153846,"hire_P":7615.384615384615,"homePow":0,"house_builders":0,"house_urgency":0,"house_want":0,"income_proj":0,"left":0,"lf_food":0,"lf_gold":0,"lf_stone":0,"lf_wood":0,"lump_food":0,"lump_gold":0,"lump_stone":0,"lump_wood":0,"maturity":0,"mil":13,"myTech":1,"n_barracks":0,"n_redoubts":0,"needB":27.27643398924438,"needP":9.72356601075562,"outpost_want":0,"pikes":0,"planned_food":0,"planned_gold":0,"planned_stone":0,"planned_wood":0,"prod_rate":0,"proj_army":1810,"raid_danger":0,"raid_fails":1,"raid_lost":0,"raid_pause":18,"raid_prev":0,"raid_size":0,"raid_wiped":0,"rate":6,"redoubt_H":0,"redoubt_gold_ok":0.6666666666666666,"redoubt_save":0,"redoubt_spend":30,"redoubt_want":0,"redoubts":0,"rf_food":0,"rf_gold":0,"rf_stone":0,"rf_wood":0,"sB4":1.259502052402496,"sP4":0.44899019248802907,"scale_l":0,"scale_r":0,"shareH":0.5079032258064516,"smith_want":0,"smiths":0,"spare":0,"spare_food":0.5,"stone_need":0,"stone_rate":0,"tH":43,"target_spend":400,"tech_food":50,"tech_gold":0,"tech_stone":0,"tech_wood":50,"threat_home":0,"turns_left":-130,"u_barracks":0.17642393953161786,"u_redoubt":0.47404301075268823,"unit_spend":120,"vB":1.059375,"vH":1.0934027777777777,"vP":0.818576388888889,"vc_want":0,"vcs":0,"vil_goal":50,"vil_rate":0,"vil_stamina":8,"vil_want":0,"vil_want_last":0,"vil_worth_now":0.6,"vils":0,"w_food":0,"w_gold":0,"w_stone":0,"w_wood":0,"wild_workers":0,"wood_need":0,"wood_rate":0,"workers":0}
2026/09/30 21:20:38 player action: set-unit-behavior 0 1 map[internal_ids:[19 20 21 22 23 24] interrupt_current:false]
2026/09/30 21:20:38 player action: submit-orders 0 1 map[orders:[{0 [6] 2 528 true} {0 [25] 2 528 true} {0 [26] 2 528 true} {0 [27] 2 528 true} {0 [28] 2 528 true} {0 [29] 2 528 true} {0 [30] 2 528 true} {0 [6] 9 48 true} {0 [19] 9 48 true} {0 [20] 9 48 true} {0 [21] 9 48 true} {0 [22] 9 48 true} {0 [23] 9 48 true} {0 [24] 9 48 true} {0 [25] 9 48 true} {0 [26] 9 48 true} {0 [27] 9 48 true} {0 [28] 9 48 true} {0 [29] 9 48 true} {0 [30] 9 48 true} {0 [19] 9 48 true} {0 [19] 9 49 false} {0 [19] 9 50 false} {0 [19] 9 51 false} {0 [19] 9 52 false} {0 [19] 9 53 false} {0 [20] 9 48 true} {0 [20] 9 50 false} {0 [20] 9 51 false} {0 [20] 9 52 false} {0 [20] 9 53 false} {0 [20] 9 54 false} {0 [21] 9 48 true} {0 [21] 9 51 false} {0 [21] 9 52 false} {0 [21] 9 53 false} {0 [21] 9 54 false} {0 [21] 9 55 false} {0 [22] 9 48 true} {0 [22] 9 52 false} {0 [22] 9 53 false} {0 [22] 9 54 false} {0 [22] 9 55 false} {0 [22] 9 56 false} {0 [23] 9 48 true} {0 [23] 9 53 false} {0 [23] 9 54 false} {0 [23] 9 55 false} {0 [23] 9 56 false} {0 [23] 9 57 false} {0 [24] 9 48 true} {0 [24] 9 54 false} {0 [24] 9 55 false} {0 [24] 9 56 false} {0 [24] 9 57 false} {0 [24] 9 58 false}]]
2026/09/30 21:20:38 Executing submit orders for: 0 [{0 [6] 2 528 true} {0 [25] 2 528 true} {0 [26] 2 528 true} {0 [27] 2 528 true} {0 [28] 2 528 true} {0 [29] 2 528 true} {0 [30] 2 528 true} {0 [6] 9 48 true} {0 [19] 9 48 true} {0 [20] 9 48 true} {0 [21] 9 48 true} {0 [22] 9 48 true} {0 [23] 9 48 true} {0 [24] 9 48 true} {0 [25] 9 48 true} {0 [26] 9 48 true} {0 [27] 9 48 true} {0 [28] 9 48 true} {0 [29] 9 48 true} {0 [30] 9 48 true} {0 [19] 9 48 true} {0 [19] 9 49 false} {0 [19] 9 50 false} {0 [19] 9 51 false} {0 [19] 9 52 false} {0 [19] 9 53 false} {0 [20] 9 48 true} {0 [20] 9 50 false} {0 [20] 9 51 false} {0 [20] 9 52 false} {0 [20] 9 53 false} {0 [20] 9 54 false} {0 [21] 9 48 true} {0 [21] 9 51 false} {0 [21] 9 52 false} {0 [21] 9 53 false} {0 [21] 9 54 false} {0 [21] 9 55 false} {0 [22] 9 48 true} {0 [22] 9 52 false} {0 [22] 9 53 false} {0 [22] 9 54 false} {0 [22] 9 55 false} {0 [22] 9 56 false} {0 [23] 9 48 true} {0 [23] 9 53 false} {0 [23] 9 54 false} {0 [23] 9 55 false} {0 [23] 9 56 false} {0 [23] 9 57 false} {0 [24] 9 48 true} {0 [24] 9 54 false} {0 [24] 9 55 false} {0 [24] 9 56 false} {0 [24] 9 57 false} {0 [24] 9 58 false}]
2026/09/30 21:20:38 Resolving active orders
2026/09/30 21:20:38 combat turn=10 tick=1: 22 u12 (player 0, stamina 3) hits 48 u12 (player 1) for 2.40
2026/09/30 21:20:38 Moving unit 6 Blunt Infantry to zone(1, -1) in space (1, -2) tick=1
2026/09/30 21:20:38 Moving unit 28 Heavy Infantry to zone(-1, 1) in space (1, -3) tick=1
2026/09/30 21:20:38 combat turn=10 tick=1: 19 u12 (player 0, stamina 3) hits 48 u12 (player 1) for 2.40
2026/09/30 21:20:38 Moving unit 27 Heavy Infantry to zone(-1, 1) in space (1, -3) tick=1
2026/09/30 21:20:38 Moving unit 30 Heavy Infantry to zone(-1, 1) in space (1, -3) tick=1
2026/09/30 21:20:38 Moving unit 29 Heavy Infantry to zone(-1, 1) in space (1, -3) tick=1
2026/09/30 21:20:38 combat turn=10 tick=1: 21 u12 (player 0, stamina 3) hits 48 u12 (player 1) for 2.40
2026/09/30 21:20:38 combat turn=10 tick=1: 24 u12 (player 0, stamina 3) hits 48 u12 (player 1) for 2.40
2026/09/30 21:20:38 Moving unit 25 Heavy Infantry to zone(-1, 1) in space (1, -3) tick=1
2026/09/30 21:20:38 Moving unit 26 Heavy Infantry to zone(-1, 1) in space (1, -3) tick=1
2026/09/30 21:20:38 combat turn=10 tick=1: 23 u12 (player 0, stamina 3) hits 48 u12 (player 1) for 2.40
2026/09/30 21:20:38 combat turn=10 tick=1: 20 u12 (player 0, stamina 3) hits 48 u12 (player 1) for 2.40
2026/09/30 21:20:38 combat turn=10 tick=1: 49 u12 (player 1, stamina 3) hits 19 u12 (player 0) for 2.40
2026/09/30 21:20:38 combat turn=10 tick=1: 50 u12 (player 1, stamina 3) hits 19 u12 (player 0) for 2.40
2026/09/30 21:20:38 combat turn=10 tick=1: 54 u12 (player 1, stamina 3) hits 19 u12 (player 0) for 2.40
2026/09/30 21:20:38 Moving unit 31 Blunt Infantry to zone(0, 1) in space (0, -1) tick=1
2026/09/30 21:20:38 combat turn=10 tick=1: 55 u13 (player 1, stamina 3) hits 19 u12 (player 0) for 4.54
2026/09/30 21:20:38 combat turn=10 tick=1: 58 u13 (player 1, stamina 3) hits 19 u12 (player 0) for 4.54
2026/09/30 21:20:38 combat turn=10 tick=1: 57 u13 (player 1, stamina 3) hits 19 u12 (player 0) for 4.54
2026/09/30 21:20:38 combat turn=10 tick=1: 53 u12 (player 1, stamina 3) hits 19 u12 (player 0) for 2.40
2026/09/30 21:20:38 combat turn=10 tick=1: 60 u13 (player 1, stamina 3) hits 19 u12 (player 0) for 4.54
2026/09/30 21:20:38 combat turn=10 tick=1: 48 u12 (player 1, stamina 3) hits 19 u12 (player 0) for 2.40
2026/09/30 21:20:38 combat turn=10 tick=1: 59 u13 (player 1, stamina 3) hits 19 u12 (player 0) for 4.54
2026/09/30 21:20:38 combat turn=10 tick=1: 56 u13 (player 1, stamina 3) hits 19 u12 (player 0) for 4.54
2026/09/30 21:20:38 combat turn=10 tick=1: 51 u12 (player 1, stamina 3) hits 19 u12 (player 0) for 2.40
2026/09/30 21:20:38 combat turn=10 tick=1: 52 u12 (player 1, stamina 3) hits 19 u12 (player 0) for 2.40
2026/09/30 21:20:38 state_hash turn=10 tick=1 hash=d195b21ca4051192
2026/09/30 21:20:38 Moving unit 29 Heavy Infantry to zone(0, 0) in space (1, -3) tick=2
2026/09/30 21:20:38 combat turn=10 tick=2: 21 u12 (player 0, stamina 3) hits 48 u12 (player 1) for 2.40
2026/09/30 21:20:38 combat turn=10 tick=2: 24 u12 (player 0, stamina 3) hits 48 u12 (player 1) for 2.40
2026/09/30 21:20:38 Moving unit 25 Heavy Infantry to zone(0, 0) in space (1, -3) tick=2
2026/09/30 21:20:38 Moving unit 26 Heavy Infantry to zone(0, 0) in space (1, -3) tick=2
2026/09/30 21:20:38 combat turn=10 tick=2: 23 u12 (player 0, stamina 3) hits 48 u12 (player 1) for 2.40
2026/09/30 21:20:38 combat turn=10 tick=2: 20 u12 (player 0, stamina 3) hits 48 u12 (player 1) for 2.40
2026/09/30 21:20:38 combat turn=10 tick=2: 22 u12 (player 0, stamina 3) hits 48 u12 (player 1) for 2.40
2026/09/30 21:20:38 Moving unit 6 Blunt Infantry to zone(-1, 1) in space (2, -3) tick=2
2026/09/30 21:20:38 Moving unit 28 Heavy Infantry to zone(0, 0) in space (1, -3) tick=2
2026/09/30 21:20:38 Moving unit 27 Heavy Infantry to zone(0, 0) in space (1, -3) tick=2
2026/09/30 21:20:38 Moving unit 30 Heavy Infantry to zone(0, 0) in space (1, -3) tick=2
2026/09/30 21:20:38 combat turn=10 tick=2: 53 u12 (player 1, stamina 3) hits 20 u12 (player 0) for 2.40
2026/09/30 21:20:38 combat turn=10 tick=2: 60 u13 (player 1, stamina 3) hits 20 u12 (player 0) for 4.54
2026/09/30 21:20:38 combat turn=10 tick=2: 48 u12 (player 1, stamina 3) hits 20 u12 (player 0) for 2.40
2026/09/30 21:20:38 combat turn=10 tick=2: 59 u13 (player 1, stamina 3) hits 20 u12 (player 0) for 4.54
2026/09/30 21:20:38 combat turn=10 tick=2: 56 u13 (player 1, stamina 3) hits 20 u12 (player 0) for 4.54
2026/09/30 21:20:38 combat turn=10 tick=2: 51 u12 (player 1, stamina 3) hits 20 u12 (player 0) for 2.40
2026/09/30 21:20:38 combat turn=10 tick=2: 52 u12 (player 1, stamina 3) hits 20 u12 (player 0) for 2.40
2026/09/30 21:20:38 combat turn=10 tick=2: 49 u12 (player 1, stamina 3) hits 20 u12 (player 0) for 2.40
2026/09/30 21:20:38 combat turn=10 tick=2: 50 u12 (player 1, stamina 3) hits 20 u12 (player 0) for 2.40
2026/09/30 21:20:38 combat turn=10 tick=2: 54 u12 (player 1, stamina 3) hits 20 u12 (player 0) for 2.40
2026/09/30 21:20:38 Moving unit 31 Blunt Infantry to zone(0, -1) in space (0, 0) tick=2
2026/09/30 21:20:38 combat turn=10 tick=2: 55 u13 (player 1, stamina 3) hits 20 u12 (player 0) for 4.54
2026/09/30 21:20:38 combat turn=10 tick=2: 58 u13 (player 1, stamina 3) hits 20 u12 (player 0) for 4.54
2026/09/30 21:20:38 combat turn=10 tick=2: 57 u13 (player 1, stamina 3) hits 20 u12 (player 0) for 4.54
2026/09/30 21:20:38 state_hash turn=10 tick=2 hash=e03c575305980379
2026/09/30 21:20:38 combat turn=10 tick=3: 22 u12 (player 0, stamina 3) hits 52 u12 (player 1) for 2.40
2026/09/30 21:20:38 combat turn=10 tick=3: 21 u12 (player 0, stamina 3) hits 51 u12 (player 1) for 2.40
2026/09/30 21:20:38 combat turn=10 tick=3: 24 u12 (player 0, stamina 3) hits 54 u12 (player 1) for 2.40
2026/09/30 21:20:38 combat turn=10 tick=3: 23 u12 (player 0, stamina 3) hits 53 u12 (player 1) for 2.40
2026/09/30 21:20:38 combat turn=10 tick=3: 53 u12 (player 1, stamina 3) hits 21 u12 (player 0) for 2.40
2026/09/30 21:20:38 combat turn=10 tick=3: 60 u13 (player 1, stamina 2) hits 21 u12 (player 0) for 3.03
2026/09/30 21:20:38 combat turn=10 tick=3: 59 u13 (player 1, stamina 2) hits 21 u12 (player 0) for 3.03
2026/09/30 21:20:38 combat turn=10 tick=3: 56 u13 (player 1, stamina 2) hits 21 u12 (player 0) for 3.03
2026/09/30 21:20:38 combat turn=10 tick=3: 51 u12 (player 1, stamina 3) hits 21 u12 (player 0) for 2.40
2026/09/30 21:20:38 combat turn=10 tick=3: 52 u12 (player 1, stamina 3) hits 21 u12 (player 0) for 2.40
2026/09/30 21:20:38 combat turn=10 tick=3: 49 u12 (player 1, stamina 3) hits 21 u12 (player 0) for 2.40
2026/09/30 21:20:38 combat turn=10 tick=3: 50 u12 (player 1, stamina 3) hits 21 u12 (player 0) for 2.40
2026/09/30 21:20:38 combat turn=10 tick=3: 54 u12 (player 1, stamina 3) hits 21 u12 (player 0) for 2.40
2026/09/30 21:20:38 Moving unit 31 Blunt Infantry to zone(0, 0) in space (0, 0) tick=3
2026/09/30 21:20:38 combat turn=10 tick=3: 55 u13 (player 1, stamina 2) hits 21 u12 (player 0) for 3.03
2026/09/30 21:20:38 combat turn=10 tick=3: 58 u13 (player 1, stamina 2) hits 21 u12 (player 0) for 3.03
2026/09/30 21:20:38 combat turn=10 tick=3: 57 u13 (player 1, stamina 2) hits 21 u12 (player 0) for 3.03
2026/09/30 21:20:38 state_hash turn=10 tick=3 hash=88a49b35ae909c61
2026/09/30 21:20:38 combat turn=10 tick=4: 24 u12 (player 0, stamina 3) hits 54 u12 (player 1) for 2.40
2026/09/30 21:20:38 combat turn=10 tick=4: 23 u12 (player 0, stamina 3) hits 53 u12 (player 1) for 2.40
2026/09/30 21:20:38 combat turn=10 tick=4: 22 u12 (player 0, stamina 3) hits 52 u12 (player 1) for 2.40
2026/09/30 21:20:38 Moving unit 6 Blunt Infantry to zone(-1, 0) in space (2, -3) tick=4
2026/09/30 21:20:38 combat turn=10 tick=4: 54 u12 (player 1, stamina 3) hits 22 u12 (player 0) for 2.40
2026/09/30 21:20:38 Moving unit 31 Blunt Infantry to zone(0, 1) in space (0, 0) tick=4
2026/09/30 21:20:38 combat turn=10 tick=4: 53 u12 (player 1, stamina 3) hits 22 u12 (player 0) for 2.40
2026/09/30 21:20:38 combat turn=10 tick=4: 51 u12 (player 1, stamina 3) hits 22 u12 (player 0) for 2.40
2026/09/30 21:20:38 combat turn=10 tick=4: 52 u12 (player 1, stamina 3) hits 22 u12 (player 0) for 2.40
2026/09/30 21:20:38 combat turn=10 tick=4: 49 u12 (player 1, stamina 3) hits 22 u12 (player 0) for 2.40
2026/09/30 21:20:38 combat turn=10 tick=4: 50 u12 (player 1, stamina 3) hits 22 u12 (player 0) for 2.40
2026/09/30 21:20:38 state_hash turn=10 tick=4 hash=3744aa1edf3c4877
2026/09/30 21:20:38 combat turn=10 tick=5: 6 u11 (player 0, stamina 3) hits 49 u12 (player 1) for 1.50
2026/09/30 21:20:38 state_hash turn=10 tick=5 hash=ba20cc25ce5eaee8
2026/09/30 21:20:38 combat turn=10 tick=6: 6 u11 (player 0, stamina 3) hits 49 u12 (player 1) for 1.50
2026/09/30 21:20:38 state_hash turn=10 tick=6 hash=862f2c2ccec48e80
2026/09/30 21:20:38 combat turn=10 tick=7: 6 u11 (player 0, stamina 3) hits 49 u12 (player 1) for 1.50
2026/09/30 21:20:38 state_hash turn=10 tick=7 hash=6af612b6ec1818a1
2026/09/30 21:20:38 combat turn=10 tick=8: 6 u11 (player 0, stamina 3) hits 49 u12 (player 1) for 1.50
2026/09/30 21:20:38 state_hash turn=10 tick=8 hash=136d15842bc5d742
2026/09/30 21:20:38 combat turn=10 tick=9: 6 u11 (player 0, stamina 3) hits 49 u12 (player 1) for 1.50
2026/09/30 21:20:38 state_hash turn=10 tick=9 hash=e5c68b04a59b6360
2026/09/30 21:20:38 state_hash turn=10 tick=end hash=9c04530d1d07472c
2026/09/30 21:20:38 ai ai-1: new turn data {"buildings":[],"enemy_buildings":[],"enemy_units":[{"InternalID":6,"UnitID":11,"Type":2,"Kind":1,"Location":{"Space":{"X":2,"Y":-3},"Zone":{"X":-1,"Y":0}},"CurrentStamina":15,"CurrentOrder":null,"Builds":[],"GarrisonedIn":null,"Stance":0,"InterruptCurrent":false,"AttackBack":false,"TargetPriority":"","ActiveOrders":null,"Health":11,"MaxHealth":11},{"InternalID":22,"UnitID":12,"Type":2,"Kind":1,"Location":{"Space":{"X":2,"Y":-3},"Zone":{"X":-1,"Y":0}},"CurrentStamina":12,"CurrentOrder":null,"Builds":[],"GarrisonedIn":null,"Stance":0,"InterruptCurrent":false,"AttackBack":false,"TargetPriority":"","ActiveOrders":null,"Health":1.6,"MaxHealth":16},{"InternalID":23,"UnitID":12,"Type":2,"Kind":1,"Location":{"Space":{"X":2,"Y":-3},"Zone":{"X":-1,"Y":0}},"CurrentStamina":12,"CurrentOrder":null,"Builds":[],"GarrisonedIn":null,"Stance":0,"InterruptCurrent":false,"AttackBack":false,"TargetPriority":"","ActiveOrders":null,"Health":16,"MaxHealth":16},{"InternalID":24,"UnitID":12,"Type":2,"Kind":1,"Location":{"Space":{"X":2,"Y":-3},"Zone":{"X":-1,"Y":0}},"CurrentStamina":12,"CurrentOrder":null,"Builds":[],"GarrisonedIn":null,"Stance":0,"InterruptCurrent":false,"AttackBack":false,"TargetPriority":"","ActiveOrders":null,"Health":16,"MaxHealth":16},{"InternalID":25,"UnitID":13,"Type":2,"Kind":1,"Location":{"Space":{"X":1,"Y":-3},"Zone":{"X":0,"Y":0}},"CurrentStamina":12,"CurrentOrder":null,"Builds":[],"GarrisonedIn":null,"Stance":0,"InterruptCurrent":false,"AttackBack":false,"TargetPriority":"","ActiveOrders":null,"Health":50,"MaxHealth":50},{"InternalID":26,"UnitID":13,"Type":2,"Kind":1,"Location":{"Space":{"X":1,"Y":-3},"Zone":{"X":0,"Y":0}},"CurrentStamina":12,"CurrentOrder":null,"Builds":[],"GarrisonedIn":null,"Stance":0,"InterruptCurrent":false,"AttackBack":false,"TargetPriority":"","ActiveOrders":null,"Health":50,"MaxHealth":50},{"InternalID":27,"UnitID":13,"Type":2,"Kind":1,"Location":{"Space":{"X":1,"Y":-3},"Zone":{"X":0,"Y":0}},"CurrentStamina":12,"CurrentOrder":null,"Builds":[],"GarrisonedIn":null,"Stance":0,"InterruptCurrent":false,"AttackBack":false,"TargetPriority":"","ActiveOrders":null,"Health":50,"MaxHealth":50},{"InternalID":28,"UnitID":13,"Type":2,"Kind":1,"Location":{"Space":{"X":1,"Y":-3},"Zone":{"X":0,"Y":0}},"CurrentStamina":12,"CurrentOrder":null,"Builds":[],"GarrisonedIn":null,"Stance":0,"InterruptCurrent":false,"AttackBack":false,"TargetPriority":"","ActiveOrders":null,"Health":50,"MaxHealth":50},{"InternalID":29,"UnitID":13,"Type":2,"Kind":1,"Location":{"Space":{"X":1,"Y":-3},"Zone":{"X":0,"Y":0}},"CurrentStamina":12,"CurrentOrder":null,"Builds":[],"GarrisonedIn":null,"Stance":0,"InterruptCurrent":false,"AttackBack":false,"TargetPriority":"","ActiveOrders":null,"Health":50,"MaxHealth":50},{"InternalID":30,"UnitID":13,"Type":2,"Kind":1,"Location":{"Space":{"X":1,"Y":-3},"Zone":{"X":0,"Y":0}},"CurrentStamina":12,"CurrentOrder":null,"Builds":[],"GarrisonedIn":null,"Stance":0,"InterruptCurrent":false,"AttackBack":false,"TargetPriority":"","ActiveOrders":null,"Health":50,"MaxHealth":50}],"foundations":[],"population":{"current":13,"limit":0},"resources":{"food":200,"gold":34,"stone":100,"wood":200},"spaces":[{"Space":{"X":0,"Y":-4},"Vision":1,"Owner":-1},{"Space":{"X":1,"Y":-4},"Vision":1,"Owner":-1},{"Space":{"X":2,"Y":-4},"Vision":2,"Owner":-1},{"Space":{"X":3,"Y":-4},"Vision":2,"Owner":-1},{"Space":{"X":4,"Y":-4},"Vision":0,"Owner":-1},{"Space":{"X":-1,"Y":-3},"Vision":1,"Owner":0},{"Space":{"X":0,"Y":-3},"Vision":1,"Owner":-1},{"Space":{"X":1,"Y":-3},"Vision":3,"Owner":0},{"Space":{"X":2,"Y":-3},"Vision":3,"Owner":-1},{"Space":{"X":3,"Y":-3},"Vision":2,"Owner":-1},{"Space":{"X":4,"Y":-3},"Vision":0,"Owner":-1},{"Space":{"X":-2,"Y":-2},"Vision":1,"Owner":-1},{"Space":{"X":-1,"Y":-2},"Vision":1,"Owner":0},{"Space":{"X":0,"Y":-2},"Vision":1,"Owner":-1},{"Space":{"X":1,"Y":-2},"Vision":2,"Owner":-1},{"Space":{"X":2,"Y":-2},"Vision":2,"Owner":-1},{"Space":{"X":3,"Y":-2},"Vision":0,"Owner":-1},{"Space":{"X":4,"Y":-2},"Vision":0,"Owner":-1},{"Space":{"X":-3,"Y":-1},"Vision":1,"Owner":-1},{"Space":{"X":-2,"Y":-1},"Vision":1,"Owner":-1},{"Space":{"X":-1,"Y":-1},"Vision":1,"Owner":-1},{"Space":{"X":0,"Y":-1},"Vision":2,"Owner":-1},{"Space":{"X":1,"Y":-1},"Vision":2,"Owner":-1},{"Space":{"X":2,"Y":-1},"Vision":0,"Owner":-1},{"Space":{"X":3,"Y":-1},"Vision":0,"Owner":-1},{"Space":{"X":4,"Y":-1},"Vision":0,"Owner":-1},{"Space":{"X":-4,"Y":0},"Vision":1,"Owner":-1},{"Space":{"X":-3,"Y":0},"Vision":1,"Owner":-1},{"Space":{"X":-2,"Y":0},"Vision":1,"Owner":-1},{"Space":{"X":-1,"Y":0},"Vision":2,"Owner":-1},{"Space":{"X":0,"Y":0},"Vision":3,"Owner":1},{"Space":{"X":1,"Y":0},"Vision":2,"Owner":-1},{"Space":{"X":2,"Y":0},"Vision":0,"Owner":-1},{"Space":{"X":3,"Y":0},"Vision":0,"Owner":-1},{"Space":{"X":4,"Y":0},"Vision":0,"Owner":-1},{"Space":{"X":-4,"Y":1},"Vision":1,"Owner":-1},{"Space":{"X":-3,"Y":1},"Vision":1,"Owner":-1},{"Space":{"X":-2,"Y":1},"Vision":1,"Owner":-1},{"Space":{"X":-1,"Y":1},"Vision":2,"Owner":-1},{"Space":{"X":0,"Y":1},"Vision":3,"Owner":-1},{"Space":{"X":1,"Y":1},"Vision":0,"Owner":-1},{"Space":{"X":2,"Y":1},"Vision":0,"Owner":-1},{"Space":{"X":3,"Y":1},"Vision":0,"Owner":-1},{"Space":{"X":-4,"Y":2},"Vision":1,"Owner":-1},{"Space":{"X":-3,"Y":2},"Vision":1,"Owner":-1},{"Space":{"X":-2,"Y":2},"Vision":1,"Owner":-1},{"Space":{"X":-1,"Y":2},"Vision":1,"Owner":-1},{"Space":{"X":0,"Y":2},"Vision":0,"Owner":-1},{"Space":{"X":1,"Y":2},"Vision":0,"Owner":-1},{"Space":{"X":2,"Y":2},"Vision":0,"Owner":-1},{"Space":{"X":-4,"Y":3},"Vision":1,"Owner":-1},{"Space":{"X":-3,"Y":3},"Vision":1,"Owner":-1},{"Space":{"X":-2,"Y":3},"Vision":1,"Owner":-1},{"Space":{"X":-1,"Y":3},"Vision":0,"Owner":-1},{"Space":{"X":0,"Y":3},"Vision":0,"Owner":-1},{"Space":{"X":1,"Y":3},"Vision":0,"Owner":-1},{"Space":{"X":-4,"Y":4},"Vision":1,"Owner":-1},{"Space":{"X":-3,"Y":4},"Vision":1,"Owner":-1},{"Space":{"X":-2,"Y":4},"Vision":0,"Owner":-1},{"Space":{"X":-1,"Y":4},"Vision":0,"Owner":-1},{"Space":{"X":0,"Y":4},"Vision":0,"Owner":-1}],"units":[{"InternalID":31,"UnitID":11,"Type":2,"Kind":1,"Location":{"Space":{"X":0,"Y":0},"Zone":{"X":0,"Y":1}},"CurrentStamina":17,"CurrentOrder":{"Kind":0,"TargetZone":{"Space":{"X":0,"Y":1},"Zone":{"X":0,"Y":0}},"TargetSpace":null,"TargetResource":null,"TargetUnit":null,"TargetBuilding":null},"Builds":[],"GarrisonedIn":null,"Stance":3,"InterruptCurrent":false,"AttackBack":true,"TargetPriority":"","ActiveOrders":[{"ID":484,"Kind":0}],"Health":11,"MaxHealth":11},{"InternalID":49,"UnitID":12,"Type":2,"Kind":1,"Location":{"Space":{"X":2,"Y":-3},"Zone":{"X":-1,"Y":0}},"CurrentStamina":12,"CurrentOrder":{"Kind":4,"TargetZone":null,"TargetSpace":{"X":2,"Y":-3},"TargetResource":null,"TargetUnit":null,"TargetBuilding":null},"Builds":[],"GarrisonedIn":null,"Stance":3,"InterruptCurrent":false,"AttackBack":true,"TargetPriority":"","ActiveOrders":[{"ID":268,"Kind":4}],"Health":8.5,"MaxHealth":16},{"InternalID":50,"UnitID":12,"Type":2,"Kind":1,"Location":{"Space":{"X":2,"Y":-3},"Zone":{"X":-1,"Y":0}},"CurrentStamina":12,"CurrentOrder":{"Kind":4,"TargetZone":null,"TargetSpace":{"X":2,"Y":-3},"TargetResource":null,"TargetUnit":null,"TargetBuilding":null},"Builds":[],"GarrisonedIn":null,"Stance":3,"InterruptCurrent":false,"AttackBack":true,"TargetPriority":"","ActiveOrders":[{"ID":269,"Kind":4}],"Health":16,"MaxHealth":16},{"InternalID":51,"UnitID":12,"Type":2,"Kind":1,"Location":{"Space":{"X":2,"Y":-3},"Zone":{"X":-1,"Y":0}},"CurrentStamina":12,"CurrentOrder":{"Kind":4,"TargetZone":null,"TargetSpace":{"X":2,"Y":-3},"TargetResource":null,"TargetUnit":null,"TargetBuilding":null},"Builds":[],"GarrisonedIn":null,"Stance":3,"InterruptCurrent":false,"AttackBack":true,"TargetPriority":"","ActiveOrders":[{"ID":264,"Kind":4}],"Health":13.6,"MaxHealth":16},{"InternalID":52,"UnitID":12,"Type":2,"Kind":1,"Location":{"Space":{"X":2,"Y":-3},"Zone":{"X":-1,"Y":0}},"CurrentStamina":12,"CurrentOrder":{"Kind":4,"TargetZone":null,"TargetSpace":{"X":2,"Y":-3},"TargetResource":null,"TargetUnit":null,"TargetBuilding":null},"Builds":[],"GarrisonedIn":null,"Stance":3,"InterruptCurrent":false,"AttackBack":true,"TargetPriority":"","ActiveOrders":[{"ID":265,"Kind":4}],"Health":11.2,"MaxHealth":16},{"InternalID":53,"UnitID":12,"Type":2,"Kind":1,"Location":{"Space":{"X":2,"Y":-3},"Zone":{"X":-1,"Y":0}},"CurrentStamina":12,"CurrentOrder":{"Kind":4,"TargetZone":null,"TargetSpace":{"X":2,"Y":-3},"TargetResource":null,"TargetUnit":null,"TargetBuilding":null},"Builds":[],"GarrisonedIn":null,"Stance":3,"InterruptCurrent":false,"AttackBack":true,"TargetPriority":"","ActiveOrders":[{"ID":255,"Kind":4}],"Health":11.2,"MaxHealth":16},{"InternalID":54,"UnitID":12,"Type":2,"Kind":1,"Location":{"Space":{"X":2,"Y":-3},"Zone":{"X":-1,"Y":0}},"CurrentStamina":12,"CurrentOrder":{"Kind":4,"TargetZone":null,"TargetSpace":{"X":2,"Y":-3},"TargetResource":null,"TargetUnit":null,"TargetBuilding":null},"Builds":[],"GarrisonedIn":null,"Stance":3,"InterruptCurrent":false,"AttackBack":true,"TargetPriority":"","ActiveOrders":[{"ID":271,"Kind":4}],"Health":11.2,"MaxHealth":16},{"InternalID":55,"UnitID":13,"Type":2,"Kind":1,"Location":{"Space":{"X":2,"Y":-3},"Zone":{"X":-1,"Y":0}},"CurrentStamina":8,"CurrentOrder":{"Kind":4,"TargetZone":null,"TargetSpace":{"X":2,"Y":-3},"TargetResource":null,"TargetUnit":null,"TargetBuilding":null},"Builds":[],"GarrisonedIn":null,"Stance":3,"InterruptCurrent":false,"AttackBack":true,"TargetPriority":"","ActiveOrders":[{"ID":276,"Kind":4}],"Health":48.3333,"MaxHealth":50},{"InternalID":56,"UnitID":13,"Type":2,"Kind":1,"Location":{"Space":{"X":2,"Y":-3},"Zone":{"X":-1,"Y":0}},"CurrentStamina":8,"CurrentOrder":{"Kind":4,"TargetZone":null,"TargetSpace":{"X":2,"Y":-3},"TargetResource":null,"TargetUnit":null,"TargetBuilding":null},"Builds":[],"GarrisonedIn":null,"Stance":3,"InterruptCurrent":false,"AttackBack":true,"TargetPriority":"","ActiveOrders":[{"ID":261,"Kind":4}],"Health":50,"MaxHealth":50},{"InternalID":57,"UnitID":13,"Type":2,"Kind":1,"Location":{"Space":{"X":2,"Y":-3},"Zone":{"X":-1,"Y":0}},"CurrentStamina":8,"CurrentOrder":{"Kind":4,"TargetZone":null,"TargetSpace":{"X":2,"Y":-3},"TargetResource":null,"TargetUnit":null,"TargetBuilding":null},"Builds":[],"GarrisonedIn":null,"Stance":3,"InterruptCurrent":false,"AttackBack":true,"TargetPriority":"","ActiveOrders":[{"ID":249,"Kind":4}],"Health":50,"MaxHealth":50},{"InternalID":58,"UnitID":13,"Type":2,"Kind":1,"Location":{"Space":{"X":2,"Y":-3},"Zone":{"X":-1,"Y":0}},"CurrentStamina":8,"CurrentOrder":{"Kind":4,"TargetZone":null,"TargetSpace":{"X":2,"Y":-3},"TargetResource":null,"TargetUnit":null,"TargetBuilding":null},"Builds":[],"GarrisonedIn":null,"Stance":3,"InterruptCurrent":false,"AttackBack":true,"TargetPriority":"","ActiveOrders":[{"ID":277,"Kind":4}],"Health":50,"MaxHealth":50},{"InternalID":59,"UnitID":13,"Type":2,"Kind":1,"Location":{"Space":{"X":2,"Y":-3},"Zone":{"X":-1,"Y":0}},"CurrentStamina":8,"CurrentOrder":{"Kind":4,"TargetZone":null,"TargetSpace":{"X":2,"Y":-3},"TargetResource":null,"TargetUnit":null,"TargetBuilding":null},"Builds":[],"GarrisonedIn":null,"Stance":3,"InterruptCurrent":false,"AttackBack":true,"TargetPriority":"","ActiveOrders":[{"ID":260,"Kind":4}],"Health":50,"MaxHealth":50},{"InternalID":60,"UnitID":13,"Type":2,"Kind":1,"Location":{"Space":{"X":2,"Y":-3},"Zone":{"X":-1,"Y":0}},"CurrentStamina":8,"CurrentOrder":{"Kind":4,"TargetZone":null,"TargetSpace":{"X":2,"Y":-3},"TargetResource":null,"TargetUnit":null,"TargetBuilding":null},"Builds":[],"GarrisonedIn":null,"Stance":3,"InterruptCurrent":false,"AttackBack":true,"TargetPriority":"","ActiveOrders":[{"ID":256,"Kind":4}],"Health":50,"MaxHealth":50}]}
2026/09/30 21:20:38 ai ai-1: submitting orders []
2026/09/30 21:20:38 ai ai-1: vars {}
2026/09/30 21:20:38 player action: submit-orders 0 2 map[orders:[]]
2026/09/30 21:20:38 Executing submit orders for: 1 []
2026/09/30 21:20:38 ai ai-0: new turn data {"buildings":[],"enemy_buildings":[],"enemy_units":[{"InternalID":49,"UnitID":12,"Type":2,"Kind":1,"Location":{"Space":{"X":2,"Y":-3},"Zone":{"X":-1,"Y":0}},"CurrentStamina":12,"CurrentOrder":null,"Builds":[],"GarrisonedIn":null,"Stance":0,"InterruptCurrent":false,"AttackBack":false,"TargetPriority":"","ActiveOrders":null,"Health":8.5,"MaxHealth":16},{"InternalID":50,"UnitID":12,"Type":2,"Kind":1,"Location":{"Space":{"X":2,"Y":-3},"Zone":{"X":-1,"Y":0}},"CurrentStamina":12,"CurrentOrder":null,"Builds":[],"GarrisonedIn":null,"Stance":0,"InterruptCurrent":false,"AttackBack":false,"TargetPriority":"","ActiveOrders":null,"Health":16,"MaxHealth":16},{"InternalID":51,"UnitID":12,"Type":2,"Kind":1,"Location":{"Space":{"X":2,"Y":-3},"Zone":{"X":-1,"Y":0}},"CurrentStamina":12,"CurrentOrder":null,"Builds":[],"GarrisonedIn":null,"Stance":0,"InterruptCurrent":false,"AttackBack":false,"TargetPriority":"","ActiveOrders":null,"Health":13.6,"MaxHealth":16},{"InternalID":52,"UnitID":12,"Type":2,"Kind":1,"Location":{"Space":{"X":2,"Y":-3},"Zone":{"X":-1,"Y":0}},"CurrentStamina":12,"CurrentOrder":null,"Builds":[],"GarrisonedIn":null,"Stance":0,"InterruptCurrent":false,"AttackBack":false,"TargetPriority":"","ActiveOrders":null,"Health":11.2,"MaxHealth":16},{"InternalID":53,"UnitID":12,"Type":2,"Kind":1,"Location":{"Space":{"X":2,"Y":-3},"Zone":{"X":-1,"Y":0}},"CurrentStamina":12,"CurrentOrder":null,"Builds":[],"GarrisonedIn":null,"Stance":0,"InterruptCurrent":false,"AttackBack":false,"TargetPriority":"","ActiveOrders":null,"Health":11.2,"MaxHealth":16},{"InternalID":54,"UnitID":12,"Type":2,"Kind":1,"Location":{"Space":{"X":2,"Y":-3},"Zone":{"X":-1,"Y":0}},"CurrentStamina":12,"CurrentOrder":null,"Builds":[],"GarrisonedIn":null,"Stance":0,"InterruptCurrent":false,"AttackBack":false,"TargetPriority":"","ActiveOrders":null,"Health":11.2,"MaxHealth":16},{"InternalID":55,"UnitID":13,"Type":2,"Kind":1,"Location":{"Space":{"X":2,"Y":-3},"Zone":{"X":-1,"Y":0}},"CurrentStamina":8,"CurrentOrder":null,"Builds":[],"GarrisonedIn":null,"Stance":0,"InterruptCurrent":false,"AttackBack":false,"TargetPriority":"","ActiveOrders":null,"Health":48.3333,"MaxHealth":50},{"InternalID":56,"UnitID":13,"Type":2,"Kind":1,"Location":{"Space":{"X":2,"Y":-3},"Zone":{"X":-1,"Y":0}},"CurrentStamina":8,"CurrentOrder":null,"Builds":[],"GarrisonedIn":null,"Stance":0,"InterruptCurrent":false,"AttackBack":false,"TargetPriority":"","ActiveOrders":null,"Health":50,"MaxHealth":50},{"InternalID":57,"UnitID":13,"Type":2,"Kind":1,"Location":{"Space":{"X":2,"Y":-3},"Zone":{"X":-1,"Y":0}},"CurrentStamina":8,"CurrentOrder":null,"Builds":[],"GarrisonedIn":null,"Stance":0,"InterruptCurrent":false,"AttackBack":false,"TargetPriority":"","ActiveOrders":null,"Health":50,"MaxHealth":50},{"InternalID":58,"UnitID":13,"Type":2,"Kind":1,"Location":{"Space":{"X":2,"Y":-3},"Zone":{"X":-1,"Y":0}},"CurrentStamina":8,"CurrentOrder":null,"Builds":[],"GarrisonedIn":null,"Stance":0,"InterruptCurrent":false,"AttackBack":false,"TargetPriority":"","ActiveOrders":null,"Health":50,"MaxHealth":50},{"InternalID":59,"UnitID":13,"Type":2,"Kind":1,"Location":{"Space":{"X":2,"Y":-3},"Zone":{"X":-1,"Y":0}},"CurrentStamina":8,"CurrentOrder":null,"Builds":[],"GarrisonedIn":null,"Stance":0,"InterruptCurrent":false,"AttackBack":false,"TargetPriority":"","ActiveOrders":null,"Health":50,"MaxHealth":50},{"InternalID":60,"UnitID":13,"Type":2,"Kind":1,"Location":{"Space":{"X":2,"Y":-3},"Zone":{"X":-1,"Y":0}},"CurrentStamina":8,"CurrentOrder":null,"Builds":[],"GarrisonedIn":null,"Stance":0,"InterruptCurrent":false,"AttackBack":false,"TargetPriority":"","ActiveOrders":null,"Health":50,"MaxHealth":50}],"foundations":[],"population":{"current":10,"limit":0},"resources":{"food":200,"gold":92,"stone":100,"wood":200},"spaces":[{"Space":{"X":0,"Y":-4},"Vision":1,"Owner":-1},{"Space":{"X":1,"Y":-4},"Vision":2,"Owner":-1},{"Space":{"X":2,"Y":-4},"Vision":2,"Owner":-1},{"Space":{"X":3,"Y":-4},"Vision":2,"Owner":-1},{"Space":{"X":4,"Y":-4},"Vision":0,"Owner":-1},{"Space":{"X":-1,"Y":-3},"Vision":1,"Owner":-1},{"Space":{"X":0,"Y":-3},"Vision":2,"Owner":-1},{"Space":{"X":1,"Y":-3},"Vision":3,"Owner":0},{"Space":{"X":2,"Y":-3},"Vision":3,"Owner":-1},{"Space":{"X":3,"Y":-3},"Vision":2,"Owner":-1},{"Space":{"X":4,"Y":-3},"Vision":0,"Owner":-1},{"Space":{"X":-2,"Y":-2},"Vision":1,"Owner":-1},{"Space":{"X":-1,"Y":-2},"Vision":1,"Owner":-1},{"Space":{"X":0,"Y":-2},"Vision":2,"Owner":-1},{"Space":{"X":1,"Y":-2},"Vision":2,"Owner":-1},{"Space":{"X":2,"Y":-2},"Vision":2,"Owner":-1},{"Space":{"X":3,"Y":-2},"Vision":0,"Owner":-1},{"Space":{"X":4,"Y":-2},"Vision":0,"Owner":-1},{"Space":{"X":-3,"Y":-1},"Vision":1,"Owner":-1},{"Space":{"X":-2,"Y":-1},"Vision":1,"Owner":-1},{"Space":{"X":-1,"Y":-1},"Vision":1,"Owner":-1},{"Space":{"X":0,"Y":-1},"Vision":1,"Owner":-1},{"Space":{"X":1,"Y":-1},"Vision":1,"Owner":-1},{"Space":{"X":2,"Y":-1},"Vision":0,"Owner":-1},{"Space":{"X":3,"Y":-1},"Vision":0,"Owner":-1},{"Space":{"X":4,"Y":-1},"Vision":0,"Owner":-1},{"Space":{"X":-4,"Y":0},"Vision":1,"Owner":-1},{"Space":{"X":-3,"Y":0},"Vision":1,"Owner":-1},{"Space":{"X":-2,"Y":0},"Vision":1,"Owner":1},{"Space":{"X":-1,"Y":0},"Vision":1,"Owner":-1},{"Space":{"X":0,"Y":0},"Vision":1,"Owner":-1},{"Space":{"X":1,"Y":0},"Vision":1,"Owner":-1},{"Space":{"X":2,"Y":0},"Vision":1,"Owner":-1},{"Space":{"X":3,"Y":0},"Vision":0,"Owner":-1},{"Space":{"X":4,"Y":0},"Vision":0,"Owner":-1},{"Space":{"X":-4,"Y":1},"Vision":1,"Owner":-1},{"Space":{"X":-3,"Y":1},"Vision":1,"Owner":-1},{"Space":{"X":-2,"Y":1},"Vision":1,"Owner":-1},{"Space":{"X":-1,"Y":1},"Vision":1,"Owner":-1},{"Space":{"X":0,"Y":1},"Vision":1,"Owner":-1},{"Space":{"X":1,"Y":1},"Vision":1,"Owner":-1},{"Space":{"X":2,"Y":1},"Vision":1,"Owner":-1},{"Space":{"X":3,"Y":1},"Vision":0,"Owner":-1},{"Space":{"X":-4,"Y":2},"Vision":1,"Owner":-1},{"Space":{"X":-3,"Y":2},"Vision":1,"Owner":-1},{"Space":{"X":-2,"Y":2},"Vision":1,"Owner":1},{"Space":{"X":-1,"Y":2},"Vision":1,"Owner":-1},{"Space":{"X":0,"Y":2},"Vision":1,"Owner":-1},{"Space":{"X":1,"Y":2},"Vision":1,"Owner":-1},{"Space":{"X":2,"Y":2},"Vision":1,"Owner":-1},{"Space":{"X":-4,"Y":3},"Vision":1,"Owner":-1},{"Space":{"X":-3,"Y":3},"Vision":1,"Owner":-1},{"Space":{"X":-2,"Y":3},"Vision":1,"Owner":-1},{"Space":{"X":-1,"Y":3},"Vision":1,"Owner":-1},{"Space":{"X":0,"Y":3},"Vision":1,"Owner":-1},{"Space":{"X":1,"Y":3},"Vision":1,"Owner":-1},{"Space":{"X":-4,"Y":4},"Vision":1,"Owner":-1},{"Space":{"X":-3,"Y":4},"Vision":1,"Owner":-1},{"Space":{"X":-2,"Y":4},"Vision":1,"Owner":-1},{"Space":{"X":-1,"Y":4},"Vision":1,"Owner":-1},{"Space":{"X":0,"Y":4},"Vision":1,"Owner":-1}],"units":[{"InternalID":6,"UnitID":11,"Type":2,"Kind":1,"Location":{"Space":{"X":2,"Y":-3},"Zone":{"X":-1,"Y":0}},"CurrentStamina":15,"CurrentOrder":{"Kind":4,"TargetZone":null,"TargetSpace":{"X":2,"Y":-3},"TargetResource":null,"TargetUnit":null,"TargetBuilding":null},"Builds":[],"GarrisonedIn":null,"Stance":3,"InterruptCurrent":false,"AttackBack":true,"TargetPriority":"","ActiveOrders":[{"ID":541,"Kind":4}],"Health":11,"MaxHealth":11},{"InternalID":22,"UnitID":12,"Type":2,"Kind":1,"Location":{"Space":{"X":2,"Y":-3},"Zone":{"X":-1,"Y":0}},"CurrentStamina":12,"CurrentOrder":{"Kind":6,"TargetZone":null,"TargetSpace":null,"TargetResource":null,"TargetUnit":{"InternalID":52,"UnitID":12,"Type":2,"Kind":1,"Location":{"Space":{"X":2,"Y":-3},"Zone":{"X":-1,"Y":0}},"CurrentStamina":12,"CurrentOrder":null,"Builds":[],"GarrisonedIn":null,"Stance":0,"InterruptCurrent":false,"AttackBack":false,"TargetPriority":"","ActiveOrders":null,"Health":11.2,"MaxHealth":16},"TargetBuilding":null},"Builds":[],"GarrisonedIn":null,"Stance":3,"InterruptCurrent":false,"AttackBack":true,"TargetPriority":"","ActiveOrders":[{"ID":524,"Kind":6},{"ID":525,"Kind":6},{"ID":526,"Kind":6},{"ID":527,"Kind":6},{"ID":528,"Kind":6}],"Health":1.6,"MaxHealth":16},{"InternalID":23,"UnitID":12,"Type":2,"Kind":1,"Location":{"Space":{"X":2,"Y":-3},"Zone":{"X":-1,"Y":0}},"CurrentStamina":12,"CurrentOrder":{"Kind":6,"TargetZone":null,"TargetSpace":null,"TargetResource":null,"TargetUnit":{"InternalID":53,"UnitID":12,"Type":2,"Kind":1,"Location":{"Space":{"X":2,"Y":-3},"Zone":{"X":-1,"Y":0}},"CurrentStamina":12,"CurrentOrder":null,"Builds":[],"GarrisonedIn":null,"Stance":0,"InterruptCurrent":false,"AttackBack":false,"TargetPriority":"","ActiveOrders":null,"Health":11.2,"MaxHealth":16},"TargetBuilding":null},"Builds":[],"GarrisonedIn":null,"Stance":3,"InterruptCurrent":false,"AttackBack":true,"TargetPriority":"","ActiveOrders":[{"ID":530,"Kind":6},{"ID":531,"Kind":6},{"ID":532,"Kind":6},{"ID":533,"Kind":6},{"ID":534,"Kind":6}],"Health":16,"MaxHealth":16},{"InternalID":24,"UnitID":12,"Type":2,"Kind":1,"Location":{"Space":{"X":2,"Y":-3},"Zone":{"X":-1,"Y":0}},"CurrentStamina":12,"CurrentOrder":{"Kind":6,"TargetZone":null,"TargetSpace":null,"TargetResource":null,"TargetUnit":{"InternalID":54,"UnitID":12,"Type":2,"Kind":1,"Location":{"Space":{"X":2,"Y":-3},"Zone":{"X":-1,"Y":0}},"CurrentStamina":12,"CurrentOrder":null,"Builds":[],"GarrisonedIn":null,"Stance":0,"InterruptCurrent":false,"AttackBack":false,"TargetPriority":"","ActiveOrders":null,"Health":11.2,"MaxHealth":16},"TargetBuilding":null},"Builds":[],"GarrisonedIn":null,"Stance":3,"InterruptCurrent":false,"AttackBack":true,"TargetPriority":"","ActiveOrders":[{"ID":536,"Kind":6},{"ID":537,"Kind":6},{"ID":538,"Kind":6},{"ID":539,"Kind":6},{"ID":540,"Kind":6}],"Health":16,"MaxHealth":16},{"InternalID":25,"UnitID":13,"Type":2,"Kind":1,"Location":{"Space":{"X":1,"Y":-3},"Zone":{"X":0,"Y":0}},"CurrentStamina":12,"CurrentOrder":null,"Builds":[],"GarrisonedIn":null,"Stance":3,"InterruptCurrent":true,"AttackBack":true,"TargetPriority":"","ActiveOrders":null,"Health":50,"MaxHealth":50},{"InternalID":26,"UnitID":13,"Type":2,"Kind":1,"Location":{"Space":{"X":1,"Y":-3},"Zone":{"X":0,"Y":0}},"CurrentStamina":12,"CurrentOrder":null,"Builds":[],"GarrisonedIn":null,"Stance":3,"InterruptCurrent":true,"AttackBack":true,"TargetPriority":"","ActiveOrders":null,"Health":50,"MaxHealth":50},{"InternalID":27,"UnitID":13,"Type":2,"Kind":1,"Location":{"Space":{"X":1,"Y":-3},"Zone":{"X":0,"Y":0}},"CurrentStamina":12,"CurrentOrder":null,"Builds":[],"GarrisonedIn":null,"Stance":3,"InterruptCurrent":true,"AttackBack":true,"TargetPriority":"","ActiveOrders":null,"Health":50,"MaxHealth":50},{"InternalID":28,"UnitID":13,"Type":2,"Kind":1,"Location":{"Space":{"X":1,"Y":-3},"Zone":{"X":0,"Y":0}},"CurrentStamina":12,"CurrentOrder":null,"Builds":[],"GarrisonedIn":null,"Stance":3,"InterruptCurrent":true,"AttackBack":true,"TargetPriority":"","ActiveOrders":null,"Health":50,"MaxHealth":50},{"InternalID":29,"UnitID":13,"Type":2,"Kind":1,"Location":{"Space":{"X":1,"Y":-3},"Zone":{"X":0,"Y":0}},"CurrentStamina":12,"CurrentOrder":null,"Builds":[],"GarrisonedIn":null,"Stance":3,"InterruptCurrent":true,"AttackBack":true,"TargetPriority":"","ActiveOrders":null,"Health":50,"MaxHealth":50},{"InternalID":30,"UnitID":13,"Type":2,"Kind":1,"Location":{"Space":{"X":1,"Y":-3},"Zone":{"X":0,"Y":0}},"CurrentStamina":12,"CurrentOrder":null,"Builds":[],"GarrisonedIn":null,"Stance":3,"InterruptCurrent":true,"AttackBack":true,"TargetPriority":"","ActiveOrders":null,"Health":50,"MaxHealth":50}]}
2026/09/30 21:20:38 ai ai-0: submitting orders [{Subjects:[25] OrderType:2 TargetID:528 ClearPreviousOrders:true} {Subjects:[26] OrderType:2 TargetID:528 ClearPreviousOrders:true} {Subjects:[27] OrderType:2 TargetID:528 ClearPreviousOrders:true} {Subjects:[28] OrderType:2 TargetID:528 ClearPreviousOrders:true} {Subjects:[29] OrderType:2 TargetID:528 ClearPreviousOrders:true} {Subjects:[30] OrderType:2 TargetID:528 ClearPreviousOrders:true} {Subjects:[6] OrderType:9 TargetID:49 ClearPreviousOrders:true} {Subjects:[22] OrderType:9 TargetID:49 ClearPreviousOrders:true} {Subjects:[23] OrderType:9 TargetID:49 ClearPreviousOrders:true} {Subjects:[24] OrderType:9 TargetID:49 ClearPreviousOrders:true} {Subjects:[25] OrderType:9 TargetID:49 ClearPreviousOrders:true} {Subjects:[26] OrderType:9 TargetID:49 ClearPreviousOrders:true} {Subjects:[27] OrderType:9 TargetID:49 ClearPreviousOrders:true} {Subjects:[28] OrderType:9 TargetID:49 ClearPreviousOrders:true} {Subjects:[29] OrderType:9 TargetID:49 ClearPreviousOrders:true} {Subjects:[30] OrderType:9 TargetID:49 ClearPreviousOrders:true} {Subjects:[6] OrderType:9 TargetID:49 ClearPreviousOrders:true} {Subjects:[6] OrderType:9 TargetID:50 ClearPreviousOrders:false} {Subjects:[6] OrderType:9 TargetID:51 ClearPreviousOrders:false} {Subjects:[6] OrderType:9 TargetID:52 ClearPreviousOrders:false} {Subjects:[6] OrderType:9 TargetID:53 ClearPreviousOrders:false} {Subjects:[6] OrderType:9 TargetID:54 ClearPreviousOrders:false} {Subjects:[22] OrderType:9 TargetID:49 ClearPreviousOrders:true} {Subjects:[22] OrderType:9 TargetID:51 ClearPreviousOrders:false} {Subjects:[22] OrderType:9 TargetID:52 ClearPreviousOrders:false} {Subjects:[22] OrderType:9 TargetID:53 ClearPreviousOrders:false} {Subjects:[22] OrderType:9 TargetID:54 ClearPreviousOrders:false} {Subjects:[22] OrderType:9 TargetID:55 ClearPreviousOrders:false} {Subjects:[23] OrderType:9 TargetID:49 ClearPreviousOrders:true} {Subjects:[23] OrderType:9 TargetID:52 ClearPreviousOrders:false} {Subjects:[23] OrderType:9 TargetID:53 ClearPreviousOrders:false} {Subjects:[23] OrderType:9 TargetID:54 ClearPreviousOrders:false} {Subjects:[23] OrderType:9 TargetID:55 ClearPreviousOrders:false} {Subjects:[23] OrderType:9 TargetID:56 ClearPreviousOrders:false} {Subjects:[24] OrderType:9 TargetID:49 ClearPreviousOrders:true} {Subjects:[24] OrderType:9 TargetID:53 ClearPreviousOrders:false} {Subjects:[24] OrderType:9 TargetID:54 ClearPreviousOrders:false} {Subjects:[24] OrderType:9 TargetID:55 ClearPreviousOrders:false} {Subjects:[24] OrderType:9 TargetID:56 ClearPreviousOrders:false} {Subjects:[24] OrderType:9 TargetID:57 ClearPreviousOrders:false}]
2026/09/30 21:20:38 ai ai-0: vars {"B":1,"Hv":6,"Pi":3,"aPowLocal":0,"aThreat":0,"a_engaged":0,"a_odds":1.3,"a_outnumbered":0,"army_target":50,"army_value":1480,"assault":0,"bank_rate":28,"bar_barracks":0.17072129748186085,"bar_redoubt":1.1111111111111112,"barracks":0,"barracks_B":0,"barracks_P":0,"barracks_save":0,"barracks_spend":78.1,"barracks_want":0,"buffer_food":70,"buffer_gold":0,"buffer_stone":0,"buffer_wood":70,"builders":0,"committed":0,"eB":13.799999999999997,"eGrowth":0,"eH":6,"eMil":27.199999999999996,"eP":7.4,"ePow":52.599999999999994,"ePowEst":50.73024879999999,"ePowSeen":50.73024879999999,"eTech":1,"eV":0,"es":28.199999999999996,"farm_want":0,"farm_wood_short":0,"farming":0,"fire_barracks":0,"fire_farm0":0,"fire_farm1":0,"fire_farm2":0,"fire_house":0,"fire_outpost":0,"fire_redoubt":0,"fire_smith":0,"fire_vc":0,"food_need":0,"food_over":0,"food_rate":0,"food_slots":1000,"food_workers":0,"free_room":40,"go":0,"gold_income":2,"gold_need":0,"gold_rate":0,"gold_surplus":92,"guaranteed":0,"guard_home":0,"headroom":-10,"hire_B":4953.846153846154,"hire_P":7784.615384615385,"homePow":0,"house_builders":0,"house_urgency":0,"house_want":0,"income_proj":0,"left":0,"lf_food":0,"lf_gold":0,"lf_stone":0,"lf_wood":0,"lump_food":0,"lump_gold":0,"lump_stone":0,"lump_wood":0,"maturity":0,"mil":10,"myTech":1,"n_barracks":0,"n_redoubts":0,"needB":29.47705582648502,"needP":10.522944173514984,"outpost_want":0,"pikes":0,"planned_food":0,"planned_gold":0,"planned_stone":0,"planned_wood":0,"prod_rate":0,"proj_army":1480,"raid_danger":0,"raid_fails":1,"raid_lost":0,"raid_pause":17,"raid_prev":0,"raid_size":0,"raid_wiped":0,"rate":6,"redoubt_H":0,"redoubt_gold_ok":0.5422222222222222,"redoubt_save":0,"redoubt_spend":30,"redoubt_want":0,"redoubts":0,"rf_food":0,"rf_gold":0,"rf_stone":0,"rf_wood":0,"sB4":1.250357268866552,"sP4":0.446362072748442,"scale_l":0,"scale_r":0,"shareH":0.5085695451549109,"smith_want":0,"smiths":0,"spare":0,"spare_food":0.5,"stone_need":0,"stone_rate":0,"tH":46,"target_spend":400,"tech_food":50,"tech_gold":0,"tech_stone":0,"tech_wood":50,"threat_home":0,"turns_left":-100,"u_barracks":0.17618505423383476,"u_redoubt":0.4746649088112502,"unit_spend":120,"vB":1.0574468085106385,"vH":1.0943262411347519,"vP":0.8173758865248228,"vc_want":0,"vcs":0,"vil_goal":50,"vil_rate":0,"vil_stamina":8,"vil_want":0,"vil_want_last":0,"vil_worth_now":0.6,"vils":0,"w_food":0,"w_gold":0,"w_stone":0,"w_wood":0,"wild_workers":0,"wood_need":0,"wood_rate":0,"workers":0}
2026/09/30 21:20:38 player action: set-unit-behavior 0 1 map[internal_ids:[22 23 24] interrupt_current:true]
2026/09/30 21:20:38 player action: submit-orders 0 1 map[orders:[{0 [25] 2 528 true} {0 [26] 2 528 true} {0 [27] 2 528 true} {0 [28] 2 528 true} {0 [29] 2 528 true} {0 [30] 2 528 true} {0 [6] 9 49 true} {0 [22] 9 49 true} {0 [23] 9 49 true} {0 [24] 9 49 true} {0 [25] 9 49 true} {0 [26] 9 49 true} {0 [27] 9 49 true} {0 [28] 9 49 true} {0 [29] 9 49 true} {0 [30] 9 49 true} {0 [6] 9 49 true} {0 [6] 9 50 false} {0 [6] 9 51 false} {0 [6] 9 52 false} {0 [6] 9 53 false} {0 [6] 9 54 false} {0 [22] 9 49 true} {0 [22] 9 51 false} {0 [22] 9 52 false} {0 [22] 9 53 false} {0 [22] 9 54 false} {0 [22] 9 55 false} {0 [23] 9 49 true} {0 [23] 9 52 false} {0 [23] 9 53 false} {0 [23] 9 54 false} {0 [23] 9 55 false} {0 [23] 9 56 false} {0 [24] 9 49 true} {0 [24] 9 53 false} {0 [24] 9 54 false} {0 [24] 9 55 false} {0 [24] 9 56 false} {0 [24] 9 57 false}]]
2026/09/30 21:20:38 Executing submit orders for: 0 [{0 [25] 2 528 true} {0 [26] 2 528 true} {0 [27] 2 528 true} {0 [28] 2 528 true} {0 [29] 2 528 true} {0 [30] 2 528 true} {0 [6] 9 49 true} {0 [22] 9 49 true} {0 [23] 9 49 true} {0 [24] 9 49 true} {0 [25] 9 49 true} {0 [26] 9 49 true} {0 [27] 9 49 true} {0 [28] 9 49 true} {0 [29] 9 49 true} {0 [30] 9 49 true} {0 [6] 9 49 true} {0 [6] 9 50 false} {0 [6] 9 51 false} {0 [6] 9 52 false} {0 [6] 9 53 false} {0 [6] 9 54 false} {0 [22] 9 49 true} {0 [22] 9 51 false} {0 [22] 9 52 false} {0 [22] 9 53 false} {0 [22] 9 54 false} {0 [22] 9 55 false} {0 [23] 9 49 true} {0 [23] 9 52 false} {0 [23] 9 53 false} {0 [23] 9 54 false} {0 [23] 9 55 false} {0 [23] 9 56 false} {0 [24] 9 49 true} {0 [24] 9 53 false} {0 [24] 9 54 false} {0 [24] 9 55 false} {0 [24] 9 56 false} {0 [24] 9 57 false}]
2026/09/30 21:20:38 Resolving active orders
2026/09/30 21:20:38 Moving unit 27 Heavy Infantry to zone(1, 0) in space (1, -3) tick=1
2026/09/30 21:20:38 Moving unit 30 Heavy Infantry to zone(1, 0) in space (1, -3) tick=1
2026/09/30 21:20:38 Moving unit 29 Heavy Infantry to zone(1, 0) in space (1, -3) tick=1
2026/09/30 21:20:38 combat turn=11 tick=1: 24 u12 (player 0, stamina 3) hits 49 u12 (player 1) for 2.40
2026/09/30 21:20:38 Moving unit 25 Heavy Infantry to zone(1, 0) in space (1, -3) tick=1
2026/09/30 21:20:38 Moving unit 26 Heavy Infantry to zone(1, 0) in space (1, -3) tick=1
2026/09/30 21:20:38 combat turn=11 tick=1: 23 u12 (player 0, stamina 3) hits 49 u12 (player 1) for 2.40
2026/09/30 21:20:38 combat turn=11 tick=1: 22 u12 (player 0, stamina 3) hits 49 u12 (player 1) for 2.40
2026/09/30 21:20:38 combat turn=11 tick=1: 6 u11 (player 0, stamina 3) hits 49 u12 (player 1) for 1.50
2026/09/30 21:20:38 Moving unit 28 Heavy Infantry to zone(1, 0) in space (1, -3) tick=1
2026/09/30 21:20:38 combat turn=11 tick=1: 51 u12 (player 1, stamina 3) hits 6 u11 (player 0) for 2.70
2026/09/30 21:20:38 combat turn=11 tick=1: 52 u12 (player 1, stamina 3) hits 6 u11 (player 0) for 2.70
2026/09/30 21:20:38 combat turn=11 tick=1: 49 u12 (player 1, stamina 3) hits 6 u11 (player 0) for 2.70
2026/09/30 21:20:38 combat turn=11 tick=1: 50 u12 (player 1, stamina 3) hits 6 u11 (player 0) for 2.70
2026/09/30 21:20:38 combat turn=11 tick=1: 54 u12 (player 1, stamina 3) hits 6 u11 (player 0) for 2.70
2026/09/30 21:20:38 Moving unit 31 Blunt Infantry to zone(0, -1) in space (0, 1) tick=1
2026/09/30 21:20:38 combat turn=11 tick=1: 55 u13 (player 1, stamina 3) hits 6 u11 (player 0) for 5.12
2026/09/30 21:20:38 combat turn=11 tick=1: 58 u13 (player 1, stamina 3) hits 6 u11 (player 0) for 5.12
2026/09/30 21:20:38 combat turn=11 tick=1: 57 u13 (player 1, stamina 3) hits 6 u11 (player 0) for 5.12
2026/09/30 21:20:38 combat turn=11 tick=1: 53 u12 (player 1, stamina 3) hits 6 u11 (player 0) for 2.70
2026/09/30 21:20:38 combat turn=11 tick=1: 60 u13 (player 1, stamina 3) hits 6 u11 (player 0) for 5.12
2026/09/30 21:20:38 combat turn=11 tick=1: 59 u13 (player 1, stamina 3) hits 6 u11 (player 0) for 5.12
2026/09/30 21:20:38 combat turn=11 tick=1: 56 u13 (player 1, stamina 3) hits 6 u11 (player 0) for 5.12
2026/09/30 21:20:38 state_hash turn=11 tick=1 hash=bc5edd4c4e918a62
2026/09/30 21:20:38 combat turn=11 tick=2: 24 u12 (player 0, stamina 3) hits 50 u12 (player 1) for 2.40
2026/09/30 21:20:38 combat turn=11 tick=2: 23 u12 (player 0, stamina 3) hits 50 u12 (player 1) for 2.40
2026/09/30 21:20:38 combat turn=11 tick=2: 22 u12 (player 0, stamina 3) hits 50 u12 (player 1) for 2.40
2026/09/30 21:20:38 combat turn=11 tick=2: 50 u12 (player 1, stamina 3) hits 22 u12 (player 0) for 2.40
2026/09/30 21:20:38 combat turn=11 tick=2: 54 u12 (player 1, stamina 3) hits 22 u12 (player 0) for 2.40
2026/09/30 21:20:38 Moving unit 31 Blunt Infantry to zone(0, 0) in space (0, 1) tick=2
2026/09/30 21:20:38 combat turn=11 tick=2: 55 u13 (player 1, stamina 3) hits 22 u12 (player 0) for 4.54
2026/09/30 21:20:38 combat turn=11 tick=2: 58 u13 (player 1, stamina 3) hits 22 u12 (player 0) for 4.54
2026/09/30 21:20:38 combat turn=11 tick=2: 57 u13 (player 1, stamina 3) hits 22 u12 (player 0) for 4.54
2026/09/30 21:20:38 combat turn=11 tick=2: 53 u12 (player 1, stamina 3) hits 22 u12 (player 0) for 2.40
2026/09/30 21:20:38 combat turn=11 tick=2: 60 u13 (player 1, stamina 3) hits 22 u12 (player 0) for 4.54
2026/09/30 21:20:38 combat turn=11 tick=2: 59 u13 (player 1, stamina 3) hits 22 u12 (player 0) for 4.54
2026/09/30 21:20:38 combat turn=11 tick=2: 56 u13 (player 1, stamina 3) hits 22 u12 (player 0) for 4.54
2026/09/30 21:20:38 combat turn=11 tick=2: 51 u12 (player 1, stamina 3) hits 22 u12 (player 0) for 2.40
2026/09/30 21:20:38 combat turn=11 tick=2: 52 u12 (player 1, stamina 3) hits 22 u12 (player 0) for 2.40
2026/09/30 21:20:38 state_hash turn=11 tick=2 hash=45381531fb84c765
2026/09/30 21:20:38 combat turn=11 tick=3: 24 u12 (player 0, stamina 3) hits 50 u12 (player 1) for 2.40
2026/09/30 21:20:38 combat turn=11 tick=3: 23 u12 (player 0, stamina 3) hits 50 u12 (player 1) for 2.40
2026/09/30 21:20:38 combat turn=11 tick=3: 54 u12 (player 1, stamina 3) hits 23 u12 (player 0) for 2.40
2026/09/30 21:20:38 combat turn=11 tick=3: 55 u13 (player 1, stamina 2) hits 23 u12 (player 0) for 3.03
2026/09/30 21:20:38 combat turn=11 tick=3: 58 u13 (player 1, stamina 2) hits 23 u12 (player 0) for 3.03
2026/09/30 21:20:38 combat turn=11 tick=3: 57 u13 (player 1, stamina 2) hits 23 u12 (player 0) for 3.03
2026/09/30 21:20:38 combat turn=11 tick=3: 53 u12 (player 1, stamina 3) hits 23 u12 (player 0) for 2.40
2026/09/30 21:20:38 combat turn=11 tick=3: 60 u13 (player 1, stamina 2) hits 23 u12 (player 0) for 3.03
2026/09/30 21:20:38 combat turn=11 tick=3: 59 u13 (player 1, stamina 2) hits 23 u12 (player 0) for 3.03
2026/09/30 21:20:38 combat turn=11 tick=3: 56 u13 (player 1, stamina 2) hits 23 u12 (player 0) for 3.03
2026/09/30 21:20:38 combat turn=11 tick=3: 51 u12 (player 1, stamina 3) hits 23 u12 (player 0) for 2.40
2026/09/30 21:20:38 combat turn=11 tick=3: 52 u12 (player 1, stamina 3) hits 23 u12 (player 0) for 2.40
2026/09/30 21:20:38 combat turn=11 tick=3: 50 u12 (player 1, stamina 3) hits 23 u12 (player 0) for 2.40
2026/09/30 21:20:38 state_hash turn=11 tick=3 hash=b873b0f70cdfd2a3
2026/09/30 21:20:38 combat turn=11 tick=4: 24 u12 (player 0, stamina 3) hits 50 u12 (player 1) for 2.40
2026/09/30 21:20:38 combat turn=11 tick=4: 53 u12 (player 1, stamina 3) hits 24 u12 (player 0) for 2.40
2026/09/30 21:20:38 combat turn=11 tick=4: 51 u12 (player 1, stamina 3) hits 24 u12 (player 0) for 2.40
2026/09/30 21:20:38 combat turn=11 tick=4: 52 u12 (player 1, stamina 3) hits 24 u12 (player 0) for 2.40
2026/09/30 21:20:38 combat turn=11 tick=4: 50 u12 (player 1, stamina 3) hits 24 u12 (player 0) for 2.40
2026/09/30 21:20:38 combat turn=11 tick=4: 54 u12 (player 1, stamina 3) hits 24 u12 (player 0) for 2.40
2026/09/30 21:20:38 state_hash turn=11 tick=4 hash=1537cd0ec92b6144
2026/09/30 21:20:38 state_hash turn=11 tick=end hash=7d2ced7ea8be2685
2026/09/30 21:20:38 ai ai-0: new turn data {"buildings":[],"enemy_buildings":[],"enemy_units":[{"InternalID":50,"UnitID":12,"Type":2,"Kind":1,"Location":{"Space":{"X":2,"Y":-3},"Zone":{"X":-1,"Y":0}},"CurrentStamina":12,"CurrentOrder":null,"Builds":[],"GarrisonedIn":null,"Stance":0,"InterruptCurrent":false,"AttackBack":false,"TargetPriority":"","ActiveOrders":null,"Health":1.6,"MaxHealth":16},{"InternalID":51,"UnitID":12,"Type":2,"Kind":1,"Location":{"Space":{"X":2,"Y":-3},"Zone":{"X":-1,"Y":0}},"CurrentStamina":12,"CurrentOrder":null,"Builds":[],"GarrisonedIn":null,"Stance":0,"InterruptCurrent":false,"AttackBack":false,"TargetPriority":"","ActiveOrders":null,"Health":13.6,"MaxHealth":16},{"InternalID":52,"UnitID":12,"Type":2,"Kind":1,"Location":{"Space":{"X":2,"Y":-3},"Zone":{"X":-1,"Y":0}},"CurrentStamina":12,"CurrentOrder":null,"Builds":[],"GarrisonedIn":null,"Stance":0,"InterruptCurrent":false,"AttackBack":false,"TargetPriority":"","ActiveOrders":null,"Health":11.2,"MaxHealth":16},{"InternalID":53,"UnitID":12,"Type":2,"Kind":1,"Location":{"Space":{"X":2,"Y":-3},"Zone":{"X":-1,"Y":0}},"CurrentStamina":12,"CurrentOrder":null,"Builds":[],"GarrisonedIn":null,"Stance":0,"InterruptCurrent":false,"AttackBack":false,"TargetPriority":"","ActiveOrders":null,"Health":11.2,"MaxHealth":16},{"InternalID":54,"UnitID":12,"Type":2,"Kind":1,"Location":{"Space":{"X":2,"Y":-3},"Zone":{"X":-1,"Y":0}},"CurrentStamina":12,"CurrentOrder":null,"Builds":[],"GarrisonedIn":null,"Stance":0,"InterruptCurrent":false,"AttackBack":false,"TargetPriority":"","ActiveOrders":null,"Health":11.2,"MaxHealth":16},{"InternalID":55,"UnitID":13,"Type":2,"Kind":1,"Location":{"Space":{"X":2,"Y":-3},"Zone":{"X":-1,"Y":0}},"CurrentStamina":8,"CurrentOrder":null,"Builds":[],"GarrisonedIn":null,"Stance":0,"InterruptCurrent":false,"AttackBack":false,"TargetPriority":"","ActiveOrders":null,"Health":48.3333,"MaxHealth":50},{"InternalID":56,"UnitID":13,"Type":2,"Kind":1,"Location":{"Space":{"X":2,"Y":-3},"Zone":{"X":-1,"Y":0}},"CurrentStamina":8,"CurrentOrder":null,"Builds":[],"GarrisonedIn":null,"Stance":0,"InterruptCurrent":false,"AttackBack":false,"TargetPriority":"","ActiveOrders":null,"Health":50,"MaxHealth":50},{"InternalID":57,"UnitID":13,"Type":2,"Kind":1,"Location":{"Space":{"X":2,"Y":-3},"Zone":{"X":-1,"Y":0}},"CurrentStamina":8,"CurrentOrder":null,"Builds":[],"GarrisonedIn":null,"Stance":0,"InterruptCurrent":false,"AttackBack":false,"TargetPriority":"","ActiveOrders":null,"Health":50,"MaxHealth":50},{"InternalID":58,"UnitID":13,"Type":2,"Kind":1,"Location":{"Space":{"X":2,"Y":-3},"Zone":{"X":-1,"Y":0}},"CurrentStamina":8,"CurrentOrder":null,"Builds":[],"GarrisonedIn":null,"Stance":0,"InterruptCurrent":false,"AttackBack":false,"TargetPriority":"","ActiveOrders":null,"Health":50,"MaxHealth":50},{"InternalID":59,"UnitID":13,"Type":2,"Kind":1,"Location":{"Space":{"X":2,"Y":-3},"Zone":{"X":-1,"Y":0}},"CurrentStamina":8,"CurrentOrder":null,"Builds":[],"GarrisonedIn":null,"Stance":0,"InterruptCurrent":false,"AttackBack":false,"TargetPriority":"","ActiveOrders":null,"Health":50,"MaxHealth":50},{"InternalID":60,"UnitID":13,"Type":2,"Kind":1,"Location":{"Space":{"X":2,"Y":-3},"Zone":{"X":-1,"Y":0}},"CurrentStamina":8,"CurrentOrder":null,"Builds":[],"GarrisonedIn":null,"Stance":0,"InterruptCurrent":false,"AttackBack":false,"TargetPriority":"","ActiveOrders":null,"Health":50,"MaxHealth":50}],"foundations":[],"population":{"current":7,"limit":0},"resources":{"food":200,"gold":94,"stone":100,"wood":200},"spaces":[{"Space":{"X":0,"Y":-4},"Vision":1,"Owner":-1},{"Space":{"X":1,"Y":-4},"Vision":2,"Owner":-1},{"Space":{"X":2,"Y":-4},"Vision":2,"Owner":-1},{"Space":{"X":3,"Y":-4},"Vision":2,"Owner":-1},{"Space":{"X":4,"Y":-4},"Vision":0,"Owner":-1},{"Space":{"X":-1,"Y":-3},"Vision":1,"Owner":-1},{"Space":{"X":0,"Y":-3},"Vision":2,"Owner":-1},{"Space":{"X":1,"Y":-3},"Vision":3,"Owner":0},{"Space":{"X":2,"Y":-3},"Vision":3,"Owner":-1},{"Space":{"X":3,"Y":-3},"Vision":2,"Owner":-1},{"Space":{"X":4,"Y":-3},"Vision":0,"Owner":-1},{"Space":{"X":-2,"Y":-2},"Vision":1,"Owner":-1},{"Space":{"X":-1,"Y":-2},"Vision":1,"Owner":-1},{"Space":{"X":0,"Y":-2},"Vision":2,"Owner":-1},{"Space":{"X":1,"Y":-2},"Vision":2,"Owner":-1},{"Space":{"X":2,"Y":-2},"Vision":2,"Owner":-1},{"Space":{"X":3,"Y":-2},"Vision":0,"Owner":-1},{"Space":{"X":4,"Y":-2},"Vision":0,"Owner":-1},{"Space":{"X":-3,"Y":-1},"Vision":1,"Owner":-1},{"Space":{"X":-2,"Y":-1},"Vision":1,"Owner":-1},{"Space":{"X":-1,"Y":-1},"Vision":1,"Owner":-1},{"Space":{"X":0,"Y":-1},"Vision":1,"Owner":-1},{"Space":{"X":1,"Y":-1},"Vision":1,"Owner":-1},{"Space":{"X":2,"Y":-1},"Vision":0,"Owner":-1},{"Space":{"X":3,"Y":-1},"Vision":0,"Owner":-1},{"Space":{"X":4,"Y":-1},"Vision":0,"Owner":-1},{"Space":{"X":-4,"Y":0},"Vision":1,"Owner":-1},{"Space":{"X":-3,"Y":0},"Vision":1,"Owner":-1},{"Space":{"X":-2,"Y":0},"Vision":1,"Owner":1},{"Space":{"X":-1,"Y":0},"Vision":1,"Owner":-1},{"Space":{"X":0,"Y":0},"Vision":1,"Owner":-1},{"Space":{"X":1,"Y":0},"Vision":1,"Owner":-1},{"Space":{"X":2,"Y":0},"Vision":1,"Owner":-1},{"Space":{"X":3,"Y":0},"Vision":0,"Owner":-1},{"Space":{"X":4,"Y":0},"Vision":0,"Owner":-1},{"Space":{"X":-4,"Y":1},"Vision":1,"Owner":-1},{"Space":{"X":-3,"Y":1},"Vision":1,"Owner":-1},{"Space":{"X":-2,"Y":1},"Vision":1,"Owner":-1},{"Space":{"X":-1,"Y":1},"Vision":1,"Owner":-1},{"Space":{"X":0,"Y":1},"Vision":1,"Owner":-1},{"Space":{"X":1,"Y":1},"Vision":1,"Owner":-1},{"Space":{"X":2,"Y":1},"Vision":1,"Owner":-1},{"Space":{"X":3,"Y":1},"Vision":0,"Owner":-1},{"Space":{"X":-4,"Y":2},"Vision":1,"Owner":-1},{"Space":{"X":-3,"Y":2},"Vision":1,"Owner":-1},{"Space":{"X":-2,"Y":2},"Vision":1,"Owner":1},{"Space":{"X":-1,"Y":2},"Vision":1,"Owner":-1},{"Space":{"X":0,"Y":2},"Vision":1,"Owner":-1},{"Space":{"X":1,"Y":2},"Vision":1,"Owner":-1},{"Space":{"X":2,"Y":2},"Vision":1,"Owner":-1},{"Space":{"X":-4,"Y":3},"Vision":1,"Owner":-1},{"Space":{"X":-3,"Y":3},"Vision":1,"Owner":-1},{"Space":{"X":-2,"Y":3},"Vision":1,"Owner":-1},{"Space":{"X":-1,"Y":3},"Vision":1,"Owner":-1},{"Space":{"X":0,"Y":3},"Vision":1,"Owner":-1},{"Space":{"X":1,"Y":3},"Vision":1,"Owner":-1},{"Space":{"X":-4,"Y":4},"Vision":1,"Owner":-1},{"Space":{"X":-3,"Y":4},"Vision":1,"Owner":-1},{"Space":{"X":-2,"Y":4},"Vision":1,"Owner":-1},{"Space":{"X":-1,"Y":4},"Vision":1,"Owner":-1},{"Space":{"X":0,"Y":4},"Vision":1,"Owner":-1}],"units":[{"InternalID":24,"UnitID":12,"Type":2,"Kind":1,"Location":{"Space":{"X":2,"Y":-3},"Zone":{"X":-1,"Y":0}},"CurrentStamina":12,"CurrentOrder":{"Kind":6,"TargetZone":null,"TargetSpace":null,"TargetResource":null,"TargetUnit":null,"TargetBuilding":null},"Builds":[],"GarrisonedIn":null,"Stance":3,"InterruptCurrent":true,"AttackBack":true,"TargetPriority":"","ActiveOrders":[{"ID":585,"Kind":6}],"Health":4,"MaxHealth":16},{"InternalID":25,"UnitID":13,"Type":2,"Kind":1,"Location":{"Space":{"X":1,"Y":-3},"Zone":{"X":1,"Y":0}},"CurrentStamina":12,"CurrentOrder":null,"Builds":[],"GarrisonedIn":null,"Stance":3,"InterruptCurrent":true,"AttackBack":true,"TargetPriority":"","ActiveOrders":null,"Health":50,"MaxHealth":50},{"InternalID":26,"UnitID":13,"Type":2,"Kind":1,"Location":{"Space":{"X":1,"Y":-3},"Zone":{"X":1,"Y":0}},"CurrentStamina":12,"CurrentOrder":null,"Builds":[],"GarrisonedIn":null,"Stance":3,"InterruptCurrent":true,"AttackBack":true,"TargetPriority":"","ActiveOrders":null,"Health":50,"MaxHealth":50},{"InternalID":27,"UnitID":13,"Type":2,"Kind":1,"Location":{"Space":{"X":1,"Y":-3},"Zone":{"X":1,"Y":0}},"CurrentStamina":12,"CurrentOrder":null,"Builds":[],"GarrisonedIn":null,"Stance":3,"InterruptCurrent":true,"AttackBack":true,"TargetPriority":"","ActiveOrders":null,"Health":50,"MaxHealth":50},{"InternalID":28,"UnitID":13,"Type":2,"Kind":1,"Location":{"Space":{"X":1,"Y":-3},"Zone":{"X":1,"Y":0}},"CurrentStamina":12,"CurrentOrder":null,"Builds":[],"GarrisonedIn":null,"Stance":3,"InterruptCurrent":true,"AttackBack":true,"TargetPriority":"","ActiveOrders":null,"Health":50,"MaxHealth":50},{"InternalID":29,"UnitID":13,"Type":2,"Kind":1,"Location":{"Space":{"X":1,"Y":-3},"Zone":{"X":1,"Y":0}},"CurrentStamina":12,"CurrentOrder":null,"Builds":[],"GarrisonedIn":null,"Stance":3,"InterruptCurrent":true,"AttackBack":true,"TargetPriority":"","ActiveOrders":null,"Health":50,"MaxHealth":50},{"InternalID":30,"UnitID":13,"Type":2,"Kind":1,"Location":{"Space":{"X":1,"Y":-3},"Zone":{"X":1,"Y":0}},"CurrentStamina":12,"CurrentOrder":null,"Builds":[],"GarrisonedIn":null,"Stance":3,"InterruptCurrent":true,"AttackBack":true,"TargetPriority":"","ActiveOrders":null,"Health":50,"MaxHealth":50}]}
2026/09/30 21:20:38 ai ai-1: new turn data {"buildings":[],"enemy_buildings":[],"enemy_units":[{"InternalID":24,"UnitID":12,"Type":2,"Kind":1,"Location":{"Space":{"X":2,"Y":-3},"Zone":{"X":-1,"Y":0}},"CurrentStamina":12,"CurrentOrder":null,"Builds":[],"GarrisonedIn":null,"Stance":0,"InterruptCurrent":false,"AttackBack":false,"TargetPriority":"","ActiveOrders":null,"Health":4,"MaxHealth":16},{"InternalID":25,"UnitID":13,"Type":2,"Kind":1,"Location":{"Space":{"X":1,"Y":-3},"Zone":{"X":1,"Y":0}},"CurrentStamina":12,"CurrentOrder":null,"Builds":[],"GarrisonedIn":null,"Stance":0,"InterruptCurrent":false,"AttackBack":false,"TargetPriority":"","ActiveOrders":null,"Health":50,"MaxHealth":50},{"InternalID":26,"UnitID":13,"Type":2,"Kind":1,"Location":{"Space":{"X":1,"Y":-3},"Zone":{"X":1,"Y":0}},"CurrentStamina":12,"CurrentOrder":null,"Builds":[],"GarrisonedIn":null,"Stance":0,"InterruptCurrent":false,"AttackBack":false,"TargetPriority":"","ActiveOrders":null,"Health":50,"MaxHealth":50},{"InternalID":27,"UnitID":13,"Type":2,"Kind":1,"Location":{"Space":{"X":1,"Y":-3},"Zone":{"X":1,"Y":0}},"CurrentStamina":12,"CurrentOrder":null,"Builds":[],"GarrisonedIn":null,"Stance":0,"InterruptCurrent":false,"AttackBack":false,"TargetPriority":"","ActiveOrders":null,"Health":50,"MaxHealth":50},{"InternalID":28,"UnitID":13,"Type":2,"Kind":1,"Location":{"Space":{"X":1,"Y":-3},"Zone":{"X":1,"Y":0}},"CurrentStamina":12,"CurrentOrder":null,"Builds":[],"GarrisonedIn":null,"Stance":0,"InterruptCurrent":false,"AttackBack":false,"TargetPriority":"","ActiveOrders":null,"Health":50,"MaxHealth":50},{"InternalID":29,"UnitID":13,"Type":2,"Kind":1,"Location":{"Space":{"X":1,"Y":-3},"Zone":{"X":1,"Y":0}},"CurrentStamina":12,"CurrentOrder":null,"Builds":[],"GarrisonedIn":null,"Stance":0,"InterruptCurrent":false,"AttackBack":false,"TargetPriority":"","ActiveOrders":null,"Health":50,"MaxHealth":50},{"InternalID":30,"UnitID":13,"Type":2,"Kind":1,"Location":{"Space":{"X":1,"Y":-3},"Zone":{"X":1,"Y":0}},"CurrentStamina":12,"CurrentOrder":null,"Builds":[],"GarrisonedIn":null,"Stance":0,"InterruptCurrent":false,"AttackBack":false,"TargetPriority":"","ActiveOrders":null,"Health":50,"MaxHealth":50}],"foundations":[],"population":{"current":12,"limit":0},"resources":{"food":200,"gold":36,"stone":100,"wood":200},"spaces":[{"Space":{"X":0,"Y":-4},"Vision":1,"Owner":-1},{"Space":{"X":1,"Y":-4},"Vision":1,"Owner":-1},{"Space":{"X":2,"Y":-4},"Vision":2,"Owner":-1},{"Space":{"X":3,"Y":-4},"Vision":2,"Owner":-1},{"Space":{"X":4,"Y":-4},"Vision":0,"Owner":-1},{"Space":{"X":-1,"Y":-3},"Vision":1,"Owner":0},{"Space":{"X":0,"Y":-3},"Vision":1,"Owner":-1},{"Space":{"X":1,"Y":-3},"Vision":3,"Owner":0},{"Space":{"X":2,"Y":-3},"Vision":3,"Owner":-1},{"Space":{"X":3,"Y":-3},"Vision":2,"Owner":-1},{"Space":{"X":4,"Y":-3},"Vision":0,"Owner":-1},{"Space":{"X":-2,"Y":-2},"Vision":1,"Owner":-1},{"Space":{"X":-1,"Y":-2},"Vision":1,"Owner":0},{"Space":{"X":0,"Y":-2},"Vision":1,"Owner":-1},{"Space":{"X":1,"Y":-2},"Vision":2,"Owner":-1},{"Space":{"X":2,"Y":-2},"Vision":2,"Owner":-1},{"Space":{"X":3,"Y":-2},"Vision":0,"Owner":-1},{"Space":{"X":4,"Y":-2},"Vision":0,"Owner":-1},{"Space":{"X":-3,"Y":-1},"Vision":1,"Owner":-1},{"Space":{"X":-2,"Y":-1},"Vision":1,"Owner":-1},{"Space":{"X":-1,"Y":-1},"Vision":1,"Owner":-1},{"Space":{"X":0,"Y":-1},"Vision":1,"Owner":-1},{"Space":{"X":1,"Y":-1},"Vision":1,"Owner":-1},{"Space":{"X":2,"Y":-1},"Vision":0,"Owner":-1},{"Space":{"X":3,"Y":-1},"Vision":0,"Owner":-1},{"Space":{"X":4,"Y":-1},"Vision":0,"Owner":-1},{"Space":{"X":-4,"Y":0},"Vision":1,"Owner":-1},{"Space":{"X":-3,"Y":0},"Vision":1,"Owner":-1},{"Space":{"X":-2,"Y":0},"Vision":1,"Owner":-1},{"Space":{"X":-1,"Y":0},"Vision":1,"Owner":-1},{"Space":{"X":0,"Y":0},"Vision":2,"Owner":-1},{"Space":{"X":1,"Y":0},"Vision":2,"Owner":-1},{"Space":{"X":2,"Y":0},"Vision":0,"Owner":-1},{"Space":{"X":3,"Y":0},"Vision":0,"Owner":-1},{"Space":{"X":4,"Y":0},"Vision":0,"Owner":-1},{"Space":{"X":-4,"Y":1},"Vision":1,"Owner":-1},{"Space":{"X":-3,"Y":1},"Vision":1,"Owner":-1},{"Space":{"X":-2,"Y":1},"Vision":1,"Owner":-1},{"Space":{"X":-1,"Y":1},"Vision":2,"Owner":-1},{"Space":{"X":0,"Y":1},"Vision":3,"Owner":1},{"Space":{"X":1,"Y":1},"Vision":2,"Owner":-1},{"Space":{"X":2,"Y":1},"Vision":0,"Owner":-1},{"Space":{"X":3,"Y":1},"Vision":0,"Owner":-1},{"Space":{"X":-4,"Y":2},"Vision":1,"Owner":-1},{"Space":{"X":-3,"Y":2},"Vision":1,"Owner":-1},{"Space":{"X":-2,"Y":2},"Vision":1,"Owner":-1},{"Space":{"X":-1,"Y":2},"Vision":2,"Owner":-1},{"Space":{"X":0,"Y":2},"Vision":2,"Owner":-1},{"Space":{"X":1,"Y":2},"Vision":0,"Owner":-1},{"Space":{"X":2,"Y":2},"Vision":0,"Owner":-1},{"Space":{"X":-4,"Y":3},"Vision":1,"Owner":-1},{"Space":{"X":-3,"Y":3},"Vision":1,"Owner":-1},{"Space":{"X":-2,"Y":3},"Vision":1,"Owner":-1},{"Space":{"X":-1,"Y":3},"Vision":0,"Owner":-1},{"Space":{"X":0,"Y":3},"Vision":0,"Owner":-1},{"Space":{"X":1,"Y":3},"Vision":0,"Owner":-1},{"Space":{"X":-4,"Y":4},"Vision":1,"Owner":-1},{"Space":{"X":-3,"Y":4},"Vision":1,"Owner":-1},{"Space":{"X":-2,"Y":4},"Vision":0,"Owner":-1},{"Space":{"X":-1,"Y":4},"Vision":0,"Owner":-1},{"Space":{"X":0,"Y":4},"Vision":0,"Owner":-1}],"units":[{"InternalID":31,"UnitID":11,"Type":2,"Kind":1,"Location":{"Space":{"X":0,"Y":1},"Zone":{"X":0,"Y":0}},"CurrentStamina":23,"CurrentOrder":null,"Builds":[],"GarrisonedIn":null,"Stance":3,"InterruptCurrent":false,"AttackBack":true,"TargetPriority":"","ActiveOrders":null,"Health":11,"MaxHealth":11},{"InternalID":50,"UnitID":12,"Type":2,"Kind":1,"Location":{"Space":{"X":2,"Y":-3},"Zone":{"X":-1,"Y":0}},"CurrentStamina":12,"CurrentOrder":{"Kind":4,"TargetZone":null,"TargetSpace":{"X":2,"Y":-3},"TargetResource":null,"TargetUnit":null,"TargetBuilding":null},"Builds":[],"GarrisonedIn":null,"Stance":3,"InterruptCurrent":false,"AttackBack":true,"TargetPriority":"","ActiveOrders":[{"ID":269,"Kind":4}],"Health":1.6,"MaxHealth":16},{"InternalID":51,"UnitID":12,"Type":2,"Kind":1,"Location":{"Space":{"X":2,"Y":-3},"Zone":{"X":-1,"Y":0}},"CurrentStamina":12,"CurrentOrder":{"Kind":4,"TargetZone":null,"TargetSpace":{"X":2,"Y":-3},"TargetResource":null,"TargetUnit":null,"TargetBuilding":null},"Builds":[],"GarrisonedIn":null,"Stance":3,"InterruptCurrent":false,"AttackBack":true,"TargetPriority":"","ActiveOrders":[{"ID":264,"Kind":4}],"Health":13.6,"MaxHealth":16},{"InternalID":52,"UnitID":12,"Type":2,"Kind":1,"Location":{"Space":{"X":2,"Y":-3},"Zone":{"X":-1,"Y":0}},"CurrentStamina":12,"CurrentOrder":{"Kind":4,"TargetZone":null,"TargetSpace":{"X":2,"Y":-3},"TargetResource":null,"TargetUnit":null,"TargetBuilding":null},"Builds":[],"GarrisonedIn":null,"Stance":3,"InterruptCurrent":false,"AttackBack":true,"TargetPriority":"","ActiveOrders":[{"ID":265,"Kind":4}],"Health":11.2,"MaxHealth":16},{"InternalID":53,"UnitID":12,"Type":2,"Kind":1,"Location":{"Space":{"X":2,"Y":-3},"Zone":{"X":-1,"Y":0}},"CurrentStamina":12,"CurrentOrder":{"Kind":4,"TargetZone":null,"TargetSpace":{"X":2,"Y":-3},"TargetResource":null,"TargetUnit":null,"TargetBuilding":null},"Builds":[],"GarrisonedIn":null,"Stance":3,"InterruptCurrent":false,"AttackBack":true,"TargetPriority":"","ActiveOrders":[{"ID":255,"Kind":4}],"Health":11.2,"MaxHealth":16},{"InternalID":54,"UnitID":12,"Type":2,"Kind":1,"Location":{"Space":{"X":2,"Y":-3},"Zone":{"X":-1,"Y":0}},"CurrentStamina":12,"CurrentOrder":{"Kind":4,"TargetZone":null,"TargetSpace":{"X":2,"Y":-3},"TargetResource":null,"TargetUnit":null,"TargetBuilding":null},"Builds":[],"GarrisonedIn":null,"Stance":3,"InterruptCurrent":false,"AttackBack":true,"TargetPriority":"","ActiveOrders":[{"ID":271,"Kind":4}],"Health":11.2,"MaxHealth":16},{"InternalID":55,"UnitID":13,"Type":2,"Kind":1,"Location":{"Space":{"X":2,"Y":-3},"Zone":{"X":-1,"Y":0}},"CurrentStamina":8,"CurrentOrder":{"Kind":4,"TargetZone":null,"TargetSpace":{"X":2,"Y":-3},"TargetResource":null,"TargetUnit":null,"TargetBuilding":null},"Builds":[],"GarrisonedIn":null,"Stance":3,"InterruptCurrent":false,"AttackBack":true,"TargetPriority":"","ActiveOrders":[{"ID":276,"Kind":4}],"Health":48.3333,"MaxHealth":50},{"InternalID":56,"UnitID":13,"Type":2,"Kind":1,"Location":{"Space":{"X":2,"Y":-3},"Zone":{"X":-1,"Y":0}},"CurrentStamina":8,"CurrentOrder":{"Kind":4,"TargetZone":null,"TargetSpace":{"X":2,"Y":-3},"TargetResource":null,"TargetUnit":null,"TargetBuilding":null},"Builds":[],"GarrisonedIn":null,"Stance":3,"InterruptCurrent":false,"AttackBack":true,"TargetPriority":"","ActiveOrders":[{"ID":261,"Kind":4}],"Health":50,"MaxHealth":50},{"InternalID":57,"UnitID":13,"Type":2,"Kind":1,"Location":{"Space":{"X":2,"Y":-3},"Zone":{"X":-1,"Y":0}},"CurrentStamina":8,"CurrentOrder":{"Kind":4,"TargetZone":null,"TargetSpace":{"X":2,"Y":-3},"TargetResource":null,"TargetUnit":null,"TargetBuilding":null},"Builds":[],"GarrisonedIn":null,"Stance":3,"InterruptCurrent":false,"AttackBack":true,"TargetPriority":"","ActiveOrders":[{"ID":249,"Kind":4}],"Health":50,"MaxHealth":50},{"InternalID":58,"UnitID":13,"Type":2,"Kind":1,"Location":{"Space":{"X":2,"Y":-3},"Zone":{"X":-1,"Y":0}},"CurrentStamina":8,"CurrentOrder":{"Kind":4,"TargetZone":null,"TargetSpace":{"X":2,"Y":-3},"TargetResource":null,"TargetUnit":null,"TargetBuilding":null},"Builds":[],"GarrisonedIn":null,"Stance":3,"InterruptCurrent":false,"AttackBack":true,"TargetPriority":"","ActiveOrders":[{"ID":277,"Kind":4}],"Health":50,"MaxHealth":50},{"InternalID":59,"UnitID":13,"Type":2,"Kind":1,"Location":{"Space":{"X":2,"Y":-3},"Zone":{"X":-1,"Y":0}},"CurrentStamina":8,"CurrentOrder":{"Kind":4,"TargetZone":null,"TargetSpace":{"X":2,"Y":-3},"TargetResource":null,"TargetUnit":null,"TargetBuilding":null},"Builds":[],"GarrisonedIn":null,"Stance":3,"InterruptCurrent":false,"AttackBack":true,"TargetPriority":"","ActiveOrders":[{"ID":260,"Kind":4}],"Health":50,"MaxHealth":50},{"InternalID":60,"UnitID":13,"Type":2,"Kind":1,"Location":{"Space":{"X":2,"Y":-3},"Zone":{"X":-1,"Y":0}},"CurrentStamina":8,"CurrentOrder":{"Kind":4,"TargetZone":null,"TargetSpace":{"X":2,"Y":-3},"TargetResource":null,"TargetUnit":null,"TargetBuilding":null},"Builds":[],"GarrisonedIn":null,"Stance":3,"InterruptCurrent":false,"AttackBack":true,"TargetPriority":"","ActiveOrders":[{"ID":256,"Kind":4}],"Health":50,"MaxHealth":50}]}
2026/09/30 21:20:38 ai ai-1: submitting orders [{Subjects:[31] OrderType:2 TargetID:2346 ClearPreviousOrders:true}]
2026/09/30 21:20:38 ai ai-1: vars {}
2026/09/30 21:20:38 player action: submit-orders 0 2 map[orders:[{1 [31] 2 2346 true}]]
2026/09/30 21:20:38 Executing submit orders for: 1 [{1 [31] 2 2346 true}]
2026/09/30 21:20:38 ai ai-0: submitting orders [{Subjects:[25] OrderType:2 TargetID:528 ClearPreviousOrders:true} {Subjects:[26] OrderType:2 TargetID:528 ClearPreviousOrders:true} {Subjects:[27] OrderType:2 TargetID:528 ClearPreviousOrders:true} {Subjects:[28] OrderType:2 TargetID:528 ClearPreviousOrders:true} {Subjects:[29] OrderType:2 TargetID:528 ClearPreviousOrders:true} {Subjects:[30] OrderType:2 TargetID:528 ClearPreviousOrders:true} {Subjects:[24] OrderType:9 TargetID:50 ClearPreviousOrders:true} {Subjects:[25] OrderType:9 TargetID:50 ClearPreviousOrders:true} {Subjects:[26] OrderType:9 TargetID:50 ClearPreviousOrders:true} {Subjects:[27] OrderType:9 TargetID:50 ClearPreviousOrders:true} {Subjects:[28] OrderType:9 TargetID:50 ClearPreviousOrders:true} {Subjects:[29] OrderType:9 TargetID:50 ClearPreviousOrders:true} {Subjects:[30] OrderType:9 TargetID:50 ClearPreviousOrders:true} {Subjects:[24] OrderType:9 TargetID:50 ClearPreviousOrders:true} {Subjects:[24] OrderType:9 TargetID:51 ClearPreviousOrders:false} {Subjects:[24] OrderType:9 TargetID:52 ClearPreviousOrders:false} {Subjects:[24] OrderType:9 TargetID:53 ClearPreviousOrders:false} {Subjects:[24] OrderType:9 TargetID:54 ClearPreviousOrders:false} {Subjects:[24] OrderType:9 TargetID:55 ClearPreviousOrders:false}]
2026/09/30 21:20:38 ai ai-0: vars {"B":0,"Hv":6,"Pi":1,"aPowLocal":0,"aThreat":0,"a_engaged":0,"a_odds":1.3,"a_outnumbered":0,"army_target":50,"army_value":1190,"assault":0,"bank_rate":28,"bar_barracks":0.17072129748186085,"bar_redoubt":1.1111111111111112,"barracks":0,"barracks_B":0,"barracks_P":0,"barracks_save":0,"barracks_spend":78.1,"barracks_want":0,"buffer_food":70,"buffer_gold":0,"buffer_stone":0,"buffer_wood":70,"builders":0,"committed":0,"eB":13.499999999999996,"eGrowth":0,"eH":6,"eMil":26.599999999999998,"eP":7.1000000000000005,"ePow":51.699999999999996,"ePowEst":49.71564382399999,"ePowSeen":49.71564382399999,"eTech":1,"eV":0,"es":27.599999999999998,"farm_want":0,"farm_wood_short":0,"farming":0,"fire_barracks":0,"fire_farm0":0,"fire_farm1":0,"fire_farm2":0,"fire_house":0,"fire_outpost":0,"fire_redoubt":0,"fire_smith":0,"fire_vc":0,"food_need":0,"food_over":0,"food_rate":0,"food_slots":1000,"food_workers":0,"free_room":43,"go":0,"gold_income":2,"gold_need":0,"gold_rate":0,"gold_surplus":94,"guaranteed":0,"guard_home":0,"headroom":-7,"hire_B":5061.538461538462,"hire_P":7953.846153846153,"homePow":0,"house_builders":0,"house_urgency":0,"house_want":0,"income_proj":0,"left":0,"lf_food":0,"lf_gold":0,"lf_stone":0,"lf_wood":0,"lump_food":0,"lump_gold":0,"lump_stone":0,"lump_wood":0,"maturity":0,"mil":7,"myTech":1,"n_barracks":0,"n_redoubts":0,"needB":31.6754672889405,"needP":11.324532711059504,"outpost_want":0,"pikes":0,"planned_food":0,"planned_gold":0,"planned_stone":0,"planned_wood":0,"prod_rate":0,"proj_army":1190,"raid_danger":0,"raid_fails":1,"raid_lost":0,"raid_pause":16,"raid_prev":0,"raid_size":0,"raid_wiped":0,"rate":6,"redoubt_H":0,"redoubt_gold_ok":0.551111111111111,"redoubt_save":0,"redoubt_spend":30,"redoubt_want":0,"redoubts":0,"rf_food":0,"rf_gold":0,"rf_stone":0,"rf_wood":0,"sB4":1.2408680722951266,"sP4":0.443632005382344,"scale_l":0,"scale_r":0,"shareH":0.5092654986522911,"smith_want":0,"smiths":0,"spare":0,"spare_food":0.5,"stone_need":0,"stone_rate":0,"tH":49,"target_spend":400,"tech_food":50,"tech_gold":0,"tech_stone":0,"tech_wood":50,"threat_home":0,"turns_left":-70,"u_barracks":0.17593554465730923,"u_redoubt":0.475314465408805,"unit_spend":120,"vB":1.0554347826086956,"vH":1.0952898550724637,"vP":0.8161231884057971,"vc_want":0,"vcs":0,"vil_goal":50,"vil_rate":0,"vil_stamina":8,"vil_want":0,"vil_want_last":0,"vil_worth_now":0.6,"vils":0,"w_food":0,"w_gold":0,"w_stone":0,"w_wood":0,"wild_workers":0,"wood_need":0,"wood_rate":0,"workers":0}
2026/09/30 21:20:38 player action: set-unit-behavior 0 1 map[internal_ids:[24] interrupt_current:false]
2026/09/30 21:20:38 player action: submit-orders 0 1 map[orders:[{0 [25] 2 528 true} {0 [26] 2 528 true} {0 [27] 2 528 true} {0 [28] 2 528 true} {0 [29] 2 528 true} {0 [30] 2 528 true} {0 [24] 9 50 true} {0 [25] 9 50 true} {0 [26] 9 50 true} {0 [27] 9 50 true} {0 [28] 9 50 true} {0 [29] 9 50 true} {0 [30] 9 50 true} {0 [24] 9 50 true} {0 [24] 9 51 false} {0 [24] 9 52 false} {0 [24] 9 53 false} {0 [24] 9 54 false} {0 [24] 9 55 false}]]
2026/09/30 21:20:38 Executing submit orders for: 0 [{0 [25] 2 528 true} {0 [26] 2 528 true} {0 [27] 2 528 true} {0 [28] 2 528 true} {0 [29] 2 528 true} {0 [30] 2 528 true} {0 [24] 9 50 true} {0 [25] 9 50 true} {0 [26] 9 50 true} {0 [27] 9 50 true} {0 [28] 9 50 true} {0 [29] 9 50 true} {0 [30] 9 50 true} {0 [24] 9 50 true} {0 [24] 9 51 false} {0 [24] 9 52 false} {0 [24] 9 53 false} {0 [24] 9 54 false} {0 [24] 9 55 false}]
2026/09/30 21:20:38 Resolving active orders
2026/09/30 21:20:38 Moving unit 27 Heavy Infantry to zone(-1, 0) in space (2, -3) tick=1
2026/09/30 21:20:38 Moving unit 30 Heavy Infantry to zone(-1, 0) in space (2, -3) tick=1
2026/09/30 21:20:38 Moving unit 29 Heavy Infantry to zone(-1, 0) in space (2, -3) tick=1
2026/09/30 21:20:38 combat turn=12 tick=1: 24 u12 (player 0, stamina 3) hits 50 u12 (player 1) for 2.40
2026/09/30 21:20:38 Moving unit 25 Heavy Infantry to zone(-1, 0) in space (2, -3) tick=1
2026/09/30 21:20:38 Moving unit 26 Heavy Infantry to zone(-1, 0) in space (2, -3) tick=1
2026/09/30 21:20:38 Moving unit 28 Heavy Infantry to zone(-1, 0) in space (2, -3) tick=1
2026/09/30 21:20:38 combat turn=12 tick=1: 52 u12 (player 1, stamina 3) hits 24 u12 (player 0) for 2.40
2026/09/30 21:20:38 combat turn=12 tick=1: 50 u12 (player 1, stamina 3) hits 24 u12 (player 0) for 2.40
2026/09/30 21:20:38 combat turn=12 tick=1: 54 u12 (player 1, stamina 3) hits 24 u12 (player 0) for 2.40
2026/09/30 21:20:38 Moving unit 31 Blunt Infantry to zone(-1, 1) in space (0, 1) tick=1
2026/09/30 21:20:38 combat turn=12 tick=1: 55 u13 (player 1, stamina 3) hits 24 u12 (player 0) for 4.54
2026/09/30 21:20:38 combat turn=12 tick=1: 58 u13 (player 1, stamina 3) hits 24 u12 (player 0) for 4.54
2026/09/30 21:20:38 combat turn=12 tick=1: 57 u13 (player 1, stamina 3) hits 24 u12 (player 0) for 4.54
2026/09/30 21:20:38 combat turn=12 tick=1: 53 u12 (player 1, stamina 3) hits 24 u12 (player 0) for 2.40
2026/09/30 21:20:38 combat turn=12 tick=1: 60 u13 (player 1, stamina 3) hits 24 u12 (player 0) for 4.54
2026/09/30 21:20:38 combat turn=12 tick=1: 59 u13 (player 1, stamina 3) hits 24 u12 (player 0) for 4.54
2026/09/30 21:20:38 combat turn=12 tick=1: 56 u13 (player 1, stamina 3) hits 24 u12 (player 0) for 4.54
2026/09/30 21:20:38 combat turn=12 tick=1: 51 u12 (player 1, stamina 3) hits 24 u12 (player 0) for 2.40
2026/09/30 21:20:38 state_hash turn=12 tick=1 hash=2728db6022e2b8a7
2026/09/30 21:20:38 combat turn=12 tick=2: 28 u13 (player 0, stamina 3) hits 51 u12 (player 1) for 4.54
2026/09/30 21:20:38 combat turn=12 tick=2: 27 u13 (player 0, stamina 3) hits 51 u12 (player 1) for 4.54
2026/09/30 21:20:38 combat turn=12 tick=2: 30 u13 (player 0, stamina 3) hits 51 u12 (player 1) for 4.54
2026/09/30 21:20:38 combat turn=12 tick=2: 29 u13 (player 0, stamina 3) hits 51 u12 (player 1) for 4.54
2026/09/30 21:20:38 combat turn=12 tick=2: 25 u13 (player 0, stamina 3) hits 51 u12 (player 1) for 4.54
2026/09/30 21:20:38 combat turn=12 tick=2: 26 u13 (player 0, stamina 3) hits 51 u12 (player 1) for 4.54
2026/09/30 21:20:38 combat turn=12 tick=2: 59 u13 (player 1, stamina 3) hits 25 u13 (player 0) for 3.41
2026/09/30 21:20:38 combat turn=12 tick=2: 56 u13 (player 1, stamina 3) hits 25 u13 (player 0) for 3.41
2026/09/30 21:20:38 combat turn=12 tick=2: 51 u12 (player 1, stamina 3) hits 25 u13 (player 0) for 2.10
2026/09/30 21:20:38 combat turn=12 tick=2: 52 u12 (player 1, stamina 3) hits 25 u13 (player 0) for 2.10
2026/09/30 21:20:38 combat turn=12 tick=2: 54 u12 (player 1, stamina 3) hits 25 u13 (player 0) for 2.10
2026/09/30 21:20:38 Moving unit 31 Blunt Infantry to zone(1, -1) in space (-1, 2) tick=2
2026/09/30 21:20:38 combat turn=12 tick=2: 55 u13 (player 1, stamina 3) hits 25 u13 (player 0) for 3.41
2026/09/30 21:20:38 combat turn=12 tick=2: 58 u13 (player 1, stamina 3) hits 25 u13 (player 0) for 3.41
2026/09/30 21:20:38 combat turn=12 tick=2: 57 u13 (player 1, stamina 3) hits 25 u13 (player 0) for 3.41
2026/09/30 21:20:38 combat turn=12 tick=2: 53 u12 (player 1, stamina 3) hits 25 u13 (player 0) for 2.10
2026/09/30 21:20:38 combat turn=12 tick=2: 60 u13 (player 1, stamina 3) hits 25 u13 (player 0) for 3.41
2026/09/30 21:20:38 state_hash turn=12 tick=2 hash=23ba85a7160b8825
2026/09/30 21:20:38 combat turn=12 tick=3: 28 u13 (player 0, stamina 3) hits 52 u12 (player 1) for 4.54
2026/09/30 21:20:38 combat turn=12 tick=3: 27 u13 (player 0, stamina 3) hits 52 u12 (player 1) for 4.54
2026/09/30 21:20:38 combat turn=12 tick=3: 30 u13 (player 0, stamina 3) hits 52 u12 (player 1) for 4.54
2026/09/30 21:20:38 combat turn=12 tick=3: 29 u13 (player 0, stamina 3) hits 52 u12 (player 1) for 4.54
2026/09/30 21:20:38 combat turn=12 tick=3: 25 u13 (player 0, stamina 3) hits 52 u12 (player 1) for 4.54
2026/09/30 21:20:38 combat turn=12 tick=3: 26 u13 (player 0, stamina 3) hits 52 u12 (player 1) for 4.54
2026/09/30 21:20:38 combat turn=12 tick=3: 54 u12 (player 1, stamina 3) hits 25 u13 (player 0) for 2.10
2026/09/30 21:20:38 Moving unit 31 Blunt Infantry to zone(0, 0) in space (-1, 2) tick=3
2026/09/30 21:20:38 combat turn=12 tick=3: 55 u13 (player 1, stamina 2) hits 25 u13 (player 0) for 2.27
2026/09/30 21:20:38 combat turn=12 tick=3: 58 u13 (player 1, stamina 2) hits 25 u13 (player 0) for 2.27
2026/09/30 21:20:38 combat turn=12 tick=3: 57 u13 (player 1, stamina 2) hits 25 u13 (player 0) for 2.27
2026/09/30 21:20:38 combat turn=12 tick=3: 53 u12 (player 1, stamina 3) hits 25 u13 (player 0) for 2.10
2026/09/30 21:20:38 combat turn=12 tick=3: 60 u13 (player 1, stamina 2) hits 25 u13 (player 0) for 2.27
2026/09/30 21:20:38 combat turn=12 tick=3: 59 u13 (player 1, stamina 2) hits 25 u13 (player 0) for 2.27
2026/09/30 21:20:38 combat turn=12 tick=3: 56 u13 (player 1, stamina 2) hits 25 u13 (player 0) for 2.27
2026/09/30 21:20:38 combat turn=12 tick=3: 52 u12 (player 1, stamina 3) hits 25 u13 (player 0) for 2.10
2026/09/30 21:20:38 state_hash turn=12 tick=3 hash=de07e0b4c7c0f6a6
2026/09/30 21:20:38 combat turn=12 tick=4: 54 u12 (player 1, stamina 3) hits 25 u13 (player 0) for 2.10
2026/09/30 21:20:38 Moving unit 31 Blunt Infantry to zone(0, 1) in space (-1, 2) tick=4
2026/09/30 21:20:38 combat turn=12 tick=4: 53 u12 (player 1, stamina 3) hits 25 u13 (player 0) for 2.10
2026/09/30 21:20:38 state_hash turn=12 tick=4 hash=b3ff39f14181d24d
2026/09/30 21:20:38 Moving unit 31 Blunt Infantry to zone(0, -1) in space (-1, 3) tick=5
2026/09/30 21:20:38 state_hash turn=12 tick=5 hash=d4245108501d2159
2026/09/30 21:20:38 Moving unit 31 Blunt Infantry to zone(0, 0) in space (-1, 3) tick=6
2026/09/30 21:20:38 state_hash turn=12 tick=6 hash=2491f3b2edbbba2a
2026/09/30 21:20:38 state_hash turn=12 tick=end hash=b24e1564043d1c13
2026/09/30 21:20:38 ai ai-0: new turn data {"buildings":[],"enemy_buildings":[],"enemy_units":[{"InternalID":53,"UnitID":12,"Type":2,"Kind":1,"Location":{"Space":{"X":2,"Y":-3},"Zone":{"X":-1,"Y":0}},"CurrentStamina":12,"CurrentOrder":null,"Builds":[],"GarrisonedIn":null,"Stance":0,"InterruptCurrent":false,"AttackBack":false,"TargetPriority":"","ActiveOrders":null,"Health":11.2,"MaxHealth":16},{"InternalID":54,"UnitID":12,"Type":2,"Kind":1,"Location":{"Space":{"X":2,"Y":-3},"Zone":{"X":-1,"Y":0}},"CurrentStamina":12,"CurrentOrder":null,"Builds":[],"GarrisonedIn":null,"Stance":0,"InterruptCurrent":false,"AttackBack":false,"TargetPriority":"","ActiveOrders":null,"Health":11.2,"MaxHealth":16},{"InternalID":55,"UnitID":13,"Type":2,"Kind":1,"Location":{"Space":{"X":2,"Y":-3},"Zone":{"X":-1,"Y":0}},"CurrentStamina":8,"CurrentOrder":null,"Builds":[],"GarrisonedIn":null,"Stance":0,"InterruptCurrent":false,"AttackBack":false,"TargetPriority":"","ActiveOrders":null,"Health":48.3333,"MaxHealth":50},{"InternalID":56,"UnitID":13,"Type":2,"Kind":1,"Location":{"Space":{"X":2,"Y":-3},"Zone":{"X":-1,"Y":0}},"CurrentStamina":8,"CurrentOrder":null,"Builds":[],"GarrisonedIn":null,"Stance":0,"InterruptCurrent":false,"AttackBack":false,"TargetPriority":"","ActiveOrders":null,"Health":50,"MaxHealth":50},{"InternalID":57,"UnitID":13,"Type":2,"Kind":1,"Location":{"Space":{"X":2,"Y":-3},"Zone":{"X":-1,"Y":0}},"CurrentStamina":8,"CurrentOrder":null,"Builds":[],"GarrisonedIn":null,"Stance":0,"InterruptCurrent":false,"AttackBack":false,"TargetPriority":"","ActiveOrders":null,"Health":50,"MaxHealth":50},{"InternalID":58,"UnitID":13,"Type":2,"Kind":1,"Location":{"Space":{"X":2,"Y":-3},"Zone":{"X":-1,"Y":0}},"CurrentStamina":8,"CurrentOrder":null,"Builds":[],"GarrisonedIn":null,"Stance":0,"InterruptCurrent":false,"AttackBack":false,"TargetPriority":"","ActiveOrders":null,"Health":50,"MaxHealth":50},{"InternalID":59,"UnitID":13,"Type":2,"Kind":1,"Location":{"Space":{"X":2,"Y":-3},"Zone":{"X":-1,"Y":0}},"CurrentStamina":8,"CurrentOrder":null,"Builds":[],"GarrisonedIn":null,"Stance":0,"InterruptCurrent":false,"AttackBack":false,"TargetPriority":"","ActiveOrders":null,"Health":50,"MaxHealth":50},{"InternalID":60,"UnitID":13,"Type":2,"Kind":1,"Location":{"Space":{"X":2,"Y":-3},"Zone":{"X":-1,"Y":0}},"CurrentStamina":8,"CurrentOrder":null,"Builds":[],"GarrisonedIn":null,"Stance":0,"InterruptCurrent":false,"AttackBack":false,"TargetPriority":"","ActiveOrders":null,"Health":50,"MaxHealth":50}],"foundations":[],"population":{"current":5,"limit":0},"resources":{"food":200,"gold":94,"stone":100,"wood":200},"spaces":[{"Space":{"X":0,"Y":-4},"Vision":1,"Owner":-1},{"Space":{"X":1,"Y":-4},"Vision":1,"Owner":-1},{"Space":{"X":2,"Y":-4},"Vision":2,"Owner":-1},{"Space":{"X":3,"Y":-4},"Vision":2,"Owner":-1},{"Space":{"X":4,"Y":-4},"Vision":0,"Owner":-1},{"Space":{"X":-1,"Y":-3},"Vision":1,"Owner":-1},{"Space":{"X":0,"Y":-3},"Vision":1,"Owner":-1},{"Space":{"X":1,"Y":-3},"Vision":3,"Owner":-1},{"Space":{"X":2,"Y":-3},"Vision":3,"Owner":-1},{"Space":{"X":3,"Y":-3},"Vision":2,"Owner":-1},{"Space":{"X":4,"Y":-3},"Vision":0,"Owner":-1},{"Space":{"X":-2,"Y":-2},"Vision":1,"Owner":-1},{"Space":{"X":-1,"Y":-2},"Vision":1,"Owner":-1},{"Space":{"X":0,"Y":-2},"Vision":1,"Owner":-1},{"Space":{"X":1,"Y":-2},"Vision":2,"Owner":-1},{"Space":{"X":2,"Y":-2},"Vision":2,"Owner":-1},{"Space":{"X":3,"Y":-2},"Vision":0,"Owner":-1},{"Space":{"X":4,"Y":-2},"Vision":0,"Owner":-1},{"Space":{"X":-3,"Y":-1},"Vision":1,"Owner":-1},{"Space":{"X":-2,"Y":-1},"Vision":1,"Owner":-1},{"Space":{"X":-1,"Y":-1},"Vision":1,"Owner":-1},{"Space":{"X":0,"Y":-1},"Vision":1,"Owner":-1},{"Space":{"X":1,"Y":-1},"Vision":1,"Owner":-1},{"Space":{"X":2,"Y":-1},"Vision":0,"Owner":-1},{"Space":{"X":3,"Y":-1},"Vision":0,"Owner":-1},{"Space":{"X":4,"Y":-1},"Vision":0,"Owner":-1},{"Space":{"X":-4,"Y":0},"Vision":1,"Owner":-1},{"Space":{"X":-3,"Y":0},"Vision":1,"Owner":-1},{"Space":{"X":-2,"Y":0},"Vision":1,"Owner":1},{"Space":{"X":-1,"Y":0},"Vision":1,"Owner":-1},{"Space":{"X":0,"Y":0},"Vision":1,"Owner":-1},{"Space":{"X":1,"Y":0},"Vision":1,"Owner":-1},{"Space":{"X":2,"Y":0},"Vision":1,"Owner":-1},{"Space":{"X":3,"Y":0},"Vision":0,"Owner":-1},{"Space":{"X":4,"Y":0},"Vision":0,"Owner":-1},{"Space":{"X":-4,"Y":1},"Vision":1,"Owner":-1},{"Space":{"X":-3,"Y":1},"Vision":1,"Owner":-1},{"Space":{"X":-2,"Y":1},"Vision":1,"Owner":-1},{"Space":{"X":-1,"Y":1},"Vision":1,"Owner":-1},{"Space":{"X":0,"Y":1},"Vision":1,"Owner":-1},{"Space":{"X":1,"Y":1},"Vision":1,"Owner":-1},{"Space":{"X":2,"Y":1},"Vision":1,"Owner":-1},{"Space":{"X":3,"Y":1},"Vision":0,"Owner":-1},{"Space":{"X":-4,"Y":2},"Vision":1,"Owner":-1},{"Space":{"X":-3,"Y":2},"Vision":1,"Owner":-1},{"Space":{"X":-2,"Y":2},"Vision":1,"Owner":1},{"Space":{"X":-1,"Y":2},"Vision":1,"Owner":-1},{"Space":{"X":0,"Y":2},"Vision":1,"Owner":-1},{"Space":{"X":1,"Y":2},"Vision":1,"Owner":-1},{"Space":{"X":2,"Y":2},"Vision":1,"Owner":-1},{"Space":{"X":-4,"Y":3},"Vision":1,"Owner":-1},{"Space":{"X":-3,"Y":3},"Vision":1,"Owner":-1},{"Space":{"X":-2,"Y":3},"Vision":1,"Owner":-1},{"Space":{"X":-1,"Y":3},"Vision":1,"Owner":-1},{"Space":{"X":0,"Y":3},"Vision":1,"Owner":-1},{"Space":{"X":1,"Y":3},"Vision":1,"Owner":-1},{"Space":{"X":-4,"Y":4},"Vision":1,"Owner":-1},{"Space":{"X":-3,"Y":4},"Vision":1,"Owner":-1},{"Space":{"X":-2,"Y":4},"Vision":1,"Owner":-1},{"Space":{"X":-1,"Y":4},"Vision":1,"Owner":-1},{"Space":{"X":0,"Y":4},"Vision":1,"Owner":-1}],"units":[{"InternalID":26,"UnitID":13,"Type":2,"Kind":1,"Location":{"Space":{"X":2,"Y":-3},"Zone":{"X":-1,"Y":0}},"CurrentStamina":8,"CurrentOrder":{"Kind":4,"TargetZone":null,"TargetSpace":{"X":2,"Y":-3},"TargetResource":null,"TargetUnit":null,"TargetBuilding":null},"Builds":[],"GarrisonedIn":null,"Stance":3,"InterruptCurrent":true,"AttackBack":true,"TargetPriority":"","ActiveOrders":[{"ID":611,"Kind":4}],"Health":50,"MaxHealth":50},{"InternalID":27,"UnitID":13,"Type":2,"Kind":1,"Location":{"Space":{"X":2,"Y":-3},"Zone":{"X":-1,"Y":0}},"CurrentStamina":8,"CurrentOrder":{"Kind":4,"TargetZone":null,"TargetSpace":{"X":2,"Y":-3},"TargetResource":null,"TargetUnit":null,"TargetBuilding":null},"Builds":[],"GarrisonedIn":null,"Stance":3,"InterruptCurrent":true,"AttackBack":true,"TargetPriority":"","ActiveOrders":[{"ID":607,"Kind":4}],"Health":50,"MaxHealth":50},{"InternalID":28,"UnitID":13,"Type":2,"Kind":1,"Location":{"Space":{"X":2,"Y":-3},"Zone":{"X":-1,"Y":0}},"CurrentStamina":8,"CurrentOrder":{"Kind":4,"TargetZone":null,"TargetSpace":{"X":2,"Y":-3},"TargetResource":null,"TargetUnit":null,"TargetBuilding":null},"Builds":[],"GarrisonedIn":null,"Stance":3,"InterruptCurrent":true,"AttackBack":true,"TargetPriority":"","ActiveOrders":[{"ID":606,"Kind":4}],"Health":50,"MaxHealth":50},{"InternalID":29,"UnitID":13,"Type":2,"Kind":1,"Location":{"Space":{"X":2,"Y":-3},"Zone":{"X":-1,"Y":0}},"CurrentStamina":8,"CurrentOrder":{"Kind":4,"TargetZone":null,"TargetSpace":{"X":2,"Y":-3},"TargetResource":null,"TargetUnit":null,"TargetBuilding":null},"Builds":[],"GarrisonedIn":null,"Stance":3,"InterruptCurrent":true,"AttackBack":true,"TargetPriority":"","ActiveOrders":[{"ID":609,"Kind":4}],"Health":50,"MaxHealth":50},{"InternalID":30,"UnitID":13,"Type":2,"Kind":1,"Location":{"Space":{"X":2,"Y":-3},"Zone":{"X":-1,"Y":0}},"CurrentStamina":8,"CurrentOrder":{"Kind":4,"TargetZone":null,"TargetSpace":{"X":2,"Y":-3},"TargetResource":null,"TargetUnit":null,"TargetBuilding":null},"Builds":[],"GarrisonedIn":null,"Stance":3,"InterruptCurrent":true,"AttackBack":true,"TargetPriority":"","ActiveOrders":[{"ID":608,"Kind":4}],"Health":50,"MaxHealth":50}]}
2026/09/30 21:20:38 ai ai-1: new turn data {"buildings":[],"enemy_buildings":[],"enemy_units":[{"InternalID":26,"UnitID":13,"Type":2,"Kind":1,"Location":{"Space":{"X":2,"Y":-3},"Zone":{"X":-1,"Y":0}},"CurrentStamina":8,"CurrentOrder":null,"Builds":[],"GarrisonedIn":null,"Stance":0,"InterruptCurrent":false,"AttackBack":false,"TargetPriority":"","ActiveOrders":null,"Health":50,"MaxHealth":50},{"InternalID":27,"UnitID":13,"Type":2,"Kind":1,"Location":{"Space":{"X":2,"Y":-3},"Zone":{"X":-1,"Y":0}},"CurrentStamina":8,"CurrentOrder":null,"Builds":[],"GarrisonedIn":null,"Stance":0,"InterruptCurrent":false,"AttackBack":false,"TargetPriority":"","ActiveOrders":null,"Health":50,"MaxHealth":50},{"InternalID":28,"UnitID":13,"Type":2,"Kind":1,"Location":{"Space":{"X":2,"Y":-3},"Zone":{"X":-1,"Y":0}},"CurrentStamina":8,"CurrentOrder":null,"Builds":[],"GarrisonedIn":null,"Stance":0,"InterruptCurrent":false,"AttackBack":false,"TargetPriority":"","ActiveOrders":null,"Health":50,"MaxHealth":50},{"InternalID":29,"UnitID":13,"Type":2,"Kind":1,"Location":{"Space":{"X":2,"Y":-3},"Zone":{"X":-1,"Y":0}},"CurrentStamina":8,"CurrentOrder":null,"Builds":[],"GarrisonedIn":null,"Stance":0,"InterruptCurrent":false,"AttackBack":false,"TargetPriority":"","ActiveOrders":null,"Health":50,"MaxHealth":50},{"InternalID":30,"UnitID":13,"Type":2,"Kind":1,"Location":{"Space":{"X":2,"Y":-3},"Zone":{"X":-1,"Y":0}},"CurrentStamina":8,"CurrentOrder":null,"Builds":[],"GarrisonedIn":null,"Stance":0,"InterruptCurrent":false,"AttackBack":false,"TargetPriority":"","ActiveOrders":null,"Health":50,"MaxHealth":50}],"foundations":[],"population":{"current":9,"limit":0},"resources":{"food":200,"gold":38,"stone":100,"wood":200},"spaces":[{"Space":{"X":0,"Y":-4},"Vision":1,"Owner":-1},{"Space":{"X":1,"Y":-4},"Vision":1,"Owner":-1},{"Space":{"X":2,"Y":-4},"Vision":2,"Owner":-1},{"Space":{"X":3,"Y":-4},"Vision":2,"Owner":-1},{"Space":{"X":4,"Y":-4},"Vision":0,"Owner":-1},{"Space":{"X":-1,"Y":-3},"Vision":1,"Owner":0},{"Space":{"X":0,"Y":-3},"Vision":1,"Owner":-1},{"Space":{"X":1,"Y":-3},"Vision":3,"Owner":-1},{"Space":{"X":2,"Y":-3},"Vision":3,"Owner":-1},{"Space":{"X":3,"Y":-3},"Vision":2,"Owner":-1},{"Space":{"X":4,"Y":-3},"Vision":0,"Owner":-1},{"Space":{"X":-2,"Y":-2},"Vision":1,"Owner":-1},{"Space":{"X":-1,"Y":-2},"Vision":1,"Owner":0},{"Space":{"X":0,"Y":-2},"Vision":1,"Owner":-1},{"Space":{"X":1,"Y":-2},"Vision":2,"Owner":-1},{"Space":{"X":2,"Y":-2},"Vision":2,"Owner":-1},{"Space":{"X":3,"Y":-2},"Vision":0,"Owner":-1},{"Space":{"X":4,"Y":-2},"Vision":0,"Owner":-1},{"Space":{"X":-3,"Y":-1},"Vision":1,"Owner":-1},{"Space":{"X":-2,"Y":-1},"Vision":1,"Owner":-1},{"Space":{"X":-1,"Y":-1},"Vision":1,"Owner":-1},{"Space":{"X":0,"Y":-1},"Vision":1,"Owner":-1},{"Space":{"X":1,"Y":-1},"Vision":1,"Owner":-1},{"Space":{"X":2,"Y":-1},"Vision":0,"Owner":-1},{"Space":{"X":3,"Y":-1},"Vision":0,"Owner":-1},{"Space":{"X":4,"Y":-1},"Vision":0,"Owner":-1},{"Space":{"X":-4,"Y":0},"Vision":1,"Owner":-1},{"Space":{"X":-3,"Y":0},"Vision":1,"Owner":-1},{"Space":{"X":-2,"Y":0},"Vision":1,"Owner":-1},{"Space":{"X":-1,"Y":0},"Vision":1,"Owner":-1},{"Space":{"X":0,"Y":0},"Vision":1,"Owner":-1},{"Space":{"X":1,"Y":0},"Vision":1,"Owner":-1},{"Space":{"X":2,"Y":0},"Vision":0,"Owner":-1},{"Space":{"X":3,"Y":0},"Vision":0,"Owner":-1},{"Space":{"X":4,"Y":0},"Vision":0,"Owner":-1},{"Space":{"X":-4,"Y":1},"Vision":1,"Owner":-1},{"Space":{"X":-3,"Y":1},"Vision":1,"Owner":-1},{"Space":{"X":-2,"Y":1},"Vision":1,"Owner":-1},{"Space":{"X":-1,"Y":1},"Vision":1,"Owner":-1},{"Space":{"X":0,"Y":1},"Vision":1,"Owner":-1},{"Space":{"X":1,"Y":1},"Vision":1,"Owner":-1},{"Space":{"X":2,"Y":1},"Vision":0,"Owner":-1},{"Space":{"X":3,"Y":1},"Vision":0,"Owner":-1},{"Space":{"X":-4,"Y":2},"Vision":1,"Owner":-1},{"Space":{"X":-3,"Y":2},"Vision":1,"Owner":-1},{"Space":{"X":-2,"Y":2},"Vision":1,"Owner":-1},{"Space":{"X":-1,"Y":2},"Vision":2,"Owner":-1},{"Space":{"X":0,"Y":2},"Vision":2,"Owner":-1},{"Space":{"X":1,"Y":2},"Vision":0,"Owner":-1},{"Space":{"X":2,"Y":2},"Vision":0,"Owner":-1},{"Space":{"X":-4,"Y":3},"Vision":1,"Owner":-1},{"Space":{"X":-3,"Y":3},"Vision":1,"Owner":-1},{"Space":{"X":-2,"Y":3},"Vision":2,"Owner":-1},{"Space":{"X":-1,"Y":3},"Vision":3,"Owner":1},{"Space":{"X":0,"Y":3},"Vision":2,"Owner":-1},{"Space":{"X":1,"Y":3},"Vision":0,"Owner":-1},{"Space":{"X":-4,"Y":4},"Vision":1,"Owner":-1},{"Space":{"X":-3,"Y":4},"Vision":1,"Owner":-1},{"Space":{"X":-2,"Y":4},"Vision":2,"Owner":-1},{"Space":{"X":-1,"Y":4},"Vision":2,"Owner":-1},{"Space":{"X":0,"Y":4},"Vision":0,"Owner":-1}],"units":[{"InternalID":31,"UnitID":11,"Type":2,"Kind":1,"Location":{"Space":{"X":-1,"Y":3},"Zone":{"X":0,"Y":0}},"CurrentStamina":22,"CurrentOrder":null,"Builds":[],"GarrisonedIn":null,"Stance":3,"InterruptCurrent":false,"AttackBack":true,"TargetPriority":"","ActiveOrders":null,"Health":11,"MaxHealth":11},{"InternalID":53,"UnitID":12,"Type":2,"Kind":1,"Location":{"Space":{"X":2,"Y":-3},"Zone":{"X":-1,"Y":0}},"CurrentStamina":12,"CurrentOrder":{"Kind":4,"TargetZone":null,"TargetSpace":{"X":2,"Y":-3},"TargetResource":null,"TargetUnit":null,"TargetBuilding":null},"Builds":[],"GarrisonedIn":null,"Stance":3,"InterruptCurrent":false,"AttackBack":true,"TargetPriority":"","ActiveOrders":[{"ID":255,"Kind":4}],"Health":11.2,"MaxHealth":16},{"InternalID":54,"UnitID":12,"Type":2,"Kind":1,"Location":{"Space":{"X":2,"Y":-3},"Zone":{"X":-1,"Y":0}},"CurrentStamina":12,"CurrentOrder":{"Kind":4,"TargetZone":null,"TargetSpace":{"X":2,"Y":-3},"TargetResource":null,"TargetUnit":null,"TargetBuilding":null},"Builds":[],"GarrisonedIn":null,"Stance":3,"InterruptCurrent":false,"AttackBack":true,"TargetPriority":"","ActiveOrders":[{"ID":271,"Kind":4}],"Health":11.2,"MaxHealth":16},{"InternalID":55,"UnitID":13,"Type":2,"Kind":1,"Location":{"Space":{"X":2,"Y":-3},"Zone":{"X":-1,"Y":0}},"CurrentStamina":8,"CurrentOrder":{"Kind":4,"TargetZone":null,"TargetSpace":{"X":2,"Y":-3},"TargetResource":null,"TargetUnit":null,"TargetBuilding":null},"Builds":[],"GarrisonedIn":null,"Stance":3,"InterruptCurrent":false,"AttackBack":true,"TargetPriority":"","ActiveOrders":[{"ID":276,"Kind":4}],"Health":48.3333,"MaxHealth":50},{"InternalID":56,"UnitID":13,"Type":2,"Kind":1,"Location":{"Space":{"X":2,"Y":-3},"Zone":{"X":-1,"Y":0}},"CurrentStamina":8,"CurrentOrder":{"Kind":4,"TargetZone":null,"TargetSpace":{"X":2,"Y":-3},"TargetResource":null,"TargetUnit":null,"TargetBuilding":null},"Builds":[],"GarrisonedIn":null,"Stance":3,"InterruptCurrent":false,"AttackBack":true,"TargetPriority":"","ActiveOrders":[{"ID":261,"Kind":4}],"Health":50,"MaxHealth":50},{"InternalID":57,"UnitID":13,"Type":2,"Kind":1,"Location":{"Space":{"X":2,"Y":-3},"Zone":{"X":-1,"Y":0}},"CurrentStamina":8,"CurrentOrder":{"Kind":4,"TargetZone":null,"TargetSpace":{"X":2,"Y":-3},"TargetResource":null,"TargetUnit":null,"TargetBuilding":null},"Builds":[],"GarrisonedIn":null,"Stance":3,"InterruptCurrent":false,"AttackBack":true,"TargetPriority":"","ActiveOrders":[{"ID":249,"Kind":4}],"Health":50,"MaxHealth":50},{"InternalID":58,"UnitID":13,"Type":2,"Kind":1,"Location":{"Space":{"X":2,"Y":-3},"Zone":{"X":-1,"Y":0}},"CurrentStamina":8,"CurrentOrder":{"Kind":4,"TargetZone":null,"TargetSpace":{"X":2,"Y":-3},"TargetResource":null,"TargetUnit":null,"TargetBuilding":null},"Builds":[],"GarrisonedIn":null,"Stance":3,"InterruptCurrent":false,"AttackBack":true,"TargetPriority":"","ActiveOrders":[{"ID":277,"Kind":4}],"Health":50,"MaxHealth":50},{"InternalID":59,"UnitID":13,"Type":2,"Kind":1,"Location":{"Space":{"X":2,"Y":-3},"Zone":{"X":-1,"Y":0}},"CurrentStamina":8,"CurrentOrder":{"Kind":4,"TargetZone":null,"TargetSpace":{"X":2,"Y":-3},"TargetResource":null,"TargetUnit":null,"TargetBuilding":null},"Builds":[],"GarrisonedIn":null,"Stance":3,"InterruptCurrent":false,"AttackBack":true,"TargetPriority":"","ActiveOrders":[{"ID":260,"Kind":4}],"Health":50,"MaxHealth":50},{"InternalID":60,"UnitID":13,"Type":2,"Kind":1,"Location":{"Space":{"X":2,"Y":-3},"Zone":{"X":-1,"Y":0}},"CurrentStamina":8,"CurrentOrder":{"Kind":4,"TargetZone":null,"TargetSpace":{"X":2,"Y":-3},"TargetResource":null,"TargetUnit":null,"TargetBuilding":null},"Builds":[],"GarrisonedIn":null,"Stance":3,"InterruptCurrent":false,"AttackBack":true,"TargetPriority":"","ActiveOrders":[{"ID":256,"Kind":4}],"Health":50,"MaxHealth":50}]}
2026/09/30 21:20:38 ai ai-1: submitting orders [{Subjects:[31] OrderType:2 TargetID:3916 ClearPreviousOrders:true}]
2026/09/30 21:20:38 ai ai-1: vars {}
2026/09/30 21:20:38 player action: submit-orders 0 2 map[orders:[{1 [31] 2 3916 true}]]
2026/09/30 21:20:38 Executing submit orders for: 1 [{1 [31] 2 3916 true}]
2026/09/30 21:20:38 ai ai-0: submitting orders [{Subjects:[26] OrderType:9 TargetID:53 ClearPreviousOrders:true} {Subjects:[27] OrderType:9 TargetID:53 ClearPreviousOrders:true} {Subjects:[28] OrderType:9 TargetID:53 ClearPreviousOrders:true} {Subjects:[29] OrderType:9 TargetID:53 ClearPreviousOrders:true} {Subjects:[30] OrderType:9 TargetID:53 ClearPreviousOrders:true} {Subjects:[26] OrderType:9 TargetID:53 ClearPreviousOrders:true} {Subjects:[26] OrderType:9 TargetID:54 ClearPreviousOrders:false} {Subjects:[26] OrderType:9 TargetID:55 ClearPreviousOrders:false} {Subjects:[26] OrderType:9 TargetID:56 ClearPreviousOrders:false} {Subjects:[26] OrderType:9 TargetID:57 ClearPreviousOrders:false} {Subjects:[26] OrderType:9 TargetID:58 ClearPreviousOrders:false} {Subjects:[27] OrderType:9 TargetID:53 ClearPreviousOrders:true} {Subjects:[27] OrderType:9 TargetID:55 ClearPreviousOrders:false} {Subjects:[27] OrderType:9 TargetID:56 ClearPreviousOrders:false} {Subjects:[27] OrderType:9 TargetID:57 ClearPreviousOrders:false} {Subjects:[27] OrderType:9 TargetID:58 ClearPreviousOrders:false} {Subjects:[27] OrderType:9 TargetID:59 ClearPreviousOrders:false} {Subjects:[28] OrderType:9 TargetID:53 ClearPreviousOrders:true} {Subjects:[28] OrderType:9 TargetID:56 ClearPreviousOrders:false} {Subjects:[28] OrderType:9 TargetID:57 ClearPreviousOrders:false} {Subjects:[28] OrderType:9 TargetID:58 ClearPreviousOrders:false} {Subjects:[28] OrderType:9 TargetID:59 ClearPreviousOrders:false} {Subjects:[28] OrderType:9 TargetID:60 ClearPreviousOrders:false} {Subjects:[29] OrderType:9 TargetID:53 ClearPreviousOrders:true} {Subjects:[29] OrderType:9 TargetID:57 ClearPreviousOrders:false} {Subjects:[29] OrderType:9 TargetID:58 ClearPreviousOrders:false} {Subjects:[29] OrderType:9 TargetID:59 ClearPreviousOrders:false} {Subjects:[29] OrderType:9 TargetID:60 ClearPreviousOrders:false} {Subjects:[29] OrderType:9 TargetID:54 ClearPreviousOrders:false} {Subjects:[30] OrderType:9 TargetID:53 ClearPreviousOrders:true} {Subjects:[30] OrderType:9 TargetID:58 ClearPreviousOrders:false} {Subjects:[30] OrderType:9 TargetID:59 ClearPreviousOrders:false} {Subjects:[30] OrderType:9 TargetID:60 ClearPreviousOrders:false} {Subjects:[30] OrderType:9 TargetID:54 ClearPreviousOrders:false} {Subjects:[30] OrderType:9 TargetID:54 ClearPreviousOrders:false}]
2026/09/30 21:20:38 ai ai-0: vars {"B":0,"Hv":5,"Pi":0,"aPowLocal":0,"aThreat":0,"a_engaged":0,"a_odds":1.3,"a_outnumbered":0,"army_target":50,"army_value":900,"assault":0,"bank_rate":28,"bar_barracks":0.17072129748186085,"bar_redoubt":1.1111111111111112,"barracks":0,"barracks_B":0,"barracks_P":0,"barracks_save":0,"barracks_spend":78.1,"barracks_want":0,"buffer_food":70,"buffer_gold":0,"buffer_stone":0,"buffer_wood":70,"builders":0,"committed":0,"eB":13.199999999999996,"eGrowth":0,"eH":6,"eMil":25.999999999999996,"eP":6.800000000000001,"ePow":50.8,"ePowEst":48.72133094751999,"ePowSeen":48.72133094751999,"eTech":1,"eV":0,"es":26.999999999999996,"farm_want":0,"farm_wood_short":0,"farming":0,"fire_barracks":0,"fire_farm0":0,"fire_farm1":0,"fire_farm2":0,"fire_house":0,"fire_outpost":0,"fire_redoubt":0,"fire_smith":0,"fire_vc":0,"food_need":0,"food_over":0,"food_rate":0,"food_slots":1000,"food_workers":0,"free_room":45,"go":0,"gold_income":0,"gold_need":0,"gold_rate":0,"gold_surplus":94,"guaranteed":0,"guard_home":0,"headroom":-5,"hire_B":5061.538461538462,"hire_P":7953.846153846153,"homePow":0,"house_builders":0,"house_urgency":0,"house_want":0,"income_proj":0,"left":0,"lf_food":0,"lf_gold":0,"lf_stone":0,"lf_wood":0,"lump_food":0,"lump_gold":0,"lump_stone":0,"lump_wood":0,"maturity":0,"mil":5,"myTech":1,"n_barracks":0,"n_redoubts":0,"needB":33.13516923278794,"needP":11.864830767212062,"outpost_want":0,"pikes":0,"planned_food":0,"planned_gold":0,"planned_stone":0,"planned_wood":0,"prod_rate":0,"proj_army":900,"raid_danger":0,"raid_fails":1,"raid_lost":0,"raid_pause":15,"raid_prev":0,"raid_size":0,"raid_wiped":0,"rate":6,"redoubt_H":0,"redoubt_gold_ok":0.41777777777777775,"redoubt_save":0,"redoubt_spend":30,"redoubt_want":0,"redoubts":0,"rf_food":0,"rf_gold":0,"rf_stone":0,"rf_wood":0,"sB4":1.231014905679013,"sP4":0.44079399218351606,"scale_l":0,"scale_r":0,"shareH":0.5099931082012406,"smith_want":0,"smiths":0,"spare":0,"spare_food":0.5,"stone_need":0,"stone_rate":0,"tH":50,"target_spend":400,"tech_food":50,"tech_gold":0,"tech_stone":0,"tech_wood":50,"threat_home":0,"turns_left":-50,"u_barracks":0.17567468592016985,"u_redoubt":0.4759935676544912,"unit_spend":120,"vB":1.0533333333333335,"vH":1.0962962962962963,"vP":0.8148148148148148,"vc_want":0,"vcs":0,"vil_goal":50,"vil_rate":0,"vil_stamina":8,"vil_want":0,"vil_want_last":0,"vil_worth_now":0.6,"vils":0,"w_food":0,"w_gold":0,"w_stone":0,"w_wood":0,"wild_workers":0,"wood_need":0,"wood_rate":0,"workers":0}
2026/09/30 21:20:38 player action: set-unit-behavior 0 1 map[internal_ids:[26 27 28 29 30] interrupt_current:false]
2026/09/30 21:20:38 player action: submit-orders 0 1 map[orders:[{0 [26] 9 53 true} {0 [27] 9 53 true} {0 [28] 9 53 true} {0 [29] 9 53 true} {0 [30] 9 53 true} {0 [26] 9 53 true} {0 [26] 9 54 false} {0 [26] 9 55 false} {0 [26] 9 56 false} {0 [26] 9 57 false} {0 [26] 9 58 false} {0 [27] 9 53 true} {0 [27] 9 55 false} {0 [27] 9 56 false} {0 [27] 9 57 false} {0 [27] 9 58 false} {0 [27] 9 59 false} {0 [28] 9 53 true} {0 [28] 9 56 false} {0 [28] 9 57 false} {0 [28] 9 58 false} {0 [28] 9 59 false} {0 [28] 9 60 false} {0 [29] 9 53 true} {0 [29] 9 57 false} {0 [29] 9 58 false} {0 [29] 9 59 false} {0 [29] 9 60 false} {0 [29] 9 54 false} {0 [30] 9 53 true} {0 [30] 9 58 false} {0 [30] 9 59 false} {0 [30] 9 60 false} {0 [30] 9 54 false} {0 [30] 9 54 false}]]
2026/09/30 21:20:38 Executing submit orders for: 0 [{0 [26] 9 53 true} {0 [27] 9 53 true} {0 [28] 9 53 true} {0 [29] 9 53 true} {0 [30] 9 53 true} {0 [26] 9 53 true} {0 [26] 9 54 false} {0 [26] 9 55 false} {0 [26] 9 56 false} {0 [26] 9 57 false} {0 [26] 9 58 false} {0 [27] 9 53 true} {0 [27] 9 55 false} {0 [27] 9 56 false} {0 [27] 9 57 false} {0 [27] 9 58 false} {0 [27] 9 59 false} {0 [28] 9 53 true} {0 [28] 9 56 false} {0 [28] 9 57 false} {0 [28] 9 58 false} {0 [28] 9 59 false} {0 [28] 9 60 false} {0 [29] 9 53 true} {0 [29] 9 57 false} {0 [29] 9 58 false} {0 [29] 9 59 false} {0 [29] 9 60 false} {0 [29] 9 54 false} {0 [30] 9 53 true} {0 [30] 9 58 false} {0 [30] 9 59 false} {0 [30] 9 60 false} {0 [30] 9 54 false} {0 [30] 9 54 false}]
2026/09/30 21:20:38 Resolving active orders
2026/09/30 21:20:38 combat turn=13 tick=1: 29 u13 (player 0, stamina 3) hits 53 u12 (player 1) for 4.54
2026/09/30 21:20:38 combat turn=13 tick=1: 26 u13 (player 0, stamina 3) hits 53 u12 (player 1) for 4.54
2026/09/30 21:20:38 combat turn=13 tick=1: 28 u13 (player 0, stamina 3) hits 53 u12 (player 1) for 4.54
2026/09/30 21:20:38 combat turn=13 tick=1: 27 u13 (player 0, stamina 3) hits 53 u12 (player 1) for 4.54
2026/09/30 21:20:38 combat turn=13 tick=1: 30 u13 (player 0, stamina 3) hits 53 u12 (player 1) for 4.54
2026/09/30 21:20:38 combat turn=13 tick=1: 53 u12 (player 1, stamina 3) hits 26 u13 (player 0) for 2.10
2026/09/30 21:20:38 combat turn=13 tick=1: 60 u13 (player 1, stamina 3) hits 26 u13 (player 0) for 3.41
2026/09/30 21:20:38 combat turn=13 tick=1: 59 u13 (player 1, stamina 3) hits 26 u13 (player 0) for 3.41
2026/09/30 21:20:38 combat turn=13 tick=1: 56 u13 (player 1, stamina 3) hits 26 u13 (player 0) for 3.41
2026/09/30 21:20:38 combat turn=13 tick=1: 54 u12 (player 1, stamina 3) hits 26 u13 (player 0) for 2.10
2026/09/30 21:20:38 Moving unit 31 Blunt Infantry to zone(0, 1) in space (-1, 3) tick=1
2026/09/30 21:20:38 combat turn=13 tick=1: 55 u13 (player 1, stamina 3) hits 26 u13 (player 0) for 3.41
2026/09/30 21:20:38 combat turn=13 tick=1: 58 u13 (player 1, stamina 3) hits 26 u13 (player 0) for 3.41
2026/09/30 21:20:38 combat turn=13 tick=1: 57 u13 (player 1, stamina 3) hits 26 u13 (player 0) for 3.41
2026/09/30 21:20:38 state_hash turn=13 tick=1 hash=da0a3cc46d0d2c6a
2026/09/30 21:20:38 combat turn=13 tick=2: 28 u13 (player 0, stamina 3) hits 56 u13 (player 1) for 3.41
2026/09/30 21:20:38 combat turn=13 tick=2: 27 u13 (player 0, stamina 3) hits 55 u13 (player 1) for 3.41
2026/09/30 21:20:38 combat turn=13 tick=2: 30 u13 (player 0, stamina 3) hits 58 u13 (player 1) for 3.41
2026/09/30 21:20:38 combat turn=13 tick=2: 29 u13 (player 0, stamina 3) hits 57 u13 (player 1) for 3.41
2026/09/30 21:20:38 combat turn=13 tick=2: 26 u13 (player 0, stamina 3) hits 54 u12 (player 1) for 4.54
2026/09/30 21:20:38 combat turn=13 tick=2: 54 u12 (player 1, stamina 3) hits 26 u13 (player 0) for 2.10
2026/09/30 21:20:38 Moving unit 31 Blunt Infantry to zone(0, -1) in space (-1, 4) tick=2
2026/09/30 21:20:38 combat turn=13 tick=2: 55 u13 (player 1, stamina 3) hits 26 u13 (player 0) for 3.41
2026/09/30 21:20:38 combat turn=13 tick=2: 58 u13 (player 1, stamina 3) hits 26 u13 (player 0) for 3.41
2026/09/30 21:20:38 combat turn=13 tick=2: 57 u13 (player 1, stamina 3) hits 26 u13 (player 0) for 3.41
2026/09/30 21:20:38 combat turn=13 tick=2: 60 u13 (player 1, stamina 3) hits 26 u13 (player 0) for 3.41
2026/09/30 21:20:38 combat turn=13 tick=2: 59 u13 (player 1, stamina 3) hits 26 u13 (player 0) for 3.41
2026/09/30 21:20:38 combat turn=13 tick=2: 56 u13 (player 1, stamina 3) hits 26 u13 (player 0) for 3.41
2026/09/30 21:20:38 state_hash turn=13 tick=2 hash=ba290a10a3313df7
2026/09/30 21:20:38 combat turn=13 tick=3: 28 u13 (player 0, stamina 2) hits 56 u13 (player 1) for 2.27
2026/09/30 21:20:38 combat turn=13 tick=3: 27 u13 (player 0, stamina 2) hits 55 u13 (player 1) for 2.27
2026/09/30 21:20:38 combat turn=13 tick=3: 30 u13 (player 0, stamina 2) hits 58 u13 (player 1) for 2.27
2026/09/30 21:20:38 combat turn=13 tick=3: 29 u13 (player 0, stamina 2) hits 57 u13 (player 1) for 2.27
2026/09/30 21:20:38 combat turn=13 tick=3: 26 u13 (player 0, stamina 2) hits 54 u12 (player 1) for 3.03
2026/09/30 21:20:38 combat turn=13 tick=3: 54 u12 (player 1, stamina 3) hits 26 u13 (player 0) for 2.10
2026/09/30 21:20:38 Moving unit 31 Blunt Infantry to zone(0, 0) in space (-1, 4) tick=3
2026/09/30 21:20:38 combat turn=13 tick=3: 55 u13 (player 1, stamina 2) hits 26 u13 (player 0) for 2.27
2026/09/30 21:20:38 combat turn=13 tick=3: 58 u13 (player 1, stamina 2) hits 26 u13 (player 0) for 2.27
2026/09/30 21:20:38 combat turn=13 tick=3: 57 u13 (player 1, stamina 2) hits 26 u13 (player 0) for 2.27
2026/09/30 21:20:38 combat turn=13 tick=3: 60 u13 (player 1, stamina 2) hits 26 u13 (player 0) for 2.27
2026/09/30 21:20:38 combat turn=13 tick=3: 59 u13 (player 1, stamina 2) hits 26 u13 (player 0) for 2.27
2026/09/30 21:20:38 combat turn=13 tick=3: 56 u13 (player 1, stamina 2) hits 26 u13 (player 0) for 2.27
2026/09/30 21:20:38 state_hash turn=13 tick=3 hash=76debd948c95346f
2026/09/30 21:20:38 Moving unit 31 Blunt Infantry to zone(1, 0) in space (-1, 4) tick=4
2026/09/30 21:20:38 combat turn=13 tick=4: 54 u12 (player 1, stamina 3) hits 27 u13 (player 0) for 2.10
2026/09/30 21:20:38 state_hash turn=13 tick=4 hash=9c5d40ab7dcef3f2
2026/09/30 21:20:38 Moving unit 31 Blunt Infantry to zone(-1, 0) in space (0, 4) tick=5
2026/09/30 21:20:38 state_hash turn=13 tick=5 hash=602d0705fc6fa350
2026/09/30 21:20:38 Moving unit 31 Blunt Infantry to zone(0, 0) in space (0, 4) tick=6
2026/09/30 21:20:38 state_hash turn=13 tick=6 hash=d1c5105f29312f58
2026/09/30 21:20:38 state_hash turn=13 tick=end hash=d38f22952f6003a1
2026/09/30 21:20:38 ai ai-0: new turn data {"buildings":[],"enemy_buildings":[],"enemy_units":[{"InternalID":54,"UnitID":12,"Type":2,"Kind":1,"Location":{"Space":{"X":2,"Y":-3},"Zone":{"X":-1,"Y":0}},"CurrentStamina":12,"CurrentOrder":null,"Builds":[],"GarrisonedIn":null,"Stance":0,"InterruptCurrent":false,"AttackBack":false,"TargetPriority":"","ActiveOrders":null,"Health":3.625,"MaxHealth":16},{"InternalID":55,"UnitID":13,"Type":2,"Kind":1,"Location":{"Space":{"X":2,"Y":-3},"Zone":{"X":-1,"Y":0}},"CurrentStamina":8,"CurrentOrder":null,"Builds":[],"GarrisonedIn":null,"Stance":0,"InterruptCurrent":false,"AttackBack":false,"TargetPriority":"","ActiveOrders":null,"Health":42.6583,"MaxHealth":50},{"InternalID":56,"UnitID":13,"Type":2,"Kind":1,"Location":{"Space":{"X":2,"Y":-3},"Zone":{"X":-1,"Y":0}},"CurrentStamina":8,"CurrentOrder":null,"Builds":[],"GarrisonedIn":null,"Stance":0,"InterruptCurrent":false,"AttackBack":false,"TargetPriority":"","ActiveOrders":null,"Health":44.325,"MaxHealth":50},{"InternalID":57,"UnitID":13,"Type":2,"Kind":1,"Location":{"Space":{"X":2,"Y":-3},"Zone":{"X":-1,"Y":0}},"CurrentStamina":8,"CurrentOrder":null,"Builds":[],"GarrisonedIn":null,"Stance":0,"InterruptCurrent":false,"AttackBack":false,"TargetPriority":"","ActiveOrders":null,"Health":44.325,"MaxHealth":50},{"InternalID":58,"UnitID":13,"Type":2,"Kind":1,"Location":{"Space":{"X":2,"Y":-3},"Zone":{"X":-1,"Y":0}},"CurrentStamina":8,"CurrentOrder":null,"Builds":[],"GarrisonedIn":null,"Stance":0,"InterruptCurrent":false,"AttackBack":false,"TargetPriority":"","ActiveOrders":null,"Health":44.325,"MaxHealth":50},{"InternalID":59,"UnitID":13,"Type":2,"Kind":1,"Location":{"Space":{"X":2,"Y":-3},"Zone":{"X":-1,"Y":0}},"CurrentStamina":8,"CurrentOrder":null,"Builds":[],"GarrisonedIn":null,"Stance":0,"InterruptCurrent":false,"AttackBack":false,"TargetPriority":"","ActiveOrders":null,"Health":50,"MaxHealth":50},{"InternalID":60,"UnitID":13,"Type":2,"Kind":1,"Location":{"Space":{"X":2,"Y":-3},"Zone":{"X":-1,"Y":0}},"CurrentStamina":8,"CurrentOrder":null,"Builds":[],"GarrisonedIn":null,"Stance":0,"InterruptCurrent":false,"AttackBack":false,"TargetPriority":"","ActiveOrders":null,"Health":50,"MaxHealth":50}],"foundations":[],"population":{"current":4,"limit":0},"resources":{"food":200,"gold":94,"stone":100,"wood":200},"spaces":[{"Space":{"X":0,"Y":-4},"Vision":1,"Owner":-1},{"Space":{"X":1,"Y":-4},"Vision":1,"Owner":-1},{"Space":{"X":2,"Y":-4},"Vision":2,"Owner":-1},{"Space":{"X":3,"Y":-4},"Vision":2,"Owner":-1},{"Space":{"X":4,"Y":-4},"Vision":0,"Owner":-1},{"Space":{"X":-1,"Y":-3},"Vision":1,"Owner":-1},{"Space":{"X":0,"Y":-3},"Vision":1,"Owner":-1},{"Space":{"X":1,"Y":-3},"Vision":3,"Owner":-1},{"Space":{"X":2,"Y":-3},"Vision":3,"Owner":-1},{"Space":{"X":3,"Y":-3},"Vision":2,"Owner":-1},{"Space":{"X":4,"Y":-3},"Vision":0,"Owner":-1},{"Space":{"X":-2,"Y":-2},"Vision":1,"Owner":-1},{"Space":{"X":-1,"Y":-2},"Vision":1,"Owner":-1},{"Space":{"X":0,"Y":-2},"Vision":1,"Owner":-1},{"Space":{"X":1,"Y":-2},"Vision":2,"Owner":-1},{"Space":{"X":2,"Y":-2},"Vision":2,"Owner":-1},{"Space":{"X":3,"Y":-2},"Vision":0,"Owner":-1},{"Space":{"X":4,"Y":-2},"Vision":0,"Owner":-1},{"Space":{"X":-3,"Y":-1},"Vision":1,"Owner":-1},{"Space":{"X":-2,"Y":-1},"Vision":1,"Owner":-1},{"Space":{"X":-1,"Y":-1},"Vision":1,"Owner":-1},{"Space":{"X":0,"Y":-1},"Vision":1,"Owner":-1},{"Space":{"X":1,"Y":-1},"Vision":1,"Owner":-1},{"Space":{"X":2,"Y":-1},"Vision":0,"Owner":-1},{"Space":{"X":3,"Y":-1},"Vision":0,"Owner":-1},{"Space":{"X":4,"Y":-1},"Vision":0,"Owner":-1},{"Space":{"X":-4,"Y":0},"Vision":1,"Owner":-1},{"Space":{"X":-3,"Y":0},"Vision":1,"Owner":-1},{"Space":{"X":-2,"Y":0},"Vision":1,"Owner":1},{"Space":{"X":-1,"Y":0},"Vision":1,"Owner":-1},{"Space":{"X":0,"Y":0},"Vision":1,"Owner":-1},{"Space":{"X":1,"Y":0},"Vision":1,"Owner":-1},{"Space":{"X":2,"Y":0},"Vision":1,"Owner":-1},{"Space":{"X":3,"Y":0},"Vision":0,"Owner":-1},{"Space":{"X":4,"Y":0},"Vision":0,"Owner":-1},{"Space":{"X":-4,"Y":1},"Vision":1,"Owner":-1},{"Space":{"X":-3,"Y":1},"Vision":1,"Owner":-1},{"Space":{"X":-2,"Y":1},"Vision":1,"Owner":-1},{"Space":{"X":-1,"Y":1},"Vision":1,"Owner":-1},{"Space":{"X":0,"Y":1},"Vision":1,"Owner":-1},{"Space":{"X":1,"Y":1},"Vision":1,"Owner":-1},{"Space":{"X":2,"Y":1},"Vision":1,"Owner":-1},{"Space":{"X":3,"Y":1},"Vision":0,"Owner":-1},{"Space":{"X":-4,"Y":2},"Vision":1,"Owner":-1},{"Space":{"X":-3,"Y":2},"Vision":1,"Owner":-1},{"Space":{"X":-2,"Y":2},"Vision":1,"Owner":1},{"Space":{"X":-1,"Y":2},"Vision":1,"Owner":-1},{"Space":{"X":0,"Y":2},"Vision":1,"Owner":-1},{"Space":{"X":1,"Y":2},"Vision":1,"Owner":-1},{"Space":{"X":2,"Y":2},"Vision":1,"Owner":-1},{"Space":{"X":-4,"Y":3},"Vision":1,"Owner":-1},{"Space":{"X":-3,"Y":3},"Vision":1,"Owner":-1},{"Space":{"X":-2,"Y":3},"Vision":1,"Owner":-1},{"Space":{"X":-1,"Y":3},"Vision":1,"Owner":-1},{"Space":{"X":0,"Y":3},"Vision":1,"Owner":-1},{"Space":{"X":1,"Y":3},"Vision":1,"Owner":-1},{"Space":{"X":-4,"Y":4},"Vision":1,"Owner":-1},{"Space":{"X":-3,"Y":4},"Vision":1,"Owner":-1},{"Space":{"X":-2,"Y":4},"Vision":1,"Owner":-1},{"Space":{"X":-1,"Y":4},"Vision":1,"Owner":-1},{"Space":{"X":0,"Y":4},"Vision":1,"Owner":-1}],"units":[{"InternalID":27,"UnitID":13,"Type":2,"Kind":1,"Location":{"Space":{"X":2,"Y":-3},"Zone":{"X":-1,"Y":0}},"CurrentStamina":8,"CurrentOrder":{"Kind":6,"TargetZone":null,"TargetSpace":null,"TargetResource":null,"TargetUnit":{"InternalID":55,"UnitID":13,"Type":2,"Kind":1,"Location":{"Space":{"X":2,"Y":-3},"Zone":{"X":-1,"Y":0}},"CurrentStamina":8,"CurrentOrder":null,"Builds":[],"GarrisonedIn":null,"Stance":0,"InterruptCurrent":false,"AttackBack":false,"TargetPriority":"","ActiveOrders":null,"Health":42.6583,"MaxHealth":50},"TargetBuilding":null},"Builds":[],"GarrisonedIn":null,"Stance":3,"InterruptCurrent":false,"AttackBack":true,"TargetPriority":"","ActiveOrders":[{"ID":627,"Kind":6},{"ID":628,"Kind":6},{"ID":629,"Kind":6},{"ID":630,"Kind":6},{"ID":631,"Kind":6}],"Health":47.9,"MaxHealth":50},{"InternalID":28,"UnitID":13,"Type":2,"Kind":1,"Location":{"Space":{"X":2,"Y":-3},"Zone":{"X":-1,"Y":0}},"CurrentStamina":8,"CurrentOrder":{"Kind":6,"TargetZone":null,"TargetSpace":null,"TargetResource":null,"TargetUnit":{"InternalID":56,"UnitID":13,"Type":2,"Kind":1,"Location":{"Space":{"X":2,"Y":-3},"Zone":{"X":-1,"Y":0}},"CurrentStamina":8,"CurrentOrder":null,"Builds":[],"GarrisonedIn":null,"Stance":0,"InterruptCurrent":false,"AttackBack":false,"TargetPriority":"","ActiveOrders":null,"Health":44.325,"MaxHealth":50},"TargetBuilding":null},"Builds":[],"GarrisonedIn":null,"Stance":3,"InterruptCurrent":false,"AttackBack":true,"TargetPriority":"","ActiveOrders":[{"ID":633,"Kind":6},{"ID":634,"Kind":6},{"ID":635,"Kind":6},{"ID":636,"Kind":6},{"ID":637,"Kind":6}],"Health":50,"MaxHealth":50},{"InternalID":29,"UnitID":13,"Type":2,"Kind":1,"Location":{"Space":{"X":2,"Y":-3},"Zone":{"X":-1,"Y":0}},"CurrentStamina":8,"CurrentOrder":{"Kind":6,"TargetZone":null,"TargetSpace":null,"TargetResource":null,"TargetUnit":{"InternalID":57,"UnitID":13,"Type":2,"Kind":1,"Location":{"Space":{"X":2,"Y":-3},"Zone":{"X":-1,"Y":0}},"CurrentStamina":8,"CurrentOrder":null,"Builds":[],"GarrisonedIn":null,"Stance":0,"InterruptCurrent":false,"AttackBack":false,"TargetPriority":"","ActiveOrders":null,"Health":44.325,"MaxHealth":50},"TargetBuilding":null},"Builds":[],"GarrisonedIn":null,"Stance":3,"InterruptCurrent":false,"AttackBack":true,"TargetPriority":"","ActiveOrders":[{"ID":639,"Kind":6},{"ID":640,"Kind":6},{"ID":641,"Kind":6},{"ID":642,"Kind":6},{"ID":643,"Kind":6}],"Health":50,"MaxHealth":50},{"InternalID":30,"UnitID":13,"Type":2,"Kind":1,"Location":{"Space":{"X":2,"Y":-3},"Zone":{"X":-1,"Y":0}},"CurrentStamina":8,"CurrentOrder":{"Kind":6,"TargetZone":null,"TargetSpace":null,"TargetResource":null,"TargetUnit":{"InternalID":58,"UnitID":13,"Type":2,"Kind":1,"Location":{"Space":{"X":2,"Y":-3},"Zone":{"X":-1,"Y":0}},"CurrentStamina":8,"CurrentOrder":null,"Builds":[],"GarrisonedIn":null,"Stance":0,"InterruptCurrent":false,"AttackBack":false,"TargetPriority":"","ActiveOrders":null,"Health":44.325,"MaxHealth":50},"TargetBuilding":null},"Builds":[],"GarrisonedIn":null,"Stance":3,"InterruptCurrent":false,"AttackBack":true,"TargetPriority":"","ActiveOrders":[{"ID":645,"Kind":6},{"ID":646,"Kind":6},{"ID":647,"Kind":6},{"ID":648,"Kind":6},{"ID":649,"Kind":6}],"Health":50,"MaxHealth":50}]}
2026/09/30 21:20:38 ai ai-1: new turn data {"buildings":[],"enemy_buildings":[],"enemy_units":[{"InternalID":27,"UnitID":13,"Type":2,"Kind":1,"Location":{"Space":{"X":2,"Y":-3},"Zone":{"X":-1,"Y":0}},"CurrentStamina":8,"CurrentOrder":null,"Builds":[],"GarrisonedIn":null,"Stance":0,"InterruptCurrent":false,"AttackBack":false,"TargetPriority":"","ActiveOrders":null,"Health":47.9,"MaxHealth":50},{"InternalID":28,"UnitID":13,"Type":2,"Kind":1,"Location":{"Space":{"X":2,"Y":-3},"Zone":{"X":-1,"Y":0}},"CurrentStamina":8,"CurrentOrder":null,"Builds":[],"GarrisonedIn":null,"Stance":0,"InterruptCurrent":false,"AttackBack":false,"TargetPriority":"","ActiveOrders":null,"Health":50,"MaxHealth":50},{"InternalID":29,"UnitID":13,"Type":2,"Kind":1,"Location":{"Space":{"X":2,"Y":-3},"Zone":{"X":-1,"Y":0}},"CurrentStamina":8,"CurrentOrder":null,"Builds":[],"GarrisonedIn":null,"Stance":0,"InterruptCurrent":false,"AttackBack":false,"TargetPriority":"","ActiveOrders":null,"Health":50,"MaxHealth":50},{"InternalID":30,"UnitID":13,"Type":2,"Kind":1,"Location":{"Space":{"X":2,"Y":-3},"Zone":{"X":-1,"Y":0}},"CurrentStamina":8,"CurrentOrder":null,"Builds":[],"GarrisonedIn":null,"Stance":0,"InterruptCurrent":false,"AttackBack":false,"TargetPriority":"","ActiveOrders":null,"Health":50,"MaxHealth":50}],"foundations":[],"population":{"current":8,"limit":0},"resources":{"food":200,"gold":40,"stone":100,"wood":200},"spaces":[{"Space":{"X":0,"Y":-4},"Vision":1,"Owner":-1},{"Space":{"X":1,"Y":-4},"Vision":1,"Owner":-1},{"Space":{"X":2,"Y":-4},"Vision":2,"Owner":-1},{"Space":{"X":3,"Y":-4},"Vision":2,"Owner":-1},{"Space":{"X":4,"Y":-4},"Vision":0,"Owner":-1},{"Space":{"X":-1,"Y":-3},"Vision":1,"Owner":0},{"Space":{"X":0,"Y":-3},"Vision":1,"Owner":-1},{"Space":{"X":1,"Y":-3},"Vision":3,"Owner":-1},{"Space":{"X":2,"Y":-3},"Vision":3,"Owner":-1},{"Space":{"X":3,"Y":-3},"Vision":2,"Owner":-1},{"Space":{"X":4,"Y":-3},"Vision":0,"Owner":-1},{"Space":{"X":-2,"Y":-2},"Vision":1,"Owner":-1},{"Space":{"X":-1,"Y":-2},"Vision":1,"Owner":0},{"Space":{"X":0,"Y":-2},"Vision":1,"Owner":-1},{"Space":{"X":1,"Y":-2},"Vision":2,"Owner":-1},{"Space":{"X":2,"Y":-2},"Vision":2,"Owner":-1},{"Space":{"X":3,"Y":-2},"Vision":0,"Owner":-1},{"Space":{"X":4,"Y":-2},"Vision":0,"Owner":-1},{"Space":{"X":-3,"Y":-1},"Vision":1,"Owner":-1},{"Space":{"X":-2,"Y":-1},"Vision":1,"Owner":-1},{"Space":{"X":-1,"Y":-1},"Vision":1,"Owner":-1},{"Space":{"X":0,"Y":-1},"Vision":1,"Owner":-1},{"Space":{"X":1,"Y":-1},"Vision":1,"Owner":-1},{"Space":{"X":2,"Y":-1},"Vision":0,"Owner":-1},{"Space":{"X":3,"Y":-1},"Vision":0,"Owner":-1},{"Space":{"X":4,"Y":-1},"Vision":0,"Owner":-1},{"Space":{"X":-4,"Y":0},"Vision":1,"Owner":-1},{"Space":{"X":-3,"Y":0},"Vision":1,"Owner":-1},{"Space":{"X":-2,"Y":0},"Vision":1,"Owner":-1},{"Space":{"X":-1,"Y":0},"Vision":1,"Owner":-1},{"Space":{"X":0,"Y":0},"Vision":1,"Owner":-1},{"Space":{"X":1,"Y":0},"Vision":1,"Owner":-1},{"Space":{"X":2,"Y":0},"Vision":0,"Owner":-1},{"Space":{"X":3,"Y":0},"Vision":0,"Owner":-1},{"Space":{"X":4,"Y":0},"Vision":0,"Owner":-1},{"Space":{"X":-4,"Y":1},"Vision":1,"Owner":-1},{"Space":{"X":-3,"Y":1},"Vision":1,"Owner":-1},{"Space":{"X":-2,"Y":1},"Vision":1,"Owner":-1},{"Space":{"X":-1,"Y":1},"Vision":1,"Owner":-1},{"Space":{"X":0,"Y":1},"Vision":1,"Owner":-1},{"Space":{"X":1,"Y":1},"Vision":1,"Owner":-1},{"Space":{"X":2,"Y":1},"Vision":0,"Owner":-1},{"Space":{"X":3,"Y":1},"Vision":0,"Owner":-1},{"Space":{"X":-4,"Y":2},"Vision":1,"Owner":-1},{"Space":{"X":-3,"Y":2},"Vision":1,"Owner":-1},{"Space":{"X":-2,"Y":2},"Vision":1,"Owner":-1},{"Space":{"X":-1,"Y":2},"Vision":1,"Owner":-1},{"Space":{"X":0,"Y":2},"Vision":1,"Owner":-1},{"Space":{"X":1,"Y":2},"Vision":0,"Owner":-1},{"Space":{"X":2,"Y":2},"Vision":0,"Owner":-1},{"Space":{"X":-4,"Y":3},"Vision":1,"Owner":-1},{"Space":{"X":-3,"Y":3},"Vision":1,"Owner":-1},{"Space":{"X":-2,"Y":3},"Vision":1,"Owner":-1},{"Space":{"X":-1,"Y":3},"Vision":1,"Owner":-1},{"Space":{"X":0,"Y":3},"Vision":2,"Owner":-1},{"Space":{"X":1,"Y":3},"Vision":2,"Owner":-1},{"Space":{"X":-4,"Y":4},"Vision":1,"Owner":-1},{"Space":{"X":-3,"Y":4},"Vision":1,"Owner":-1},{"Space":{"X":-2,"Y":4},"Vision":1,"Owner":-1},{"Space":{"X":-1,"Y":4},"Vision":2,"Owner":-1},{"Space":{"X":0,"Y":4},"Vision":3,"Owner":1}],"units":[{"InternalID":31,"UnitID":11,"Type":2,"Kind":1,"Location":{"Space":{"X":0,"Y":4},"Zone":{"X":0,"Y":0}},"CurrentStamina":21,"CurrentOrder":null,"Builds":[],"GarrisonedIn":null,"Stance":3,"InterruptCurrent":false,"AttackBack":true,"TargetPriority":"","ActiveOrders":null,"Health":11,"MaxHealth":11},{"InternalID":54,"UnitID":12,"Type":2,"Kind":1,"Location":{"Space":{"X":2,"Y":-3},"Zone":{"X":-1,"Y":0}},"CurrentStamina":12,"CurrentOrder":{"Kind":4,"TargetZone":null,"TargetSpace":{"X":2,"Y":-3},"TargetResource":null,"TargetUnit":null,"TargetBuilding":null},"Builds":[],"GarrisonedIn":null,"Stance":3,"InterruptCurrent":false,"AttackBack":true,"TargetPriority":"","ActiveOrders":[{"ID":271,"Kind":4}],"Health":3.625,"MaxHealth":16},{"InternalID":55,"UnitID":13,"Type":2,"Kind":1,"Location":{"Space":{"X":2,"Y":-3},"Zone":{"X":-1,"Y":0}},"CurrentStamina":8,"CurrentOrder":{"Kind":4,"TargetZone":null,"TargetSpace":{"X":2,"Y":-3},"TargetResource":null,"TargetUnit":null,"TargetBuilding":null},"Builds":[],"GarrisonedIn":null,"Stance":3,"InterruptCurrent":false,"AttackBack":true,"TargetPriority":"","ActiveOrders":[{"ID":276,"Kind":4}],"Health":42.6583,"MaxHealth":50},{"InternalID":56,"UnitID":13,"Type":2,"Kind":1,"Location":{"Space":{"X":2,"Y":-3},"Zone":{"X":-1,"Y":0}},"CurrentStamina":8,"CurrentOrder":{"Kind":4,"TargetZone":null,"TargetSpace":{"X":2,"Y":-3},"TargetResource":null,"TargetUnit":null,"TargetBuilding":null},"Builds":[],"GarrisonedIn":null,"Stance":3,"InterruptCurrent":false,"AttackBack":true,"TargetPriority":"","ActiveOrders":[{"ID":261,"Kind":4}],"Health":44.325,"MaxHealth":50},{"InternalID":57,"UnitID":13,"Type":2,"Kind":1,"Location":{"Space":{"X":2,"Y":-3},"Zone":{"X":-1,"Y":0}},"CurrentStamina":8,"CurrentOrder":{"Kind":4,"TargetZone":null,"TargetSpace":{"X":2,"Y":-3},"TargetResource":null,"TargetUnit":null,"TargetBuilding":null},"Builds":[],"GarrisonedIn":null,"Stance":3,"InterruptCurrent":false,"AttackBack":true,"TargetPriority":"","ActiveOrders":[{"ID":249,"Kind":4}],"Health":44.325,"MaxHealth":50},{"InternalID":58,"UnitID":13,"Type":2,"Kind":1,"Location":{"Space":{"X":2,"Y":-3},"Zone":{"X":-1,"Y":0}},"CurrentStamina":8,"CurrentOrder":{"Kind":4,"TargetZone":null,"TargetSpace":{"X":2,"Y":-3},"TargetResource":null,"TargetUnit":null,"TargetBuilding":null},"Builds":[],"GarrisonedIn":null,"Stance":3,"InterruptCurrent":false,"AttackBack":true,"TargetPriority":"","ActiveOrders":[{"ID":277,"Kind":4}],"Health":44.325,"MaxHealth":50},{"InternalID":59,"UnitID":13,"Type":2,"Kind":1,"Location":{"Space":{"X":2,"Y":-3},"Zone":{"X":-1,"Y":0}},"CurrentStamina":8,"CurrentOrder":{"Kind":4,"TargetZone":null,"TargetSpace":{"X":2,"Y":-3},"TargetResource":null,"TargetUnit":null,"TargetBuilding":null},"Builds":[],"GarrisonedIn":null,"Stance":3,"InterruptCurrent":false,"AttackBack":true,"TargetPriority":"","ActiveOrders":[{"ID":260,"Kind":4}],"Health":50,"MaxHealth":50},{"InternalID":60,"UnitID":13,"Type":2,"Kind":1,"Location":{"Space":{"X":2,"Y":-3},"Zone":{"X":-1,"Y":0}},"CurrentStamina":8,"CurrentOrder":{"Kind":4,"TargetZone":null,"TargetSpace":{"X":2,"Y":-3},"TargetResource":null,"TargetUnit":null,"TargetBuilding":null},"Builds":[],"GarrisonedIn":null,"Stance":3,"InterruptCurrent":false,"AttackBack":true,"TargetPriority":"","ActiveOrders":[{"ID":256,"Kind":4}],"Health":50,"MaxHealth":50}]}
2026/09/30 21:20:38 ai ai-1: submitting orders [{Subjects:[31] OrderType:2 TargetID:1275 ClearPreviousOrders:true}]
2026/09/30 21:20:38 ai ai-1: vars {}
2026/09/30 21:20:38 player action: submit-orders 0 2 map[orders:[{1 [31] 2 1275 true}]]
2026/09/30 21:20:38 Executing submit orders for: 1 [{1 [31] 2 1275 true}]
2026/09/30 21:20:38 ai ai-0: submitting orders [{Subjects:[27] OrderType:9 TargetID:54 ClearPreviousOrders:true} {Subjects:[28] OrderType:9 TargetID:54 ClearPreviousOrders:true} {Subjects:[29] OrderType:9 TargetID:54 ClearPreviousOrders:true} {Subjects:[30] OrderType:9 TargetID:54 ClearPreviousOrders:true} {Subjects:[27] OrderType:9 TargetID:54 ClearPreviousOrders:true} {Subjects:[27] OrderType:9 TargetID:55 ClearPreviousOrders:false} {Subjects:[27] OrderType:9 TargetID:56 ClearPreviousOrders:false} {Subjects:[27] OrderType:9 TargetID:57 ClearPreviousOrders:false} {Subjects:[27] OrderType:9 TargetID:58 ClearPreviousOrders:false} {Subjects:[27] OrderType:9 TargetID:59 ClearPreviousOrders:false} {Subjects:[28] OrderType:9 TargetID:54 ClearPreviousOrders:true} {Subjects:[28] OrderType:9 TargetID:56 ClearPreviousOrders:false} {Subjects:[28] OrderType:9 TargetID:57 ClearPreviousOrders:false} {Subjects:[28] OrderType:9 TargetID:58 ClearPreviousOrders:false} {Subjects:[28] OrderType:9 TargetID:59 ClearPreviousOrders:false} {Subjects:[28] OrderType:9 TargetID:60 ClearPreviousOrders:false} {Subjects:[29] OrderType:9 TargetID:54 ClearPreviousOrders:true} {Subjects:[29] OrderType:9 TargetID:57 ClearPreviousOrders:false} {Subjects:[29] OrderType:9 TargetID:58 ClearPreviousOrders:false} {Subjects:[29] OrderType:9 TargetID:59 ClearPreviousOrders:false} {Subjects:[29] OrderType:9 TargetID:60 ClearPreviousOrders:false} {Subjects:[29] OrderType:9 TargetID:55 ClearPreviousOrders:false} {Subjects:[30] OrderType:9 TargetID:55 ClearPreviousOrders:true} {Subjects:[30] OrderType:9 TargetID:56 ClearPreviousOrders:false} {Subjects:[30] OrderType:9 TargetID:57 ClearPreviousOrders:false} {Subjects:[30] OrderType:9 TargetID:58 ClearPreviousOrders:false} {Subjects:[30] OrderType:9 TargetID:59 ClearPreviousOrders:false} {Subjects:[30] OrderType:9 TargetID:60 ClearPreviousOrders:false}]
2026/09/30 21:20:38 ai ai-0: vars {"B":0,"Hv":4,"Pi":0,"aPowLocal":0,"aThreat":0,"a_engaged":0,"a_odds":1.3,"a_outnumbered":0,"army_target":50,"army_value":720,"assault":0,"bank_rate":28,"bar_barracks":0.17072129748186085,"bar_redoubt":1.1111111111111112,"barracks":0,"barracks_B":0,"barracks_P":0,"barracks_save":0,"barracks_spend":78.1,"barracks_want":0,"buffer_food":70,"buffer_gold":0,"buffer_stone":0,"buffer_wood":70,"builders":0,"committed":0,"eB":12.899999999999995,"eGrowth":0,"eH":6,"eMil":25.399999999999995,"eP":6.500000000000001,"ePow":49.9,"ePowEst":47.746904328569585,"ePowSeen":47.746904328569585,"eTech":1,"eV":0,"es":26.399999999999995,"farm_want":0,"farm_wood_short":0,"farming":0,"fire_barracks":0,"fire_farm0":0,"fire_farm1":0,"fire_farm2":0,"fire_house":0,"fire_outpost":0,"fire_redoubt":0,"fire_smith":0,"fire_vc":0,"food_need":0,"food_over":0,"food_rate":0,"food_slots":1000,"food_workers":0,"free_room":46,"go":0,"gold_income":0,"gold_need":0,"gold_rate":0,"gold_surplus":94,"guaranteed":0,"guard_home":0,"headroom":-4,"hire_B":5061.538461538462,"hire_P":7953.846153846153,"homePow":0,"house_builders":0,"house_urgency":0,"house_want":0,"income_proj":0,"left":0,"lf_food":0,"lf_gold":0,"lf_stone":0,"lf_wood":0,"lump_food":0,"lump_gold":0,"lump_stone":0,"lump_wood":0,"maturity":0,"mil":4,"myTech":1,"n_barracks":0,"n_redoubts":0,"needB":33.85693376128861,"needP":12.14306623871139,"outpost_want":0,"pikes":0,"planned_food":0,"planned_gold":0,"planned_stone":0,"planned_wood":0,"prod_rate":0,"proj_army":720,"raid_danger":0,"raid_fails":1,"raid_lost":0,"raid_pause":14,"raid_prev":0,"raid_size":0,"raid_wiped":0,"rate":6,"redoubt_H":0,"redoubt_gold_ok":0.41777777777777775,"redoubt_save":0,"redoubt_spend":30,"redoubt_want":0,"redoubts":0,"rf_food":0,"rf_gold":0,"rf_stone":0,"rf_wood":0,"sB4":1.2207767300800856,"sP4":0.43784156003487323,"scale_l":0,"scale_r":0,"shareH":0.5107545839210155,"smith_want":0,"smiths":0,"spare":0,"spare_food":0.5,"stone_need":0,"stone_rate":0,"tH":50,"target_spend":400,"tech_food":50,"tech_gold":0,"tech_stone":0,"tech_wood":50,"threat_home":0,"turns_left":-40,"u_barracks":0.17540168566211994,"u_redoubt":0.4767042783262811,"unit_spend":120,"vB":1.0511363636363635,"vH":1.0973484848484847,"vP":0.8134469696969697,"vc_want":0,"vcs":0,"vil_goal":50,"vil_rate":0,"vil_stamina":8,"vil_want":0,"vil_want_last":0,"vil_worth_now":0.6,"vils":0,"w_food":0,"w_gold":0,"w_stone":0,"w_wood":0,"wild_workers":0,"wood_need":0,"wood_rate":0,"workers":0}
2026/09/30 21:20:38 player action: set-unit-behavior 0 1 map[internal_ids:[27 28 29 30] interrupt_current:true]
2026/09/30 21:20:38 player action: submit-orders 0 1 map[orders:[{0 [27] 9 54 true} {0 [28] 9 54 true} {0 [29] 9 54 true} {0 [30] 9 54 true} {0 [27] 9 54 true} {0 [27] 9 55 false} {0 [27] 9 56 false} {0 [27] 9 57 false} {0 [27] 9 58 false} {0 [27] 9 59 false} {0 [28] 9 54 true} {0 [28] 9 56 false} {0 [28] 9 57 false} {0 [28] 9 58 false} {0 [28] 9 59 false} {0 [28] 9 60 false} {0 [29] 9 54 true} {0 [29] 9 57 false} {0 [29] 9 58 false} {0 [29] 9 59 false} {0 [29] 9 60 false} {0 [29] 9 55 false} {0 [30] 9 55 true} {0 [30] 9 56 false} {0 [30] 9 57 false} {0 [30] 9 58 false} {0 [30] 9 59 false} {0 [30] 9 60 false}]]
2026/09/30 21:20:38 Executing submit orders for: 0 [{0 [27] 9 54 true} {0 [28] 9 54 true} {0 [29] 9 54 true} {0 [30] 9 54 true} {0 [27] 9 54 true} {0 [27] 9 55 false} {0 [27] 9 56 false} {0 [27] 9 57 false} {0 [27] 9 58 false} {0 [27] 9 59 false} {0 [28] 9 54 true} {0 [28] 9 56 false} {0 [28] 9 57 false} {0 [28] 9 58 false} {0 [28] 9 59 false} {0 [28] 9 60 false} {0 [29] 9 54 true} {0 [29] 9 57 false} {0 [29] 9 58 false} {0 [29] 9 59 false} {0 [29] 9 60 false} {0 [29] 9 55 false} {0 [30] 9 55 true} {0 [30] 9 56 false} {0 [30] 9 57 false} {0 [30] 9 58 false} {0 [30] 9 59 false} {0 [30] 9 60 false}]
2026/09/30 21:20:38 Resolving active orders
2026/09/30 21:20:38 combat turn=14 tick=1: 29 u13 (player 0, stamina 3) hits 54 u12 (player 1) for 4.54
2026/09/30 21:20:38 combat turn=14 tick=1: 28 u13 (player 0, stamina 3) hits 54 u12 (player 1) for 4.54
2026/09/30 21:20:38 combat turn=14 tick=1: 27 u13 (player 0, stamina 3) hits 54 u12 (player 1) for 4.54
2026/09/30 21:20:38 combat turn=14 tick=1: 30 u13 (player 0, stamina 3) hits 54 u12 (player 1) for 4.54
2026/09/30 21:20:38 combat turn=14 tick=1: 54 u12 (player 1, stamina 3) hits 27 u13 (player 0) for 2.10
2026/09/30 21:20:38 Moving unit 31 Blunt Infantry to zone(0, -1) in space (0, 4) tick=1
2026/09/30 21:20:38 combat turn=14 tick=1: 55 u13 (player 1, stamina 3) hits 27 u13 (player 0) for 3.41
2026/09/30 21:20:38 combat turn=14 tick=1: 58 u13 (player 1, stamina 3) hits 27 u13 (player 0) for 3.41
2026/09/30 21:20:38 combat turn=14 tick=1: 57 u13 (player 1, stamina 3) hits 27 u13 (player 0) for 3.41
2026/09/30 21:20:38 combat turn=14 tick=1: 60 u13 (player 1, stamina 3) hits 27 u13 (player 0) for 3.41
2026/09/30 21:20:38 combat turn=14 tick=1: 59 u13 (player 1, stamina 3) hits 27 u13 (player 0) for 3.41
2026/09/30 21:20:38 combat turn=14 tick=1: 56 u13 (player 1, stamina 3) hits 27 u13 (player 0) for 3.41
2026/09/30 21:20:38 state_hash turn=14 tick=1 hash=baf0365102f843e6
2026/09/30 21:20:38 combat turn=14 tick=2: 27 u13 (player 0, stamina 3) hits 55 u13 (player 1) for 3.41
2026/09/30 21:20:38 combat turn=14 tick=2: 30 u13 (player 0, stamina 3) hits 55 u13 (player 1) for 3.41
2026/09/30 21:20:38 combat turn=14 tick=2: 29 u13 (player 0, stamina 3) hits 55 u13 (player 1) for 3.41
2026/09/30 21:20:38 combat turn=14 tick=2: 28 u13 (player 0, stamina 3) hits 55 u13 (player 1) for 3.41
2026/09/30 21:20:38 Moving unit 31 Blunt Infantry to zone(0, 1) in space (0, 3) tick=2
2026/09/30 21:20:38 combat turn=14 tick=2: 55 u13 (player 1, stamina 3) hits 27 u13 (player 0) for 3.41
2026/09/30 21:20:38 combat turn=14 tick=2: 58 u13 (player 1, stamina 3) hits 27 u13 (player 0) for 3.41
2026/09/30 21:20:38 combat turn=14 tick=2: 57 u13 (player 1, stamina 3) hits 27 u13 (player 0) for 3.41
2026/09/30 21:20:38 combat turn=14 tick=2: 60 u13 (player 1, stamina 3) hits 27 u13 (player 0) for 3.41
2026/09/30 21:20:38 combat turn=14 tick=2: 59 u13 (player 1, stamina 3) hits 27 u13 (player 0) for 3.41
2026/09/30 21:20:38 combat turn=14 tick=2: 56 u13 (player 1, stamina 3) hits 27 u13 (player 0) for 3.41
2026/09/30 21:20:38 state_hash turn=14 tick=2 hash=c12ab1689602ed13
2026/09/30 21:20:38 combat turn=14 tick=3: 28 u13 (player 0, stamina 2) hits 55 u13 (player 1) for 2.27
2026/09/30 21:20:38 combat turn=14 tick=3: 27 u13 (player 0, stamina 2) hits 55 u13 (player 1) for 2.27
2026/09/30 21:20:38 combat turn=14 tick=3: 30 u13 (player 0, stamina 2) hits 55 u13 (player 1) for 2.27
2026/09/30 21:20:38 combat turn=14 tick=3: 29 u13 (player 0, stamina 2) hits 55 u13 (player 1) for 2.27
2026/09/30 21:20:38 Moving unit 31 Blunt Infantry to zone(0, 0) in space (0, 3) tick=3
2026/09/30 21:20:38 combat turn=14 tick=3: 55 u13 (player 1, stamina 2) hits 27 u13 (player 0) for 2.27
2026/09/30 21:20:38 combat turn=14 tick=3: 58 u13 (player 1, stamina 2) hits 27 u13 (player 0) for 2.27
2026/09/30 21:20:38 combat turn=14 tick=3: 57 u13 (player 1, stamina 2) hits 27 u13 (player 0) for 2.27
2026/09/30 21:20:38 combat turn=14 tick=3: 60 u13 (player 1, stamina 2) hits 27 u13 (player 0) for 2.27
2026/09/30 21:20:38 combat turn=14 tick=3: 59 u13 (player 1, stamina 2) hits 27 u13 (player 0) for 2.27
2026/09/30 21:20:38 combat turn=14 tick=3: 56 u13 (player 1, stamina 2) hits 27 u13 (player 0) for 2.27
2026/09/30 21:20:38 state_hash turn=14 tick=3 hash=0a8dfcc730001e85
2026/09/30 21:20:38 Moving unit 31 Blunt Infantry to zone(1, -1) in space (0, 3) tick=4
2026/09/30 21:20:38 state_hash turn=14 tick=4 hash=d5fabbbf23d9307a
2026/09/30 21:20:38 state_hash turn=14 tick=end hash=e9c4bdb1157abd0a
2026/09/30 21:20:38 ai ai-0: new turn data {"buildings":[],"enemy_buildings":[],"enemy_units":[{"InternalID":55,"UnitID":13,"Type":2,"Kind":1,"Location":{"Space":{"X":2,"Y":-3},"Zone":{"X":-1,"Y":0}},"CurrentStamina":8,"CurrentOrder":null,"Builds":[],"GarrisonedIn":null,"Stance":0,"InterruptCurrent":false,"AttackBack":false,"TargetPriority":"","ActiveOrders":null,"Health":19.9583,"MaxHealth":50},{"InternalID":56,"UnitID":13,"Type":2,"Kind":1,"Location":{"Space":{"X":2,"Y":-3},"Zone":{"X":-1,"Y":0}},"CurrentStamina":8,"CurrentOrder":null,"Builds":[],"GarrisonedIn":null,"Stance":0,"InterruptCurrent":false,"AttackBack":false,"TargetPriority":"","ActiveOrders":null,"Health":44.325,"MaxHealth":50},{"InternalID":57,"UnitID":13,"Type":2,"Kind":1,"Location":{"Space":{"X":2,"Y":-3},"Zone":{"X":-1,"Y":0}},"CurrentStamina":8,"CurrentOrder":null,"Builds":[],"GarrisonedIn":null,"Stance":0,"InterruptCurrent":false,"AttackBack":false,"TargetPriority":"","ActiveOrders":null,"Health":44.325,"MaxHealth":50},{"InternalID":58,"UnitID":13,"Type":2,"Kind":1,"Location":{"Space":{"X":2,"Y":-3},"Zone":{"X":-1,"Y":0}},"CurrentStamina":8,"CurrentOrder":null,"Builds":[],"GarrisonedIn":null,"Stance":0,"InterruptCurrent":false,"AttackBack":false,"TargetPriority":"","ActiveOrders":null,"Health":44.325,"MaxHealth":50},{"InternalID":59,"UnitID":13,"Type":2,"Kind":1,"Location":{"Space":{"X":2,"Y":-3},"Zone":{"X":-1,"Y":0}},"CurrentStamina":8,"CurrentOrder":null,"Builds":[],"GarrisonedIn":null,"Stance":0,"InterruptCurrent":false,"AttackBack":false,"TargetPriority":"","ActiveOrders":null,"Health":50,"MaxHealth":50},{"InternalID":60,"UnitID":13,"Type":2,"Kind":1,"Location":{"Space":{"X":2,"Y":-3},"Zone":{"X":-1,"Y":0}},"CurrentStamina":8,"CurrentOrder":null,"Builds":[],"GarrisonedIn":null,"Stance":0,"InterruptCurrent":false,"AttackBack":false,"TargetPriority":"","ActiveOrders":null,"Health":50,"MaxHealth":50}],"foundations":[],"population":{"current":3,"limit":0},"resources":{"food":200,"gold":94,"stone":100,"wood":200},"spaces":[{"Space":{"X":0,"Y":-4},"Vision":1,"Owner":-1},{"Space":{"X":1,"Y":-4},"Vision":1,"Owner":-1},{"Space":{"X":2,"Y":-4},"Vision":2,"Owner":-1},{"Space":{"X":3,"Y":-4},"Vision":2,"Owner":-1},{"Space":{"X":4,"Y":-4},"Vision":0,"Owner":-1},{"Space":{"X":-1,"Y":-3},"Vision":1,"Owner":-1},{"Space":{"X":0,"Y":-3},"Vision":1,"Owner":-1},{"Space":{"X":1,"Y":-3},"Vision":3,"Owner":-1},{"Space":{"X":2,"Y":-3},"Vision":3,"Owner":-1},{"Space":{"X":3,"Y":-3},"Vision":2,"Owner":-1},{"Space":{"X":4,"Y":-3},"Vision":0,"Owner":-1},{"Space":{"X":-2,"Y":-2},"Vision":1,"Owner":-1},{"Space":{"X":-1,"Y":-2},"Vision":1,"Owner":-1},{"Space":{"X":0,"Y":-2},"Vision":1,"Owner":-1},{"Space":{"X":1,"Y":-2},"Vision":2,"Owner":-1},{"Space":{"X":2,"Y":-2},"Vision":2,"Owner":-1},{"Space":{"X":3,"Y":-2},"Vision":0,"Owner":-1},{"Space":{"X":4,"Y":-2},"Vision":0,"Owner":-1},{"Space":{"X":-3,"Y":-1},"Vision":1,"Owner":-1},{"Space":{"X":-2,"Y":-1},"Vision":1,"Owner":-1},{"Space":{"X":-1,"Y":-1},"Vision":1,"Owner":-1},{"Space":{"X":0,"Y":-1},"Vision":1,"Owner":-1},{"Space":{"X":1,"Y":-1},"Vision":1,"Owner":-1},{"Space":{"X":2,"Y":-1},"Vision":0,"Owner":-1},{"Space":{"X":3,"Y":-1},"Vision":0,"Owner":-1},{"Space":{"X":4,"Y":-1},"Vision":0,"Owner":-1},{"Space":{"X":-4,"Y":0},"Vision":1,"Owner":-1},{"Space":{"X":-3,"Y":0},"Vision":1,"Owner":-1},{"Space":{"X":-2,"Y":0},"Vision":1,"Owner":1},{"Space":{"X":-1,"Y":0},"Vision":1,"Owner":-1},{"Space":{"X":0,"Y":0},"Vision":1,"Owner":-1},{"Space":{"X":1,"Y":0},"Vision":1,"Owner":-1},{"Space":{"X":2,"Y":0},"Vision":1,"Owner":-1},{"Space":{"X":3,"Y":0},"Vision":0,"Owner":-1},{"Space":{"X":4,"Y":0},"Vision":0,"Owner":-1},{"Space":{"X":-4,"Y":1},"Vision":1,"Owner":-1},{"Space":{"X":-3,"Y":1},"Vision":1,"Owner":-1},{"Space":{"X":-2,"Y":1},"Vision":1,"Owner":-1},{"Space":{"X":-1,"Y":1},"Vision":1,"Owner":-1},{"Space":{"X":0,"Y":1},"Vision":1,"Owner":-1},{"Space":{"X":1,"Y":1},"Vision":1,"Owner":-1},{"Space":{"X":2,"Y":1},"Vision":1,"Owner":-1},{"Space":{"X":3,"Y":1},"Vision":0,"Owner":-1},{"Space":{"X":-4,"Y":2},"Vision":1,"Owner":-1},{"Space":{"X":-3,"Y":2},"Vision":1,"Owner":-1},{"Space":{"X":-2,"Y":2},"Vision":1,"Owner":1},{"Space":{"X":-1,"Y":2},"Vision":1,"Owner":-1},{"Space":{"X":0,"Y":2},"Vision":1,"Owner":-1},{"Space":{"X":1,"Y":2},"Vision":1,"Owner":-1},{"Space":{"X":2,"Y":2},"Vision":1,"Owner":-1},{"Space":{"X":-4,"Y":3},"Vision":1,"Owner":-1},{"Space":{"X":-3,"Y":3},"Vision":1,"Owner":-1},{"Space":{"X":-2,"Y":3},"Vision":1,"Owner":-1},{"Space":{"X":-1,"Y":3},"Vision":1,"Owner":-1},{"Space":{"X":0,"Y":3},"Vision":1,"Owner":-1},{"Space":{"X":1,"Y":3},"Vision":1,"Owner":-1},{"Space":{"X":-4,"Y":4},"Vision":1,"Owner":-1},{"Space":{"X":-3,"Y":4},"Vision":1,"Owner":-1},{"Space":{"X":-2,"Y":4},"Vision":1,"Owner":-1},{"Space":{"X":-1,"Y":4},"Vision":1,"Owner":-1},{"Space":{"X":0,"Y":4},"Vision":1,"Owner":-1}],"units":[{"InternalID":28,"UnitID":13,"Type":2,"Kind":1,"Location":{"Space":{"X":2,"Y":-3},"Zone":{"X":-1,"Y":0}},"CurrentStamina":8,"CurrentOrder":{"Kind":4,"TargetZone":null,"TargetSpace":{"X":2,"Y":-3},"TargetResource":null,"TargetUnit":null,"TargetBuilding":null},"Builds":[],"GarrisonedIn":null,"Stance":3,"InterruptCurrent":true,"AttackBack":true,"TargetPriority":"","ActiveOrders":[{"ID":680,"Kind":4}],"Health":50,"MaxHealth":50},{"InternalID":29,"UnitID":13,"Type":2,"Kind":1,"Location":{"Space":{"X":2,"Y":-3},"Zone":{"X":-1,"Y":0}},"CurrentStamina":8,"CurrentOrder":{"Kind":4,"TargetZone":null,"TargetSpace":{"X":2,"Y":-3},"TargetResource":null,"TargetUnit":null,"TargetBuilding":null},"Builds":[],"GarrisonedIn":null,"Stance":3,"InterruptCurrent":true,"AttackBack":true,"TargetPriority":"","ActiveOrders":[{"ID":679,"Kind":4}],"Health":50,"MaxHealth":50},{"InternalID":30,"UnitID":13,"Type":2,"Kind":1,"Location":{"Space":{"X":2,"Y":-3},"Zone":{"X":-1,"Y":0}},"CurrentStamina":8,"CurrentOrder":{"Kind":4,"TargetZone":null,"TargetSpace":{"X":2,"Y":-3},"TargetResource":null,"TargetUnit":null,"TargetBuilding":null},"Builds":[],"GarrisonedIn":null,"Stance":3,"InterruptCurrent":true,"AttackBack":true,"TargetPriority":"","ActiveOrders":[{"ID":682,"Kind":4}],"Health":50,"MaxHealth":50}]}
2026/09/30 21:20:38 ai ai-1: new turn data {"buildings":[],"enemy_buildings":[],"enemy_units":[{"InternalID":28,"UnitID":13,"Type":2,"Kind":1,"Location":{"Space":{"X":2,"Y":-3},"Zone":{"X":-1,"Y":0}},"CurrentStamina":8,"CurrentOrder":null,"Builds":[],"GarrisonedIn":null,"Stance":0,"InterruptCurrent":false,"AttackBack":false,"TargetPriority":"","ActiveOrders":null,"Health":50,"MaxHealth":50},{"InternalID":29,"UnitID":13,"Type":2,"Kind":1,"Location":{"Space":{"X":2,"Y":-3},"Zone":{"X":-1,"Y":0}},"CurrentStamina":8,"CurrentOrder":null,"Builds":[],"GarrisonedIn":null,"Stance":0,"InterruptCurrent":false,"AttackBack":false,"TargetPriority":"","ActiveOrders":null,"Health":50,"MaxHealth":50},{"InternalID":30,"UnitID":13,"Type":2,"Kind":1,"Location":{"Space":{"X":2,"Y":-3},"Zone":{"X":-1,"Y":0}},"CurrentStamina":8,"CurrentOrder":null,"Builds":[],"GarrisonedIn":null,"Stance":0,"InterruptCurrent":false,"AttackBack":false,"TargetPriority":"","ActiveOrders":null,"Health":50,"MaxHealth":50}],"foundations":[],"population":{"current":7,"limit":0},"resources":{"food":200,"gold":42,"stone":100,"wood":200},"spaces":[{"Space":{"X":0,"Y":-4},"Vision":1,"Owner":-1},{"Space":{"X":1,"Y":-4},"Vision":1,"Owner":-1},{"Space":{"X":2,"Y":-4},"Vision":2,"Owner":-1},{"Space":{"X":3,"Y":-4},"Vision":2,"Owner":-1},{"Space":{"X":4,"Y":-4},"Vision":0,"Owner":-1},{"Space":{"X":-1,"Y":-3},"Vision":1,"Owner":0},{"Space":{"X":0,"Y":-3},"Vision":1,"Owner":-1},{"Space":{"X":1,"Y":-3},"Vision":3,"Owner":-1},{"Space":{"X":2,"Y":-3},"Vision":3,"Owner":-1},{"Space":{"X":3,"Y":-3},"Vision":2,"Owner":-1},{"Space":{"X":4,"Y":-3},"Vision":0,"Owner":-1},{"Space":{"X":-2,"Y":-2},"Vision":1,"Owner":-1},{"Space":{"X":-1,"Y":-2},"Vision":1,"Owner":0},{"Space":{"X":0,"Y":-2},"Vision":1,"Owner":-1},{"Space":{"X":1,"Y":-2},"Vision":2,"Owner":-1},{"Space":{"X":2,"Y":-2},"Vision":2,"Owner":-1},{"Space":{"X":3,"Y":-2},"Vision":0,"Owner":-1},{"Space":{"X":4,"Y":-2},"Vision":0,"Owner":-1},{"Space":{"X":-3,"Y":-1},"Vision":1,"Owner":-1},{"Space":{"X":-2,"Y":-1},"Vision":1,"Owner":-1},{"Space":{"X":-1,"Y":-1},"Vision":1,"Owner":-1},{"Space":{"X":0,"Y":-1},"Vision":1,"Owner":-1},{"Space":{"X":1,"Y":-1},"Vision":1,"Owner":-1},{"Space":{"X":2,"Y":-1},"Vision":0,"Owner":-1},{"Space":{"X":3,"Y":-1},"Vision":0,"Owner":-1},{"Space":{"X":4,"Y":-1},"Vision":0,"Owner":-1},{"Space":{"X":-4,"Y":0},"Vision":1,"Owner":-1},{"Space":{"X":-3,"Y":0},"Vision":1,"Owner":-1},{"Space":{"X":-2,"Y":0},"Vision":1,"Owner":-1},{"Space":{"X":-1,"Y":0},"Vision":1,"Owner":-1},{"Space":{"X":0,"Y":0},"Vision":1,"Owner":-1},{"Space":{"X":1,"Y":0},"Vision":1,"Owner":-1},{"Space":{"X":2,"Y":0},"Vision":0,"Owner":-1},{"Space":{"X":3,"Y":0},"Vision":0,"Owner":-1},{"Space":{"X":4,"Y":0},"Vision":0,"Owner":-1},{"Space":{"X":-4,"Y":1},"Vision":1,"Owner":-1},{"Space":{"X":-3,"Y":1},"Vision":1,"Owner":-1},{"Space":{"X":-2,"Y":1},"Vision":1,"Owner":-1},{"Space":{"X":-1,"Y":1},"Vision":1,"Owner":-1},{"Space":{"X":0,"Y":1},"Vision":1,"Owner":-1},{"Space":{"X":1,"Y":1},"Vision":1,"Owner":-1},{"Space":{"X":2,"Y":1},"Vision":0,"Owner":-1},{"Space":{"X":3,"Y":1},"Vision":0,"Owner":-1},{"Space":{"X":-4,"Y":2},"Vision":1,"Owner":-1},{"Space":{"X":-3,"Y":2},"Vision":1,"Owner":-1},{"Space":{"X":-2,"Y":2},"Vision":1,"Owner":-1},{"Space":{"X":-1,"Y":2},"Vision":1,"Owner":-1},{"Space":{"X":0,"Y":2},"Vision":2,"Owner":-1},{"Space":{"X":1,"Y":2},"Vision":3,"Owner":-1},{"Space":{"X":2,"Y":2},"Vision":0,"Owner":-1},{"Space":{"X":-4,"Y":3},"Vision":1,"Owner":-1},{"Space":{"X":-3,"Y":3},"Vision":1,"Owner":-1},{"Space":{"X":-2,"Y":3},"Vision":1,"Owner":-1},{"Space":{"X":-1,"Y":3},"Vision":2,"Owner":-1},{"Space":{"X":0,"Y":3},"Vision":3,"Owner":1},{"Space":{"X":1,"Y":3},"Vision":2,"Owner":-1},{"Space":{"X":-4,"Y":4},"Vision":1,"Owner":-1},{"Space":{"X":-3,"Y":4},"Vision":1,"Owner":-1},{"Space":{"X":-2,"Y":4},"Vision":1,"Owner":-1},{"Space":{"X":-1,"Y":4},"Vision":2,"Owner":-1},{"Space":{"X":0,"Y":4},"Vision":2,"Owner":-1}],"units":[{"InternalID":31,"UnitID":11,"Type":2,"Kind":1,"Location":{"Space":{"X":0,"Y":3},"Zone":{"X":1,"Y":-1}},"CurrentStamina":22,"CurrentOrder":{"Kind":0,"TargetZone":{"Space":{"X":1,"Y":2},"Zone":{"X":0,"Y":0}},"TargetSpace":null,"TargetResource":null,"TargetUnit":null,"TargetBuilding":null},"Builds":[],"GarrisonedIn":null,"Stance":3,"InterruptCurrent":false,"AttackBack":true,"TargetPriority":"","ActiveOrders":[{"ID":650,"Kind":0}],"Health":11,"MaxHealth":11},{"InternalID":55,"UnitID":13,"Type":2,"Kind":1,"Location":{"Space":{"X":2,"Y":-3},"Zone":{"X":-1,"Y":0}},"CurrentStamina":8,"CurrentOrder":{"Kind":4,"TargetZone":null,"TargetSpace":{"X":2,"Y":-3},"TargetResource":null,"TargetUnit":null,"TargetBuilding":null},"Builds":[],"GarrisonedIn":null,"Stance":3,"InterruptCurrent":false,"AttackBack":true,"TargetPriority":"","ActiveOrders":[{"ID":276,"Kind":4}],"Health":19.9583,"MaxHealth":50},{"InternalID":56,"UnitID":13,"Type":2,"Kind":1,"Location":{"Space":{"X":2,"Y":-3},"Zone":{"X":-1,"Y":0}},"CurrentStamina":8,"CurrentOrder":{"Kind":4,"TargetZone":null,"TargetSpace":{"X":2,"Y":-3},"TargetResource":null,"TargetUnit":null,"TargetBuilding":null},"Builds":[],"GarrisonedIn":null,"Stance":3,"InterruptCurrent":false,"AttackBack":true,"TargetPriority":"","ActiveOrders":[{"ID":261,"Kind":4}],"Health":44.325,"MaxHealth":50},{"InternalID":57,"UnitID":13,"Type":2,"Kind":1,"Location":{"Space":{"X":2,"Y":-3},"Zone":{"X":-1,"Y":0}},"CurrentStamina":8,"CurrentOrder":{"Kind":4,"TargetZone":null,"TargetSpace":{"X":2,"Y":-3},"TargetResource":null,"TargetUnit":null,"TargetBuilding":null},"Builds":[],"GarrisonedIn":null,"Stance":3,"InterruptCurrent":false,"AttackBack":true,"TargetPriority":"","ActiveOrders":[{"ID":249,"Kind":4}],"Health":44.325,"MaxHealth":50},{"InternalID":58,"UnitID":13,"Type":2,"Kind":1,"Location":{"Space":{"X":2,"Y":-3},"Zone":{"X":-1,"Y":0}},"CurrentStamina":8,"CurrentOrder":{"Kind":4,"TargetZone":null,"TargetSpace":{"X":2,"Y":-3},"TargetResource":null,"TargetUnit":null,"TargetBuilding":null},"Builds":[],"GarrisonedIn":null,"Stance":3,"InterruptCurrent":false,"AttackBack":true,"TargetPriority":"","ActiveOrders":[{"ID":277,"Kind":4}],"Health":44.325,"MaxHealth":50},{"InternalID":59,"UnitID":13,"Type":2,"Kind":1,"Location":{"Space":{"X":2,"Y":-3},"Zone":{"X":-1,"Y":0}},"CurrentStamina":8,"CurrentOrder":{"Kind":4,"TargetZone":null,"TargetSpace":{"X":2,"Y":-3},"TargetResource":null,"TargetUnit":null,"TargetBuilding":null},"Builds":[],"GarrisonedIn":null,"Stance":3,"InterruptCurrent":false,"AttackBack":true,"TargetPriority":"","ActiveOrders":[{"ID":260,"Kind":4}],"Health":50,"MaxHealth":50},{"InternalID":60,"UnitID":13,"Type":2,"Kind":1,"Location":{"Space":{"X":2,"Y":-3},"Zone":{"X":-1,"Y":0}},"CurrentStamina":8,"CurrentOrder":{"Kind":4,"TargetZone":null,"TargetSpace":{"X":2,"Y":-3},"TargetResource":null,"TargetUnit":null,"TargetBuilding":null},"Builds":[],"GarrisonedIn":null,"Stance":3,"InterruptCurrent":false,"AttackBack":true,"TargetPriority":"","ActiveOrders":[{"ID":256,"Kind":4}],"Health":50,"MaxHealth":50}]}
2026/09/30 21:20:38 ai ai-1: submitting orders []
2026/09/30 21:20:38 ai ai-1: vars {}
2026/09/30 21:20:38 player action: submit-orders 0 2 map[orders:[]]
2026/09/30 21:20:38 Executing submit orders for: 1 []
2026/09/30 21:20:38 ai ai-0: submitting orders [{Subjects:[28] OrderType:9 TargetID:55 ClearPreviousOrders:true} {Subjects:[29] OrderType:9 TargetID:55 ClearPreviousOrders:true} {Subjects:[30] OrderType:9 TargetID:55 ClearPreviousOrders:true} {Subjects:[28] OrderType:9 TargetID:55 ClearPreviousOrders:true} {Subjects:[28] OrderType:9 TargetID:56 ClearPreviousOrders:false} {Subjects:[28] OrderType:9 TargetID:57 ClearPreviousOrders:false} {Subjects:[28] OrderType:9 TargetID:58 ClearPreviousOrders:false} {Subjects:[28] OrderType:9 TargetID:59 ClearPreviousOrders:false} {Subjects:[28] OrderType:9 TargetID:60 ClearPreviousOrders:false} {Subjects:[29] OrderType:9 TargetID:55 ClearPreviousOrders:true} {Subjects:[29] OrderType:9 TargetID:57 ClearPreviousOrders:false} {Subjects:[29] OrderType:9 TargetID:58 ClearPreviousOrders:false} {Subjects:[29] OrderType:9 TargetID:59 ClearPreviousOrders:false} {Subjects:[29] OrderType:9 TargetID:60 ClearPreviousOrders:false} {Subjects:[29] OrderType:9 TargetID:56 ClearPreviousOrders:false} {Subjects:[30] OrderType:9 TargetID:55 ClearPreviousOrders:true} {Subjects:[30] OrderType:9 TargetID:58 ClearPreviousOrders:false} {Subjects:[30] OrderType:9 TargetID:59 ClearPreviousOrders:false} {Subjects:[30] OrderType:9 TargetID:60 ClearPreviousOrders:false} {Subjects:[30] OrderType:9 TargetID:56 ClearPreviousOrders:false} {Subjects:[30] OrderType:9 TargetID:56 ClearPreviousOrders:false}]
2026/09/30 21:20:38 ai ai-0: vars {"B":0,"Hv":3,"Pi":0,"aPowLocal":0,"aThreat":0,"a_engaged":0,"a_odds":1.3,"a_outnumbered":0,"army_target":50,"army_value":540,"assault":0,"bank_rate":28,"bar_barracks":0.17072129748186085,"bar_redoubt":1.1111111111111112,"barracks":0,"barracks_B":0,"barracks_P":0,"barracks_save":0,"barracks_spend":78.1,"barracks_want":0,"buffer_food":70,"buffer_gold":0,"buffer_stone":0,"buffer_wood":70,"builders":0,"committed":0,"eB":12.599999999999994,"eGrowth":0,"eH":6,"eMil":24.799999999999997,"eP":6.200000000000001,"ePow":49,"ePowEst":46.79196624199819,"ePowSeen":46.79196624199819,"eTech":1,"eV":0,"es":25.799999999999997,"farm_want":0,"farm_wood_short":0,"farming":0,"fire_barracks":0,"fire_farm0":0,"fire_farm1":0,"fire_farm2":0,"fire_house":0,"fire_outpost":0,"fire_redoubt":0,"fire_smith":0,"fire_vc":0,"food_need":0,"food_over":0,"food_rate":0,"food_slots":1000,"food_workers":0,"free_room":47,"go":0,"gold_income":0,"gold_need":0,"gold_rate":0,"gold_surplus":94,"guaranteed":0,"guard_home":0,"headroom":-3,"hire_B":5061.538461538462,"hire_P":7953.846153846153,"homePow":0,"house_builders":0,"house_urgency":0,"house_want":0,"income_proj":0,"left":0,"lf_food":0,"lf_gold":0,"lf_stone":0,"lf_wood":0,"lump_food":0,"lump_gold":0,"lump_stone":0,"lump_wood":0,"maturity":0,"mil":3,"myTech":1,"n_barracks":0,"n_redoubts":0,"needB":34.57729956396554,"needP":12.422700436034459,"outpost_want":0,"pikes":0,"planned_food":0,"planned_gold":0,"planned_stone":0,"planned_wood":0,"prod_rate":0,"proj_army":540,"raid_danger":0,"raid_fails":1,"raid_lost":0,"raid_pause":13,"raid_prev":0,"raid_size":0,"raid_wiped":0,"rate":6,"redoubt_H":0,"redoubt_gold_ok":0.41777777777777775,"redoubt_save":0,"redoubt_spend":30,"redoubt_want":0,"redoubts":0,"rf_food":0,"rf_gold":0,"rf_stone":0,"rf_wood":0,"sB4":1.2101308850968509,"sP4":0.43476771360184635,"scale_l":0,"scale_r":0,"shareH":0.5115523465703972,"smith_want":0,"smiths":0,"spare":0,"spare_food":0.5,"stone_need":0,"stone_rate":0,"tH":50,"target_spend":400,"tech_food":50,"tech_gold":0,"tech_stone":0,"tech_wood":50,"threat_home":0,"turns_left":-30,"u_barracks":0.17511567600549144,"u_redoubt":0.4774488567990373,"unit_spend":120,"vB":1.0488372093023255,"vH":1.0984496124031007,"vP":0.8120155038759689,"vc_want":0,"vcs":0,"vil_goal":50,"vil_rate":0,"vil_stamina":8,"vil_want":0,"vil_want_last":0,"vil_worth_now":0.6,"vils":0,"w_food":0,"w_gold":0,"w_stone":0,"w_wood":0,"wild_workers":0,"wood_need":0,"wood_rate":0,"workers":0}
2026/09/30 21:20:38 player action: set-unit-behavior 0 1 map[internal_ids:[28 29 30] interrupt_current:false]
2026/09/30 21:20:38 player action: submit-orders 0 1 map[orders:[{0 [28] 9 55 true} {0 [29] 9 55 true} {0 [30] 9 55 true} {0 [28] 9 55 true} {0 [28] 9 56 false} {0 [28] 9 57 false} {0 [28] 9 58 false} {0 [28] 9 59 false} {0 [28] 9 60 false} {0 [29] 9 55 true} {0 [29] 9 57 false} {0 [29] 9 58 false} {0 [29] 9 59 false} {0 [29] 9 60 false} {0 [29] 9 56 false} {0 [30] 9 55 true} {0 [30] 9 58 false} {0 [30] 9 59 false} {0 [30] 9 60 false} {0 [30] 9 56 false} {0 [30] 9 56 false}]]
2026/09/30 21:20:38 Executing submit orders for: 0 [{0 [28] 9 55 true} {0 [29] 9 55 true} {0 [30] 9 55 true} {0 [28] 9 55 true} {0 [28] 9 56 false} {0 [28] 9 57 false} {0 [28] 9 58 false} {0 [28] 9 59 false} {0 [28] 9 60 false} {0 [29] 9 55 true} {0 [29] 9 57 false} {0 [29] 9 58 false} {0 [29] 9 59 false} {0 [29] 9 60 false} {0 [29] 9 56 false} {0 [30] 9 55 true} {0 [30] 9 58 false} {0 [30] 9 59 false} {0 [30] 9 60 false} {0 [30] 9 56 false} {0 [30] 9 56 false}]
2026/09/30 21:20:38 Resolving active orders
2026/09/30 21:20:38 combat turn=15 tick=1: 28 u13 (player 0, stamina 3) hits 55 u13 (player 1) for 3.41
2026/09/30 21:20:38 combat turn=15 tick=1: 30 u13 (player 0, stamina 3) hits 55 u13 (player 1) for 3.41
2026/09/30 21:20:38 combat turn=15 tick=1: 29 u13 (player 0, stamina 3) hits 55 u13 (player 1) for 3.41
2026/09/30 21:20:38 Moving unit 31 Blunt Infantry to zone(-1, 1) in space (1, 2) tick=1
2026/09/30 21:20:38 combat turn=15 tick=1: 55 u13 (player 1, stamina 3) hits 28 u13 (player 0) for 3.41
2026/09/30 21:20:38 combat turn=15 tick=1: 58 u13 (player 1, stamina 3) hits 28 u13 (player 0) for 3.41
2026/09/30 21:20:38 combat turn=15 tick=1: 57 u13 (player 1, stamina 3) hits 28 u13 (player 0) for 3.41
2026/09/30 21:20:38 combat turn=15 tick=1: 60 u13 (player 1, stamina 3) hits 28 u13 (player 0) for 3.41
2026/09/30 21:20:38 combat turn=15 tick=1: 59 u13 (player 1, stamina 3) hits 28 u13 (player 0) for 3.41
2026/09/30 21:20:38 combat turn=15 tick=1: 56 u13 (player 1, stamina 3) hits 28 u13 (player 0) for 3.41
2026/09/30 21:20:38 state_hash turn=15 tick=1 hash=fa812ea8a3f9e2e3
2026/09/30 21:20:38 combat turn=15 tick=2: 29 u13 (player 0, stamina 3) hits 55 u13 (player 1) for 3.41
2026/09/30 21:20:38 combat turn=15 tick=2: 28 u13 (player 0, stamina 3) hits 55 u13 (player 1) for 3.41
2026/09/30 21:20:38 combat turn=15 tick=2: 30 u13 (player 0, stamina 3) hits 55 u13 (player 1) for 3.41
2026/09/30 21:20:38 combat turn=15 tick=2: 60 u13 (player 1, stamina 3) hits 28 u13 (player 0) for 3.41
2026/09/30 21:20:38 combat turn=15 tick=2: 59 u13 (player 1, stamina 3) hits 28 u13 (player 0) for 3.41
2026/09/30 21:20:38 combat turn=15 tick=2: 56 u13 (player 1, stamina 3) hits 28 u13 (player 0) for 3.41
2026/09/30 21:20:38 Moving unit 31 Blunt Infantry to zone(0, 0) in space (1, 2) tick=2
2026/09/30 21:20:38 combat turn=15 tick=2: 55 u13 (player 1, stamina 3) hits 28 u13 (player 0) for 3.41
2026/09/30 21:20:38 combat turn=15 tick=2: 58 u13 (player 1, stamina 3) hits 28 u13 (player 0) for 3.41
2026/09/30 21:20:38 combat turn=15 tick=2: 57 u13 (player 1, stamina 3) hits 28 u13 (player 0) for 3.41
2026/09/30 21:20:38 state_hash turn=15 tick=2 hash=25abbedb11040665
2026/09/30 21:20:38 combat turn=15 tick=3: 28 u13 (player 0, stamina 2) hits 56 u13 (player 1) for 2.27
2026/09/30 21:20:38 combat turn=15 tick=3: 30 u13 (player 0, stamina 2) hits 58 u13 (player 1) for 2.27
2026/09/30 21:20:38 combat turn=15 tick=3: 29 u13 (player 0, stamina 2) hits 57 u13 (player 1) for 2.27
2026/09/30 21:20:38 combat turn=15 tick=3: 58 u13 (player 1, stamina 2) hits 28 u13 (player 0) for 2.27
2026/09/30 21:20:38 combat turn=15 tick=3: 57 u13 (player 1, stamina 2) hits 28 u13 (player 0) for 2.27
2026/09/30 21:20:38 combat turn=15 tick=3: 60 u13 (player 1, stamina 2) hits 28 u13 (player 0) for 2.27
2026/09/30 21:20:38 combat turn=15 tick=3: 59 u13 (player 1, stamina 2) hits 28 u13 (player 0) for 2.27
2026/09/30 21:20:38 combat turn=15 tick=3: 56 u13 (player 1, stamina 2) hits 28 u13 (player 0) for 2.27
2026/09/30 21:20:38 state_hash turn=15 tick=3 hash=3035cca8b821c572
2026/09/30 21:20:38 state_hash turn=15 tick=end hash=494e36ada7c7755a
2026/09/30 21:20:38 ai ai-0: new turn data {"buildings":[],"enemy_buildings":[],"enemy_units":[{"InternalID":56,"UnitID":13,"Type":2,"Kind":1,"Location":{"Space":{"X":2,"Y":-3},"Zone":{"X":-1,"Y":0}},"CurrentStamina":8,"CurrentOrder":null,"Builds":[],"GarrisonedIn":null,"Stance":0,"InterruptCurrent":false,"AttackBack":false,"TargetPriority":"","ActiveOrders":null,"Health":42.055,"MaxHealth":50},{"InternalID":57,"UnitID":13,"Type":2,"Kind":1,"Location":{"Space":{"X":2,"Y":-3},"Zone":{"X":-1,"Y":0}},"CurrentStamina":8,"CurrentOrder":null,"Builds":[],"GarrisonedIn":null,"Stance":0,"InterruptCurrent":false,"AttackBack":false,"TargetPriority":"","ActiveOrders":null,"Health":42.055,"MaxHealth":50},{"InternalID":58,"UnitID":13,"Type":2,"Kind":1,"Location":{"Space":{"X":2,"Y":-3},"Zone":{"X":-1,"Y":0}},"CurrentStamina":8,"CurrentOrder":null,"Builds":[],"GarrisonedIn":null,"Stance":0,"InterruptCurrent":false,"AttackBack":false,"TargetPriority":"","ActiveOrders":null,"Health":42.055,"MaxHealth":50},{"InternalID":59,"UnitID":13,"Type":2,"Kind":1,"Location":{"Space":{"X":2,"Y":-3},"Zone":{"X":-1,"Y":0}},"CurrentStamina":8,"CurrentOrder":null,"Builds":[],"GarrisonedIn":null,"Stance":0,"InterruptCurrent":false,"AttackBack":false,"TargetPriority":"","ActiveOrders":null,"Health":50,"MaxHealth":50},{"InternalID":60,"UnitID":13,"Type":2,"Kind":1,"Location":{"Space":{"X":2,"Y":-3},"Zone":{"X":-1,"Y":0}},"CurrentStamina":8,"CurrentOrder":null,"Builds":[],"GarrisonedIn":null,"Stance":0,"InterruptCurrent":false,"AttackBack":false,"TargetPriority":"","ActiveOrders":null,"Health":50,"MaxHealth":50}],"foundations":[],"population":{"current":2,"limit":0},"resources":{"food":200,"gold":94,"stone":100,"wood":200},"spaces":[{"Space":{"X":0,"Y":-4},"Vision":1,"Owner":-1},{"Space":{"X":1,"Y":-4},"Vision":1,"Owner":-1},{"Space":{"X":2,"Y":-4},"Vision":2,"Owner":-1},{"Space":{"X":3,"Y":-4},"Vision":2,"Owner":-1},{"Space":{"X":4,"Y":-4},"Vision":0,"Owner":-1},{"Space":{"X":-1,"Y":-3},"Vision":1,"Owner":-1},{"Space":{"X":0,"Y":-3},"Vision":1,"Owner":-1},{"Space":{"X":1,"Y":-3},"Vision":3,"Owner":-1},{"Space":{"X":2,"Y":-3},"Vision":3,"Owner":-1},{"Space":{"X":3,"Y":-3},"Vision":2,"Owner":-1},{"Space":{"X":4,"Y":-3},"Vision":0,"Owner":-1},{"Space":{"X":-2,"Y":-2},"Vision":1,"Owner":-1},{"Space":{"X":-1,"Y":-2},"Vision":1,"Owner":-1},{"Space":{"X":0,"Y":-2},"Vision":1,"Owner":-1},{"Space":{"X":1,"Y":-2},"Vision":2,"Owner":-1},{"Space":{"X":2,"Y":-2},"Vision":2,"Owner":-1},{"Space":{"X":3,"Y":-2},"Vision":0,"Owner":-1},{"Space":{"X":4,"Y":-2},"Vision":0,"Owner":-1},{"Space":{"X":-3,"Y":-1},"Vision":1,"Owner":-1},{"Space":{"X":-2,"Y":-1},"Vision":1,"Owner":-1},{"Space":{"X":-1,"Y":-1},"Vision":1,"Owner":-1},{"Space":{"X":0,"Y":-1},"Vision":1,"Owner":-1},{"Space":{"X":1,"Y":-1},"Vision":1,"Owner":-1},{"Space":{"X":2,"Y":-1},"Vision":0,"Owner":-1},{"Space":{"X":3,"Y":-1},"Vision":0,"Owner":-1},{"Space":{"X":4,"Y":-1},"Vision":0,"Owner":-1},{"Space":{"X":-4,"Y":0},"Vision":1,"Owner":-1},{"Space":{"X":-3,"Y":0},"Vision":1,"Owner":-1},{"Space":{"X":-2,"Y":0},"Vision":1,"Owner":1},{"Space":{"X":-1,"Y":0},"Vision":1,"Owner":-1},{"Space":{"X":0,"Y":0},"Vision":1,"Owner":-1},{"Space":{"X":1,"Y":0},"Vision":1,"Owner":-1},{"Space":{"X":2,"Y":0},"Vision":1,"Owner":-1},{"Space":{"X":3,"Y":0},"Vision":0,"Owner":-1},{"Space":{"X":4,"Y":0},"Vision":0,"Owner":-1},{"Space":{"X":-4,"Y":1},"Vision":1,"Owner":-1},{"Space":{"X":-3,"Y":1},"Vision":1,"Owner":-1},{"Space":{"X":-2,"Y":1},"Vision":1,"Owner":-1},{"Space":{"X":-1,"Y":1},"Vision":1,"Owner":-1},{"Space":{"X":0,"Y":1},"Vision":1,"Owner":-1},{"Space":{"X":1,"Y":1},"Vision":1,"Owner":-1},{"Space":{"X":2,"Y":1},"Vision":1,"Owner":-1},{"Space":{"X":3,"Y":1},"Vision":0,"Owner":-1},{"Space":{"X":-4,"Y":2},"Vision":1,"Owner":-1},{"Space":{"X":-3,"Y":2},"Vision":1,"Owner":-1},{"Space":{"X":-2,"Y":2},"Vision":1,"Owner":1},{"Space":{"X":-1,"Y":2},"Vision":1,"Owner":-1},{"Space":{"X":0,"Y":2},"Vision":1,"Owner":-1},{"Space":{"X":1,"Y":2},"Vision":1,"Owner":-1},{"Space":{"X":2,"Y":2},"Vision":1,"Owner":-1},{"Space":{"X":-4,"Y":3},"Vision":1,"Owner":-1},{"Space":{"X":-3,"Y":3},"Vision":1,"Owner":-1},{"Space":{"X":-2,"Y":3},"Vision":1,"Owner":-1},{"Space":{"X":-1,"Y":3},"Vision":1,"Owner":-1},{"Space":{"X":0,"Y":3},"Vision":1,"Owner":-1},{"Space":{"X":1,"Y":3},"Vision":1,"Owner":-1},{"Space":{"X":-4,"Y":4},"Vision":1,"Owner":-1},{"Space":{"X":-3,"Y":4},"Vision":1,"Owner":-1},{"Space":{"X":-2,"Y":4},"Vision":1,"Owner":-1},{"Space":{"X":-1,"Y":4},"Vision":1,"Owner":-1},{"Space":{"X":0,"Y":4},"Vision":1,"Owner":-1}],"units":[{"InternalID":29,"UnitID":13,"Type":2,"Kind":1,"Location":{"Space":{"X":2,"Y":-3},"Zone":{"X":-1,"Y":0}},"CurrentStamina":8,"CurrentOrder":{"Kind":6,"TargetZone":null,"TargetSpace":null,"TargetResource":null,"TargetUnit":{"InternalID":57,"UnitID":13,"Type":2,"Kind":1,"Location":{"Space":{"X":2,"Y":-3},"Zone":{"X":-1,"Y":0}},"CurrentStamina":8,"CurrentOrder":null,"Builds":[],"GarrisonedIn":null,"Stance":0,"InterruptCurrent":false,"AttackBack":false,"TargetPriority":"","ActiveOrders":null,"Health":42.055,"MaxHealth":50},"TargetBuilding":null},"Builds":[],"GarrisonedIn":null,"Stance":3,"InterruptCurrent":false,"AttackBack":true,"TargetPriority":"","ActiveOrders":[{"ID":694,"Kind":6},{"ID":695,"Kind":6},{"ID":696,"Kind":6},{"ID":697,"Kind":6},{"ID":698,"Kind":6}],"Health":50,"MaxHealth":50},{"InternalID":30,"UnitID":13,"Type":2,"Kind":1,"Location":{"Space":{"X":2,"Y":-3},"Zone":{"X":-1,"Y":0}},"CurrentStamina":8,"CurrentOrder":{"Kind":6,"TargetZone":null,"TargetSpace":null,"TargetResource":null,"TargetUnit":{"InternalID":58,"UnitID":13,"Type":2,"Kind":1,"Location":{"Space":{"X":2,"Y":-3},"Zone":{"X":-1,"Y":0}},"CurrentStamina":8,"CurrentOrder":null,"Builds":[],"GarrisonedIn":null,"Stance":0,"InterruptCurrent":false,"AttackBack":false,"TargetPriority":"","ActiveOrders":null,"Health":42.055,"MaxHealth":50},"TargetBuilding":null},"Builds":[],"GarrisonedIn":null,"Stance":3,"InterruptCurrent":false,"AttackBack":true,"TargetPriority":"","ActiveOrders":[{"ID":700,"Kind":6},{"ID":701,"Kind":6},{"ID":702,"Kind":6},{"ID":703,"Kind":6},{"ID":704,"Kind":6}],"Health":50,"MaxHealth":50}]}
2026/09/30 21:20:38 ai ai-1: new turn data {"buildings":[],"enemy_buildings":[],"enemy_units":[{"InternalID":29,"UnitID":13,"Type":2,"Kind":1,"Location":{"Space":{"X":2,"Y":-3},"Zone":{"X":-1,"Y":0}},"CurrentStamina":8,"CurrentOrder":null,"Builds":[],"GarrisonedIn":null,"Stance":0,"InterruptCurrent":false,"AttackBack":false,"TargetPriority":"","ActiveOrders":null,"Health":50,"MaxHealth":50},{"InternalID":30,"UnitID":13,"Type":2,"Kind":1,"Location":{"Space":{"X":2,"Y":-3},"Zone":{"X":-1,"Y":0}},"CurrentStamina":8,"CurrentOrder":null,"Builds":[],"GarrisonedIn":null,"Stance":0,"InterruptCurrent":false,"AttackBack":false,"TargetPriority":"","ActiveOrders":null,"Health":50,"MaxHealth":50}],"foundations":[],"population":{"current":6,"limit":0},"resources":{"food":200,"gold":44,"stone":100,"wood":200},"spaces":[{"Space":{"X":0,"Y":-4},"Vision":1,"Owner":-1},{"Space":{"X":1,"Y":-4},"Vision":1,"Owner":-1},{"Space":{"X":2,"Y":-4},"Vision":2,"Owner":-1},{"Space":{"X":3,"Y":-4},"Vision":2,"Owner":-1},{"Space":{"X":4,"Y":-4},"Vision":0,"Owner":-1},{"Space":{"X":-1,"Y":-3},"Vision":1,"Owner":0},{"Space":{"X":0,"Y":-3},"Vision":1,"Owner":-1},{"Space":{"X":1,"Y":-3},"Vision":3,"Owner":-1},{"Space":{"X":2,"Y":-3},"Vision":3,"Owner":-1},{"Space":{"X":3,"Y":-3},"Vision":2,"Owner":-1},{"Space":{"X":4,"Y":-3},"Vision":0,"Owner":-1},{"Space":{"X":-2,"Y":-2},"Vision":1,"Owner":-1},{"Space":{"X":-1,"Y":-2},"Vision":1,"Owner":0},{"Space":{"X":0,"Y":-2},"Vision":1,"Owner":-1},{"Space":{"X":1,"Y":-2},"Vision":2,"Owner":-1},{"Space":{"X":2,"Y":-2},"Vision":2,"Owner":-1},{"Space":{"X":3,"Y":-2},"Vision":0,"Owner":-1},{"Space":{"X":4,"Y":-2},"Vision":0,"Owner":-1},{"Space":{"X":-3,"Y":-1},"Vision":1,"Owner":-1},{"Space":{"X":-2,"Y":-1},"Vision":1,"Owner":-1},{"Space":{"X":-1,"Y":-1},"Vision":1,"Owner":-1},{"Space":{"X":0,"Y":-1},"Vision":1,"Owner":-1},{"Space":{"X":1,"Y":-1},"Vision":1,"Owner":-1},{"Space":{"X":2,"Y":-1},"Vision":0,"Owner":-1},{"Space":{"X":3,"Y":-1},"Vision":0,"Owner":-1},{"Space":{"X":4,"Y":-1},"Vision":0,"Owner":-1},{"Space":{"X":-4,"Y":0},"Vision":1,"Owner":-1},{"Space":{"X":-3,"Y":0},"Vision":1,"Owner":-1},{"Space":{"X":-2,"Y":0},"Vision":1,"Owner":-1},{"Space":{"X":-1,"Y":0},"Vision":1,"Owner":-1},{"Space":{"X":0,"Y":0},"Vision":1,"Owner":-1},{"Space":{"X":1,"Y":0},"Vision":1,"Owner":-1},{"Space":{"X":2,"Y":0},"Vision":0,"Owner":-1},{"Space":{"X":3,"Y":0},"Vision":0,"Owner":-1},{"Space":{"X":4,"Y":0},"Vision":0,"Owner":-1},{"Space":{"X":-4,"Y":1},"Vision":1,"Owner":-1},{"Space":{"X":-3,"Y":1},"Vision":1,"Owner":-1},{"Space":{"X":-2,"Y":1},"Vision":1,"Owner":-1},{"Space":{"X":-1,"Y":1},"Vision":1,"Owner":-1},{"Space":{"X":0,"Y":1},"Vision":1,"Owner":-1},{"Space":{"X":1,"Y":1},"Vision":2,"Owner":-1},{"Space":{"X":2,"Y":1},"Vision":2,"Owner":-1},{"Space":{"X":3,"Y":1},"Vision":0,"Owner":-1},{"Space":{"X":-4,"Y":2},"Vision":1,"Owner":-1},{"Space":{"X":-3,"Y":2},"Vision":1,"Owner":-1},{"Space":{"X":-2,"Y":2},"Vision":1,"Owner":-1},{"Space":{"X":-1,"Y":2},"Vision":1,"Owner":-1},{"Space":{"X":0,"Y":2},"Vision":2,"Owner":-1},{"Space":{"X":1,"Y":2},"Vision":3,"Owner":1},{"Space":{"X":2,"Y":2},"Vision":2,"Owner":-1},{"Space":{"X":-4,"Y":3},"Vision":1,"Owner":-1},{"Space":{"X":-3,"Y":3},"Vision":1,"Owner":-1},{"Space":{"X":-2,"Y":3},"Vision":1,"Owner":-1},{"Space":{"X":-1,"Y":3},"Vision":1,"Owner":-1},{"Space":{"X":0,"Y":3},"Vision":2,"Owner":-1},{"Space":{"X":1,"Y":3},"Vision":2,"Owner":-1},{"Space":{"X":-4,"Y":4},"Vision":1,"Owner":-1},{"Space":{"X":-3,"Y":4},"Vision":1,"Owner":-1},{"Space":{"X":-2,"Y":4},"Vision":1,"Owner":-1},{"Space":{"X":-1,"Y":4},"Vision":1,"Owner":-1},{"Space":{"X":0,"Y":4},"Vision":1,"Owner":-1}],"units":[{"InternalID":31,"UnitID":11,"Type":2,"Kind":1,"Location":{"Space":{"X":1,"Y":2},"Zone":{"X":0,"Y":0}},"CurrentStamina":23,"CurrentOrder":null,"Builds":[],"GarrisonedIn":null,"Stance":3,"InterruptCurrent":false,"AttackBack":true,"TargetPriority":"","ActiveOrders":null,"Health":11,"MaxHealth":11},{"InternalID":56,"UnitID":13,"Type":2,"Kind":1,"Location":{"Space":{"X":2,"Y":-3},"Zone":{"X":-1,"Y":0}},"CurrentStamina":8,"CurrentOrder":{"Kind":4,"TargetZone":null,"TargetSpace":{"X":2,"Y":-3},"TargetResource":null,"TargetUnit":null,"TargetBuilding":null},"Builds":[],"GarrisonedIn":null,"Stance":3,"InterruptCurrent":false,"AttackBack":true,"TargetPriority":"","ActiveOrders":[{"ID":261,"Kind":4}],"Health":42.055,"MaxHealth":50},{"InternalID":57,"UnitID":13,"Type":2,"Kind":1,"Location":{"Space":{"X":2,"Y":-3},"Zone":{"X":-1,"Y":0}},"CurrentStamina":8,"CurrentOrder":{"Kind":4,"TargetZone":null,"TargetSpace":{"X":2,"Y":-3},"TargetResource":null,"TargetUnit":null,"TargetBuilding":null},"Builds":[],"GarrisonedIn":null,"Stance":3,"InterruptCurrent":false,"AttackBack":true,"TargetPriority":"","ActiveOrders":[{"ID":249,"Kind":4}],"Health":42.055,"MaxHealth":50},{"InternalID":58,"UnitID":13,"Type":2,"Kind":1,"Location":{"Space":{"X":2,"Y":-3},"Zone":{"X":-1,"Y":0}},"CurrentStamina":8,"CurrentOrder":{"Kind":4,"TargetZone":null,"TargetSpace":{"X":2,"Y":-3},"TargetResource":null,"TargetUnit":null,"TargetBuilding":null},"Builds":[],"GarrisonedIn":null,"Stance":3,"InterruptCurrent":false,"AttackBack":true,"TargetPriority":"","ActiveOrders":[{"ID":277,"Kind":4}],"Health":42.055,"MaxHealth":50},{"InternalID":59,"UnitID":13,"Type":2,"Kind":1,"Location":{"Space":{"X":2,"Y":-3},"Zone":{"X":-1,"Y":0}},"CurrentStamina":8,"CurrentOrder":{"Kind":4,"TargetZone":null,"TargetSpace":{"X":2,"Y":-3},"TargetResource":null,"TargetUnit":null,"TargetBuilding":null},"Builds":[],"GarrisonedIn":null,"Stance":3,"InterruptCurrent":false,"AttackBack":true,"TargetPriority":"","ActiveOrders":[{"ID":260,"Kind":4}],"Health":50,"MaxHealth":50},{"InternalID":60,"UnitID":13,"Type":2,"Kind":1,"Location":{"Space":{"X":2,"Y":-3},"Zone":{"X":-1,"Y":0}},"CurrentStamina":8,"CurrentOrder":{"Kind":4,"TargetZone":null,"TargetSpace":{"X":2,"Y":-3},"TargetResource":null,"TargetUnit":null,"TargetBuilding":null},"Builds":[],"GarrisonedIn":null,"Stance":3,"InterruptCurrent":false,"AttackBack":true,"TargetPriority":"","ActiveOrders":[{"ID":256,"Kind":4}],"Health":50,"MaxHealth":50}]}
2026/09/30 21:20:38 ai ai-1: submitting orders [{Subjects:[31] OrderType:2 TargetID:210 ClearPreviousOrders:true}]
2026/09/30 21:20:38 ai ai-1: vars {}
2026/09/30 21:20:38 player action: submit-orders 0 2 map[orders:[{1 [31] 2 210 true}]]
2026/09/30 21:20:38 Executing submit orders for: 1 [{1 [31] 2 210 true}]
2026/09/30 21:20:38 ai ai-0: submitting orders [{Subjects:[29] OrderType:9 TargetID:56 ClearPreviousOrders:true} {Subjects:[30] OrderType:9 TargetID:56 ClearPreviousOrders:true} {Subjects:[29] OrderType:9 TargetID:56 ClearPreviousOrders:true} {Subjects:[29] OrderType:9 TargetID:57 ClearPreviousOrders:false} {Subjects:[29] OrderType:9 TargetID:58 ClearPreviousOrders:false} {Subjects:[29] OrderType:9 TargetID:59 ClearPreviousOrders:false} {Subjects:[29] OrderType:9 TargetID:60 ClearPreviousOrders:false} {Subjects:[30] OrderType:9 TargetID:56 ClearPreviousOrders:true} {Subjects:[30] OrderType:9 TargetID:58 ClearPreviousOrders:false} {Subjects:[30] OrderType:9 TargetID:59 ClearPreviousOrders:false} {Subjects:[30] OrderType:9 TargetID:60 ClearPreviousOrders:false} {Subjects:[30] OrderType:9 TargetID:57 ClearPreviousOrders:false}]
2026/09/30 21:20:38 ai ai-0: vars {"B":0,"Hv":2,"Pi":0,"aPowLocal":0,"aThreat":0,"a_engaged":0,"a_odds":1.3,"a_outnumbered":0,"army_target":50,"army_value":360,"assault":0,"bank_rate":28,"bar_barracks":0.17072129748186085,"bar_redoubt":1.1111111111111112,"barracks":0,"barracks_B":0,"barracks_P":0,"barracks_save":0,"barracks_spend":78.1,"barracks_want":0,"buffer_food":70,"buffer_gold":0,"buffer_stone":0,"buffer_wood":70,"builders":0,"committed":0,"eB":12.299999999999994,"eGrowth":0,"eH":5.7,"eMil":23.899999999999995,"eP":5.900000000000001,"ePow":46.89999999999999,"ePowEst":45.85612691715822,"ePowSeen":45.85612691715822,"eTech":1,"eV":0,"es":24.899999999999995,"farm_want":0,"farm_wood_short":0,"farming":0,"fire_barracks":0,"fire_farm0":0,"fire_farm1":0,"fire_farm2":0,"fire_house":0,"fire_outpost":0,"fire_redoubt":0,"fire_smith":0,"fire_vc":0,"food_need":0,"food_over":0,"food_rate":0,"food_slots":1000,"food_workers":0,"free_room":48,"go":0,"gold_income":0,"gold_need":0,"gold_rate":0,"gold_surplus":94,"guaranteed":0,"guard_home":0,"headroom":-2,"hire_B":5061.538461538462,"hire_P":7953.846153846153,"homePow":0,"house_builders":0,"house_urgency":0,"house_want":0,"income_proj":0,"left":0,"lf_food":0,"lf_gold":0,"lf_stone":0,"lf_wood":0,"lump_food":0,"lump_gold":0,"lump_stone":0,"lump_wood":0,"maturity":0,"mil":2,"myTech":1,"n_barracks":0,"n_redoubts":0,"needB":35.565534452599174,"needP":12.434465547400826,"outpost_want":0,"pikes":0,"planned_food":0,"planned_gold":0,"planned_stone":0,"planned_wood":0,"prod_rate":0,"proj_army":360,"raid_danger":0,"raid_fails":1,"raid_lost":0,"raid_pause":12,"raid_prev":0,"raid_size":0,"raid_wiped":0,"rate":6,"redoubt_H":0,"redoubt_gold_ok":0.41777777777777775,"redoubt_save":0,"redoubt_spend":30,"redoubt_want":0,"redoubts":0,"rf_food":0,"rf_gold":0,"rf_stone":0,"rf_wood":0,"sB4":1.2351503978090588,"sP4":0.4318347890394981,"scale_l":0,"scale_r":0,"shareH":0.5108087961237421,"smith_want":0,"smiths":0,"spare":0,"spare_food":0.5,"stone_need":0,"stone_rate":0,"tH":50,"target_spend":400,"tech_food":50,"tech_gold":0,"tech_stone":0,"tech_wood":50,"threat_home":0,"turns_left":-20,"u_barracks":0.17538224978918338,"u_redoubt":0.4767548763821593,"unit_spend":120,"vB":1.0542168674698795,"vH":1.1008032128514056,"vP":0.8106425702811245,"vc_want":0,"vcs":0,"vil_goal":50,"vil_rate":0,"vil_stamina":8,"vil_want":0,"vil_want_last":0,"vil_worth_now":0.6,"vils":0,"w_food":0,"w_gold":0,"w_stone":0,"w_wood":0,"wild_workers":0,"wood_need":0,"wood_rate":0,"workers":0}
2026/09/30 21:20:38 player action: set-unit-behavior 0 1 map[internal_ids:[29 30] interrupt_current:true]
2026/09/30 21:20:38 player action: submit-orders 0 1 map[orders:[{0 [29] 9 56 true} {0 [30] 9 56 true} {0 [29] 9 56 true} {0 [29] 9 57 false} {0 [29] 9 58 false} {0 [29] 9 59 false} {0 [29] 9 60 false} {0 [30] 9 56 true} {0 [30] 9 58 false} {0 [30] 9 59 false} {0 [30] 9 60 false} {0 [30] 9 57 false}]]
2026/09/30 21:20:38 Executing submit orders for: 0 [{0 [29] 9 56 true} {0 [30] 9 56 true} {0 [29] 9 56 true} {0 [29] 9 57 false} {0 [29] 9 58 false} {0 [29] 9 59 false} {0 [29] 9 60 false} {0 [30] 9 56 true} {0 [30] 9 58 false} {0 [30] 9 59 false} {0 [30] 9 60 false} {0 [30] 9 57 false}]
2026/09/30 21:20:38 Resolving active orders
2026/09/30 21:20:38 combat turn=16 tick=1: 29 u13 (player 0, stamina 3) hits 56 u13 (player 1) for 3.41
2026/09/30 21:20:38 combat turn=16 tick=1: 30 u13 (player 0, stamina 3) hits 56 u13 (player 1) for 3.41
2026/09/30 21:20:38 combat turn=16 tick=1: 60 u13 (player 1, stamina 3) hits 29 u13 (player 0) for 3.41
2026/09/30 21:20:38 combat turn=16 tick=1: 59 u13 (player 1, stamina 3) hits 29 u13 (player 0) for 3.41
2026/09/30 21:20:38 combat turn=16 tick=1: 56 u13 (player 1, stamina 3) hits 29 u13 (player 0) for 3.41
2026/09/30 21:20:38 Moving unit 31 Blunt Infantry to zone(1, -1) in space (1, 2) tick=1
2026/09/30 21:20:38 combat turn=16 tick=1: 58 u13 (player 1, stamina 3) hits 29 u13 (player 0) for 3.41
2026/09/30 21:20:38 combat turn=16 tick=1: 57 u13 (player 1, stamina 3) hits 29 u13 (player 0) for 3.41
2026/09/30 21:20:38 state_hash turn=16 tick=1 hash=904a02cf16bab50d
2026/09/30 21:20:38 combat turn=16 tick=2: 30 u13 (player 0, stamina 3) hits 56 u13 (player 1) for 3.41
2026/09/30 21:20:38 combat turn=16 tick=2: 29 u13 (player 0, stamina 3) hits 56 u13 (player 1) for 3.41
2026/09/30 21:20:38 Moving unit 31 Blunt Infantry to zone(-1, 1) in space (2, 1) tick=2
2026/09/30 21:20:38 combat turn=16 tick=2: 58 u13 (player 1, stamina 3) hits 29 u13 (player 0) for 3.41
2026/09/30 21:20:38 combat turn=16 tick=2: 57 u13 (player 1, stamina 3) hits 29 u13 (player 0) for 3.41
2026/09/30 21:20:38 combat turn=16 tick=2: 60 u13 (player 1, stamina 3) hits 29 u13 (player 0) for 3.41
2026/09/30 21:20:38 combat turn=16 tick=2: 59 u13 (player 1, stamina 3) hits 29 u13 (player 0) for 3.41
2026/09/30 21:20:38 combat turn=16 tick=2: 56 u13 (player 1, stamina 3) hits 29 u13 (player 0) for 3.41
2026/09/30 21:20:38 state_hash turn=16 tick=2 hash=0f423b63f248e0ea
2026/09/30 21:20:38 combat turn=16 tick=3: 30 u13 (player 0, stamina 2) hits 56 u13 (player 1) for 2.27
2026/09/30 21:20:38 combat turn=16 tick=3: 29 u13 (player 0, stamina 2) hits 56 u13 (player 1) for 2.27
2026/09/30 21:20:38 combat turn=16 tick=3: 58 u13 (player 1, stamina 2) hits 29 u13 (player 0) for 2.27
2026/09/30 21:20:38 combat turn=16 tick=3: 57 u13 (player 1, stamina 2) hits 29 u13 (player 0) for 2.27
2026/09/30 21:20:38 combat turn=16 tick=3: 60 u13 (player 1, stamina 2) hits 29 u13 (player 0) for 2.27
2026/09/30 21:20:38 combat turn=16 tick=3: 59 u13 (player 1, stamina 2) hits 29 u13 (player 0) for 2.27
2026/09/30 21:20:38 combat turn=16 tick=3: 56 u13 (player 1, stamina 2) hits 29 u13 (player 0) for 2.27
2026/09/30 21:20:38 Moving unit 31 Blunt Infantry to zone(0, 0) in space (2, 1) tick=3
2026/09/30 21:20:38 state_hash turn=16 tick=3 hash=c5acc03e51964ca6
2026/09/30 21:20:38 Moving unit 31 Blunt Infantry to zone(0, -1) in space (2, 1) tick=4
2026/09/30 21:20:38 state_hash turn=16 tick=4 hash=e68d77cd8f2b7010
2026/09/30 21:20:38 Moving unit 31 Blunt Infantry to zone(0, 1) in space (2, 0) tick=5
2026/09/30 21:20:38 state_hash turn=16 tick=5 hash=32d07bac055764cf
2026/09/30 21:20:38 Moving unit 31 Blunt Infantry to zone(0, 0) in space (2, 0) tick=6
2026/09/30 21:20:38 state_hash turn=16 tick=6 hash=ec6f2a2afafb9c66
2026/09/30 21:20:38 state_hash turn=16 tick=end hash=65fd4168a56da150
2026/09/30 21:20:38 ai ai-0: new turn data {"buildings":[],"enemy_buildings":[],"enemy_units":[{"InternalID":56,"UnitID":13,"Type":2,"Kind":1,"Location":{"Space":{"X":2,"Y":-3},"Zone":{"X":-1,"Y":0}},"CurrentStamina":8,"CurrentOrder":null,"Builds":[],"GarrisonedIn":null,"Stance":0,"InterruptCurrent":false,"AttackBack":false,"TargetPriority":"","ActiveOrders":null,"Health":23.895,"MaxHealth":50},{"InternalID":57,"UnitID":13,"Type":2,"Kind":1,"Location":{"Space":{"X":2,"Y":-3},"Zone":{"X":-1,"Y":0}},"CurrentStamina":8,"CurrentOrder":null,"Builds":[],"GarrisonedIn":null,"Stance":0,"InterruptCurrent":false,"AttackBack":false,"TargetPriority":"","ActiveOrders":null,"Health":42.055,"MaxHealth":50},{"InternalID":58,"UnitID":13,"Type":2,"Kind":1,"Location":{"Space":{"X":2,"Y":-3},"Zone":{"X":-1,"Y":0}},"CurrentStamina":8,"CurrentOrder":null,"Builds":[],"GarrisonedIn":null,"Stance":0,"InterruptCurrent":false,"AttackBack":false,"TargetPriority":"","ActiveOrders":null,"Health":42.055,"MaxHealth":50},{"InternalID":59,"UnitID":13,"Type":2,"Kind":1,"Location":{"Space":{"X":2,"Y":-3},"Zone":{"X":-1,"Y":0}},"CurrentStamina":8,"CurrentOrder":null,"Builds":[],"GarrisonedIn":null,"Stance":0,"InterruptCurrent":false,"AttackBack":false,"TargetPriority":"","ActiveOrders":null,"Health":50,"MaxHealth":50},{"InternalID":60,"UnitID":13,"Type":2,"Kind":1,"Location":{"Space":{"X":2,"Y":-3},"Zone":{"X":-1,"Y":0}},"CurrentStamina":8,"CurrentOrder":null,"Builds":[],"GarrisonedIn":null,"Stance":0,"InterruptCurrent":false,"AttackBack":false,"TargetPriority":"","ActiveOrders":null,"Health":50,"MaxHealth":50}],"foundations":[],"population":{"current":2,"limit":0},"resources":{"food":200,"gold":94,"stone":100,"wood":200},"spaces":[{"Space":{"X":0,"Y":-4},"Vision":1,"Owner":-1},{"Space":{"X":1,"Y":-4},"Vision":1,"Owner":-1},{"Space":{"X":2,"Y":-4},"Vision":2,"Owner":-1},{"Space":{"X":3,"Y":-4},"Vision":2,"Owner":-1},{"Space":{"X":4,"Y":-4},"Vision":0,"Owner":-1},{"Space":{"X":-1,"Y":-3},"Vision":1,"Owner":-1},{"Space":{"X":0,"Y":-3},"Vision":1,"Owner":-1},{"Space":{"X":1,"Y":-3},"Vision":3,"Owner":-1},{"Space":{"X":2,"Y":-3},"Vision":3,"Owner":-1},{"Space":{"X":3,"Y":-3},"Vision":2,"Owner":-1},{"Space":{"X":4,"Y":-3},"Vision":0,"Owner":-1},{"Space":{"X":-2,"Y":-2},"Vision":1,"Owner":-1},{"Space":{"X":-1,"Y":-2},"Vision":1,"Owner":-1},{"Space":{"X":0,"Y":-2},"Vision":1,"Owner":-1},{"Space":{"X":1,"Y":-2},"Vision":2,"Owner":-1},{"Space":{"X":2,"Y":-2},"Vision":2,"Owner":-1},{"Space":{"X":3,"Y":-2},"Vision":0,"Owner":-1},{"Space":{"X":4,"Y":-2},"Vision":0,"Owner":-1},{"Space":{"X":-3,"Y":-1},"Vision":1,"Owner":-1},{"Space":{"X":-2,"Y":-1},"Vision":1,"Owner":-1},{"Space":{"X":-1,"Y":-1},"Vision":1,"Owner":-1},{"Space":{"X":0,"Y":-1},"Vision":1,"Owner":-1},{"Space":{"X":1,"Y":-1},"Vision":1,"Owner":-1},{"Space":{"X":2,"Y":-1},"Vision":0,"Owner":-1},{"Space":{"X":3,"Y":-1},"Vision":0,"Owner":-1},{"Space":{"X":4,"Y":-1},"Vision":0,"Owner":-1},{"Space":{"X":-4,"Y":0},"Vision":1,"Owner":-1},{"Space":{"X":-3,"Y":0},"Vision":1,"Owner":-1},{"Space":{"X":-2,"Y":0},"Vision":1,"Owner":1},{"Space":{"X":-1,"Y":0},"Vision":1,"Owner":-1},{"Space":{"X":0,"Y":0},"Vision":1,"Owner":-1},{"Space":{"X":1,"Y":0},"Vision":1,"Owner":-1},{"Space":{"X":2,"Y":0},"Vision":1,"Owner":-1},{"Space":{"X":3,"Y":0},"Vision":0,"Owner":-1},{"Space":{"X":4,"Y":0},"Vision":0,"Owner":-1},{"Space":{"X":-4,"Y":1},"Vision":1,"Owner":-1},{"Space":{"X":-3,"Y":1},"Vision":1,"Owner":-1},{"Space":{"X":-2,"Y":1},"Vision":1,"Owner":-1},{"Space":{"X":-1,"Y":1},"Vision":1,"Owner":-1},{"Space":{"X":0,"Y":1},"Vision":1,"Owner":-1},{"Space":{"X":1,"Y":1},"Vision":1,"Owner":-1},{"Space":{"X":2,"Y":1},"Vision":1,"Owner":-1},{"Space":{"X":3,"Y":1},"Vision":0,"Owner":-1},{"Space":{"X":-4,"Y":2},"Vision":1,"Owner":-1},{"Space":{"X":-3,"Y":2},"Vision":1,"Owner":-1},{"Space":{"X":-2,"Y":2},"Vision":1,"Owner":1},{"Space":{"X":-1,"Y":2},"Vision":1,"Owner":-1},{"Space":{"X":0,"Y":2},"Vision":1,"Owner":-1},{"Space":{"X":1,"Y":2},"Vision":1,"Owner":-1},{"Space":{"X":2,"Y":2},"Vision":1,"Owner":-1},{"Space":{"X":-4,"Y":3},"Vision":1,"Owner":-1},{"Space":{"X":-3,"Y":3},"Vision":1,"Owner":-1},{"Space":{"X":-2,"Y":3},"Vision":1,"Owner":-1},{"Space":{"X":-1,"Y":3},"Vision":1,"Owner":-1},{"Space":{"X":0,"Y":3},"Vision":1,"Owner":-1},{"Space":{"X":1,"Y":3},"Vision":1,"Owner":-1},{"Space":{"X":-4,"Y":4},"Vision":1,"Owner":-1},{"Space":{"X":-3,"Y":4},"Vision":1,"Owner":-1},{"Space":{"X":-2,"Y":4},"Vision":1,"Owner":-1},{"Space":{"X":-1,"Y":4},"Vision":1,"Owner":-1},{"Space":{"X":0,"Y":4},"Vision":1,"Owner":-1}],"units":[{"InternalID":29,"UnitID":13,"Type":2,"Kind":1,"Location":{"Space":{"X":2,"Y":-3},"Zone":{"X":-1,"Y":0}},"CurrentStamina":8,"CurrentOrder":{"Kind":6,"TargetZone":null,"TargetSpace":null,"TargetResource":null,"TargetUnit":null,"TargetBuilding":null},"Builds":[],"GarrisonedIn":null,"Stance":3,"InterruptCurrent":true,"AttackBack":true,"TargetPriority":"","ActiveOrders":[{"ID":720,"Kind":6}],"Health":4.6,"MaxHealth":50},{"InternalID":30,"UnitID":13,"Type":2,"Kind":1,"Location":{"Space":{"X":2,"Y":-3},"Zone":{"X":-1,"Y":0}},"CurrentStamina":8,"CurrentOrder":{"Kind":4,"TargetZone":null,"TargetSpace":{"X":2,"Y":-3},"TargetResource":null,"TargetUnit":null,"TargetBuilding":null},"Builds":[],"GarrisonedIn":null,"Stance":3,"InterruptCurrent":true,"AttackBack":true,"TargetPriority":"","ActiveOrders":[{"ID":719,"Kind":4}],"Health":50,"MaxHealth":50}]}
2026/09/30 21:20:38 ai ai-1: new turn data {"buildings":[],"enemy_buildings":[],"enemy_units":[{"InternalID":29,"UnitID":13,"Type":2,"Kind":1,"Location":{"Space":{"X":2,"Y":-3},"Zone":{"X":-1,"Y":0}},"CurrentStamina":8,"CurrentOrder":null,"Builds":[],"GarrisonedIn":null,"Stance":0,"InterruptCurrent":false,"AttackBack":false,"TargetPriority":"","ActiveOrders":null,"Health":4.6,"MaxHealth":50},{"InternalID":30,"UnitID":13,"Type":2,"Kind":1,"Location":{"Space":{"X":2,"Y":-3},"Zone":{"X":-1,"Y":0}},"CurrentStamina":8,"CurrentOrder":null,"Builds":[],"GarrisonedIn":null,"Stance":0,"InterruptCurrent":false,"AttackBack":false,"TargetPriority":"","ActiveOrders":null,"Health":50,"MaxHealth":50}],"foundations":[],"population":{"current":6,"limit":0},"resources":{"food":200,"gold":46,"stone":100,"wood":200},"spaces":[{"Space":{"X":0,"Y":-4},"Vision":1,"Owner":-1},{"Space":{"X":1,"Y":-4},"Vision":1,"Owner":-1},{"Space":{"X":2,"Y":-4},"Vision":2,"Owner":-1},{"Space":{"X":3,"Y":-4},"Vision":2,"Owner":-1},{"Space":{"X":4,"Y":-4},"Vision":0,"Owner":-1},{"Space":{"X":-1,"Y":-3},"Vision":1,"Owner":0},{"Space":{"X":0,"Y":-3},"Vision":1,"Owner":-1},{"Space":{"X":1,"Y":-3},"Vision":3,"Owner":-1},{"Space":{"X":2,"Y":-3},"Vision":3,"Owner":-1},{"Space":{"X":3,"Y":-3},"Vision":2,"Owner":-1},{"Space":{"X":4,"Y":-3},"Vision":0,"Owner":-1},{"Space":{"X":-2,"Y":-2},"Vision":1,"Owner":-1},{"Space":{"X":-1,"Y":-2},"Vision":1,"Owner":0},{"Space":{"X":0,"Y":-2},"Vision":1,"Owner":-1},{"Space":{"X":1,"Y":-2},"Vision":2,"Owner":-1},{"Space":{"X":2,"Y":-2},"Vision":2,"Owner":-1},{"Space":{"X":3,"Y":-2},"Vision":0,"Owner":-1},{"Space":{"X":4,"Y":-2},"Vision":0,"Owner":-1},{"Space":{"X":-3,"Y":-1},"Vision":1,"Owner":-1},{"Space":{"X":-2,"Y":-1},"Vision":1,"Owner":-1},{"Space":{"X":-1,"Y":-1},"Vision":1,"Owner":-1},{"Space":{"X":0,"Y":-1},"Vision":1,"Owner":-1},{"Space":{"X":1,"Y":-1},"Vision":1,"Owner":-1},{"Space":{"X":2,"Y":-1},"Vision":2,"Owner":-1},{"Space":{"X":3,"Y":-1},"Vision":2,"Owner":-1},{"Space":{"X":4,"Y":-1},"Vision":0,"Owner":-1},{"Space":{"X":-4,"Y":0},"Vision":1,"Owner":-1},{"Space":{"X":-3,"Y":0},"Vision":1,"Owner":-1},{"Space":{"X":-2,"Y":0},"Vision":1,"Owner":-1},{"Space":{"X":-1,"Y":0},"Vision":1,"Owner":-1},{"Space":{"X":0,"Y":0},"Vision":1,"Owner":-1},{"Space":{"X":1,"Y":0},"Vision":2,"Owner":-1},{"Space":{"X":2,"Y":0},"Vision":3,"Owner":1},{"Space":{"X":3,"Y":0},"Vision":2,"Owner":-1},{"Space":{"X":4,"Y":0},"Vision":0,"Owner":-1},{"Space":{"X":-4,"Y":1},"Vision":1,"Owner":-1},{"Space":{"X":-3,"Y":1},"Vision":1,"Owner":-1},{"Space":{"X":-2,"Y":1},"Vision":1,"Owner":-1},{"Space":{"X":-1,"Y":1},"Vision":1,"Owner":-1},{"Space":{"X":0,"Y":1},"Vision":1,"Owner":-1},{"Space":{"X":1,"Y":1},"Vision":2,"Owner":-1},{"Space":{"X":2,"Y":1},"Vision":2,"Owner":-1},{"Space":{"X":3,"Y":1},"Vision":1,"Owner":-1},{"Space":{"X":-4,"Y":2},"Vision":1,"Owner":-1},{"Space":{"X":-3,"Y":2},"Vision":1,"Owner":-1},{"Space":{"X":-2,"Y":2},"Vision":1,"Owner":-1},{"Space":{"X":-1,"Y":2},"Vision":1,"Owner":-1},{"Space":{"X":0,"Y":2},"Vision":1,"Owner":-1},{"Space":{"X":1,"Y":2},"Vision":1,"Owner":-1},{"Space":{"X":2,"Y":2},"Vision":1,"Owner":-1},{"Space":{"X":-4,"Y":3},"Vision":1,"Owner":-1},{"Space":{"X":-3,"Y":3},"Vision":1,"Owner":-1},{"Space":{"X":-2,"Y":3},"Vision":1,"Owner":-1},{"Space":{"X":-1,"Y":3},"Vision":1,"Owner":-1},{"Space":{"X":0,"Y":3},"Vision":1,"Owner":-1},{"Space":{"X":1,"Y":3},"Vision":1,"Owner":-1},{"Space":{"X":-4,"Y":4},"Vision":1,"Owner":-1},{"Space":{"X":-3,"Y":4},"Vision":1,"Owner":-1},{"Space":{"X":-2,"Y":4},"Vision":1,"Owner":-1},{"Space":{"X":-1,"Y":4},"Vision":1,"Owner":-1},{"Space":{"X":0,"Y":4},"Vision":1,"Owner":-1}],"units":[{"InternalID":31,"UnitID":11,"Type":2,"Kind":1,"Location":{"Space":{"X":2,"Y":0},"Zone":{"X":0,"Y":0}},"CurrentStamina":17,"CurrentOrder":null,"Builds":[],"GarrisonedIn":null,"Stance":3,"InterruptCurrent":false,"AttackBack":true,"TargetPriority":"","ActiveOrders":null,"Health":11,"MaxHealth":11},{"InternalID":56,"UnitID":13,"Type":2,"Kind":1,"Location":{"Space":{"X":2,"Y":-3},"Zone":{"X":-1,"Y":0}},"CurrentStamina":8,"CurrentOrder":{"Kind":4,"TargetZone":null,"TargetSpace":{"X":2,"Y":-3},"TargetResource":null,"TargetUnit":null,"TargetBuilding":null},"Builds":[],"GarrisonedIn":null,"Stance":3,"InterruptCurrent":false,"AttackBack":true,"TargetPriority":"","ActiveOrders":[{"ID":261,"Kind":4}],"Health":23.895,"MaxHealth":50},{"InternalID":57,"UnitID":13,"Type":2,"Kind":1,"Location":{"Space":{"X":2,"Y":-3},"Zone":{"X":-1,"Y":0}},"CurrentStamina":8,"CurrentOrder":{"Kind":4,"TargetZone":null,"TargetSpace":{"X":2,"Y":-3},"TargetResource":null,"TargetUnit":null,"TargetBuilding":null},"Builds":[],"GarrisonedIn":null,"Stance":3,"InterruptCurrent":false,"AttackBack":true,"TargetPriority":"","ActiveOrders":[{"ID":249,"Kind":4}],"Health":42.055,"MaxHealth":50},{"InternalID":58,"UnitID":13,"Type":2,"Kind":1,"Location":{"Space":{"X":2,"Y":-3},"Zone":{"X":-1,"Y":0}},"CurrentStamina":8,"CurrentOrder":{"Kind":4,"TargetZone":null,"TargetSpace":{"X":2,"Y":-3},"TargetResource":null,"TargetUnit":null,"TargetBuilding":null},"Builds":[],"GarrisonedIn":null,"Stance":3,"InterruptCurrent":false,"AttackBack":true,"TargetPriority":"","ActiveOrders":[{"ID":277,"Kind":4}],"Health":42.055,"MaxHealth":50},{"InternalID":59,"UnitID":13,"Type":2,"Kind":1,"Location":{"Space":{"X":2,"Y":-3},"Zone":{"X":-1,"Y":0}},"CurrentStamina":8,"CurrentOrder":{"Kind":4,"TargetZone":null,"TargetSpace":{"X":2,"Y":-3},"TargetResource":null,"TargetUnit":null,"TargetBuilding":null},"Builds":[],"GarrisonedIn":null,"Stance":3,"InterruptCurrent":false,"AttackBack":true,"TargetPriority":"","ActiveOrders":[{"ID":260,"Kind":4}],"Health":50,"MaxHealth":50},{"InternalID":60,"UnitID":13,"Type":2,"Kind":1,"Location":{"Space":{"X":2,"Y":-3},"Zone":{"X":-1,"Y":0}},"CurrentStamina":8,"CurrentOrder":{"Kind":4,"TargetZone":null,"TargetSpace":{"X":2,"Y":-3},"TargetResource":null,"TargetUnit":null,"TargetBuilding":null},"Builds":[],"GarrisonedIn":null,"Stance":3,"InterruptCurrent":false,"AttackBack":true,"TargetPriority":"","ActiveOrders":[{"ID":256,"Kind":4}],"Health":50,"MaxHealth":50}]}
2026/09/30 21:20:38 ai ai-1: submitting orders [{Subjects:[31] OrderType:2 TargetID:4656 ClearPreviousOrders:true}]
2026/09/30 21:20:38 ai ai-1: vars {}
2026/09/30 21:20:38 player action: submit-orders 0 2 map[orders:[{1 [31] 2 4656 true}]]
2026/09/30 21:20:38 Executing submit orders for: 1 [{1 [31] 2 4656 true}]
2026/09/30 21:20:38 ai ai-0: submitting orders [{Subjects:[29] OrderType:9 TargetID:56 ClearPreviousOrders:true} {Subjects:[30] OrderType:9 TargetID:56 ClearPreviousOrders:true} {Subjects:[29] OrderType:9 TargetID:56 ClearPreviousOrders:true} {Subjects:[29] OrderType:9 TargetID:57 ClearPreviousOrders:false} {Subjects:[29] OrderType:9 TargetID:58 ClearPreviousOrders:false} {Subjects:[29] OrderType:9 TargetID:59 ClearPreviousOrders:false} {Subjects:[29] OrderType:9 TargetID:60 ClearPreviousOrders:false} {Subjects:[30] OrderType:9 TargetID:56 ClearPreviousOrders:true} {Subjects:[30] OrderType:9 TargetID:58 ClearPreviousOrders:false} {Subjects:[30] OrderType:9 TargetID:59 ClearPreviousOrders:false} {Subjects:[30] OrderType:9 TargetID:60 ClearPreviousOrders:false} {Subjects:[30] OrderType:9 TargetID:57 ClearPreviousOrders:false}]
2026/09/30 21:20:38 ai ai-0: vars {"B":0,"Hv":2,"Pi":0,"aPowLocal":0,"aThreat":0,"a_engaged":0,"a_odds":1.3,"a_outnumbered":0,"army_target":50,"army_value":360,"assault":0,"bank_rate":28,"bar_barracks":0.17072129748186085,"bar_redoubt":1.1111111111111112,"barracks":0,"barracks_B":0,"barracks_P":0,"barracks_save":0,"barracks_spend":78.1,"barracks_want":0,"buffer_food":70,"buffer_gold":0,"buffer_stone":0,"buffer_wood":70,"builders":0,"committed":0,"eB":11.999999999999993,"eGrowth":0,"eH":5.4,"eMil":22.999999999999993,"eP":5.600000000000001,"ePow":44.8,"ePowEst":44.939004378815056,"ePowSeen":44.939004378815056,"eTech":1,"eV":0,"es":23.999999999999993,"farm_want":0,"farm_wood_short":0,"farming":0,"fire_barracks":0,"fire_farm0":0,"fire_farm1":0,"fire_farm2":0,"fire_house":0,"fire_outpost":0,"fire_redoubt":0,"fire_smith":0,"fire_vc":0,"food_need":0,"food_over":0,"food_rate":0,"food_slots":1000,"food_workers":0,"free_room":48,"go":0,"gold_income":0,"gold_need":0,"gold_rate":0,"gold_surplus":94,"guaranteed":0,"guard_home":0,"headroom":-2,"hire_B":5061.538461538462,"hire_P":7953.846153846153,"homePow":0,"house_builders":0,"house_urgency":0,"house_want":0,"income_proj":0,"left":0,"lf_food":0,"lf_gold":0,"lf_stone":0,"lf_wood":0,"lump_food":0,"lump_gold":0,"lump_stone":0,"lump_wood":0,"maturity":0,"mil":2,"myTech":1,"n_barracks":0,"n_redoubts":0,"needB":35.83241155105769,"needP":12.167588448942315,"outpost_want":0,"pikes":0,"planned_food":0,"planned_gold":0,"planned_stone":0,"planned_wood":0,"prod_rate":0,"proj_army":360,"raid_danger":0,"raid_fails":1,"raid_lost":0,"raid_pause":11,"raid_prev":0,"raid_size":0,"raid_wiped":0,"rate":6,"redoubt_H":0,"redoubt_gold_ok":0.41777777777777775,"redoubt_save":0,"redoubt_spend":30,"redoubt_want":0,"redoubts":0,"rf_food":0,"rf_gold":0,"rf_stone":0,"rf_wood":0,"sB4":1.2624769600000003,"sP4":0.4286984718754823,"scale_l":0,"scale_r":0,"shareH":0.5100154083204931,"smith_want":0,"smiths":0,"spare":0,"spare_food":0.5,"stone_need":0,"stone_rate":0,"tH":50,"target_spend":400,"tech_food":50,"tech_gold":0,"tech_stone":0,"tech_wood":50,"threat_home":0,"turns_left":-20,"u_barracks":0.175666690999055,"u_redoubt":0.47601438109912686,"unit_spend":120,"vB":1.06,"vH":1.1033333333333333,"vP":0.8091666666666667,"vc_want":0,"vcs":0,"vil_goal":50,"vil_rate":0,"vil_stamina":8,"vil_want":0,"vil_want_last":0,"vil_worth_now":0.6,"vils":0,"w_food":0,"w_gold":0,"w_stone":0,"w_wood":0,"wild_workers":0,"wood_need":0,"wood_rate":0,"workers":0}
2026/09/30 21:20:38 player action: set-unit-behavior 0 1 map[internal_ids:[29 30] interrupt_current:false]
2026/09/30 21:20:38 player action: submit-orders 0 1 map[orders:[{0 [29] 9 56 true} {0 [30] 9 56 true} {0 [29] 9 56 true} {0 [29] 9 57 false} {0 [29] 9 58 false} {0 [29] 9 59 false} {0 [29] 9 60 false} {0 [30] 9 56 true} {0 [30] 9 58 false} {0 [30] 9 59 false} {0 [30] 9 60 false} {0 [30] 9 57 false}]]
2026/09/30 21:20:38 Executing submit orders for: 0 [{0 [29] 9 56 true} {0 [30] 9 56 true} {0 [29] 9 56 true} {0 [29] 9 57 false} {0 [29] 9 58 false} {0 [29] 9 59 false} {0 [29] 9 60 false} {0 [30] 9 56 true} {0 [30] 9 58 false} {0 [30] 9 59 false} {0 [30] 9 60 false} {0 [30] 9 57 false}]
2026/09/30 21:20:38 Resolving active orders
2026/09/30 21:20:38 combat turn=17 tick=1: 30 u13 (player 0, stamina 3) hits 56 u13 (player 1) for 3.41
2026/09/30 21:20:38 combat turn=17 tick=1: 29 u13 (player 0, stamina 3) hits 56 u13 (player 1) for 3.41
2026/09/30 21:20:38 Moving unit 31 Blunt Infantry to zone(1, -1) in space (2, 0) tick=1
2026/09/30 21:20:38 combat turn=17 tick=1: 58 u13 (player 1, stamina 3) hits 29 u13 (player 0) for 3.41
2026/09/30 21:20:38 combat turn=17 tick=1: 57 u13 (player 1, stamina 3) hits 29 u13 (player 0) for 3.41
2026/09/30 21:20:38 combat turn=17 tick=1: 60 u13 (player 1, stamina 3) hits 29 u13 (player 0) for 3.41
2026/09/30 21:20:38 combat turn=17 tick=1: 59 u13 (player 1, stamina 3) hits 29 u13 (player 0) for 3.41
2026/09/30 21:20:38 combat turn=17 tick=1: 56 u13 (player 1, stamina 3) hits 29 u13 (player 0) for 3.41
2026/09/30 21:20:38 state_hash turn=17 tick=1 hash=5123774bb558aefa
2026/09/30 21:20:38 combat turn=17 tick=2: 30 u13 (player 0, stamina 3) hits 56 u13 (player 1) for 3.41
2026/09/30 21:20:38 combat turn=17 tick=2: 59 u13 (player 1, stamina 3) hits 30 u13 (player 0) for 3.41
2026/09/30 21:20:38 combat turn=17 tick=2: 56 u13 (player 1, stamina 3) hits 30 u13 (player 0) for 3.41
2026/09/30 21:20:38 Moving unit 31 Blunt Infantry to zone(-1, 1) in space (3, -1) tick=2
2026/09/30 21:20:38 combat turn=17 tick=2: 58 u13 (player 1, stamina 3) hits 30 u13 (player 0) for 3.41
2026/09/30 21:20:38 combat turn=17 tick=2: 57 u13 (player 1, stamina 3) hits 30 u13 (player 0) for 3.41
2026/09/30 21:20:38 combat turn=17 tick=2: 60 u13 (player 1, stamina 3) hits 30 u13 (player 0) for 3.41
2026/09/30 21:20:38 state_hash turn=17 tick=2 hash=c85e80ddc2ac74f3
2026/09/30 21:20:38 combat turn=17 tick=3: 30 u13 (player 0, stamina 2) hits 56 u13 (player 1) for 2.27
2026/09/30 21:20:38 combat turn=17 tick=3: 58 u13 (player 1, stamina 2) hits 30 u13 (player 0) for 2.27
2026/09/30 21:20:38 combat turn=17 tick=3: 57 u13 (player 1, stamina 2) hits 30 u13 (player 0) for 2.27
2026/09/30 21:20:38 combat turn=17 tick=3: 60 u13 (player 1, stamina 2) hits 30 u13 (player 0) for 2.27
2026/09/30 21:20:38 combat turn=17 tick=3: 59 u13 (player 1, stamina 2) hits 30 u13 (player 0) for 2.27
2026/09/30 21:20:38 combat turn=17 tick=3: 56 u13 (player 1, stamina 2) hits 30 u13 (player 0) for 2.27
2026/09/30 21:20:38 Moving unit 31 Blunt Infantry to zone(0, 0) in space (3, -1) tick=3
2026/09/30 21:20:38 state_hash turn=17 tick=3 hash=65dc8ed2ee8ebd35
2026/09/30 21:20:38 Moving unit 31 Blunt Infantry to zone(0, -1) in space (3, -1) tick=4
2026/09/30 21:20:38 state_hash turn=17 tick=4 hash=04364ce43eae275e
2026/09/30 21:20:38 Moving unit 31 Blunt Infantry to zone(0, 1) in space (3, -2) tick=5
2026/09/30 21:20:38 state_hash turn=17 tick=5 hash=07106e3d480ab0de
2026/09/30 21:20:38 Moving unit 31 Blunt Infantry to zone(0, 0) in space (3, -2) tick=6
2026/09/30 21:20:38 state_hash turn=17 tick=6 hash=8960cbd33286c210
2026/09/30 21:20:38 state_hash turn=17 tick=end hash=d3c8ff8cd5c6f3ae
2026/09/30 21:20:38 ai ai-0: new turn data {"buildings":[],"enemy_buildings":[],"enemy_units":[{"InternalID":56,"UnitID":13,"Type":2,"Kind":1,"Location":{"Space":{"X":2,"Y":-3},"Zone":{"X":-1,"Y":0}},"CurrentStamina":8,"CurrentOrder":null,"Builds":[],"GarrisonedIn":null,"Stance":0,"InterruptCurrent":false,"AttackBack":false,"TargetPriority":"","ActiveOrders":null,"Health":11.41,"MaxHealth":50},{"InternalID":57,"UnitID":13,"Type":2,"Kind":1,"Location":{"Space":{"X":2,"Y":-3},"Zone":{"X":-1,"Y":0}},"CurrentStamina":8,"CurrentOrder":null,"Builds":[],"GarrisonedIn":null,"Stance":0,"InterruptCurrent":false,"AttackBack":false,"TargetPriority":"","ActiveOrders":null,"Health":42.055,"MaxHealth":50},{"InternalID":58,"UnitID":13,"Type":2,"Kind":1,"Location":{"Space":{"X":2,"Y":-3},"Zone":{"X":-1,"Y":0}},"CurrentStamina":8,"CurrentOrder":null,"Builds":[],"GarrisonedIn":null,"Stance":0,"InterruptCurrent":false,"AttackBack":false,"TargetPriority":"","ActiveOrders":null,"Health":42.055,"MaxHealth":50},{"InternalID":59,"UnitID":13,"Type":2,"Kind":1,"Location":{"Space":{"X":2,"Y":-3},"Zone":{"X":-1,"Y":0}},"CurrentStamina":8,"CurrentOrder":null,"Builds":[],"GarrisonedIn":null,"Stance":0,"InterruptCurrent":false,"AttackBack":false,"TargetPriority":"","ActiveOrders":null,"Health":50,"MaxHealth":50},{"InternalID":60,"UnitID":13,"Type":2,"Kind":1,"Location":{"Space":{"X":2,"Y":-3},"Zone":{"X":-1,"Y":0}},"CurrentStamina":8,"CurrentOrder":null,"Builds":[],"GarrisonedIn":null,"Stance":0,"InterruptCurrent":false,"AttackBack":false,"TargetPriority":"","ActiveOrders":null,"Health":50,"MaxHealth":50}],"foundations":[],"population":{"current":1,"limit":0},"resources":{"food":200,"gold":94,"stone":100,"wood":200},"spaces":[{"Space":{"X":0,"Y":-4},"Vision":1,"Owner":-1},{"Space":{"X":1,"Y":-4},"Vision":1,"Owner":-1},{"Space":{"X":2,"Y":-4},"Vision":2,"Owner":-1},{"Space":{"X":3,"Y":-4},"Vision":2,"Owner":-1},{"Space":{"X":4,"Y":-4},"Vision":0,"Owner":-1},{"Space":{"X":-1,"Y":-3},"Vision":1,"Owner":-1},{"Space":{"X":0,"Y":-3},"Vision":1,"Owner":-1},{"Space":{"X":1,"Y":-3},"Vision":3,"Owner":-1},{"Space":{"X":2,"Y":-3},"Vision":3,"Owner":-1},{"Space":{"X":3,"Y":-3},"Vision":2,"Owner":-1},{"Space":{"X":4,"Y":-3},"Vision":0,"Owner":-1},{"Space":{"X":-2,"Y":-2},"Vision":1,"Owner":-1},{"Space":{"X":-1,"Y":-2},"Vision":1,"Owner":-1},{"Space":{"X":0,"Y":-2},"Vision":1,"Owner":-1},{"Space":{"X":1,"Y":-2},"Vision":2,"Owner":-1},{"Space":{"X":2,"Y":-2},"Vision":2,"Owner":-1},{"Space":{"X":3,"Y":-2},"Vision":0,"Owner":-1},{"Space":{"X":4,"Y":-2},"Vision":0,"Owner":-1},{"Space":{"X":-3,"Y":-1},"Vision":1,"Owner":-1},{"Space":{"X":-2,"Y":-1},"Vision":1,"Owner":-1},{"Space":{"X":-1,"Y":-1},"Vision":1,"Owner":-1},{"Space":{"X":0,"Y":-1},"Vision":1,"Owner":-1},{"Space":{"X":1,"Y":-1},"Vision":1,"Owner":-1},{"Space":{"X":2,"Y":-1},"Vision":0,"Owner":-1},{"Space":{"X":3,"Y":-1},"Vision":0,"Owner":-1},{"Space":{"X":4,"Y":-1},"Vision":0,"Owner":-1},{"Space":{"X":-4,"Y":0},"Vision":1,"Owner":-1},{"Space":{"X":-3,"Y":0},"Vision":1,"Owner":-1},{"Space":{"X":-2,"Y":0},"Vision":1,"Owner":1},{"Space":{"X":-1,"Y":0},"Vision":1,"Owner":-1},{"Space":{"X":0,"Y":0},"Vision":1,"Owner":-1},{"Space":{"X":1,"Y":0},"Vision":1,"Owner":-1},{"Space":{"X":2,"Y":0},"Vision":1,"Owner":-1},{"Space":{"X":3,"Y":0},"Vision":0,"Owner":-1},{"Space":{"X":4,"Y":0},"Vision":0,"Owner":-1},{"Space":{"X":-4,"Y":1},"Vision":1,"Owner":-1},{"Space":{"X":-3,"Y":1},"Vision":1,"Owner":-1},{"Space":{"X":-2,"Y":1},"Vision":1,"Owner":-1},{"Space":{"X":-1,"Y":1},"Vision":1,"Owner":-1},{"Space":{"X":0,"Y":1},"Vision":1,"Owner":-1},{"Space":{"X":1,"Y":1},"Vision":1,"Owner":-1},{"Space":{"X":2,"Y":1},"Vision":1,"Owner":-1},{"Space":{"X":3,"Y":1},"Vision":0,"Owner":-1},{"Space":{"X":-4,"Y":2},"Vision":1,"Owner":-1},{"Space":{"X":-3,"Y":2},"Vision":1,"Owner":-1},{"Space":{"X":-2,"Y":2},"Vision":1,"Owner":1},{"Space":{"X":-1,"Y":2},"Vision":1,"Owner":-1},{"Space":{"X":0,"Y":2},"Vision":1,"Owner":-1},{"Space":{"X":1,"Y":2},"Vision":1,"Owner":-1},{"Space":{"X":2,"Y":2},"Vision":1,"Owner":-1},{"Space":{"X":-4,"Y":3},"Vision":1,"Owner":-1},{"Space":{"X":-3,"Y":3},"Vision":1,"Owner":-1},{"Space":{"X":-2,"Y":3},"Vision":1,"Owner":-1},{"Space":{"X":-1,"Y":3},"Vision":1,"Owner":-1},{"Space":{"X":0,"Y":3},"Vision":1,"Owner":-1},{"Space":{"X":1,"Y":3},"Vision":1,"Owner":-1},{"Space":{"X":-4,"Y":4},"Vision":1,"Owner":-1},{"Space":{"X":-3,"Y":4},"Vision":1,"Owner":-1},{"Space":{"X":-2,"Y":4},"Vision":1,"Owner":-1},{"Space":{"X":-1,"Y":4},"Vision":1,"Owner":-1},{"Space":{"X":0,"Y":4},"Vision":1,"Owner":-1}],"units":[{"InternalID":30,"UnitID":13,"Type":2,"Kind":1,"Location":{"Space":{"X":2,"Y":-3},"Zone":{"X":-1,"Y":0}},"CurrentStamina":8,"CurrentOrder":{"Kind":6,"TargetZone":null,"TargetSpace":null,"TargetResource":null,"TargetUnit":{"InternalID":56,"UnitID":13,"Type":2,"Kind":1,"Location":{"Space":{"X":2,"Y":-3},"Zone":{"X":-1,"Y":0}},"CurrentStamina":8,"CurrentOrder":null,"Builds":[],"GarrisonedIn":null,"Stance":0,"InterruptCurrent":false,"AttackBack":false,"TargetPriority":"","ActiveOrders":null,"Health":11.41,"MaxHealth":50},"TargetBuilding":null},"Builds":[],"GarrisonedIn":null,"Stance":3,"InterruptCurrent":false,"AttackBack":true,"TargetPriority":"","ActiveOrders":[{"ID":729,"Kind":6},{"ID":730,"Kind":6},{"ID":731,"Kind":6},{"ID":732,"Kind":6},{"ID":733,"Kind":6}],"Health":21.625,"MaxHealth":50}]}
2026/09/30 21:20:38 ai ai-1: new turn data {"buildings":[],"enemy_buildings":[],"enemy_units":[{"InternalID":30,"UnitID":13,"Type":2,"Kind":1,"Location":{"Space":{"X":2,"Y":-3},"Zone":{"X":-1,"Y":0}},"CurrentStamina":8,"CurrentOrder":null,"Builds":[],"GarrisonedIn":null,"Stance":0,"InterruptCurrent":false,"AttackBack":false,"TargetPriority":"","ActiveOrders":null,"Health":21.625,"MaxHealth":50}],"foundations":[],"population":{"current":6,"limit":0},"resources":{"food":200,"gold":48,"stone":100,"wood":200},"spaces":[{"Space":{"X":0,"Y":-4},"Vision":1,"Owner":-1},{"Space":{"X":1,"Y":-4},"Vision":1,"Owner":-1},{"Space":{"X":2,"Y":-4},"Vision":2,"Owner":-1},{"Space":{"X":3,"Y":-4},"Vision":2,"Owner":-1},{"Space":{"X":4,"Y":-4},"Vision":0,"Owner":-1},{"Space":{"X":-1,"Y":-3},"Vision":1,"Owner":0},{"Space":{"X":0,"Y":-3},"Vision":1,"Owner":-1},{"Space":{"X":1,"Y":-3},"Vision":3,"Owner":-1},{"Space":{"X":2,"Y":-3},"Vision":3,"Owner":-1},{"Space":{"X":3,"Y":-3},"Vision":2,"Owner":-1},{"Space":{"X":4,"Y":-3},"Vision":2,"Owner":-1},{"Space":{"X":-2,"Y":-2},"Vision":1,"Owner":-1},{"Space":{"X":-1,"Y":-2},"Vision":1,"Owner":0},{"Space":{"X":0,"Y":-2},"Vision":1,"Owner":-1},{"Space":{"X":1,"Y":-2},"Vision":2,"Owner":-1},{"Space":{"X":2,"Y":-2},"Vision":2,"Owner":-1},{"Space":{"X":3,"Y":-2},"Vision":3,"Owner":1},{"Space":{"X":4,"Y":-2},"Vision":2,"Owner":-1},{"Space":{"X":-3,"Y":-1},"Vision":1,"Owner":-1},{"Space":{"X":-2,"Y":-1},"Vision":1,"Owner":-1},{"Space":{"X":-1,"Y":-1},"Vision":1,"Owner":-1},{"Space":{"X":0,"Y":-1},"Vision":1,"Owner":-1},{"Space":{"X":1,"Y":-1},"Vision":1,"Owner":-1},{"Space":{"X":2,"Y":-1},"Vision":2,"Owner":-1},{"Space":{"X":3,"Y":-1},"Vision":2,"Owner":-1},{"Space":{"X":4,"Y":-1},"Vision":1,"Owner":-1},{"Space":{"X":-4,"Y":0},"Vision":1,"Owner":-1},{"Space":{"X":-3,"Y":0},"Vision":1,"Owner":-1},{"Space":{"X":-2,"Y":0},"Vision":1,"Owner":-1},{"Space":{"X":-1,"Y":0},"Vision":1,"Owner":-1},{"Space":{"X":0,"Y":0},"Vision":1,"Owner":-1},{"Space":{"X":1,"Y":0},"Vision":1,"Owner":-1},{"Space":{"X":2,"Y":0},"Vision":1,"Owner":-1},{"Space":{"X":3,"Y":0},"Vision":1,"Owner":-1},{"Space":{"X":4,"Y":0},"Vision":0,"Owner":-1},{"Space":{"X":-4,"Y":1},"Vision":1,"Owner":-1},{"Space":{"X":-3,"Y":1},"Vision":1,"Owner":-1},{"Space":{"X":-2,"Y":1},"Vision":1,"Owner":-1},{"Space":{"X":-1,"Y":1},"Vision":1,"Owner":-1},{"Space":{"X":0,"Y":1},"Vision":1,"Owner":-1},{"Space":{"X":1,"Y":1},"Vision":1,"Owner":-1},{"Space":{"X":2,"Y":1},"Vision":1,"Owner":-1},{"Space":{"X":3,"Y":1},"Vision":1,"Owner":-1},{"Space":{"X":-4,"Y":2},"Vision":1,"Owner":-1},{"Space":{"X":-3,"Y":2},"Vision":1,"Owner":-1},{"Space":{"X":-2,"Y":2},"Vision":1,"Owner":-1},{"Space":{"X":-1,"Y":2},"Vision":1,"Owner":-1},{"Space":{"X":0,"Y":2},"Vision":1,"Owner":-1},{"Space":{"X":1,"Y":2},"Vision":1,"Owner":-1},{"Space":{"X":2,"Y":2},"Vision":1,"Owner":-1},{"Space":{"X":-4,"Y":3},"Vision":1,"Owner":-1},{"Space":{"X":-3,"Y":3},"Vision":1,"Owner":-1},{"Space":{"X":-2,"Y":3},"Vision":1,"Owner":-1},{"Space":{"X":-1,"Y":3},"Vision":1,"Owner":-1},{"Space":{"X":0,"Y":3},"Vision":1,"Owner":-1},{"Space":{"X":1,"Y":3},"Vision":1,"Owner":-1},{"Space":{"X":-4,"Y":4},"Vision":1,"Owner":-1},{"Space":{"X":-3,"Y":4},"Vision":1,"Owner":-1},{"Space":{"X":-2,"Y":4},"Vision":1,"Owner":-1},{"Space":{"X":-1,"Y":4},"Vision":1,"Owner":-1},{"Space":{"X":0,"Y":4},"Vision":1,"Owner":-1}],"units":[{"InternalID":31,"UnitID":11,"Type":2,"Kind":1,"Location":{"Space":{"X":3,"Y":-2},"Zone":{"X":0,"Y":0}},"CurrentStamina":15,"CurrentOrder":null,"Builds":[],"GarrisonedIn":null,"Stance":3,"InterruptCurrent":false,"AttackBack":true,"TargetPriority":"","ActiveOrders":null,"Health":11,"MaxHealth":11},{"InternalID":56,"UnitID":13,"Type":2,"Kind":1,"Location":{"Space":{"X":2,"Y":-3},"Zone":{"X":-1,"Y":0}},"CurrentStamina":8,"CurrentOrder":{"Kind":4,"TargetZone":null,"TargetSpace":{"X":2,"Y":-3},"TargetResource":null,"TargetUnit":null,"TargetBuilding":null},"Builds":[],"GarrisonedIn":null,"Stance":3,"InterruptCurrent":false,"AttackBack":true,"TargetPriority":"","ActiveOrders":[{"ID":261,"Kind":4}],"Health":11.41,"MaxHealth":50},{"InternalID":57,"UnitID":13,"Type":2,"Kind":1,"Location":{"Space":{"X":2,"Y":-3},"Zone":{"X":-1,"Y":0}},"CurrentStamina":8,"CurrentOrder":{"Kind":4,"TargetZone":null,"TargetSpace":{"X":2,"Y":-3},"TargetResource":null,"TargetUnit":null,"TargetBuilding":null},"Builds":[],"GarrisonedIn":null,"Stance":3,"InterruptCurrent":false,"AttackBack":true,"TargetPriority":"","ActiveOrders":[{"ID":249,"Kind":4}],"Health":42.055,"MaxHealth":50},{"InternalID":58,"UnitID":13,"Type":2,"Kind":1,"Location":{"Space":{"X":2,"Y":-3},"Zone":{"X":-1,"Y":0}},"CurrentStamina":8,"CurrentOrder":{"Kind":4,"TargetZone":null,"TargetSpace":{"X":2,"Y":-3},"TargetResource":null,"TargetUnit":null,"TargetBuilding":null},"Builds":[],"GarrisonedIn":null,"Stance":3,"InterruptCurrent":false,"AttackBack":true,"TargetPriority":"","ActiveOrders":[{"ID":277,"Kind":4}],"Health":42.055,"MaxHealth":50},{"InternalID":59,"UnitID":13,"Type":2,"Kind":1,"Location":{"Space":{"X":2,"Y":-3},"Zone":{"X":-1,"Y":0}},"CurrentStamina":8,"CurrentOrder":{"Kind":4,"TargetZone":null,"TargetSpace":{"X":2,"Y":-3},"TargetResource":null,"TargetUnit":null,"TargetBuilding":null},"Builds":[],"GarrisonedIn":null,"Stance":3,"InterruptCurrent":false,"AttackBack":true,"TargetPriority":"","ActiveOrders":[{"ID":260,"Kind":4}],"Health":50,"MaxHealth":50},{"InternalID":60,"UnitID":13,"Type":2,"Kind":1,"Location":{"Space":{"X":2,"Y":-3},"Zone":{"X":-1,"Y":0}},"CurrentStamina":8,"CurrentOrder":{"Kind":4,"TargetZone":null,"TargetSpace":{"X":2,"Y":-3},"TargetResource":null,"TargetUnit":null,"TargetBuilding":null},"Builds":[],"GarrisonedIn":null,"Stance":3,"InterruptCurrent":false,"AttackBack":true,"TargetPriority":"","ActiveOrders":[{"ID":256,"Kind":4}],"Health":50,"MaxHealth":50}]}
2026/09/30 21:20:38 ai ai-0: submitting orders [{Subjects:[30] OrderType:9 TargetID:56 ClearPreviousOrders:true} {Subjects:[30] OrderType:9 TargetID:56 ClearPreviousOrders:true} {Subjects:[30] OrderType:9 TargetID:57 ClearPreviousOrders:false} {Subjects:[30] OrderType:9 TargetID:58 ClearPreviousOrders:false} {Subjects:[30] OrderType:9 TargetID:59 ClearPreviousOrders:false} {Subjects:[30] OrderType:9 TargetID:60 ClearPreviousOrders:false}]
2026/09/30 21:20:38 ai ai-0: vars {"B":0,"Hv":1,"Pi":0,"aPowLocal":0,"aThreat":0,"a_engaged":0,"a_odds":1.3,"a_outnumbered":0,"army_target":50,"army_value":180,"assault":0,"bank_rate":28,"bar_barracks":0.17072129748186085,"bar_redoubt":1.1111111111111112,"barracks":0,"barracks_B":0,"barracks_P":0,"barracks_save":0,"barracks_spend":78.1,"barracks_want":0,"buffer_food":70,"buffer_gold":0,"buffer_stone":0,"buffer_wood":70,"builders":0,"committed":0,"eB":11.699999999999992,"eGrowth":0,"eH":5.1000000000000005,"eMil":22.099999999999994,"eP":5.300000000000002,"ePow":42.7,"ePowEst":44.04022429123876,"ePowSeen":44.04022429123876,"eTech":1,"eV":0,"es":23.099999999999994,"farm_want":0,"farm_wood_short":0,"farming":0,"fire_barracks":0,"fire_farm0":0,"fire_farm1":0,"fire_farm2":0,"fire_house":0,"fire_outpost":0,"fire_redoubt":0,"fire_smith":0,"fire_vc":0,"food_need":0,"food_over":0,"food_rate":0,"food_slots":1000,"food_workers":0,"free_room":49,"go":0,"gold_income":0,"gold_need":0,"gold_rate":0,"gold_surplus":94,"guaranteed":0,"guard_home":0,"headroom":-1,"hire_B":5061.538461538462,"hire_P":7953.846153846153,"homePow":0,"house_builders":0,"house_urgency":0,"house_want":0,"income_proj":0,"left":0,"lf_food":0,"lf_gold":0,"lf_stone":0,"lf_wood":0,"lump_food":0,"lump_gold":0,"lump_stone":0,"lump_wood":0,"maturity":0,"mil":1,"myTech":1,"n_barracks":0,"n_redoubts":0,"needB":36.867147820189096,"needP":12.132852179810904,"outpost_want":0,"pikes":0,"planned_food":0,"planned_gold":0,"planned_stone":0,"planned_wood":0,"prod_rate":0,"proj_army":180,"raid_danger":0,"raid_fails":1,"raid_lost":0,"raid_pause":10,"raid_prev":0,"raid_size":0,"raid_wiped":0,"rate":6,"redoubt_H":0,"redoubt_gold_ok":0.41777777777777775,"redoubt_save":0,"redoubt_spend":30,"redoubt_want":0,"redoubts":0,"rf_food":0,"rf_gold":0,"rf_stone":0,"rf_wood":0,"sB4":1.2924380274269869,"sP4":0.42533693180764187,"scale_l":0,"scale_r":0,"shareH":0.5091669988043045,"smith_want":0,"smiths":0,"spare":0,"spare_food":0.5,"stone_need":0,"stone_rate":0,"tH":50,"target_spend":400,"tech_food":50,"tech_gold":0,"tech_stone":0,"tech_wood":50,"threat_home":0,"turns_left":-10,"u_barracks":0.1759708583031943,"u_redoubt":0.47522253221735083,"unit_spend":120,"vB":1.0662337662337662,"vH":1.106060606060606,"vP":0.8075757575757577,"vc_want":0,"vcs":0,"vil_goal":50,"vil_rate":0,"vil_stamina":8,"vil_want":0,"vil_want_last":0,"vil_worth_now":0.6,"vils":0,"w_food":0,"w_gold":0,"w_stone":0,"w_wood":0,"wild_workers":0,"wood_need":0,"wood_rate":0,"workers":0}
2026/09/30 21:20:38 player action: set-unit-behavior 0 1 map[internal_ids:[30] interrupt_current:true]
2026/09/30 21:20:38 player action: submit-orders 0 1 map[orders:[{0 [30] 9 56 true} {0 [30] 9 56 true} {0 [30] 9 57 false} {0 [30] 9 58 false} {0 [30] 9 59 false} {0 [30] 9 60 false}]]
2026/09/30 21:20:38 Executing submit orders for: 0 [{0 [30] 9 56 true} {0 [30] 9 56 true} {0 [30] 9 57 false} {0 [30] 9 58 false} {0 [30] 9 59 false} {0 [30] 9 60 false}]
2026/09/30 21:20:38 ai ai-1: submitting orders [{Subjects:[31] OrderType:2 TargetID:32385 ClearPreviousOrders:true}]
2026/09/30 21:20:38 ai ai-1: vars {}
2026/09/30 21:20:38 player action: submit-orders 0 2 map[orders:[{1 [31] 2 32385 true}]]
2026/09/30 21:20:38 Executing submit orders for: 1 [{1 [31] 2 32385 true}]
2026/09/30 21:20:38 Resolving active orders
2026/09/30 21:20:38 combat turn=18 tick=1: 30 u13 (player 0, stamina 3) hits 56 u13 (player 1) for 3.41
2026/09/30 21:20:38 combat turn=18 tick=1: 60 u13 (player 1, stamina 3) hits 30 u13 (player 0) for 3.41
2026/09/30 21:20:38 combat turn=18 tick=1: 59 u13 (player 1, stamina 3) hits 30 u13 (player 0) for 3.41
2026/09/30 21:20:38 combat turn=18 tick=1: 56 u13 (player 1, stamina 3) hits 30 u13 (player 0) for 3.41
2026/09/30 21:20:38 Moving unit 31 Blunt Infantry to zone(0, -1) in space (3, -2) tick=1
2026/09/30 21:20:38 combat turn=18 tick=1: 58 u13 (player 1, stamina 3) hits 30 u13 (player 0) for 3.41
2026/09/30 21:20:38 combat turn=18 tick=1: 57 u13 (player 1, stamina 3) hits 30 u13 (player 0) for 3.41
2026/09/30 21:20:38 state_hash turn=18 tick=1 hash=83b9c66ac20e2db8
2026/09/30 21:20:38 combat turn=18 tick=2: 30 u13 (player 0, stamina 3) hits 56 u13 (player 1) for 3.41
2026/09/30 21:20:38 combat turn=18 tick=2: 60 u13 (player 1, stamina 3) hits 30 u13 (player 0) for 3.41
2026/09/30 21:20:38 combat turn=18 tick=2: 59 u13 (player 1, stamina 3) hits 30 u13 (player 0) for 3.41
2026/09/30 21:20:38 combat turn=18 tick=2: 56 u13 (player 1, stamina 3) hits 30 u13 (player 0) for 3.41
2026/09/30 21:20:38 Moving unit 31 Blunt Infantry to zone(0, 1) in space (3, -3) tick=2
2026/09/30 21:20:38 combat turn=18 tick=2: 58 u13 (player 1, stamina 3) hits 30 u13 (player 0) for 3.41
2026/09/30 21:20:38 combat turn=18 tick=2: 57 u13 (player 1, stamina 3) hits 30 u13 (player 0) for 3.41
2026/09/30 21:20:38 state_hash turn=18 tick=2 hash=25137da9dc48f308
2026/09/30 21:20:38 Moving unit 31 Blunt Infantry to zone(0, 0) in space (3, -3) tick=3
2026/09/30 21:20:38 state_hash turn=18 tick=3 hash=f82e677335ee62b5
2026/09/30 21:20:38 Moving unit 31 Blunt Infantry to zone(1, -1) in space (3, -3) tick=4
2026/09/30 21:20:38 state_hash turn=18 tick=4 hash=52ec0a0af02e6857
2026/09/30 21:20:38 state_hash turn=18 tick=end hash=ff6d0eba2896bb6b
